338772481,198.9982808,-66.82692807,0.49419299,,15.9551,14.7824
340022360,200.7616648,-67.42073165,0.453686,,17.0716,15.8339
340022990,200.8246824,-67.32242774,0.48635501,,14.4087,13.47
339744569,200.4433714,-67.80140138,0.482043,,16.4485,15.3124
1012185252,207.496696,-67.82119242,0.642658,,13.8164,12.8916
1014224077,206.3873556,-66.58791884,0.28748199,,17.253201,16.080099
1012323981,206.8808503,-67.94506739,0.0245272,,18.164101,17.029301
1012507131,206.9274532,-67.61487708,0.730102,,14.6794,13.7694
1014180377,206.8363711,-66.80465345,0.424941,,16.758499,15.6504
333881218,192.727493,-66.0131647,0.49600899,,17.678699,16.5047
333881257,192.8342927,-66.01729083,0.268747,,17.6726,16.479601
334821328,193.9483404,-66.33673462,0.17028899,,18.121799,16.6262
336064840,195.3743372,-67.42672759,0.140507,,18.3025,17.038799
338786210,199.3203005,-66.65438869,0.142736,,18.164301,16.8235
338786562,199.4476961,-66.69895654,0.27236199,,18.809401,17.481701
1012711399,207.3603378,-66.83911332,0.019209299,,18.1064,16.828199
1014234384,207.2671981,-66.66669491,0.049776401,,17.5606,16.241899
1012629860,207.4453035,-67.10199214,0.13295799,,18.721201,17.4827
1012184147,207.525948,-67.82223275,0.22049101,,18.119101,17.061001
1012185941,207.5248649,-67.75820687,0.11593,,18.166901,17.0709
1012186321,207.7977385,-67.89206114,0.404331,,16.2999,15.3312
340527590,201.6376838,-67.63856598,0.25193,,18.0779,16.8461
340527638,201.7928289,-67.64785617,0.089754298,,18.7997,17.6217
335728133,195.1263345,-66.02528359,0.36550301,,17.4704,16.318701
338786337,199.2641244,-66.67146782,0.30658099,,18.4891,17.222099
340145281,201.0569694,-66.85596977,0.247566,,18.0882,16.780199
336065195,195.4907434,-67.37632583,0.255588,,16.629601,15.5344
338785994,199.1654995,-66.62845506,0.232208,,16.509399,15.3217
335731398,195.0863604,-66.42461235,0.70291698,,16.856199,15.4973
338786620,199.4204455,-66.70655225,0.153486,,17.242701,16.0012
334821230,193.950475,-66.32614652,0.18860801,,18.4613,16.867001
336607724,195.9966775,-66.13384481,0.35079601,,16.329599,15.3155
336610715,196.4663829,-66.06349697,0.553738,,15.8613,14.8568
333881621,192.8514841,-66.06163304,0.51878202,,16.7766,15.697
1012719683,207.9546273,-66.76925004,0.064114101,,18.580799,17.3519
1014310764,207.5748991,-66.18142747,0.36135101,,17.5205,16.2181
1012561199,208.3722826,-67.22205243,0.15412,,18.225599,17.0741
1012723621,208.0074881,-66.65010554,0.256899,,17.749901,16.49
1012724184,208.1969256,-66.6845221,0.27452999,,17.546101,16.2826
1013402198,208.4631099,-66.49509541,0.227374,,18.9133,17.6138
1015195190,208.4197801,-66.20248364,0.42566299,,15.9359,14.7906
1015251820,208.4395273,-66.0465652,-0.095535502,,17.946501,16.6558
1015251912,208.408705,-66.03593514,0.37569901,,18.368999,17.187
1013423675,208.94065,-66.26875101,0.276999,,17.2701,16.0725
1012121600,208.8406129,-67.9556197,0.083687797,,18.994301,17.8512
1012121626,208.8388387,-67.95557275,0.201667,,18.6297,17.471001
1013362388,208.5427159,-66.7541878,0.289974,,17.2924,16.1168
1012222866,208.8463151,-67.54049962,0.276007,,18.211901,17.075001
337508772,197.3949966,-66.87776805,0.39158601,,17.546301,16.315201
340452082,201.6104053,-66.96803373,0.38016301,,18.114799,16.727699
333881391,192.6113981,-66.03161038,0.0989535,,17.1106,15.7594
1012223740,209.003052,-67.48970292,0.468225,,16.135,15.0801
1013373394,208.7221649,-66.61988988,0.073735401,,18.9415,17.6528
1013373413,208.7223419,-66.61926318,-0.20766801,,19.4561,18.259399
1013373454,208.7118572,-66.60937618,0.28029099,,17.777599,16.5641
1013234598,209.1960192,-66.98783323,0.30312699,,18.5263,17.357599
1013234733,209.1449932,-66.98390004,0.20400999,,16.849501,15.9968
1012767808,209.7812211,-67.60728773,0.180032,,17.380199,16.2202
1013242036,209.6093342,-66.86377279,0.154789,,18.5644,17.256399
340446464,201.5497784,-66.22343912,0.26554799,,17.1716,15.896
340449267,201.6875111,-66.57549555,0.321879,,18.853701,17.402
336610251,196.3630809,-66.01316424,0.403575,,17.9543,16.6359
336173037,195.4245107,-66.4120717,0.210196,,17.1577,15.7439
335734520,195.2642698,-66.86221851,0.24141701,,18.127899,16.6145
1013301940,210.2469808,-66.54817677,0.264135,,17.6593,16.339701
1013302225,210.2170083,-66.54295543,-0.12830301,,19.721201,18.256901
1013302497,210.2177077,-66.52136701,0.55856901,,16.6318,15.515
1012916707,210.6254111,-67.00881659,0.223463,,17.853001,16.576401
1012919316,210.5190584,-67.00183023,0.19056299,,17.626101,16.329901
1012922743,210.7299719,-66.92306784,-0.119818,,18.864,17.5378
337609101,197.6627663,-67.37342785,0.18612801,,18.815701,17.225401
339223700,199.7787273,-66.12680193,0.0351936,,18.101,16.9254
339217489,199.6855802,-66.41297301,0.44583699,,17.6416,16.291599
340527200,201.6705082,-67.57045055,0.30929199,,18.1523,16.8109
339217392,199.5748722,-66.42456836,0.43663001,,17.471001,16.216499
334821105,194.0630666,-66.31076874,0.45080101,,17.002701,15.8
340039350,201.0379631,-66.6934826,0.33524901,,17.173,15.7624
340443272,201.255872,-66.00438964,0.58523899,,15.5615,14.6149
340451581,201.7620032,-66.89863554,0.406519,,15.8171,14.7758
334820716,193.814329,-66.26597249,0.50488299,,16.398199,15.3745
1012937428,211.1555541,-66.76717892,-0.212633,,19.629299,18.252001
1013541953,211.1124518,-66.19132087,0.143609,,17.445999,16.1973
1013542962,211.1272089,-66.16742634,0.43896699,,16.779699,15.7188
1013543030,211.1275957,-66.16682468,0.27640399,,16.634701,15.4757
1013555955,211.2786506,-66.14288065,0.41008899,,16.2861,15.2044
1013556012,211.279697,-66.14257775,0.48428899,,16.148001,15.0439
1013556591,211.2846626,-66.11181435,0.254163,,16.3433,15.3485
1013556914,211.3557382,-66.09289564,0.174229,,17.5947,16.4347
335728010,195.0542034,-66.01093191,0.79408902,,15.7323,14.631
335731381,195.1379018,-66.42253112,0.64725602,,14.9949,13.9375
1013557638,211.4209005,-66.07224872,0.122039,,18.132799,16.818701
1013140318,211.5491263,-66.33169395,0.31061599,,18.361401,17.066601
1013107567,212.0507477,-66.42023104,-0.30495101,,18.845301,17.789301
1012185912,207.5236303,-67.75875165,0.115724,,18.5564,17.3533
1013443300,209.4620595,-66.35244299,0.33077401,,17.077,15.79
1013304326,210.2451765,-66.47966924,0.25797001,,18.083599,16.6026
1013305676,210.4605318,-66.57987748,0.57352102,,18.633801,17.3179
1012507178,206.9698883,-67.60517835,0.179543,,18.1553,16.9098
1012531296,207.2894814,-67.30561426,0.21501499,,18.149401,16.9431
336608195,196.1473164,-66.08459109,0.373009,,16.3228,15.1812
333881420,192.7238382,-66.03509129,0.882034,,14.0561,13.2657
337508415,197.3992772,-66.83502357,0.335913,,17.6621,16.428801
338785918,199.214114,-66.61977397,0.22593699,,16.8162,15.8798
338786374,199.2008635,-66.67507997,0.241805,,17.0189,15.8445
340448495,201.7084618,-66.48051966,0.28748,,15.5146,14.2254
340452436,201.7369501,-67.01544941,0.260299,,16.459,15.4286
338777280,198.8807329,-66.23882983,0.257983,,17.2488,15.878
335730724,195.2539801,-66.33249204,-0.0155986,,19.131599,17.0361
335730791,195.1438752,-66.34155129,0.43212399,,17.759399,16.5455
340444785,201.796706,-66.03726306,0.227396,,18.612,17.0154
340861047,202.1960914,-66.46312484,0.146018,,18.573299,17.162701
1012720274,207.8688367,-66.74564433,0.112971,,18.4487,17.125799
1012561223,208.3735313,-67.22239165,0.377554,,17.5336,16.382299
338775998,198.9407253,-66.38749746,0.400646,,17.718201,16.3967
338776276,199.0871953,-66.35644817,0.45410001,,17.9538,16.666
338776906,198.9137106,-66.28295837,0.206515,,18.0991,16.733801
340438579,201.5360647,-66.57922298,0.15540799,,18.5928,17.282301
340863944,202.4119774,-66.84957773,0.398274,,18.0779,16.7649
1012186322,207.7964809,-67.89156863,0.41769499,,16.8202,15.6927
1013339806,209.9837491,-66.31319974,0.42060199,,17.8701,16.557899
1012507716,206.9308925,-67.57102914,0.23590299,,18.4286,17.1828
1012184645,207.4218692,-67.83334454,0.355506,,17.9657,16.780001
1012531294,207.2884023,-67.30618104,0.44875801,,18.280701,17.130301
1013107828,212.1978131,-66.40302877,0.31430399,,18.253201,16.870899
1012497873,207.5098486,-67.56737147,0.266323,,18.0135,16.775999
338775978,199.1513787,-66.39030332,0.31161299,,16.0091,14.7203
338776942,198.924669,-66.2798928,0.49333599,,16.7115,15.5308
338777258,198.9607461,-66.24050253,0.381659,,16.917999,15.8057
340865550,202.1710321,-67.07695869,0.25715399,,16.979799,15.7754
338777570,198.8841333,-66.20468053,0.119442,,17.517799,16.336201
340441686,201.4623906,-66.19133797,0.19031601,,17.489201,16.122999
338776141,199.0888896,-66.37268531,0.17430501,,16.9659,15.7831
338776703,198.9178414,-66.30742094,0.31426999,,16.75,15.641
338777427,199.132039,-66.22238535,0.49804801,,17.0203,15.8892
335730804,194.9834936,-66.34367041,0.737216,,17.040701,15.7671
338777286,199.1506345,-66.23812827,0.33392999,,17.3608,16.079201
909051288,176.8053614,-66.09847256,0.68693697,,19.088499,17.683599
338776489,198.9015257,-66.33164416,0.23998401,,18.4671,17.190001
335730733,194.9860453,-66.33381453,0.494169,,17.5707,16.1577
339223047,199.8436581,-66.0590804,0.59406602,,17.790501,16.526199
338776128,198.9405034,-66.37399572,0.075738899,,17.5959,16.421101
338776284,199.124769,-66.35605671,0.2933,,17.111799,15.7648
340864413,202.1643543,-66.91371199,0.28879899,,17.6422,16.3929
335730894,195.0058161,-66.35900868,0.99741399,,16.096201,14.9011
338777908,199.0321728,-66.1668048,0.47276101,,16.244101,15.0516
338776340,198.9848662,-66.35025186,0.59612501,,15.5179,14.5314
338776886,198.8750514,-66.2854951,0.74058801,,16.401699,15.2155
340861127,202.2767817,-66.47348951,0.36212301,,16.2834,15.2399
335290842,194.4484933,-67.28792314,0.122041,,19.121401,17.910999
339641596,200.2634847,-67.10074919,0.33824801,,17.6206,16.3403
339641681,200.2132674,-67.08802006,0.062494501,,19.014601,17.442499
339641704,200.3202072,-67.08514823,0.240376,,18.7045,17.243
335722468,194.6921069,-66.51523403,0.0060676299,,18.333,16.5581
335722546,194.7762019,-66.50632518,0.45376101,,18.6313,17.273899
335729003,194.9910685,-66.12328577,0.102545,,17.8002,16.503401
337487326,197.2232868,-66.32412831,0.30514199,,17.9431,16.6535
339219839,199.4696456,-66.14403632,0.13699999,,18.636101,17.225
339640610,200.2033024,-67.25682958,0.30076799,,17.695999,16.3204
341282421,202.7702026,-66.52825177,0.38864899,,17.831699,16.5707
335729085,195.116514,-66.1327361,0.42936599,,18.153601,16.7535
339641965,200.1504804,-67.0462261,0.38339499,,19.2509,17.7383
339904593,200.7998313,-67.82911518,0.12864301,,19.066999,17.763901
339905835,200.8846011,-67.61536415,0.27167001,,18.0679,16.7789
341281797,203.0086273,-66.45266216,0.389828,,18.2367,16.866199
341281805,202.9022877,-66.45405082,0.48101401,,18.616899,17.2125
336613929,196.389593,-66.43607615,0.488478,,17.895201,16.4569
336950518,196.5752235,-67.34040621,0.37492299,,18.807699,17.524401
337487561,197.3748866,-66.30891272,0.35649699,,18.896601,17.467699
339219980,199.550331,-66.12869466,0.416132,,18.325899,16.983999
909590808,170.8772001,-66.67043627,0.46457499,,16.1257,15.0358
909590809,170.8788677,-66.67073495,0.47794399,,15.7394,14.6796
909590819,170.8814209,-66.67030158,0.161001,,19.1248,17.759701
909743647,170.9894239,-66.05843694,0.178284,,19.2124,17.775999
907470199,171.536806,-67.78815861,0.26121601,,17.538601,16.412399
907470215,171.5362697,-67.78870527,0.46302101,,17.247999,16.0207
909555191,171.9556531,-66.06500873,0.23913801,,17.891701,16.6611
909307568,172.0810037,-67.04917039,-0.156334,,17.452299,16.2432
909344247,172.652187,-66.85034016,0.26323801,,17.6457,16.559999
909270113,173.3197858,-67.15748105,0.251331,,18.4659,17.2421
340439270,201.3540925,-66.490807,0.254316,,18.3223,16.930201
340333875,201.4637004,-67.40234894,0.28209001,,18.438801,17.1171
340852899,202.077618,-66.39337118,0.21029501,,18.099899,16.7694
340859461,202.2871997,-66.26851652,0.143923,,16.607201,15.361
909270118,173.3230199,-67.15086542,0.88092399,,14.2516,13.4243
909270140,173.3215984,-67.15112089,0.90555203,,14.2496,13.3142
909456031,173.3508885,-66.40093141,0.19565,,17.5177,16.187599
909876609,173.8124755,-66.22888538,0.38882101,,17.6064,16.3999
909876663,173.7733405,-66.21423823,0.096779101,,16.8375,15.8816
909876680,173.7748121,-66.21345137,0.278786,,18.780199,17.486
908234038,174.6374207,-67.36382506,0.36789799,,16.268101,15.2206
908974785,174.7588662,-66.35806315,0.28175801,,17.867399,16.566601
908975235,174.6226453,-66.49647583,0.31045201,,18.393801,17.054501
908975476,174.5879399,-66.47196848,0.27766499,,18.068199,16.7801
908971950,175.0216372,-66.50176916,0.39419901,,18.2994,17.0098
908148964,175.6316187,-67.81086032,0.19550399,,17.1376,16.121
908149101,175.704534,-67.79285024,0.330493,,17.115999,16.0082
908149102,175.7059606,-67.79317027,0.280509,,16.8703,15.8189
908153775,175.9315494,-67.7525338,0.134534,,17.745399,16.6112
908367618,175.566143,-67.13537005,0.34674001,,18.0291,16.754
908367756,175.549627,-67.14058066,-0.0700408,,18.6633,17.439501
908367762,175.5495619,-67.14133963,0.194896,,19.0982,17.761299
908367850,175.5646687,-67.13537264,0.44384599,,17.294001,16.048401
908368162,175.5763586,-67.11299005,0.41523001,,16.637699,15.3405
908370357,175.5848402,-67.05354012,0.19925299,,18.006599,16.775801
908956974,175.7163657,-66.60661128,0.0080468804,,19.4723,18.0483
908932030,176.0080072,-66.32542281,0.50407702,,17.830999,16.4242
908934513,176.4374371,-66.34595332,0.348452,,19.177,17.666599
908934519,176.438915,-66.34570536,-0.0304692,,18.868601,17.2423
908138809,176.3324867,-67.84705385,0.35801399,,14.322,13.3049
909051352,176.7835846,-66.13387679,0.18546499,,18.0541,16.6756
909051975,176.7987062,-66.07864147,0.62588799,,17.366899,16.089701
908254707,176.9422733,-67.57923588,0.29943299,,18.056601,16.883101
908553916,177.7926048,-67.09439413,0.62419897,,15.9773,14.8476
908553917,177.8244699,-67.09810184,0.149454,,17.6385,16.409599
908779584,177.6210356,-66.30614919,0.81142497,,15.933,14.7696
908780245,177.865275,-66.29918008,0.41286901,,17.813999,16.5145
908752507,178.4618665,-66.44670192,0.45370299,,16.488701,15.2131
908752849,178.4460595,-66.42277991,0.261675,,16.264099,14.993
908804094,178.0361249,-66.13967121,0.27410099,,17.3421,16.0324
908804205,178.055502,-66.11878354,0.17524201,,18.2812,16.8235
908714682,178.8990016,-66.38788686,0.300037,,18.570601,17.2365
908714747,178.8932256,-66.38419992,-0.205429,,17.9638,16.6903
908728047,178.7606735,-66.26854389,0.148863,,17.4552,15.9375
908728088,178.7619748,-66.26910661,0.397995,,16.130301,15.1294
908478819,179.3218577,-67.28448081,0.31546101,,17.878,16.658199
908479065,179.3490356,-67.25768815,0.287945,,16.9098,15.6719
908491465,179.3528475,-67.07546951,-0.344322,,18.4575,17.239401
341287967,202.930046,-67.35099787,0.84027898,,14.6916,13.5269
335722763,194.9786399,-66.47694432,0.50297701,,16.441099,15.263
337506432,197.5237382,-66.66307973,0.43648601,,16.777,15.5795
339641202,200.1616236,-67.16251018,0.51106399,,17.434999,16.1378
336950685,196.7671958,-67.31793196,0.082468301,,17.860901,16.469299
337486869,197.1469994,-66.36713871,0.29405099,,17.2087,15.8053
339211700,199.5905737,-67.14368491,0.54922098,,17.1126,15.766
336068075,195.4610195,-66.95347814,0.27105901,,17.724001,16.337
908678026,179.7160802,-66.5673419,0.30559099,,17.794201,16.5103
908672442,179.8964385,-66.70086704,0.054478198,,17.573799,16.321899
908631618,179.6917694,-66.84379519,-0.080169603,,18.0014,16.6891
908616134,179.6929326,-67.10423054,0.29692701,,17.4734,16.2623
967789451,180.0106255,-66.87010796,0.209565,,17.019899,15.7137
967791107,180.0474503,-66.8076887,0.118876,,18.023199,16.669399
340335491,201.2821925,-67.13780917,0.387283,,17.755501,16.4524
340334983,201.4813246,-67.22014872,0.31854999,,17.1106,15.8874
340437752,201.4724266,-66.6904937,0.40727401,,17.652901,16.4725
341289727,202.8684097,-67.64711066,0.314457,,17.4942,16.2185
335722562,194.7220928,-66.50481648,0.52717799,,17.006901,15.8641
909626045,170.9903448,-66.48100464,0.141597,,17.253799,15.7695
908934258,176.452486,-66.36308327,-0.0091983899,,18.4851,16.7917
909036298,177.1863382,-66.29688362,0.0156307,,18.5896,16.885
908570518,178.3457762,-66.97431447,0.377404,,16.563,15.2318
908933628,176.4264916,-66.40923669,0.30435699,,18.077801,16.5229
908554226,177.7392899,-67.0918568,0.44085801,,18.508301,17.2535
967773145,181.16157,-66.83918158,0.30680501,,17.196899,15.7729
335722246,194.8624824,-66.54362806,0.43518001,,16.864201,15.6421
335722325,194.8143797,-66.53393504,0.52748603,,16.455099,15.3504
336613495,196.2814379,-66.38321537,0.57843298,,16.5849,15.5061
336613602,196.3610287,-66.39721773,0.25084099,,16.812799,15.6343
907473876,171.2436471,-67.6933357,0.33064899,,16.526199,15.2581
908138694,176.396963,-67.85147456,0.37925601,,18.040701,16.877199
908553789,177.7832045,-67.11048957,0.310716,,18.122601,16.8062
908780054,177.8541836,-66.33676101,0.33375001,,18.6443,17.1385
908518213,178.2449726,-67.48771851,0.354305,,17.490999,16.257601
908957243,175.6848183,-66.56738468,0.290115,,17.539499,16.0721
909305987,172.393349,-67.09488357,0.221625,,18.837799,17.5996
908469091,179.7341434,-67.47258781,0.0291309,,18.196699,16.9137
336615003,196.3357312,-66.56524823,0.22982,,17.354601,16.015699
337913333,197.9482774,-66.28008268,0.249735,,17.0075,15.707
338781273,199.2200431,-66.07444533,0.43582901,,16.893801,15.735
339220173,199.4704575,-66.10709786,0.55329901,,15.7035,14.4393
340437895,201.2491244,-66.67107929,0.35797501,,17.2335,15.8546
340736535,201.9937642,-66.83396271,0.540631,,16.1754,15.048
340730755,202.0209517,-67.71653606,0.51626903,,16.8619,15.6413
340850217,202.0309989,-66.75175105,0.54809898,,15.8264,14.5979
341281338,202.8641877,-66.39481379,0.413982,,17.046801,15.7972
341281622,202.7675943,-66.43085181,0.21111301,,16.8661,15.4514
341288325,202.8637201,-67.41061698,0.55666798,,16.453501,15.2052
341291152,202.830026,-67.90636434,0.238381,,16.616501,15.558
335131509,194.3350015,-67.34288151,0.208818,,17.0105,15.8311
336949617,196.5632453,-67.46558919,0.11587,,18.450199,17.113001
336950441,196.7303432,-67.35188014,0.19479001,,17.725,16.4807
337819931,197.8497186,-67.38998478,0.321677,,17.476101,16.193701
337505498,197.5639146,-66.60751938,0.091866903,,17.6402,16.3927
340332278,201.4752704,-67.66963179,0.255723,,17.390699,16.131201
340436645,201.5367359,-66.84688671,0.062651098,,18.3221,16.826799
340735624,201.8700454,-66.96057688,0.39325801,,16.709,15.4688
340854862,202.0083956,-66.15371512,0.48292601,,17.464399,16.305799
341175009,202.6361322,-66.93058631,0.174545,,17.771,16.389999
341286155,203.0047193,-67.06307256,0.45364901,,16.9755,15.8543
336615367,196.4026668,-66.60893105,0.22865701,,17.954,16.6252
339641502,200.206115,-67.11629075,0.55204499,,18.179399,16.8559
340331701,201.3599199,-67.76652926,0.078537397,,17.429199,16.2302
341274551,202.7265004,-66.27489688,0.330387,,17.188101,16.081699
341285290,202.8107142,-66.93985289,0.236902,,17.2526,16.052999
336950286,196.5181032,-67.37417855,0.224012,,17.5753,16.262699
341274009,202.4563429,-66.34254919,0.19973101,,17.6504,16.326599
339642070,200.0732439,-67.029949,0.65995502,,15.2683,14.1699
336614104,196.4499969,-66.45750962,0.44752401,,15.923,14.8031
336614288,196.3871963,-66.47961556,0.28596801,,15.6752,14.3902
336614320,196.4255123,-66.48323153,0.072486199,,17.725901,16.0156
336614393,196.449201,-66.49237023,-0.0094934897,,17.485701,16.119499
336614475,196.2518579,-66.5020485,0.542521,,16.171101,14.9587
338780989,199.3591322,-66.04413223,1.0216,,14.4812,13.3623
339641059,200.3398075,-67.18667936,0.28540099,,16.2528,15.0128
341177745,202.4685853,-66.54956488,1.21501,,14.805,13.7561
341280811,202.9367377,-66.33164629,0.32458201,,16.450001,15.1414
908387457,175.2370098,-66.80647481,0.52210802,,18.170601,17.0886
907964895,179.4912349,-67.97742326,0.51990002,,18.423,17.367901
340441214,201.4613594,-66.25008086,0.109685,,18.5924,17.1703
335289584,194.5176853,-67.11210261,0.278786,,17.9872,16.731701
336174999,195.2804379,-66.16651185,0.45616901,,18.197399,16.9023
339226683,199.7603214,-66.45325352,0.18232,,17.1068,15.7774
370040345,65.801566,-67.587669,,,,
340440002,201.4616479,-66.39778218,0.32853299,,17.9401,16.591999
337822130,197.773195,-67.07232808,0.23095,,18.174601,16.8629
340148769,201.1594483,-67.39064473,0.23104601,,17.841801,16.4296
340148804,200.9733325,-67.39676587,0.271797,,18.345699,16.924999
340854252,202.012952,-66.2303158,0.42805699,,16.942301,15.7902
340446575,201.792329,-66.23687592,0.32919499,,18.784401,17.2309
340449341,201.7217307,-66.58448643,0.42756301,,18.5299,17.1
341281126,202.9618213,-66.36560052,0.29028201,,18.191,16.796301
335738339,195.1026807,-67.39766794,-0.304021,,19.015699,17.716101
1014157221,206.2567564,-67.13658298,0.376248,,16.040501,15.0352
340855486,201.8998789,-66.07673754,0.56558698,,17.303301,16.052
1014322269,206.0044181,-66.59105573,0.45561001,,16.4151,15.1691
1014329537,205.9891971,-66.53373666,0.32238799,,16.341101,15.0321
1014329538,205.9879322,-66.53342637,0.242065,,16.7917,15.5875
1014226391,206.762447,-66.55473145,0.979599,,15.368,14.3409
1014393290,206.6744494,-66.39476198,0.251362,,17.7244,16.538
1014398176,206.9861832,-66.2977488,0.53072,,16.4265,15.2753
1014441010,206.7590247,-66.15034808,0.120608,,19.377899,17.9573
1014240690,207.1994678,-66.65554363,0.328008,,17.573999,16.313499
1014276111,207.2822693,-66.4887407,0.29570001,,16.6712,15.4451
1012620863,207.3575218,-67.22202846,0.457822,,17.587099,16.501699
1014288799,207.220269,-66.33224822,0.15773401,,18.794001,17.441099
1012631321,207.1662983,-67.08589503,0.31035,,15.83,14.6172
1014296656,207.4897384,-66.29664866,0.0301446,,17.8894,16.5478
1014296657,207.4909984,-66.29615708,0.24948999,,17.994801,16.7598
1012655363,207.3097636,-66.9942928,0.38316599,,17.1366,15.9264
1012655369,207.3206407,-66.99186097,0.192267,,18.133801,16.886101
1012678199,207.4626665,-66.99657946,0.60091698,,16.577,15.4488
1012678258,207.4611701,-66.99681296,0.44932199,,16.311501,15.2031
1012193273,207.6879827,-67.79727891,-0.045200199,,18.2719,17.125799
1012194040,207.8203019,-67.76440457,0.180043,,17.694,16.579599
1012729216,207.8017746,-66.66723892,0.176947,,18.5858,17.346001
1012729543,207.8873763,-66.6568761,-0.272441,,18.762501,17.593399
1012729581,207.8859416,-66.65629676,0.376028,,16.9951,16.064199
1012697002,208.2888941,-66.78146368,0.084106401,,17.710199,16.4051
1013416950,208.4546964,-66.33020331,0.13819,,18.1653,16.9513
1014256200,208.0488687,-66.4626074,0.28534701,,17.712,16.578199
1014256221,208.047835,-66.46214671,0.398507,,17.345501,16.167299
1012190472,208.1181444,-67.77973341,-0.104036,,18.8027,17.630301
1012190485,208.1274206,-67.7791621,0.419287,,17.376801,16.2878
1012563007,208.5404543,-67.12205535,0.341593,,16.021601,14.9483
1012215441,209.0082478,-67.66268304,0.26155701,,18.640301,17.475201
1012216819,209.1353021,-67.57578321,0.31321901,,18.041,16.917101
1013389818,209.1121555,-66.45517951,0.286567,,17.1597,16.0711
1013389977,209.1309951,-66.44242028,-0.0061734901,,18.5205,17.2145
1012109825,209.9301732,-67.95439035,0.14859501,,17.9981,16.843
1013457211,209.8246854,-66.14820115,0.36902601,,18.041901,16.8368
1013302912,210.0542674,-66.55084794,0.088492602,,18.2185,16.7932
1012967791,210.8536717,-66.58706815,0.148883,,19.3878,18.044901
1012755344,210.8094193,-67.58070561,0.23119099,,17.5965,16.4643
1012755393,210.8153038,-67.58672385,0.0709868,,17.9011,16.782
1012835866,211.2724522,-67.11673326,0.14183301,,17.306801,16.108101
1012809063,211.4324715,-67.26037943,-0.0183635,,18.4319,17.165899
1012814261,211.3728796,-67.22271037,0.191126,,17.7526,16.5298
1012815430,211.282148,-67.2242565,0.32578999,,17.322599,16.1073
1012193738,207.7031575,-67.75092331,0.38273701,,17.472799,16.3403
341278848,202.7396262,-66.08828004,0.414334,,19.0781,17.589001
341281659,202.8897324,-66.43526854,0.187939,,18.7068,17.273001
337915076,197.6930015,-66.08667694,0.26459,,18.0755,16.572701
340437652,201.3309218,-66.70364298,0.253851,,17.926201,16.643999
1009581924,212.5608103,-67.19260051,0.31518999,,18.7052,17.387699
1014274089,206.9363585,-66.52170689,0.45744699,,17.224001,16.007799
1012866492,210.1741239,-67.2706636,0.47980201,,16.8179,15.6887
1012610414,206.4697021,-67.36159971,0.354803,,17.880699,16.6821
1014441723,206.7769077,-66.1141004,0.26082101,,18.6122,17.107401
340149857,201.1389854,-67.57365689,0.454725,,17.4454,16.241899
340437651,201.3322213,-66.70396486,0.27574199,,17.317699,16.073999
335288973,194.5737991,-67.02797156,0.049947601,,15.5496,14.2385
341170248,202.601081,-67.66410795,0.49374801,,16.9853,15.6764
341275640,202.5711526,-66.15147742,0.41333801,,14.7038,13.7559
338778738,199.1133056,-66.07321992,0.393172,,17.4321,16.261299
338778342,199.1127032,-66.11906399,0.29498899,,17.499201,16.339899
337612906,197.381682,-67.98930913,0.208606,,18.1285,16.695299
1014276097,207.2294181,-66.50569155,0.35826001,,18.2169,16.9412
1012621688,207.4719936,-67.18402369,0.51114899,,18.1665,17.032499
1012736001,208.0368737,-66.54212462,0.140431,,18.372801,17.063299
1012865971,210.1467088,-67.28495651,0.39201,,17.469999,16.2994
1012835719,211.1707372,-67.14187548,0.30233601,,18.6178,17.370899
1012621722,207.473513,-67.18391159,0.241025,,17.938499,16.706301
1012631329,207.196107,-67.08458566,0.34714001,,17.675301,16.435101
1012729785,207.8957281,-66.64106194,0.323167,,17.686501,16.419701
340735011,202.03794,-67.04876521,-0.088078998,,18.5448,17.186899
340439172,201.412395,-66.50396612,0.476897,,17.0961,15.7838
335292488,194.5743901,-67.51963727,0.210783,,16.3377,15.1095
340149668,201.2075138,-67.54030576,-0.00053799298,,17.483801,16.120899
341283028,202.9655727,-66.61031502,0.39386299,,17.974199,16.5541
1012550866,208.2127156,-67.24482223,0.18261699,,19.5732,18.343901
1012755168,210.7502184,-67.60277869,0.21451899,,18.163601,16.959499
1013147373,211.7171736,-66.16556893,0.31255999,,19.611401,18.203699
1013302946,210.0559058,-66.55110476,0.490493,,18.069599,16.7246
340853010,201.9205736,-66.38130943,0.45568699,,17.9279,16.578501
340447492,201.5861665,-66.35399816,0.31901401,,18.0448,16.6471
340441651,201.4630218,-66.19452171,0.260176,,18.851601,17.5329
337821620,197.7690667,-67.14268621,0.244289,,17.549801,16.1654
337381881,197.2233735,-66.91340178,0.48280799,,17.0516,15.7805
340439095,201.477641,-66.51372509,0.196825,,17.632401,16.3815
1012633653,206.4056047,-67.29896491,0.472067,,12.9176,12.1351
1012633677,206.403807,-67.29906297,0.395666,,13.4236,12.7846
340440274,201.5293339,-66.36688373,0.356056,,18.1089,16.6007
1012831709,210.9081208,-67.13636748,0.70040798,,20.4172,19.343901
1012806205,211.15072,-67.24052031,-0.93013197,,21.0716,19.892
336066764,195.3196588,-67.15210614,0.32428801,,16.787701,15.641
339226225,199.7794243,-66.4017452,0.41138199,,17.6141,16.1952
340736349,202.1148618,-66.86283843,0.12861601,,17.926901,16.510401
341283265,202.8564819,-66.64328323,0.26515099,,18.135401,16.759399
340335888,201.4715113,-67.07660515,0.37729299,,17.068199,15.7493
341279052,202.9755411,-66.11272977,0.67211998,,16.904301,15.6421
336175039,195.5597039,-66.16270552,0.39576599,,15.6906,14.567
339225309,199.9539667,-66.30143782,0.25140101,,16.771601,15.534
337821986,197.8172854,-67.09235835,0.27333701,,16.444099,15.174
339223054,199.8918658,-66.0596373,0.401802,,16.062799,15.0993
341179327,202.5801556,-66.35436185,0.94097102,,13.7825,12.7699
341275271,202.6716967,-66.19524347,0.48377499,,14.9552,14.0272
336067014,195.3379479,-67.11567305,1.79612,,11.9939,11.2495
967935832,180.8339684,-66.37371145,0.81891102,,13.2892,12.2707
335732002,194.9948073,-66.50598573,0.123854,,18.073099,16.240601
338379935,198.4587675,-66.65380062,0.38335699,,18.497,17.204901
338382215,198.4056498,-66.36875566,0.339881,,18.147699,16.7428
338375657,198.2869138,-67.19852206,0.36974201,,17.429199,16.287701
338774048,198.8639114,-66.62495483,0.247999,,18.129299,16.810699
340036883,200.9834676,-66.36567547,0.0574448,,18.775101,17.2215
909326116,171.6774525,-66.91675172,0.62814099,,16.6063,15.4873
909225357,173.4510378,-67.54070244,0.36318401,,16.0926,15.0857
909225359,173.4507631,-67.53986123,0.49192801,,16.260599,15.2343
909286309,172.8480237,-66.91692048,0.408223,,16.898001,15.8602
907425350,173.9198091,-67.94191295,0.45808899,,16.906,15.9551
907425744,173.8424777,-67.91043074,0.28431499,,16.8582,15.8996
909375998,173.9096509,-67.04681877,0.40621701,,16.112101,15.1039
909376000,173.909137,-67.04620326,0.39361799,,17.365601,16.2453
909879064,173.8573219,-66.16124535,0.228993,,18.959,17.637501
909879145,173.7896351,-66.17107619,0.30259401,,17.4198,16.2946
909879195,173.7883616,-66.17081111,0.084396698,,17.9223,16.704599
909879434,173.8314166,-66.14280546,0.51108301,,17.372601,16.2873
909879757,173.8645062,-66.14492818,0.30534199,,17.802799,16.5828
908400027,174.5637132,-66.81441052,0.38001099,,17.0376,15.8378
908402148,174.5654146,-66.79122348,0.34937501,,17.5905,16.474899
909018690,174.6645627,-66.07025657,0.208416,,19.2626,17.767599
909018691,174.6652928,-66.06955627,0.147945,,19.833799,18.164499
909019063,174.5679821,-66.07746027,0.191872,,17.2598,15.945
908323188,175.9742426,-66.88857754,0.351381,,18.377001,17.0931
327772533,189.7540472,-67.45327672,0.0112386,,18.526699,17.3083
335731572,195.2410535,-66.44809269,0.48589399,,17.969,16.826
336067908,195.3009604,-66.97984077,0.28428701,,18.111,16.7152
336472379,195.993155,-67.00462931,0.200799,,18.6453,17.1749
338380625,198.5460143,-66.56830515,0.40105599,,17.593901,16.2544
908323209,175.9755456,-66.88820775,0.18598901,,17.2906,16.2915
908324089,175.7584273,-66.92335305,0.417579,,17.382401,16.294201
908324418,175.7116773,-66.87547471,0.15136901,,18.568501,17.426901
908324655,175.8207199,-66.87177956,0.25850999,,16.539101,15.5929
908324744,175.8801026,-66.86794362,0.35370299,,18.299601,17.0376
908324871,175.8142269,-66.84600161,0.24591,,17.781099,16.7621
909006277,175.7036952,-66.05458859,0.043224402,,18.9785,17.253599
909006666,175.6551746,-66.08635258,0.42902899,,15.7005,14.5238
338375421,198.4716726,-67.23357466,0.223634,,19.2239,17.736799
908318082,176.1845326,-66.98906337,0.088324003,,18.439301,17.153601
908300197,176.5081579,-67.09736735,0.121574,,17.785299,16.559601
908049255,177.9077897,-67.62272094,0.24285699,,16.1425,15.0151
908049260,177.9084231,-67.62220575,0.294451,,16.504299,15.4105
908057305,177.9306128,-67.57678867,-0.063885301,,17.801399,16.822001
908764976,177.6515593,-66.50434802,0.57910001,,15.2643,14.1887
908710477,178.9175326,-66.53051693,0.391058,,17.414801,16.247101
908728893,178.7636855,-66.22565364,0.40399799,,17.8908,16.604601
907963563,179.6502069,-67.90763795,0.31353801,,16.4575,15.425
908473037,179.788605,-67.36733801,-0.0102494,,18.4431,17.2078
908634253,179.6772875,-66.78741279,0.165308,,17.972799,16.6481
908618320,179.8891735,-67.03140074,0.33033401,,17.7724,16.660999
967757368,180.2787089,-67.04495227,0.23147,,17.944201,16.7684
338379133,198.3878192,-66.7505123,0.173669,,19.266701,17.915501
339736434,200.4687713,-66.59992742,0.20814499,,17.077299,15.817
340034637,201.0723428,-66.09421748,0.275087,,18.5277,17.266199
340734320,201.9584965,-67.15047196,0.31152499,,18.083,16.737101
967757630,180.386845,-67.08419652,0.079965703,,18.2264,17.2365
967757945,180.4629179,-67.06802593,0.36335,,15.1844,14.081
967400365,180.7367231,-67.06869651,0.16409899,,17.1803,16.08
967400370,180.7384322,-67.06892224,0.432861,,17.7418,16.5879
967936648,180.9363093,-66.35644932,0.23794299,,17.7402,16.431299
967937265,180.7633026,-66.3604278,0.392322,,17.697599,16.4601
967937444,180.863191,-66.34802883,0.44205499,,15.1205,13.9965
967294955,181.238911,-67.29803916,0.34451401,,18.6968,17.4594
967295004,181.2466859,-67.29829874,0.00306359,,18.130301,17.027399
967860471,181.8803395,-66.3599442,0.0858142,,18.8925,17.4706
967419998,182.2026737,-66.99109644,0.23985,,18.150101,16.790701
967420111,182.1962415,-66.9699422,0.28483599,,18.202101,16.9207
967421230,182.4993299,-66.90026673,-0.103891,,19.9683,18.6036
908300159,176.5078328,-67.09676814,0.27278399,,18.500299,17.117201
336472124,196.1278282,-67.04074312,0.31731799,,19.675301,18.184
907438041,172.7446673,-67.79920139,0.35915101,,17.554899,16.316099
909224928,173.4759313,-67.57979689,0.532175,,16.1367,15.0296
338378242,198.2929271,-66.86260007,0.25192699,,19.0354,17.745701
339212446,199.5563062,-67.04513262,0.33182001,,17.806499,16.486601
339740989,200.4721388,-67.22319293,0.31280401,,18.823601,17.3409
337503618,197.5173025,-66.50073277,0.46938401,,16.300699,15.0994
340735718,202.0945992,-66.94789009,0.38895699,,16.4137,15.3302
336472757,196.159116,-66.94294283,0.2335,,17.789499,16.318899
336473161,196.0803847,-66.88795429,0.313977,,18.146999,16.7181
341368634,202.9333832,-67.95343421,0.30430901,,17.702499,16.3486
338378586,198.3091341,-66.81901586,0.22732501,,17.9883,16.693701
907964554,179.5561597,-67.99500368,0.49693301,,16.2903,15.2308
908324975,175.7828689,-66.86283472,0.54788399,,17.7686,16.5373
907425675,173.9037099,-67.93254726,0.35547099,,17.919701,16.742901
908634300,179.6758819,-66.7872865,0.41955,,17.261499,15.9094
336065475,195.5650046,-67.3402451,0.028695,,17.332701,16.1332
336068022,195.4755076,-66.96075571,0.165594,,18.221901,16.7736
338378408,198.3788143,-66.84188198,0.442756,,16.757999,15.6222
341179148,202.4447826,-66.375346,0.34380299,,16.624399,15.5545
338381175,198.5147858,-66.49724505,0.48989901,,17.2234,15.9359
338377154,198.4450394,-67.0053347,0.295387,,17.4324,16.2777
335731549,195.1046821,-66.44460836,0.70503801,,17.392401,16.084499
907425332,173.9188723,-67.94241508,0.073288701,,17.959999,16.7297
337818432,197.7002845,-67.63054075,0.57328302,,17.5306,16.257401
338381571,198.4685738,-66.4471121,0.48191401,,17.2679,16.001101
338375983,198.4340405,-67.15509145,0.187252,,18.503,17.1658
338376657,198.2842757,-67.07170113,0.33674401,,17.348801,16.092199
338379506,198.3000332,-66.70701336,0.0210528,,18.488199,17.136999
339654438,200.51454,-66.30833199,0.30843499,,17.2953,16.260599
341178066,202.6561429,-66.50968433,0.54889601,,17.417299,16.1731
340733049,202.0575967,-67.3459568,0.26385701,,18.069599,16.797001
338375848,198.3658103,-67.17364713,0.20514099,,18.6581,17.2269
341174837,202.7201529,-66.95466054,0.284031,,17.417999,16.105801
327772504,189.6683864,-67.4572363,0.21730401,,16.903099,15.7438
336472450,195.8945149,-66.99242177,0.32792601,,17.8176,16.386101
337508550,197.5773,-66.85173617,0.36840099,,17.005899,15.7062
336174399,195.4667725,-66.23746805,0.35338801,,17.457001,16.2757
336066396,195.3516196,-67.20138158,0.333841,,17.805599,16.5352
336067555,195.5338862,-67.031337,0.30378601,,17.9219,16.586901
338379427,198.5252892,-66.71622932,0.31568399,,17.817301,16.501699
340034004,201.0396367,-66.02119973,0.41915599,,18.381201,16.987101
340850920,202.004223,-66.65561202,0.45276701,,18.449499,17.162701
336070658,195.542526,-66.56821179,0.37588099,,18.1724,16.638
338377438,198.3991753,-66.96950454,0.258735,,17.5963,16.231001
340035445,201.2453937,-66.18543799,0.48663899,,16.8657,15.782
336067414,195.4256103,-67.05272043,0.25673199,,16.6159,15.4379
336472264,195.9278191,-67.0206121,0.46370801,,16.904499,15.5945
336474828,195.988131,-66.66110363,0.444271,,15.8,14.84
338380924,198.4220133,-66.5306748,0.34535,,16.3878,15.0471
338773885,199.0464621,-66.64449076,0.58859801,,16.114201,15.0289
336473393,196.1387003,-66.85646734,0.225363,,15.5997,14.376
336174273,195.5133124,-66.25399546,0.54314101,,16.882999,15.7572
335732120,195.1381192,-66.52152552,0.56383997,,16.2974,15.1778
336066503,195.5152323,-67.18535886,0.173328,,17.7855,16.5289
336068368,195.4179998,-66.91188878,0.33416101,,15.6643,14.5286
336474418,195.9627249,-66.71628733,-0.14142101,,17.300699,15.8642
336474808,196.0579325,-66.66338397,0.503663,,16.27,15.1026
336475309,196.0950432,-66.59946982,0.60103101,,16.292601,15.0798
337509808,197.5877175,-67.00864489,0.57766497,,16.036501,14.999
337510529,197.3767056,-67.10010073,0.1454,,17.477501,16.119101
338380666,198.4771934,-66.56322652,0.41742399,,16.612,15.3776
338376971,198.5424744,-67.02944139,0.479141,,15.3975,14.3183
338773404,198.9371389,-66.70564727,0.51487303,,16.1621,14.9733
338773782,199.1541547,-66.65651747,0.217711,,14.9741,14.0377
339741210,200.4663659,-67.25801269,0.493038,,15.1067,13.9304
341179154,202.5181704,-66.37434796,0.32582399,,15.2961,14.3762
341278438,202.9897625,-66.03954355,0.66112101,,16.2962,15.066
335726432,194.9110576,-66.0357864,0.36679101,,17.9184,16.627701
1012198608,207.9025716,-67.64553774,2.80003,,11.4414,10.5506
336953825,196.5646418,-66.85543664,0.27099001,,18.2938,16.988701
1014381530,206.3829449,-66.21812963,0.51472199,,17.848,16.5438
1012602931,206.6610449,-67.42469559,0.41334799,,16.369699,15.2873
1012646942,206.6725997,-67.10192634,0.30629599,,17.9203,16.7549
1014189265,206.7959179,-66.73952862,0.49490699,,16.471001,15.3343
1014244183,207.1507816,-66.56829233,0.29397801,,17.318199,16.130199
1012656046,207.0569099,-67.03681708,0.305619,,17.452,16.302299
1012656047,207.0555157,-67.03650267,0.31077701,,16.9002,15.7952
1012197288,207.9431229,-67.68184732,0.50592202,,15.5581,14.6044
1012581611,207.9050833,-67.11591302,-0.024877099,,19.0229,17.7533
1012581882,207.9723787,-67.07855328,0.183083,,17.3297,16.179701
1012715436,207.5044582,-66.75522893,0.282442,,17.1462,15.9099
1012582700,208.0691762,-67.06493493,0.44628599,,15.6012,14.5743
1012726491,208.1220439,-66.62854777,0.41227901,,15.2419,14.1336
1012949976,210.2001148,-66.81160123,0.63031,,15.8549,14.6352
1013469584,210.2965055,-66.0638538,0.148285,,17.680599,16.405001
1013469644,210.2976336,-66.06340505,-0.016987599,,17.761801,16.3862
1012935719,210.730773,-66.81226822,0.308653,,18.4842,17.266399
1012784951,210.5730204,-67.34173921,0.249268,,16.292299,15.158
1012938747,211.1749804,-66.70970931,0.11243,,18.7262,17.421101
1012939498,211.0979762,-66.71429026,0.222194,,17.6789,16.415001
1012940056,211.1349845,-66.7129913,0.45616001,,16.211201,14.9467
1009471517,212.9727152,-67.76713102,0.22251201,,17.565599,16.2738
1014241678,207.2263986,-66.60371941,0.35265201,,16.8619,15.6037
1013545836,211.4035478,-66.25068403,-0.0246948,,19.305401,17.893
1012185743,207.4572573,-67.77726235,0.42387101,,17.5035,16.345501
1014207231,206.0557386,-66.75457593,0.358125,,16.942101,15.6493
1012622123,207.504055,-67.15261592,0.32792401,,17.8253,16.611099
1012886876,209.5781972,-67.14093012,0.373707,,17.9305,16.7479
1012479575,207.3757857,-67.75772492,0.52703798,,18.191299,17.041599
1015222446,208.6498476,-66.00861157,0.114036,,17.4762,16.0173
1012790646,210.5881936,-67.27040625,0.44532201,,17.2103,16.041599
1012824732,211.0508554,-67.22079565,0.148664,,17.8204,16.540899
336954107,196.7167816,-66.81844804,0.0124433,,18.406,16.822599
337914102,197.7595522,-66.1929759,-0.12710001,,18.8477,17.212299
336952845,196.6426125,-67.00126647,0.152788,,18.864,17.357
338388557,198.6650366,-66.19359447,0.32503399,,18.751699,17.358
339743377,200.4212302,-67.59504186,-0.0147936,,18.2677,16.849199
340334037,201.4031587,-67.37577221,0.30212399,,17.7808,16.491199
340859787,202.396045,-66.30911035,0.28219,,18.179701,16.7157
338388017,198.8344279,-66.13361234,0.17428,,18.2516,16.934099
338388939,198.6645641,-66.23699267,0.354743,,17.8246,16.531401
338389596,198.8416628,-66.31526544,0.179052,,18.1849,16.927601
338389609,198.6527949,-66.31645246,0.44112,,18.1164,16.8706
339744768,200.4674894,-67.83438892,0.216214,,18.111799,16.844
340334040,201.4978585,-67.37508011,0.32125399,,18.184099,16.774599
340953996,202.2813731,-67.54011769,0.240436,,18.4543,17.219299
340860781,202.2051408,-66.43012724,0.220679,,17.108299,15.5597
341170211,202.6346866,-67.67027042,0.00250703,,17.7726,16.4652
341173828,202.4783709,-67.09327339,0.26976201,,17.796801,16.4856
335726726,194.7693324,-66.00316124,0.469998,,18.1173,16.857201
336180535,195.6482958,-66.32478483,0.58359897,,18.480499,17.1742
340335285,201.5027355,-67.17160215,0.26473799,,18.5221,17.2073
340862450,202.2739571,-66.65195451,-0.104938,,18.872299,17.482599
341170819,202.7379337,-67.56353495,0.25461999,,17.857201,16.618999
340862638,202.3567407,-66.67811601,0.342354,,17.112301,15.7485
336952812,196.510848,-67.00594343,0.27795899,,17.990299,16.533701
340860830,202.3386456,-66.43484208,0.27083099,,16.9177,15.6866
341173270,202.5109611,-67.17554165,0.23114599,,17.611,16.202299
336953722,196.5679626,-66.8708647,0.52256697,,17.865999,16.548901
340334594,201.3447363,-67.28173381,0.56389302,,16.859301,15.5898
337611715,197.5930874,-67.77686758,0.52048302,,17.046101,15.8649
336180670,195.6387014,-66.33931162,0.52437401,,15.6072,14.5295
339222821,199.9291142,-66.0359734,0.294608,,16.930799,15.8247
340335362,201.3948815,-67.15848623,0.39529201,,16.4834,15.2969
341176821,202.5417366,-66.67207734,0.181521,,18.574699,17.091801
335725990,194.8345527,-66.08295137,0.063843697,,17.495001,16.0938
340862539,202.2384708,-66.66257573,0.28391001,,17.568899,16.258301
341175175,202.4648388,-66.90656327,0.56181502,,17.434299,16.2278
335604547,194.6871129,-67.08525792,0.40385899,,16.7132,15.6272
336953091,196.7018284,-66.96263155,0.49395999,,17.5599,16.3465
338388325,198.6963939,-66.16758393,0.432179,,17.737801,16.4277
340331772,201.3089275,-67.75307762,0.364003,,17.3964,16.1682
340862459,202.2287545,-66.65335058,0.319134,,18.216,16.826799
337489459,197.1204799,-66.18657116,0.35217601,,17.6259,16.3018
340858716,202.3967581,-66.17865094,0.32636401,,18.3608,16.9792
909478220,172.7033982,-66.73297806,0.49366599,,16.515301,15.4294
909479158,172.5772648,-66.66772654,0.39264899,,16.592699,15.4155
909265993,173.6177977,-67.0733798,0.157785,,18.4991,17.305
909450677,173.6397445,-66.5414863,0.40305799,,16.133101,15.0155
908361664,174.4289096,-67.01645368,0.33017701,,18.4021,17.3214
909882563,174.1430982,-66.15819937,0.25417101,,18.715,17.3109
908222530,174.7595571,-67.54618052,0.122162,,19.1231,18.1688
908222549,174.7610492,-67.54591446,-0.078397602,,19.8965,18.768299
908349407,174.7277079,-67.15739768,0.16129901,,18.649099,17.4641
908349545,174.6709932,-67.13268744,0.162404,,17.738001,16.4618
908984489,174.9593856,-66.30133209,0.459773,,17.983601,16.680799
908377861,175.084508,-66.93719406,0.0982095,,18.8029,17.677601
908377954,175.1315867,-66.91969172,0.37430099,,17.710899,16.537201
908378003,175.1279971,-66.91104762,0.181061,,17.028099,15.8437
908378969,175.042304,-66.85830008,0.40734801,,17.4571,16.2742
908379305,175.0382235,-66.83397557,0.17519601,,17.142099,16.0634
908157560,175.8121572,-67.6947013,0.52959102,,14.8803,14.0585
908157896,175.8838152,-67.66383966,0.450216,,18.0735,16.977301
336954004,196.6179571,-66.8314356,0.552499,,16.5406,15.4239
337489723,197.2847683,-66.1701336,0.60452199,,16.7882,15.5626
337913811,197.9620352,-66.22705483,0.24551301,,15.5774,14.3873
908930394,175.8409825,-66.36609038,0.15232299,,18.7563,17.309299
908932028,176.0056095,-66.33200702,0.349388,,18.7171,17.2162
908932151,175.9661361,-66.3776443,0.25719801,,17.3085,16.1017
909004712,175.5475034,-66.15378475,0.47039601,,18.378,16.899
909004788,175.5193614,-66.12560419,0.15681501,,19.385099,17.612301
908892058,176.0142729,-66.69734996,0.30301699,,17.120501,15.8194
908244404,176.8679656,-67.71671799,0.319074,,18.1957,17.096901
908244585,176.785241,-67.77095215,0.043481901,,18.469,17.4681
908245903,176.6406305,-67.81830316,0.381421,,17.9554,16.885099
908869095,176.6990976,-66.83720867,0.242808,,18.9256,17.4823
908083617,177.1848754,-67.24250398,-0.00569636,,18.67,17.383801
908083692,177.2429752,-67.25203727,0.237837,,17.5422,16.382601
908084096,177.1726169,-67.21462055,0.238685,,18.2812,17.2598
908084100,177.1457911,-67.20352198,0.337511,,17.3634,16.0993
908789053,177.3548831,-66.12422406,0.40021801,,17.0418,15.785
908588429,177.9738123,-66.74295335,0.12682,,18.4879,17.0667
907983949,178.993075,-67.84257419,0.074891903,,17.102301,16.1411
908452741,178.6174979,-67.51887497,0.457688,,15.9084,14.836
907957623,179.4065527,-67.97422937,0.348252,,16.8249,15.8159
908701526,179.4520924,-66.3366514,0.374495,,16.698999,15.6899
908707431,179.2633451,-66.47670116,0.525572,,14.9412,14.0795
967359419,180.1358887,-67.36171305,0.13415299,,18.3393,17.2127
967890253,180.457825,-66.61492708,0.24447501,,17.7913,16.615801
967891750,180.0208947,-66.70175355,-0.0083087198,,18.8582,17.5543
967892416,180.0906688,-66.67424004,0.220171,,17.24,16.0555
967892417,180.0911457,-66.67352511,0.34536299,,17.128201,15.9532
967892424,180.1609675,-66.65522578,0.035777099,,18.2978,17.034201
967892819,180.2555494,-66.64182746,0.26277301,,17.3043,16.075001
967892850,180.2569888,-66.64139978,0.32264799,,16.3279,15.3611
967892914,180.2792928,-66.64419535,0.0601574,,17.6877,16.565599
967893265,180.2190126,-66.63029642,0.207938,,17.990299,16.738899
338389286,198.6981514,-66.27923845,0.46501499,,16.3661,15.2391
338389759,198.7468218,-66.33288158,0.293578,,17.73,16.378099
340857792,202.427485,-66.06565947,0.54447401,,15.9539,14.9301
967893293,180.2079367,-66.6248599,-0.387667,,18.8762,17.5909
967969152,181.9723483,-66.13135866,-0.031524401,,17.167601,16.0336
967969787,182.0322909,-66.1047797,0.341445,,17.938801,16.6747
967992354,181.5000917,-66.18974687,0.45170799,,19.3599,18.0312
967992375,181.501453,-66.18944435,0.25228199,,18.469101,17.247101
967992696,181.5687648,-66.1959981,0.44163299,,18.115999,16.9161
967862914,182.2564044,-66.40223792,0.041926499,,17.958,16.8405
965729008,182.8076052,-67.2422137,0.113228,,18.0203,16.8102
965729567,182.8665364,-67.21298423,0.468613,,16.275999,15.172
965737008,182.989212,-67.7860518,-0.51125699,,18.035,16.7908
909457074,173.1467469,-66.45251322,-0.448228,,20.078899,18.6784
909456621,173.3016781,-66.48978624,-0.015892399,,18.174601,16.8016
908378104,175.0752689,-66.8968905,0.32165501,,19.255199,17.958401
908378994,175.0434871,-66.85863226,0.200929,,18.500601,17.180401
336183251,195.7595957,-66.66122071,0.40153801,,18.834,17.3263
909882157,174.2328459,-66.18062229,0.64658302,,16.948,15.6732
908354143,174.26967,-67.11034163,0.41585499,,17.7321,16.499701
909265328,173.6623573,-67.10118556,0.215728,,18.551001,17.271601
908985140,174.9904795,-66.24622468,0.49737599,,19.1262,17.642401
908244378,176.8671166,-67.71730701,0.25094,,17.990499,16.8109
967507465,182.9077442,-66.8338584,0.51331902,,18.1115,16.8703
968034065,182.8638726,-66.39344826,-0.0073234499,,19.371401,17.870399
908222494,174.78404,-67.56614274,0.097978801,,18.548901,17.3356
907957648,179.407835,-67.97461875,0.141754,,16.966299,15.8396
965757166,182.9763026,-67.66852668,0.19817699,,18.379801,17.0739
908984490,174.9587946,-66.30076449,0.49948901,,17.699699,16.2745
337048699,196.7027103,-66.35399888,0.294496,,17.810101,16.380899
337060202,196.8147773,-66.8563908,0.20709699,,18.1513,16.840599
337379967,197.3082821,-67.04420973,0.147017,,18.7687,17.4084
967361018,180.3939053,-67.32284175,0.43563199,,18.264,17.042801
908246041,176.6066253,-67.79469296,0.154223,,18.136101,16.9263
340439857,201.3712655,-66.41619898,0.40078399,,17.990499,16.6875
336175767,195.3175085,-66.08036266,0.110838,,18.51,17.229099
341581793,203.0712445,-67.15655179,0.26078999,,17.6376,16.3629
341582220,203.1731971,-67.0970388,0.179024,,17.905199,16.7962
336183475,195.6903697,-66.696624,0.54882902,,18.5137,17.019699
337048585,196.6247923,-66.36475002,0.787453,,16.9135,15.6702
337380641,197.1409418,-66.99691767,0.14235801,,18.314199,17.028999
338256578,198.2662531,-67.37614622,-0.091419399,,19.027599,17.559401
341581994,203.1511918,-67.12653265,0.1109,,18.369101,17.050699
341582847,203.2489568,-67.01326061,0.076149203,,18.6999,17.309
336182801,195.6441115,-66.60126562,0.50471997,,18.9382,17.3794
336182820,195.7957413,-66.60380158,-0.218463,,18.582399,17.2005
337061694,196.9682303,-67.0584542,0.31804201,,18.7911,17.360901
337061813,196.7995768,-67.07648883,-0.040180799,,18.982201,17.5529
338029840,198.2248419,-67.05306368,0.36570799,,17.963499,16.734301
340441084,201.3404663,-66.26443928,0.18588801,,18.691299,17.316099
341582216,203.051292,-67.09727303,0.45019901,,17.487101,16.2167
338254656,198.4995678,-67.67303702,0.32667699,,16.2047,14.8643
336183547,195.8372485,-66.70585906,0.56561601,,18.2034,16.7211
337911326,197.7358386,-66.53253823,0.263004,,17.7295,16.3834
341581884,203.2369217,-67.14393785,0.250321,,17.3913,16.110001
337048679,196.5849531,-66.35577306,0.339665,,17.307301,16.109699
337059392,196.9795398,-66.75388812,0.20398501,,17.8941,16.599899
338255215,198.4266482,-67.59133927,0.41513601,,17.7274,16.367201
338255359,198.3201707,-67.56822813,-0.0070379199,,18.490801,16.964199
338256224,198.5534591,-67.43169537,0.26391801,,18.239799,16.7369
339214994,199.7326061,-66.71264893,0.46924701,,17.322001,16.1954
340442388,201.4905313,-66.11021446,0.38398099,,17.623899,16.2728
340443096,201.3987176,-66.02586112,0.272259,,17.408199,16.017401
341581443,203.1477756,-67.20498801,0.129969,,17.246401,16.013399
341581866,203.1227579,-67.14643947,0.182978,,17.768999,16.461399
341582243,203.2445921,-67.09449202,0.31322101,,18.056999,16.7313
341582663,203.0915703,-67.03671112,0.327452,,17.231199,16.126499
337059282,196.9896786,-66.73919565,0.57525897,,17.0567,15.8245
337911248,197.9120119,-66.54251594,0.313977,,18.241699,16.758801
335281085,194.6390287,-66.01389561,0.36885899,,16.645201,15.5009
337049920,196.768794,-66.21224466,0.43865299,,16.0798,14.9369
337059380,197.0127115,-66.75206988,0.53518498,,17.401699,16.1266
337380997,197.1408289,-66.97291427,0.613464,,16.981899,15.7775
340442443,201.4971814,-66.10317737,0.41473699,,16.3482,15.2063
341582469,203.0548095,-67.06128084,0.44319999,,15.5298,14.6252
337049942,196.5489177,-66.21030977,0.45904601,,16.882401,15.7839
335282004,194.5237578,-66.12381702,0.36685801,,18.2204,16.7994
336068586,195.5406308,-66.87932353,0.37756899,,18.355499,16.9147
335732988,195.0287445,-66.64505949,0.69879901,,17.6646,16.240299
336954766,196.7075049,-66.72780689,0.68688297,,16.467501,15.3216
337050951,196.6148659,-66.09387927,0.29802999,,17.312,15.9126
335281918,194.5456909,-66.11227851,0.44567901,,17.6029,16.3598
335281969,194.4364466,-66.11856779,0.404385,,17.2805,15.9711
336175793,195.5217455,-66.07624135,0.0283475,,18.3132,16.8776
337911889,197.7089432,-66.46574725,0.39723501,,18.2316,16.766399
341581483,203.206464,-67.20085759,0.347175,,17.698,16.3673
341581641,203.0933741,-67.17847402,0.31406301,,17.7878,16.4592
341582581,203.0779013,-67.04745498,0.19474199,,17.0315,15.9579
336183878,195.8541085,-66.75562866,0.43711099,,17.9114,16.5522
337048388,196.4791587,-66.38740163,0.29564899,,17.416,16.1229
337059616,196.8898877,-66.78059937,0.19946399,,17.799101,16.428801
337060604,196.9909893,-66.90437991,0.45513901,,17.2031,15.9321
336182798,195.7378806,-66.60126955,0.135342,,18.1852,16.668501
336182853,195.7165139,-66.6072992,0.63414901,,17.0919,15.8685
336183439,195.8568333,-66.69078206,0.83245301,,14.2647,13.3369
336951186,196.5295735,-67.24507816,0.37857801,,14.8848,14.1686
337049458,196.528094,-66.26734708,0.270605,,18.282801,16.878201
337049590,196.4889491,-66.25133375,0.36754501,,14.8791,13.9641
337060915,196.9073258,-66.94579045,0.44590899,,16.819201,15.6727
337062115,197.0639571,-67.11439671,0.24275801,,16.881001,15.4969
337379341,197.1018367,-67.08639164,0.323452,,17.091999,15.7071
337381086,197.1668516,-66.96711414,0.32747701,,17.9893,16.5816
337922522,198.0436258,-66.63785571,0.48667601,,16.801001,15.4618
908687586,179.9272474,-66.52754045,-1.80214,,21.156099,20.148399
967793692,180.6953471,-66.71535364,0.76783401,,20.4484,19.3032
337924877,198.0752793,-66.93154803,0.62176198,,15.9057,14.816
340439419,201.4629807,-66.47343579,0.52468902,,14.299,13.3137
340440100,201.4962304,-66.38708442,0.396218,,17.8445,16.580799
341581285,203.3164731,-67.23107295,0.51893902,,15.3664,14.2651
338888670,199.3413843,-67.50919019,0.27996799,,17.243601,15.9255
341696364,203.3478932,-66.87402381,0.143333,,18.2472,16.8234
337816713,197.6995,-67.8956672,-0.054243099,,19.196301,17.762501
339648816,200.2271535,-66.19291878,0.44791499,,16.863501,15.7046
341696990,203.5709143,-66.9705455,0.314944,,18.2027,16.8857
341698092,203.6488039,-67.13048832,0.20919301,,18.976101,17.703501
341698345,203.3871789,-67.17119444,0.38998699,,18.723301,17.4813
339648801,200.0960406,-66.19410844,0.189934,,17.9748,16.749399
336189150,195.8329114,-67.51687375,0.32668301,,15.9413,14.913
341699989,203.5073199,-67.4356089,0.356922,,16.992599,15.6914
339217043,199.713207,-66.46489657,0.58728302,,18.437201,17.0812
341281038,202.8989082,-66.35565794,0.41313201,,17.7862,16.4091
341281101,202.8420653,-66.3631902,0.37594801,,17.5201,16.2798
341696842,203.5720352,-66.94792313,0.339371,,16.962999,15.758
341697791,203.463959,-67.08651764,0.073210597,,17.5235,16.2344
341698059,203.3827284,-67.12507408,0.10497,,17.715,16.4168
1012093042,208.4999747,-67.9484123,1.48533,,13.3703,12.4796
1014239036,207.4142174,-66.58565752,0.425194,,18.2299,17.077101
1012535469,207.5812097,-67.19768056,0.167474,,18.343201,17.218599
1014253727,207.7028208,-66.51703344,0.21537399,,17.9965,16.8172
1014301591,207.7226408,-66.21503212,-0.238654,,19.4188,18.051001
1012724968,208.2431387,-66.65884174,0.132129,,17.5564,16.3379
1015186553,208.3016141,-66.36217931,0.084046103,,18.4312,17.1877
1012548181,208.2372119,-67.30851614,0.29661101,,16.6647,15.5045
1012128507,208.9123618,-67.8982618,0.305839,,17.874001,16.6989
1013434388,208.8093891,-66.18306272,0.106158,,18.733101,17.376699
1012243475,208.9446261,-67.44763644,0.312305,,16.7987,15.7486
1013377851,208.7794332,-66.4903317,-0.097310901,,18.768299,17.4653
1013381557,208.9904834,-66.54343778,0.211436,,17.356501,16.1812
1012551836,208.630828,-67.30969786,0.118667,,17.9666,16.817499
1013273542,209.2316664,-66.70604129,-0.0039710598,,18.6245,17.262501
1012851010,209.6062023,-67.49293456,0.125843,,18.027399,16.9785
1013449239,209.88478,-66.19940329,0.139275,,17.0835,15.8637
1013468869,210.1489897,-66.07791041,0.261722,,17.023701,15.9314
1013341593,210.3019494,-66.35810089,0.247613,,18.680599,17.435101
1013342398,210.3008297,-66.35708942,0.11155,,18.3241,17.0723
1013342778,210.393626,-66.32231289,0.101217,,19.313,17.898001
1009411316,210.5549583,-67.74762419,0.18669499,,18.055901,16.922001
1013578254,210.7097778,-66.06376651,0.46906099,,17.2715,16.1341
1012924918,210.6528277,-66.87368236,0.32997999,,18.7451,17.4189
1013586877,211.1273672,-66.03727555,0.53830302,,16.7714,15.6102
1012818016,211.6120868,-67.10433082,0.106569,,17.982901,16.7805
1012818460,211.7392332,-67.09861991,0.341883,,17.928101,16.6856
338888671,199.2104826,-67.50897323,-0.036573499,,18.415899,16.849899
341697976,203.5921398,-67.11026403,0.33477199,,17.9937,16.7444
341698155,203.5337195,-67.14060409,0.152492,,18.4762,17.093599
335729734,195.1222549,-66.20927394,0.468988,,16.8617,15.6614
339649536,200.1488096,-66.11370028,0.27146399,,17.377501,16.282101
339649790,200.1527787,-66.08658129,0.0611059,,17.2964,16.1089
341696265,203.3550631,-66.85829246,0.29938799,,17.766399,16.443001
1013131238,211.3764971,-66.31542232,0.0286173,,17.938601,16.680599
1013547388,211.5779984,-66.17809377,0.33521,,17.1674,16.074301
1013547979,211.5508738,-66.1544482,0.499136,,16.9695,15.8493
1012991632,212.6275295,-66.80069353,0.37597299,,17.740499,16.471201
1009575130,213.1321054,-67.11945486,0.57104301,,14.9852,14.0321
339650485,200.1699744,-66.0126907,0.38087201,,17.679701,16.518499
339648581,200.1608481,-66.22166792,0.24120399,,17.967501,16.4473
339648877,200.1864821,-66.18442749,0.37569201,,16.954,15.867
1012533578,207.4082119,-67.30980195,0.53530502,,15.6547,14.5516
1009409638,210.6101689,-67.80099074,0.23085199,,17.5187,16.364
1012508866,207.2010738,-67.58935053,0.108755,,18.0021,16.7498
1013449240,209.9019892,-66.19320893,0.40976301,,18.735701,17.411301
1009409382,210.6333946,-67.80418921,0.1973,,17.2376,16.052099
1012817952,211.5831118,-67.12216914,0.041133299,,18.1954,16.8577
1013131219,211.3748988,-66.31569082,0.67364901,,17.4646,16.232901
1013414901,208.6866888,-66.33427865,0.30103099,,17.7855,16.491899
1013342726,210.3925894,-66.32270091,0.29597899,,18.803801,17.4025
1009411342,210.5532981,-67.74757472,0.30011299,,18.197399,17.040001
1013577024,210.5911876,-66.1081747,-0.39713299,,19.436001,18.0483
1009411663,210.6867717,-67.73488973,0.246029,,18.1604,16.9674
1013581445,210.8394595,-66.03626277,0.55096698,,15.9795,14.7873
337816726,197.8166757,-67.89376984,0.374185,,17.6576,16.339001
339649418,200.1508107,-66.12471886,0.44201201,,18.0679,16.7658
338888624,199.4142795,-67.50025929,0.359377,,18.0546,16.704201
336189057,195.6799001,-67.50185046,0.44981,,16.7922,15.6269
339648731,200.3474897,-66.20206832,0.48157001,,16.9165,15.7215
339649902,200.2934549,-66.07424419,0.642757,,16.2251,15.2099
336189487,195.5940186,-67.56923591,0.232867,,16.284,15.1699
338889317,199.2944309,-67.61904226,0.86486101,,15.4913,14.3914
967874284,182.4230716,-66.26022174,0.090197101,,16.985399,15.5417
907589955,168.5442308,-67.74575324,0.26562199,,16.754,15.759
907443942,172.8892789,-67.77737828,0.0144536,,17.996201,16.8009
909479993,172.7974204,-66.66124515,0.33094901,,17.981001,16.7243
909480570,172.7994457,-66.64714856,0.42690399,,16.9319,15.7332
909452404,173.3993922,-66.48665836,0.17259,,18.1882,16.989799
909410968,173.5222868,-66.76811389,0.267961,,17.041201,15.9799
909388006,174.0589651,-66.88268557,0.299494,,17.9062,16.913401
909388037,174.0580211,-66.88797092,0.29218999,,17.613199,16.447201
335729666,195.2030599,-66.20088268,0.26283699,,17.181601,16.0546
909389337,174.126194,-66.85144639,0.29460201,,18.1856,16.949499
909014154,174.8330721,-66.13716959,0.37257099,,18.1798,16.7309
908952771,175.1496807,-66.62078403,0.160689,,17.981899,16.818399
908952869,175.0734087,-66.63095393,0.23300201,,19.3939,18.1957
908953526,175.1628497,-66.5719733,0.27776301,,17.768,16.4512
908953825,175.1071487,-66.55969588,0.43539199,,15.9235,14.7922
909005989,175.7849303,-66.08945927,0.21421599,,18.893801,17.4007
908939715,176.1157424,-66.29375256,0.29824099,,17.035299,15.7698
336188620,195.8690701,-67.43506823,0.339055,,17.2568,15.9833
336188708,195.7469222,-67.44697478,0.42404899,,17.0993,15.8654
336188731,195.8702095,-67.45069169,0.47901601,,14.9541,14.031
1015375010,207.7085388,-66.00011149,0.36564201,,20.9097,19.636299
908137657,176.5085544,-67.86188309,0.37289101,,18.4515,17.3832
909045319,177.1491513,-66.20758411,0.50572401,,16.9307,15.7075
909045662,177.0515147,-66.19847031,0.292887,,17.3589,16.1024
909045717,177.0935309,-66.17907247,0.30531499,,18.3391,16.888599
909045731,177.0934894,-66.1858771,0.28805599,,17.817101,16.4282
909046325,177.1127994,-66.16398148,0.393296,,17.964399,16.629801
909046489,177.1120355,-66.13570165,0.133626,,19.1381,17.681299
908022755,177.0998739,-67.92747056,0.50290602,,16.754999,15.8636
908044092,178.083425,-67.81102913,-0.30320701,,19.572701,18.536699
908517499,178.4065536,-67.48315823,0.795771,,15.6476,14.5735
908531016,178.2341665,-67.23737001,0.18668699,,16.753201,15.7027
908572054,178.1912011,-67.03341857,0.71421099,,15.952,14.8439
908754993,178.1798279,-66.51020075,0.329853,,18.030001,16.752501
908754996,178.1792508,-66.50955952,0.32110599,,18.371599,17.004499
908654196,178.777718,-66.69854026,0.31952,,18.1509,16.7708
908666558,178.5948068,-66.56400887,0.41472399,,18.308201,17.0429
907977624,178.7359742,-67.92639693,0.357308,,17.414101,16.337999
915937537,179.2404015,-66.15786302,0.462378,,17.4527,16.170099
908697350,179.4128746,-66.42608197,0.298345,,17.912901,16.759701
907986914,179.0344911,-67.74458854,0.24568,,17.348101,16.392099
337909422,197.7284045,-66.77083614,0.35284001,,17.445601,16.155001
337910096,197.9414452,-66.68920556,0.36579099,,17.006901,15.725
339650165,200.2278262,-66.04619977,0.704301,,16.4384,15.2997
908627702,179.4598438,-66.88282544,0.201308,,18.9161,17.5504
908709396,178.9807199,-66.41321449,0.23086999,,18.0651,16.8584
908636652,179.5093087,-66.80162301,0.109041,,18.556499,17.1108
908424100,179.7840631,-67.70681334,0.283178,,16.3372,15.2156
908675378,179.9703711,-66.66136898,0.482519,,14.7187,13.739
908675409,179.9687425,-66.66028161,0.216125,,18.692801,17.4207
967921226,180.0686015,-66.5271863,0.229122,,17.0856,15.8195
967921888,180.283348,-66.49785883,0.17333999,,17.6022,16.298
967922226,180.2610633,-66.4805819,0.47898501,,18.184,16.9772
967922680,180.3822986,-66.51795554,0.38350001,,16.901699,15.8737
967787933,180.4919137,-66.79293035,0.443766,,15.8899,14.7741
967398557,181.2583177,-66.98323355,0.220098,,17.4112,16.1029
967406143,181.6248089,-67.12614069,0.33832499,,17.1366,15.98
965722982,182.2279528,-67.44352369,0.40226799,,15.4838,14.2777
967874079,182.299959,-66.27212269,0.40312499,,17.8911,16.694401
967833742,182.6903295,-66.4706846,0.484106,,15.3653,14.2951
967833853,182.718774,-66.45331382,0.0277739,,17.363501,16.052299
339118277,199.5366938,-67.25646052,0.135167,,18.171101,16.7183
335290282,194.4203512,-67.21324618,0.22558101,,18.151199,16.968901
908137654,176.5080319,-67.86123419,0.214615,,18.2262,17.0674
909045438,177.1688902,-66.20384856,0.52000701,,17.997101,16.561199
908654461,178.6928239,-66.73213458,0.074560001,,18.3514,16.8671
909389198,174.1744896,-66.86396967,0.46719399,,17.937401,16.7379
967364095,180.8167577,-67.34143663,0.16407,,17.4806,16.2064
335736101,195.0993262,-67.07398076,0.23619901,,17.938101,16.733
967366072,180.7853054,-67.28287307,0.158298,,18.254601,16.9625
908022335,177.209221,-67.92221311,0.115978,,17.867901,16.729401
907978046,178.6275508,-67.9511833,0.200271,,17.4674,16.2941
908481406,179.8495781,-67.2631722,0.27704701,,18.7216,17.4231
967278994,180.153892,-67.59663458,0.34776399,,17.720501,16.515699
909013869,174.8479208,-66.17012627,0.163109,,18.8283,17.105
908075866,177.7179962,-67.41878907,0.35360399,,18.3309,17.056
967364075,180.818179,-67.34167848,0.35781601,,16.8211,15.5862
339118429,199.6876046,-67.23247021,-0.019278999,,18.967501,17.496201
335602459,194.7499643,-67.39480155,0.69693702,,20.3771,19.208401
339118520,199.5472434,-67.21866189,0.33415699,,18.070999,16.618999
335828720,195.0999601,-67.8577248,0.33373401,,17.038,15.889
335728567,195.2474903,-66.07354523,0.200638,,18.0007,16.4874
338035068,198.1810031,-67.83645519,0.171967,,17.587099,16.3449
342086044,204.1956588,-67.84432639,0.212901,,17.5413,16.150101
342086507,204.1879735,-67.9263857,0.15569399,,17.7694,16.402901
342086612,204.1306778,-67.94822722,0.0841517,,18.1717,16.766701
335735835,195.1393739,-67.03697876,0.224279,,17.8293,16.5425
339299299,199.8517651,-67.03211079,0.191451,,17.080601,15.7028
335290186,194.4794671,-67.20033169,0.444931,,17.600201,16.4312
337057190,197.029292,-66.47689175,0.38305801,,18.685801,17.3211
339298896,199.9318747,-66.98146676,-0.128601,,18.499901,16.903099
341170008,202.6583066,-67.70949938,0.069017202,,18.412399,16.9375
338034699,198.2557308,-67.77578051,0.467796,,17.6497,16.4655
339118345,199.6560768,-67.24597294,0.271548,,18.099001,16.6327
342084940,204.1800156,-67.64208906,0.32573399,,17.7383,16.4391
339118288,199.7410652,-67.25534715,0.53617001,,16.696501,15.3984
335828943,195.24069,-67.89508974,0.27108899,,17.596901,16.405199
335728898,195.19695,-66.11205643,0.81939697,,14.0991,13.2365
335728903,194.9859206,-66.11280862,0.26540899,,15.3955,14.2406
335735377,195.0481995,-66.97709681,0.46586499,,14.4049,13.3855
335735859,195.0248176,-67.03978684,0.398586,,16.947201,15.724
336950727,196.6819301,-67.31096686,0.35535899,,16.454201,15.3137
312926291,182.8076052,-67.2422137,0.113228,,18.0203,16.8102
339228310,199.8510114,-66.65401475,0.199903,,18.817301,17.444599
339228772,199.9172593,-66.71001749,0.469156,,18.4839,17.096901
340527876,201.7271184,-67.68680032,0.1305,,18.0471,16.632
341276308,202.6978973,-66.07308921,0.409105,,17.624901,16.2432
342826900,205.2017913,-67.29603396,0.248523,,17.360399,16.4867
340450628,201.7958865,-66.76700494,0.290135,,17.809,16.4918
341274795,202.557993,-66.24800347,0.454941,,18.859699,17.469999
341282207,202.9898163,-66.49923125,0.424483,,18.8748,17.3981
341280965,203.0102805,-66.34730184,0.52623498,,17.6091,16.3556
341284864,202.7655959,-66.87280109,0.28221399,,19.1521,17.6833
312918282,182.8210132,-67.79730474,0.41875899,,16.610201,15.4465
341282921,202.9595313,-66.5954755,0.63611698,,16.755699,15.6326
1012714097,207.2974985,-66.77581032,0.38013899,,16.553801,15.425
1012177828,207.4152997,-67.92619557,0.111474,,17.461399,16.4172
1012177831,207.4134514,-67.92591756,0.293598,,17.7033,16.6098
1014270408,207.8671783,-66.27335167,0.65560001,,16.200899,15.1025
1013408526,208.3329238,-66.47849798,0.76135898,,14.653,13.6522
1013409738,208.4053069,-66.44334305,0.044438198,,18.347099,17.134899
1013409743,208.4299078,-66.43304172,0.57363498,,16.4874,15.3703
1013410008,208.3153413,-66.44702736,0.15211201,,17.8258,16.665899
1012164983,208.3059474,-67.87166056,0.37535599,,17.478399,16.319
1012168729,208.1462089,-67.89814204,0.401894,,17.9272,16.802999
1015224383,208.7982629,-66.00156449,0.073992297,,18.230101,16.938601
1013437742,208.9636776,-66.17808713,0.161714,,17.9182,16.733101
1013250227,209.4415269,-66.7686468,0.123382,,17.610901,16.407499
1013463833,209.9670139,-66.15125682,0.282002,,18.3526,17.165501
1013463906,209.9860508,-66.1466687,0.268758,,18.157499,16.943501
1013471098,209.9157327,-66.14350922,0.432634,,17.786501,16.6432
340449060,201.7488325,-66.54921527,0.32519999,,17.7997,16.421801
340449307,201.6800162,-66.58077392,0.32674101,,17.798401,16.3447
1013471099,209.9172426,-66.14338257,0.26720399,,17.277901,16.1469
1013130645,211.191592,-66.35368625,0.20557401,,18.504801,17.1542
1013159187,212.1633167,-66.27644867,0.098307103,,18.7362,17.4074
1009359798,212.6090925,-67.69009761,0.66381502,,15.1018,14.0483
1013042149,212.9679725,-66.50156477,0.410074,,18.4146,17.087
1013056872,212.7062049,-66.55900034,0.19074699,,18.244499,16.802299
1013059513,212.831676,-66.52285676,0.29772401,,18.769501,17.329201
1013053632,213.5713623,-66.35083071,0.271835,,17.780399,16.5219
1009550788,213.9927384,-66.98766149,0.249551,,18.123899,16.7959
1009550812,213.9912788,-66.98791996,0.28838301,,17.807301,16.476999
1009608116,213.7317605,-67.01254052,0.36657801,,17.983,16.765699
1010669370,214.4413915,-66.36252861,0.093929499,,19.048,17.5839
1010670450,214.464414,-66.31874381,-0.059561498,,19.344299,17.847099
341283052,202.9803604,-66.61232932,0.442027,,17.2822,16.109501
1010570366,214.9646978,-66.67244149,0.399968,,17.917299,16.646999
342826929,205.3158139,-67.30099343,0.337262,,17.150801,15.8705
340449947,201.8091336,-66.66279161,0.206545,,18.5245,17.0832
312930799,182.9359192,-66.96470747,0.161119,,18.542801,17.283701
1014292033,207.4723229,-66.3916527,0.63235497,,16.399799,15.2363
1013410072,208.3507913,-66.43012519,0.202227,,18.467699,17.1359
1012774708,209.7519615,-67.51748166,0.263111,,17.767099,16.5674
1013060307,212.8453029,-66.45892727,0.00147651,,18.6733,17.149401
1016780093,213.78226,-66.34875079,0.47200501,,17.9237,16.3915
1010554679,214.8881143,-66.83135991,0.31044999,,19.0175,17.628
341279033,202.9600097,-66.11051663,0.31047601,,17.292999,15.9952
341282923,202.9634583,-66.59591411,0.24827901,,17.876801,16.5923
1014276191,207.2866695,-66.48240313,0.29997,,18.4496,17.128201
1013377610,208.8797401,-66.49133422,0.57811201,,16.927999,15.7538
1012734335,208.0385371,-66.5510995,-0.035473201,,18.778099,17.439199
1013437662,208.9227722,-66.1725161,1.1311001,,15.0683,14.0086
1013249280,209.3496589,-66.80169971,0.42790401,,17.968,16.6971
342826980,205.3610569,-67.3074133,0.54425001,,17.0854,15.8687
341284566,202.8685036,-66.8261122,0.338231,,17.6241,16.373699
340150334,200.9525621,-67.6508285,0.155073,,16.631001,15.3994
342826958,205.4179659,-67.3041386,0.61719799,,16.193899,15.1034
340448991,201.7374939,-66.54050115,0.81659901,,15.2805,14.2212
341283051,202.7965763,-66.61213236,0.45551899,,17.254,16.076
342826786,205.405057,-67.27530739,1.01263,,15.3689,14.2719
342827094,205.1780317,-67.32675851,0.350409,,16.2509,14.9662
336955891,196.6046589,-66.59157422,0.192762,,17.9391,16.608299
338459753,198.7502679,-67.04634358,0.118679,,17.956301,16.5919
338666747,199.0100621,-67.38737301,0.29854801,,18.7139,17.1476
340447125,201.8142257,-66.30632209,0.21238901,,18.1271,16.763201
336617158,196.3585835,-66.8352144,0.50604498,,18.270399,16.8932
341970688,203.8757804,-67.21385554,0.040977102,,18.5376,17.226101
337511424,197.5476274,-67.22721517,-0.0120643,,18.565901,17.1038
337819047,197.8138248,-67.5297064,0.126948,,18.630301,17.226299
340145006,201.1731246,-66.81757071,0.32215101,,18.3221,16.976
336616903,196.3579787,-66.79957614,0.120826,,18.6383,17.252501
336954242,196.5303138,-66.79891125,-0.039655201,,18.389999,16.913401
337917207,198.2122829,-66.00008494,0.208955,,18.055,16.2946
340036561,201.0856286,-66.32187684,0.33742699,,17.8666,16.476
340149499,201.217376,-67.5127503,0.105929,,18.514601,17.148199
341970964,203.8297343,-67.17464687,0.33038601,,18.112101,16.7808
341971303,203.889667,-67.12255182,0.433056,,17.763201,16.540701
342491304,204.5984823,-67.8697637,0.255465,,16.9041,15.7831
341971338,203.8868702,-67.11772588,0.40120801,,18.192301,16.888599
336616847,196.3391682,-66.79178559,0.33987999,,18.4568,16.9702
340146682,201.1071178,-67.06049662,0.110688,,18.4562,17.1089
340149379,201.0439685,-67.49693754,0.18324301,,18.2738,16.969801
340451603,201.8095303,-66.90189474,0.0228702,,18.3015,17.032
342491897,204.5812011,-67.98982581,0.138409,,18.443001,17.0485
336615880,196.2135619,-66.673256,0.244941,,17.356701,16.124599
909501689,172.1048932,-66.52013028,0.195985,,18.5837,17.317101
909502472,171.9296085,-66.50873913,0.142996,,16.7707,15.6257
909526860,172.9630694,-66.30636913,0.30350101,,19.4965,18.143499
909526879,172.9630987,-66.30708106,0.039321002,,18.493401,17.062599
909527415,173.0014065,-66.28603794,0.31551,,17.8335,16.5665
909527525,173.0077073,-66.26774291,0.22502799,,16.810301,15.6161
907431211,173.3763187,-67.79325309,0.071155898,,18.565599,17.4818
907431231,173.3744389,-67.79307523,0.100116,,18.2752,17.169901
907431418,173.3217172,-67.77739995,0.57764202,,15.5193,14.5689
340447997,201.7710021,-66.4173042,0.219915,,19.8048,18.295
338666614,199.1356079,-67.40954004,0.051078498,,17.086599,15.8904
1012805857,211.1876115,-67.24786585,0.57327098,,19.033501,17.8923
340447462,201.6187243,-66.3509954,0.40916201,,17.024599,15.9283
336954889,196.4766651,-66.71285358,-0.14846,,18.344801,16.7129
336954997,196.6196138,-66.70087204,0.58029801,,17.192801,16.025
338459715,198.7464349,-67.04114965,0.20167901,,18.090401,16.632999
909474210,173.3260675,-66.17683452,0.261316,,18.1784,16.8731
907430067,173.5189602,-67.83547436,0.39773801,,15.9485,14.9456
907430068,173.5208451,-67.83544539,0.437051,,15.6969,14.795
909209471,173.9910714,-67.87014717,0.187841,,18.430201,17.349701
909430759,173.9371304,-66.6303109,0.119073,,17.6721,16.318399
909431406,173.7369757,-66.65411759,0.20003501,,19.013399,17.671301
908225164,174.3834115,-67.56431707,0.34832299,,18.0529,17.025499
908362107,174.5524637,-66.99488582,0.43660799,,15.4702,14.4704
908362425,174.5022698,-66.98228784,0.26961401,,17.691999,16.651899
908364327,174.5580311,-66.97421881,0.24114799,,18.2822,17.1838
908364623,174.4917303,-66.94998975,0.341463,,17.1807,16.125999
908364998,174.5711013,-66.94078617,0.30634299,,17.6817,16.601299
908988433,174.5514067,-66.29174888,0.86437601,,14.7552,13.7317
908988479,174.5529974,-66.29126637,0.688945,,15.4643,14.382
908386226,175.3106925,-66.86819227,0.191772,,18.341999,17.1008
908387213,175.298988,-66.80729053,0.36214599,,17.120399,16.1001
908387214,175.2977902,-66.80687988,0.30301201,,16.901199,15.8404
908201123,175.5200067,-67.79862152,0.158841,,18.563999,17.403299
908211290,175.5350848,-67.60628546,0.329193,,16.1217,15.0192
908321400,175.8563374,-66.9634295,0.106559,,18.8309,17.587601
908997956,175.5796901,-66.2098717,0.38960099,,19.4667,17.8109
908874600,176.381611,-66.92633962,0.25813699,,17.271601,15.9725
342491689,204.5683246,-67.94783312,0.19552501,,18.211599,16.771999
336615541,196.2252978,-66.62985838,0.29899299,,17.354799,16.170601
908128969,176.3812051,-67.97179709,-0.46300399,,18.595699,17.542299
908136421,176.2743954,-67.90801929,0.244982,,18.4534,17.4512
908920395,176.5513161,-66.34557751,0.45922801,,17.600201,16.2125
908559911,177.4664503,-67.03624023,-0.0625109,,19.0315,17.8675
908560289,177.3583672,-67.01798044,0.284334,,17.945801,16.6551
909035535,177.1789043,-66.32293504,0.0069514699,,17.853201,16.385
909035585,177.1437016,-66.3305863,-0.113112,,19.6485,18.1131
908035799,177.25481,-67.69013085,0.159913,,18.007799,16.8953
908035830,177.2559317,-67.69055584,0.36218899,,18.194401,17.125
908036809,177.2173253,-67.68894023,0.17693099,,17.856701,16.804501
908534302,178.2293669,-67.13440076,0.22947399,,17.7551,16.6264
908797301,178.2061691,-66.3365472,0.40806499,,16.111601,15.0932
908813112,178.262203,-66.16118455,-0.024509899,,18.778,17.3703
908813359,178.2469555,-66.13162692,0.392203,,15.0446,13.8248
908813360,178.2499803,-66.1313863,0.705724,,16.8822,15.6941
908665598,178.5970635,-66.6132498,0.260708,,18.339199,16.9939
908790938,178.4407276,-66.3464884,0.42078999,,17.478701,16.2908
908446582,178.9664846,-67.61675507,0.20256799,,17.896099,16.748899
915952544,179.2096055,-66.03348056,0.122897,,18.1812,16.874701
336616121,196.4428459,-66.70231528,0.201123,,16.9849,15.8334
340036955,200.9801376,-66.37431465,0.30983299,,17.570499,16.312901
915952581,179.2060224,-66.01915435,0.188328,,17.386801,16.197901
967391404,180.4357906,-67.0816561,0.478306,,15.5087,14.4948
967393065,180.8893516,-67.12769197,0.112697,,17.7759,16.677999
967945865,180.8589515,-66.2438,0.158012,,17.559,16.1105
967421823,182.2296169,-66.92555836,0.178776,,17.0189,15.5461
967421824,182.2312014,-66.92588279,0.39796799,,16.193399,15.0737
967421921,182.2370976,-66.92190601,0.216307,,17.6758,16.288099
967423128,182.3912978,-66.85697971,0.230307,,17.275801,15.9561
967427546,182.2447335,-66.85269587,0.45605299,,16.358101,15.1539
908135656,176.4428282,-67.92272928,0.054118302,,17.8181,16.6598
908641435,179.3946153,-66.68661255,0.230893,,18.280399,16.8211
965618470,181.5334629,-67.99553579,0.377161,,19.049,17.8757
908797393,178.2208805,-66.31463248,0.58565903,,17.4536,16.1621
967771638,181.2382959,-66.86418429,0.34338501,,17.0599,15.6708
908386055,175.306709,-66.89889456,0.85770601,,16.0298,14.9291
908996263,175.6447047,-66.28932019,-0.0827806,,18.966299,17.2208
908210857,175.2134165,-67.60539366,0.020091601,,18.929701,17.621401
909888496,173.9806385,-66.03609575,0.155386,,18.1402,16.514
908201115,175.5220148,-67.79875597,0.116341,,19.049,17.791201
908035997,177.2583916,-67.66634082,0.36423701,,18.250401,17.0805
965615813,181.9442402,-67.97684471,0.73405701,,17.5235,16.4077
337818668,197.8673959,-67.59052024,0.178939,,17.3799,16.089399
908466844,178.6748913,-67.2403098,0.470559,,16.8132,15.5045
340150502,201.0553517,-67.67716411,0.115531,,17.9718,16.7535
341970713,203.7710383,-67.2101663,0.380613,,17.120399,15.9234
341971850,203.6613247,-67.04019404,0.32864901,,17.403999,16.1071
340036958,201.1537841,-66.37514723,0.39837301,,15.775,14.4995
336616126,196.4210641,-66.70311885,0.37676001,,16.3197,15.3242
341970984,203.8206981,-67.17129115,0.31120801,,16.575001,15.3055
341972137,203.7600551,-66.99758211,0.474989,,17.311199,16.1595
340335843,201.2556143,-67.08236588,0.57374001,,17.2556,15.9814
341971048,203.6620622,-67.16344875,0.15358,,16.781601,15.6298
336954619,196.4871823,-66.74733327,0.37355199,,16.592899,15.4272
336615613,196.4384831,-66.63812981,0.79601598,,15.3298,14.2047
336616566,196.4402678,-66.75617296,0.80497003,,15.7401,14.5583
336617358,196.2386011,-66.8648224,0.14805,,16.813999,15.3337
336955517,196.595546,-66.6366159,0.39081299,,16.4072,15.1007
338459917,198.7995727,-67.06739624,0.38354999,,15.3745,14.4766
341971041,203.8225333,-67.16335661,0.41931301,,16.5516,15.3501
342491387,204.8073012,-67.88500335,0.37645301,,17.2442,16.035601
340034322,201.146662,-66.05514419,0.75103498,,15.5519,14.5269
341972346,203.9086486,-66.96935055,2.3394201,,13.3775,12.4586
341971651,203.9316641,-67.06897772,0.54100603,,14.6151,13.7516
341970981,203.8203594,-67.17207939,0.375893,,16.305599,15.2532
342491306,204.8165163,-67.87018854,0.43200099,,18.130199,16.807301
340447992,201.6681704,-66.41642472,0.51225501,,16.8262,15.6334
336615605,196.2012008,-66.63769366,0.44870499,,16.374599,15.0992
338459421,198.710477,-67.00439555,0.58803803,,16.273899,15.1464
336615802,196.3023092,-66.66092614,0.401281,,15.8012,14.8645
341972258,203.6688788,-66.98024298,0.44811201,,15.3624,14.2835
342491681,204.670596,-67.945684,0.44542,,15.6656,14.5669
340039008,200.9652373,-66.64711868,0.27219999,,16.5816,15.1663
342491862,204.7604776,-67.98490855,0.54864699,,14.4963,13.5034
339905874,200.7053809,-67.60817975,0.28998101,,17.8741,16.556299
340526240,201.5968684,-67.41099754,0.47777301,,18.1583,16.83
340526390,201.8248179,-67.43771895,0.0821447,,18.2264,16.917601
339906482,200.7422711,-67.50611615,0.30037999,,18.6453,17.3123
340526235,201.7459841,-67.41032928,0.229038,,17.822701,16.443399
340450899,201.8169577,-66.80819542,0.28513601,,17.8659,16.566
340863402,202.2393669,-66.77755883,0.0072177202,,18.7241,17.209801
341287059,202.7472035,-67.19658401,0.218514,,17.688,16.277599
342082795,203.9624164,-67.2723847,0.27699301,,18.124399,16.7901
343149649,205.7933412,-66.24744855,0.31947601,,17.803101,16.52
340452392,201.6957011,-67.0099004,-0.371663,,19.354799,17.924801
340030379,200.7759554,-66.26716274,0.28310201,,17.310699,16.142099
340035894,201.0672163,-66.23723173,0.143646,,17.893499,16.7342
340859923,202.1783423,-66.32495796,0.44845399,,17.3438,16.137199
341285155,202.9756979,-66.91718582,0.198872,,19.194901,17.8377
341288219,202.8351683,-67.3931922,0.091254003,,19.1422,17.6936
908363416,174.3695516,-66.977639,0.50334901,,18.8456,17.6341
967263519,181.0659491,-67.57464249,0.37582901,,19.602699,18.585501
342083053,204.0005991,-67.31447726,0.19040699,,19.07,17.6707
342083876,203.9799245,-67.45726499,0.287779,,16.580799,15.3115
339906781,200.9401244,-67.45862694,0.17155001,,18.1049,16.833
340023679,200.751786,-67.21466345,0.133984,,18.1297,16.814699
340525894,201.7683771,-67.35486867,0.361112,,17.0858,15.9392
341285038,202.8608355,-66.89965392,0.29727599,,17.4629,16.277599
341286132,202.956927,-67.06067311,0.424198,,17.2726,15.9909
340025462,200.8962236,-66.94943848,0.25849599,,18.1462,16.7391
342082374,204.1557179,-67.20614345,0.0239619,,17.712601,16.4739
342082598,204.0933643,-67.24276662,0.292676,,17.677299,16.3279
342083260,204.1848376,-67.3491593,0.113125,,18.171,16.778099
340863531,202.3102567,-66.79311344,0.68774402,,17.792299,16.534201
340036949,201.1501819,-66.37315115,0.282417,,17.3542,16.056601
340853074,202.0735595,-66.37261235,0.084698498,,18.110901,16.817699
340524518,201.6811599,-67.134452,0.230941,,19.1828,17.7409
341284708,202.9956787,-66.84885427,0.110207,,17.808901,16.5343
340525283,201.6453598,-67.25563781,0.26819101,,17.107201,15.8529
340854238,201.9024098,-66.23326037,0.38950601,,17.748199,16.25
340864979,202.2247697,-66.99594991,0.170054,,18.3276,16.935301
342082836,203.9408561,-67.27884313,0.317601,,17.796101,16.4426
340030374,200.7740266,-66.26758187,0.37669501,,17.3787,16.187901
340864824,202.3707282,-66.97018281,0.317534,,18.019501,16.773199
341282998,202.9099176,-66.60685723,0.36189601,,17.7537,16.467199
342082651,204.0940337,-67.25053829,0.15163399,,17.4489,16.2764
340024150,200.7088901,-67.14256863,0.59668499,,14.3058,13.5366
340148710,201.2207044,-67.38082241,0.144952,,17.232901,15.9015
340024143,200.8796795,-67.14333548,0.596102,,16.983299,15.7232
340039612,201.0989074,-66.72755281,0.30707699,,15.4531,14.5413
340852745,201.8900802,-66.40957911,0.81961799,,15.999,14.9074
341282320,202.8605554,-66.51372878,0.35445601,,16.2964,15.2317
1012545636,207.9174731,-67.38098906,0.21106701,,17.4326,16.2258
1012546049,207.8974498,-67.36673129,0.0136161,,17.851299,16.6985
1012580224,208.0097869,-67.12828299,0.210642,,17.872101,16.6089
1012693592,208.1532122,-66.82711811,0.0523009,,18.008499,16.7071
1014256762,208.0903009,-66.43840385,0.232862,,16.717899,15.4821
1012542047,208.2670541,-67.37327488,0.140893,,17.4636,16.3332
1013257891,208.7713465,-66.9062815,0.17241199,,17.3853,16.1647
1013257892,208.7703711,-66.90575009,0.33217001,,16.591499,15.529
1013264059,208.8250869,-66.83981995,0.224463,,18.4863,17.210699
1013264167,208.7926131,-66.8397765,0.468707,,17.3386,16.1415
1015211800,208.846412,-66.15148939,0.35782099,,17.4496,16.287001
1013268444,209.0146016,-66.72808912,0.37804201,,17.0333,15.7551
1013270175,209.0846505,-66.66864068,0.15563899,,18.0133,16.7456
1012772608,209.7793304,-67.57107221,0.175119,,17.2155,16.2293
341283719,202.9508614,-66.70692011,0.30529401,,16.639999,15.3595
341287119,203.034959,-67.20661327,0.324626,,16.568899,15.4028
341290147,202.9895814,-67.72675852,0.246815,,16.9125,15.4404
341276283,202.6314738,-66.07658529,0.73476702,,14.9133,13.6952
343149373,205.9554833,-66.2019364,0.472155,,16.4405,15.1944
340039512,201.1506561,-66.71381157,0.450883,,15.7523,14.518
340038701,201.2027374,-66.60890085,0.42686799,,15.6731,14.534
1013247950,209.5821206,-66.81469499,0.41301799,,17.240999,16.026501
1013334210,209.5886595,-66.42777147,0.42871401,,17.1012,15.8882
1013316543,210.4121181,-66.41131292,0.24792901,,17.9224,16.594999
1013697132,210.5490878,-66.02059582,0.17856,,17.68,16.367701
1012804128,211.2455476,-67.28614655,0.15699799,,17.225599,16.171101
1012804409,211.2104714,-67.28424953,0.204873,,18.2372,17.0443
1013001271,211.6147621,-66.93579081,0.37443,,15.7275,14.5418
1012818849,211.746774,-67.08340728,0.14268801,,17.177299,15.9283
340863001,202.3365995,-66.72511808,0.52161902,,16.611601,15.3336
342084830,203.9495523,-67.62155181,0.50396502,,16.3344,15.1667
342084892,203.9513903,-67.63250416,0.348575,,16.737499,15.4765
340855366,201.9088507,-66.09210271,0.68414402,,14.7255,13.7233
1012818850,211.7461591,-67.08402364,0.46965799,,16.504999,15.3501
1012818973,211.7550993,-67.06084969,0.29982799,,17.4979,16.437599
1013145926,211.9101692,-66.18656018,0.32317299,,18.5466,17.2493
1009348293,212.1576256,-67.89581977,0.34974399,,17.0186,15.9366
1013162422,212.6322639,-66.16736685,0.336371,,18.483999,17.1903
1012990301,212.8241957,-66.82109281,0.32120001,,17.6182,16.333799
1012990302,212.8238925,-66.82047161,0.28786299,,17.322201,16.0254
1012990746,212.8185761,-66.79556714,0.19517501,,18.100401,16.753401
1009492001,213.0192127,-67.49560661,-0.105676,,18.1134,16.8179
1009498629,213.13617,-67.51022435,0.32226399,,17.3228,16.026199
1009480753,213.7505589,-67.53518824,0.083058402,,17.344999,16.174801
1016814002,213.7304947,-66.03059215,0.13248099,,18.6658,17.365
1009478767,213.7715145,-67.61481327,0.25640601,,18.024799,16.825899
1009479165,213.7706877,-67.5817709,0.17423899,,17.437201,16.258301
340525877,201.8112503,-67.35209532,0.47137201,,15.8055,14.7263
341283860,202.7994124,-66.72538781,0.27946299,,16.239799,14.9404
340526935,201.571726,-67.53117916,0.72819102,,15.5859,14.4182
340528169,201.6861427,-67.73383049,0.21098,,17.0371,16.163401
340851757,202.0171701,-66.54293854,0.51403099,,16.1996,14.9909
340854525,201.8812536,-66.1962096,0.81358403,,15.1367,14.0476
340862105,202.3563795,-66.60403177,0.26159799,,17.8752,16.446899
1009548652,214.365063,-66.94946823,0.23277999,,17.5117,16.313499
1010563987,215.1727599,-66.71781849,0.213025,,16.857599,15.5477
1010563988,215.1744799,-66.71798228,0.371337,,15.0574,14.1492
1010684304,215.1507091,-66.32326523,0.337993,,16.933201,15.7368
1010283804,216.0696333,-66.86665095,1.36248,,15.0131,13.9956
1012757042,210.740873,-67.53878264,0.257718,,17.6882,16.516199
1012818974,211.7533791,-67.06077743,0.43444499,,18.0194,16.7871
1009352656,212.0191652,-67.84508912,0.48852399,,17.1092,15.9958
1009548692,214.3660091,-66.94895259,0.31334099,,17.3839,16.021099
1009480769,213.7497993,-67.53469734,0.171922,,16.9757,15.668
1010533273,214.8063319,-67.03715251,0.241521,,18.6488,17.2635
1012754020,210.5863505,-67.61167117,0.250128,,17.708401,16.521
1009478784,213.8056072,-67.61315019,0.36104801,,19.0872,17.8246
340730915,201.9168857,-67.68875379,0.46050301,,16.812901,15.6648
343149839,205.961265,-66.27471441,0.46093899,,18.2062,16.8685
909257611,173.9322703,-67.29424636,0.00269421,,17.643801,16.3932
908362909,174.3246645,-67.02362056,-0.092506602,,19.4182,18.1532
908364595,174.4935961,-66.9495435,0.43620101,,16.9086,15.8886
908223210,174.5967426,-67.54909617,0.059556399,,17.364401,16.365
908223211,174.5981832,-67.54934003,0.33117601,,16.1059,15.219
908361092,174.5012005,-67.051208,0.37742499,,17.841801,16.6735
909019346,174.4749243,-66.05932955,0.180152,,18.669701,17.1325
908266433,175.7663035,-67.58761919,0.262113,,16.7796,15.5792
1012546002,207.8979166,-67.36610984,0.37111199,,18.4228,17.2267
1009492048,213.0148426,-67.49192561,0.129245,,19.1819,17.832001
1009547837,214.2602412,-67.00392769,0.33720699,,20.1359,18.7374
1009548584,214.3810081,-66.94712972,0.378378,,18.934099,17.564501
1012546188,207.9246269,-67.33639183,0.207763,,17.2514,16.0065
338887366,199.2072298,-67.2975865,0.256302,,18.299801,16.8657
340036095,200.9920642,-66.26153723,0.39130101,,17.6096,16.4006
908266434,175.764969,-67.58718735,0.280505,,16.665501,15.553
908266819,175.838086,-67.56092868,0.064951502,,17.972601,16.9431
908266921,175.8422257,-67.54894719,-0.0275566,,18.1161,16.9431
908884274,175.9167829,-66.69550864,0.23175,,17.7043,16.380301
908996145,175.7055697,-66.30406652,-0.205376,,19.770399,18.157
909061970,176.2475481,-66.08556394,0.30162901,,18.8724,17.240601
908141653,175.9682352,-67.989553,0.35492301,,18.8412,17.7974
908141678,175.9691137,-67.98902624,0.030085299,,17.466,16.433399
908899799,176.8292739,-66.72675692,0.102954,,18.374901,16.7003
908600000,177.3387926,-66.68900803,0.50045902,,18.5854,17.208599
908065524,177.6708145,-67.57608542,0.52804101,,14.5598,13.9302
908582494,178.296303,-66.80043244,0.87355602,,14.6137,13.5731
908740888,178.1128842,-66.6825789,0.0052771298,,19.42,17.9443
908747423,178.5061078,-66.60272199,0.26958799,,18.316,17.0362
908748349,178.5497033,-66.5583966,0.231141,,16.6432,15.5614
907978664,178.624952,-67.91611185,0.35814199,,15.1781,14.1998
908718270,179.2361471,-66.42179935,0.40227601,,18.441799,17.166599
908695774,179.5037853,-66.42888935,-0.0114884,,18.618099,17.3241
965666401,180.3213787,-67.8716351,0.31012499,,16.8946,15.8907
965666432,180.3607999,-67.86659703,0.15333299,,17.2616,16.1779
965666449,180.359508,-67.86695565,0.32229501,,17.8479,16.7563
967379809,180.3368999,-67.25191727,0.75421399,,14.7053,13.7462
967380297,180.0570674,-67.28936135,0.17673901,,18.084499,16.858999
967380349,180.0589886,-67.28943795,0.130805,,18.5765,17.3127
967380518,180.1819582,-67.25414021,0.232172,,17.617901,16.364201
967380691,180.187079,-67.27679631,0.372192,,16.223101,15.2252
967768159,180.5412227,-66.87403353,0.389604,,16.6618,15.4101
967813658,181.4945703,-66.75798449,0.26188701,,16.5403,15.554
967815076,181.4406122,-66.73713213,0.461844,,17.000999,15.724
967822816,181.4768625,-66.61548757,0.095335796,,18.3983,17.001101
967440320,181.9627673,-66.77592265,0.296422,,17.794701,16.309999
967440995,181.5988861,-66.84324194,0.076084502,,17.437799,16.302799
967440996,181.6005736,-66.84323951,0.33979899,,17.883301,16.591499
967998895,181.7804284,-66.09165254,0.147873,,16.785101,15.5307
967998990,181.8744228,-66.06651945,0.17821801,,18.672001,17.410101
967319220,182.269598,-67.16614218,0.34152001,,17.401899,16.0891
967971856,182.3483659,-66.17016002,0.071572497,,18.1294,17.0313
967971857,182.3483346,-66.17074299,0.21934301,,18.2535,16.989
965765287,183.4932108,-67.51250968,0.00092315499,,18.9466,17.7195
908582493,178.2981668,-66.800215,0.89995903,,15.4176,14.2827
908643467,179.1801283,-66.92209295,0.28626999,,19.312901,17.937901
908363518,174.342177,-66.96028201,0.24740601,,18.499399,17.2127
908899696,176.884814,-66.72893233,0.60491502,,16.643999,15.2537
908363823,174.2715929,-66.95529592,0.35599601,,18.2932,17.049
908900089,176.9486917,-66.69257657,0.0223292,,18.9289,17.2369
908445595,179.0730687,-67.65908177,0.086096898,,18.82,17.6182
343149892,205.742826,-66.28364422,0.24709301,,18.2306,16.84
343150169,205.8929172,-66.32748465,0.344376,,18.0476,16.5562
967380653,180.1879816,-67.27621747,0.326938,,17.0774,15.8321
908363788,174.3318943,-66.96041899,0.25111899,,18.6716,17.3577
908547379,177.3016883,-67.2269863,0.88109797,,15.0364,13.9061
908748312,178.5508895,-66.55806151,0.610241,,16.712601,15.4365
967441248,181.5521347,-66.84469736,0.26867399,,18.060801,16.6014
337510894,197.5883122,-67.1506257,0.120125,,19.435101,17.913099
908547411,177.3025224,-67.22640307,0.83935797,,15.0273,13.8814
967381319,180.2553031,-67.22469956,0.237624,,16.944901,15.6433
967766714,180.6765554,-66.89016341,0.090888001,,19.492399,18.0082
340148631,201.0129688,-67.366561,0.38170299,,18.969,17.626101
340151349,201.0542154,-67.82785051,0.041228399,,18.5285,17.3396
340439569,201.2849704,-66.45446747,0.215874,,18.7609,17.2283
340854055,201.9506033,-66.25839275,0.050256498,,19.1262,17.4489
340854875,201.8698601,-66.15216851,0.121425,,18.4683,17.064199
341171763,202.4431392,-67.40971207,0.28957999,,17.560301,16.3298
341172931,202.5407265,-67.22791811,-0.0131354,,18.9986,17.550501
343138735,205.4812629,-67.11501712,0.35261899,,17.720699,16.547501
343150003,205.728906,-66.30034842,-0.0116675,,18.360201,16.9237
338887038,199.3518307,-67.24637667,0.33234701,,17.7279,16.258801
340145444,201.1441892,-66.87988923,0.281358,,18.375401,17.0487
340439904,201.3392598,-66.41004521,0.0603409,,18.5023,17.135599
340440525,201.371374,-66.33380759,0.36827999,,16.861099,15.5171
340441159,201.3124918,-66.25552616,0.31810999,,17.733299,16.346001
343150212,205.7446644,-66.33361352,0.44672099,,18.3589,16.8692
340855084,202.1298647,-66.12334828,0.50927901,,15.0082,14.0341
338887523,199.3771429,-67.32168053,0.35586399,,17.717501,16.2913
340333840,201.307964,-67.40832398,0.21314,,17.1565,15.9405
341584740,203.1134031,-66.74519492,0.26669601,,18.192101,16.7624
343139303,205.609578,-67.03102319,0.31317499,,17.214399,15.9666
343150258,205.9737769,-66.34245213,0.211971,,17.4631,16.033199
341173962,202.6285795,-67.0738441,0.37609801,,17.2721,15.9509
339297429,200.0360633,-66.79863416,0.43378401,,16.4958,15.4187
340034843,201.1207378,-66.11800494,0.277468,,18.239,16.876301
340437396,201.4761959,-66.74276299,0.217456,,17.3181,16.100401
341175700,202.5578369,-66.83208264,0.37303901,,17.4503,16.179199
341275149,202.6489491,-66.20950622,0.191851,,18.102501,16.684299
341583629,203.0765269,-66.89747427,0.26678699,,17.529499,16.2384
343149780,205.943576,-66.26539436,0.247291,,18.2257,16.7064
343149869,206.0154544,-66.27807382,0.210224,,18.202801,16.836
341585202,203.2479985,-66.68427019,0.17286301,,17.2542,15.8241
343150340,205.941206,-66.3550577,0.40989801,,16.9911,15.8613
339116425,199.7150282,-67.55654715,0.242893,,18.1049,16.819201
341585260,203.077939,-66.67620382,0.315245,,17.911699,16.475201
338887378,199.1727589,-67.29943998,0.53839999,,17.775101,16.3622
340333639,201.317016,-67.44104665,0.055964801,,17.852301,16.435101
340852154,201.985408,-66.48474944,0.360769,,18.2554,16.761
343139051,205.6851593,-67.07044073,0.228837,,16.812,15.725
343150056,205.9235341,-66.30891915,0.491014,,17.589399,16.2637
340039062,201.0573848,-66.65411299,0.44731301,,16.5769,15.4036
340439191,201.3960034,-66.50248799,0.53082502,,17.0282,15.7365
341583470,203.2932984,-66.92073078,0.396889,,16.319901,15.2405
340851995,201.9413979,-66.50816674,0.19446599,,16.373699,14.9315
339116499,199.7127784,-67.5445558,0.488318,,16.448099,15.317
340039226,201.1935571,-66.67468821,0.60124201,,14.8355,13.8641
340335607,201.3528764,-67.11869945,0.47735599,,15.0197,13.8867
340852015,202.0838835,-66.50554454,0.43340701,,17.0403,15.8627
340854483,201.9867628,-66.20236895,0.82651502,,15.4805,14.3715
341176767,202.5818877,-66.67965904,0.69002599,,13.6821,12.6159
341584326,203.1848429,-66.79986743,1.7077,,14.2102,13.2272
341584754,203.2838238,-66.7434689,0.396478,,16.4568,15.2104
343139056,205.5360519,-67.07007341,0.3637,,16.812,15.7476
343150122,205.9034479,-66.31915885,0.53860497,,16.7017,15.4104
336069885,195.2922388,-66.68708648,0.072997101,,19.3573,17.3421
337373396,197.1992183,-67.48499114,0.104818,,19.270201,17.9055
338392429,198.7852011,-66.65640858,0.15531,,17.673599,16.3389
336062440,195.505875,-67.82685937,0.091959797,,18.6905,17.380899
336070708,195.4789952,-66.56143075,0.34376001,,18.607599,17.0355
338391113,198.561831,-66.49520875,0.123002,,18.911699,17.4741
338770992,198.9581555,-67.03649687,0.33374301,,18.5154,17.113501
908316827,176.3206048,-66.99746886,0.47228301,,19.601101,18.363501
341689728,203.6042633,-66.03377609,0.30288699,,18.8827,17.3783
341979249,203.8529811,-66.04104404,0.350546,,18.354601,16.8778
341980673,204.0550589,-66.01115589,0.360641,,18.5187,17.060499
338772392,199.0052059,-66.84060012,0.27661499,,18.848,17.3888
341979464,203.7094027,-66.01487165,0.040384799,,19.627399,17.8874
336272458,195.5827897,-67.62013671,0.432587,,16.667101,15.394
341979117,203.7689471,-66.05724961,1.00464,,15.0029,13.9739
336272506,195.5963226,-67.62844463,0.41182899,,16.3545,15.0915
338390952,198.7126552,-66.4794347,0.429838,,17.304899,16.004
341690074,203.3502793,-66.07446082,0.630418,,17.273399,15.9227
336069224,195.3322032,-66.79144788,0.083912499,,17.1887,15.7502
338770720,198.9346174,-67.07572216,0.26422,,17.1455,15.9058
341980675,204.0319745,-66.01177554,0.519862,,16.630899,15.3513
338391681,198.6573955,-66.56235161,0.0548147,,17.957899,16.479099
341978893,203.8711306,-66.08447714,0.54314601,,18.112,16.788401
341978964,203.7923649,-66.07548028,0.154865,,17.9904,16.4825
341979329,203.9047148,-66.03106196,0.0306492,,17.8127,16.3909
338391507,198.7664114,-66.54229122,0.104355,,18.2134,16.76
338771099,199.0534577,-67.02190904,0.29145399,,18.0791,16.7166
339219513,199.4749953,-66.17742482,0.27982801,,18.307699,16.9165
312923739,182.7956918,-67.40408959,0.078433,,18.670099,17.379299
336172362,195.4751052,-66.50235263,0.26555601,,17.4156,16.0418
338392264,198.650347,-66.63556777,0.36604801,,17.5497,16.296301
341978974,203.6409557,-66.07429372,0.68253201,,16.778999,15.5376
336070131,195.3045545,-66.64437033,0.66210902,,17.510201,16.2556
337507234,197.5306987,-66.71227903,0.36449099,,17.389299,16.012199
341979448,203.7705201,-66.01694779,0.55387402,,15.8641,14.6792
337507795,197.4386313,-66.75127326,0.31333899,,16.5079,15.183
338392410,198.6308053,-66.65418995,0.335096,,18.2122,16.854
338770895,198.9605124,-67.04946875,0.26121399,,15.545,14.2761
341690354,203.4515666,-66.10764356,0.472563,,15.8633,14.91
338771932,198.8930504,-66.90387236,0.226707,,15.702,14.6054
1014232532,207.1011336,-66.74386357,0.144908,,17.659201,16.3764
1014232582,207.0861166,-66.75422848,0.37256899,,16.955099,15.7738
1014249833,207.676204,-66.60908735,0.45379901,,16.946699,15.8023
1015242970,207.9373379,-66.04567881,0.306748,,17.183001,16.0201
1015242971,207.937711,-66.04505384,-0.054664802,,17.683201,16.5186
1012685766,208.2872497,-66.89080644,0.17888699,,18.2395,16.9049
1012564891,208.8075612,-67.08494125,0.23497701,,18.1807,17.0539
1013432528,208.6853869,-66.25671313,0.34687701,,16.7029,15.5677
1012256675,208.9968523,-67.22229337,0.274001,,16.8867,15.7745
1012256678,208.9969461,-67.22155257,0.146835,,16.7012,15.5676
1013323424,209.9307718,-66.54642729,0.30989,,17.323999,16.064899
1013324169,209.6945637,-66.5728772,0.389357,,17.8608,16.6668
1009427223,211.6793285,-67.61508329,-0.220181,,19.1978,18.0121
1012973049,212.0611854,-67.07380952,0.35343701,,18.498301,17.2691
1012974499,212.0618881,-67.03691091,0.29697201,,18.3298,17.0623
1012975147,212.1563076,-67.08323652,0.25333801,,18.915701,17.658199
1013149508,212.3629221,-66.41402936,0.14109001,,18.731501,17.342899
1013149523,212.3714259,-66.41007582,0.193279,,18.840599,17.455601
1009562607,212.4043704,-67.33401208,0.26349199,,18.586399,17.4006
1013069111,212.6537907,-66.35023946,-0.276227,,19.361601,17.8699
1013084846,213.1873651,-66.15603668,0.198752,,18.062,16.7533
1013085057,213.2074325,-66.1265903,0.38865101,,16.7167,15.6235
1013085092,213.2087226,-66.12626926,0.47656801,,16.714199,15.6693
1013169509,213.0061071,-66.1381605,0.60314602,,17.9897,16.7232
1013169949,213.0143343,-66.11147101,0.225087,,16.799801,15.5639
1016814594,213.352146,-66.15217034,0.55468303,,17.4067,16.178301
1016814874,213.4568637,-66.1158972,0.173118,,18.0411,16.792801
1009540216,213.755213,-67.11995787,0.30983701,,17.5406,16.269699
1009544684,214.1220709,-67.07351559,0.35858199,,18.207701,17.004101
1012589944,208.47079,-67.02193543,0.49756899,,15.3908,14.2418
1012981387,211.9231485,-66.97521175,0.217677,,17.1464,15.7929
1010221284,215.3466301,-67.38914326,0.54635,,16.6514,15.4484
1012564368,208.8263206,-67.11311798,0.18684401,,17.771099,16.5702
1013149509,212.3699506,-66.41010023,-0.079553798,,19.553301,18.123199
1009631282,213.4960882,-66.84565344,0.19196001,,19.0224,17.573099
1009544699,214.1207629,-67.07400303,-0.093844101,,18.577801,17.199499
1013170022,212.9603607,-66.1197549,0.52412099,,18.7929,17.4184
1013431129,208.8215671,-66.27030821,0.31518301,,17.871401,16.5812
1013323420,209.9292892,-66.54670561,0.51222801,,17.4032,16.103201
340442242,201.4153066,-66.12765287,0.209493,,18.6908,17.1633
339222876,199.93694,-66.04080043,0.27888501,,16.865999,15.7172
339740723,200.3762756,-67.18132369,0.211119,,19.1513,17.5625
339740986,200.3608411,-67.22275347,0.43148401,,19.0515,17.547701
340023418,200.8653249,-67.25778969,0.12417,,18.567499,17.176399
341169977,202.6653058,-67.7160765,-0.0759013,,19.3241,17.8701
341286380,203.0249767,-67.09657152,0.28090101,,16.9657,15.713
343150551,205.7495223,-66.39427872,0.426956,,17.597601,16.3167
337495105,197.6624133,-66.01585041,0.095264599,,17.9415,16.541201
338774545,198.9632765,-66.5651777,0.053513199,,18.9769,17.560301
338775729,199.0824699,-66.41900206,0.25187999,,16.903,15.8092
339904788,200.7331648,-67.79379548,0.104419,,19.190901,17.888399
339906547,200.8813262,-67.49647349,0.037537701,,18.7302,17.3452
340027422,200.7913898,-66.66609609,0.15786,,18.8365,17.1605
340030132,200.9014835,-66.29935212,0.22994301,,17.9949,16.5142
340437638,201.5274739,-66.70600648,0.262409,,18.045,16.6954
340438891,201.4668595,-66.53990838,0.201226,,18.594999,17.212799
341577225,203.0604786,-67.90829291,0.431209,,17.693399,16.3641
341577305,203.1016101,-67.8955317,0.301943,,18.906601,17.5254
341577847,203.2651459,-67.79047135,0.31534401,,18.143101,16.7034
343150829,205.76559,-66.43751939,0.43365401,,17.965,16.626499
338775623,199.0477005,-66.43254085,0.34775501,,18.369699,17.052799
339738805,200.4380276,-66.90699783,0.226099,,17.835199,16.528299
340439660,201.5539311,-66.44164996,-0.136438,,19.196899,17.578501
338770862,199.1533429,-67.05375204,-0.14927401,,20.782801,19.5781
339739745,200.4533778,-67.03592195,0.39728001,,17.056101,15.7068
908822228,177.8570721,-66.1938718,0.985093,,13.7999,12.9164
968042408,183.3997968,-66.22885973,0.58803201,,13.5802,12.8079
909328283,172.7521146,-67.14397612,0.36044601,,16.9624,15.8741
909539825,173.0524286,-66.08034756,-0.137848,,19.092699,17.6262
907440479,172.9896792,-67.81925502,0.34623399,,16.8405,15.7213
909280431,173.4915396,-67.05842084,0.29340699,,17.577999,16.462099
909469753,173.4367979,-66.18580259,0.68378401,,16.238199,15.1266
909469754,173.4382211,-66.18547316,0.52950102,,15.9057,14.8778
909469935,173.3309631,-66.33735469,0.28486401,,17.25,16.0252
909464474,173.55031,-66.33190632,0.62453598,,16.5019,15.4902
909464523,173.551507,-66.33144429,0.39243701,,17.304701,16.1744
909466378,173.6825624,-66.34299382,-0.0046766899,,17.7265,16.6973
909467018,173.585616,-66.29277869,0.238886,,17.062099,15.861
908404985,174.3878461,-66.66842345,-0.65263897,,18.3316,17.033001
343142500,205.4344226,-66.57283221,-0.0852158,,17.608101,16.2628
908405050,174.3808302,-66.64963084,0.146368,,18.4718,17.2348
908405152,174.350408,-66.64015033,0.33523399,,18.264,17.0826
908413749,174.4378736,-66.61177816,0.32974401,,15.8149,14.861
909884576,174.3947921,-66.08640332,0.34999099,,18.348,17.018801
908345581,174.8570058,-67.31073444,-0.025640801,,18.260201,16.9487
908345700,174.8934992,-67.30271143,0.35052401,,17.8827,16.6658
908973317,174.8919383,-66.47123143,0.264676,,18.0214,16.756901
339738407,200.5706898,-66.85142011,0.290236,,15.736,14.7894
340030138,200.8002333,-66.29800372,0.26067299,,15.6517,14.5914
340030265,200.7009098,-66.2824819,0.26036999,,16.3255,15.3168
340335192,201.2568975,-67.18511062,0.495013,,16.8249,15.5473
340335432,201.4792649,-67.14829768,0.430702,,15.2546,14.144
908389078,175.074506,-66.75385855,0.47489801,,17.111601,15.9359
908389508,175.3649168,-66.77468701,0.23318,,17.722099,16.59
908310064,175.9683216,-67.15971535,0.51779401,,15.6068,14.5305
908310065,175.969135,-67.15914859,0.51943803,,14.9625,14.0956
908310177,175.9676577,-67.15858925,0.34118801,,16.881001,15.8463
908310354,175.9300362,-67.12851099,0.25336701,,18.3337,17.0639
908310888,175.9336939,-67.09831049,0.325302,,17.422199,16.3004
909125311,175.8379063,-66.05736705,0.211299,,18.8459,17.1031
341289533,202.920926,-67.6148275,0.566495,,16.676701,15.3819
341287230,202.9436445,-67.22355369,0.156331,,17.5404,16.223101
338769900,199.1480315,-67.19442597,0.0218587,,18.465799,16.921301
338774497,199.0080975,-66.57105846,0.260957,,17.650499,16.3395
909125702,175.7187889,-66.01374282,0.14536101,,18.723801,17.0762
909125720,175.7200605,-66.01407171,-0.085776597,,18.7278,17.0756
908315747,176.0475911,-67.00669771,0.119086,,19.096201,17.7957
908315783,176.0481507,-67.00608802,0.27297601,,18.431499,17.123199
908316836,176.3204755,-66.99812369,0.033640102,,18.992901,17.821199
908927789,176.0414622,-66.48561319,0.27048001,,17.070499,15.76
908927818,176.0428638,-66.48534542,0.28526399,,16.3715,15.0516
909040289,176.7135857,-66.22107872,0.054712299,,18.1961,16.6068
908293855,177.0913039,-67.20318683,0.109601,,18.9277,17.637899
908910653,177.0329579,-66.50393456,0.34807599,,18.6856,17.2633
908911689,176.9769817,-66.48487897,0.176172,,17.997101,16.5669
908912214,177.1532532,-66.51302007,-0.0362284,,18.1709,16.719999
908912433,177.1441993,-66.49956748,0.151651,,17.9974,16.666201
908768033,177.5863056,-66.43249906,0.60601002,,15.6741,14.5976
908822464,177.853279,-66.15476262,-0.0124952,,18.284401,16.856701
908822679,177.7696824,-66.14774995,0.41069901,,18.373699,16.9475
907945270,178.6843859,-67.98971849,0.25380099,,16.1805,15.2625
908649424,178.9049335,-66.86592371,0.35777199,,16.8396,15.6518
908707914,179.1875845,-66.44953668,0.16093101,,18.1796,16.803499
908708201,179.2020034,-66.42697844,0.26327801,,18.3813,17.0769
965663963,180.0204626,-67.98910341,0.329362,,16.9261,15.948
965664094,180.1399802,-67.96484977,0.12414,,18.1985,17.1467
965664121,180.1260725,-67.97108667,0.25016499,,17.8162,16.7335
340025903,200.8768204,-66.88380744,0.26229,,16.856501,15.8936
343150856,205.9081743,-66.44145401,0.40739301,,17.534401,16.313999
965664606,180.3262322,-67.92802325,0.14543501,,16.5331,15.4811
967893513,180.3300627,-66.60846902,0.313178,,17.433599,16.3218
967894159,180.1294761,-66.62922141,0.31215301,,17.2626,16.050699
967895581,180.2932037,-66.57170453,0.25171399,,17.170799,15.9985
967384743,180.5723206,-67.14935038,0.050700601,,17.993999,16.809099
967390287,180.628301,-67.08596363,0.120637,,18.314501,17.169001
967797016,180.7690731,-66.75675138,0.42644,,17.5473,16.3165
967798752,180.8694722,-66.72453323,0.38100401,,17.320299,16.076099
967271298,181.1819391,-67.4741065,0.256661,,18.303801,17.0616
967853891,181.4460273,-66.52446814,0.28433499,,18.1091,16.8687
967856401,181.4084871,-66.46640516,0.428532,,15.5736,14.5547
967328689,181.9228099,-67.19151041,0.449168,,17.0275,15.8706
967330165,181.5919439,-67.24522839,0.27268299,,18.2561,17.0672
340331887,201.3375573,-67.73647408,0.23571,,17.0853,15.756
339905799,200.7964679,-67.62152796,0.17740799,,17.9986,16.5833
339906653,200.7563697,-67.47772857,0.130831,,18.103901,16.7621
341286009,203.0046195,-67.04501877,0.27013201,,17.971001,16.724501
967330813,181.7183779,-67.21432186,0.27379701,,17.6987,16.4426
967330963,181.7397155,-67.20038499,0.35345,,17.4405,16.1325
967330964,181.741267,-67.20059811,0.390086,,17.3055,16.054701
967418044,182.0003268,-66.91051545,0.409628,,18.0846,16.753099
968088098,182.8698037,-66.11200963,0.34339401,,16.405399,15.4442
968088110,182.8684332,-66.11171541,0.26255199,,16.692101,15.6547
968090220,182.9313321,-66.06316581,0.212615,,17.690599,16.539
968090772,182.7789666,-66.06743379,0.32284001,,17.0107,15.9309
967320544,182.6690898,-67.13194617,0.161634,,16.447399,15.2909
965476276,183.2351233,-67.89190248,0.125314,,18.537001,17.351601
965883999,183.3848975,-67.24502279,0.67896903,,15.9304,14.8607
965884000,183.3864333,-67.24465631,0.33663699,,16.529699,15.3757
965885926,183.4403043,-67.18402335,0.24198601,,18.069099,16.872101
907439813,173.1788107,-67.85850629,0.21045101,,17.8689,16.6078
908405082,174.3793839,-66.64992381,0.47077501,,17.9921,16.736799
908345782,174.8164214,-67.27511496,0.79459399,,15.6041,14.4711
909125354,175.8297795,-66.05526998,0.81396401,,16.7125,15.3086
908012884,177.7768965,-67.84836073,0.36556801,,17.301201,16.1973
341577373,203.0522952,-67.88003705,0.17158601,,18.2069,16.827801
337494845,197.5966028,-66.0027914,0.34480101,,17.998699,16.534201
341281820,202.8701069,-66.4548729,0.13913099,,17.6122,16.309799
965664084,180.1244002,-67.97087633,0.119603,,18.448,17.289101
965665141,180.0550808,-67.96566487,0.17173301,,18.4212,17.2698
967797465,180.9573795,-66.74121706,0.734882,,15.4574,14.2657
967330195,181.5918013,-67.24458331,0.088693202,,19.156099,17.678301
907439844,173.1755456,-67.84629436,0.18934099,,18.143101,16.8603
908405135,174.3488147,-66.63986315,0.108912,,19.229799,17.8333
908610559,177.2028226,-66.55053221,0.44484901,,17.470699,16.002199
967601738,182.8844889,-66.75628262,0.28951299,,18.4958,17.1147
340025509,200.8121713,-66.94329749,0.025491999,,17.686199,16.331699
340029144,200.8821956,-66.42440863,0.363067,,18.1887,16.7069
340438775,201.2954455,-66.55484104,0.28139299,,18.2747,16.758801
341171604,202.7065204,-67.43434614,-0.196431,,18.4958,17.030199
341282823,202.8456213,-66.58341537,0.482393,,18.2302,16.841801
341284266,202.8666146,-66.7814325,0.043532699,,17.972099,16.618401
343142333,205.5544154,-66.59789445,0.33771199,,17.414,16.199699
340031009,200.6621455,-66.19328036,0.391404,,16.9627,15.6977
337495769,197.4008409,-66.05629846,-0.29894501,,18.7686,17.248899
341284016,202.804364,-66.74343531,0.40268901,,18.173599,16.876801
338769996,199.1141779,-67.17961667,0.51922601,,16.7707,15.5127
339738120,200.4119502,-66.81154768,0.63453001,,16.887699,15.7447
338774402,199.0652232,-66.58312861,0.54019302,,15.9884,14.9476
338774615,199.0539694,-66.55676817,0.41996801,,16.6558,15.4684
338775022,199.1317186,-66.50626469,0.46579599,,15.4565,14.4059
338775493,198.9311378,-66.44988542,0.391812,,15.8063,14.6638
338775708,198.9899074,-66.42026756,0.39881399,,16.2048,15.0516
340029104,200.7443232,-66.42933591,0.53204,,16.357,15.2336
340029143,200.7741861,-66.42437362,-0.125007,,18.9716,17.2931
340029388,200.6680259,-66.3961285,0.169581,,16.2679,14.9093
340335423,201.4785737,-67.15004624,0.848903,,15.6964,14.521
340335512,201.3574028,-67.13383429,0.60781902,,16.219299,15.1117
341274470,202.4968667,-66.28538034,0.35903099,,15.6704,14.6418
343150435,205.7794867,-66.37392725,0.450645,,16.0172,14.8673
336070075,195.5225591,-66.65629936,0.38564,,18.755199,17.1362
336175457,195.3810576,-66.11768305,0.681912,,17.191799,16.004499
341170191,202.5832138,-67.67467594,0.26689699,,17.996201,16.5562
335728317,195.2015844,-66.04522688,0.126178,,18.249399,16.867399
335728370,195.2754926,-66.05120722,0.37114501,,17.1327,15.9311
336173337,195.4291143,-66.36942926,0.37880599,,18.191999,16.781799
1014267091,207.9680088,-66.33675517,0.56836098,,15.2965,14.2068
1014268536,207.727257,-66.34800289,0.236311,,17.3074,16.082199
1012738037,208.0879153,-66.47266658,-0.00135944,,18.2167,16.934999
1012738155,208.111943,-66.45238364,0.020226,,18.073601,16.844999
1012539082,208.176806,-67.39340083,0.21739,,18.0333,16.903
1013422562,208.8744437,-66.3350906,0.172236,,18.275101,16.960899
1013422623,208.8756131,-66.33542433,0.0150338,,17.698601,16.4282
1015209351,208.5694626,-66.18275175,0.19478101,,17.6714,16.405199
1013434634,208.9982277,-66.23197444,0.0066869901,,17.982901,16.811399
1013434918,209.0129955,-66.23285568,0.22680999,,18.740499,17.419201
1013436395,209.1666734,-66.16566251,0.160345,,17.719999,16.374001
1013436557,209.164515,-66.14677854,0.121463,,18.3447,17.028
1013436751,209.0864878,-66.15756096,0.18460099,,18.079201,16.8151
1013569801,210.6703732,-66.16124617,0.43000999,,18.0506,16.8543
1013093140,211.6783151,-66.58716647,0.45170599,,16.653601,15.4605
1013560247,211.4237432,-66.02763137,0.34181499,,16.0459,14.9717
1013560248,211.4033191,-66.02692548,0.376129,,17.856501,16.7367
1013560249,211.4047708,-66.02646465,0.35617399,,16.8699,15.7581
336611249,196.3445666,-66.12222886,0.25384799,,17.4951,16.283199
336949241,196.5012209,-67.52691595,0.077207603,,19.002001,17.6488
1013135052,211.6270999,-66.3308013,0.29519799,,16.5194,15.3144
1013091378,211.8378519,-66.60882907,-0.043172799,,19.0951,17.679501
1013092812,211.8052129,-66.5747231,0.458024,,16.957001,15.7264
1013177232,212.7295026,-66.02685736,0.50182801,,17.304199,16.073099
1013177691,212.7294118,-66.02475704,0.66007298,,15.3466,14.1413
1009603557,212.8393604,-66.86913332,0.40816301,,17.1861,15.9529
1009603611,212.8867592,-66.87354724,0.29204601,,18.5175,17.1679
1009507862,213.264061,-67.25506225,0.42925,,17.2743,16.0702
1009551481,214.0824007,-66.96449967,0.299862,,17.001101,15.7985
1009551483,214.0833963,-66.96392422,0.34528601,,17.638201,16.4368
1009552083,214.0614973,-66.92677614,0.35821301,,17.5434,16.2847
1009552090,214.2009739,-66.99452233,0.61838901,,16.5842,15.38
1010613029,215.657847,-66.35142385,0.58869302,,16.9209,15.7295
1010613518,215.662068,-66.31581492,0.32124799,,19.1474,17.768499
1010614871,215.6228639,-66.2987525,-0.057505101,,20.3165,18.848
1010615476,215.586534,-66.27363128,0.73096299,,14.316,13.367
1010623653,215.7202043,-66.3085732,0.486267,,17.547501,16.353701
1010626091,215.7288297,-66.23235475,0.41010201,,15.9399,14.7013
1010141816,216.1784044,-67.71624754,0.359117,,17.9191,16.6066
1013436228,209.139382,-66.18096815,0.0053654499,,19.3515,17.9429
1010558673,214.4333794,-66.81014618,0.29180601,,17.104601,15.7364
1010558443,214.3335249,-66.84774443,0.33805999,,17.75,16.399599
1012680842,207.8661994,-66.91676061,0.21228901,,18.375799,17.0473
341969843,203.775486,-67.35216179,0.223538,,17.9498,16.634399
341970094,203.6767053,-67.30767034,0.26922399,,18.575399,17.1863
342085787,204.1518484,-67.79765,0.404156,,18.5175,17.173901
1012584947,208.5212381,-67.0749147,0.272163,,17.398001,16.173201
1013403560,208.5728841,-66.50089427,0.131293,,18.808701,17.3811
1012878973,210.25183,-67.06147744,0.29858899,,17.9027,16.661301
1013091366,211.8378671,-66.60954389,0.0105304,,19.259701,17.792601
1009462949,212.0150269,-67.28900328,0.275675,,16.4856,15.1928
342729546,204.991256,-66.35025376,0.366772,,17.1311,15.9034
336174559,195.3250487,-66.21965615,0.369712,,17.828899,16.563
1013404121,208.706665,-66.47701402,-0.30217901,,20.466801,19.2556
1010607142,215.577289,-66.44282915,0.55344599,,19.094601,17.7397
340730159,201.9696398,-67.8214745,0.23454601,,19.329399,17.9361
341691524,203.3834598,-66.24112084,0.40902999,,18.557301,17.136801
339117170,199.6756888,-67.43733804,0.58674902,,17.1437,15.8382
336174483,195.5865066,-66.2270924,0.25953799,,16.4807,14.9057
341276743,202.649651,-66.02267029,0.228038,,16.841999,15.5347
341692970,203.4384958,-66.40976666,0.29998901,,18.199499,16.8675
341275856,202.5724341,-66.12536799,0.51687598,,17.698799,16.3389
341279338,202.794642,-66.14563591,0.267019,,17.4233,16.1504
342085947,204.1126409,-67.8270541,0.38368499,,17.3813,16.0009
340735277,201.8770685,-67.0123089,0.50483298,,16.743299,15.5561
341177675,202.695928,-66.55874578,0.53526902,,16.7222,15.601
341693493,203.4121638,-66.47589791,0.63586998,,16.5123,15.3127
342728285,205.071837,-66.53664001,0.533696,,15.8411,14.7864
341692765,203.4380443,-66.38545756,0.37059,,17.5884,16.3965
341692811,203.4383992,-66.39145259,0.76778799,,16.500099,15.2469
341693367,203.4727252,-66.46062468,0.642851,,16.709101,15.5666
336948763,196.763934,-67.59691636,0.196585,,17.152901,15.9374
341178137,202.6945695,-66.50076751,0.226632,,17.690701,16.469299
336174515,195.3689495,-66.22462885,0.42146599,,16.678499,15.5634
336611797,196.3500739,-66.18232244,0.235651,,17.423201,16.1819
336612002,196.3954008,-66.2066916,0.391763,,17.8839,16.508699
336948939,196.6930142,-67.57159329,0.052434199,,17.695101,16.443501
341691265,203.5152086,-66.21236678,0.080672301,,17.354799,15.9932
341968869,203.6662261,-67.52822163,-0.157846,,17.5366,16.1619
341969422,203.819299,-67.42786369,0.44747701,,16.9368,15.7029
341970343,203.7500182,-67.27120109,0.288313,,17.6117,16.3375
342728266,205.001574,-66.5396886,0.42013499,,18.2591,16.839199
335728179,195.2362447,-66.02997935,0.620112,,17.222,16.1322
336612616,196.2436449,-66.27613738,0.178038,,17.414499,16.171499
336612921,196.1924984,-66.3089439,0.418313,,17.281601,16.1157
341690885,203.4329122,-66.16958831,0.217875,,17.822701,16.377199
341970000,203.685071,-67.3253643,0.387844,,17.2019,15.9551
340853027,201.9208764,-66.37921456,0.230507,,17.0226,15.7875
340856045,201.8880534,-66.00952412,0.16967601,,18.438601,16.700399
336070449,195.3565959,-66.59346247,0.38608599,,18.3922,16.846701
339117329,199.5813221,-67.41351971,0.183989,,17.407499,16.025499
340730130,202.1254718,-67.82698722,0.35767299,,17.500799,16.187099
336611082,196.2202534,-66.10290339,0.16682599,,18.093399,16.725901
336175723,195.3008219,-66.08556072,0.34731501,,17.569901,16.239901
338663835,199.0950053,-67.92544112,0.25200301,,17.881701,16.595501
335728343,195.034059,-66.0488133,0.235469,,16.9627,15.6424
335728175,195.2241781,-66.02985058,0.43246099,,17.885099,16.542101
908992029,174.4970391,-66.14508663,0.115537,,17.934601,16.7096
909221105,174.0220968,-67.59938164,0.28942099,,18.399099,17.3377
908205593,174.9708353,-67.7120762,0.220578,,18.004999,16.934601
908177128,174.972782,-67.79664647,0.25074199,,16.888,15.9295
908198728,175.3975688,-67.90764323,0.197549,,17.3367,16.1684
908957967,175.6863958,-66.5368242,0.365924,,15.8685,14.6906
908958735,175.5407126,-66.54161009,0.206837,,17.6147,16.136299
908287669,176.6505845,-67.33777042,0.093511701,,17.2257,16.001801
908906425,176.7281161,-66.59729284,0.029201999,,18.9818,17.4617
908906473,176.7322848,-66.58670959,0.0741219,,19.003599,17.587799
340731934,202.0710146,-67.52816202,0.410669,,14.9702,14.0295
341279069,202.9494533,-66.11469956,0.14146601,,17.617001,16.410299
341969568,203.798409,-67.40664694,0.272872,,16.8598,15.6526
336612487,196.4173866,-66.26032005,0.640652,,15.886,14.731
336611198,196.3422949,-66.11635453,0.62125099,,15.7646,14.7173
336069963,195.3187282,-66.67323521,0.67706001,,16.312599,15.1949
336173349,195.3347485,-66.36729696,0.500853,,16.74,15.6278
336611612,196.4637184,-66.16264462,0.081069499,,17.122499,15.9113
336613237,196.1897672,-66.35112957,0.497637,,17.319401,16.121401
336948221,196.4902194,-67.68900861,0.35141301,,16.788601,15.558
336948428,196.5241623,-67.65199372,-0.23604199,,17.6341,16.360001
337484428,197.2326501,-66.65077427,0.38332799,,15.6381,14.5674
337484560,197.3287138,-66.63601806,0.42591599,,15.6102,14.555
908906672,176.7266489,-66.5976898,0.078665599,,19.2654,17.738199
908906723,176.6460186,-66.58050449,0.36375299,,17.807301,16.5249
908906764,176.6803138,-66.57150843,0.45460999,,16.0599,14.9708
908551292,177.3132587,-67.06457061,0.48491901,,17.454901,16.2633
908913606,177.0581944,-66.43051788,0.43762299,,16.973801,15.6542
908553058,177.8158303,-67.15565244,0.14514101,,18.478901,17.209101
908553137,177.8017813,-67.14105064,-0.0463828,,19.233101,17.958599
908553491,177.7265281,-67.11793474,0.54922098,,15.913,14.7898
908825866,177.8776949,-66.07892612,0.28448001,,16.393101,15.0761
908826053,177.7758986,-66.06830019,0.34916899,,18.9021,17.381399
908826108,177.756482,-66.07024304,0.51554197,,16.4615,15.1516
908826448,177.7452462,-66.11614443,0.221999,,17.8316,16.5123
908042385,178.3479824,-67.72755444,0.54574502,,15.6211,14.7009
908730073,178.8463833,-66.21892333,0.57849401,,17.3365,15.9692
908730491,178.946923,-66.20263446,0.28454101,,18.855801,17.556801
337502742,197.4352063,-66.44848404,0.48853901,,14.9489,14.0151
907991562,178.7599132,-67.70158223,0.32710299,,17.0783,16.0026
908515048,178.6989346,-66.89794086,0.28198001,,18.768499,17.429701
908515288,178.6032992,-66.89989876,0.174881,,17.941401,16.7157
915919482,179.3921494,-66.17224481,0.403157,,16.0021,14.9623
908703589,179.2462661,-66.56324314,0.115028,,17.827299,16.641899
915942103,179.1718954,-66.05401934,0.133468,,18.738501,17.452801
915930249,179.4544516,-66.07303381,0.195447,,18.794001,17.346701
340736025,201.965151,-66.90698087,0.84227401,,14.192,13.4051
341178416,202.6919705,-66.46508865,0.159375,,17.5975,16.336901
341691372,203.6045899,-66.22375462,1.03025,,15.7618,14.6388
342727939,204.913927,-66.5887061,0.672203,,15.0939,14.0563
342730074,204.9629877,-66.27613722,0.81447798,,15.2901,14.2268
335736759,195.1303912,-67.1699247,0.35926101,,18.429701,17.1852
908435887,179.8404962,-67.54320482,0.15814599,,18.217899,17.143299
908683389,179.6213019,-66.54321698,0.255389,,18.1991,16.834
908683418,179.6216328,-66.54261612,0.18644799,,17.7843,16.452499
915932722,179.5569613,-66.02481274,0.194666,,19.018999,17.453899
965661031,180.461291,-67.96974437,0.35388601,,16.116199,15.1493
967759884,180.4846004,-67.00717025,0.32938701,,17.382299,16.237499
967762279,180.1271484,-67.02005904,0.243662,,18.2006,16.992701
965662882,180.6236881,-67.90392123,0.27109399,,17.873501,16.8291
339301930,199.7968891,-67.42782351,0.27360401,,18.1133,16.7022
967937770,180.7132946,-66.35823505,0.44646299,,17.278099,16.0368
967943878,180.8652188,-66.29346407,0.569561,,16.376801,15.2088
967333089,181.8872809,-67.15172851,0.380761,,16.927099,15.7214
967333516,181.9329543,-67.13234372,-0.047339302,,18.6884,17.2841
968007523,181.9148457,-66.00035733,0.221472,,17.5889,16.3452
965715888,182.1481963,-67.41149314,0.105168,,18.727301,17.374201
965717140,182.5080461,-67.4679883,0.25668299,,17.8792,16.6749
341702589,203.4041723,-67.89210451,0.209543,,18.3864,16.977699
342369980,204.4319164,-66.94200764,0.147163,,17.546,16.509001
335736784,195.1736483,-67.17396974,0.25891101,,18.7474,17.4533
336474741,196.084827,-66.67179079,0.175451,,18.945,17.4758
967837769,182.2301998,-66.46245661,0.214,,18.421101,17.035299
967497676,182.990868,-66.94792056,0.158989,,18.215099,17.145901
965697941,182.8843442,-67.5150486,0.23814701,,18.078699,16.8901
967468486,183.283209,-67.03414454,0.0265118,,17.5369,16.2759
967468487,183.2821398,-67.03371896,0.39055401,,17.540199,16.382299
967469152,183.2723321,-67.002741,0.405195,,16.2689,15.1853
340731072,201.9360246,-67.66360465,0.383001,,18.3545,17.012501
341288949,202.923602,-67.5142229,0.272136,,18.4126,17.053101
341700173,203.3500871,-67.46820645,-0.084506899,,18.336201,17.024599
967469158,183.3217731,-66.98984231,0.50814801,,16.3165,15.3431
968051762,183.161542,-66.18866626,0.46149299,,16.6626,15.5371
908959448,175.5294897,-66.48693434,0.24161001,,18.237499,16.7537
908808247,178.3661209,-66.1041981,0.049433202,,18.4877,16.836599
908205591,174.9712124,-67.71453031,0.43703499,,17.332399,16.2047
908287907,176.5336956,-67.32976309,0.219482,,18.5312,17.1752
968052025,183.2861575,-66.16658401,0.51488298,,16.946699,15.7555
908195750,174.4168259,-67.7420351,0.30140999,,17.096201,15.9415
908197188,174.1648621,-67.66405473,0.29734799,,17.031401,15.9002
908435698,179.8179271,-67.55776826,0.41402999,,17.659,16.512501
908629570,179.9635086,-66.91692911,0.28041601,,18.0494,16.7351
968051763,183.1600402,-66.18883025,0.798639,,16.258499,15.159
967497655,182.9900596,-66.94739604,0.271092,,18.1534,16.8141
341702044,203.4302427,-67.7928554,0.318333,,18.328199,16.921301
908268942,175.9121199,-67.48397783,0.050779399,,18.421301,17.0158
342303933,204.2182014,-67.14933168,0.25602001,,18.0527,16.7808
342304828,204.2415558,-67.0119467,0.224617,,17.518,16.584999
338030191,198.1890585,-67.10059279,0.161762,,17.279301,16.006001
339225918,199.9802921,-66.36618808,0.201395,,17.9335,16.6052
338029370,198.2385772,-66.989643,0.123704,,16.9786,15.6059
341700802,203.6280198,-67.57583879,0.386107,,17.3866,16.062099
341702825,203.5842378,-67.932711,0.53688103,,16.922899,15.6276
342304414,204.2926137,-67.07373609,0.344473,,16.8764,15.7387
342369940,204.4323823,-66.94798626,0.27404901,,16.6175,15.3875
340734188,202.0651915,-67.1682265,0.49985501,,17.136,15.8413
337610629,197.5112412,-67.60848287,0.41687301,,17.4667,16.1471
341702203,203.3872169,-67.82408042,0.36109,,17.5119,16.156401
342304273,204.3924774,-67.0941651,0.18534,,17.687799,16.382401
1014400034,207.1625979,-66.21722171,0.0510231,,19.070299,17.7621
1014400602,207.0094061,-66.25859962,0.23512501,,17.2666,15.9732
1014272810,207.1345901,-66.51675759,0.29993001,,18.808201,17.589899
1014272880,207.1352706,-66.51745537,0.018039901,,19.594601,18.4189
1012706732,207.7293499,-66.84629609,0.48337799,,16.356701,15.2267
1012707611,207.7785435,-66.79390187,0.34843999,,15.4092,14.6348
1012707687,207.7807692,-66.79398423,0.302892,,16.3472,15.1961
342304753,204.4274764,-67.02372837,0.32600099,,16.841999,15.741
342303859,204.2968317,-67.15982275,0.219007,,17.9597,16.66
337377953,197.3297649,-67.18289306,0.239564,,17.690599,16.375999
1012202168,208.393198,-67.84775096,0.459813,,17.5445,16.4564
1013407219,208.7376089,-66.38638648,0.46215001,,17.1166,15.9386
1015221696,208.5072644,-66.02913602,0.432908,,18.2269,17.078699
1012206332,208.7662643,-67.70157122,0.44913501,,17.314699,16.250099
1012251958,208.5902696,-67.37046154,0.102817,,18.0091,16.8304
1012867713,210.0655074,-67.25924366,0.12092,,18.444799,17.251101
1013341105,210.2218956,-66.40718617,0.38339999,,17.895399,16.6285
1013122991,211.4787562,-66.42862164,0.32200599,,17.4161,16.1485
1013128389,211.3425466,-66.39178813,0.22971199,,17.767599,16.374399
1012974202,211.9846084,-67.0637928,0.31488299,,17.1495,16.0128
1012978699,211.882687,-67.05681397,0.37309399,,17.2843,16.1689
1013062984,212.9216204,-66.37016054,0.684452,,16.2712,15.1131
1013069760,212.8210863,-66.30687792,0.54216099,,16.8323,15.5296
1013069825,212.7800787,-66.30804452,0.26287001,,19.203199,17.7104
1013077391,213.3913759,-66.2216274,0.41860101,,18.380301,17.0222
1013077452,213.4099453,-66.2049861,0.100567,,18.9676,17.491301
1013077534,213.3827353,-66.19219913,0.25537601,,18.272499,17.0047
1013077542,213.3848461,-66.2029301,0.29329899,,17.619499,16.331301
1013077584,213.3811353,-66.19226354,0.094891697,,18.643499,17.2342
1009620393,214.1958638,-66.78584822,-0.0139123,,20.007,18.601299
1016792923,214.1690575,-66.16674484,0.40377599,,16.5814,15.2756
1009553221,214.2915271,-66.92493146,0.103272,,17.948999,16.546301
339114994,199.6542744,-67.78902796,0.128621,,17.386499,16.186399
340729460,201.8553421,-67.94607323,0.33422801,,17.851801,16.597799
341289910,202.7828843,-67.68031893,0.31973499,,17.8169,16.399401
342304721,204.2683974,-67.02704063,0.21953601,,17.7421,16.388201
1009182252,214.6227213,-67.9501332,0.35626501,,19.3883,18.120399
1009182277,214.6214437,-67.94983279,-0.075684197,,17.924801,16.9965
1009183030,214.6433107,-67.90105697,0.139979,,18.112301,16.865999
1010571193,214.8044135,-66.65661968,0.199793,,18.739799,17.375299
1010563442,215.0527281,-66.73953374,0.21794701,,18.341801,17.008301
1010607129,215.5713215,-66.4455421,0.192213,,19.062,17.6537
1010607177,215.5719583,-66.44613441,0.063336402,,18.5916,17.3305
1010607420,215.6136021,-66.41876807,0.17728201,,17.9079,16.588499
1010612451,215.5506121,-66.36796944,-0.057515498,,18.2131,16.9009
1010612773,215.6189889,-66.36206755,0.0213865,,18.747299,17.388599
1012974615,211.9560551,-67.06155972,0.369376,,17.429001,16.1723
1013068216,212.7769881,-66.36582923,0.52936703,,17.5735,16.233299
1010645471,214.8328089,-66.50715176,0.18209299,,18.3946,16.9081
1012974018,211.9265454,-67.05680789,0.21647701,,19.0285,17.6961
1010645477,214.8157607,-66.50651143,0.34757099,,19.026699,17.5896
1010607124,215.5777128,-66.4435813,-0.017583299,,19.376801,17.8183
338030859,198.152876,-67.19116226,0.424867,,17.7127,16.4188
1009553264,214.2899366,-66.92506199,0.16776501,,17.4331,15.984
1010645462,214.8147781,-66.50704977,0.36278099,,19.357901,17.906099
1010645516,214.8325185,-66.50626933,0.32766899,,16.328899,14.8816
341700196,203.4251642,-67.47251789,0.616036,,16.7106,15.4663
341700721,203.4147943,-67.56293934,0.237487,,18.1007,16.717699
339219056,199.5751708,-66.22759946,0.74687701,,16.018999,14.916
336187314,195.5583918,-67.24961643,0.196592,,16.0963,15.0708
338030071,197.9892419,-67.08446155,0.38942501,,16.393999,15.137
337925074,198.0819906,-66.95797536,0.398148,,16.723499,15.6152
335736724,195.024842,-67.16466641,0.42666101,,16.0002,14.9031
337378347,197.1235226,-67.15410691,0.72438502,,14.9851,13.9462
338029898,198.1198401,-67.06093394,0.404901,,15.0284,13.9524
342304528,204.3116425,-67.05515124,0.622082,,14.4366,13.7895
342305144,204.3314699,-66.96671576,0.50870502,,14.9272,13.9085
341280116,203.0058222,-66.24444441,0.453971,,18.5287,17.1996
340448274,201.6390036,-66.45464134,0.51244003,,17.1474,15.8897
340435770,201.3915233,-66.97200312,0.169503,,18.917101,17.478701
341171668,202.4543457,-67.42620972,0.41548201,,17.9977,16.820299
329779455,192.3018821,-66.01406073,0.24065401,,18.2593,16.8955
338375810,198.3822315,-67.17744593,0.242146,,18.472401,17.1791
338458036,198.5772207,-66.83280302,0.27037299,,18.488899,17.2248
338458216,198.6188431,-66.85573089,0.092902899,,18.4133,17.109301
340030777,200.9274495,-66.21988235,0.44591701,,18.466101,17.217199
340954783,202.1840674,-67.67026177,0.066586703,,17.058201,15.7564
338457108,198.6247403,-66.70059548,0.24403401,,17.974899,16.5903
338782110,199.280834,-66.17119906,0.277879,,18.807899,17.4636
338782490,199.3053443,-66.21579572,0.48961401,,18.702101,17.354401
340448399,201.6888233,-66.47009844,0.161735,,19.055901,17.4429
337608680,197.5061673,-67.30508212,0.236141,,16.441601,15.1388
340955440,202.2088737,-67.7839692,0.498014,,16.572001,15.4045
340031407,200.6930008,-66.1471757,0.263008,,17.239799,15.9572
340031456,200.8233776,-66.14027551,0.554901,,16.6185,15.4338
340150661,201.0438953,-67.70557788,0.37187201,,16.8969,15.6844
340850547,202.0732153,-66.70632381,0.42938,,17.1999,15.9428
329779417,192.2680042,-66.01851188,0.27475101,,17.8622,16.2787
337510879,197.4376629,-67.14859343,0.24241699,,18.2547,16.893499
339742511,200.4704321,-67.46306731,0.31867701,,18.2803,16.835699
340437146,201.4439456,-66.77541288,0.327353,,17.4993,16.2994
341170071,202.5827402,-67.69920668,0.30180299,,18.158001,16.840799
329779110,192.1345926,-66.05155956,0.32692799,,17.099899,15.83
337820556,197.9606586,-67.2956776,0.25404099,,16.5168,15.2134
340029054,200.6660714,-66.43501752,0.240668,,16.552299,15.426
340448237,201.562868,-66.45004689,0.62305802,,16.7225,15.5131
329779378,192.0687682,-66.02224322,0.440476,,17.878,16.5347
338781636,199.3427187,-66.11768513,0.323845,,18.2253,16.881701
339655656,200.6464127,-66.45383016,0.11112,,18.241699,16.6283
341177343,202.7042478,-66.60304491,0.65888399,,17.6528,16.4335
341279380,202.9838682,-66.14941834,0.48027301,,17.5245,16.3386
338376877,198.2951613,-67.0419575,0.39107499,,17.8302,16.548401
338781699,199.4293316,-66.12494965,0.108248,,18.628901,16.886999
340031204,200.7269798,-66.17301162,0.29394701,,17.9841,16.606899
341279969,202.8672229,-66.22495085,0.16900299,,17.8062,16.4634
340028294,200.94661,-66.53699945,0.42698199,,17.4746,16.1984
339220585,199.5009372,-66.06723533,0.28306201,,17.1035,15.7652
340027437,200.6535393,-66.66369629,0.38275501,,16.3016,14.8703
341279818,202.834142,-66.20413678,0.57301998,,16.6635,15.6034
337511527,197.430749,-67.2434372,0.33708,,16.579599,15.3541
340028246,200.7254525,-66.54366926,1.8231699,,12.7092,11.8706
341169889,202.5499932,-67.73159111,0.31408501,,16.593,15.3725
329779416,192.1945454,-66.01855141,-0.0094792899,,17.9238,16.566099
338781495,199.4046909,-66.09972901,0.51195699,,16.2069,14.9358
341171988,202.6744052,-67.37473291,0.41070601,,15.7025,14.6249
341176698,202.6880876,-66.69087157,0.57754099,,16.175301,14.9833
336471957,196.1255871,-67.0655274,0.28443399,,17.124399,15.82
334201001,192.9771481,-67.62755116,0.23548201,,17.7111,16.4137
340146436,201.0310061,-67.02702956,0.548908,,17.675501,16.400999
343237802,205.9257892,-67.91293583,0.118687,,18.8946,17.7167
336469151,195.9360051,-67.4684238,0.21296901,,18.1134,16.938499
337500099,197.3874443,-66.30165318,0.37566099,,17.7637,16.409401
338667543,198.9000614,-67.25791947,0.303666,,18.638399,17.177401
338769903,199.0880056,-67.19404798,0.18297,,18.400499,16.961399
339642807,200.1380778,-66.9286082,-0.097813502,,18.198299,16.7589
339642916,200.2692152,-66.91370718,0.467502,,17.2521,16.079201
339644322,200.1955155,-66.7451396,0.134076,,17.6112,16.384001
340146890,201.0095702,-67.09005065,0.075223804,,18.992701,17.471399
340332588,201.3247323,-67.62038419,0.076783001,,18.145399,16.856501
340438824,201.2745653,-66.54763631,0.160676,,18.6674,17.106001
340439795,201.5373346,-66.42401897,0.188951,,18.3424,16.932501
340855680,201.8465489,-66.05557066,-0.042221401,,18.6991,17.1728
340855952,202.0914231,-66.02045097,0.246985,,17.621,16.211
340525723,201.6840734,-67.32792679,0.211695,,18.336201,17.013399
341576827,203.1415463,-67.98307717,0.087974899,,18.715,17.343201
341576988,203.0883774,-67.94935873,0.230029,,18.164499,16.742901
965481195,183.7833046,-67.84722974,-0.025969701,,16.289101,15.286
967984632,182.3110581,-66.05168109,0.83746701,,13.6616,12.6856
909281066,173.4510773,-67.03111975,0.312886,,17.8214,16.6875
909281067,173.4524736,-67.03143503,0.046260402,,18.3592,17.2736
909281245,173.4487043,-67.00618462,0.390816,,17.457399,16.3298
337502778,197.390887,-66.45068522,0.37362999,,18.284401,17.070601
909281365,173.3874105,-67.00770784,0.0119866,,18.5667,17.347099
909465958,173.4321626,-66.3117546,0.326361,,17.887199,16.648899
909216466,173.5199028,-67.67172828,0.210318,,18.1884,17.1353
909397580,173.7145216,-66.66473793,0.23873,,17.2377,15.9175
908414045,174.3866389,-66.62047115,0.13884901,,17.318001,16.1966
908414778,174.4202716,-66.57908757,0.33377901,,16.9391,15.6521
338667719,199.0597718,-67.23084758,0.113809,,18.2104,16.7889
339642713,200.1062192,-66.94109858,0.088171102,,19.023199,17.552
340035125,201.2217597,-66.15097748,0.25897899,,17.7351,16.396099
908218071,174.8965115,-67.46733725,0.245327,,17.098499,16.1668
908409165,174.9349282,-66.65107667,0.47312701,,17.864,16.6658
908409518,174.998707,-66.62269226,0.34367901,,18.684999,17.376101
908409583,174.9863287,-66.62894026,0.290077,,16.7633,15.4501
908409587,174.9555739,-66.60997574,0.217544,,17.374901,16.126699
908409684,174.9357805,-66.65060073,0.29009199,,17.3433,16.072001
908409973,174.9386184,-66.60325499,0.41697201,,17.534401,16.3008
908338748,175.4526438,-67.20991398,0.31571299,,16.626801,15.3514
340436051,201.4023063,-66.93238157,0.12558401,,18.029301,16.6586
339642753,200.2628608,-66.93624257,0.43686,,16.6784,15.4408
339643914,200.3053624,-66.79520307,0.58388197,,15.7124,14.538
340151543,200.9712755,-67.8598047,0.38394499,,16.461901,15.2541
340451447,201.7854094,-66.8820537,0.071666397,,16.907101,15.8301
908338749,175.4539345,-67.2095821,0.352411,,17.2358,16.018
908888069,176.1295336,-66.68712117,0.43341699,,16.4792,15.3785
908888080,176.1279408,-66.6868551,0.23208199,,16.987801,15.7009
908888849,176.1029813,-66.6380426,0.181547,,18.437201,17.2379
909064753,176.0068469,-66.06256762,0.30304101,,16.0012,14.3887
909064955,175.9904643,-66.01702273,0.39238,,17.001801,15.6529
908255533,176.7461318,-67.55125181,0.098738,,18.889601,17.6472
908255552,176.7478044,-67.55125292,-0.076769002,,18.601,17.4701
908255602,176.7716123,-67.54558713,0.085498698,,17.2204,16.112499
908081250,177.1130137,-67.31076689,0.226409,,17.222601,16.240801
908081251,177.1146705,-67.31090827,0.33365601,,16.945,15.8897
908816019,177.9997488,-66.05067926,0.19274899,,19.683001,18.364
908794996,178.5075604,-66.2325587,0.41753599,,17.0933,15.8565
907980357,178.7514638,-67.85150337,0.229569,,18.689699,17.614599
908492866,179.1785123,-67.34241074,-0.0298576,,18.4534,17.249701
908684059,179.4824555,-66.5087954,0.245277,,16.052099,14.986
915919906,179.3263383,-66.16707416,-0.00381941,,19.1546,17.8314
915920120,179.3260861,-66.13415332,0.244471,,17.933701,16.4832
915920177,179.3278095,-66.13425564,0.38956901,,17.916401,16.6262
908449435,178.9983124,-67.5311576,-0.20296299,,18.362499,17.1618
908449436,178.9991241,-67.53165401,0.28711101,,17.509899,16.473499
1014289031,207.0396972,-66.37243539,0.27859601,,17.178699,15.9328
1012683689,207.8262283,-66.83996227,0.275509,,16.4965,15.4155
1012692885,207.9302422,-66.85841985,0.058548499,,18.944099,17.7379
1012685463,208.2060316,-66.91876138,0.238617,,18.0163,16.851801
1012563074,208.5421233,-67.12170376,0.25302601,,16.356501,15.2753
1013406202,208.5324162,-66.45152792,0.181437,,17.2225,15.9004
1012597044,208.5707462,-66.90166233,-0.25149599,,18.243999,16.938499
338667460,198.8604107,-67.27177288,0.39500299,,17.2938,16.040701
340855510,201.8508399,-66.07447839,0.162083,,17.3599,15.8149
337063552,196.7899649,-67.341878,0.29146701,,18.017799,16.7078
1013419309,208.839013,-66.40139015,0.30235699,,18.163401,16.891001
1013419361,208.8401815,-66.4008897,0.217107,,18.0375,16.768299
1015207461,208.6687231,-66.19532373,0.27602199,,17.2279,16.158701
1015207515,208.6685059,-66.19607382,0.301626,,17.0676,15.9217
1015213418,208.9541281,-66.09403224,0.27934101,,18.177099,16.857201
1015214884,208.8103023,-66.09815076,0.415025,,16.8745,15.7235
1012888760,209.2540865,-67.19513688,0.095453396,,17.7377,16.5445
1012108916,209.5877528,-67.96358122,0.28124499,,16.336599,15.2182
907965810,179.496624,-67.90410031,0.39339,,17.025499,16.017799
908418583,179.9114526,-67.87168722,0.21911301,,17.8487,16.782499
908619242,179.880176,-66.97866482,0.14082099,,18.445801,17.144899
908619409,179.7847325,-67.03060448,0.30853501,,16.8584,15.8346
908619515,179.7988483,-67.02338359,0.065546498,,16.854799,16.0161
908419509,179.8768651,-67.85421898,0.16639,,17.790001,16.775101
967273537,180.2791407,-67.6766019,0.181964,,17.7901,16.788
340150479,201.18838,-67.67439036,0.28314999,,17.4319,16.184999
1012788004,210.0352253,-67.39063773,0.0079992302,,17.683201,16.4825
1013354404,210.1854891,-66.21331814,0.29775599,,18.690701,17.3843
1009423665,211.3726232,-67.73251879,0.16194101,,17.32,16.1847
1013121421,211.5793888,-66.44531839,0.31144899,,17.7395,16.417601
1013121598,211.4888898,-66.45012754,-0.117326,,19.5907,18.1465
1013138647,211.8653342,-66.25972969,0.19185001,,18.2922,16.9121
1009597859,212.4960201,-67.07120509,0.271442,,17.1642,16.0128
1013191308,212.4225012,-66.02054421,0.625934,,17.007299,15.83
1013191318,212.4433761,-66.01683139,0.25606,,18.819201,17.5203
1013025715,212.4366938,-66.5448351,0.243248,,18.3139,17.020399
1013058872,212.6957748,-66.49040388,0.25286499,,16.4095,15.1329
1013059126,212.6553944,-66.49097702,0.29214099,,17.6952,16.318199
1013059421,212.6846276,-66.45797826,0.398617,,16.0742,14.8072
1013165458,212.8624161,-66.21701883,0.26039201,,17.212099,15.8942
1013165642,212.8574008,-66.2080129,0.24257,,18.426901,17.1399
1013045928,213.5279809,-66.51411232,0.28887799,,18.257401,16.8162
1013045962,213.5267769,-66.50604181,0.33557001,,18.184601,16.8608
1013045992,213.5269605,-66.51459208,0.277767,,18.155701,16.7404
1009255998,214.2255128,-67.70182735,-0.017789699,,17.5341,16.367399
1010260723,216.3035087,-67.16396384,0.32733399,,16.7822,15.5942
1010260967,216.2715526,-67.14248122,0.36173701,,17.8999,16.645201
1010261271,216.3274792,-67.10255939,0.444087,,16.6138,15.3794
