910902748,166.5362437,-66.91888088,0.19644099,,17.600201,16.2981
907480630,172.0459165,-67.72332982,0.15466499,,17.801901,16.495899
1022089797,202.3670395,-66.28544258,0.238345,,17.9121,16.466499
1022132300,202.427485,-66.06565947,0.54447401,,15.9539,14.9301
1007542850,202.6456834,-66.88142399,0.217362,,18.680099,17.364
1022095454,202.6716967,-66.19524347,0.48377499,,14.9552,14.0272
1022101046,202.9909934,-66.1819824,0.489898,,16.6875,15.5661
1022101129,202.9876026,-66.18378157,0.296047,,18.0212,16.716801
1014490034,203.2489568,-67.01326061,0.076149203,,18.6999,17.309
1014490057,203.2505343,-67.01384293,-0.066212699,,19.502399,18.2696
314102292,184.467367,-66.37807144,0.336687,,17.495001,16.188601
296795595,176.7478044,-67.55125292,-0.076769002,,18.601,17.4701
297223268,179.8495781,-67.2631722,0.27704701,,18.7216,17.4231
297224706,179.8891735,-67.03140074,0.33033401,,17.7724,16.660999
1014686326,203.3209953,-66.39903428,0.047509,,18.119801,16.8395
1007142448,203.8752574,-67.83423751,0.326924,,18.718901,17.2586
1014487582,203.6194614,-66.96137135,0.24394999,,17.572901,16.4669
1014536587,203.5953247,-66.71615174,0.56298602,,16.058901,14.9615
1014510764,203.8225764,-66.76849397,0.242838,,17.0658,15.7475
296164687,172.3227353,-66.5195402,0.32967001,,17.4387,16.277399
296795245,176.7867865,-67.48496579,0.274288,,18.151899,16.819
1014665311,203.7079383,-66.28848065,0.36085001,,16.432899,15.4082
1014692693,203.596866,-66.28275619,0.043087799,,18.105101,16.8382
1014692700,203.601007,-66.27450934,0.895298,,16.4237,15.2593
1013938491,204.4761501,-67.38844511,0.54010803,,17.1416,15.9368
1013939071,204.4568605,-67.35446631,0.27774701,,18.733101,17.5061
1013939116,204.4582897,-67.35433657,0.34114999,,18.020399,16.7246
1014724755,204.0699837,-66.17216788,0.27243599,,18.1092,16.673401
297224067,179.8226585,-67.13117078,0.13822,,17.1409,16.0334
297224300,179.937606,-67.09488993,0.206157,,17.899401,16.6021
1014724933,204.122411,-66.15748015,0.38271901,,18.505199,17.2171
1014614611,204.9618451,-66.27581694,0.291031,,16.247499,14.9051
1014614612,204.9629877,-66.27613722,0.81447798,,15.2901,14.2268
1014615192,204.8330074,-66.28747681,0.31687,,17.1143,15.8758
1014615327,204.8180446,-66.28436998,0.29737899,,18.182899,16.7847
1014615429,204.8497727,-66.26847246,0.44709799,,17.6423,16.3368
1014615494,204.8489876,-66.26800611,0.41501501,,16.926901,15.6749
1012381974,204.9728961,-67.96325756,0.434008,,17.6514,16.422501
313401757,183.538291,-67.47862177,0.00949887,,17.9911,16.7166
314101163,184.5067073,-66.24413637,0.30888,,17.304501,16.031099
327923401,189.9381473,-66.25740481,-0.054280799,,18.1084,16.672001
314100773,184.4298992,-66.19852389,0.139176,,17.043699,15.9824
312573635,182.2257401,-66.01557959,0.26383799,,17.3505,16.120899
1109814451,232.5055039,-67.31151194,0.24223199,,17.4452,16.6278
1110107547,233.9641269,-67.34810326,0.090507403,,16.7565,15.9582
325925561,187.5308045,-67.97422762,0.076512098,,16.4144,15.4924
327923432,189.9471935,-66.26196441,0.37196001,,17.018,15.9728
313399178,183.4985264,-67.85269699,0.24678899,,17.688,16.459
312096147,182.0452965,-66.18873044,-0.153511,,17.4814,16.416201
398234506,160.7501301,-66.77908581,0.30053401,,16.1752,15.0946
1108974428,234.9023643,-67.40965347,0.432457,,17.020399,16.086399
1109269031,237.0173906,-66.47153602,0.123499,,17.400999,16.469101
297224707,179.7847325,-67.03060448,0.30853501,,16.8584,15.8346
312573266,182.3110581,-66.05168109,0.83746701,,13.6616,12.6856
313398840,183.5233113,-67.90507634,0.69754303,,14.6329,13.5726
1014082387,204.7189806,-67.06461909,0.257204,,17.6539,16.427401
1014082421,204.7207598,-67.06487448,0.54170901,,17.162201,16.0382
1014113124,205.4764987,-66.77206118,0.427926,,17.119101,15.9193
1014366077,205.4207807,-66.41914845,0.164499,,17.468,16.3095
1014572470,205.001574,-66.5396886,0.42013499,,18.2591,16.839199
1012405088,205.0820763,-67.74157522,0.24812301,,17.4907,16.320801
1014804443,205.1595954,-66.25548479,0.188223,,17.7663,16.4974
296795569,176.7716123,-67.54558713,0.085498698,,17.2204,16.112499
296164530,172.4314066,-66.49579747,0.152861,,17.1544,16.0261
327922773,190.0634434,-66.18341033,0.25057501,,16.558001,15.4088
1110110022,233.844238,-67.32862473,0.31263599,,17.125601,16.183901
398010378,160.2957339,-66.33178919,0.176771,,18.550699,17.3883
398234519,160.8083138,-66.7821627,0.33061501,,18.513399,17.356001
398436145,160.9932175,-66.76415708,0.090356298,,18.042801,16.9121
297348660,179.8668455,-66.05960475,0.51257402,,18.0347,16.554001
296162828,172.5233677,-66.22498927,0.45268399,,17.902599,16.611799
1014805101,205.3321643,-66.21651634,0.457798,,17.4834,16.150999
1013959033,205.2017913,-67.29603396,0.248523,,17.360399,16.4867
1013959081,205.2034001,-67.29575578,0.139144,,18.421301,17.1572
1012459105,205.9579353,-67.51268666,1.41435,,14.1793,13.2636
1012459870,205.9882561,-67.46602078,0.0128875,,18.407499,17.122601
398012456,160.2306024,-66.77521315,0.24764299,,19.361401,18.1768
398234796,160.7754723,-66.84421771,0.168643,,18.5089,17.3715
1014800582,205.6021592,-66.20612454,0.96281898,,14.7887,13.8487
1014800811,205.6857949,-66.20352496,0.42978001,,18.634001,17.2593
1012459038,205.8503331,-67.48871168,0.34597901,,16.318199,15.0614
1021268503,201.792329,-66.23687592,0.32919499,,18.784401,17.2309
1022109867,202.9755411,-66.11272977,0.67211998,,16.904301,15.6421
1013939600,204.3078253,-67.37237484,0.31471899,,18.787901,17.468201
1012405644,205.0358962,-67.72282414,0.23202699,,18.4536,17.081499
1014002256,205.609578,-67.03102319,0.31317499,,17.214399,15.9666
398010643,160.0705118,-66.38334141,0.38640699,,19.6464,18.4566
398011855,160.1112766,-66.6428265,0.55397999,,17.9816,16.8703
398234660,160.9595246,-66.8147657,0.335502,,16.724701,15.5258
297223302,179.921022,-67.25736335,0.489784,,16.1329,15.0858
398236296,160.8544586,-67.22010733,0.565139,,16.448799,15.2307
326929742,188.9448982,-66.04845399,0.21951,,17.7833,16.3773
326929795,188.8397893,-66.0545497,0.149813,,18.035601,16.6052
297353869,180.283348,-66.49785883,0.17333999,,17.6022,16.298
297670686,180.4562263,-66.24619402,0.20877901,,17.9981,16.5233
297353265,180.299185,-66.41579865,0.381291,,17.8766,16.601
297353270,180.3685194,-66.41742136,0.178801,,18.6777,17.4265
297352903,180.13521,-66.36864759,0.25830001,,17.8519,16.622
297352971,180.0993292,-66.37669781,0.44633099,,17.1462,15.8202
845837373,151.9291234,-66.07707382,0.270183,,16.531,15.5893
845252975,153.0369027,-67.56907476,0.39028499,,18.174101,17.216
845342252,154.8173751,-67.29103711,0.27197501,,16.924299,16.0142
845306734,155.6107356,-67.72947214,0.26277399,,17.1742,16.165899
845307177,155.7297407,-67.67317925,-0.160285,,17.182301,16.1576
845386160,156.2852336,-66.85956184,0.0825212,,17.198099,16.500401
845439066,156.0221574,-66.35848899,0.41551399,,17.3785,16.431101
845440997,156.0604663,-66.2693008,0.78083402,,14.8366,13.9218
847569948,157.372869,-66.36999761,0.278036,,16.8731,16.0695
847569949,157.3745684,-66.37005894,0.31005701,,17.313999,16.3353
844385176,157.9202338,-66.02876907,0.27693301,,17.196301,16.197701
844383389,158.3623472,-66.05885394,-0.105455,,19.887699,18.782801
844383482,158.3353225,-66.03230866,0.65048802,,15.9222,14.884
327770621,189.6916614,-67.73434302,0.117708,,16.9951,15.9592
328468651,190.5276917,-67.90386444,0.242019,,18.184601,16.9405
328468735,190.5361801,-67.91787738,0.49603501,,17.710501,16.471399
328468766,190.6034793,-67.92300228,0.382806,,17.9424,16.6875
328468872,190.602387,-67.94113424,0.24145401,,17.8242,16.6017
328717064,190.8839282,-66.6876382,0.53743303,,17.677999,16.466499
328841792,190.9945501,-66.61043512,0.29531899,,17.818399,16.7367
312436215,182.2447335,-66.85269587,0.45605299,,16.358101,15.1539
328239879,190.5319087,-67.96449869,0.188943,,18.278299,16.9062
311971671,181.7632506,-67.98146046,0.282969,,17.9266,16.872101
312430556,182.4140301,-67.65011014,0.210409,,17.6884,16.4419
844335372,159.5106149,-66.4927119,0.26290101,,18.6497,17.584999
845424434,155.9452074,-66.47800068,0.51114303,,16.611401,15.6144
845399673,156.9657908,-66.52130361,0.37496799,,16.6556,15.6067
845249654,152.6974906,-67.77564689,0.00078672502,,17.695601,16.6961
297353310,180.1261916,-66.42322757,0.28889301,,18.1728,16.788099
297353733,180.2610633,-66.4805819,0.47898501,,18.184,16.9772
844286367,158.1018148,-66.93016335,0.42731601,,17.2374,16.130899
845248380,152.7857075,-67.82989629,0.39796901,,16.673401,15.6731
844273605,157.2199723,-67.23547628,0.223353,,18.1485,17.042299
314004201,184.0699229,-67.09249802,0.0683107,,18.791599,17.521
297670265,180.5129174,-66.30220055,0.168218,,17.412901,16.177601
297670802,180.4958679,-66.2300285,0.111452,,18.168699,16.8311
297669784,180.5968064,-66.37024805,0.29652601,,17.3162,16.090599
297353151,180.2035695,-66.40014331,0.100839,,18.5725,17.2393
327770470,189.7110574,-67.76058881,0.45893201,,17.653601,16.5368
1013903209,204.5396344,-67.67553369,0.91717303,,14.5871,13.5157
1013904183,204.6448479,-67.62680341,0.28966099,,17.1609,15.8823
1013904898,204.6926347,-67.58109182,0.42167199,,16.690599,15.5284
1012502719,207.6562766,-67.45033402,0.25496101,,15.8975,14.951
1012503019,207.7670782,-67.44115617,0.54253399,,15.8205,14.7936
1012503302,207.7810707,-67.42983352,0.13679101,,18.0502,16.8778
297353775,180.372785,-66.48613399,0.25567701,,18.908501,17.5905
297667954,180.457825,-66.61492708,0.24447501,,17.7913,16.615801
397255018,157.9234241,-66.21625313,0.57395202,,18.548599,17.443701
397604603,158.7752523,-66.69084926,0.39936,,17.3255,16.2015
314004303,184.0238173,-67.08055013,0.20366301,,19.1008,17.822701
397254702,157.8830829,-66.15006254,0.242531,,18.313,17.2703
1110294039,233.6944809,-66.46816214,0.065197602,,17.427601,16.662701
1110276857,233.9896441,-66.64939648,0.25772199,,18.209801,17.2493
1110327835,234.4039872,-66.12223142,0.216178,,16.7521,15.8473
1108940477,235.2130276,-67.86379471,0.44834399,,16.3822,15.5016
1108848466,237.3002094,-67.84735127,0.42991799,,16.973301,16.1639
1109028850,237.3912721,-67.09035943,0.66864097,,16.4188,15.525
1109029645,237.2937527,-67.06532429,0.141955,,17.389999,16.509701
1110293971,233.7296231,-66.46966345,0.32596901,,17.6555,16.6598
1110295324,233.6246998,-66.40644112,0.269669,,16.816999,15.8272
1110200076,233.8180254,-66.62168521,0.31348899,,17.507401,16.471399
328842710,190.8574754,-66.50712715,0.33661199,,17.315599,16.180201
312436184,182.3912978,-66.85697971,0.230307,,17.275801,15.9561
1108921628,235.866473,-67.82592356,0.51092702,,16.261299,15.3211
397791311,159.539254,-66.51471042,0.303556,,16.896999,15.8461
397665993,159.0266318,-67.32554586,0.39279401,,17.667601,16.4995
397665838,159.1035474,-67.28509551,0.23214699,,16.7311,15.6129
397665043,159.1779167,-67.06875773,0.453702,,17.5576,16.414
844323045,158.9260204,-66.67705896,0.52885598,,19.448999,18.238701
397791217,159.5106149,-66.4927119,0.26290101,,18.6497,17.584999
297219347,179.9487059,-67.96380051,0.34694001,,17.271999,16.1565
845778803,148.5916037,-66.09849801,0.38190401,,17.2651,16.2824
845778804,148.5923072,-66.09902662,0.249073,,17.563299,16.558901
845290039,152.5650285,-67.06541708,0.13307901,,18.1131,17.141199
845184779,153.5421697,-67.79047465,0.146286,,18.517599,17.527901
845185528,153.6203207,-67.7207159,0.249376,,17.2418,16.2556
845194179,153.968421,-67.69003461,0.303662,,16.5366,15.6165
845168487,155.236392,-67.86458666,0.421134,,15.7984,14.9634
845427131,155.6574857,-66.37470641,0.30651399,,15.7649,14.8258
845427463,155.7222303,-66.3202101,0.115226,,17.8137,16.837299
845335320,156.1282552,-67.05432299,0.473441,,15.7273,14.8056
845415819,156.3603377,-66.23440259,0.14056399,,18.2784,17.2572
844349529,158.2144759,-66.58327838,-0.46371499,,18.8491,17.7624
844349639,158.105915,-66.58109461,0.161036,,16.707399,15.689
844319888,158.7752523,-66.69084926,0.39936,,17.3255,16.2015
845411432,156.195062,-66.35223478,0.31783199,,17.747601,16.7155
847582003,156.8631134,-66.19201296,0.0099551203,,18.4762,17.368401
297667512,180.5584289,-66.67380744,0.419054,,16.0546,14.9999
297667559,180.6352481,-66.66799242,0.348914,,17.1008,15.8065
328240105,190.383745,-67.92982736,0.15049399,,17.167601,16.0907
845427266,155.8147944,-66.36255812,0.22698601,,17.7577,16.688101
845450942,155.4708649,-66.19354299,0.241595,,17.4561,16.3589
844349526,158.2142818,-66.58256996,-0.039501298,,18.936001,17.7362
844323708,158.8282943,-66.60392425,0.353744,,17.4575,16.244801
314002528,184.0087923,-67.3087252,0.109121,,18.5474,17.2826
312436401,182.3015205,-66.82900609,-0.069655001,,18.540001,17.077101
312436450,182.4008888,-66.82292795,-0.071866401,,18.6761,17.190001
397398359,158.0769836,-66.28772745,0.25692001,,19.014799,17.888901
398437666,161.1184551,-66.45057906,0.194232,,19.1877,17.979401
398437830,161.016593,-66.41915254,0.099544801,,18.796101,17.659401
328841974,191.0678429,-66.59052657,0.0154147,,18.377001,16.960501
312430483,182.2346072,-67.66273403,0.29913801,,16.693501,15.449
312436656,182.2790599,-66.79358468,0.38550401,,16.552601,15.2651
325493729,186.4659735,-67.17756557,0.49892399,,16.615999,15.4539
397395293,158.105915,-66.58109461,0.161036,,16.707399,15.689
280564042,173.0524286,-66.08034756,-0.137848,,19.092699,17.6262
280665048,173.050079,-66.64177054,0.132921,,19.010599,17.770201
296689090,176.4054043,-66.55287495,0.27009201,,19.0972,17.610201
297661016,180.6361494,-67.7099622,0.32878,,17.9506,16.8972
397608610,159.0998214,-66.01410612,0.224617,,17.3125,16.2868
397608817,158.9327789,-66.05508569,0.93391198,,13.0733,12.4943
296689325,176.4366674,-66.51596225,0.25194401,,16.870399,15.6386
1110506371,233.1122524,-66.24756868,0.33444601,,17.466801,16.542601
1110506372,233.1118671,-66.24695646,0.111262,,17.061399,16.398899
1110259062,235.0042079,-66.45688533,0.231382,,16.7637,15.8772
1108996626,236.6489927,-67.55510564,0.60312903,,15.0835,14.2619
1108990291,237.3133042,-67.55936882,0.26780301,,16.344601,15.6231
280664176,173.031828,-66.50125233,0.22866599,,18.198299,16.8853
280665392,173.0376395,-66.70294126,0.45805401,,18.332001,17.1495
280665013,173.1830996,-66.63506854,0.31687301,,17.464001,16.264799
280662796,173.0014065,-66.28603794,0.31551,,17.8335,16.5665
280664106,172.9783624,-66.48957538,0.186037,,17.9074,16.6695
280666105,173.1807069,-66.82027578,0.33640999,,14.9708,13.9471
296053229,172.2056034,-67.58820377,0.31485701,,17.816299,16.5865
397260915,157.8848879,-67.72340668,-0.0140617,,18.689199,17.5474
313646775,183.9108025,-67.93022992,0.249715,,17.2915,16.154699
1112196637,236.045315,-66.16285357,0.085916303,,18.1625,17.217699
1110194314,233.0014706,-66.81692515,0.096393503,,17.487801,16.5401
1112211993,235.4475891,-66.06857268,0.30500701,,18.860201,17.8843
312436746,182.3119495,-66.78136488,0.26890299,,17.848499,16.538099
845505676,152.7894598,-66.33395572,0.23954099,,16.8095,15.8048
845490426,153.7404367,-66.36807557,-0.197226,,18.868299,18.036699
296338894,172.7917713,-67.22454718,0.20396601,,18.013399,16.879999
280859462,173.4487043,-67.00618462,0.390816,,17.457399,16.3298
397261730,157.8559488,-67.95832454,-0.62236601,,19.733,18.671101
314003088,184.1474107,-67.23335377,0.40580201,,17.0163,15.8196
327769631,189.7803266,-67.8967462,0.23004501,,16.9634,15.9732
845387460,155.9862823,-66.85020239,0.17879701,,17.7714,16.83
844221976,156.7109809,-67.60781242,0.353311,,16.540501,15.6318
844265723,157.8403683,-67.35357125,0.26709399,,17.628901,16.555599
844265921,157.7892189,-67.29788034,0.124001,,16.897301,15.9936
847577560,157.6267427,-66.06074937,0.31026301,,17.721901,16.801701
845485122,154.553204,-66.4200578,0.190162,,16.936399,15.9157
844221545,156.8328611,-67.55220179,0.097435802,,17.7446,16.705601
845474083,153.1296834,-66.68567707,0.28878501,,17.6395,16.630501
845435864,155.3696209,-66.21705317,0.293183,,18.108801,17.0539
844265722,157.84007,-67.35303531,0.47572601,,17.182199,16.0581
845484756,154.4892147,-66.46940201,0.198377,,18.238899,17.193899
844212950,157.4336648,-67.67604229,0.42608199,,17.885401,16.8379
325492825,186.5523077,-67.04826968,0.611646,,16.4925,15.3619
328842566,190.8831303,-66.52340301,0.183771,,16.4051,15.1276
296052284,172.258372,-67.78827594,0.33910501,,17.3458,16.104099
296052590,172.229198,-67.72936996,0.348726,,17.152,15.9431
296340092,172.9054728,-67.00854945,0.30220199,,17.308901,16.1847
296340241,172.827798,-66.98259428,0.350456,,16.472601,15.428
296340267,172.7926183,-66.97853116,0.114617,,17.638,16.4995
296340606,172.8480237,-66.91692048,0.408223,,16.898001,15.8602
296340626,172.8332112,-66.91364516,0.50496203,,16.5781,15.4741
398850240,162.4498794,-67.70889696,0.38029999,,17.631001,16.558901
313647117,183.762039,-67.98391679,0.27288601,,18.1259,16.9272
312105327,182.0975019,-67.36177514,0.107054,,18.092699,16.8689
312105665,182.1481963,-67.41149314,0.105168,,18.727301,17.374201
312430638,182.1999208,-67.63800173,0.247251,,17.9405,16.765499
314004565,184.0387051,-67.04825545,0.25630799,,17.958,16.787701
297227622,179.9237119,-66.57989998,0.18902899,,17.9041,16.6852
297665276,180.4846004,-67.00717025,0.32938701,,17.382299,16.237499
296340357,172.8262244,-66.96282917,0.349053,,17.4245,16.349701
280860693,173.3611943,-66.78302079,0.125102,,18.669399,17.4564
280861008,173.2339978,-66.72651694,0.25657099,,17.3587,16.2605
296060498,172.2444279,-66.2749092,0.365107,,18.306299,17.0798
296053349,172.2312953,-67.56397258,0.0623045,,19.3041,18.032499
296053486,172.0246435,-67.53527536,0.28095099,,18.6089,17.3318
398849716,162.2251258,-67.84143808,0.47581601,,15.0652,14.0833
328717125,191.0092859,-66.68178043,0.243183,,17.783501,16.553301
327769639,189.8859233,-67.89406978,0.433893,,16.0196,15.0514
327770842,189.7546399,-67.69840718,0.40306401,,15.8008,14.7693
296340977,172.652187,-66.85034016,0.26323801,,17.6457,16.559999
910573021,166.7531508,-67.83895982,0.447052,,18.9041,17.8312
397793920,159.5613679,-67.13969549,0.078193203,,18.2864,17.1047
397179727,157.556696,-66.4870806,0.160916,,18.289801,17.208799
397180114,157.6593767,-66.39919058,0.44798899,,18.0833,17.047199
398444349,161.3168541,-66.65947735,0.133053,,18.9512,17.7321
397793501,159.5900415,-67.02884002,0.31983,,18.739,17.582001
397181643,157.6267427,-66.06074937,0.31026301,,17.721901,16.801701
397786850,159.3737121,-66.26415813,0.29577199,,17.756399,16.6047
910672235,163.7756675,-67.71998747,-0.41587201,,19.952499,18.8993
911073390,164.685236,-66.75382473,0.112911,,17.399,16.222799
910741918,165.2319919,-67.37391728,0.219395,,17.2297,16.146799
910741930,165.2322463,-67.37335756,0.300818,,16.7141,15.5893
910594181,165.6446811,-67.97364209,0.15289,,17.120701,16.143801
397793035,159.5556343,-66.90894985,0.29520199,,17.7962,16.7264
397793511,159.5204344,-67.03049198,0.31406701,,18.1723,17.0714
397787668,159.4050469,-66.09453721,0.198202,,17.376301,16.261101
397794340,159.52911,-67.24381567,0.14968701,,18.4431,17.2591
397792954,159.5065825,-66.89312252,0.210942,,17.0812,16.0784
911020813,166.0657038,-66.26267815,0.183679,,19.257799,18.017799
910907308,166.6682037,-66.88201202,0.15348201,,16.056101,14.9666
911031050,166.9756983,-66.13092327,0.154866,,18.867901,17.4147
911031160,166.8714387,-66.12292461,0.0224868,,18.433001,17.0802
911031189,166.8726629,-66.12329066,0.167073,,17.6866,16.535101
910992332,167.1811342,-66.72709294,0.176296,,18.555099,17.3498
911037622,167.0899207,-66.00118239,0.26729801,,16.828199,15.8714
844366969,157.9234241,-66.21625313,0.57395202,,18.548599,17.443701
845632721,150.6267074,-67.2222416,0.12673201,,18.1731,17.3332
845632999,150.9295625,-67.19350888,0.281021,,16.113899,15.2558
845342937,154.6386376,-67.21407318,0.096602798,,17.185499,16.4939
844200247,157.2364143,-67.87916099,0.31936601,,18.080601,17.122999
844366950,157.9233278,-66.21683827,0.0075218002,,18.808599,17.767
397793669,159.7856109,-67.07078616,0.225383,,16.9974,15.9846
397793950,159.7655001,-67.14620736,0.334223,,16.8403,15.8376
397182750,157.9202338,-66.02876907,0.27693301,,17.196301,16.197701
297665429,180.6691406,-66.98037998,0.21542899,,18.1817,16.9821
296339618,172.7640768,-67.08960496,0.37933999,,18.1478,16.996799
398224975,160.6565708,-66.9602679,0.30275401,,17.611601,16.3941
296052004,172.0204914,-67.84678912,0.296819,,18.9277,17.629999
327770866,189.8746535,-67.69564635,0.24690001,,15.8679,14.8109
311977128,181.6248089,-67.12614069,0.33832499,,17.1366,15.98
296052464,172.2724164,-67.75145224,0.122061,,18.7003,17.42
280858695,173.5034177,-67.15630959,0.26100099,,18.544001,17.2862
907730196,169.610954,-66.9339655,0.32458401,,17.9757,16.882601
907687324,170.333468,-66.93731215,0.138891,,17.912399,16.835199
907687825,170.1265221,-67.04045733,0.33817399,,18.740801,17.609501
907668398,170.9413147,-67.15925857,0.169689,,16.766199,15.6075
909645239,170.511052,-66.17568229,0.435689,,17.4,16.096399
909734401,170.9142182,-66.21852777,0.17894401,,17.5683,16.3046
909734616,170.8367943,-66.21405165,0.34172899,,18.0527,16.704901
907473035,171.3240646,-67.74259194,0.063762799,,17.830999,16.6705
280856183,173.5199028,-67.67172828,0.210318,,18.1884,17.1353
280861410,173.224457,-66.6586002,0.392331,,17.6866,16.483299
909585662,171.2204785,-66.78171568,0.392313,,17.0884,15.8979
909585663,171.2217072,-66.78115463,0.36607999,,17.328501,16.237301
909508180,171.5991133,-66.40966706,0.22570901,,16.855101,15.6979
909550267,172.0472079,-66.15295761,0.33967701,,16.356701,15.3051
909230198,173.0127678,-67.63642611,0.19736201,,18.4233,17.3085
909415372,173.4756364,-66.60603484,0.263677,,16.999599,15.9483
909415879,173.3124743,-66.63050873,0.35506499,,16.2153,15.083
909263032,173.5048369,-67.15591717,-0.0310394,,19.2332,18.062901
314003888,184.0608488,-67.12938954,0.256199,,17.1523,15.9734
314004156,184.1095224,-67.09757827,0.65316099,,14.177,13.3597
325384755,186.5184179,-66.96846175,0.31551099,,18.372101,17.0508
327770527,189.8527201,-67.75160924,0.386713,,17.3696,16.344999
328239984,190.3839945,-67.94923613,0.53671497,,15.0983,14.2805
399565968,164.3407837,-66.28532526,0.31262001,,17.41,16.0404
328242434,190.2194679,-67.57225642,0.312002,,17.380699,16.2082
311976505,181.7183779,-67.21432186,0.27379701,,17.6987,16.4426
399064867,162.9638506,-67.66282479,0.47446799,,17.9244,16.84
399373252,163.8005439,-67.64666875,0.317202,,16.627199,15.7086
397599601,158.615072,-67.97065658,0.46241501,,16.561899,15.565
399063539,162.9293183,-67.99709722,0.42505899,,16.7258,15.7553
909877715,173.9590003,-66.18221614,0.401016,,16.163,15.064
908193978,174.3806482,-67.75983809,0.46161801,,16.9834,15.9449
908194419,174.2537326,-67.71593186,0.94381398,,14.6721,13.7997
908194797,174.119566,-67.75820406,0.38548499,,16.872299,15.7932
909221484,174.0840007,-67.59356956,0.36818001,,17.4231,16.3787
909221496,174.0824533,-67.59342974,0.190262,,17.0585,16.0397
909247709,173.9772312,-67.46823655,0.48519501,,14.9525,14.0545
909249600,174.0058382,-67.41851651,-0.0405959,,19.0926,17.962299
908237914,174.4830386,-67.33277712,0.51122397,,14.6567,13.865
908415652,174.5676046,-66.56320418,0.35613099,,17.569099,16.365601
908415697,174.5665733,-66.56257808,0.45708299,,17.699301,16.457899
908417541,174.5006576,-66.51402498,0.0114133,,18.243,17.061399
296052620,172.0459165,-67.72332982,0.15466499,,17.801901,16.495899
312920967,182.8508337,-67.60147864,0.13275699,,18.014799,16.7812
313047125,183.2798318,-66.08723525,0.307197,,17.7549,16.553499
313047453,183.0975205,-66.12370985,0.30529499,,18.124399,16.9622
296339724,172.6987041,-67.0713192,0.26157001,,16.1752,15.1515
296340009,172.8923313,-67.02201616,0.19492801,,14.7473,13.9374
844367612,157.8830829,-66.15006254,0.242531,,18.313,17.2703
844250994,159.52911,-67.24381567,0.14968701,,18.4431,17.2591
845697387,150.1136511,-66.45669375,0.29655501,,17.118999,16.1362
844256729,158.4416098,-67.2221006,0.172189,,18.932301,17.756701
845275001,152.9200567,-66.97076801,0.40412301,,17.1966,16.2349
845275020,152.9213824,-66.97044771,0.280487,,17.746401,16.7812
847578660,157.4319175,-66.06516206,0.32413599,,18.440201,17.3367
326426794,188.2095475,-66.41172806,0.094540901,,17.569,16.0144
327279364,189.2428113,-67.34945283,0.15327799,,18.060499,16.8955
327930557,190.1684855,-67.13381745,0.44168001,,17.2617,16.076599
327931368,190.1767911,-67.23679465,0.098230697,,17.621799,16.578199
845641163,148.9036608,-67.51690183,0.29988599,,16.632,15.5871
845008794,148.7292028,-67.45862112,0.26175001,,17.938999,16.8892
844309154,159.3576504,-66.91041273,0.255831,,19.070101,17.8729
845500956,152.6455471,-66.55331892,0.441829,,17.624901,16.5961
327931561,189.9107662,-67.26283575,0.405283,,17.5222,16.4289
313047101,183.0727138,-66.08441283,0.13027699,,18.261999,16.9909
313636589,183.6433014,-66.57088481,0.50257802,,18.8545,17.6926
313636718,183.8597991,-66.58351172,0.39784801,,17.993099,16.8867
326427558,188.273599,-66.50906194,0.111685,,18.4235,17.073799
296340321,172.7851693,-66.96905663,0.79296201,,15.3377,14.2761
327280128,189.2469409,-67.24705272,0.126854,,17.028601,16.281
327280395,189.2910949,-67.20707036,0.182151,,17.844801,16.7395
399063674,163.0295411,-67.96178108,0.166219,,18.814501,17.765699
399063950,162.8891905,-67.89078614,0.0939577,,18.257,17.211599
399371560,163.7992337,-67.27985991,0.28814101,,18.1698,17.070601
398224231,160.4053672,-67.13169028,-0.0142641,,18.153099,16.971001
399566702,164.4098783,-66.4216466,0.178987,,17.409599,16.3943
280856859,173.4510378,-67.54070244,0.36318401,,16.0926,15.0857
297045810,178.624952,-67.91611185,0.35814199,,15.1781,14.1998
297046720,178.7078149,-67.819041,0.324433,,16.7311,15.6777
907668418,170.9526205,-67.16075316,0.247784,,17.883699,16.5933
908193948,174.3817491,-67.75937488,0.479433,,17.588699,16.514999
910742075,165.2103315,-67.33380916,0.601695,,16.9877,15.877
909296741,172.1085395,-67.29187037,0.31396499,,17.8533,16.575001
297047278,178.6882743,-67.76415314,0.334086,,16.295099,15.2701
297047923,178.7599132,-67.70158223,0.32710299,,17.0783,16.0026
297359078,180.187079,-67.27679631,0.372192,,16.223101,15.2252
313531977,183.7442823,-66.47805929,-0.3432,,18.4146,17.235001
1110373682,232.2987229,-66.68442395,0.28211999,,16.2055,15.2945
297670472,180.4080899,-66.27540392,0.435202,,18.6033,17.265301
281018929,174.0824533,-67.59342974,0.190262,,17.0585,16.0397
1109754452,233.4409604,-67.74229871,0.222041,,16.8248,15.9265
1109298472,237.3658795,-66.27238763,-0.054414701,,18.166599,17.3048
911030957,166.9739678,-66.15121117,0.44048399,,18.153,16.780701
910992071,167.0532218,-66.75407223,0.55591798,,16.6143,15.4451
910846560,167.7783794,-67.29182015,0.39796901,,16.299101,15.1472
907688251,170.210369,-67.00583945,0.094948702,,17.9648,16.68
909249544,174.0070155,-67.43492515,0.22216301,,17.8484,16.6577
911073387,164.6854619,-66.75320414,0.361314,,18.2274,16.908199
907553280,169.922511,-67.85000413,0.18306001,,18.152,17.0165
909416240,173.3020734,-66.59326061,0.37501699,,16.6084,15.3573
908195131,174.2372106,-67.73776609,0.19060101,,17.7288,16.589399
910672996,163.9992299,-67.66109082,0.32449099,,17.839001,16.7127
910992340,167.1813605,-66.72627826,0.0082151396,,19.007999,17.691099
909263011,173.5034177,-67.15630959,0.26100099,,18.544001,17.2862
911177498,165.8804913,-66.19612305,0.39764401,,18.944599,17.637899
1109753989,233.3811539,-67.79451248,0.35144699,,16.480301,15.5695
1109739282,233.7645427,-67.99749979,0.35398099,,16.502701,15.5757
281017304,173.9037099,-67.93254726,0.35547099,,17.919701,16.742901
297358932,180.1819582,-67.25414021,0.232172,,17.617901,16.364201
281018302,173.8858254,-67.71996369,0.27983999,,18.579901,17.454
297669384,180.4309091,-66.42261005,0.352007,,18.489599,17.1124
297669752,180.5990647,-66.37509155,0.26218101,,18.0324,16.8046
909229691,173.1976497,-67.62481267,0.49053901,,17.8151,16.6339
907688573,170.128471,-66.97203985,0.24552201,,18.8568,17.5672
910741659,165.2231294,-67.39767948,0.13406301,,19.084,17.819799
399372688,163.7335738,-67.51842738,0.30860499,,17.9631,16.867201
845164200,155.3808869,-67.84521163,-0.40781,,16.9769,15.9664
399566458,164.3298875,-66.37731904,0.135553,,19.285299,17.948
399065938,162.8860356,-67.41592718,0.34480801,,16.287399,15.1997
399372166,163.9355687,-67.41146952,0.39804301,,15.6288,14.6382
399372831,163.8012835,-67.55077706,0.38605499,,15.5055,14.529
398225269,160.4499471,-66.89149646,0.71973199,,14.2734,13.365
311976609,181.741267,-67.20059811,0.390086,,17.3055,16.054701
313046938,183.0789394,-66.06687411,0.41254199,,17.341801,16.1763
1109077318,236.8386708,-66.73553921,0.360769,,17.9687,17.0527
845294567,152.6061816,-66.77501362,0.189193,,17.129499,16.406601
845372396,154.9146873,-66.58113945,0.18897399,,17.147699,16.188499
845433625,155.3704584,-66.39500309,0.49453801,,16.4554,15.5258
844204395,156.4953532,-67.87906719,0.33932099,,17.179501,16.1556
844205188,156.0552822,-67.90462852,0.178094,,17.570499,16.564199
844205203,156.0537401,-67.90451611,0.33316001,,17.1446,16.228399
313532187,183.899943,-66.50145527,0.447467,,17.621401,16.377501
327279710,189.1672214,-67.30395771,0.23188899,,16.8389,15.9744
281017105,174.0475126,-67.97672935,0.480645,,18.2094,17.057199
281017643,174.0695709,-67.8608927,0.230012,,16.814301,15.8326
297669165,180.6457307,-66.4508506,0.357243,,16.2735,15.4411
398226075,160.6186713,-66.72310059,0.138385,,16.8379,15.6802
845401194,157.1955118,-66.56856243,0.30062601,,17.689899,16.621401
845401487,157.1543143,-66.52023243,0.20458999,,18.1057,17.1227
845241785,151.5730434,-67.42986866,0.31886199,,16.5443,15.4953
845372410,154.9129446,-66.58106837,0.076073498,,17.9555,16.898001
398857065,162.1674546,-66.20050405,-0.097481698,,19.738501,18.579599
397452409,158.5653731,-67.03213378,0.37411901,,18.355499,17.2262
398442470,161.4961719,-66.29536162,0.060283698,,19.082899,17.877399
398914246,162.6383263,-66.24580404,0.361294,,18.847401,17.5837
398914984,162.496291,-66.39514616,0.27333701,,19.306499,17.9988
397259065,157.767597,-67.20045678,0.306245,,16.2323,15.2807
397259642,157.84007,-67.35303531,0.47572601,,17.182199,16.0581
397402948,158.3353225,-66.03230866,0.65048802,,15.9222,14.884
297670711,180.4125011,-66.24368723,0.43107501,,17.7143,16.4729
297358720,180.1791977,-67.22199845,0.15765999,,16.6436,15.5188
297358738,180.2553031,-67.22469956,0.237624,,16.944901,15.6433
845433542,155.3419127,-66.41359484,0.893861,,15.3836,14.3862
398442669,161.336026,-66.33235797,0.37448299,,18.1968,17.0422
297053538,178.7221257,-67.15233494,0.24229801,,17.016399,15.7805
312104327,182.0333149,-67.21641411,0.30817899,,17.9526,16.693701
313531975,183.7995875,-66.47782218,0.28052101,,17.3015,16.263599
399497913,163.9989276,-67.78953078,0.239943,,16.8899,15.8749
397601776,158.8829337,-67.39493153,0.13126899,,18.5923,17.4172
398444167,161.2545942,-66.61766199,0.102726,,20.2547,19.076
281019572,173.9772312,-67.46823655,0.48519501,,14.9525,14.0545
297358913,180.3368999,-67.25191727,0.75421399,,14.7053,13.7462
281017409,173.8424777,-67.91043074,0.28431499,,16.8582,15.8996
294652565,169.4144579,-66.61673274,-0.13736799,,18.6043,17.241501
294652645,169.5655695,-66.63180592,0.203164,,18.748301,17.3295
297225238,179.8562159,-66.94937389,0.38727701,,15.8806,14.735
313048071,183.1600402,-66.18883025,0.798639,,16.258499,15.159
326428491,188.3212156,-66.61451657,0.37035099,,16.7064,15.5622
845344276,155.144239,-67.2217452,0.33262399,,15.891,15.0045
845452765,155.602941,-66.02691103,0.13653401,,17.282,16.3997
844204021,156.5226128,-67.94685528,-0.00076580502,,18.631399,17.6609
844204097,156.427872,-67.94131103,0.30956599,,15.4283,14.7893
844204104,156.4284317,-67.94186004,0.41155699,,15.648,14.8362
845384960,156.1686401,-66.92333617,0.233233,,17.413799,16.514299
845408523,156.490071,-66.44350428,0.135591,,17.436899,16.5823
845408801,156.6108241,-66.39760514,0.25812599,,16.7251,15.8142
1110521075,232.9258138,-66.14529116,0.73169798,,15.8037,14.9007
1109743370,233.3547141,-67.89569947,0.190254,,17.7715,17.242399
1110199718,233.7242131,-66.65146435,0.31209099,,17.7547,16.835699
1110199751,233.7249468,-66.65074713,0.082278296,,18.209999,17.237
1110206611,235.2376017,-67.07836295,0.061193001,,17.8405,16.9617
297225495,179.9027546,-66.90713513,0.50556397,,17.164101,15.9202
297225302,180.0623397,-66.93792815,0.59328699,,14.5264,13.3482
294653658,169.3538604,-66.82548531,0.567976,,14.5479,13.4197
297354967,180.2792928,-66.64419535,0.0601574,,17.6877,16.565599
297664385,180.5723206,-67.14935038,0.050700601,,17.993999,16.809099
1112192430,236.1872519,-66.26219275,0.36235699,,16.8388,15.986
1109029689,237.269214,-67.0687709,0.466223,,16.4846,15.5808
1110198305,233.5819245,-66.69530888,0.53196198,,14.9946,14.0123
1109046965,235.9795783,-67.17974327,0.41970199,,16.742901,15.818
1109046949,235.9798907,-67.17909649,0.33156201,,17.102501,16.153
1108845946,237.5245268,-67.86934206,0.044526801,,18.422199,17.5166
297664747,180.5001129,-67.08973006,0.122885,,17.2616,16.1203
297354871,180.2190126,-66.63029642,0.207938,,17.990299,16.738899
297354859,180.1294761,-66.62922141,0.31215301,,17.2626,16.050699
327931044,189.9380515,-67.19326378,0.268547,,16.9277,15.7507
1108846562,237.3349653,-67.9287762,-0.155386,,18.6467,17.7267
845408818,156.6123797,-66.39754676,0.314816,,17.065599,16.0641
847572274,157.2281788,-66.31354848,0.448928,,16.254299,15.3474
847572276,157.2286053,-66.31285435,0.58882499,,16.203501,15.2477
847573209,157.0258617,-66.22091226,0.189207,,17.7549,16.7307
844298764,157.7249158,-66.63712111,0.077234998,,18.5641,17.453699
397259435,157.7892189,-67.29788034,0.124001,,16.897301,15.9936
397451638,158.5501746,-66.8536628,0.063805498,,17.6161,16.423401
328846544,190.9591611,-66.09227008,0.073456898,,17.099501,15.2887
327931010,189.9634448,-67.18948198,0.59242499,,15.3569,14.3709
327930352,190.1660746,-67.10718704,0.306256,,15.1514,14.0959
313047348,183.0624627,-66.11362582,0.90006697,,15.2595,14.2581
313047658,183.0795732,-66.14523094,0.45083901,,16.7959,15.7244
327279858,189.2328504,-67.28257607,0.51141202,,16.6159,15.605
327280363,189.0122114,-67.21146345,0.206084,,17.840799,16.7794
327280368,189.2602276,-67.21113835,0.137106,,17.225201,16.155001
327280373,189.1056392,-67.20992976,0.279255,,17.3613,16.2328
297664787,180.386845,-67.08419652,0.079965703,,18.2264,17.2365
297355403,180.1941339,-66.70272332,0.058618799,,18.9928,17.711
328242862,190.2456752,-67.51033068,0.121194,,17.002899,16.0739
844396332,159.564362,-66.1513334,0.0348465,,18.5252,17.401699
845480859,154.3351238,-66.57920224,0.378609,,17.326401,16.327
845384975,156.1667796,-66.92298696,0.602301,,16.187401,15.1622
328716946,190.8342237,-66.7013055,0.39472401,,17.788,16.632601
297355854,180.2748046,-66.76864337,0.14064901,,17.8853,16.567301
297354776,180.3646282,-66.61800662,0.40365899,,16.7789,15.7669
312571380,182.361624,-66.25448956,0.067775197,,17.687401,16.5445
313999864,184.1715752,-67.68608125,0.153521,,17.9275,16.617701
314004998,184.0202227,-66.99529584,0.523341,,16.728399,15.6965
314010769,184.0384026,-66.31652804,0.29177201,,18.5914,17.2027
297355044,180.1609675,-66.65522578,0.035777099,,18.2978,17.034201
297355182,180.0911457,-66.67352511,0.34536299,,17.128201,15.9532
297355569,180.1027678,-66.72556755,0.370891,,17.0338,15.8109
845385913,156.0617874,-66.8375904,0.192858,,17.1766,16.094
847572142,157.25466,-66.32526659,0.106788,,18.865101,17.7561
844239348,158.3419756,-67.47857265,-0.149169,,20.162399,18.975401
844263366,158.6064966,-66.89386551,0.28758001,,17.054001,15.9011
845343170,155.0322854,-67.32813405,0.26539499,,18.597099,17.523701
314011184,184.1365473,-66.26929726,0.33504999,,17.816,16.4807
314641361,184.9875413,-67.43077474,0.492136,,16.779699,15.6748
314754984,185.0139734,-67.61423705,0.097250901,,17.913799,16.7803
314755074,184.873367,-67.62609316,0.16141,,17.576799,16.4755
297355804,180.2065948,-66.76013765,0.446062,,18.0805,16.8225
297663899,180.4092941,-67.22339784,0.328255,,17.781099,16.654699
297355575,180.137136,-66.72664529,0.124161,,18.017099,16.797501
314002107,183.9492632,-67.36243611,0.29493201,,16.307699,15.185
297355242,180.3235884,-66.68202352,0.36219299,,17.761499,16.5287
398445496,161.5086857,-66.90641081,0.31272,,17.682699,16.4007
844192884,157.8848879,-67.72340668,-0.0140617,,18.689199,17.5474
844263739,158.5501746,-66.8536628,0.063805498,,17.6161,16.423401
297354943,180.2569888,-66.64139978,0.32264799,,16.3279,15.3611
297664805,180.4357906,-67.0816561,0.478306,,15.5087,14.4948
312095305,182.1205785,-66.09495679,0.233951,,18.711399,17.565399
312571518,182.1964878,-66.24031257,-0.15838701,,18.478701,16.9881
1110229301,234.5181067,-66.66882024,0.369225,,17.123301,16.2288
1110224215,234.9386056,-66.79550281,0.2466,,17.134701,16.234699
1110248950,236.1306384,-66.40603617,0.27877399,,17.222799,16.3139
1109263278,237.2208022,-66.69752748,0.16244,,16.438101,15.6315
1109019090,237.5485501,-67.13874579,0.31759101,,16.0574,15.1729
1110224539,234.7580526,-66.80253088,0.366409,,15.4415,14.4739
1109087138,236.4810043,-66.71348241,0.113087,,17.7829,16.8172
1109019609,237.636657,-67.1590417,0.189776,,18.311199,17.3451
845328090,156.2233891,-67.19456514,0.28341401,,16.462099,15.5112
845410315,156.1714805,-66.4069231,0.253389,,17.206699,16.347799
845410316,156.1728421,-66.40671953,0.052300598,,17.076599,16.4438
847584464,156.6481521,-66.09757282,0.34611699,,16.709299,15.7612
845395179,157.0663301,-66.73964246,0.24129,,17.1966,16.181299
297672003,180.4633496,-66.07245091,0.25373799,,17.767599,16.468901
313038385,182.8844889,-66.75628262,0.28951299,,18.4958,17.1147
314005474,183.983399,-66.93907972,0.10268,,17.7281,16.6154
297672443,180.5410398,-66.0148803,0.36427,,17.136999,15.8485
281020467,173.9322703,-67.29424636,0.00269421,,17.643801,16.3932
844279070,157.6303218,-67.02658314,0.200754,,17.857201,16.7791
844360646,157.6593767,-66.39919058,0.44798899,,18.0833,17.047199
844341760,159.752105,-66.26521071,0.174505,,18.2201,17.132999
845328101,156.2218945,-67.19469578,0.54267502,,15.7558,14.7424
844343275,159.3737121,-66.26415813,0.29577199,,17.756399,16.6047
314641478,185.0887948,-67.44843128,0.161303,,18.6334,17.506599
399497778,164.1147664,-67.82013925,0.184551,,17.4042,16.2666
297672124,180.5165755,-66.05753126,0.67510599,,17.458599,16.1474
281020912,174.0121309,-67.20778331,0.41818899,,17.297501,16.056601
297221778,179.8123889,-67.52835844,0.41457099,,17.5215,16.344801
845395460,157.0969011,-66.71266341,0.13936201,,17.8111,16.720301
844186971,157.8559488,-67.95832454,-0.62236601,,19.733,18.671101
845328518,156.1931424,-67.12889538,0.106592,,18.2542,17.1749
844291131,158.2444601,-66.708248,-0.071272597,,18.457199,17.219
844341280,159.7014848,-66.32959404,0.38756701,,17.542,16.4044
297221129,179.8490881,-67.65115114,0.166688,,18.162001,17.0457
297221614,179.8179271,-67.55776826,0.41402999,,17.659,16.512501
398720107,161.910397,-66.86428597,0.20958699,,17.8867,16.6014
398718639,162.0353267,-66.55263,0.244259,,18.711901,17.564301
297222413,179.9970145,-67.41928203,0.33129799,,16.0793,14.9966
297672454,180.6355174,-66.01374225,0.663697,,15.178,14.1648
398644239,161.7561978,-67.72831713,0.31336799,,17.556601,16.422701
398644797,161.6760013,-67.60278345,0.23503999,,18.4048,17.2955
398718655,162.0703154,-66.55682031,0.39906499,,18.622499,17.4529
296796162,176.6329623,-67.66425385,0.26203799,,17.094601,16.006001
314754572,184.9680368,-67.55726726,-0.021570699,,18.7705,17.6056
314639520,184.9707624,-67.18851667,0.062791698,,18.7749,17.543501
314639670,184.9966294,-67.20701792,0.126105,,18.191299,16.953199
297448768,180.3213787,-67.8716351,0.31012499,,16.8946,15.8907
297448732,180.3607999,-67.86659703,0.15333299,,17.2616,16.1779
398645239,161.716359,-67.49333165,0.044444401,,18.546101,17.3967
399365312,163.8765012,-66.0814208,0.19996101,,18.520399,17.1926
398644894,161.6939369,-67.57603951,0.37002099,,18.631201,17.517099
398718840,161.9316511,-66.59645494,0.20618901,,18.046801,16.906601
328715758,191.0817461,-66.84303487,0.325712,,18.7941,17.475599
328716659,190.966194,-66.73564416,0.353246,,18.8132,17.5749
398720397,161.9240741,-66.92792293,0.29941699,,17.8258,16.486
398720827,161.8920232,-67.01783051,0.19069,,18.4902,17.252501
297049795,178.6174979,-67.51887497,0.457688,,15.9084,14.836
297362349,180.2847134,-67.83605811,0.467136,,15.676,14.7458
297049826,178.8606748,-67.51627504,0.24902099,,16.0655,14.9669
847570510,157.335578,-66.32072191,0.392488,,18.787701,17.7836
297362369,180.2778623,-67.839165,0.53036201,,14.3912,13.6121
297346045,180.0390336,-66.39750923,0.419763,,18.087601,16.8039
297346096,179.8184496,-66.39020934,-0.031725101,,18.547001,17.496
845312404,155.4450876,-67.6824584,0.37110901,,17.8346,16.8592
844206034,156.2088854,-67.86115391,0.245976,,17.931999,16.9088
314754685,184.9544535,-67.57419201,0.141184,,18.771799,17.8853
314002469,184.0271382,-67.31597947,0.22922701,,17.9063,16.6562
399363702,163.6281651,-66.04479041,0.14553601,,17.4953,16.213499
297347089,179.8967656,-66.25523723,0.0302306,,17.164101,16.0438
844369120,158.7870708,-66.34791933,0.31188101,,17.837099,16.811001
844369514,158.8030382,-66.30588218,0.157684,,18.774099,17.7157
844206682,156.6510575,-67.89321817,0.267005,,18.303101,17.273899
844283336,158.1546962,-67.07125674,0.49241,,17.830299,16.7031
844355605,158.506347,-66.37294758,0.24945,,17.977699,16.812099
311646201,181.3467822,-67.98559896,0.13071799,,18.348,17.1516
286649095,186.021095,-67.045461,0.22846501,,17.261,16.1672
297659865,180.6236881,-67.90392123,0.27109399,,17.873501,16.8291
286648652,185.8646875,-67.10024742,0.35066801,,17.210899,16.0109
297346041,179.795722,-66.3982702,0.26499999,,17.6933,16.378
297346367,179.9445428,-66.35438402,0.20370001,,17.7008,16.4046
286648738,186.0260063,-67.08972179,0.43235499,,17.783899,16.510401
297346160,179.880829,-66.38078043,0.36318499,,18.1861,16.8561
297347359,180.0385247,-66.22185398,0.296626,,17.636801,16.353901
297346461,180.0216562,-66.34056199,0.62515801,,16.3202,15.1457
296681700,176.2743954,-67.90801929,0.244982,,18.4534,17.4512
311645238,181.5174038,-67.82234383,0.20157,,17.5672,16.321301
297346062,180.0428242,-66.3954294,0.375503,,18.6339,17.2435
296681384,176.3812051,-67.97179709,-0.46300399,,18.595699,17.542299
297659509,180.461291,-67.96974437,0.35388601,,16.116199,15.1493
845473038,153.0184006,-66.76975035,0.63687199,,16.0481,15.0679
844283266,158.1157865,-67.07820268,0.45535901,,16.759199,15.6093
327776988,189.88405,-66.83886233,0.31848699,,17.670799,16.445499
312433522,182.4176853,-67.22372176,0.29760399,,18.553699,17.191099
312571580,182.1812259,-66.23381534,0.224262,,17.434999,16.344801
314011043,184.2228081,-66.28437597,0.20411099,,17.6084,16.281799
296790037,176.6803138,-66.57150843,0.45460999,,16.0599,14.9708
296790487,176.5325769,-66.64106484,0.546947,,15.3482,14.2892
296789837,176.535852,-66.53995826,0.41922399,,18.1896,16.669201
296790092,176.6460186,-66.58050449,0.36375299,,17.807301,16.5249
296790134,176.7322848,-66.58670959,0.0741219,,19.003599,17.587799
327776680,189.7447147,-66.88039751,0.23026501,,16.8444,15.6097
314010254,184.1847869,-66.37396393,0.429225,,17.127399,15.8109
314011666,184.1824734,-66.21405794,0.345718,,17.301201,16.0023
296683089,176.3432114,-67.63700183,0.33408901,,17.92,16.663
296791673,176.6990976,-66.83720867,0.242808,,18.9256,17.4823
296789757,176.565525,-66.52612399,0.26051801,,19.371201,17.817801
296789778,176.5167652,-66.53031055,0.25549299,,18.592899,17.185801
312571010,182.3090156,-66.29386691,0.19261,,16.028799,14.7157
296790202,176.7281161,-66.59729284,0.029201999,,18.9818,17.4617
398720985,162.1296976,-67.05297714,0.171151,,17.4314,16.1786
314002284,184.1130952,-67.34094365,0.22690099,,17.0317,16.0387
314640002,184.9609935,-67.25025033,0.15760399,,18.276699,17.098801
328715953,191.0190877,-66.81788595,0.31463599,,18.241699,17.008699
312107603,181.9005241,-67.70836926,0.38369799,,14.3665,13.6267
297220766,179.9445354,-67.71471054,0.22178,,17.581301,16.541201
314754527,185.1064815,-67.55210933,0.47061101,,15.1647,14.2551
1110094832,233.8908936,-67.57426633,-0.041735701,,17.534201,16.649
1110136321,234.6092214,-66.99348302,-0.087042801,,17.3859,16.5189
297219610,179.9332801,-67.91400134,0.188494,,17.2843,16.1408
297219717,180.0559341,-67.89430278,0.33753699,,17.1502,16.1595
297219930,179.8842441,-67.85869769,0.149536,,17.545,16.393
297220228,179.8786005,-67.81124603,0.23931099,,17.1994,16.0982
845187188,154.3280593,-67.79432447,0.21118601,,16.9224,16.1021
845322806,156.3601052,-67.30235521,0.65770698,,15.5757,14.6647
845384623,156.6520623,-66.6486281,0.23868699,,17.375,16.361799
845396224,156.9663119,-66.64114486,0.36134899,,17.3377,16.301001
399361731,163.3728673,-66.3925245,0.409944,,17.873501,16.653799
844300098,157.4001482,-66.61784652,0.45097101,,16.0797,15.1032
844289034,158.4348873,-66.78768796,0.10171,,18.4849,17.3076
311509672,181.0361526,-66.72492201,0.126606,,17.873199,16.595301
312433892,182.269598,-67.16614218,0.34152001,,17.401899,16.0891
281756243,186.2353998,-67.25403278,0.31403399,,16.1654,15.0149
296793532,176.7498637,-67.16750753,0.34470499,,18.6803,17.3659
845384362,156.5759615,-66.69938736,0.318059,,17.775499,16.719999
844221315,156.8876486,-67.60424655,0.22556099,,17.599501,16.547501
845395546,156.9932168,-66.75605574,0.50717002,,17.8832,16.810699
844297849,157.7658084,-66.66800277,0.488464,,16.8694,15.7537
297662955,180.6056086,-67.37314037,0.213651,,17.559099,16.4046
845435181,155.4789123,-66.28254424,0.44800001,,16.9296,15.8685
845384475,156.7036133,-66.68144565,0.275446,,16.756399,15.6527
314008736,183.9798996,-66.55404268,0.133608,,18.089001,16.6616
314009160,184.0802847,-66.50128683,0.33976799,,17.598101,16.2096
297664051,180.4974497,-67.19989098,-0.052664801,,18.2414,17.018999
1108952883,234.3904311,-67.70973582,0.32498601,,17.489401,16.5557
1112200219,236.6720108,-66.10143151,0.62427503,,16.1595,15.2419
281756176,186.0599957,-67.24634907,0.23968901,,18.828699,17.6101
314624171,184.63202,-66.45080558,0.48347601,,17.624399,16.3636
314624183,184.5825505,-66.44970544,0.28620601,,17.706499,16.344299
327928742,190.1295803,-66.89967416,0.28480899,,17.5028,16.3111
397782001,159.3496115,-67.39633247,0.332553,,18.315001,17.070499
312584797,182.6690898,-67.13194617,0.161634,,16.447399,15.2909
325383915,186.4378813,-66.85566308,0.28288999,,17.4433,16.195999
329165556,191.592449,-67.54441928,1.8045501,,12.5459,11.675
297219856,179.9114526,-67.87168722,0.21911301,,17.8487,16.782499
297220934,179.9076786,-67.68277449,0.510557,,17.2045,16.1157
397783728,159.3138421,-66.9717641,0.31538701,,17.746599,16.5952
397782396,159.3649375,-67.29412428,0.12262,,18.0191,16.7754
297223786,179.9991794,-67.17811872,-0.207159,,17.399,16.215799
297221068,179.7952485,-67.66043938,0.30208099,,17.921801,16.8318
296793127,176.5081579,-67.09736735,0.121574,,17.785299,16.559601
296793518,176.6511534,-67.16510275,0.33500901,,17.561001,16.302999
297661762,180.6197339,-67.58449425,0.16645201,,18.131001,16.9384
297663108,180.5785553,-67.3477907,0.32790199,,17.5959,16.402599
844257920,158.4943829,-67.1196114,0.37898099,,19.1042,18.034599
845450196,155.567596,-66.24683085,0.326996,,17.1087,16.0805
845163604,155.6242687,-67.89331074,0.28866699,,16.327499,15.4592
845325570,156.5368834,-67.29580416,-0.052981801,,17.401899,16.4084
844257651,158.577495,-67.1618379,0.158553,,17.8694,16.730301
844260066,158.7944214,-67.03558073,0.72170901,,14.9753,14.0722
844315484,159.1765271,-66.92038918,0.57972598,,15.0639,14.176
844315571,159.1038399,-66.91854763,0.070425197,,17.740801,16.7026
844302836,159.7655001,-67.14620736,0.334223,,16.8403,15.8376
844303522,159.7856109,-67.07078616,0.225383,,16.9974,15.9846
845450433,155.4722448,-66.19391279,0.37925801,,17.7519,16.6929
845163808,155.625042,-67.8681809,0.236696,,18.332399,17.2931
311979715,181.610138,-66.782718,0.124811,,18.979799,17.49
845305048,156.0894209,-67.79407817,1.01625,,14.9133,13.9533
844260067,158.7943813,-67.03496847,0.41024801,,15.8706,14.7856
845450691,155.5940684,-66.16505806,0.24402,,18.780199,17.683001
296793957,176.736806,-67.23951183,0.127591,,17.3724,16.1446
844257660,158.5772868,-67.16116817,0.211472,,17.9233,16.74
844315113,159.0562261,-66.97674654,0.15452,,17.826599,16.6383
297662606,180.548964,-67.43137139,0.46863699,,16.9198,15.7258
297219222,180.0204626,-67.98910341,0.329362,,16.9261,15.948
297220977,179.856432,-67.67639003,0.771155,,14.3746,13.4468
296792102,176.5965361,-66.91052366,-0.060687698,,18.6164,17.1299
296792370,176.670903,-66.959965,0.266348,,17.323,15.8498
297663992,180.5502404,-67.20961166,0.40360799,,16.511999,15.3456
297220258,179.8830346,-67.80683121,0.69355702,,14.7759,13.7253
297662042,180.437899,-67.53287825,0.37646601,,15.4289,14.4633
297224555,179.8864477,-67.05449641,0.30430499,,16.0361,15.0178
297220360,179.8534742,-67.78684802,0.27750599,,16.2043,15.071
397177465,157.6303218,-67.02658314,0.200754,,17.857201,16.7791
297449449,180.3653912,-67.99090038,0.14126401,,17.7507,16.7876
297449336,180.1260725,-67.97108667,0.25016499,,17.8162,16.7335
297449293,180.1399802,-67.96484977,0.12414,,18.1985,17.1467
297449299,180.0550808,-67.96566487,0.17173301,,18.4212,17.2698
297449095,180.3262322,-67.92802325,0.14543501,,16.5331,15.4811
314624134,184.6663193,-66.45490232,0.310229,,18.5513,17.187201
845430405,155.1230295,-66.42963011,0.250945,,17.3459,16.3654
845418817,155.5476485,-66.67727275,0.195572,,17.5707,16.620899
845419085,155.7883589,-66.66097141,0.118405,,18.1087,17.1029
845419098,155.7863259,-66.66089562,0.37395999,,17.9519,16.9398
844348601,158.2686042,-66.67675179,0.27806601,,18.3629,17.205601
844348905,158.3540718,-66.63709003,0.115891,,18.0464,16.943701
844371120,158.8691375,-66.19249747,0.391164,,18.084801,16.982599
844400694,159.5720167,-66.00175882,0.27428299,,18.038401,16.8703
844339034,159.1499392,-66.35203362,0.12876,,18.0749,16.9279
845419428,155.8431013,-66.6227965,-0.0107004,,19.105,18.038799
845432235,155.0514287,-66.38656561,0.32077399,,18.6339,17.571199
400321782,166.3236943,-67.53589999,-0.0129956,,17.6432,16.5165
398919308,162.5527277,-67.32793392,0.090373598,,17.798901,16.611
398222225,160.524032,-67.62902972,0.042635899,,18.8675,17.7094
398918928,162.7618644,-67.23333432,-0.1069,,18.601101,17.390699
1007322139,200.1105681,-67.5231507,0.42031801,,16.967199,15.6994
1007322140,200.1110911,-67.52234983,0.53652,,16.996901,15.768
1021152636,200.9554828,-66.79816574,0.60597599,,17.023701,15.8664
1021304432,200.7443232,-66.42933591,0.53204,,16.357,15.2336
1021329064,200.7740266,-66.26758187,0.37669501,,17.3787,16.187901
1021331089,200.666276,-66.25120532,0.26972699,,17.062599,15.9226
1021334775,200.5096709,-66.26924942,0.422066,,16.9627,15.7719
1021141093,200.919616,-66.98911311,0.219142,,18.453699,17.0737
1021141009,200.8767418,-66.99299717,0.31643999,,18.4599,17.157801
1021141741,200.8962236,-66.94943848,0.25849599,,18.1462,16.7391
1021188155,200.7022961,-66.69207176,0.307134,,18.0037,16.509199
1021188156,200.7031408,-66.69137303,0.25457299,,17.9571,16.5401
1021188695,200.7359231,-66.64815806,-0.41334,,19.2896,17.6933
1021147467,201.3831412,-66.80317398,0.054777801,,18.193899,16.9035
1021148220,201.1317307,-66.8510821,0.243286,,16.404301,15.0449
1021157604,201.270619,-66.69750315,0.82790202,,14.5811,13.5223
1021183904,201.0877062,-66.6624335,0.212504,,17.341101,16.0415
1021195853,201.0267004,-66.46732492,0.31904301,,18.496401,17.097401
1021197397,201.4761959,-66.74276299,0.217456,,17.3181,16.100401
1021207359,201.4720318,-66.63475777,0.409641,,15.7731,14.6628
1021265743,201.7772886,-66.27928796,0.0087315198,,18.757299,17.118401
1021265744,201.7719102,-66.2789284,0.36893001,,17.585501,16.235399
1021266310,201.9506033,-66.25839275,0.050256498,,19.1262,17.4489
1021203412,201.695094,-66.65104766,0.231608,,17.820999,16.476999
1021210483,201.6468503,-66.58836949,0.493177,,18.5912,17.2773
1021210680,201.7217307,-66.58448643,0.42756301,,18.5299,17.1
398155440,160.4619784,-67.87519255,0.33994201,,16.594101,15.6251
1021223891,201.9413979,-66.50816674,0.19446599,,16.373699,14.9315
1007581499,202.1385159,-66.67367243,0.45332399,,16.771601,15.6087
1007585737,202.3914142,-66.59637325,0.304286,,18.7603,17.185699
1007563941,202.0612594,-66.74006689,0.262905,,18.1194,16.693399
1007570130,202.0377576,-66.70535602,0.42767099,,16.118099,15.0384
1007573194,202.2393669,-66.77755883,0.0072177202,,18.7241,17.209801
1007574905,202.348104,-66.69881933,0.40777099,,17.8507,16.643299
286789362,186.8105138,-67.28444179,0.219134,,16.7484,15.638
286652713,185.9562648,-66.60340049,-0.029725,,19.164101,17.7857
328241892,190.5327205,-67.65451468,-0.025819801,,19.938,18.708599
1007253302,202.22901,-67.6037537,0.282487,,18.3318,17.0807
1014525837,202.9956787,-66.84885427,0.110207,,17.808901,16.5343
1014527798,202.8685036,-66.8261122,0.338231,,17.6241,16.373699
1022126885,202.7400526,-66.08755784,0.054412,,19.2612,17.8986
1007458855,202.8012693,-66.86071084,0.35066301,,19.226299,17.820999
1014483586,203.3651851,-67.03968742,0.081332304,,19.219101,17.9359
1014696606,203.1141074,-66.32622759,0.28623199,,16.5116,15.3751
397603743,158.6064966,-66.89386551,0.28758001,,17.054001,15.9011
1014696691,203.1267511,-66.31497747,0.268895,,16.2654,15.2573
1014697174,203.1503163,-66.3035657,0.334497,,17.984699,16.6562
1014697381,203.1267361,-66.28405578,0.26892099,,18.234501,16.955299
1007240614,203.1710889,-67.53792214,0.24905699,,18.742901,17.3459
1014025766,203.9624164,-67.2723847,0.27699301,,18.124399,16.7901
1013894972,203.9020196,-67.78015403,0.25946099,,17.288099,15.8633
1014488174,203.5720352,-66.94792313,0.339371,,16.962999,15.758
400321669,166.0559196,-67.51161271,0.187002,,17.504,16.4417
911106234,164.9552736,-66.32936053,0.15934999,,18.1082,16.7939
910995190,167.0542178,-66.61720026,0.317711,,17.8335,16.5742
912080141,168.0542793,-66.17753594,0.149994,,19.1362,17.7101
397603185,158.7944214,-67.03558073,0.72170901,,14.9753,14.0722
398919299,162.5687314,-67.32682403,0.171268,,16.9006,15.8172
1014049251,203.8757804,-67.21385554,0.040977102,,18.5376,17.226101
1014057162,203.6488039,-67.13048832,0.20919301,,18.976101,17.703501
1013925586,203.8149682,-67.52318577,0.068377003,,18.549,17.216
1014761511,203.7689471,-66.05724961,1.00464,,15.0029,13.9739
1014761592,203.8529811,-66.04104404,0.350546,,18.354601,16.8778
1014762376,203.6409557,-66.07429372,0.68253201,,16.778999,15.5376
1014036313,204.0940337,-67.25053829,0.15163399,,17.4489,16.2764
1014714797,204.1902526,-66.25288474,0.33455101,,17.8416,16.587
1014728922,204.603443,-66.17303176,0.50611401,,16.3592,15.3414
1014729110,204.6039934,-66.17242247,0.399764,,16.870899,15.5438
1012408402,204.6489317,-67.76405407,0.18424401,,17.929199,16.5931
1014129582,204.6019849,-66.78049654,0.41709501,,15.9013,14.7489
1014150503,205.02422,-66.59601196,0.36726499,,17.851801,16.459801
1012406009,205.190242,-67.69838106,0.17126299,,18.1213,16.831499
1012406055,205.1916618,-67.69822787,0.050797999,,19.1332,17.826799
1013949130,205.3719441,-67.44173846,0.195127,,17.879999,16.622101
281751237,186.0364111,-66.64757081,0.435655,,17.389799,16.0707
1013949688,205.425369,-67.4053817,0.34145701,,18.1619,16.839701
1014794505,205.2224961,-66.35292383,0.291233,,16.9058,15.7052
1014794532,205.2209124,-66.35295891,0.42868501,,16.858101,15.6992
1013984688,205.1740512,-67.20285158,0.76807803,,15.6079,14.5697
1014849144,205.2872493,-66.04834555,0.38874,,16.6772,15.3342
1012336740,205.8748492,-67.97118786,0.438586,,14.8388,13.792
399565292,164.5251911,-66.15661273,0.37436,,17.233999,15.9271
398226619,160.5769245,-66.61006746,0.11866,,17.6877,16.557699
398914793,162.56071,-66.35741304,0.433245,,18.7584,17.542299
397606347,158.8030382,-66.30588218,0.157684,,18.774099,17.7157
398227738,160.5023313,-66.38617088,0.31658,,19.279301,18.083401
398227786,160.4519479,-66.37695844,0.059285801,,18.839701,17.695
1012460944,205.7948041,-67.4494325,0.442292,,17.012699,15.8385
1014008855,205.5532466,-66.98295935,0.51986903,,14.6117,13.6031
1014010727,205.7099575,-66.89253724,0.41265401,,15.5591,14.5029
1014375420,205.941206,-66.3550577,0.40989801,,16.9911,15.8613
1014375429,205.9737769,-66.34245213,0.211971,,17.4631,16.033199
912080573,168.0389038,-66.16254723,0.17434201,,18.306,16.840401
912080598,168.0282638,-66.14907139,0.136593,,19.3556,17.7157
910960685,168.4946397,-66.68456102,0.30140799,,17.387699,16.2075
907620058,168.8654011,-67.43548122,0.389139,,16.1276,15.051
907759663,168.827235,-66.6198975,0.46141601,,15.5291,14.448
907743619,169.386835,-66.73777705,0.38516,,17.351299,16.1682
909616217,170.8978672,-66.6378116,0.29915199,,16.504,15.4162
909616218,170.8990539,-66.63820752,0.278005,,16.271799,15.3631
909616676,170.8420435,-66.59555853,0.494885,,16.852301,15.5923
907667027,171.2235911,-67.23250278,-0.034075901,,19.354,18.2197
907667041,171.2238773,-67.23190623,0.110483,,18.9692,17.7174
907667862,171.1456873,-67.15687941,0.68548602,,15.409,14.3524
909518275,171.9349222,-66.27111544,0.26097,,18.5833,17.3016
909519551,171.6689971,-66.23475999,0.0898825,,19.1817,17.876499
325377946,186.625079,-66.06167912,0.115003,,19.306801,17.8521
326940053,188.8086693,-67.36048768,0.295129,,17.278601,16.191
329167079,191.6548416,-67.30296558,0.54045701,,18.375601,17.2208
909519583,171.6702854,-66.23417199,-0.13572299,,18.5926,17.482599
909515382,172.2444279,-66.2749092,0.365107,,18.306299,17.0798
909289759,172.5117642,-67.49192201,0.27833301,,15.8271,14.8675
909230561,173.110949,-67.59516694,0.26324499,,16.528799,15.413
909405252,173.1807069,-66.82027578,0.33640999,,14.9708,13.9471
909868417,174.231038,-66.34739533,0.25811899,,18.335199,17.0215
909868495,174.2529343,-66.34064612,0.50112098,,14.4427,13.5662
399564531,164.2863847,-66.02470429,-0.55497599,,19.58,18.2351
909868722,174.2497868,-66.31055222,0.42715201,,16.9694,15.7439
908181368,174.7360956,-67.94318865,0.25013599,,17.018,16.007
908971524,174.7404143,-66.48567288,0.019104199,,18.7278,17.3573
908971656,174.7817314,-66.46349509,0.32996601,,16.678301,15.3821
910564505,167.4906449,-67.95771745,0.36023301,,17.3887,16.3431
907759664,168.8289306,-66.61995431,0.51813698,,16.1042,14.8831
400074030,165.647844,-67.3357218,0.081905201,,18.6199,17.508301
399566506,164.3897299,-66.38468455,-0.114311,,19.624399,18.1605
908341941,174.9865355,-67.13449448,0.328547,,18.643101,17.306
909753943,171.5925541,-66.02821984,0.17766,,18.6012,17.097601
281751260,186.3295814,-66.64963873,0.19531099,,16.3822,15.3955
286789175,186.6682544,-67.25888823,0.190971,,16.8685,15.6191
297219724,179.8515486,-67.89246269,0.39223099,,18.263399,17.177
281759977,186.1246412,-67.76892278,-0.074934296,,17.6157,16.5275
326940990,188.8604459,-67.4853156,0.30284101,,15.6153,14.7516
311632440,181.2699361,-66.07105396,0.35728401,,18.323999,16.8682
1014375501,205.9736801,-66.34154726,0.19727001,,18.103701,16.6259
1014382407,205.8929172,-66.32748465,0.344376,,18.0476,16.5562
1014382868,205.9034479,-66.31915885,0.53860497,,16.7017,15.4104
1014382923,205.9038146,-66.31857693,0.43788299,,16.7491,15.4394
1014383003,205.9235341,-66.30891915,0.491014,,17.589399,16.2637
1014384900,205.8566666,-66.27675609,0.34017301,,17.3097,16.0098
912080579,168.0270121,-66.14886731,0.51085401,,17.976601,16.501301
910961729,168.3385621,-66.62513659,0.34108299,,19.557699,18.245501
907667522,171.2740051,-67.20444656,0.332784,,17.214001,15.9584
909226120,173.7057072,-67.53914858,0.088024899,,18.440201,17.248199
910580167,166.8406517,-67.59802548,0.222039,,18.2209,17.0322
910994969,166.9431943,-66.6419198,0.456765,,19.4951,18.2334
399567281,164.4815063,-66.52110559,0.66149902,,15.9846,14.7333
400067022,165.6921085,-66.0247272,0.38819101,,16.976801,15.7944
325383531,186.5629517,-66.79940355,-0.0441649,,18.121099,16.710899
910564251,167.5169227,-67.99606372,0.27335399,,17.3836,16.2955
910959956,168.4175098,-66.68518619,0.0220054,,18.5611,17.2129
1014385035,205.943576,-66.26539436,0.247291,,18.2257,16.7064
1014816952,206.1075172,-66.12421769,0.35046399,,18.6469,17.3727
1012437171,206.1068885,-67.55654707,0.28598601,,16.4041,15.3419
1012438783,206.048806,-67.5195478,0.27954999,,17.9261,16.7544
1014376140,206.1501776,-66.32211312,0.33856899,,17.2085,15.7561
1021304486,200.7741861,-66.42437362,-0.125007,,18.9716,17.2931
1021212665,201.5600477,-66.56345637,0.188703,,17.338499,15.7425
844295128,157.1582849,-66.80310351,0.50637299,,16.5152,15.4943
844270587,157.767597,-67.20045678,0.306245,,16.2323,15.2807
286792203,186.6194301,-67.68119951,0.20491,,18.2038,17.146799
286792052,186.636683,-67.65796644,0.157244,,17.0993,15.9235
326781037,188.4253151,-67.67634941,0.29656199,,16.5588,15.5252
327926952,189.9145167,-66.6737384,0.21711101,,17.749599,16.5056
909869195,174.1327001,-66.35571183,0.36623701,,17.8069,16.4347
286784375,186.7512305,-66.64054014,0.43929899,,18.203699,16.901899
286792176,186.6586811,-67.67790187,0.209214,,16.0872,15.1104
1014483585,203.365791,-67.04029875,0.316349,,18.782101,17.4328
1013925030,203.6280198,-67.57583879,0.386107,,17.3866,16.062099
1014036316,204.0933643,-67.24276662,0.292676,,17.677299,16.3279
1014131754,204.5046752,-66.76042337,0.396485,,17.827999,16.513
1007458789,202.7655959,-66.87280109,0.28221399,,19.1521,17.6833
1110508189,233.3914676,-66.15704889,0.54490697,,14.3539,13.4458
1110265642,235.6222353,-66.27828542,0.36484799,,17.711901,16.9265
844270635,157.8451349,-67.18833425,0.29854599,,17.8678,16.778
844253262,159.2330736,-67.15640728,0.29669899,,17.936001,16.8435
847583279,156.9989368,-66.06782096,0.35491401,,18.5438,17.4202
844211022,157.4351451,-67.8880139,0.39775699,,18.073099,17.056999
844295127,157.1564605,-66.80319851,0.16925199,,17.0816,15.9559
844252223,159.1231321,-67.2099501,0.26179501,,18.880199,17.668301
844254028,159.1779167,-67.06875773,0.453702,,17.5576,16.414
286663120,186.6571686,-66.39623526,0.34769699,,17.3465,16.032301
1012461043,205.8513281,-67.43015082,0.61950499,,17.7728,16.5854
1007321282,200.015873,-67.56120748,0.241552,,18.6164,17.144699
1014487959,203.5709143,-66.9705455,0.314944,,18.2027,16.8857
1012408065,204.7665677,-67.74225626,0.79793698,,16.2353,15.087
1012438784,206.050452,-67.51935344,0.160612,,17.558901,16.296301
329166076,191.5231134,-67.45782079,0.48134199,,18.1259,16.671301
1022126881,202.7396262,-66.08828004,0.414334,,19.0781,17.589001
314624456,184.6943737,-66.41927585,0.31413999,,18.4876,17.0387
398914734,162.4783964,-66.34449145,0.064696103,,17.02,15.8128
399633735,164.3769868,-67.69942174,0.25488701,,17.7157,16.6311
297072421,178.8611252,-66.02676972,0.22258601,,19.2558,17.9063
844254106,159.1805866,-67.0537824,0.30010599,,17.252701,16.088699
844295491,157.2297059,-66.74128997,0.442487,,17.5973,16.494101
1110265644,235.6240262,-66.27699697,0.57512403,,16.3475,15.4371
1110265643,235.6224966,-66.27742153,0.64174002,,16.4564,15.5375
1110515781,233.4641748,-66.07732558,0.22901499,,16.870001,15.9094
1110129504,234.2063631,-67.13297671,0.322458,,17.018999,16.082199
399634563,164.5180815,-67.88721723,0.412808,,16.4562,15.4815
399564689,164.2765038,-66.05054592,0.22138201,,17.196899,15.9003
400069402,165.4725649,-66.42935614,0.16051,,18.8477,17.464399
400072214,165.6310318,-66.96798069,0.31371599,,18.092699,16.8566
1108871578,237.792756,-67.52376743,0.844446,,15.0519,14.1625
1108873297,237.7967697,-67.4892796,0.15449201,,17.267,16.352699
400072705,165.6978954,-67.06082513,0.428657,,17.5438,16.4209
398915401,162.7678697,-66.47446124,0.37876701,,17.461,16.1126
397174275,157.4351451,-67.8880139,0.39775699,,18.073099,17.056999
397606135,158.7870708,-66.34791933,0.31188101,,17.837099,16.811001
398226072,160.6186074,-66.72385166,0.60078001,,16.755501,15.667
399634223,164.4997663,-67.81127689,0.32482901,,17.943399,16.905001
329166430,191.5000197,-67.40180559,0.0113738,,18.562901,17.1943
325384303,186.5391165,-66.90473013,0.66621202,,20.424,19.245899
400070016,165.7445948,-66.54213624,0.434039,,18.657499,17.3556
325495164,186.4180191,-67.39076133,0.92927998,,14.77,13.7104
297357870,180.349593,-67.08691178,0.315734,,16.085899,14.9585
297072143,178.6802026,-66.06399792,0.179437,,18.9189,17.192699
314624256,184.5426519,-66.4420232,0.49205801,,16.4748,15.2513
311979824,181.7023347,-66.76819174,0.59928298,,16.4662,15.1921
297358522,180.1585053,-67.18705181,0.197189,,17.975901,16.665199
286662790,186.7646583,-66.35888626,0.50243503,,18.101299,16.8022
399635006,164.4986257,-67.98985255,0.228972,,16.52,15.4866
399633863,164.2968845,-67.73172007,0.58597201,,15.5694,14.5364
397175099,157.4319578,-67.6456832,0.239375,,17.8512,16.8951
399565749,164.2963376,-66.23902865,0.21948799,,19.842501,18.362101
399068688,162.7821617,-66.81905352,0.357205,,18.778799,17.5483
399069063,162.8702846,-66.74311548,0.0299154,,18.489,17.344801
1110515780,233.4648038,-66.0778743,0.316425,,17.250999,16.2731
1110265496,235.6042647,-66.30675683,0.38176501,,16.566401,15.5995
1109074762,236.9185248,-66.74317134,0.36054799,,17.3036,16.368601
845369562,154.6255857,-66.68163352,0.43322101,,17.3015,16.383499
845369580,154.6255382,-66.6809374,0.155728,,16.973101,16.0228
286662959,186.6985197,-66.37752842,0.49314499,,15.1542,13.8721
312584969,182.7424035,-67.15657892,0.474388,,16.025,14.7481
326940334,188.8584322,-67.39532216,0.59710801,,16.437401,15.5643
313520296,183.4510479,-66.64663203,0.295039,,18.2397,16.9711
329166183,191.5263905,-67.4411679,0.38505301,,18.320499,16.8531
844398982,159.4050469,-66.09453721,0.198202,,17.376301,16.261101
844246275,159.2318093,-67.43579983,0.082792997,,18.489,17.350201
844289190,158.3087606,-66.8125436,0.171938,,18.927099,17.742001
844248830,159.0266318,-67.32554586,0.39279401,,17.667601,16.4995
844222455,156.4872662,-67.56509795,0.57539099,,16.7001,15.6992
844247678,159.0327531,-67.40990679,0.031209201,,18.8002,17.5886
297352349,180.1638255,-66.29342258,0.72712499,,15.7606,14.6931
297351364,180.1927093,-66.16323083,0.20744701,,18.5336,17.058701
844209730,156.3201904,-67.67442033,0.165592,,18.3675,17.2931
844246754,159.3496115,-67.39633247,0.332553,,18.315001,17.070499
325377769,186.5800087,-66.04320057,0.35648,,17.7302,16.311899
297352091,180.3186732,-66.25733492,0.44432199,,15.571,14.5556
399071656,162.9953774,-66.23375282,0.29570299,,16.8915,16.028799
400258198,165.9587877,-67.21710932,0.144885,,17.4646,16.243401
400258496,166.0352736,-67.16012263,0.34378299,,18.200701,17.0215
400258488,165.8453006,-67.1615209,0.28023201,,18.868999,17.663401
397259833,157.9162147,-67.41409289,0.248128,,17.558701,16.4729
400323209,166.1088973,-67.83602946,0.16941901,,17.528099,16.502399
398431150,160.9855037,-67.97735365,0.25512099,,17.9638,17.0445
400259861,166.0070571,-66.88393177,0.226285,,17.965599,16.880199
399070353,162.8273759,-66.47649779,0.58329701,,16.4088,15.1707
397259027,157.8451349,-67.18833425,0.29854599,,17.8678,16.778
400322696,166.0956534,-67.73333062,0.185826,,17.730101,16.753799
399070893,162.8484923,-66.37476404,0.43286699,,16.629801,15.4746
311632409,181.4786084,-66.06756805,0.077822603,,18.2458,16.9368
312094440,181.9148457,-66.00035733,0.221472,,17.5889,16.3452
844385578,158.1197821,-66.0076429,0.97943598,,13.7603,12.8458
845189436,154.4102271,-67.67870837,0.29149801,,17.884001,16.9046
845441946,155.7578043,-66.26076283,0.405846,,16.415001,15.3934
844385568,158.1213918,-66.00771384,1.07766,,14.1227,13.2383
844241588,158.5565157,-67.50198865,0.0448737,,18.313999,17.153299
844248151,158.8829337,-67.39493153,0.13126899,,18.5923,17.4172
297351793,180.3741046,-66.21816311,0.313609,,18.659201,17.2115
844282680,158.2605217,-67.11208371,-0.022952899,,18.316799,17.0956
399840670,165.0137346,-66.42258836,0.31298801,,17.898199,16.6712
297352160,180.3006422,-66.26745267,0.34380299,,17.693899,16.2999
399839998,165.0796027,-66.30565262,0.281158,,18.1439,16.8297
401073964,167.8918365,-67.0443663,0.37040001,,17.909,16.7148
398005445,159.9771961,-66.51936136,-0.0696631,,18.0259,17.013201
399840143,164.9552736,-66.32936053,0.15934999,,18.1082,16.7939
1014126105,204.8064589,-66.79631594,0.40083399,,19.91,18.6404
844377043,158.9327789,-66.05508569,0.93391198,,13.0733,12.4943
1110292443,233.9348587,-66.43756151,0.61244798,,15.3972,14.4872
1110292831,233.8726902,-66.4103824,0.44522899,,18.017099,17.1269
1110183108,234.1266322,-66.85014693,0.489389,,14.4348,13.8543
1110183109,234.1257857,-66.85071312,0.541502,,14.5228,13.6395
845443952,155.7335964,-66.14920281,0.19467901,,16.701401,15.6749
845444010,155.7445881,-66.13771342,0.276546,,16.756001,15.8835
844226620,156.7675122,-67.39677803,0.396705,,17.069201,16.098801
844226748,156.8836988,-67.37086358,0.080318503,,16.6724,15.8338
845414613,156.7709158,-66.21383741,0.53556198,,14.7777,13.9083
845414668,156.7367642,-66.22804754,0.53460699,,16.791,15.7713
845414976,156.4593337,-66.31708391,0.187159,,18.3442,17.3451
286654393,185.9635626,-66.40627022,0.23392101,,18.275801,16.930599
326779319,188.639401,-67.85319663,0.18538401,,17.1145,16.309999
328241626,190.3885231,-67.69481892,0.29626399,,17.5511,16.4104
297352276,180.3074569,-66.28290582,0.26479599,,17.122999,15.5689
328245207,190.3153344,-67.20562832,0.30369401,,16.683201,15.5738
328245638,190.4674962,-67.14822891,0.28874299,,17.9282,16.585899
1109009437,237.7332757,-67.42078793,0.16431101,,15.968,15.239
1109013054,237.512811,-67.30894426,-0.32766801,,19.1464,18.254601
1109013053,237.5134454,-67.30961133,0.157608,,17.1985,16.2609
1109252402,237.9008374,-66.38810462,0.35067299,,16.860701,15.9424
1108920253,235.5783111,-67.96569993,0.36446199,,16.6192,15.6871
1108914920,236.6517612,-67.87773271,0.28193599,,17.982599,17.0599
401875548,168.409139,-66.34707839,0.22872201,,19.278,17.7742
844381147,158.4289154,-66.19216893,0.353425,,17.5425,16.446301
844375775,158.8909974,-66.1028501,0.34575799,,17.304501,16.224899
844375840,158.8982282,-66.08694484,0.184751,,18.5784,17.444799
844375860,158.8765886,-66.08212867,0.66794199,,16.109699,15.0974
844375863,158.8754267,-66.08167494,0.57971197,,15.8557,14.8324
844378483,158.6430138,-66.06927213,0.43625599,,16.483,15.4305
844417862,159.0998214,-66.01410612,0.224617,,17.3125,16.2868
845414669,156.7384161,-66.22818431,0.408057,,16.690701,15.6195
326779109,188.4342272,-67.87262284,0.37190199,,16.8351,15.8139
286653274,185.812087,-66.5356371,0.58210802,,15.1815,14.1473
297345679,179.8152353,-66.44976832,0.47112599,,17.5856,16.339399
844276337,157.0877174,-67.15845376,0.45530701,,17.3167,16.291401
844275473,157.0782221,-67.17649881,-0.112645,,19.5399,18.452
845414207,156.7620337,-66.25850066,0.60108298,,15.4844,14.4182
845414537,156.7672217,-66.21395646,0.0165073,,18.623501,17.4802
297061759,178.6410055,-66.18592436,0.26800001,,17.663099,16.427601
297228086,179.8346529,-66.51364976,0.21269099,,17.888201,16.6847
297228051,179.8970454,-66.51847086,0.26882601,,18.9867,17.608999
286656903,186.0161615,-66.13745657,0.169625,,19.3631,17.891001
398004776,160.0732779,-66.676649,0.23170599,,17.161699,16.164301
398004269,160.0697971,-66.79202507,0.169797,,16.9086,15.9028
312579085,182.493418,-66.42691973,0.42534801,,16.682199,15.402
297071645,178.6099434,-66.12943472,-0.089569703,,19.4247,18.0877
398005886,159.9650389,-66.42952166,0.206367,,17.2806,16.099199
399359576,163.6578916,-66.80258938,0.36614701,,17.984501,16.766001
401072146,167.9565897,-66.73693216,0.17184401,,17.1833,16.3645
325377940,186.5452049,-66.06121811,0.56694299,,16.7071,15.4616
329166008,191.6646172,-67.46951071,0.90633398,,15.9099,14.7227
297345845,179.903962,-66.42344482,0.063086599,,18.3535,17.0485
398001262,160.0671553,-67.56104728,0.456507,,16.2966,15.139
325377526,186.6080912,-66.01381554,0.18253,,17.5872,16.202801
297061519,178.8463833,-66.21892333,0.57849401,,17.3365,15.9692
297061479,178.7636855,-66.22565364,0.40399799,,17.8908,16.604601
1109256841,238.4544279,-66.22623616,0.420338,,17.024599,16.179701
1109142930,238.7136289,-66.93555002,0.122107,,16.7689,15.8348
1109142961,238.7129705,-66.9214371,0.35327601,,17.4049,16.490499
399840401,165.0388497,-66.37945363,0.2291,,17.6106,16.415199
1109143274,238.6938993,-66.88320967,0.44542399,,18.123301,17.201401
1109143547,238.5246238,-66.90664498,0.192636,,18.279699,17.4664
398003274,160.0761229,-67.03736096,0.32508799,,17.311399,16.1504
329167829,191.5958756,-67.20660532,0.20735,,17.487499,16.1772
286657221,185.8833505,-66.10170576,0.29699999,,17.0478,15.6434
297061161,178.6376189,-66.27129982,0.30436701,,17.684099,16.4368
286657704,185.970316,-66.04604515,0.62224001,,15.7354,14.5355
297061173,178.7619748,-66.26910661,0.397995,,16.130301,15.1294
845416339,156.625256,-66.2374486,0.085128799,,17.711901,16.787001
844335264,159.539254,-66.51471042,0.303556,,16.896999,15.8461
845415455,156.5295464,-66.22469466,0.36496001,,18.1108,17.051701
844308203,159.3138421,-66.9717641,0.31538701,,17.746599,16.5952
844332304,159.9650389,-66.42952166,0.206367,,17.2806,16.099199
844226155,157.1395479,-67.33438241,0.310332,,17.2938,16.2106
844266653,157.3890474,-67.37562666,0.30117199,,18.478201,17.3505
845400883,157.3345798,-66.54893907,0.239057,,16.870399,15.7449
844257608,158.3431319,-67.10783349,0.30470699,,17.9571,16.7766
399839810,165.0855295,-66.27322119,0.29681,,17.975599,16.641899
281755803,186.0395007,-67.20064935,0.18727,,18.569599,17.211
297348024,179.8623832,-66.13830899,0.33691901,,16.894899,15.8083
844185671,158.4210362,-67.82425985,0.243461,,17.9694,16.9851
844185993,158.4455087,-67.76685818,0.072020501,,18.6779,17.7153
844146852,159.4452515,-67.96807597,0.140016,,16.626301,15.9861
844148596,159.2676008,-67.91913177,0.295986,,16.8566,15.8904
845404006,157.0666898,-66.43377449,-0.088137597,,18.5954,17.509399
297059599,178.6608671,-66.49061733,0.20635401,,18.0648,16.873301
286649799,185.8593083,-66.96192408,0.276274,,18.443899,17.0935
281755472,186.2883091,-67.15928005,0.095005602,,18.8169,17.436899
287111354,187.1708112,-66.90347289,0.47475401,,17.4333,16.284599
297347878,179.8123623,-66.15958176,0.116355,,18.230499,16.749901
844184894,158.3970371,-67.86274804,0.88334399,,15.2602,14.277
845402828,157.2142279,-66.46185783,0.20376299,,17.8878,16.800699
845403774,157.1108798,-66.47126877,1.14806,,14.2762,13.3015
845403775,157.1096498,-66.47092078,1.12207,,14.7227,13.7439
844225490,157.1488818,-67.39832756,0.60877103,,16.808599,15.7508
844216539,157.725999,-67.58764177,0.243545,,17.8745,16.760799
327930043,190.0975584,-67.06895252,0.278451,,16.7798,15.7685
328242855,190.505853,-67.51143393,0.24730401,,16.7087,15.5282
328243709,190.5054702,-67.3953964,0.361182,,17.2213,16.125
328708391,191.0135968,-67.88767975,0.78602302,,15.8591,14.7255
397391178,158.2390497,-67.49249166,0.34412199,,16.7402,15.7679
312575415,182.750039,-66.02986557,0.228916,,17.809099,16.585699
312575467,182.6144936,-66.03499058,0.0928635,,16.954,15.9798
326435008,188.3232487,-67.44449156,0.098137803,,18.243799,17.170799
326436453,188.3195627,-67.64418116,0.171342,,17.791201,16.7153
326942181,188.9173789,-67.67002857,0.167358,,17.8004,16.6478
326942435,188.9982588,-67.71195192,0.085509397,,17.635099,16.6196
398012790,160.3660044,-66.84926835,-0.373301,,19.283701,18.1064
326942610,188.9443909,-67.76205393,0.026373999,,17.1898,16.237301
327286344,189.2053988,-66.47020091,0.208566,,18.0292,16.761499
399370831,163.7672888,-67.12753907,0.406959,,19.0909,17.8736
400270665,166.1263502,-66.78842399,0.097645402,,18.146601,16.901199
399370508,163.6636976,-67.06988962,0.138368,,20.444201,19.3547
281755027,186.1268943,-67.10144891,0.13942701,,17.4977,16.233999
398006913,159.9392853,-66.21254872,0.162939,,17.977301,16.8353
397256801,157.7249158,-66.63712111,0.077234998,,18.5641,17.453699
397256926,157.7658084,-66.66800277,0.488464,,16.8694,15.7537
397257172,157.9887314,-66.72208143,0.39633301,,16.273701,15.1774
398012608,160.3697143,-66.80717923,0.944718,,15.2029,14.1829
327924952,190.1769575,-66.43175188,0.46529201,,17.548401,16.386801
328394127,190.5570964,-67.00651995,0.063624397,,18.366501,16.990601
328394167,190.656444,-67.01129621,0.32133499,,18.671301,17.4121
844271123,157.5474445,-67.15560661,0.235166,,17.805599,16.752199
844234454,159.2891881,-67.58122019,0.39453799,,16.244101,15.1532
287113470,186.9939393,-66.65581106,0.186165,,17.837299,16.5506
297348884,180.0615031,-66.02789199,0.472339,,17.8918,16.5152
844234801,159.0889196,-67.5661429,0.215619,,17.976101,16.938801
844234253,159.2174642,-67.60522627,0.208022,,17.455,16.3342
844261539,158.5653731,-67.03213378,0.37411901,,18.355499,17.2262
399370712,163.7234577,-67.10308152,0.206062,,17.6945,16.5453
399371288,163.89606,-67.2213331,0.155995,,18.597,17.421801
286650350,185.7484686,-66.89340706,0.48624101,,14.7485,13.7131
297056361,178.6032992,-66.89989876,0.174881,,17.941401,16.7157
328849962,191.2373236,-66.15780311,0.54765803,,15.721,14.7673
328850706,191.376688,-66.24077525,0.52615601,,16.721201,15.5039
312575322,182.6931544,-66.0207214,0.0432248,,18.2321,16.766001
314633269,185.1311325,-66.41939634,0.0135196,,18.4545,16.935101
326942596,188.929596,-67.7586178,0.238764,,18.1493,17.091101
286662194,186.7489597,-66.2933295,0.20953,,18,16.511999
297346071,179.942981,-66.39418277,0.0280679,,19.258101,17.886801
845407324,156.4749527,-66.51076887,0.245772,,17.900999,16.9536
845407893,156.6665534,-66.46879149,0.18216699,,17.260799,16.238501
844265083,157.9162147,-67.41409289,0.248128,,17.558701,16.4729
844301568,157.556696,-66.4870806,0.160916,,18.289801,17.208799
844320592,159.3051537,-66.73057854,0.0184871,,16.225599,15.4835
286791642,186.8697967,-67.59873069,0.188988,,17.7498,16.8083
297346925,179.8441579,-66.27549487,0.17171299,,18.069599,16.704399
286661480,186.6824091,-66.21360582,0.36718801,,18.4142,17.077801
297057570,178.8636667,-66.77812375,0.312098,,17.802,16.408701
844321239,159.1695173,-66.67198075,0.12024,,17.2827,16.0417
908158865,175.6212565,-67.62419643,0.25905001,,19.4671,18.4687
286661440,186.641949,-66.20966632,0.053351101,,17.615499,16.290001
297346506,180.0211914,-66.33448121,0.227963,,16.9389,15.6
281744456,186.0771079,-66.13703806,0.14969,,18.648701,17.227699
297057188,178.8076188,-66.83049415,0.54165798,,15.8646,14.6291
313050452,183.1919038,-66.44494303,0.0605084,,18.3489,17.1175
314632661,184.9542856,-66.34776446,0.291967,,18.276199,17.018801
314632895,185.0644183,-66.37298333,0.195563,,18.434999,16.9949
844393947,159.9392853,-66.21254872,0.162939,,17.977301,16.8353
844363620,158.0769836,-66.28772745,0.25692001,,19.014799,17.888901
844305888,159.5204344,-67.03049198,0.31406701,,18.1723,17.0714
326434640,188.1143355,-67.39557833,0.354458,,18.6476,17.4659
326435429,188.2367509,-67.50044886,0.184451,,18.6126,17.411301
844306563,159.5900415,-67.02884002,0.31983,,18.739,17.582001
844304825,159.5613679,-67.13969549,0.078193203,,18.2864,17.1047
326436034,188.2627175,-67.58128067,0.56472701,,20.225901,19.1891
327924980,190.1907817,-66.43446056,0.36356801,,17.915701,16.789801
327924981,190.15313,-66.4347204,0.128011,,17.909599,16.7528
297058101,178.777718,-66.69854026,0.31952,,18.1509,16.7708
297059065,178.5948068,-66.56400887,0.41472399,,18.308201,17.0429
297059143,178.6644999,-66.55245278,0.358767,,18.048201,16.7939
287116420,187.1415998,-66.33585374,0.28179801,,17.982599,16.6402
287116838,187.0064315,-66.28993001,0.076400697,,18.634701,17.1513
1109119072,238.971935,-67.4476162,0.72431803,,15.2238,14.3894
1109121515,238.8336087,-67.37108382,0.48986501,,16.1947,15.3128
1109057406,235.7595144,-67.13297174,0.032141302,,18.2763,17.326099
1108860042,238.4395585,-67.697272,0.348194,,17.2208,16.298599
1109121507,238.8336649,-67.37166338,0.44417399,,16.0581,15.1391
1109098620,239.8566486,-67.6001204,0.168263,,17.957701,17.046301
328393878,190.5968253,-66.97467006,-0.0081823003,,18.335899,17.230301
328393967,190.7073574,-66.98570629,0.152081,,18.049999,16.8792
328394003,190.779034,-66.99059432,0.141076,,18.259001,17.004801
328394695,190.5902094,-67.07510609,0.458213,,18.049801,16.938999
328850467,191.1227924,-66.21375778,0.421092,,18.166599,16.6849
328849814,191.2612691,-66.14174295,0.186625,,18.5291,16.990999
328850677,191.1571868,-66.23768191,-0.074906997,,19.448,18.092199
399561016,164.1432135,-66.45001813,0.219109,,18.812,17.360399
910588316,166.3277814,-67.95628934,0.34567499,,17.3323,16.4042
910856435,167.5482139,-67.26153293,0.118301,,17.814699,16.7404
907734739,169.3421699,-66.87231854,0.35635099,,15.1782,14.1139
907734740,169.3430774,-66.87178265,0.502828,,14.291,13.463
328854716,191.1342892,-66.73839517,0.19928899,,18.8578,17.622
909729413,171.3243148,-66.09597154,0.27062601,,18.656,17.3083
909729599,171.3312411,-66.06810474,0.147073,,17.8769,16.6611
909726628,171.6374996,-66.10430493,0.223621,,16.9069,15.624
909492804,172.8574798,-66.43620346,0.152353,,17.7031,16.4713
909422038,173.0629575,-66.55259253,0.31639299,,17.3503,16.1623
909422071,173.060891,-66.5521788,0.178187,,16.1513,15.2553
297360958,180.3428026,-67.59769278,0.45771,,16.7498,15.6131
297059408,178.8294347,-66.51621954,0.27583301,,17.002899,15.7951
297058898,178.7061999,-66.58669138,0.37510401,,18.8556,17.507799
297059266,178.5913678,-66.53495948,-0.133972,,19.060801,17.663799
844240655,158.2380975,-67.49293146,0.311075,,17.234501,16.141399
397664671,159.0562261,-66.97674654,0.15452,,17.826599,16.6383
399559985,163.9972293,-66.65191624,0.407882,,18.347601,17.126301
399976660,165.3629234,-67.54561798,0.13841601,,17.726601,16.5917
400267377,166.3080985,-66.22663091,0.28653499,,18.3417,17.047501
909423075,173.031828,-66.50125233,0.22866599,,18.198299,16.8853
909212224,173.8858254,-67.71996369,0.27983999,,18.579901,17.454
909212578,173.8007125,-67.75675522,0.146313,,17.9475,16.811199
909414510,173.4882676,-66.64399257,-0.0079253204,,16.982599,15.8445
909425598,173.976628,-66.71109334,0.276566,,17.836201,16.670601
909867418,174.3221947,-66.39913034,0.167256,,18.8102,17.4641
909867533,174.2594883,-66.39904808,0.103606,,18.127501,16.763399
397665553,159.1231321,-67.2099501,0.26179501,,18.880199,17.668301
399560926,164.0569286,-66.46583532,0.33949801,,19.395399,17.948601
287116987,187.1893302,-66.27169059,-0.00234347,,17.5184,16.313499
312575302,182.4796826,-66.01926506,0.27296799,,17.806,16.628201
297058891,178.8605286,-66.58805526,0.49169901,,16.762199,15.537
399560644,164.0896775,-66.52337135,-0.238515,,19.566999,18.2146
844240656,158.2390497,-67.49249166,0.34412199,,16.7402,15.7679
844249117,159.1035474,-67.28509551,0.23214699,,16.7311,15.6129
844250382,159.3649375,-67.29412428,0.12262,,18.0191,16.7754
297361418,180.2791407,-67.6766019,0.181964,,17.7901,16.788
286505634,185.8891473,-67.90415674,0.090918101,,18.504601,17.310101
399975508,165.2165361,-67.80573942,0.35852301,,18.369101,17.296301
326931170,188.7543181,-66.20431901,0.32280099,,18.0718,16.7181
397452728,158.3431319,-67.10783349,0.30470699,,17.9571,16.7766
845312058,155.8914605,-67.44768925,0.357144,,16.649799,15.7707
845312651,155.5059143,-67.6575212,0.31902,,17.398001,16.4426
844345834,159.2244622,-66.11609463,0.17611299,,18.538401,17.372601
844308822,159.5556343,-66.90894985,0.29520199,,17.7962,16.7264
844308894,159.5065825,-66.89312252,0.210942,,17.0812,16.0784
844308836,159.5572388,-66.90925114,0.51517701,,18.2554,17.0958
397455331,158.4210362,-67.82425985,0.243461,,17.9694,16.9851
397664980,159.1805866,-67.0537824,0.30010599,,17.252701,16.088699
397940953,159.8689057,-67.73719854,0.197722,,18.2012,17.1015
399847069,164.8947801,-67.69860211,0.33325899,,18.0681,16.971399
399847658,165.0462128,-67.82478895,0.427486,,17.063499,15.9874
297057887,178.6928239,-66.73213458,0.074560001,,18.3514,16.8671
297360952,180.153892,-67.59663458,0.34776399,,17.720501,16.515699
297361701,180.2032607,-67.72405019,0.240407,,17.670601,16.511499
1108923924,236.217741,-67.80549475,0.38350901,,16.2929,15.482
297361244,180.1941254,-67.64621591,0.233246,,16.639299,15.513
908223764,174.6242689,-67.52251752,0.43074301,,15.2584,14.4951
908223776,174.6235091,-67.52308762,0.26060599,,16.556,15.6089
908397665,174.7378765,-66.79610524,0.16413499,,18.7386,17.5588
908373898,175.1684941,-67.01882764,0.33399901,,18.464001,17.2314
910718772,164.8947801,-67.69860211,0.33325899,,18.0681,16.971399
907546319,170.5786888,-67.94158479,0.366106,,17.7864,16.641199
297058676,178.5970635,-66.6132498,0.260708,,18.339199,16.9939
328854374,191.1539931,-66.69895695,0.45428199,,18.0378,16.773899
909303765,172.2339046,-67.17078291,-0.0484819,,18.2008,16.9529
297668557,180.6689259,-66.53040046,0.162145,,17.8806,16.6404
844330485,159.9771961,-66.51936136,-0.0696631,,18.0259,17.013201
847576270,157.5614417,-66.15165737,0.36181399,,17.282,16.159599
297668927,180.6338865,-66.48081783,0.190446,,17.337099,16.2206
400268007,166.1754345,-66.32794334,0.39305401,,17.529499,16.270901
911091152,165.7445948,-66.54213624,0.434039,,18.657499,17.3556
907734616,169.3920992,-66.86162957,0.36122799,,18.2609,17.025101
286789758,186.7785965,-67.33902933,0.155788,,18.006201,16.896999
286790204,186.7330927,-67.40030145,0.315,,18.0893,16.876101
286654632,185.8957273,-66.38321299,0.088080101,,18.5982,17.2514
398919131,162.6758231,-67.28792241,0.19067299,,18.1122,17.0021
399974732,165.2251571,-67.97915994,0.16881301,,18.3915,17.4298
326943152,188.9217674,-67.86547929,0.43308499,,16.254,15.2173
910968697,168.5087125,-66.4918644,0.313995,,18.8241,17.4212
909319073,171.713742,-67.08129029,0.33650801,,18.185101,16.9489
910611284,166.0052044,-67.58618266,0.307392,,18.4387,17.290001
910832713,166.9350402,-67.43276732,0.27965301,,17.362101,16.191999
907592771,168.342713,-67.69341633,0.239649,,17.585899,16.469601
401873588,168.3018838,-67.1257693,0.192362,,15.6545,14.5389
399560975,164.0607306,-66.45626428,0.374733,,17.2813,15.9242
909728301,171.4262312,-66.030409,0.47504699,,17.436001,16.0471
908159308,175.6227275,-67.62434912,0.485118,,18.612,17.363501
397452922,158.577495,-67.1618379,0.158553,,17.8694,16.730301
397455113,158.4455087,-67.76685818,0.072020501,,18.6779,17.7153
399560267,164.0946114,-66.59484203,0.116233,,17.8214,16.5877
399560368,164.2349072,-66.57759938,0.46000099,,18.022301,16.7033
286789780,186.733431,-67.34272178,0.125053,,17.3859,16.275499
400267361,166.2117599,-66.22380899,0.071749598,,18.2899,16.889601
400268451,166.2467081,-66.40024012,0.367486,,16.597,15.3641
297668613,180.4694835,-66.52392388,0.19550601,,16.2311,15.2819
327924123,190.0465627,-66.33848796,0.29557699,,16.296301,15.1247
327924219,190.0784152,-66.34934048,0.44486201,,15.0856,14.3166
327924484,190.1594777,-66.37899665,0.290712,,15.8115,14.77
399562152,164.0814086,-66.23812368,0.32710201,,18.4932,17.0625
399561144,164.1376822,-66.42554277,0.474848,,17.0788,15.7032
397455013,158.4971485,-67.73971587,0.174457,,16.4729,15.4433
1109233711,238.6539584,-66.58615814,0.171149,,17.2672,16.4102
1109094390,239.9658667,-67.85193867,0.36197901,,14.5908,13.8298
1109094399,239.9663814,-67.85242624,0.920412,,13.7415,13.0599
1109228050,237.5061212,-66.59791931,0.39734301,,18.1313,17.244499
1108868223,238.0329043,-67.63956274,0.254769,,18.065201,17.167801
1109250842,237.7401236,-66.4299574,0.26960599,,16.3183,15.4214
1109216753,237.7055485,-66.86928156,0.103151,,17.836,16.9174
1109227923,237.6075001,-66.60319697,0.42449999,,15.5875,14.6668
400837456,167.5169227,-67.99606372,0.27335399,,17.3836,16.2955
400834073,167.4822103,-67.35978624,0.35187599,,16.8358,15.723
399563070,163.9942308,-66.07708068,-0.021333801,,18.823799,17.576099
297668514,180.5278124,-66.53439012,0.35497299,,17.097799,15.9164
297668384,180.6369041,-66.55074153,0.390136,,16.6021,15.6965
297669061,180.5883752,-66.46513701,0.405532,,15.3874,14.2776
1021119296,200.206115,-67.11629075,0.55204499,,18.179399,16.8559
1021120224,200.2132674,-67.08802006,0.062494501,,19.014601,17.442499
1021275411,200.1955155,-66.7451396,0.134076,,17.6112,16.384001
1021316098,200.0755027,-66.42944538,0.26404399,,17.4937,16.2111
1021316162,200.0759723,-66.42855553,0.36277899,,17.0079,15.7754
1021292018,200.7772116,-66.52636114,0.57086301,,17.076599,15.8175
1021292480,200.7330374,-66.5202119,0.17407399,,17.987499,16.541901
1021292592,200.536904,-66.56594684,0.170719,,18.8276,17.273701
1021292720,200.5282029,-66.56043684,0.241165,,18.553499,17.1423
1021183494,201.0369089,-66.69403512,0.503672,,17.532,16.3076
1021212036,201.7894372,-66.53798705,0.34821099,,18.803101,17.2876
399563238,163.9662088,-66.04440379,0.138227,,19.0084,17.7542
400192307,165.8186587,-67.72823019,-0.0057835602,,18.639299,17.496099
400261484,165.8562548,-66.59015688,0.22674599,,19.211,17.870701
400261826,166.0405024,-66.53218414,0.0056603998,,19.210501,17.8169
287108185,187.0201654,-67.29458732,0.42600399,,18.5396,17.2819
313048763,183.1960589,-66.26053992,0.238005,,17.6082,16.345699
1021213774,201.764279,-66.50480101,0.58923298,,16.0249,14.9756
1021213949,201.7656748,-66.50436011,0.443324,,16.719801,15.5056
1021239524,201.6379955,-66.49617337,0.886307,,15.9751,14.8205
1021263550,202.1810874,-66.23880799,0.72210699,,16.512699,15.2708
1007586617,202.4685853,-66.54956488,1.21501,,14.805,13.7561
1007588985,202.4929217,-66.49306747,0.36168399,,17.103399,15.8837
1007403198,202.0994439,-67.42019796,0.15902001,,17.187,15.9526
281758865,186.3112082,-67.60648214,0.042270899,,18.521799,17.4645
297661898,180.6296391,-67.55953141,0.26668999,,15.8682,14.8589
400555999,166.7531508,-67.83895982,0.447052,,18.9041,17.8312
401068525,168.0542793,-66.17753594,0.149994,,19.1362,17.7101
400835415,167.3468035,-67.61386509,0.029994201,,19.4046,18.2255
297661610,180.6607805,-67.61087007,0.20137601,,17.728701,16.638901
1007403388,202.0564397,-67.42945041,0.236349,,17.514099,16.2999
1014683912,202.8202792,-66.36073766,0.0331228,,17.1227,15.8239
1014660063,203.3624606,-66.4009227,0.51874602,,17.546,16.3269
1014660221,203.4378865,-66.38615915,0.214065,,18.3634,16.7938
1014660222,203.4380443,-66.38545756,0.37059,,17.5884,16.3965
1014049050,203.7710383,-67.2101663,0.380613,,17.120399,15.9234
1013894808,203.8795232,-67.80811571,0.215151,,18.0888,16.773899
297661714,180.6025698,-67.59282512,0.262824,,17.997999,16.773001
326931318,188.985693,-66.22136339,0.30717799,,18.556601,17.1
313040697,182.9683875,-66.46511249,0.48720399,,17.813,16.575701
286650704,186.0089392,-66.85076019,1.16495,,13.5295,12.5805
281743761,186.2444228,-66.0912619,0.12845901,,17.719801,16.6059
286791490,186.7777453,-67.57813474,-0.33416599,,20.052999,18.8547
281743774,186.1759031,-66.09236924,0.20654,,18.4181,17.0994
281743984,186.1668253,-66.10881838,0.222277,,19.056801,17.5846
297671342,180.6077114,-66.16069176,0.359624,,20.3139,18.7309
399562752,164.0191949,-66.13100713,0.305116,,16.9715,15.7017
286663531,186.7565915,-66.44299332,0.044836901,,17.919399,16.541599
1014512958,204.1782273,-66.72478581,0.34429601,,17.357401,16.055
1014512959,204.1793292,-66.72440709,0.190162,,17.9618,16.621599
1014539862,204.0560126,-66.64167965,0.072711498,,17.8745,16.437401
1014539912,204.0558465,-66.64097243,0.23911899,,17.6429,16.362499
1014728077,204.4013918,-66.20375263,0.133662,,18.5532,17.106001
1014730343,204.3838791,-66.17679826,0.164351,,17.818501,16.5089
1014608140,204.6941007,-66.40788262,0.34251499,,17.590401,16.228701
1014608193,204.689773,-66.4072985,0.18610001,,18.387699,16.856501
297665389,180.4062533,-66.9863339,0.237216,,18.526501,17.1961
297671433,180.4109835,-66.14804572,0.33738399,,18.8624,17.523399
314635814,184.8814361,-66.73433716,0.0714937,,17.8029,16.4118
327286451,189.0243235,-66.45840761,0.45573699,,17.967199,16.6903
400837393,167.3098703,-67.98574197,0.200509,,18.879101,17.8046
328850013,191.1162073,-66.1626882,0.40728101,,17.024599,15.7793
328854711,191.368854,-66.73687323,0.126932,,18.092699,16.762501
311637547,181.461595,-66.6835795,0.52915603,,17.690201,16.4058
1112224017,236.7306413,-66.04869969,0.35056201,,16.728201,15.8342
1109028836,237.3904501,-67.0897831,0.53436601,,16.103701,15.2217
1014608197,204.7111519,-66.3948969,0.455538,,15.7224,14.6493
1014608811,204.6794348,-66.37035172,0.0279446,,17.883699,16.4506
1013934068,204.5904439,-67.42445222,0.44388101,,15.9986,14.766
1013934269,204.6876942,-67.39801259,0.25986001,,17.5655,16.3216
1013934526,204.7234508,-67.40062501,0.37987301,,19.4137,18.116699
1014126165,204.805347,-66.79588309,0.34226,,18.057699,16.8071
297665560,180.3890165,-66.9611313,0.23122001,,17.542999,16.2693
1108878861,237.8947408,-67.31590107,0.414152,,16.448799,15.5419
1109028746,237.3746469,-67.10449153,0.249559,,17.2146,16.268
1109190509,239.3656066,-66.2450779,-0.13414,,18.724899,17.8127
1109263742,237.3420899,-66.66604392,0.38483301,,18.3002,17.3759
1109014473,237.7576666,-67.32885103,0.44301701,,16.679899,15.729
281743697,186.2548459,-66.08491566,0.33876899,,17.6112,16.3771
286791384,186.882877,-67.56539876,0.330722,,17.1707,16.061899
1012377538,205.061181,-67.97034531,0.23336799,,17.9398,16.723101
1012378062,205.3536318,-67.98548499,0.55518901,,14.8778,13.9424
1012444496,205.4514947,-67.66877422,0.220893,,17.789301,16.502501
1012444557,205.4530637,-67.66893713,0.36660701,,17.350901,16.1483
1013969456,205.5272878,-67.26609495,0.092722401,,18.6887,17.445
1013969650,205.5758205,-67.25168467,0.086393498,,18.0536,16.737101
1013969694,205.5748575,-67.25112637,0.536578,,17.187599,16.0408
297670882,180.6497846,-66.21980032,0.49940199,,17.1647,15.889
297671226,180.5331642,-66.17656249,0.491487,,17.561199,16.1964
297671238,180.543523,-66.17489254,0.210548,,19.289101,17.6859
397607433,158.8754267,-66.08167494,0.57971197,,15.8557,14.8324
400555712,166.9109468,-67.77886138,0.42306599,,15.3873,14.5277
1013970798,205.7299019,-67.19096681,0.38267699,,18.017599,16.809401
1014313294,205.7898024,-66.77728113,0.26158199,,18.537901,17.2738
1014313330,205.7814267,-66.77632643,0.149067,,17.258101,16.0324
1014313617,205.8135131,-66.75419497,0.46977299,,16.5341,15.4274
1014313622,205.6803833,-66.78461482,0.198768,,17.684601,16.457399
1014313689,205.6820482,-66.78432528,0.61626798,,16.135099,15.0604
1014313755,205.704488,-66.76718976,0.094194099,,17.599899,16.4097
1014313769,205.6752236,-66.77338464,0.085075699,,18.8958,17.5336
286648277,185.8112763,-67.14811439,0.227825,,18.000999,16.6989
281743804,186.254284,-66.09595191,0.17618901,,17.9858,16.6724
297664896,180.4629179,-67.06802593,0.36335,,15.1844,14.081
287110230,187.0520004,-67.03573471,0.50208199,,15.3124,14.1923
400556110,166.9226125,-67.86310466,0.28777599,,17.3538,16.3249
297667257,180.6658886,-66.70794893,0.19680201,,17.596201,16.2283
297665831,180.4383722,-66.91820585,0.074619301,,19.477301,18.108101
1014368718,205.7794867,-66.37392725,0.450645,,16.0172,14.8673
1014370111,205.7281962,-66.34013864,0.393374,,17.8318,16.5979
1014370120,205.700825,-66.35502594,-0.0497646,,17.948799,16.5469
1014370163,205.7286766,-66.34079565,0.237959,,18.7178,17.4317
1014856834,205.5723013,-66.01035845,0.72160602,,16.326,15.2166
1012432248,206.3320811,-67.60349794,0.465267,,15.7409,14.7398
1014172495,206.3606959,-66.86543915,0.35860801,,16.9671,15.8129
1014220810,206.3705141,-66.64455309,0.36156401,,17.9606,16.713499
1014383357,205.961265,-66.27471441,0.46093899,,18.2062,16.8685
1014384156,206.0154544,-66.27807382,0.210224,,18.202801,16.836
1014384464,206.0752393,-66.25620628,0.168125,,16.7787,15.5655
1014384541,206.1186456,-66.22966237,0.60886198,,15.904,14.8049
1014384542,206.1202516,-66.22962156,0.67584699,,15.9411,14.8777
1014386251,206.0542036,-66.22130274,0.39898199,,15.7534,14.4817
1014386293,206.0649529,-66.22777786,0.185222,,17.959999,16.417299
1014284616,206.7959631,-66.43159829,0.55258,,16.695999,15.4772
1007585932,202.4287185,-66.57132045,0.58676499,,18.3533,16.961599
1007401216,202.4812257,-67.3690972,0.25393701,,17.6674,16.3062
297666146,180.5412227,-66.87403353,0.389604,,16.6618,15.4101
1014515963,204.0845189,-66.63615251,0.42330199,,18.715401,17.311701
1014368677,205.7753648,-66.36985572,0.44936201,,18.725599,17.264
1007399501,202.4271639,-67.42913668,-0.33008501,,20.335501,18.941099
1014515172,204.0419916,-66.69384836,0.238416,,17.953699,16.446199
1013969560,205.5167905,-67.25596124,0.33202299,,17.6024,16.2791
398650629,161.6470985,-66.32979221,0.033985902,,18.1404,16.9475
286783894,186.7339918,-66.5841156,0.244212,,17.1159,15.8442
287108248,187.0425073,-67.28765411,0.38925001,,17.919901,16.658501
286787338,186.7286506,-67.00926951,0.131088,,17.798201,16.481199
328394855,190.5699199,-67.10131741,0.34133101,,16.9918,15.6764
311985580,181.7804284,-66.09165254,0.147873,,16.785101,15.5307
312575146,182.5463583,-66.00406897,0.36611399,,16.539801,15.5255
325496679,186.356422,-67.63273809,0.36850801,,16.468901,15.4883
326434730,188.1247022,-67.4073552,0.41599,,16.625299,15.4491
326435804,188.2994493,-67.54833149,0.28946,,15.9631,15.1199
326436377,188.3114854,-67.63280114,0.415335,,16.805201,15.7986
1109317153,237.0562514,-66.00710382,0.385582,,16.323299,15.4996
1109019502,237.7382182,-67.15310581,0.078615896,,16.1569,15.543
1109202683,238.2138147,-67.00683314,0.35515699,,17.0562,16.1842
1109137028,238.3715043,-67.04532765,0.233005,,17.3661,16.6485
286787473,186.6119553,-67.02509962,-0.040618099,,19.1672,17.7742
1109299662,237.4197472,-66.21931733,0.30486301,,17.2022,16.301701
1108857188,238.5935992,-67.76206867,0.075631201,,17.0107,16.099501
1109201003,238.1057701,-67.06945803,1.03801,,15.2064,14.3128
1109332351,238.7324145,-66.19214591,0.135534,,17.8986,16.9795
1014392704,206.7504076,-66.40250893,0.46311301,,18.365499,17.038
1007424682,202.8944488,-67.09730719,0.40318099,,17.177601,15.8659
1007224212,202.9080282,-67.75186551,0.27581701,,18.1311,16.6562
313050101,183.0808258,-66.40555507,0.23928501,,17.768999,16.5089
287108507,186.9619731,-67.2547437,0.046489,,17.5135,16.346901
286787091,186.8794809,-66.97600181,0.23812599,,17.448099,16.082899
1109303408,237.7023683,-66.15783654,0.25019199,,19.2204,18.3097
286655375,185.7835314,-66.30023473,0.37092501,,17.1483,15.8529
286786663,186.773687,-66.92179836,0.50750798,,16.064699,14.8741
286786733,186.8113024,-66.9295016,0.29690701,,17.0014,15.7407
297350553,180.2432666,-66.04818072,0.39691499,,16.6527,15.4626
286662547,186.9001905,-66.32978761,0.320012,,17.7071,16.439699
297350911,180.3030722,-66.095005,0.13901199,,19.001499,17.1609
297350869,180.2705469,-66.0892557,0.59311002,,16.946899,15.7291
297351024,180.2790995,-66.11267296,0.110939,,17.740499,16.3535
297351150,180.3204876,-66.13346239,0.60361302,,18.0541,16.6394
312097665,182.1235181,-66.35844301,0.280797,,17.1341,16.0721
397607327,158.8909974,-66.1028501,0.34575799,,17.304501,16.224899
400259301,165.859551,-66.99086741,0.35508701,,17.715,16.4827
400260572,165.7680345,-66.7560152,0.53985602,,17.561001,16.3375
400485846,166.5475221,-67.73681645,0.114528,,17.5278,16.577499
297351169,180.2656599,-66.13640857,0.28125301,,16.321199,15.1401
287106020,187.0397772,-67.57959963,0.400296,,16.6817,15.5179
297351347,180.1251685,-66.1600058,0.27965599,,16.964199,15.473
297350544,180.2795426,-66.0477437,0.53513598,,17.538601,16.216499
328394278,190.5607289,-67.02392046,0.27548799,,17.8659,16.6068
397607492,158.6430138,-66.06927213,0.43625599,,16.483,15.4305
400192133,165.8887139,-67.76856648,0.522883,,15.6206,14.5519
400834756,167.3634553,-67.49143248,0.54193997,,16.4354,15.4609
326435350,188.338698,-67.48821975,0.13991,,15.8333,15.0891
311637521,181.517302,-66.68030755,0.89724898,,16.0606,14.884
314632721,184.9488535,-66.35532097,0.31675199,,15.6165,14.4561
326942299,188.7887418,-67.68677336,0.49251601,,15.3124,14.4196
326930801,188.8386551,-66.16240957,0.32413301,,16.5142,15.2699
297667573,180.4361723,-66.66630371,0.439794,,17.8601,16.671499
297669215,180.6136783,-66.44543667,0.116764,,18.295401,16.997
311979256,181.5988861,-66.84324194,0.076084502,,17.437799,16.302799
313049200,183.2140698,-66.30779426,0.099579297,,18.0543,16.8354
281760335,186.081007,-67.82098267,0.028844301,,17.912201,16.753901
281760216,186.0683123,-67.80278172,0.27052099,,17.4498,16.3451
281760540,186.1510806,-67.85140927,0.21529999,,18.8309,17.615499
297668054,180.5752541,-66.60070186,0.0275972,,18.1908,16.9681
399069960,162.9914308,-66.55653654,0.037917599,,18.6728,17.2974
326931406,188.8463812,-66.23058658,0.313811,,16.790899,15.3935
398650989,161.8668764,-66.26547422,0.101751,,18.823299,17.789801
399562884,164.0515359,-66.10635843,-0.119425,,18.564199,17.3272
1109011068,237.2828488,-67.42697166,0.42274001,,16.4995,15.6134
1109011426,237.3649557,-67.40566028,0.232281,,17.0751,16.195601
1109271654,237.4542568,-66.47433489,0.39128399,,16.746901,15.8895
328850551,191.3856893,-66.22372523,1.06257,,15.2326,14.0554
328854102,191.2687917,-66.66256825,0.29813999,,17.894501,16.5203
314457810,184.6848627,-66.60198235,0.205358,,17.5037,16.2145
325919740,187.736164,-67.07242903,0.16437501,,17.560801,16.399799
297666612,180.4766999,-66.80582156,-0.0314348,,18.8337,17.479799
281760562,186.2623842,-67.85404395,0.38973299,,18.2988,17.1423
1109300835,237.5705176,-66.17616729,0.218987,,17.3248,16.451401
328383154,190.4994026,-66.09808138,0.33177599,,16.9223,15.8697
328713183,190.9814132,-67.15608412,0.49789399,,17.522699,16.395
328713566,191.0065519,-67.10276265,0.27434099,,17.6138,16.3738
325920232,187.7803244,-67.15037858,0.401694,,17.3661,16.2348
326432639,188.3604189,-67.13273835,0.347415,,16.6241,15.5896
1108865294,238.4108658,-67.54958285,0.36892301,,17.6612,16.734699
1108865317,238.4127909,-67.54983064,0.45461401,,17.0427,16.115101
1108864490,238.481696,-67.6304658,-0.42547399,,18.188,17.2738
1109301279,237.4918364,-66.15758933,0.237754,,18.2542,17.3207
400555815,166.8036076,-67.80007907,0.44399199,,15.4645,14.4057
326932305,188.8591788,-66.33263587,0.084516801,,18.7983,17.341999
329306561,191.6786901,-66.79016233,0.38567799,,18.570299,17.209801
400549341,166.8481771,-66.5979898,0.031378299,,18.7131,17.3734
398231980,160.7238652,-66.2643684,0.44986501,,20.092501,18.9368
398232236,160.904854,-66.31819374,0.180695,,17.042999,15.9829
400548180,166.9392999,-66.40790327,0.016333001,,16.795601,15.4363
311981861,181.8110336,-66.51529959,0.202004,,18.7722,17.414101
325919814,187.7664282,-67.08439913,0.278916,,17.8521,16.7258
325920183,187.5823632,-67.14227466,0.24714801,,18.353001,17.134701
325920221,187.5873168,-67.14911523,0.43619201,,17.078501,16.0282
400548595,166.725455,-66.47815112,0.42736799,,18.024401,16.7675
297666688,180.4919137,-66.79293035,0.443766,,15.8899,14.7741
297667157,180.5167662,-66.72306809,0.45705101,,16.0128,15.0046
297669100,180.5392624,-66.45887764,0.591488,,16.093201,15.086
297669288,180.653333,-66.43669776,0.802751,,15.0598,14.0429
297669351,180.4559641,-66.42772408,0.374906,,17.6408,16.4091
297668946,180.5252536,-66.47832509,0.31897101,,16.7383,15.4235
325920734,187.7831284,-67.21554249,0.23149,,18.3465,17.0702
325921250,187.7118444,-67.28919248,0.25828901,,18.057199,16.924
326433417,188.1384552,-67.23086104,0.348836,,18.622299,17.506399
326434513,188.1468801,-67.37805991,0.117544,,18.291599,17.1695
326933189,188.847254,-66.44787641,0.41141099,,18.8731,17.484301
328383354,190.4030232,-66.07620439,0.283766,,17.4286,16.3999
286788363,186.7740159,-67.15036564,0.41385099,,16.3596,15.1499
314458283,184.801427,-66.54286903,0.100344,,18.8276,17.237499
397780369,159.4571231,-67.83985405,0.48415899,,16.791201,15.7014
397780060,159.2676008,-67.91913177,0.295986,,16.8566,15.8904
397781249,159.2174642,-67.60522627,0.208022,,17.455,16.3342
326434437,188.4004286,-67.36671162,0.363336,,17.1553,15.9611
398231907,160.9105631,-66.24936745,0.483695,,16.235901,15.0649
398233202,160.8514917,-66.51764544,0.961752,,14.131,13.1342
397781342,159.2891881,-67.58122019,0.39453799,,16.244101,15.1532
398234305,160.706716,-66.74051306,0.450829,,15.2549,14.2568
399257122,163.3735532,-67.40018722,0.44617999,,16.0625,15.1064
397664432,159.1038399,-66.91854763,0.070425197,,17.740801,16.7026
400798771,167.3277215,-66.68109074,0.33068401,,16.9813,15.8086
287113994,187.1985301,-66.5971607,0.184726,,17.5867,16.4223
287115350,186.9778193,-66.45149966,0.409468,,17.386299,16.162001
286648130,185.8334013,-67.16766884,0.497812,,16.7885,15.6492
287114131,187.1293648,-66.58315479,0.156184,,18.2696,16.989599
287114962,187.0512058,-66.49430713,0.51267302,,17.7209,16.5084
287114803,187.0231007,-66.51131819,0.31525901,,16.311899,15.2154
1108876138,238.45374,-67.41250173,0.86013502,,12.9048,12.1735
1109078267,236.7826125,-66.6910761,0.28436601,,17.126801,16.2435
1109274989,237.094254,-66.42618297,0.36797801,,16.3053,15.4541
1109274990,237.0953756,-66.42581584,0.23192801,,16.103001,15.2602
1109008152,237.5623439,-67.49253745,0.31839699,,17.5979,16.714399
1109142962,238.7121403,-66.92073925,0.451224,,16.456499,15.6152
286505954,185.8888432,-67.85439335,0.30663201,,15.6554,14.5026
286650162,185.9055406,-66.91759136,-0.068836801,,16.989401,15.7982
1109094930,239.9174094,-67.7952705,0.38203299,,16.020399,15.1545
1109094931,239.919264,-67.79543639,0.480115,,15.1678,14.4581
1109144657,239.5952347,-67.12738245,0.0125878,,18.1509,17.259399
1109206446,237.8348371,-66.94918152,0.28712499,,16.726999,15.8105
328984605,191.1765621,-67.98571064,0.1012,,18.8934,17.666901
312108272,182.0952933,-67.81442329,0.39882499,,16.189501,15.1133
1109158863,238.9666343,-66.88810364,0.28403801,,16.952101,16.0488
1108876359,238.4007356,-67.3894625,0.38918701,,16.840599,15.9018
312926714,182.8665364,-67.21298423,0.468613,,16.275999,15.172
399256241,163.5613011,-67.59648668,0.095443599,,18.3022,17.2871
314099016,184.2649016,-66.01105794,0.42984,,16.987,15.8698
325921450,187.6044909,-67.31879651,0.30039901,,16.7701,15.6723
397611677,158.9260204,-66.67705896,0.52885598,,19.448999,18.238701
398434934,161.2399096,-67.04544098,-0.021060299,,18.9781,17.6299
286649062,185.7511899,-67.04893085,0.32498699,,16.726101,15.5277
287113910,187.2131037,-66.60659669,0.183808,,17.1106,15.8836
326933473,188.8296941,-66.48355165,0.45047799,,16.632601,15.3813
328713783,190.9606659,-67.07583233,0.40925601,,17.068199,15.9216
312108146,181.9377647,-67.79436838,0.100427,,18.0895,16.809
287115614,186.9545135,-66.42228304,0.45099699,,17.1856,15.9496
286661024,186.9168975,-66.16331526,0.26119199,,17.5804,16.0564
287113792,186.9699862,-66.6199096,0.16718,,16.916,15.7481
325494381,186.512398,-67.27507631,0.21883,,17.327299,16.066099
1109245641,238.1093744,-66.58455301,0.248585,,17.9902,17.1077
1109307198,237.5638175,-66.10901394,0.168034,,15.6667,14.7313
1109104623,239.3634153,-67.45898512,0.29993799,,16.337601,15.413
325920389,187.7655942,-67.16962438,0.41999999,,17.381701,16.3193
326434263,188.1617605,-67.34392899,0.30868399,,17.932899,16.7374
399846464,164.9390275,-67.56379189,0.196301,,18.007999,16.815399
399257389,163.6027129,-67.33969443,0.0069113201,,18.1765,17.050301
287109339,187.019446,-67.1515054,0.421534,,16.5639,15.3419
399844842,165.0802169,-67.22417284,0.4061,,18.752399,17.5156
1108842143,238.1550981,-67.83933531,0.746876,,15.1055,14.3075
1109141867,238.3866888,-66.97866235,0.29287499,,17.326799,16.559299
286508332,185.9447266,-67.50300152,0.17868701,,18.297199,17.049299
281753925,186.1776013,-66.96248898,0.0071471501,,18.4764,17.3132
398223161,160.4507863,-67.39024869,0.184026,,17.194901,16.124701
1109133762,238.5126339,-67.13241564,0.42677701,,16.987301,16.062201
401887522,168.4193569,-67.3767041,0.37092599,,18.063,16.950701
329307225,191.6377525,-66.70233144,0.231912,,18.294201,16.964001
325919919,187.8150821,-67.09838619,0.18571299,,17.237301,15.9998
397664441,159.1765271,-66.92038918,0.57972598,,15.0639,14.176
281753298,186.1154514,-66.88880292,0.372379,,19.8764,18.448099
287108944,186.9997267,-67.20100736,-0.132163,,19.1353,17.876301
1108855006,237.5807469,-67.61817708,0.52812898,,19.621201,18.697001
1108840947,237.8915721,-67.93133697,0.50677699,,18.461901,17.536301
329306607,191.4895195,-66.78428258,0.24437401,,17.884501,16.5035
329307027,191.4079184,-66.72846549,-0.025103699,,18.1078,16.673401
