1508962031,269.90241,-74.80526735,0.477377,,19.907801,19.0324
1508962037,269.940891,-74.79872412,0.32043999,,19.155899,18.2484
1508975884,269.9575653,-74.42947328,-0.175042,,20.398199,19.527599
1508980385,269.9633131,-74.11831898,0.021772301,,19.442499,18.5637
1688338932,270.2254038,-75.76305933,0.0287426,,19.482201,18.6416
1688338936,270.1662162,-75.7632818,-0.53249598,,19.754499,18.870701
1688375542,270.3039169,-75.10547072,-0.042073298,,19.672501,18.759701
1688375638,270.2185237,-75.0449758,0.158822,,19.6441,18.801901
1688410663,270.2218003,-74.0854372,-0.188425,,19.003599,18.123501
1688410669,270.1132591,-74.09832875,0.26405099,,18.4541,17.5917
1688410699,270.300717,-74.08863114,-0.092120297,,18.726801,17.810499
1688381040,270.1938287,-74.92606895,0.30746701,,18.6327,17.8339
1688381041,270.2045368,-74.92494855,0.236838,,20.0879,19.2078
1688381043,270.1941568,-74.91750189,-0.178856,,19.241301,18.451599
1688381554,270.229287,-74.81831937,-0.193855,,19.885099,18.9704
1688410688,270.1396387,-74.08429457,0.36636001,,18.8127,17.921
1688338530,270.435754,-75.81414024,-0.298244,,19.587799,18.6537
1688338532,270.3049561,-75.82796206,-0.12533499,,20.313,19.3563
1688343748,270.3006194,-75.57504715,-1.1187,,20.1329,19.2162
1688373704,270.3758558,-75.26631381,0.147056,,19.9876,19.119499
1688373834,270.3668219,-75.22783112,0.158557,,19.864401,18.9515
1688373840,270.3840161,-75.21801598,0.366162,,19.299,18.3627
1688383555,270.3848208,-74.59324425,0.242654,,19.9862,19.1133
1508880317,269.6474026,-75.87227294,0.045123398,,19.0184,18.162399
1508880320,269.6820053,-75.8690379,0.000716654,,19.744101,18.8459
1688402989,270.3591517,-74.41892931,-0.627195,,19.9582,19.0683
1688402992,270.2933284,-74.41707513,-0.52736598,,20.106701,19.244801
1688403135,270.339014,-74.3724739,-0.21960001,,19.966801,19.1119
1688403136,270.3578267,-74.37178014,-0.224801,,19.9382,19.0837
1508884272,269.5229364,-75.46825284,0.176373,,19.4081,18.495399
1508885046,269.5051258,-75.39784761,0.68771303,,18.974899,18.096399
1688404460,270.4369524,-74.33944293,-0.234082,,20.075899,19.277901
1688404462,270.4499544,-74.32974599,-0.37967601,,20.6098,19.7075
1688410749,270.2704797,-74.05527426,-0.25031301,,19.427799,18.6478
1508963119,269.806799,-74.57927079,-0.48569,,20.1952,19.3137
1508975902,269.9098811,-74.41690516,0.145197,,18.9177,18.059601
1508976729,269.7648093,-74.29220007,-0.67287201,,19.782101,18.9279
1508976910,269.7874006,-74.27503907,0.276315,,19.332399,18.612801
1508980234,269.7931036,-74.12176531,0.47489101,,19.0849,18.2038
1508980235,269.7932142,-74.11882735,-0.021637401,,19.8776,19.0256
1508880927,269.8384241,-75.77947107,0.46086499,,19.133101,18.169901
1508881103,269.855224,-75.75477675,0.142039,,19.464199,18.667101
1508957207,269.7807263,-75.27749179,0.20329,,19.073799,18.178699
1508957209,269.7213596,-75.26093903,-0.022718901,,18.9049,18.152201
1508958320,269.7415998,-75.03396847,-0.57471299,,20.1943,19.312401
1508961729,269.8408301,-74.9077288,-0.069480203,,19.7677,18.9175
1508962766,269.8533546,-74.75066936,0.223883,,19.4305,18.625999
1508980415,269.8616965,-74.11054973,0.055991098,,19.134899,18.340401
1688376116,270.2420356,-74.94699689,0.315523,,19.797501,18.8885
1688382963,270.2397553,-74.73161708,0.54995298,,19.1378,18.224001
1688382968,270.0534372,-74.75550288,0.61522502,,18.9216,18.065701
1688402921,270.1730102,-74.46728885,0.066103697,,19.4779,18.558201
1688402925,270.2047863,-74.45798389,0.171924,,19.026501,18.2407
1688403080,270.2434503,-74.38384336,-0.120334,,19.6201,18.742399
1688403081,270.2639604,-74.38192342,-0.30499101,,20.0504,19.2997
1688410695,270.1740643,-74.07568938,0.495354,,19.642401,18.7507
1688410799,270.2197507,-74.03696843,-0.137302,,19.7344,18.8517
343487122,269.3999848,-75.38921477,0.33531901,,16.898701,15.9863
343487127,269.2260321,-75.38114358,0.51401901,,15.9279,14.9907
343487683,269.2411371,-74.72837573,0.835944,,14.9538,14.1546
343486792,269.3431585,-75.76946817,0.83151299,,15.6341,14.7174
343486887,269.4971401,-75.67602669,0.449516,,15.6376,14.7104
343488199,269.4459151,-74.22618039,0.71046799,,14.5174,13.6149
343486783,269.3359191,-75.78175265,0.25072199,,16.9272,16.092699
343487233,269.2672241,-75.26940004,1.64937,,14.1388,13.2571
343487241,269.3240427,-75.26427867,0.072248697,,18.3983,17.503201
343487234,269.4620086,-75.26817347,0.29971501,,17.058901,16.1747
343487685,269.419427,-74.72789868,0.292184,,17.7885,16.9226
343488086,269.3031819,-74.33949544,0.049680099,,17.583401,16.755301
343488195,269.561865,-74.22988164,0.34150901,,17.466499,16.577101
1508957338,269.5332542,-75.22360138,0.123985,,18.518101,17.5996
1508957341,269.4644762,-75.22415013,0.13442101,,18.561701,17.6548
1688402964,270.3323812,-74.44117719,0.085024603,,18.9979,18.129
1688337697,271.071016,-75.75018287,-0.0668777,,18.627399,17.7393
1688343957,271.0627865,-75.46126773,-0.210398,,19.2523,18.2852
1688345780,270.9991248,-75.30343424,-0.034582902,,18.551001,17.6492
1688375891,270.9937021,-74.93171211,0.112334,,18.6399,17.7892
1688377056,271.1653138,-74.78423887,0.13557599,,18.692801,17.8687
1688383906,270.9817613,-74.45804161,0.16474,,18.308201,17.549
1688384099,271.0745052,-74.52624661,-0.222653,,19.1402,18.2118
1688339341,271.0013316,-75.55384127,0.109093,,18.7754,17.861099
1688343845,271.0678074,-75.51671347,-0.062519699,,18.546,17.7059
1688374570,271.0258849,-75.01259137,-0.22804099,,18.920099,18.0788
1688374576,270.8599364,-75.02721571,0.214037,,18.9582,18.0233
1688384574,271.09518,-74.42329062,0.14616799,,18.723301,17.8092
1688338780,270.8811254,-75.72761147,-0.153183,,19.293501,18.356199
1688344277,271.129215,-75.42181545,-0.159126,,19.123699,18.185101
1688405850,271.04465,-74.12523888,-0.175933,,19.446501,18.5313
1688381143,270.476734,-74.86790331,-0.331067,,19.496401,18.614
1688381148,270.5012304,-74.85926699,0.38694301,,18.5996,17.7621
1688381624,270.3641659,-74.77280794,0.32686001,,19.4403,18.5744
1688402605,270.4629749,-74.4747026,-0.0551694,,18.9695,18.2243
1688404445,270.3875488,-74.34017191,0.43514699,,20.203199,19.319401
1688404450,270.3160404,-74.3519538,-1.16719,,20.4979,19.6714
1688410187,270.2285454,-74.14894179,0.40391001,,20.4762,19.5611
1688337240,271.0065903,-75.86682684,-0.44631699,,20.033001,19.1189
1688337280,271.1029409,-75.8152121,0.0272213,,19.873699,18.877399
1688337611,271.1048964,-75.76710398,0.130577,,19.301701,18.422199
1688338767,271.0710128,-75.71985916,-0.0093887597,,19.4167,18.4799
1688338889,270.8864364,-75.68175784,-0.055780798,,19.650999,18.719999
1688338891,270.9211729,-75.675976,-0.071730897,,19.9505,19.010799
1688343954,270.9125438,-75.47508227,0.34242901,,19.0247,18.1684
1688343947,270.9165074,-75.48722659,-0.064502902,,20.368,19.475401
1688344298,270.8837518,-75.43337459,0.20826299,,19.2848,18.480101
1688344274,271.0658895,-75.43887537,0.33497801,,18.8489,17.899599
1688344276,271.0635048,-75.43634207,0.36614099,,19.416,18.6157
1688346292,271.0223426,-75.17691514,0.418015,,18.368999,17.462
1688374104,271.0607397,-75.08599389,0.70634902,,19.678101,18.739599
1688375930,271.0001689,-74.89785107,0.487194,,19.025499,18.1339
1688376401,270.9762258,-74.83953823,-0.17499401,,19.299299,18.4757
1688376402,270.9629384,-74.83925007,0.10886,,19.3323,18.495199
1688376403,271.0082923,-74.83111139,0.436717,,19.301201,18.388
1688376411,271.0554422,-74.82703194,0.44334301,,18.7342,17.8405
1688377059,271.33243,-74.75731557,-0.171821,,18.9527,18.0903
1688381378,271.0245943,-74.78799394,-0.37154999,,19.513599,18.5853
1688381834,270.9905508,-74.69067844,0.29990399,,19.8381,19.040001
1688381993,270.9839111,-74.62026897,0.23332299,,19.1597,18.231501
1688383296,270.950789,-74.60349993,-0.202314,,20.4814,19.6541
1688383300,271.0386649,-74.59184914,0.35544601,,18.2409,17.4813
1688383303,270.8426046,-74.61513174,0.40695599,,20.2449,19.313499
1688383411,270.8530064,-74.57160109,0.231921,,19.3997,18.6234
1688383428,271.0207637,-74.54104812,0.35739499,,19.307199,18.4182
1688383430,270.9714147,-74.53065563,0.084176898,,19.4147,18.4974
1688383818,271.0619539,-74.48032154,0.044675101,,18.8118,18.088301
1688383946,271.0101645,-74.43717053,0.27002099,,18.8864,18.0693
1688402868,271.0505157,-74.34822633,0.32944301,,19.486099,18.690001
1688403258,271.0099253,-74.31738621,0.34554601,,19.759399,18.847401
1688405489,271.1501447,-74.14665845,0.20655,,19.092501,18.1793
1688410457,271.0177588,-74.04350912,0.124108,,19.193199,18.268101
1688410460,270.9233143,-74.05235705,0.17146701,,19.084101,18.372999
1688410499,270.979691,-74.01463686,0.42708799,,18.538799,17.6427
1688410502,271.0160929,-74.00976446,-0.84115702,,20.396999,19.474199
343574343,269.7692353,-74.00610381,0.79933399,,13.635,12.887
343574925,269.6195899,-74.58797874,0.83351499,,13.5249,12.7855
343574830,269.621563,-74.50072474,1.65055,,12.9729,12.1651
343488260,269.5046308,-74.17676974,0.43679699,,16.4114,15.5184
343574934,269.7202897,-74.60048744,0.56311798,,16.455,15.5372
343576023,269.7290488,-75.86150846,0.47229701,,16.462799,15.6125
343574465,269.939918,-74.13703761,0.588292,,15.779,14.9707
343576046,269.7269425,-75.88806253,0.87332898,,15.1466,14.1875
343575529,269.7414427,-75.26888964,0.98683202,,14.4901,13.6024
343487137,269.2313644,-75.3721873,0.34263,,16.621901,15.6654
343487350,269.5149669,-75.14964482,0.274964,,16.3792,15.4792
343575321,269.9139846,-75.02174469,0.296381,,17.208099,16.314899
343579819,270.1376288,-75.03111289,0.307136,,16.8804,16.0256
343575316,269.6866322,-75.01635511,0.80417299,,16.6619,15.9427
292546695,270.5999906,-75.77742999,0.48469999,,16.722401,15.7902
343575197,269.7266596,-74.88956465,0.381897,,16.4578,15.5668
343575320,269.9279834,-75.02112092,0.67996502,,14.4131,13.6104
343575502,269.7809613,-75.23769098,0.63819098,,15.4206,14.5183
343575552,269.6801837,-75.30298455,0.83967102,,15.4574,14.5273
343575696,269.6636797,-75.46544289,1.13047,,14.7857,13.8731
343575204,269.9532473,-74.89495125,0.636581,,15.3743,14.4546
343579282,270.0771354,-75.63795719,0.54656202,,15.725,14.8013
343579284,270.2940347,-75.63670651,0.465895,,15.1024,14.1654
343579860,270.0741084,-74.97120812,0.829952,,14.0637,13.3476
343580040,270.3245305,-74.78794434,0.64153802,,15.5761,14.6812
343580230,270.0539731,-74.58715449,0.64148003,,15.6085,14.6881
343575351,269.6599283,-75.05504465,0.34544101,,18.2652,17.3622
343575631,269.6442827,-75.38501989,0.26412699,,17.2556,16.305901
343575208,269.7173375,-74.90152205,1.99547,,10.6157,10.0534
343575670,269.5865488,-75.43532801,0.47269499,,17.086399,16.126301
343574340,269.7063854,-74.00176554,0.0788434,,17.757799,16.952999
343574649,269.8477391,-74.30781033,0.285822,,17.5553,16.6691
343575636,269.6433179,-75.38906292,0.233329,,17.9401,17.044901
343575794,269.7952064,-75.58680803,0.25276601,,17.8871,16.9238
343488254,269.1976788,-74.18358499,0.186829,,17.747601,16.931101
343574460,269.7219569,-74.13629448,0.35377499,,17.592199,16.689199
343574503,269.6735967,-74.17765159,0.29666701,,17.585899,16.705
343574932,269.6413533,-74.59932561,0.316201,,18.0037,17.1483
343575353,269.7124157,-75.05909652,0.28435001,,17.653999,16.739901
343575535,269.5720382,-75.27812572,0.229894,,18.206499,17.388599
343575671,269.8818795,-75.43600162,0.13030399,,17.5037,16.719299
343575615,269.7981241,-75.36292036,0.73223799,,16.262899,15.3545
343580316,270.1526088,-74.50827674,0.327342,,16.7556,15.8691
343580318,270.1535521,-74.50315682,0.44954699,,16.826401,15.9138
343574836,269.913279,-74.50991276,0.226366,,17.4671,16.563
343574834,269.9386699,-74.50556218,0.46109501,,16.450001,15.5579
343575241,269.7159285,-74.93963612,0.202344,,17.507401,16.633699
343574933,269.8502524,-74.60006918,0.142377,,17.8694,17.0016
343576065,269.8297503,-75.91286674,0.27388701,,18.0415,17.0695
343486640,269.5281334,-75.97073589,0.31606701,,18.441401,17.492201
1508975967,269.5922439,-74.42005378,-0.17505801,,18.812099,17.9604
1508976004,269.6642632,-74.38974689,-0.052583501,,18.3668,17.465
1508976010,269.6988735,-74.3764488,0.235792,,18.531099,17.6297
343574598,269.7462095,-74.26235812,0.461943,,17.8412,16.941601
343574833,269.9520963,-74.50457749,0.306238,,17.8468,17.1409
343574835,269.8478891,-74.5074095,0.32469001,,17.8957,16.981001
343574840,269.9244687,-74.51285352,0.383773,,18.046499,17.181101
343575556,269.5694589,-75.3066434,0.34287,,17.9254,16.9674
1688345460,270.121647,-75.44586918,0.40862301,,18.258301,17.322201
1688374163,270.2623585,-75.17822196,0.128636,,18.7131,17.790001
1688381166,270.1219551,-74.9034051,-0.21041401,,18.825701,17.981001
1688381170,270.0599333,-74.89483804,0.382287,,18.378,17.468
343579975,270.1637362,-74.85899009,0.31647,,17.263599,16.3543
1688338600,270.1480545,-75.80870165,-0.152392,,19.337099,18.3962
292615794,270.5439228,-74.63734711,0.148774,,17.8263,16.899401
343575198,269.8012366,-74.88958666,0.401786,,17.868401,17.060699
343579818,270.103236,-75.03239267,0.26642099,,17.441,16.5238
1688345968,270.2107385,-75.33645732,0.129697,,18.8459,17.948
1688402460,270.217297,-74.55223453,0.095850497,,18.5201,17.624201
1688404589,270.2998641,-74.29256018,0.210691,,18.5002,17.6029
292546569,270.3765095,-75.92447051,0.066771798,,18.1772,17.2176
343579506,270.0034754,-75.37868799,0.23546299,,19.015499,18.2827
343575341,269.9452947,-75.04541387,0.32456499,,18.040899,17.3272
1508884255,269.561655,-75.49198059,0.25349,,19.5928,18.643499
1508884950,269.6822922,-75.45458785,-0.121173,,20.0893,19.175301
1508885287,269.5477207,-75.29974667,0.33208999,,20.2528,19.3081
1508957295,269.6629521,-75.25595744,0.27189499,,18.9042,18.006599
1508958598,269.646598,-74.99020747,0.274629,,19.704901,18.895599
1508958599,269.6353429,-74.99034215,-0.215948,,20.5688,19.6394
1508961909,269.5727819,-74.85037013,-0.29071599,,20.1959,19.2901
1508975969,269.5428918,-74.41890362,0.49473599,,18.4431,17.671499
1508977076,269.6661623,-74.21001648,-0.27463201,,19.6889,18.975599
1508980517,269.6982349,-74.07600507,-0.34056699,,20.2169,19.323299
1688381674,270.0230424,-74.78631806,-0.29152399,,19.7227,18.983299
1688383451,270.0572847,-74.67185893,-0.42071,,19.1355,18.401501
1688339037,270.1234855,-75.72042119,0.111095,,19.4706,18.553801
1688343524,270.1222175,-75.68848147,0.144776,,19.969299,19.1626
1688343529,270.0392502,-75.68007693,0.173851,,19.9944,19.030001
1688343990,270.2778562,-75.5612367,0.032136999,,19.5231,18.622499
1688373770,270.0268657,-75.26857869,-0.27188599,,19.9198,19.0763
1688374280,270.064102,-75.15143434,0.31224799,,19.5807,18.6656
1688375985,270.1878031,-75.00381514,0.38822201,,20.104601,19.2523
1688403046,270.1996163,-74.41316112,0.212945,,19.5525,18.639799
1688403048,270.2013629,-74.40977721,0.148572,,19.203699,18.318001
1688374145,270.0296423,-75.22074615,-0.36290699,,20.535,19.688801
1688375512,270.1462548,-75.10979694,0.19940899,,20.014,19.1651
1688383518,270.3964762,-74.62364133,-0.44490501,,19.697399,18.762699
1688383523,270.3771146,-74.61276851,-0.044338599,,19.8062,18.874599
1688402461,270.2372875,-74.54487211,0.031176001,,20.161301,19.2327
1688404590,270.3283815,-74.29023596,0.24562199,,18.795601,17.9172
1688410138,270.1416139,-74.18752581,0.53950799,,18.861799,18.023001
343579442,270.1015857,-75.44282088,1.79194,,12.3903,11.5132
292546596,270.6182148,-75.89742342,0.98293197,,13.5759,12.6535
292547165,270.4218144,-75.41309751,1.8240499,,11.7331,11.03
292615565,270.6734511,-74.73348217,1.12333,,13.3567,12.5229
292616115,270.4248964,-74.48754408,1.96284,,13.399,12.5307
343456056,269.0428301,-74.35925029,0.21463799,,16.4491,15.8622
343575161,269.8970753,-74.84867681,0.335473,,16.3627,15.6103
343579353,270.1507545,-75.53165649,0.581716,,17.3913,16.457701
292546838,270.4444733,-75.6203504,0.28959301,,17.323799,16.419399
292546885,270.3624881,-75.57354655,0.186147,,17.8836,16.936199
292546666,270.6283754,-75.81174229,0.28674099,,16.975,15.9724
343456519,268.8844634,-74.84309205,0.524764,,15.9589,15.0848
343456571,269.035014,-74.8860199,0.341436,,16.5406,15.6589
343483731,268.9065718,-75.79905387,0.58070999,,16.323999,15.3663
343575164,269.6451347,-74.85187446,0.333417,,16.583401,15.6893
343575963,269.6310656,-75.7680133,0.43485901,,16.028999,15.0819
343576136,269.9530829,-75.99964133,0.29464701,,16.6516,15.6519
343579867,270.044372,-74.96151506,0.52230698,,16.021099,15.1194
292546917,270.6527132,-75.54370352,0.48631299,,16.253799,15.3071
292616017,270.424097,-74.53509257,0.97652203,,14.5589,13.6761
343455740,269.003486,-74.06252312,0.876203,,15.1588,14.317
343456153,268.9832,-74.44759094,0.43200299,,15.8907,14.9945
343456566,269.1173784,-74.88163769,0.94566798,,14.9217,14.0628
343456568,269.0910821,-74.88300445,0.83969998,,15.0238,14.1422
343575160,269.7953136,-74.84811316,0.326069,,15.7444,15.1579
343576083,269.578714,-75.9344508,1.00021,,14.7581,13.8192
343579440,270.0854355,-75.44950977,1.37984,,14.0696,13.1604
292546582,270.5366883,-75.91065475,0.82606697,,14.3792,13.5334
292546699,270.6722849,-75.77032899,0.497774,,14.7483,13.8689
292546886,270.5161411,-75.57314991,0.68864298,,15.253,14.3095
292546903,270.435532,-75.55270933,0.65758401,,14.8965,13.947
292547554,270.6806351,-75.21923273,0.94071102,,14.7857,13.8549
292547660,270.5909061,-75.16387361,0.69397902,,14.9505,14.1352
292547789,270.7380783,-75.08905834,0.33834299,,15.669,14.879
292548021,270.5729983,-74.9685493,0.49478099,,15.9791,15.0551
292615911,270.4293359,-74.59143828,0.50911099,,15.6891,14.7583
292616955,270.3610912,-74.14973208,0.35781801,,16.9774,16.1192
343576074,269.5749955,-75.92059293,0.42359,,17.007,16.0287
343579444,270.0334152,-75.44050107,0.46288499,,16.389799,15.4771
292546795,270.4619848,-75.67371955,0.35725299,,17.767401,16.818399
292546859,270.5779992,-75.60418813,0.067005202,,17.545601,16.612499
292616770,270.5550513,-74.21852828,0.299164,,17.0879,16.168301
292546889,270.3602708,-75.56967667,0.65528101,,16.339899,15.3873
292615742,270.4815811,-74.6555653,0.72197503,,15.9457,15.0482
292615744,270.489456,-74.65488333,0.510324,,16.3503,15.4305
292615801,270.7479588,-74.63429893,0.697999,,15.32,14.4413
343455742,269.0826428,-74.06625073,0.50269502,,16.950701,16.076799
292615907,270.4955307,-74.59292512,0.118881,,17.3902,16.4737
343575270,269.6487744,-74.96480163,0.34042299,,17.3818,16.482
343487257,269.2468026,-75.23769458,0.014234,,16.5753,16.1534
343575399,269.5950571,-75.11475618,0.28422201,,17.382099,16.4524
292546589,270.7896756,-75.90635155,0.0794864,,18.7022,17.7582
292546835,270.4470287,-75.62444591,0.37520501,,16.6908,15.7483
343456152,268.90223,-74.44482352,0.18912201,,17.622101,16.753599
343456512,268.9213406,-74.83394906,0.39816001,,17.1819,16.3195
343456872,268.9589981,-75.24261766,0.24929801,,17.4613,16.5329
343483581,269.123391,-75.58620196,0.124121,,17.4485,16.5061
343575335,269.793908,-75.03931926,0.150903,,17.6595,16.752501
343574682,269.6706071,-74.3457586,0.27807501,,17.3123,16.456699
343575157,269.6594474,-74.84484991,0.059041802,,18.3395,17.441099
343575680,269.9074001,-75.4425416,0.0810977,,17.8423,16.9041
343575687,269.6101862,-75.45117638,0.30321899,,18.1584,17.262199
343579357,270.1298188,-75.53021881,0.199542,,17.471701,16.625401
343580585,270.1782373,-74.22502064,0.43319401,,17.6572,16.7855
343580591,270.1179731,-74.22350758,0.36426699,,17.4736,16.658001
292546585,270.6064371,-75.90705722,0.405112,,17.661699,16.6542
292546593,270.4681579,-75.90257876,0.162091,,17.4844,16.500601
292546724,270.6792833,-75.74913993,0.0135114,,18.055401,17.0781
292546887,270.423988,-75.57159367,-0.0233193,,17.5257,16.773399
292547010,270.4214058,-75.48394551,0.28277999,,17.7115,16.7843
292547163,270.6430137,-75.41361862,0.258982,,17.6742,16.744101
292547181,270.4788273,-75.40910794,0.40334001,,17.684799,16.762899
292548182,270.4349277,-74.89299571,0.34762299,,17.1835,16.298599
343456868,268.793386,-75.238899,0.27627701,,17.049601,16.183201
292548336,270.4641415,-74.82950481,0.41963699,,17.5772,16.6735
292547793,270.6419502,-75.08389774,0.245818,,17.3034,16.365299
292546703,270.4137649,-75.76265033,0.0813637,,18.3997,17.4597
292546894,270.7730819,-75.56381582,0.23142,,17.994499,17.162001
1508957390,269.4589129,-75.19411625,-0.187792,,19.0016,18.189699
1508957391,269.4512537,-75.19712826,0.21386801,,18.3617,17.4891
1508975716,269.4820209,-74.47340304,-0.0240668,,18.379,17.5231
1688338483,270.1355535,-75.85592421,0.053919401,,18.752001,17.7938
1688338486,270.2669819,-75.84682665,0.137977,,18.3223,17.360901
1688338488,270.2679079,-75.84363845,0.44808501,,18.159201,17.1611
1688338954,270.148278,-75.7544064,0.154484,,18.178499,17.2572
1688381648,270.0848427,-74.80529098,0.079824701,,18.6527,17.776699
1688381652,270.154406,-74.80525304,0.080197103,,18.750799,17.8286
1688381702,270.4321172,-74.75508667,-0.33676201,,19.1819,18.2731
1688410237,270.3311104,-74.13216061,0.139984,,18.505699,17.6432
292615513,270.7447074,-74.76393736,0.303675,,18.480499,17.6057
1508883968,269.6323725,-75.59559427,0.38923499,,19.917,19.0229
1508961873,269.4975567,-74.85517349,-0.34086001,,20.017799,19.153999
1508975701,269.5893852,-74.50429336,0.299059,,18.8915,18.022301
1508958677,269.5774639,-74.90914802,-0.23375601,,20.040199,19.145599
1508962926,269.5171188,-74.66767866,-0.105308,,20.262699,19.3943
1508963165,269.5325479,-74.59701209,0.121596,,18.5359,18.1084
1508963168,269.5158955,-74.61034835,-0.0213014,,19.8424,19.034901
1508963169,269.501976,-74.59888304,0.67039698,,18.9359,18.0515
1508975720,269.6850842,-74.50150378,-0.10465,,20.5179,19.6429
1508977039,269.5494966,-74.21956589,0.0606413,,19.387899,18.542601
1508980352,269.5631824,-74.09757082,-0.155022,,20.638201,19.7612
1508980356,269.5452472,-74.10464844,0.018218299,,19.7789,18.9109
1508980562,269.4867686,-74.02832884,0.27035299,,18.917601,18.0196
1688338480,270.0837474,-75.86802885,-0.90137899,,20.3475,19.447701
1688339064,270.1834014,-75.69671379,0.178836,,18.895399,18.0205
1688339065,270.1771035,-75.69349086,-0.117998,,20.2318,19.2857
1688339066,270.1691412,-75.69847287,-0.29665101,,19.8405,19.0063
1688381649,270.1288323,-74.79772013,0.182988,,19.656,18.741199
1688405061,270.2256769,-74.20793213,-0.0039562001,,19.024599,18.2304
1688410271,270.2526782,-74.13847533,0.183844,,19.951799,19.037701
1688343626,270.375549,-75.62416057,-0.076996297,,20.185301,19.2957
1688344164,270.3755642,-75.49159818,0.0124473,,18.923,18.115499
1688344175,270.5386263,-75.46535994,0.38824201,,20.190201,19.311501
1688375605,270.1335286,-75.08237107,0.61093599,,19.633101,18.7195
1688402523,270.3468705,-74.50254514,0.093459301,,19.058599,18.2269
1688410710,270.3261915,-74.06467903,-0.58266401,,20.395201,19.506901
343455885,268.8672327,-74.19268674,1.10806,,14.7896,13.9519
343487318,269.5250491,-75.18275894,0.70496303,,15.2191,14.2874
343579250,270.1870415,-75.67761019,0.61572403,,15.7034,14.8302
292616319,270.3756707,-74.41117016,0.74576998,,15.6428,14.732
292616321,270.6851748,-74.41097388,0.29644901,,16.3321,15.5562
343455890,269.1322228,-74.19552605,0.13196599,,17.8743,16.991899
343483708,269.1008415,-75.75900003,0.108046,,17.4447,16.4832
343579116,270.3171252,-75.86857244,0.40623501,,17.8986,16.8934
343579117,270.2231152,-75.86749057,0.201565,,17.493299,16.532801
292548166,270.4680983,-74.90180335,0.29549,,17.025999,16.122
343487310,269.1884746,-75.18911065,0.38312599,,17.3559,16.474701
1508885993,268.3136115,-75.41393746,0.28036499,,18.493299,17.619101
1508887321,268.3813112,-75.14244475,0.17223801,,18.4144,17.6147
1508960156,268.2349403,-74.9492354,0.213214,,18.431499,17.542801
1508960692,268.4278322,-74.85522559,0.23968901,,18.284,17.461599
1508960694,268.3759684,-74.8457101,0.170581,,18.696501,17.799801
1508965838,268.3302748,-74.3686054,0.063151799,,19.056999,18.2146
1508979544,268.2843301,-74.11153432,0.091952898,,18.8137,17.9918
1508887343,268.5611894,-75.13841571,0.065346003,,18.8745,18.0758
1508960754,268.461334,-74.81668961,0.076398499,,18.2761,17.377501
1508965498,268.4381971,-74.36249073,0.194644,,18.343399,17.6126
1508886261,268.4642506,-75.34216728,0.062788598,,18.7983,17.979
1508979134,268.4953289,-74.1492329,-0.138154,,19.0928,18.218901
1508979413,268.5180633,-74.05362919,0.43163499,,18.149799,17.2731
1508883057,268.7706262,-75.59329084,0.0146563,,18.7507,17.9809
1508884744,269.1147838,-75.40822372,-0.052908201,,19.1954,18.2694
1508960785,268.798648,-74.84736514,0.21297,,18.316601,17.4077
1508963879,268.866775,-74.71135565,0.198128,,18.918501,18.051901
1508881695,269.0992654,-75.62526059,-0.023430301,,17.049801,16.320801
1508962626,268.9898793,-74.69424168,0.310092,,18.492901,17.5933
1508976218,269.0360379,-74.43498917,0.152628,,18.174601,17.2854
1508976513,269.0033646,-74.30337794,0.170026,,18.2435,17.494301
1508963177,269.5026059,-74.59274198,0.33046901,,18.5436,17.6276
1508880104,269.4194449,-75.93356422,0.126407,,18.5585,17.5693
1508975778,269.5988159,-74.44735677,0.11087,,18.4578,17.561899
1508881243,269.7012043,-75.68352753,0.198395,,18.779499,17.842699
1508958615,269.5226617,-74.98214601,0.215354,,18.9865,18.070999
1508962950,269.6402868,-74.65797923,0.242717,,17.5928,16.7533
1508962953,269.6669054,-74.65637132,0.213145,,18.5522,17.656601
1508958525,269.939231,-74.99984351,0.081356898,,18.579901,17.6777
1508961711,269.8196393,-74.92485632,0.33829001,,18.281401,17.384501
1508976928,269.7722589,-74.24987606,0.265535,,18.756599,17.857201
1688381057,270.0763881,-74.9326195,0.031724699,,18.7439,17.9013
1688383503,270.1631302,-74.64388191,0.110204,,18.611401,17.7003
1688383507,270.2612744,-74.61725551,0.13181099,,18.265301,17.3377
1688343976,270.0902063,-75.58688782,-0.110188,,18.4081,17.474701
1688343979,270.1277307,-75.57515451,0.093405299,,18.411501,17.560101
1688374126,270.138177,-75.21094004,0.32360801,,18.304399,17.405001
1688383122,270.2500997,-74.66956702,0.0613924,,18.706499,17.8328
1688410683,270.1166198,-74.07597827,0.23593201,,18.498899,17.631599
1688343974,270.0320352,-75.59844682,-0.412925,,19.4676,18.5154
343456063,268.8241746,-74.36471087,0.47698101,,18.1385,17.247601
1508883260,268.3169087,-75.46622856,0.0061344602,,20.345699,19.4541
1508883262,268.4105516,-75.46868687,-0.31599399,,20.5252,19.6145
1508885994,268.3203975,-75.41997972,0.39778799,,18.15,17.3332
1508885996,268.3797628,-75.4200162,-0.072364897,,19.753201,18.8769
1508887138,268.3936529,-75.19581459,0.45544699,,18.743401,17.9177
1508959467,268.4001124,-75.02760671,0.0433456,,19.5373,18.7346
1508959837,268.3874123,-74.91649155,-0.15917701,,20.292,19.478399
1508959847,268.4072108,-74.89389231,0.146899,,20.448099,19.6434
1508960154,268.345868,-74.95296534,0.36549899,,18.3659,17.584499
1508961078,268.3583629,-74.86549288,0.25844201,,20.1136,19.2393
1508964450,268.3274637,-74.59707125,-0.59395701,,20.7332,19.862301
1508965528,268.3963843,-74.50162945,-0.034187399,,19.742901,18.9583
1508979528,268.3992244,-74.10503809,0.0027470801,,19.765699,18.894899
1508887339,268.3998409,-75.1258179,-0.28371701,,19.659,18.8193
1508887345,268.5978657,-75.13736849,0.276308,,18.838699,17.99
1508964252,268.4706112,-74.57777014,0.35192001,,18.7955,17.915199
1508965199,268.48635,-74.4644477,-0.195324,,19.5378,18.6752
1508965205,268.4097168,-74.46518804,-0.703291,,19.9524,19.198099
1508965496,268.462453,-74.36778593,-0.0292153,,19.694201,18.811199
1508977916,268.6378292,-74.30262075,0.122477,,19.435801,18.673599
1508871512,268.4815008,-75.91756766,0.31326401,,18.8685,17.929501
1508881947,268.4369198,-75.82019218,0.26969799,,18.870701,17.9424
1508883219,268.5107659,-75.51279838,0.0161881,,19.346901,18.412901
1508883226,268.437149,-75.49772052,0.50255901,,19.466,18.5191
1508886256,268.5806161,-75.34718372,0.660505,,19.394899,18.495199
1508979136,268.4843612,-74.14299963,0.068642698,,19.584101,18.7516
1508979146,268.5199339,-74.12046146,0.400307,,18.967501,18.146999
1508979151,268.4890008,-74.1196044,-0.27780101,,20.333799,19.587601
1508881527,268.8959281,-75.63348693,-0.232721,,19.5403,18.6402
1508881528,268.8838284,-75.62462041,0.148555,,19.274799,18.3202
1508884743,269.1463606,-75.41106105,-0.49075001,,19.7381,18.8584
1508885472,268.8942866,-75.33126117,-0.139219,,19.478399,18.5583
1508885474,268.9667286,-75.32583629,0.00812859,,19.907499,19.007401
1508886931,268.7987487,-75.29819712,0.17306399,,19.9814,19.1901
1508886932,268.7937868,-75.30021092,0.360973,,18.982201,18.159901
1508959664,268.7852573,-74.95734261,0.25571799,,20.038,19.195999
1508960781,268.7913635,-74.85335647,0.35084099,,19.501101,18.612301
1508960807,268.7662591,-74.84417665,-0.211402,,20.297899,19.4993
1508963876,268.8836699,-74.73367614,0.40723601,,18.599899,17.695
1508963878,268.862385,-74.71245821,0.350003,,19.6423,18.7955
1508964154,268.8168668,-74.62462934,-1.41719,,20.942499,20.0653
1508870192,269.0342167,-75.94512826,0.67260098,,18.843,17.961599
1508870193,269.0031608,-75.93295881,0.045906801,,19.320499,18.3344
1508880504,269.0791645,-75.90331391,0.0488986,,19.808701,18.941999
1508880509,269.0879041,-75.89239439,-0.213461,,20.206499,19.225
1508885790,269.0087283,-75.21311635,0.50514001,,19.1835,18.373199
1508885791,268.964725,-75.21369162,0.072924003,,19.592199,18.6534
1508959140,269.0234585,-74.88625296,-0.034546901,,19.621201,18.7383
1508880128,269.4605661,-75.90499254,0.194316,,19.341101,18.385099
1508881233,269.6517272,-75.68336023,-0.15837599,,20.079599,19.2498
1508957971,269.4466328,-75.09041413,0.32717001,,18.788,17.878901
1508963179,269.4793493,-74.5850187,0.54265398,,18.522699,17.627399
1508883934,269.5498048,-75.6333197,0.31257501,,19.1761,18.3829
1508885064,269.4452683,-75.36237831,-0.61538702,,20.4412,19.606899
1508961864,269.5234429,-74.86464512,0.0105178,,19.4594,18.781401
1508961930,269.5617025,-74.81695463,0.24187399,,20.598301,19.674601
1508975780,269.5053299,-74.43145705,0.53303897,,19.319599,18.439301
1508977110,269.5711006,-74.16139078,-0.428572,,20.229601,19.3486
1508884225,269.5933395,-75.50176631,-0.16599,,19.2862,18.473499
1508957363,269.6844697,-75.21158058,0.22934,,19.156601,18.4174
1508958618,269.5246039,-74.96642671,0.38308299,,20.5322,19.5968
1508958619,269.5806543,-74.98061361,-1.4220099,,20.5291,19.7162
1508962169,269.7137547,-74.76164847,0.137417,,19.7216,18.9877
1508962173,269.6165055,-74.73770738,0.47491401,,19.1667,18.298
1508963221,269.6650672,-74.57842775,0.15600801,,19.0445,18.176901
1508975676,269.6347812,-74.5157406,0.402574,,19.7995,18.897699
1508975679,269.6079374,-74.50738019,-0.247668,,19.736601,18.8351
1508980249,269.671617,-74.1603283,0.061191101,,19.336,18.499599
1508883884,269.747054,-75.61514912,0.080819398,,18.8578,18.009199
1508883885,269.7804526,-75.60510797,-0.187701,,19.6964,18.9891
1508962795,269.9001997,-74.71601993,0.214122,,19.8515,18.972799
1508962849,269.7539526,-74.66892027,-0.0205187,,20.449699,19.539
1688343971,270.0957671,-75.59883633,-0.111171,,19.319599,18.496799
1688383498,270.1964657,-74.63848986,-0.215781,,18.847799,18.121099
1688383500,270.1965148,-74.62816503,0.229729,,19.3694,18.5555
1688403057,270.06623,-74.41149112,0.11882,,19.2195,18.3076
1688404528,270.1312149,-74.32305465,0.17358699,,19.972,19.1
1688338612,270.0111309,-75.81810646,-0.113094,,19.7719,18.8421
1688343537,270.2152639,-75.67189082,0.349105,,19.380899,18.433001
1688345838,270.0845217,-75.39781153,0.107535,,19.753599,18.8633
1688376107,270.0886218,-74.95903626,-0.31614,,19.852301,19.0909
1688381572,270.2264195,-74.81347119,-0.49142501,,20.4615,19.549801
1688383071,270.008675,-74.72961934,-0.18423299,,19.4937,18.6306
1688383118,270.1613353,-74.6833988,0.419967,,18.5389,17.7302
1688383119,270.204585,-74.67801678,0.27921301,,19.7005,18.816999
1688412086,270.0313254,-74.04181364,0.265636,,19.4196,18.507
343580497,270.2001911,-74.30853672,3.0274999,,11.1326,10.3995
343575863,269.8117623,-75.66252938,0.52491099,,16.2799,15.3266
343574726,269.7437242,-74.38430957,1.20921,,15.3112,14.4747
343575056,269.803923,-74.72501704,0.83907002,,14.7894,13.8941
343575189,269.9132649,-74.88305139,0.66088998,,16.0271,15.1241
343575440,269.6775621,-75.16384181,0.40802899,,16.502701,15.647
343575860,269.9218755,-75.66123138,0.472803,,16.504299,15.5509
343580331,269.9913803,-74.48763998,0.46182701,,16.0923,15.1855
343580332,270.2373741,-74.48627707,0.562953,,15.647,14.75
343579710,270.1149612,-75.16210636,0.49972901,,16.621099,15.7384
343579312,270.1009856,-75.59259263,1.09782,,14.079,13.1806
343575132,269.7606198,-74.80889558,0.29138899,,16.9203,16.082701
343579686,270.2339546,-75.19568818,0.34490699,,16.8757,15.9704
343574757,269.6494606,-74.41958373,0.084292203,,18.1255,17.2612
343579855,270.1243159,-74.97883365,0.122439,,17.599701,16.6824
1688337443,270.3488919,-75.87442246,0.333462,,18.2829,17.3993
1688343590,270.3070755,-75.65345769,0.0579243,,18.8104,17.8759
1688375573,270.2829899,-75.06727842,0.12554701,,18.4368,17.636499
1688403127,270.2652776,-74.39036303,-0.033011101,,18.177099,17.346901
1688410850,270.3179972,-74.03647761,0.262003,,18.132999,17.235901
1688346101,270.6526781,-75.2999276,0.236812,,18.924,17.9988
1688373724,270.424542,-75.25672873,-0.0096489098,,18.882,18.0777
1688373879,270.482734,-75.17919054,0.110515,,19.105499,18.1735
1688376205,270.6791414,-74.93450584,-0.00044393699,,18.793301,17.858999
1688381157,270.458793,-74.85497686,0.25248599,,18.336201,17.4778
1688381255,270.4444811,-74.83286009,-0.38429299,,18.961599,18.053101
1688383019,270.4450195,-74.70556053,0.080276199,,18.6238,17.744499
1688383249,270.6476718,-74.63289627,-0.205309,,18.412399,17.4734
1688402788,270.5768901,-74.41832591,0.21077199,,18.480801,17.625099
1688402974,270.4423893,-74.42182968,-0.071579203,,18.926001,18.1451
1688403117,270.4470528,-74.36532319,0.17333101,,18.082001,17.195801
1688404574,270.508485,-74.27613319,0.276086,,18.3871,17.511
1688404783,270.5598016,-74.24595865,0.25166699,,17.2556,16.5466
1688410240,270.4127895,-74.13800024,0.234805,,18.4762,17.5669
1688410243,270.4095504,-74.1300575,-0.147246,,18.420799,17.523899
1688410338,270.5063422,-74.09513022,0.233518,,18.6353,17.7215
1688373917,270.5892718,-75.19816958,0.0076155202,,19.2967,18.389
1688404472,270.5121046,-74.31157481,-0.327932,,19.290899,18.4203
1688410514,270.5532889,-74.07580238,-0.086160101,,19.1576,18.286501
343579684,270.2224485,-75.19689187,-0.118312,,17.2812,16.350901
1508885570,269.3434873,-75.31861946,0.69178301,,19.403999,18.4779
1508886074,268.8646396,-75.4105414,-0.47902599,,19.914801,18.988701
1508886076,268.8641753,-75.41166073,0.183145,,19.963499,19.074301
1508887220,268.8216482,-75.18221287,0.216782,,19.187799,18.4041
1508887224,268.7864764,-75.17540534,-0.69894999,,20.6453,19.8106
1508965260,268.9013346,-74.47464484,-0.14426699,,20.4147,19.515699
1508965263,268.8845314,-74.46584391,0.569888,,20.3214,19.4193
1508979270,268.8283904,-74.11132969,-0.020661499,,19.7589,19.083401
1688336960,270.4743265,-75.96320591,0.070835903,,19.9578,19.094299
1688345401,270.2994681,-75.45518042,0.52177501,,19.3869,18.501301
1688373694,270.2700131,-75.25421009,0.0135605,,20.3668,19.5616
1688373698,270.345156,-75.27390754,0.214766,,18.6702,17.878099
1688375576,270.3437568,-75.05439927,-0.16767301,,19.3218,18.4566
1688383172,270.3954739,-74.64814377,0.30551201,,18.668699,17.8146
1688402595,270.2992198,-74.4977923,0.104963,,19.462999,18.771999
1688404456,270.3402012,-74.33768877,0.34076199,,19.4184,18.5905
1688410230,270.3431344,-74.14619297,-0.187509,,19.2351,18.4312
1688410231,270.3396897,-74.14420063,0.26914001,,19.0476,18.172001
1688410232,270.3743245,-74.13496886,0.137996,,19.2297,18.3319
1688373755,270.4905116,-75.21476711,-1.56879,,20.382999,19.610901
1688373918,270.6185871,-75.19584973,0.24565899,,18.9986,18.091101
1688374230,270.5341132,-75.13329446,-0.87998301,,20.691,19.8302
1688374316,270.4792527,-75.11542053,0.088945501,,19.8827,19.027599
1688374322,270.4532545,-75.11453435,0.046990901,,20.2649,19.382
1688374324,270.4481435,-75.11200744,0.24895,,19.466801,18.562401
1688375683,270.4216178,-75.01102061,0.054422799,,19.381901,18.5023
1688375841,270.6734039,-74.97289003,-0.0234797,,19.529699,18.600401
1688376023,270.4373823,-74.97961595,0.071466804,,19.748699,18.871599
1688381254,270.4430776,-74.83654424,-1.37263,,20.309099,19.385099
1688381635,270.4543858,-74.76648318,-0.271869,,20.476101,19.5548
1688383056,270.5227178,-74.6743906,0.0129645,,19.3183,18.385099
1688383212,270.570842,-74.67291801,0.488051,,18.664499,17.7437
1688383257,270.7477876,-74.62518058,0.350613,,18.9238,18.1222
1688383696,270.4981183,-74.53943687,0.133315,,19.451099,18.592699
1688383697,270.4693899,-74.53687451,0.060104702,,19.336901,18.4084
1688383873,270.7615897,-74.48342619,0.45419401,,20.1751,19.289
1688383879,270.77822,-74.47188168,0.32991901,,19.016399,18.3398
1688402613,270.4697383,-74.45529525,-0.055133902,,19.716,18.8279
1688402881,270.0373438,-74.49405202,0.345624,,19.115299,18.231001
1688402654,270.6536557,-74.46910382,0.163569,,18.9335,18.116501
1688403115,270.40631,-74.37119633,0.198082,,19.474199,18.559799
1688403310,270.5571065,-74.3422115,-0.884794,,20.323,19.477699
1688403312,270.5881663,-74.33590683,0.069560803,,19.805799,18.98
1688404578,270.4225284,-74.28679745,0.29067299,,18.902599,18.066799
1688404614,270.4692535,-74.26648926,-1.04229,,20.6103,19.716101
1688405089,270.4096375,-74.18550358,0.198513,,19.196899,18.322701
1688410222,270.4883442,-74.13145663,0.159458,,19.85,18.9653
1688410244,270.5145012,-74.11879013,-0.99418998,,20.4597,19.5889
1688410379,270.6417074,-74.11875948,0.091959998,,19.1537,18.3155
1688410513,270.5267172,-74.07958899,0.376288,,18.654699,17.7876
1688410515,270.559469,-74.06719927,0.29509199,,18.9491,18.1884
343487103,269.198018,-75.41572209,0.92896301,,13.8962,13.1278
343487397,269.1873815,-75.07946244,0.38665101,,17.2404,16.3207
343456398,268.95856,-74.70575234,0.78273302,,14.9459,14.074
343487105,269.3943344,-75.41335593,1.00448,,14.5279,13.6352
343455917,268.8276362,-74.22654177,0.67729598,,15.0149,14.2242
343456666,268.9068459,-74.99250549,0.29360399,,16.633699,15.7432
343574492,269.8435303,-74.16520875,1.1018699,,14.2653,13.5103
343574639,269.7188489,-74.2994198,0.98560101,,14.8767,14.03
343574641,269.8475304,-74.30126553,0.91052598,,14.6843,13.8258
343487499,269.445629,-74.95107039,0.19344001,,17.005699,16.1476
343487188,269.4783645,-75.30186404,0.39180699,,16.7101,15.7922
343574495,269.841238,-74.1689146,0.450225,,16.267,15.4239
343488293,269.4197904,-74.13772327,0.102286,,17.741501,16.9207
343487186,269.364191,-75.30284542,0.198679,,17.286501,16.419201
343574497,269.7953322,-74.17203733,0.175363,,18.0502,17.1422
343455793,269.0287285,-74.11945007,0.18369401,,17.4333,16.534
343488288,269.3690774,-74.14294903,-0.00459179,,18.071199,17.2236
343488290,269.417014,-74.14192212,0.224401,,17.445601,16.619101
343574640,269.6512003,-74.29991958,0.34139001,,17.8937,17.003401
343455923,268.8309543,-74.22983054,0.35053101,,17.264,16.371901
343574792,269.6228446,-74.4571926,0.28897399,,18.067301,17.2111
343486805,269.1892469,-75.75805028,0.34165201,,18.0853,17.1171
1508963460,268.9320022,-74.56348259,0.116477,,18.4196,17.525801
1508957863,269.0005072,-75.12688539,0.25945601,,18.5651,17.657101
1508963758,269.0716661,-74.46579644,0.30051199,,18.008699,17.175501
1508977371,269.082326,-74.20653979,0.178455,,18.5373,17.710899
1508977403,268.9696211,-74.16013252,0.029068699,,18.4209,17.5905
1508958658,269.7062851,-74.92901845,-0.255364,,19.260099,18.393999
1508958662,269.6105293,-74.91434898,0.25285101,,18.215,17.344801
1508957197,269.7385641,-75.29535882,-0.064246804,,18.741501,17.8566
1508975560,269.7915814,-74.56379899,-0.18026,,18.657499,17.788099
1508980138,269.8893338,-74.172618,0.0744204,,19.0021,18.125
1508980504,269.7677678,-74.02433287,0.201866,,18.7792,17.9235
1688339004,270.3817885,-75.71132631,0.28400099,,18.727301,17.7943
1688339010,270.3608941,-75.70519065,0.029756401,,19.107201,18.1889
1688374223,270.3793491,-75.14586681,0.0184105,,18.9158,18.041
1688375648,270.3251773,-75.04549354,0.210675,,18.4042,17.4895
1688402635,270.4475226,-74.44310068,0.26130399,,18.6266,17.7386
1688403099,270.387022,-74.38418445,0.031414099,,18.665001,17.7778
1508881499,268.9808465,-75.67954088,0.383582,,18.9911,18.0061
1508957905,269.3582052,-75.14207433,0.021497,,19.489,18.567301
1508958142,268.9867146,-75.02335139,-0.13213401,,20.615499,19.7241
1508958145,269.0250141,-75.02904425,0.41580999,,18.945999,18.033199
1508958900,268.9264004,-74.93766198,0.015939301,,19.451401,18.612499
1508962432,269.0352167,-74.73878983,-0.021201501,,19.201099,18.405001
1508962442,268.9571271,-74.74382812,0.110159,,19.5452,18.7334
1508962718,269.0321747,-74.62481553,0.35025501,,19.535299,18.6451
1508963722,268.9505484,-74.50642316,0.43457499,,19.2869,18.445499
1508963723,268.9698072,-74.50099224,0.146869,,19.173599,18.4893
1508963724,268.9750667,-74.50140627,-0.323291,,19.5853,18.7038
1508977389,268.9760558,-74.17237395,0.30753601,,20.103001,19.303101
1508977602,268.9850113,-74.10927569,0.29645899,,19.105499,18.269899
1508957797,269.0158219,-75.17542714,-0.484568,,20.262501,19.3822
1508957798,268.9601214,-75.16022393,0.239463,,19.7927,18.930799
1508962677,269.1773781,-74.65555141,0.073570304,,19.923,19.112801
1508963713,269.0426446,-74.52534327,0.029036799,,18.7349,18.0149
1508976489,269.0482557,-74.32399833,-0.135397,,19.8181,19.0343
1508976490,269.0438085,-74.32182069,-0.50619298,,20.461,19.6308
1508976523,268.9601839,-74.28566672,0.25135601,,20.4062,19.5252
1508980849,269.0064223,-74.03428477,-0.146182,,19.501801,18.698999
1508881195,269.6277401,-75.70806937,0.28391501,,19.617201,18.6903
1508958402,269.6615839,-75.02678501,0.074481197,,19.105101,18.4202
1508958654,269.599726,-74.94793889,0.245113,,19.1192,18.1954
1508963252,269.5007947,-74.56264635,0.48855299,,20.1194,19.205
1508975757,269.5475469,-74.4780086,0.13293999,,20.309,19.401199
1508975763,269.4810247,-74.46313161,-0.67366397,,19.768,18.9279
1508976778,269.5938345,-74.3416513,-0.815835,,20.144699,19.384399
1508880178,269.7569483,-75.94695615,0.29153201,,19.367599,18.4319
1508884831,269.990094,-75.48533879,0.33447799,,18.880899,18.143499
1508884832,269.960882,-75.47726986,0.32195601,,19.0769,18.259701
1508957252,269.7495578,-75.24900349,0.342399,,18.939699,18.0271
1508962812,269.8813666,-74.69015224,0.313108,,19.527399,18.6052
1508962813,269.9098065,-74.68866349,0.30892,,19.583099,18.657
1508963035,269.743898,-74.64683591,0.48505801,,19.5334,18.636999
1508975531,269.9583312,-74.56944921,0.33113,,19.381599,18.5042
1688337028,270.4279682,-75.95343712,-0.055120599,,20.093201,19.209801
1688338546,270.5593985,-75.79818287,-0.093928702,,19.875601,19.014099
1688373847,270.502035,-75.20943838,-0.289877,,20.372,19.4646
1688381101,270.3921152,-74.9039419,0.092618801,,18.9657,18.1577
1688402634,270.5231272,-74.43584072,-0.087294199,,19.7332,18.987301
1688410858,270.3497494,-74.01450406,0.61601102,,18.687099,17.7763
343487895,269.5466413,-74.52107266,0.70969999,,15.0642,14.2221
343575605,269.8211646,-75.35198353,0.463902,,15.5084,14.5967
343575839,269.7246623,-75.63240095,0.53564298,,15.7308,14.8132
343575841,269.9609696,-75.63410187,1.08724,,14.4531,13.5683
343487450,269.2868183,-75.01323834,0.31712401,,17.9091,17.0481
343574526,269.6843467,-74.1945955,0.37024,,17.3944,16.509001
343575843,269.5736356,-75.63923172,0.37329,,16.990499,16.0854
343576010,269.821424,-75.84398307,0.36064401,,18.018299,17.0467
343579230,270.2550966,-75.69880192,0.213451,,17.666401,16.718399
343579231,270.1586797,-75.6973485,0.079970598,,17.9617,17.0035
343487534,269.5080643,-74.89512978,0.31376699,,17.679199,16.7894
1508884418,269.0781786,-75.54602879,0.146155,,18.592699,17.666901
1508958830,269.1545869,-75.0100718,-0.0106339,,18.7824,17.9554
1508962687,269.1111988,-74.64776233,-0.0799504,,17.971701,17.2082
1508880646,269.3742749,-75.83349749,0.0151621,,19.027201,18.069901
1508962587,269.1858039,-74.73828845,0.114679,,18.812201,17.898701
1508962593,269.1495593,-74.72128264,-0.13300399,,19.2472,18.4067
1508963750,269.1174424,-74.48990369,0.15068001,,18.1943,17.3319
1508980830,269.1219658,-74.03279122,0.25444299,,17.9736,17.1381
1508870060,269.1296936,-75.9897633,-0.034933802,,20.5355,19.5546
1508884419,269.1424913,-75.55861286,0.48583001,,18.423,17.4739
1508962418,269.063279,-74.74267919,0.27186999,,19.172001,18.3013
1508962688,269.111494,-74.64582333,-0.087792002,,19.558599,18.646601
1508963484,269.1334564,-74.56482119,-0.486752,,19.983,19.1516
1508963706,269.0954027,-74.51353749,0.53805798,,19.2705,18.5212
1508976556,269.0924068,-74.26665171,0.436241,,18.438801,17.5914
1508977637,269.1407375,-74.09472472,0.14861099,,19.311501,18.444901
1508884493,269.1375656,-75.50968954,0.147468,,19.073799,18.2617
1508885421,269.1978406,-75.30238456,0.36290801,,19.485399,18.5471
1508885427,269.1369465,-75.37523441,0.090931699,,19.576099,18.7099
1508958926,269.1118806,-74.92086236,0.036568601,,19.223101,18.536301
1508959112,269.177594,-74.89621937,-0.36108899,,19.6912,18.8382
1508959118,269.1101403,-74.88646066,0.195445,,20.159401,19.259199
1508962696,269.018543,-74.65466653,-0.22171099,,20.165001,19.308901
1508976217,269.0708866,-74.4346222,0.265901,,18.8536,18.0089
1508976281,269.1461211,-74.36879686,0.37416399,,18.9599,18.1535
1508976480,269.0839898,-74.31914585,-0.64182401,,19.698299,18.9965
343579392,269.9877326,-75.49459145,0.53092998,,15.9147,15.0015
343579459,270.0409484,-75.4230837,0.64276499,,16.407101,15.4621
343579608,269.9633362,-75.27863137,0.363451,,15.114,14.4479
343579609,270.0669102,-75.27786526,1.01656,,14.6401,13.7148
343579616,270.0151892,-75.26928088,0.57897502,,15.2905,14.4652
343580216,270.104558,-74.60087,0.451848,,16.337299,15.4627
343488250,269.2443054,-74.18491735,1.07833,,13.0437,12.156
343488163,269.216202,-74.25977751,0.53987002,,17.0485,16.1555
343575983,269.7231308,-75.81144962,0.45280099,,17.2642,16.3976
343580464,270.251826,-74.33776359,0.37678301,,16.813499,15.9609
343580214,270.0408226,-74.60223967,0.50100201,,15.949,15.0205
261590016,349.8383113,-74.62280271,0.177146,,16.977501,16.2609
343487704,269.5226217,-74.71003968,0.14796799,,17.589001,16.743401
343579933,270.094899,-74.90171281,0.52571702,,17.0324,16.144199
343580463,270.2753289,-74.33784994,0.097818904,,18.0963,17.183701
343580520,270.1805208,-74.28884533,0.082607403,,17.319799,16.452999
343580525,270.2826853,-74.28317293,-0.170517,,17.867901,16.993
343486994,269.3354759,-75.54228452,0.32489499,,18.4063,17.466801
343486995,269.5690668,-75.54189119,0.34143299,,17.4069,16.4811
343487582,269.5452009,-74.85069879,0.371714,,18.0641,17.1929
343580462,269.9976845,-74.33997345,-0.040137898,,18.356001,17.4701
1508962941,269.6419854,-74.67614538,0.16458599,,18.566999,17.6565
1508963625,269.4174027,-74.50891014,0.17011,,18.524401,17.6096
1508976811,269.6965384,-74.31463558,-0.083139896,,18.7826,17.947599
1508961959,269.9555969,-74.85503556,0.26723,,18.3036,17.467501
1508975816,269.9158343,-74.46900581,-0.060763299,,18.7826,17.9394
1688338622,270.0518929,-75.80093966,0.26537001,,18.172501,17.272499
1688343680,270.1542114,-75.62301904,0.278653,,18.2411,17.298201
1688345343,270.1966865,-75.48515816,0.222994,,18.7036,17.757999
1688373687,270.2031489,-75.26186623,-0.039081499,,18.5805,17.6444
1688383508,270.1447657,-74.62972705,0.31167901,,18.0889,17.2852
1688402579,270.1916801,-74.50018754,0.170182,,18.774799,17.864799
1688410812,270.0026572,-74.06110876,0.18763199,,18.2188,17.3353
343487579,269.1981015,-74.85468947,0.35558,,18.0515,17.1789
1508884013,269.455269,-75.53314753,-0.0096997898,,19.795099,18.873699
1508884014,269.9783326,-75.60973348,0.076169603,,19.1287,18.2176
1508884563,269.3416737,-75.49127063,0.47788101,,18.2705,17.359501
1508957702,269.3176712,-75.17847613,-0.088027596,,18.7829,18.120199
1508957705,269.3745485,-75.16932,0.089590803,,19.527399,18.7103
1508962940,269.6620673,-74.68290755,0.32989699,,19.873699,18.9942
1508976806,269.4989802,-74.28932931,0.421482,,18.851999,17.949301
1508977207,269.460558,-74.26440305,0.0431398,,20.4737,19.5832
1508885079,269.9985749,-75.41782752,-2.4058101,,20.883801,20.0187
1508958186,269.865101,-75.12379326,0.33016601,,19.6364,18.872601
1508958248,269.9438968,-75.09600427,-0.80401301,,20.715,19.8008
1508958459,269.8767638,-75.04188865,0.253575,,18.7712,17.9779
1508958462,269.9216669,-75.04288238,0.227744,,20.092501,19.305401
1508958464,269.9288456,-75.04557798,-0.169191,,20.555,19.6998
1508961983,269.9546448,-74.83166735,0.102082,,19.5812,18.696699
1508961986,269.8668367,-74.81274815,0.240363,,20.1763,19.3521
1508975591,269.9688187,-74.53056709,0.44072101,,18.747601,17.872999
1508980188,269.9483848,-74.1480194,0.338983,,19.401199,18.572701
1688343684,270.0394327,-75.63012153,-0.28291699,,19.889601,19.125099
1688345381,270.1420326,-75.45718029,-0.056478001,,19.3221,18.3971
1688373680,270.222153,-75.27756434,0.058096901,,19.564301,18.703899
1688374121,270.0276719,-75.22639048,0.32690299,,19.011999,18.1423
1688382936,270.0954825,-74.76060082,0.422793,,18.546499,17.658001
1688383491,270.1244424,-74.63453186,0.67124999,,18.951599,18.030701
1688403071,270.2376476,-74.39571041,0.0209348,,19.045799,18.2101
1688404512,270.255349,-74.31876528,-0.0166595,,19.797501,18.9184
343487563,269.5227128,-74.86992695,0.85008001,,15.1035,14.2206
343579149,270.3320259,-75.8173728,0.42224699,,15.1767,14.3503
343579800,270.0255338,-75.04855927,0.55726397,,13.9736,13.2424
343579306,270.1434772,-75.60582753,0.35940301,,16.6861,15.7361
343579764,270.3311344,-75.08965153,0.65259898,,14.9836,14.1664
343488149,269.3823879,-74.27406392,0.27541101,,17.504299,16.7162
343580099,270.2034266,-74.71816418,0.39807799,,16.8395,15.9571
343580323,270.0387634,-74.49611303,0.38094401,,17.048599,16.1542
343579795,270.2068585,-75.05586567,,,12.3872,11.572
343579760,269.9780862,-75.09217783,1.5180399,,12.9089,12.1248
343488379,269.3150027,-74.05469107,0.34284899,,16.8472,15.9472
343580791,270.1023112,-74.03314623,0.45057899,,15.8728,14.9584
343580792,270.0937801,-74.03263228,0.23757701,,17.0709,16.156401
343487747,269.5017263,-74.67345332,0.086250901,,17.2292,16.3444
343574993,269.8602677,-74.66166482,0.41157001,,16.8307,15.9044
343580789,270.039521,-74.03449566,0.35521001,,17.0609,16.150801
343488373,269.5157679,-74.06067148,0.30581099,,17.3866,16.600901
343488374,269.2850774,-74.05980417,0.209051,,17.9156,17.019899
343579304,269.9637908,-75.61108435,0.295223,,17.6966,16.7598
343579591,270.1162465,-75.29947047,0.025412699,,17.664499,16.835699
343579595,269.9824163,-75.29622356,0.202595,,17.5534,16.7248
343579792,269.9958497,-75.05837087,0.222312,,17.623301,16.7201
343580793,270.2886552,-74.03174318,0.138521,,17.672199,16.7726
343579030,270.1894204,-75.98550277,0.36648899,,17.4223,16.4128
343579789,269.9244316,-75.05914176,0.273471,,18.1367,17.219299
343579790,270.1393428,-75.05911726,0.29334399,,17.728701,16.803101
343580327,270.0607396,-74.49256299,0.29369399,,17.553699,16.832199
343487246,269.5531976,-75.25794843,0.165711,,17.9604,17.082399
343574800,269.7312677,-74.46545513,0.37411001,,17.7689,16.9394
343579027,270.1991885,-75.98564776,0.45878899,,17.9921,17.0256
343580797,270.137293,-74.02607347,-0.0110301,,18.1548,17.311199
1508881538,269.4218228,-75.70256013,0.017223701,,18.9275,18.0541
1508885901,268.8598373,-75.43612263,0.0135326,,18.7202,17.7911
1508886162,268.8136744,-75.35801542,0.160137,,18.560499,17.7633
1508958047,269.1493511,-75.1067652,0.10772,,18.5315,17.7834
1508963673,269.1543455,-74.53194918,0.080009498,,18.7327,17.846701
1508976192,269.1095458,-74.44643952,-0.250404,,18.842199,17.9394
1508980727,269.4454547,-74.08936266,0.28986999,,18.166401,17.285999
1508883957,269.457008,-75.5772106,0.115532,,18.5376,17.5956
1508957355,269.6194997,-75.22071328,0.17255101,,18.4284,17.570299
1508980738,269.3835364,-74.07223636,0.26457399,,18.353399,17.5758
1688344112,270.1976018,-75.5206951,0.176936,,18.370701,17.431
1508870216,268.8578863,-75.91597383,0.372574,,18.687901,17.712601
1508960500,268.7658529,-74.93333354,0.27700999,,19.1747,18.395399
1508960857,268.8264732,-74.80200664,0.133518,,19.48,18.573
1508977999,268.821383,-74.29944821,0.348423,,18.878099,18.056299
1508978001,268.8266841,-74.29835056,0.296662,,19.9674,19.091101
1508979293,268.8317738,-74.07845595,0.462607,,18.4305,17.5443
1508977579,268.998002,-74.14702293,0.23398601,,18.620701,17.870899
1508958048,269.1301604,-75.10266819,0.093737401,,19.3146,18.431801
1508958826,269.2133792,-74.94298239,0.32073,,19.578199,18.6535
1508959087,269.2888693,-74.85915285,0.129577,,20.5805,19.6903
1508959077,269.2948532,-74.88639276,-0.601493,,20.3853,19.493999
1508963397,269.2233231,-74.56590508,0.123929,,19.690399,18.811001
1508963667,269.1709592,-74.54228288,0.19370501,,19.779301,19.056499
1508963672,269.1968234,-74.54748643,-0.083695099,,19.866699,19.144699
1508976457,269.1583046,-74.35607384,-0.97152698,,20.692801,19.7932
1508977523,269.2510186,-74.11471549,-0.076607697,,19.3724,18.583
1508980721,269.2612775,-74.07883805,-0.57731402,,20.5369,19.719299
1508881051,269.5226902,-75.73218857,0.205037,,19.337601,18.392599
1508883954,269.4868998,-75.59880814,-0.74834001,,20.4403,19.499201
1508883958,269.4407802,-75.57471637,0.192439,,20.0212,19.124399
1508957354,269.5847459,-75.22532863,-0.54300398,,20.121099,19.204399
1508962482,269.4535403,-74.74268194,-1.16658,,20.0991,19.299101
1508975991,269.6873842,-74.39825377,-0.418275,,19.573,18.7964
1508977058,269.7074772,-74.21760492,-0.14471599,,18.9403,18.2579
1508980739,269.3937253,-74.07833422,-0.181945,,19.7733,19.0984
1508980945,269.4140925,-74.00333415,0.0076738098,,19.110399,18.3319
1688345863,270.2445224,-75.37537595,0.064137898,,18.1875,17.663401
343456206,268.8927191,-74.48675827,2.05147,,12.8833,12.0585
343483499,268.8744352,-75.4809971,1.34929,,13.5227,12.6074
343580033,270.2602061,-74.80019248,1.3763,,13.7484,12.9419
343580164,270.2782697,-74.64714452,0.310146,,16.8661,15.947
343580028,270.1271736,-74.80775671,0.40241501,,16.928801,16.018
343579088,270.3128768,-75.91211793,0.53120202,,16.6563,15.6847
343580622,270.2772723,-74.19970341,1.02679,,14.5181,13.6281
343579739,269.9666023,-75.12052941,0.52649301,,16.586,15.6837
343455844,268.9034587,-74.15709063,0.81429899,,14.7833,13.9055
343456213,269.1187333,-74.49414563,1.136,,14.3153,13.4381
343456485,268.9613815,-74.80235133,0.70516801,,14.9245,14.1399
343483395,269.0962787,-75.36967746,0.560579,,16.296801,15.4146
343483404,268.8400649,-75.3779574,0.93805403,,14.9241,14.015
343483850,269.1521368,-75.95908888,1.31859,,14.6126,13.6924
343483871,269.1485369,-75.99174315,0.97359002,,14.2416,13.287
343483872,268.9360327,-75.99343484,0.72131199,,14.6812,13.7826
343579707,270.0652289,-75.16471427,0.57165098,,16.1563,15.2923
343580717,270.1703664,-74.09838995,0.47690299,,14.5818,13.9361
343579664,270.3193494,-75.21984441,0.48509699,,16.162399,15.2296
343580367,270.3520389,-74.4454837,0.61271602,,14.9588,14.1416
343579646,270.016155,-75.23755265,0.67744303,,15.5662,14.674
343483655,269.0573362,-75.68983389,0.28543299,,16.8937,16.035
343483715,268.8885669,-75.76648953,0.36402899,,17.0889,16.1476
343483853,269.0796872,-75.96178577,0.356796,,17.0455,16.055201
343483866,268.9826333,-75.98487694,0.34578201,,17.1516,16.1675
343483371,268.9865009,-75.34645747,0.483174,,16.2962,15.4076
343580191,270.0964282,-74.61982065,0.53408003,,16.1733,15.3128
343483873,269.0355948,-75.99482333,0.32544401,,17.302999,16.3255
343580037,270.269604,-74.79164211,0.22241101,,17.4196,16.5592
343579801,270.0592789,-75.04816765,0.29156199,,17.2176,16.3099
343579662,270.2780477,-75.22023561,0.163335,,17.6474,16.845301
343580192,270.2247753,-74.61702437,0.145081,,17.3342,16.4172
343580659,270.1209075,-74.15318163,0.126736,,17.658001,16.7892
343456725,268.9959453,-75.05853264,0.31374601,,17.287001,16.3862
343483397,269.0339245,-75.37192907,0.12678701,,17.5578,16.77
343579702,269.9998072,-75.16881846,0.058145799,,18.6849,17.757299
343579704,270.3253956,-75.16771962,0.22834501,,17.764099,16.872801
343579741,270.2200625,-75.11976217,0.272448,,17.7892,16.864
343579744,270.0970071,-75.11381525,0.43368801,,16.9792,16.077999
343455842,269.1115601,-74.15511751,0.42033201,,16.6112,15.7581
343579945,270.0386537,-74.88740937,0.24781001,,16.994499,16.1394
343579723,270.1406953,-75.1525698,0.262292,,17.931499,17.0051
343580664,270.312893,-74.15024827,0.40187401,,18.088301,17.182501
1508962234,269.2616749,-74.84427475,0.150986,,18.870701,17.966101
1508976393,269.2281448,-74.33072645,-0.091788702,,18.1751,17.35
1508980961,269.280305,-74.01055554,0.218794,,18.0604,17.256599
343456208,268.956061,-74.49148794,0.51517802,,18.0196,17.133101
343580362,270.2144054,-74.44918594,0.20146599,,17.253799,16.559799
1508962236,269.3056086,-74.84306734,0.384269,,19.3568,18.464199
1508962308,269.2873692,-74.78644945,0.145464,,19.729601,18.873301
1508980768,269.2895341,-74.05825764,0.15502,,19.7325,18.975401
1508980773,269.3093798,-74.04954018,0.086360201,,19.912001,19.0259
1508881419,269.1101787,-75.74564805,0.090930402,,19.3158,18.3435
1508881588,269.2085411,-75.67081623,0.43891501,,19.549601,18.5903
1508884322,269.1734342,-75.56336944,0.162653,,19.3575,18.4053
1508957957,269.2505372,-75.08512959,0.45099601,,18.581499,17.7132
1508958808,269.2989423,-74.96347323,-0.019670499,,19.5084,18.731899
1508959021,269.2939535,-74.91038686,0.043616101,,19.1106,18.5394
1508959022,269.2793933,-74.90184637,-0.69969201,,20.4307,19.5555
1508959025,269.2633306,-74.90285816,0.119813,,19.492399,18.7052
1508958010,269.2765854,-75.06978926,0.40735301,,19.350201,18.5224
1508958012,269.2785879,-75.06629053,0.335179,,19.075199,18.2759
1508962512,269.2868983,-74.71963697,0.24255399,,18.7181,17.8915
1508963662,269.2406756,-74.49164842,-0.98028898,,20.720699,19.8246
1508880134,269.481506,-75.91012239,0.11763,,19.3881,18.399401
1508880136,269.9767621,-75.96934025,0.30761099,,19.415701,18.465799
1508884602,269.3857906,-75.45871049,0.32576501,,18.7176,17.769501
1508957642,269.4213914,-75.24264668,-0.33057401,,20.289101,19.429199
1508957715,269.405078,-75.15309237,0.398307,,19.1625,18.2754
1508957717,269.3845493,-75.15360024,-0.152199,,20.332001,19.520201
1508957719,269.3480091,-75.16010739,-0.229508,,19.7745,18.857201
1508958686,269.4558244,-74.89234894,0.12464,,19.3048,18.4042
1508959069,269.3312447,-74.87712709,-0.064650998,,19.450001,18.556601
1508959073,269.2746368,-74.88576565,0.48381701,,18.474501,17.5576
1508959075,269.2633102,-74.87644855,0.54176402,,19.9799,19.085501
1508962193,269.5771968,-74.73150734,-0.277971,,20.244499,19.4244
1508977467,269.4391315,-74.15990394,-0.43123201,,19.797199,18.9611
1508880899,269.9786636,-75.81051362,0.662435,,19.354601,18.403
1508881067,269.9391144,-75.77623834,0.342682,,18.670099,17.785101
1508957472,269.9904977,-75.17986434,0.171747,,18.571301,17.892099
1508957473,269.9481805,-75.17369743,0.45312601,,18.925501,18.014601
1508980107,269.9746667,-74.20984007,0.139916,,19.4848,18.724899
1508980108,269.9622234,-74.20981008,-0.324303,,19.9011,19.062201
1508980113,269.9188989,-74.21793721,0.557275,,19.093599,18.224501
1508981240,269.8595882,-74.0161563,0.519921,,19.459999,18.603001
343579999,270.1442637,-74.83561049,1.06313,,14.6725,13.8563
343456163,268.8138344,-74.45215415,0.75871098,,14.7976,13.9278
343456167,268.9381858,-74.45500006,0.65933198,,15.15,14.3064
343456298,269.1263115,-74.59806064,0.60022098,,16.513,15.6024
343580451,269.9735574,-74.35754004,0.62414002,,15.1951,14.3184
343456914,268.9661009,-75.28582764,0.619075,,17.3561,16.415899
343486836,269.2453075,-75.72781157,-0.0249817,,17.8869,17.046301
343487210,269.2245864,-75.28597067,0.30152699,,17.027399,16.134501
343574509,269.6275008,-74.18157723,0.043492701,,17.9645,17.1278
343405520,268.125078,-74.85931845,0.44834101,,16.906,16.0529
343486898,269.5183909,-75.66291388,0.475371,,17.1409,16.184099
343487260,269.4014035,-75.23255988,0.28529,,17.1458,16.233
343575809,269.6048222,-75.5998151,0.36294001,,17.1826,16.2327
343575385,269.6602401,-75.10305583,0.099041499,,17.3426,16.552799
343575544,269.707531,-75.2954139,0.34250501,,16.922701,16.077499
343575236,269.916425,-74.93796936,0.182726,,17.0597,16.2293
343404944,268.3670293,-74.12889256,0.156544,,17.357,16.4725
343405491,268.2292537,-74.81587859,0.310096,,17.4604,16.5627
343456022,269.1321876,-74.32587447,0.0064151799,,17.8276,16.9883
343456786,269.1274315,-75.12192402,-0.0508116,,17.560499,16.6465
343456031,268.8500047,-74.33820695,0.3687,,17.438299,16.5397
343456272,268.9932624,-74.57142543,0.170994,,17.616501,16.7162
343486840,269.4856723,-75.72177351,0.0149118,,17.8179,17.0296
343487002,269.4722751,-75.53047317,0.335161,,18.194401,17.272699
343487266,269.2658194,-75.22590266,0.240702,,18.070601,17.1686
343488281,269.3334088,-74.15593167,0.174088,,18.2605,17.416201
343488361,269.5647248,-74.06898571,0.117621,,17.774401,16.979401
343574512,269.8887505,-74.18477012,0.10811,,18.0124,17.1057
343574513,269.6805162,-74.18493786,0.29056799,,17.4023,16.503799
343575243,269.7222965,-74.94032359,0.49125001,,17.3167,16.396601
343575760,269.7688302,-75.54829111,0.246104,,17.5539,16.586
343575733,269.9019277,-75.50899365,0.33340499,,17.9545,17.068501
343575942,269.6487593,-75.7469762,0.247457,,17.3993,16.5047
343574688,269.6478036,-74.35159448,0.382967,,17.145599,16.244301
343575356,269.912316,-75.06107026,0.13864,,18.1443,17.223801
343580116,270.0604737,-74.6984718,0.42927399,,17.198,16.286699
343487215,269.4306411,-75.2837609,0.240702,,17.663601,16.7729
343575386,269.7745729,-75.10382027,0.19991601,,17.988899,17.066799
343456273,268.8074423,-74.57410626,0.333013,,17.253901,16.3894
343483596,268.9568157,-75.61620519,0.20091601,,17.381701,16.577
343575999,269.7904488,-75.82998148,0.18449,,17.856001,16.8946
343488282,269.2790754,-74.15587243,0.203686,,18.494301,17.6173
343575361,269.6686632,-75.06546544,0.239577,,18.087299,17.1684
1508881392,269.1956453,-75.70460368,0.0551355,,18.150999,17.237801
1508957956,269.2752404,-75.08973567,-0.14544199,,19.092199,18.1639
1508958802,269.2141165,-74.96645321,0.14328501,,18.6171,17.7654
1508958011,269.3045174,-75.06843598,0.056961499,,18.403999,17.474701
1508962514,269.3076591,-74.71847805,-0.2383,,19.230499,18.402599
1508977182,269.2998166,-74.26937533,0.29830199,,17.8403,16.936399
1508977534,269.1733514,-74.17663351,0.101331,,18.684099,17.9179
1508980667,269.4776407,-74.11889273,-0.153365,,18.7265,17.880199
1508980733,269.4787625,-74.07264318,0.146075,,18.3836,17.5961
1508980180,269.9810316,-74.16754315,-0.18618999,,19.198,18.2861
343574390,269.6380812,-74.05765311,2.0950301,,13.5862,12.7295
343487641,269.2521754,-74.77383471,3.2409101,,10.3469,9.7267599
343580454,270.2720048,-74.35338109,6.0996099,,11.2634,10.4654
343575482,269.7526106,-75.21572699,1.75588,,13.6329,12.7915
343580000,270.1518578,-74.83374437,1.72943,,13.2349,12.4178
343487062,269.2667306,-75.46326336,0.78623402,,15.3291,14.3739
343575997,269.7471772,-75.82657772,0.39302099,,16.487101,15.5132
343451113,268.6958997,-74.15310251,0.37283701,,16.467199,15.6094
343483597,268.8259868,-75.61711997,0.58408701,,15.0204,14.0436
343575471,269.9392335,-75.20086134,0.59012598,,14.7644,14.0135
343456534,268.8916828,-74.85373995,0.66499102,,14.9148,14.124
343456788,269.0312705,-75.12264322,1.06406,,14.1396,13.2722
343455929,268.9858183,-74.23548594,1.40394,,13.9116,13.0377
343483875,269.0389954,-75.99790867,0.81832099,,14.2981,13.3328
343487059,269.3367982,-75.464553,0.529607,,15.8607,14.9535
343487214,269.4398858,-75.28433883,0.44534701,,15.3013,14.3949
343487216,269.5539449,-75.28281101,0.93798798,,14.8875,14.0932
343487263,269.3167328,-75.22736057,1.17046,,14.4531,13.5604
343487922,269.1813161,-74.49196653,0.583242,,15.925,15.0512
343487924,269.2961261,-74.49014515,0.69022697,,14.2664,13.4266
343574514,269.6210542,-74.18628403,0.55144501,,15.5002,14.6312
343575035,269.6568066,-74.70345529,0.55824602,,15.6265,14.727
343575937,269.6570048,-75.74299116,0.70502001,,15.3374,14.4422
343575546,269.6714587,-75.29699168,0.61042303,,15.9033,14.986
343574970,269.6578751,-74.64396672,0.61874002,,15.5051,14.6048
343575234,269.8020727,-74.93557003,0.81324297,,14.1818,13.3512
343575235,269.7406057,-74.93588171,0.421929,,16.0567,15.1592
343575468,269.8226737,-75.19848111,0.70611602,,15.6724,14.7598
343579211,269.9985659,-75.72670696,0.62762499,,14.813,13.9667
343579219,270.1817892,-75.71566127,0.86206502,,14.6087,13.7614
343580452,270.1497634,-74.35761585,0.35385501,,16.028999,15.1597
343487531,269.2254459,-74.89808888,0.38328299,,13.3125,12.3947
343486981,269.3269612,-75.55952915,0.226959,,16.4193,15.779
343487761,269.485693,-74.66326984,0.321879,,17.1612,16.2852
343456689,269.0423152,-75.01582505,0.37958801,,16.810499,15.9415
343487847,269.3932205,-74.5745907,0.71145302,,14.859,14.0771
343456545,268.8742409,-74.86276985,0.37838,,15.5468,14.7996
343487479,269.1862718,-74.97867743,0.63169998,,15.7003,14.8928
343487493,269.3516366,-74.95558094,0.42216301,,16.524799,15.6062
343487715,269.4101206,-74.70092641,0.57490301,,15.0616,14.3612
343487760,269.4224388,-74.66521863,0.97440499,,14.6603,13.8931
343487938,269.2901044,-74.48270489,0.63635302,,15.3117,14.4126
343488305,269.2252864,-74.12184768,0.78412598,,15.1826,14.3453
343487756,269.2682467,-74.66759985,1.69195,,12.8439,11.9821
343487850,269.563462,-74.57252678,0.313905,,16.614901,15.7635
343487666,269.2785318,-74.74356024,0.41633299,,16.5758,15.6671
343487713,269.2662779,-74.703644,0.64338702,,16.4405,15.6097
343456548,268.8117156,-74.86502634,0.170918,,17.509701,16.6271
343456694,268.7980455,-75.02223998,0.237904,,17.186399,16.281401
343487757,269.4028346,-74.66654361,0.128025,,17.152599,16.278799
343488304,269.3007428,-74.12406284,0.02713,,17.710199,16.817699
343487566,269.4918974,-74.86812307,0.218862,,17.334,16.440201
343487942,269.2153772,-74.4793981,0.37085,,18.3419,17.4338
343488278,269.4297682,-74.15842555,0.0560815,,17.599199,16.809
343487564,269.1999217,-74.86987871,0.22827999,,17.793501,16.978399
343487762,269.2089128,-74.66304345,0.29995,,18.2262,17.333401
1508884401,269.2876501,-75.51329632,0.070693403,,18.0271,17.2113
1508884593,269.1708525,-75.44205407,-0.28459701,,19.003799,18.084
1508885397,269.2268591,-75.33980598,-0.436809,,19.238701,18.3962
1508885605,269.2040721,-75.27901463,-0.018387699,,19.3311,18.379299
1508963374,269.2477779,-74.59147789,0.042013399,,18.5124,17.604401
1508957572,269.4724543,-75.14864463,0.148058,,18.4538,17.630699
1508957978,269.363823,-75.09396185,0.22579999,,18.1696,17.2707
1508962223,269.4008254,-74.83351081,0.179776,,18.652399,17.743
1508980751,269.4804952,-74.05444367,0.23791599,,18.6241,17.8016
1508881654,269.277882,-75.62687153,0.41548401,,20.1644,19.198299
1508884402,269.2528691,-75.5064131,0.37299001,,20.1574,19.246799
1508884590,269.1998901,-75.45181358,0.217363,,19.583401,18.6924
1508884591,269.1878494,-75.45019021,0.27254,,19.680901,18.774401
1508885667,269.2343905,-75.22130422,0.219174,,19.643499,18.699499
1508958753,269.2413853,-75.00240751,0.15211,,19.084801,18.2124
1508977452,269.3456908,-74.17093695,0.23882499,,19.3339,18.5077
1508880357,269.4270742,-75.83095857,-0.82711101,,20.459999,19.570101
1508885336,269.386666,-75.39096707,0.27964899,,20.4778,19.559401
1508885338,269.4244997,-75.38713601,0.17316,,20.007601,19.0972
1508885341,269.2669471,-75.39523386,0.070721298,,20.348301,19.413799
1508957568,269.4879723,-75.16027949,0.121086,,19.884501,18.9764
1508957574,269.5743743,-75.13828674,0.49961001,,19.6654,18.7281
1508957986,269.310914,-75.06455891,0.39019701,,18.4629,17.556999
1508958389,269.6833795,-75.04936953,0.353881,,18.759199,18.0037
1508962227,269.3513475,-74.82914605,0.38760999,,19.1413,18.2542
1508962294,269.3495584,-74.78464664,0.25437301,,19.9942,19.1922
1508976132,269.4503547,-74.44348693,0.000146815,,19.1731,18.501699
1508977156,269.3920077,-74.27525757,0.31342599,,19.658199,18.9175
1508980750,269.4687603,-74.06393917,0.246452,,18.748899,18.013
1508980752,269.4808483,-74.05279633,-0.39960599,,19.958799,19.1709
1508880573,269.0442707,-75.84116518,0.123882,,18.730499,17.7742
1508962361,269.0920616,-74.77482697,0.27760899,,18.1682,17.275499
1508977298,269.0005992,-74.24246083,0.12609901,,18.180599,17.321301
1508880749,269.0197586,-75.79703305,-0.062634297,,19.8319,18.852699
1508880754,269.0115984,-75.78589808,-0.15793,,19.6035,18.673901
1508881769,269.0314189,-75.58210452,-1.19628,,20.962601,20.018299
1508881773,269.0576954,-75.56895339,0.165572,,19.164,18.220301
1508885701,269.0934737,-75.242787,0.38701501,,19.718599,18.9044
1508958146,269.0187597,-75.02352571,0.452198,,20.1635,19.289
1508976578,269.0344964,-74.25042735,-0.81808299,,20.187201,19.4398
1508977381,269.0617893,-74.18480717,-0.28824201,,20.536501,19.721001
1508977612,269.1884032,-74.12093895,0.0525348,,19.951799,19.1259
1508886123,268.7049361,-75.3896459,-0.13965601,,20.3757,19.512199
1508886941,268.7147442,-75.30112648,0.369674,,18.5728,17.718901
1508959316,268.6959688,-75.08936357,-0.047375999,,20.625299,19.709999
1508959659,268.7855353,-74.9673395,0.36169699,,18.7908,17.8925
1508964118,268.7691647,-74.65043885,0.198589,,19.8636,18.9629
1508957308,269.6214327,-75.25296777,0.31542301,,19.385401,18.511299
1508958345,269.6148816,-75.06226119,-0.20945799,,19.383101,18.604799
1508961823,269.6112655,-74.89494954,0.36244801,,19.309,18.409599
1508975741,269.6369491,-74.48255802,-1.30058,,20.143,19.2936
1508976825,269.6645341,-74.29250492,-0.86436301,,20.092899,19.324301
1508977071,269.6422554,-74.21268271,0.277576,,19.882,18.989799
1688345485,270.1343224,-75.42903149,-0.114373,,19.309299,18.480801
1688383480,270.1260742,-74.64489172,0.151867,,18.884199,18.135599
343449730,268.7244279,-75.80514622,0.234988,,17.033899,16.145201
343450226,268.6375555,-75.19199391,0.38159999,,16.8088,15.879
343450220,268.7532626,-75.19743915,0.58631599,,16.442101,15.5284
343449747,268.6354105,-75.77624577,0.24748001,,17.6565,16.6677
343450384,268.5788076,-74.99745064,0.197394,,16.9743,16.108
343449726,268.5541769,-75.80847213,0.34496701,,17.8843,16.9403
343450222,268.8359094,-75.19585673,0.0172536,,18.022499,17.174999
343580053,270.0139635,-74.77457992,0.37898001,,16.9508,16.082701
343580423,270.2295373,-74.38351582,0.189026,,18.071501,17.172701
343580625,270.2077536,-74.19691637,0.323241,,17.5135,16.627399
343450905,268.641705,-74.37826115,0.262631,,17.7666,16.9032
1508886122,268.6912612,-75.39074702,-0.152575,,19.4587,18.540199
1508959656,268.8952191,-74.97624987,0.055697002,,18.373899,17.593901
1508960917,268.712228,-74.75626153,0.259541,,18.5588,17.648001
1508957546,269.715595,-75.15886157,0.131037,,18.8818,17.966999
1508975740,269.6290183,-74.48969031,-0.028620999,,18.144501,17.3367
1508976014,269.6348457,-74.37137819,-0.034417,,18.980301,18.086901
1508976772,269.6387445,-74.31737989,-0.55820602,,19.3123,18.4191
1688345480,270.0667189,-75.44080621,-0.0100061,,19.108299,18.195299
1688402572,270.1377104,-74.50569912,0.049873199,,18.513901,17.6702
1688410296,270.1744971,-74.1314044,0.018967001,,18.805599,18.0184
343580427,270.0944125,-74.37756577,2.11603,,12.1938,11.4091
343580400,270.3013507,-74.40870099,1.18708,,12.7191,11.9495
343449738,268.4026596,-75.78910386,0.70375699,,15.0167,14.0507
343450391,268.555128,-74.98880271,0.75748903,,15.7357,14.8488
343450903,268.6105008,-74.37889904,0.62793499,,15.5402,14.8545
343449724,268.6076381,-75.80904167,0.54433101,,15.911,14.9247
343449729,268.7171043,-75.80703294,0.72790998,,15.3843,14.4574
343449952,268.6365783,-75.50891528,0.90846997,,13.2717,12.4751
343450344,268.5925225,-75.05745905,1.5059299,,12.7442,12.128
343450185,268.4005205,-75.23267165,0.63373703,,14.6642,13.8196
343450796,268.4937902,-74.49220873,0.206403,,15.9141,15.2156
343455767,268.9968583,-74.09526778,0.35308501,,16.262501,15.3949
343455930,268.8121878,-74.23629088,0.55711901,,15.8175,14.9201
343450792,268.4035678,-74.49791963,0.60139298,,15.3215,14.5484
343450868,268.7853881,-74.41300662,0.245681,,16.118999,15.2202
343455932,269.1302899,-74.23884253,0.983872,,14.7386,13.8756
343455934,269.1212469,-74.242147,0.74144202,,15.7715,14.895
343456421,268.8506836,-74.72452366,0.526811,,16.169201,15.2861
343450341,268.5622247,-75.06245103,0.0733753,,17.8641,16.953899
343450764,268.7433409,-74.5299504,0.21623901,,17.600201,16.698601
343455768,269.0811864,-74.09940248,0.48084801,,18.0131,17.1138
343455778,268.8646384,-74.10573197,0.274589,,17.304501,16.4459
343455970,268.912205,-74.27768532,0.209592,,17.873199,17.052099
343456366,268.9052399,-74.67795391,0.267851,,18.1639,17.279699
343450866,268.5210595,-74.41393512,0.34542099,,16.5077,15.6676
343450189,268.7617427,-75.23070024,0.101781,,18.0383,17.189899
1508962187,269.498441,-74.74405923,0.27344,,18.3169,17.424
1508963243,269.6313226,-74.54660507,-0.033701502,,18.6686,17.9137
1508980537,269.6190811,-74.04854874,0.14103299,,18.2899,17.5214
1508880267,269.6985453,-75.90362352,0.130311,,18.974701,18.0749
1508962188,269.5176926,-74.7506296,-0.72592902,,20.612801,19.7176
1508975749,269.6900097,-74.46194507,0.500368,,18.6248,17.7579
1508980269,269.6023058,-74.15914353,0.30129299,,19.963699,19.1716
1508980372,269.6097378,-74.08172929,0.32113299,,19.4659,18.732901
1508980374,269.504664,-74.07568061,-0.00095895602,,18.994801,18.208599
1508980541,269.6622905,-74.04520249,0.034861501,,19.0944,18.3505
343456852,269.1668791,-75.21597363,1.81136,,13.4058,12.5087
343456652,268.8170567,-74.97757612,0.98456401,,13.354,12.6875
343487976,269.5306343,-74.45634102,1.20561,,12.8157,12.0283
343456702,269.0271834,-75.03113476,0.40748501,,17.0331,16.1131
343456041,268.9638854,-74.34673577,0.275287,,15.8088,15.315
343456909,268.9634608,-75.28344911,0.347848,,17.157301,16.228201
343487697,269.5600696,-74.71734283,0.468045,,16.9657,16.090799
343574977,269.8969152,-74.65230627,0.57164901,,15.2933,14.4179
343456657,269.06783,-74.98130389,0.84437299,,13.8113,13.0678
343483840,268.835889,-75.94711432,0.63161498,,14.8623,14.0009
343483842,268.9304544,-75.94893173,0.40450901,,16.141001,15.2471
343483845,269.1583969,-75.95010183,0.42748901,,16.378799,15.44
343487176,269.5417671,-75.31274812,0.34061199,,15.639,14.8403
343487693,269.3493598,-74.72092408,1.47829,,13.992,13.1765
343487973,269.1971837,-74.4584978,0.45892999,,16.3174,15.4048
343487652,269.2089567,-74.76267746,0.27586499,,16.319,15.5488
343487653,269.317159,-74.76246863,0.50248498,,14.4057,13.7344
343487903,269.1836039,-74.51000036,0.42830899,,16.039801,15.2158
343487904,269.3076749,-74.51000488,0.51389301,,16.3165,15.4536
343488134,269.268618,-74.29090487,0.467502,,15.8899,15.0102
343488136,269.4549708,-74.28844371,0.43171099,,15.9915,15.2184
343575872,269.6332864,-75.67408332,0.27538401,,16.6269,15.7056
343575310,269.6895418,-75.00696233,0.76340598,,14.8931,14.0789
343456044,268.9310102,-74.34827432,0.29299,,16.637899,15.8607
343487169,269.488403,-75.32330612,0.164076,,16.624701,15.8968
343483844,268.8572958,-75.94984076,0.33911401,,16.694599,15.6996
343575311,269.701579,-75.00825588,0.61851299,,15.4999,14.5889
343575884,269.8712223,-75.6837712,1.08232,,15.2102,14.2847
343456698,269.0912751,-75.0265978,0.081317902,,17.0595,16.1619
343456074,269.1486332,-74.37597149,0.26774299,,17.2696,16.3927
343456695,268.8278877,-75.02343097,0.36397699,,16.8393,15.9277
343483362,269.1177046,-75.3362588,0.25132799,,17.201401,16.3111
343483535,269.0684256,-75.52636568,0.039445501,,17.9058,16.977501
343483537,268.8372086,-75.52692603,0.294723,,17.490999,16.5571
343456043,268.8874525,-74.34797229,0.292386,,17.189699,16.302999
343487175,269.3409981,-75.313991,0.29401901,,17.930599,16.982201
343488124,269.3352748,-74.30707211,0.041613702,,17.568899,16.735001
343486732,269.1854848,-75.84709429,0.295293,,17.194599,16.2164
343486734,269.281029,-75.84574768,0.42679399,,17.4827,16.539
343576030,269.7514261,-75.87504145,0.30257699,,17.417299,16.480499
343574950,269.5754248,-74.61874165,0.39045101,,17.067301,16.154699
343575315,269.7074318,-75.01464819,0.0777504,,17.6008,16.7974
343575741,269.6235582,-75.52031714,0.139825,,16.799999,15.9852
343575845,269.9635988,-75.63951164,0.0258145,,18.5355,17.613501
343575883,269.9567806,-75.68360993,0.41883701,,17.5166,16.6444
343456853,269.148138,-75.21684983,0.29941499,,18.030199,17.1115
343456659,269.1701698,-74.98552278,0.36292401,,17.568899,16.721001
343487473,269.5805628,-74.98140187,0.12728199,,18.097401,17.2773
343487659,269.562693,-74.75067159,0.216516,,17.8874,16.989599
343487905,269.5110788,-74.50947461,0.453733,,17.254499,16.537901
343487907,269.447494,-74.50525513,-0.22277901,,18.1984,17.321899
343575846,269.9535791,-75.64012843,0.120011,,18.085501,17.2421
343456258,268.8590631,-74.55769254,0.224059,,17.7176,16.8745
343483361,269.2488595,-75.33556387,0.342648,,17.6665,16.7474
343487120,269.5663564,-75.39144191,0.17397401,,18.0308,17.0984
343455905,269.1052229,-74.21148194,0.228127,,17.5739,16.7134
1508884351,269.3354479,-75.54452698,-0.16209701,,19.202,18.299101
1508962275,269.4097972,-74.81866622,-0.344915,,18.6896,17.8209
1508962279,269.3962509,-74.80714735,-0.167042,,18.961399,18.2034
1508883869,269.8782524,-75.60833968,0.154293,,18.6343,17.6842
1508957501,269.8819463,-75.14819301,0.223405,,18.629999,17.809299
1508977509,269.2723289,-74.13046882,-0.117099,,19.5996,18.7052
1508977510,269.2468265,-74.12764261,0.0556558,,20.239,19.391001
1508961776,269.8028383,-74.89113377,0.198275,,19.896601,19.0518
292615989,270.6086033,-74.55206737,1.01798,,15.1989,14.2715
343456671,269.0448784,-74.99559096,0.18499701,,14.2343,13.5205
343450725,268.5296423,-74.57251619,0.32383701,,16.619699,15.7156
343406188,268.2746892,-75.7268736,1.06319,,14.5757,13.661
343449971,268.4343937,-75.48478472,1.15396,,13.9673,13.1302
343449973,268.6275643,-75.48404203,0.37127,,15.8757,14.9686
343450034,268.7143969,-75.40460088,0.53038901,,15.5545,14.6254
343450566,268.5186972,-74.76965472,0.86497003,,15.8721,14.9758
343451058,268.4922629,-74.21292107,0.84345001,,14.136,13.3319
343451060,268.4088112,-74.20827808,0.33398399,,16.402,15.5329
343455699,268.899413,-74.00384948,1.0841,,14.8768,14.0666
343450673,268.7565744,-74.62961745,0.755481,,14.7028,13.8884
343486997,269.3856051,-75.53790594,0.53148103,,15.0602,14.2191
343488313,269.4970571,-74.11290666,0.50915903,,14.4401,13.7178
343488074,269.3128474,-74.3502685,1.04944,,13.8168,13.1064
343574356,269.8453064,-74.02055012,0.56255603,,16.462299,15.5684
343574875,269.6909463,-74.54482856,0.67267001,,16.457899,15.5735
343575701,269.6130587,-75.47041444,0.70618099,,15.9338,15.029
343575702,269.586333,-75.47177864,0.55895698,,15.8138,14.8879
343574380,269.8673325,-74.04941542,0.79664701,,13.9344,13.2259
343575583,269.8631013,-75.334502,0.75712901,,14.9282,14.0805
343580747,269.964713,-74.07512874,0.57228202,,16.065901,15.1845
343405170,268.2837051,-74.41391726,0.56526101,,13.7899,13.2308
343405688,268.2590024,-75.08266382,0.23731899,,16.442301,15.8252
343483779,269.0878653,-75.86735019,0.333754,,16.8295,15.8968
343405002,268.2213172,-74.19760495,0.62143803,,15.7894,14.8994
343450563,268.4838095,-74.77091421,0.625875,,14.6979,13.8857
343487203,269.2166927,-75.28917653,0.555897,,16.0193,15.1688
343487819,269.1849091,-74.59930382,0.29022199,,16.8025,16.1665
343487432,269.2236445,-75.03214887,0.58438098,,16.65,15.7633
343579633,270.2070924,-75.25116496,0.20430499,,17.2064,16.3557
343405754,268.1999733,-75.1730663,0.62839001,,15.8716,15.0362
343405756,268.3374756,-75.17793254,0.72330099,,14.7741,13.9091
343456478,269.0704857,-74.79237852,0.76097602,,15.3165,14.4705
343456781,269.0502374,-75.11698169,0.47139099,,16.1154,15.1855
343487508,269.1882167,-74.9364439,0.81533802,,15.3636,14.4972
343405683,268.2042209,-75.07933282,0.384361,,16.9921,16.0909
343580741,270.2140176,-74.08104537,0.22297999,,17.196199,16.378401
343580740,269.9941601,-74.08152871,5.6170702,,11.1704,10.334
343451081,268.5248827,-74.19111763,1.4842499,,12.8434,12.2097
343575281,269.9573035,-74.9827181,0.42854601,,16.2784,15.438
343488133,269.5049404,-74.29136338,0.14940099,,16.8857,16.1584
343483560,268.9782533,-75.55807559,2.3933699,,10.5017,10.0128
343449657,268.6272784,-75.90359811,2.3938301,,12.8183,11.9299
343487861,269.3491196,-74.56404096,1.12025,,12.8657,12.0754
343575407,269.7938462,-75.12535491,1.5111099,,13.6405,12.7989
343575412,269.8803939,-75.13592856,1.12064,,12.1606,11.5045
343575282,269.7431919,-74.98334106,1.59516,,12.8585,12.1569
343483563,268.958899,-75.56055236,0.320371,,17.2118,16.2791
343486723,269.3581755,-75.86098634,0.55368,,16.6031,15.6733
343405165,268.0685486,-74.4095151,0.392351,,16.336599,15.6462
343405684,268.2631435,-75.08029017,0.33007899,,17.3598,16.5275
343450667,268.680562,-74.63872585,0.54464102,,16.732401,15.832
343487447,269.5034025,-75.01514295,0.248035,,17.1297,16.238001
343449706,268.7469811,-75.84095114,0.85110098,,15.875,14.9452
343486731,269.4476805,-75.8472141,0.37651601,,16.6255,15.6636
343450773,268.5577594,-74.52154628,0.0500644,,16.9058,16.0179
343579376,270.2407924,-75.50713335,0.39085099,,16.6933,15.7594
343483699,269.1239158,-75.74402603,0.38231599,,18.270599,17.311501
343488126,269.181713,-74.303739,0.36707899,,17.0487,16.236099
343405166,268.338386,-74.40956155,0.203403,,17.646799,16.758699
343405003,268.0050791,-74.19760563,0.38836601,,17.211901,16.364901
343449967,268.3985693,-75.48792019,0.43701199,,17.4991,16.6768
343450098,268.4626288,-75.33161446,0.321071,,18.062,17.135401
343450724,268.7271188,-74.57465475,0.272017,,17.514099,16.618299
343449707,268.6808343,-75.83816341,0.155706,,17.630301,16.6492
343574872,269.8185203,-74.53975945,0.32573101,,17.370701,16.4732
343575582,269.9217652,-75.33255638,0.25835201,,17.303499,16.396
343579639,270.2701656,-75.24603368,0.41009799,,17.8613,16.9249
343575521,269.6111294,-75.26269673,0.59452701,,16.641199,15.8172
343404940,268.3204359,-74.12570488,0.338063,,17.6089,16.8365
343580488,270.175784,-74.31864444,0.32265401,,17.3533,16.493
343405755,268.3123366,-75.17670807,0.11226,,17.720501,16.927299
343405682,268.0213622,-75.0762358,-0.0113501,,17.503401,16.658001
343488005,269.5084325,-74.42646257,0.0460894,,17.942301,17.038799
343488127,269.2208587,-74.30020243,0.458094,,17.398001,16.5334
343450470,268.6209769,-74.8845909,0.37155399,,17.346701,16.561501
343455698,269.1691378,-74.00358531,0.143968,,17.850901,16.965401
343487859,269.2988424,-74.56662147,0.107869,,17.785601,16.958099
343486729,269.5165118,-75.85526229,0.0891091,,18.0767,17.1084
343575209,269.5983012,-74.90176891,0.285882,,17.947599,17.121099
343575613,269.738223,-75.36073834,0.22167499,,17.534599,16.592699
343487201,269.3107985,-75.29202899,-0.017447401,,18.251801,17.311899
343574385,269.9060476,-74.05399734,0.32902801,,17.0958,16.465799
343405333,268.2207381,-74.61101988,0.159308,,17.828501,16.967199
343406219,268.0508697,-75.77989701,0.33389601,,17.223801,16.2423
343579377,270.1290481,-75.50677366,0.21856,,16.8437,16.142401
343486722,269.5079521,-75.86118884,0.35596299,,18.081499,17.1682
343456473,269.0056969,-74.78533275,0.29771301,,18.3081,17.414801
343487618,269.3113773,-74.80355453,0.121653,,17.673201,16.8291
1508960412,267.9686512,-74.82756632,-0.33934399,,19.405199,18.5702
1508964813,268.0347684,-74.5020077,0.296978,,18.2642,17.381901
1508885406,269.1878554,-75.33293633,0.16973899,,18.7878,17.8323
1508962609,269.1532418,-74.70970943,0.23663799,,18.3633,17.6117
1508880628,269.2169816,-75.85266469,-0.098221801,,19.179199,18.210501
1508881520,268.9404063,-75.65085967,0.27851099,,18.6283,17.6779
1508885602,269.1599086,-75.28913618,0.046985,,18.596001,17.645901
1508958004,269.2881954,-75.08212396,0.212708,,18.9104,17.999201
1508880389,269.3324364,-75.95041539,-0.246711,,18.9806,18.038099
1508880395,269.3510857,-75.93240979,0.029281201,,18.918699,17.9398
1508959002,269.3530255,-74.91732933,-0.068527497,,18.591801,17.8843
1508977410,269.422974,-74.22013334,0.0935499,,18.605,17.750099
1508977589,269.0367963,-74.13192119,0.0240456,,18.631901,17.8326
1508980846,269.0203343,-74.04283285,0.084512398,,18.565399,17.6728
1508880471,269.2697806,-75.88547855,0.20021699,,18.761499,17.7801
1508962264,269.2144803,-74.81374254,-0.162259,,19.004601,18.120399
1508976447,269.330309,-74.31306325,-0.076866798,,18.4883,17.619101
1508880476,269.1439753,-75.872337,0.200968,,18.702,17.7616
1508885665,269.2865898,-75.23981212,0.056723699,,18.730801,17.8479
1508885752,269.1429065,-75.22388066,0.0492751,,19.020901,18.123301
1508885760,269.0866248,-75.22857351,0.0819811,,18.476601,17.6483
1508884819,269.9013637,-75.49848073,-0.158323,,19.0205,18.1227
1508957430,269.8720804,-75.19713933,0.018943001,,19.26,18.3248
1508975813,269.9903974,-74.46502493,0.023712801,,18.670799,17.7686
1508871965,267.9815394,-75.81913375,0.38087001,,20.128599,19.2355
1508964814,268.0428181,-74.49592993,0.29956499,,19.1987,18.4042
1508964897,268.0274047,-74.4528435,0.39324501,,18.499701,17.751301
1508885489,268.8821114,-75.30671304,0.33787799,,18.4779,17.595699
1508885824,268.837828,-75.50339398,-0.131722,,19.709299,18.841999
1508976500,269.0058964,-74.32359742,0.44405001,,19.1915,18.290001
1508977409,269.431772,-74.2209668,0.53982198,,18.9119,18.0313
1508885758,269.0896056,-75.23179858,-1.54452,,20.703199,19.819099
1508957832,269.1327072,-75.13574986,0.123596,,19.534,18.6078
1508958074,269.0856178,-75.06751832,-0.102452,,19.715401,18.7992
1508962354,269.1849512,-74.78958247,-0.0520426,,20.5763,19.6565
1508963401,269.108065,-74.63321991,0.215528,,19.149599,18.2962
1508963489,269.1440718,-74.5529949,0.63303,,19.2591,18.4368
1508885914,268.6598798,-75.43399809,0.374286,,19.3862,18.5861
1508963872,268.669492,-74.69887195,0.167686,,19.1007,18.1999
1508977814,268.7887753,-74.30761492,0.018073,,19.7328,18.859699
1508977819,268.8003623,-74.30865517,-0.25793201,,19.7862,18.957701
1508977821,268.7008527,-74.30447621,-0.084397398,,19.3626,18.567499
1508979238,268.9199409,-74.11742139,-0.167156,,19.8368,18.9981
1508979386,268.6121151,-74.07638343,-0.052587699,,19.7234,18.8722
1508880792,269.1248864,-75.76989022,0.0212935,,20.103399,19.1712
1508880799,269.0489737,-75.74434396,0.073069997,,19.919201,18.957701
1508962615,269.1079178,-74.70112062,-0.245268,,19.838699,18.9629
1508963777,269.1162347,-74.45676083,0.130319,,19.301001,18.387501
1508980813,269.1434402,-74.07799454,0.059895702,,20.4037,19.5065
1508957670,269.2466619,-75.19481595,0.192707,,19.4807,18.595501
1508880390,269.3066695,-75.95165427,0.30842,,19.771299,18.903601
1508958747,269.2838901,-75.00443184,0.084028602,,19.327101,18.482201
1508980765,269.3823717,-74.03508139,-0.102901,,20.048401,19.1488
1508884031,269.9295671,-75.57261149,0.50916398,,20.082899,19.1618
1508884039,269.9102551,-75.57658191,-0.080372602,,19.2647,18.344999
1508957429,269.907686,-75.20499687,-1.52451,,20.692499,19.8766
1508962748,269.9423798,-74.75255551,0.044162702,,19.3412,18.6
1508962756,269.8793654,-74.73244951,-0.35715601,,20.122499,19.4053
1508975539,269.8802201,-74.55196707,0.035660401,,19.798401,19.0397
1508976892,269.9700402,-74.28182574,-0.235185,,20.071301,19.2472
343450716,268.492055,-74.58272879,0.26330799,,17.230301,16.348801
343449936,268.5635865,-75.53339071,0.263143,,16.2012,15.6624
343450714,268.4242467,-74.58509177,0.270051,,17.429899,16.5653
343450715,268.6863273,-74.58275894,0.073832802,,16.834499,15.925
343574415,269.6322783,-74.08559237,0.374295,,16.794399,15.8913
343450093,268.4660307,-75.33843263,1.69831,,13.8817,13.0046
343450376,268.6086468,-75.01356266,1.51206,,13.8494,13.0277
343487007,269.3344129,-75.52344756,0.43218401,,16.255699,15.3093
343487008,269.5659252,-75.52057993,0.35568601,,16.1502,15.1923
343487130,269.5052932,-75.37895592,0.82637501,,15.3448,14.4932
343574660,269.5838602,-74.32017077,0.433328,,16.032801,15.1867
343576108,269.6145512,-75.96454563,0.45029601,,16.799601,15.89
343574770,269.6865711,-74.43595038,0.572914,,14.7708,13.9276
343574856,269.9032818,-74.52598645,2.5592301,,10.2289,9.6370201
343404980,268.2747852,-74.17011845,0.932859,,12.9771,12.3442
343450635,268.4568069,-74.68510029,2.2932701,,12.7244,11.9827
343450377,268.7614659,-75.01180008,0.32430601,,16.957701,16.0585
343487150,269.2315853,-75.35078608,0.88399398,,15.8252,14.9088
343574410,269.5861703,-74.0797059,0.29806501,,16.611099,15.7301
343450378,268.7451941,-75.0078628,0.329891,,17.970301,17.0748
343487146,269.4388849,-75.35467681,0.355131,,17.2155,16.3293
343574657,269.6879646,-74.31816941,0.33552101,,17.495399,16.590401
343574416,269.6854405,-74.08581935,0.22328299,,17.412701,16.5448
343574766,269.5842398,-74.42801283,0.483455,,17.6416,16.753901
343405093,268.312505,-74.31430377,0.181858,,17.1737,16.322901
343451071,268.4753018,-74.20116582,0.144949,,17.4249,16.602501
343487135,269.2195137,-75.37394394,0.12771299,,17.864201,16.932301
343576110,269.8566906,-75.96561389,0.0533548,,18.1861,17.235901
343574858,269.8805635,-74.5267916,0.487717,,17.845301,16.9659
1508960130,267.9042236,-74.90553246,-0.16199601,,18.943899,18.0371
1508960366,267.9393832,-74.86507091,0.174288,,18.651501,17.7729
1508960372,267.8826616,-74.85715148,-0.184331,,19.093399,18.2551
1508978367,268.212784,-74.28153895,0.082732797,,17.869801,17.075701
1508885835,268.7247111,-75.48421429,0.117394,,18.062201,17.1581
1508959697,268.6923963,-74.95037712,0.113202,,18.893801,18.050501
1508963858,268.6554504,-74.72559621,-0.19546001,,19.1049,18.3113
1508884548,268.9147716,-75.45977297,-0.37211499,,19.3414,18.4757
1508957876,268.9425902,-75.09791839,-0.0570025,,18.9086,18.0833
1508883928,269.6226746,-75.62383418,-0.071261004,,18.640301,17.7572
1508980258,269.7352874,-74.14968651,0.0731894,,18.711399,17.8083
1508980264,269.6360619,-74.13079603,0.13749699,,18.6024,17.7887
1508980341,269.6223364,-74.08411394,0.27238601,,18.237101,17.385
1508884061,269.7772557,-75.57020756,0.108483,,18.226999,17.308599
1508884063,269.7571764,-75.56394057,0.166885,,18.6563,17.6975
1508975567,269.7709571,-74.54230398,0.215257,,18.278999,17.549999
1508980213,269.7894698,-74.14580266,0.21062499,,18.257099,17.3647
1508980333,269.6433539,-74.09369424,0.079224303,,18.77,17.878
1508883664,267.9038385,-75.45273766,-0.159072,,20.318001,19.441
1508883671,267.9998829,-75.45270946,0.37956399,,20.054001,19.190001
1508886784,267.9490399,-75.27280016,0.088117503,,20.1733,19.302799
1508887551,267.9657811,-75.17708148,-0.88458699,,19.531601,18.618401
1508960135,267.8676296,-74.91072742,0.34937099,,20.1861,19.341299
1508964611,267.9168582,-74.54220342,0.41951901,,19.817801,19.0355
1508964613,267.8818771,-74.51405161,0.30563799,,19.0222,18.2806
1508978845,267.9243578,-74.10561254,0.59829599,,19.4687,18.665001
1508883339,268.1953254,-75.54380348,-0.271274,,19.7808,18.814699
1508887480,268.250384,-75.18402833,-0.166089,,20.380199,19.5348
1508960147,268.3417615,-74.96109455,-0.44192901,,20.1429,19.2959
1508960186,268.2320799,-74.91578344,0.35722101,,18.577,17.6877
1508961392,268.322863,-74.74237729,-0.138475,,19.415701,18.5753
1508964486,268.2324044,-74.58092629,0.49391401,,18.9601,18.115999
1508964637,268.3509056,-74.56357014,0.66806501,,18.301901,17.4832
1508965546,268.377009,-74.48048242,0.52718502,,19.014999,18.225901
1508965547,268.3822873,-74.46267138,-0.0189355,,20.075701,19.1982
1508965875,268.2118694,-74.33824178,0.472238,,19.630899,18.8057
1508978368,268.2229062,-74.27311417,0.016445,,19.4401,18.554899
1508978454,268.1864037,-74.20755762,0.26980701,,19.442699,18.5921
1508978457,268.2372727,-74.20432801,0.153917,,20.078899,19.2314
1508885836,268.8079638,-75.49037574,-0.0034503599,,19.5746,18.634701
1508885838,268.7986799,-75.46820468,0.182625,,19.415501,18.502899
1508887202,268.6461424,-75.18968196,0.34500301,,20.009001,19.121401
1508960477,268.8678985,-74.93682909,0.070190102,,19.806601,18.927601
1508960485,268.8670297,-74.92747081,-0.26100299,,20.620501,19.7145
1508963862,268.7343402,-74.72539399,-0.66291398,,20.137199,19.424101
1508965039,268.7514854,-74.51391669,0.39389199,,18.8543,17.940399
1508965069,268.6838913,-74.47443328,0.424936,,18.895201,18.1283
1508880814,268.9853028,-75.7355732,-0.85822201,,19.921301,18.9848
1508957881,269.0235138,-75.10005062,0.222857,,19.073099,18.305901
1508959150,268.9365357,-74.86922738,-0.167702,,20.1653,19.385401
1508959152,268.9321499,-74.86741596,0.31938899,,20.3673,19.4729
1508977087,269.6676308,-74.19619487,0.112063,,19.0553,18.364901
1508977092,269.600051,-74.20371636,-0.36107999,,19.9778,19.183599
1508977093,269.5822136,-74.20350515,-0.69869202,,19.812599,19.011999
1508980334,269.6342058,-74.09181557,-0.225665,,18.9753,18.3356
1508880196,269.7768557,-75.90613833,0.0048449798,,19.767,18.808701
1508958244,269.9688563,-75.10268721,-0.085822701,,19.860701,18.932899
1508958392,269.662173,-75.0355453,0.39999601,,19.549999,18.754299
343450276,268.476073,-75.13422224,0.45013699,,15.3889,14.6204
343450557,268.7620189,-74.77511697,1.3095,,14.4583,13.5589
343486703,269.4691004,-75.88803432,1.3990901,,14.268,13.3029
343450801,268.4654376,-74.48561807,0.52917701,,15.187,14.4621
343450532,268.5572734,-74.79760545,0.84344101,,14.6607,13.7999
343455910,269.151086,-74.21459197,0.39050901,,16.422501,15.5698
343455911,269.1284682,-74.21475581,0.38043401,,15.2718,14.7556
343456345,268.8349756,-74.64981798,0.87397099,,15.1886,14.3567
343487223,269.3232595,-75.2770136,0.40207699,,16.5683,15.6407
343487800,269.4044688,-74.61503056,0.542463,,15.7232,14.923
343574448,269.9118952,-74.12486223,0.35998601,,15.6533,14.8632
343574449,269.8687808,-74.12547927,0.382054,,16.5839,15.7118
343574456,269.7005385,-74.13110784,0.67720097,,15.3619,14.4635
343575079,269.9047074,-74.74509006,1.27382,,14.3185,13.5064
343574748,269.7748725,-74.4081942,0.54758698,,15.6138,14.8783
343575924,269.6573306,-75.73213229,0.584315,,16.1408,15.2225
343574947,269.8838655,-74.61669306,0.63907403,,15.4548,14.5625
343575267,269.9483812,-74.96264448,0.98225498,,14.3696,13.5047
343575325,269.893965,-75.0262854,0.53079897,,15.7212,14.8025
343450926,268.7017682,-74.35483511,0.23307601,,16.6984,16.028601
343483524,269.1304263,-75.51020863,0.18624701,,17.777901,16.8638
343487798,269.5566487,-74.61513315,0.210437,,15.8114,15.3655
343575790,269.6367143,-75.58045955,0.53028297,,16.924299,15.9607
343576111,269.7224438,-75.96979969,0.167638,,17.308901,16.4212
343575968,269.8099065,-75.782921,1.0392801,,12.9498,12.2127
343455703,269.0427403,-74.01399198,0.177844,,17.300301,16.5665
343449962,268.579339,-75.49498029,0.30493,,16.867399,15.9495
343487727,269.5384805,-74.69460095,0.38543901,,16.6873,15.8469
343575093,269.8407764,-74.76023567,0.186746,,16.3937,15.8124
343449667,268.6281582,-75.89434832,0.43749601,,16.4013,15.444
343450015,268.4328835,-75.42509436,0.72853202,,14.6871,13.8811
343574948,269.7898435,-74.61704692,0.413394,,16.2894,15.3947
343486660,269.4447515,-75.93665208,0.183846,,16.9944,16.0779
343574942,269.8073353,-74.6101401,0.34000099,,17.5347,16.7512
343487222,269.4428765,-75.27724251,0.27100599,,17.5406,16.647699
343455915,269.1689402,-74.22466991,0.40858299,,16.8458,15.9509
343455702,269.1712341,-74.01167381,0.20422,,17.2987,16.4116
343456400,268.9210058,-74.70627421,0.092653997,,17.493601,16.614401
343486890,269.3934775,-75.67436218,0.290113,,17.144501,16.182199
343575414,269.9037091,-75.13685467,0.37677199,,17.1007,16.213301
343576048,269.5762742,-75.89215359,0.27215299,,18.058599,17.1264
343450054,268.6397473,-75.38375577,0.279704,,17.8181,16.901899
343450056,268.5888114,-75.38199215,0.416273,,17.584999,16.6731
343451149,268.6106261,-74.10246046,0.15155099,,17.8382,16.9846
343450011,268.5348811,-75.4315958,0.49571699,,17.625,16.744101
343450534,268.737505,-74.79649296,0.209516,,17.9063,17.087999
343486888,269.4314269,-75.67546508,0.33272699,,17.3633,16.3962
343486972,269.2641566,-75.5696464,0.27572799,,17.387699,16.452299
343487218,269.5100513,-75.28185468,0.25832999,,18.0331,17.087799
343486704,269.5340829,-75.88559024,0.081026502,,17.622299,16.666401
343574401,269.8704007,-74.07054957,0.103479,,18.031401,17.3001
343575778,269.723251,-75.56847093,0.187921,,17.514601,16.850599
343574579,269.7811896,-74.24647541,0.224038,,17.0389,16.1663
343574747,269.9203087,-74.40802954,0.447348,,18.004801,17.1047
343575326,269.6352374,-75.02792878,0.234446,,18.190701,17.316999
343575328,269.9499752,-75.03000527,0.26443401,,17.7369,16.8255
343576114,269.921394,-75.97131667,0.245254,,18.080299,17.103901
343576118,269.6347704,-75.97614365,0.162889,,18.1551,17.186199
343486656,269.4423738,-75.93987646,0.14645199,,17.716101,16.748199
343575928,269.8602552,-75.73496147,0.29964101,,17.737801,16.8132
343488215,269.2277019,-74.21431086,0.30312601,,17.636299,16.760799
343574783,269.7934373,-74.44824261,0.254186,,17.205799,16.3001
343450562,268.630892,-74.77168835,0.29054001,,17.930599,17.1614
343574397,269.5339564,-74.06459471,0.222606,,18.2782,17.415501
1508964365,268.3454406,-74.66564409,-0.26040801,,18.9076,18.031
1508965607,268.3580293,-74.4522495,0.233803,,18.2195,17.456699
1508959365,268.7101751,-75.07692827,-0.114276,,19.307199,18.442801
1508965369,268.7815829,-74.40751764,0.308543,,18.5047,17.623501
1508978053,268.7654171,-74.25492645,0.230547,,18.5597,17.729601
1508880499,269.0240875,-75.90719875,0.32871801,,18.2925,17.3883
1508880725,269.072365,-75.82024163,0.232535,,18.194201,17.216499
1508880726,269.0498968,-75.83081117,0.086272702,,18.881001,18.0137
1508884452,268.9394234,-75.52233963,0.15429699,,18.5996,17.7118
1508958085,268.9938516,-75.05801935,0.18826,,18.0762,17.177999
1508958086,268.9527396,-75.07189847,0.219239,,18.840599,17.9352
1508958945,269.0331881,-74.93418298,-0.130578,,18.753599,17.994699
1508962658,268.9441921,-74.66398235,0.091423497,,18.65,17.787701
1508980895,269.053153,-74.00952504,0.0137077,,18.6451,17.776699
1508880559,268.99203,-75.86234488,0.25077799,,18.5179,17.5403
1508880802,268.949028,-75.75733794,0.114782,,18.438,17.4709
1508884762,269.0355947,-75.38809577,0.099616699,,18.8901,17.968201
1508957816,268.9763009,-75.1380773,-0.284922,,19.2799,18.4778
1508958163,268.9831091,-74.99247734,-0.28756201,,18.733299,17.9776
1508959230,268.9819059,-74.83352875,0.16585299,,18.213499,17.3501
1508959231,268.995529,-74.82778104,0.15199,,18.554001,17.6724
1508881383,269.2193588,-75.70684013,0.270244,,18.6106,17.657499
1508880381,269.380914,-75.97067665,-0.16202,,19.077499,18.1366
1508885326,269.4110713,-75.40724099,0.24790999,,18.8438,17.897699
1508885369,269.3375823,-75.35950136,-0.25815099,,19.393499,18.491301
1508976327,269.3408392,-74.37590573,0.158334,,18.3827,17.488001
1508880367,269.5624599,-75.82653852,0.068833902,,18.9039,18.033199
1508884986,269.4949447,-75.4247216,0.27403101,,18.552799,17.6943
1508977124,269.4154725,-74.30843652,0.30039901,,17.8785,17.122499
1508977228,269.3662847,-74.23053194,0.105494,,18.975599,18.09
1508880304,269.4625934,-75.87624154,0.172217,,18.4189,17.4366
1508883942,269.469721,-75.61949729,0.0147883,,19.1868,18.265499
1508883949,269.4749759,-75.59686667,0.20142099,,18.391001,17.556101
1508961936,269.5145842,-74.81495947,0.26089099,,18.8081,17.9107
1508977033,269.4993941,-74.21693445,-0.046218202,,18.5917,17.684999
1508885168,269.9118973,-75.32840391,0.046186998,,18.6084,17.663099
1508980494,269.7909961,-74.03698109,-0.18677901,,19.1877,18.3664
343488220,269.3141608,-74.20914509,0.56235403,,18.020599,17.145599
1508881999,268.4005893,-75.78545065,0.25625601,,20.1308,19.195499
1508887433,268.2308417,-75.19416682,-0.335264,,20.022301,19.1427
1508978418,268.3500335,-74.24060958,0.33666101,,19.5084,18.628
1508871488,268.7336494,-75.88512134,-0.49490401,,20.181499,19.3666
1508959364,268.7016106,-75.0698404,0.136106,,19.113899,18.2939
1508959613,268.7620164,-74.99778704,-0.28617701,,19.864401,19.010599
1508963849,268.7290598,-74.73296395,-0.47453901,,20.7381,19.880199
1508963854,268.7156049,-74.74687254,0.193077,,19.701099,18.9597
1508881456,268.9848546,-75.72534442,-0.60176599,,19.6751,18.9729
1508884447,268.9634029,-75.54081546,0.45920199,,18.5091,17.570101
1508884451,268.9365219,-75.53269199,-1.01546,,20.323601,19.451401
1508957840,269.0508546,-75.12044567,0.38115001,,18.518801,17.663601
1508958082,268.9656747,-75.07555872,-0.43441501,,20.1189,19.301901
1508958953,268.9670307,-74.92948896,-1.77008,,20.6915,19.8801
1508963436,268.9736473,-74.60137679,-0.067798004,,19.263,18.4632
1508881783,268.9772523,-75.57326626,0.169493,,19.437099,18.5798
1508884431,269.0762819,-75.52685041,0.126849,,19.9188,19.1119
1508884769,268.9554892,-75.39648444,0.27679899,,19.057699,18.224001
1508885434,269.0372785,-75.35970569,0.44324201,,19.739401,18.8118
1508885439,269.0564163,-75.36215418,0.171582,,20.020901,19.2323
1508958868,269.0936916,-74.96245512,-0.083625101,,20.1548,19.423201
1508963511,268.9896368,-74.5672177,0.36439699,,18.7631,17.91
1508963512,268.9870557,-74.56594527,0.34224099,,19.321699,18.4489
1508881382,269.2089747,-75.70726434,0.302324,,19.8899,18.9387
1508957681,269.2089533,-75.18959573,-0.0050135902,,19.1458,18.383801
1508881288,269.4171649,-75.78235006,-0.37676999,,19.729099,18.817699
1508881289,269.3826506,-75.77927494,-0.175938,,20.2342,19.340799
1508884286,269.3966436,-75.61134797,-0.56815398,,19.8897,19.010201
1508885323,269.4118812,-75.42433899,0.074098803,,19.4275,18.4694
1508958697,269.3952601,-75.03590024,-0.735367,,20.2339,19.3764
1508963280,269.4270312,-74.67249849,0.337183,,19.5002,18.629499
1508963608,269.3856448,-74.54299402,-0.68322301,,19.924,19.1877
1508963614,269.394676,-74.53331043,0.103435,,19.7735,18.8983
1508977214,269.3767486,-74.24272817,-0.19195899,,19.321199,18.5224
1508880362,269.5271618,-75.83421854,-1.54941,,20.8381,19.9345
1508958781,269.4323382,-74.9720137,0.305024,,20.2983,19.3634
1508963600,269.4289808,-74.543805,0.47961199,,18.2582,17.421301
1508975710,269.4789715,-74.48234126,-0.331846,,19.990801,19.089199
1508976144,269.4370583,-74.41521956,-0.76083302,,19.546301,18.942301
1508976148,269.4004103,-74.41960742,0.118351,,19.510599,18.715401
1508881263,269.5320764,-75.66442898,0.15524299,,18.9895,18.1078
1508881265,269.4816695,-75.66283978,-0.117589,,19.507601,18.74
1508883941,269.4626313,-75.6222344,0.15332399,,19.6628,18.9482
1508957403,269.4636745,-75.17050011,0.419936,,18.9804,18.058201
1508957404,269.4736363,-75.16698613,0.22811399,,19.866301,18.9272
1508958650,269.6360327,-74.95145164,0.29460299,,19.9095,19.0317
1508961940,269.5137068,-74.81618619,-0.53796399,,20.768499,19.902399
1508962213,269.440973,-74.85829746,-0.105184,,19.6413,18.867201
1508962914,269.5179069,-74.68265774,-0.164325,,20.015301,19.1001
1508963273,269.4481721,-74.68454465,-0.51072598,,20.8291,19.922899
1508976793,269.4875721,-74.31651182,-1.1277699,,19.919399,19.248899
1508976794,269.4840297,-74.31658225,0.45187801,,19.5735,18.7719
1508976799,269.537214,-74.31441908,0.043955501,,19.042299,18.1745
1508976802,269.521012,-74.292753,0.40424001,,18.2757,17.4224
1508976803,269.4983588,-74.28820296,0.26014599,,18.8475,17.9625
1508977031,269.5058418,-74.22229466,0.11386,,19.0653,18.243299
1508980361,269.4889378,-74.0851486,-0.342812,,20.240101,19.344101
1508962001,269.7866571,-74.82185652,-0.146273,,20.5058,19.591101
1508975918,269.7807088,-74.40584023,0.337477,,19.050699,18.200899
1508975920,269.741259,-74.39807546,0.53417701,,19.683399,18.812099
1508975924,269.8452766,-74.40902597,-0.0049718702,,19.807199,19.023899
1508976649,269.8615734,-74.36037138,-0.36625701,,19.385599,18.521601
1508976655,269.8483375,-74.35151971,0.70322502,,18.905001,18.1003
1508976657,269.8293894,-74.34519967,0.38083801,,19.156,18.355301
1508976964,269.8459746,-74.24137354,0.409646,,18.368099,17.577299
1508976965,269.846894,-74.23327294,0.43200999,,18.876101,17.9811
343488212,269.5537104,-74.21717235,0.32846999,,17.177299,16.2962
343450144,268.5448521,-75.2803908,1.77995,,14.0972,13.2237
343449631,268.4869029,-75.93257154,0.61849701,,14.7485,13.7672
343450873,268.6318682,-74.40721751,0.8251,,15.2339,14.3414
343456026,268.8325381,-74.33145821,0.62655002,,15.8561,15.0164
343456862,269.1300383,-75.22699435,0.96990103,,14.871,13.9756
343450059,268.5781313,-75.37983362,0.31801599,,16.786501,15.8992
343451028,268.4635298,-74.24619831,0.094811,,18.0942,17.268101
343451030,268.4354891,-74.24489796,0.208147,,17.6901,16.8242
343456028,269.0459041,-74.33396661,0.110169,,17.6495,16.821501
343456328,268.8646823,-74.62698647,0.28438401,,17.9081,17.0889
343456822,269.0643864,-75.16856312,0.0729701,,18.1236,17.233299
343488211,269.5185907,-74.21722994,0.41066,,17.3482,16.493601
343450143,268.6895703,-75.28107846,0.184618,,18.2488,17.313999
343456029,268.9191526,-74.33694292,0.49448201,,18.263,17.3633
1508958881,268.9334329,-74.96496968,-0.143068,,19.5888,18.7089
1508959194,269.0927634,-74.85695515,0.375267,,19.246799,18.4158
1508962469,269.4251664,-74.76709975,-0.166667,,19.7663,18.895201
1508962470,269.4227623,-74.76379648,0.27761799,,19.252001,18.4566
1508963540,269.3788861,-74.58116476,-0.27959499,,19.2073,18.5292
1508977334,269.0105534,-74.20204113,-0.026990701,,20.112499,19.2211
343400024,267.7472384,-74.88587778,2.28528,,12.4589,11.5864
343400026,267.8267417,-74.8839167,1.15564,,12.8723,12.0683
343456921,269.0727584,-75.30002929,1.24093,,13.4529,12.5183
343574585,269.7354385,-74.25136575,1.02051,,13.2832,12.4304
343400025,267.7142508,-74.88531216,0.231584,,16.4147,15.6603
343405202,268.2379534,-74.4481032,0.18396799,,16.513901,15.9033
343456132,269.0947291,-74.42320436,0.27996501,,16.198299,15.5651
343575601,269.7771814,-75.34911833,0.43281201,,17.082899,16.181801
343574435,269.8482078,-74.11032683,0.218399,,16.554399,15.8773
343456276,268.9769554,-74.57697899,1.15931,,14.0255,13.1852
343456133,269.0211265,-74.42415871,1.0797,,14.3438,13.4994
343486771,269.5465398,-75.79870002,0.884202,,14.0187,13.2285
343575224,269.7990432,-74.92162091,0.59503198,,14.5468,13.652
343574360,269.9515079,-74.02455563,1.13894,,14.78,13.8763
343580044,269.9858714,-74.78554111,1.10625,,14.741,13.8424
343456136,268.8549475,-74.42495899,0.47340599,,16.340799,15.4435
343574365,269.6858502,-74.02934538,0.453641,,16.6717,15.8021
343399712,267.9622976,-75.21760997,0.95431602,,15.0803,14.1826
343456114,268.9812909,-74.41237987,0.403119,,15.7534,15.1297
343456115,268.9113892,-74.41277647,0.088147998,,15.2225,14.6333
343456141,269.0449816,-74.43173628,0.610403,,15.2216,14.3178
343574733,269.7649056,-74.39136564,0.71394199,,14.6525,13.9686
343575117,269.6304137,-74.79025823,0.58665401,,15.9157,15.0691
343575225,269.9523868,-74.9257682,0.56788403,,14.661,13.8813
343575571,269.607376,-75.32067815,0.71932,,15.1569,14.372
343575769,269.8006261,-75.55753623,0.67373198,,16.0054,15.0407
343344306,267.7934783,-75.47557168,0.58419102,,16.5257,15.5973
343405423,268.2526724,-74.73887842,0.242,,17.277901,16.436399
343450606,268.4324783,-74.71476315,0.17003,,17.0646,16.304899
343574624,269.6586931,-74.2842735,0.0480472,,17.618,16.7113
343574735,269.5681117,-74.39506764,0.30180401,,16.894899,16.0144
343456528,268.9281039,-74.84972113,0.61575103,,15.9981,15.102
343456112,268.9375118,-74.41017273,0.69645798,,15.3703,14.4687
343575305,269.9359217,-74.99820727,0.63814801,,15.5209,14.6505
343399547,267.9696193,-75.40841715,0.18617401,,17.8291,16.9953
343456128,268.8344249,-74.42176055,0.118289,,18.2197,17.314501
343450266,268.5143003,-75.14153624,0.42196199,,17.342501,16.4489
343450601,268.4274114,-74.71834011,0.110773,,17.284201,16.407301
343575917,269.7504042,-75.72520853,0.515926,,17.138399,16.179199
343344073,268.0402004,-75.75097125,0.319933,,18.3951,17.459499
343344095,267.6508427,-75.71962078,0.23900101,,18.0742,17.142401
343344098,267.7758479,-75.7182562,0.424925,,18.093,17.1134
343449616,268.4899578,-75.95155587,0.4483,,17.9319,16.999701
343450268,268.5336409,-75.13993294,0.222794,,17.3897,16.609699
343451230,268.4312151,-74.0224408,0.073397502,,17.993601,17.231899
343456407,269.087225,-74.71110878,0.31876799,,17.8239,16.912201
343456411,268.9580689,-74.71347681,0.188269,,17.984699,17.093599
343455713,268.8998032,-74.03205304,0.21629199,,17.1887,16.440201
343456795,268.8369308,-75.12895671,0.175978,,17.8892,16.9809
343456797,269.02025,-75.13319802,0.24532799,,17.641001,16.718399
343487951,269.1817346,-74.47256056,0.161507,,17.680401,16.791901
343574982,269.9190275,-74.65462366,0.063606702,,18.268299,17.349501
343574990,269.6006409,-74.66000731,0.32805201,,17.705299,16.808701
343575368,269.5285926,-75.07538519,0.20241,,18.136299,17.218399
343575373,269.8344098,-75.0821199,0.23996501,,17.9224,17.017599
343405199,268.0176865,-74.44330415,0.475557,,17.465401,16.6021
343575303,269.7942487,-74.99680027,0.41476899,,17.1917,16.2931
343449614,268.6909396,-75.95498354,0.16346601,,17.596001,16.780199
1508871537,268.4560686,-75.89693641,0.368139,,17.690001,16.7094
1508871538,268.4619968,-75.89136261,0.19419301,,18.5931,17.630899
1508887365,268.6064293,-75.11390369,0.364779,,17.996799,17.0963
1508960971,268.4304403,-74.78603824,-0.44329599,,19.351,18.5268
1508965113,268.5073299,-74.509363,0.192982,,18.4473,17.5748
1508959339,268.8697701,-75.08490665,0.015896801,,19.114901,18.190399
1508960615,268.6910868,-74.84957394,0.124063,,17.794399,16.913
1508960903,268.6988055,-74.77748572,-0.058082201,,18.67,17.8741
1508964018,268.5419442,-74.67298864,-0.23086201,,19.255699,18.4526
1508977832,268.6729435,-74.36403904,-0.27934,,18.8496,18.030199
1508978241,268.6435601,-74.21251514,-0.125625,,19.0954,18.3022
1508979455,268.5973551,-74.02508919,0.28529099,,18.6136,17.7241
1508963893,268.8690642,-74.705761,-0.0462377,,18.9454,18.178699
1508884671,269.1579192,-75.39691891,-0.021582,,19.275299,18.340799
1508885356,269.2278948,-75.36965323,0.176533,,18.669001,17.744301
1508957273,269.6778134,-75.2867482,-0.109018,,19.329901,18.398001
1508880237,269.8118916,-75.88754816,0.215775,,18.7939,17.876801
1508958498,269.7263411,-75.01685131,0.29257199,,18.1432,17.284
1508976709,269.8160879,-74.3180129,0.081236802,,18.626801,17.7391
343344308,267.7785117,-75.47092812,0.441614,,18.3151,17.4589
343455712,268.9837122,-74.0306856,0.44260299,,18.2679,17.4067
343574738,269.8871861,-74.39716957,0.521514,,17.9704,17.1499
343575452,269.6107656,-75.1742298,0.544218,,18.321301,17.4072
1508871287,268.4297549,-75.99362265,0.218624,,18.639299,17.7703
1508871535,268.4017602,-75.89035403,-0.027179601,,19.5424,18.624001
1508885977,268.4235739,-75.45165757,0.22507399,,19.214701,18.3267
1508887065,268.425369,-75.24272402,-0.231176,,20.154699,19.402399
1508887363,268.5476639,-75.10309814,0.410739,,18.8342,17.9161
1508887364,268.5507135,-75.10202842,0.51065999,,19.958401,19.050699
1508959513,268.4808438,-75.02794786,0.129555,,19.238501,18.362801
1508960674,268.3798731,-74.87851604,0.147349,,19.488199,18.6756
1508960969,268.3909682,-74.79065657,0.33645201,,19.5361,18.753201
1508960982,268.5048174,-74.78342277,-0.0047849398,,19.839399,19.1884
1508964233,268.4880613,-74.61427102,-0.154275,,19.587799,18.851101
1508964337,268.4599363,-74.54699642,0.31324601,,19.189699,18.551901
1508965117,268.4212777,-74.50736804,0.28774801,,18.7153,17.882299
1508977893,268.532734,-74.313185,-0.35598701,,19.6147,18.832199
1508979155,268.4843512,-74.11496098,-0.422948,,21.0075,20.1096
1508871223,268.5485627,-75.99496638,0.46959499,,19.6173,18.7437
1508871271,268.5710065,-75.94555692,-0.113787,,19.696899,18.7936
1508887011,268.6138173,-75.24073825,0.45628199,,19.0984,18.1705
1508960911,268.7201509,-74.7685866,-0.94998598,,19.9909,19.284
1508977937,268.6055728,-74.28211431,0.27603,,18.6028,17.8309
1508979199,268.5471321,-74.09937979,-0.29251701,,20.010799,19.177999
1508882153,268.833053,-75.72725986,0.227677,,19.2169,18.230499
1508883065,268.7929314,-75.56868175,-0.31449899,,19.282801,18.469299
1508960508,268.6833731,-74.93100378,0.416713,,18.613199,17.738701
1508960823,268.7626634,-74.82615206,-0.286488,,20.4671,19.577101
1508960828,268.7188911,-74.80396359,-0.122599,,20.071699,19.2363
1508870117,269.2556876,-75.97405311,-0.41414401,,20.099501,19.150299
1508880415,269.1841501,-75.93098769,0.098432697,,19.2143,18.299601
1508880421,269.1942871,-75.9199291,-0.35052601,,19.616501,18.8347
1508880422,269.124143,-75.90727528,-0.32372099,,20.259501,19.3349
1508880934,269.7287457,-75.76545035,0.200517,,19.2353,18.602699
1508880939,269.6642275,-75.83025543,-0.077302203,,19.2726,18.4832
1508884166,269.704008,-75.53304468,0.0028290499,,19.3493,18.4321
1508957298,269.7020511,-75.25653726,0.35648099,,19.135201,18.201
1508957301,269.7051225,-75.24951248,-0.34101999,,19.8384,18.939301
1508958240,269.7434513,-75.06857463,0.15735,,19.652599,18.8181
1508880232,269.8276149,-75.90468481,-0.100972,,19.339399,18.4338
1508880236,269.8050763,-75.89463846,-0.118237,,19.340599,18.5135
1508880239,269.7543267,-75.898608,-0.191311,,20.481199,19.591299
1508958232,269.8561996,-75.09420009,0.16189601,,19.9032,18.9786
1508963031,269.8472915,-74.65612789,0.425713,,18.908001,17.9921
1508980161,269.8436431,-74.16139227,-0.42368701,,19.777901,19.034201
1508980168,269.7603603,-74.16713716,-0.0120401,,20.063499,19.1616
343488098,269.2615397,-74.32708854,0.78693599,,13.8025,13.0326
343488231,269.2787843,-74.20034469,1.27136,,14.0176,13.2231
343579470,270.1235545,-75.41242089,0.86139899,,14.0173,13.1184
343580153,270.1294748,-74.6574682,1.18774,,13.8284,12.9692
343483381,269.1296912,-75.3578201,0.417752,,16.0212,15.1424
343483412,268.9257695,-75.38816359,0.87410402,,15.0263,14.187
343487723,269.1995434,-74.69824561,0.84556198,,15.3775,14.5364
343487725,269.3591134,-74.69700647,0.40255901,,16.034,15.3062
343575286,269.9080254,-74.98740963,0.44572899,,15.9456,15.06
343580529,270.1228662,-74.28123424,0.51640099,,15.9881,15.1002
343451162,268.4109757,-74.08912345,0.124191,,16.245899,15.8639
343579140,270.1739914,-75.83451297,0.44633499,,15.5549,14.6692
343486647,269.1724309,-75.95825781,0.23898,,18.267099,17.3363
343487962,269.3223096,-74.46753788,0.343153,,16.566401,15.7972
343580382,269.9611015,-74.42088152,0.44070801,,16.836901,15.9905
343579144,270.0476973,-75.83049623,2.15236,,11.7798,10.951
343579298,270.334673,-75.61747334,2.20102,,11.7219,10.908
343487964,269.3549685,-74.46631046,0.37023199,,15.4715,14.7069
343574489,269.852957,-74.16474123,0.67943698,,15.2629,14.3709
343487385,269.4247328,-75.10604213,0.404116,,16.8141,15.9919
343579127,270.1500055,-75.85658143,0.31648099,,17.0833,16.1141
343579584,270.0914962,-75.30355564,0.35785499,,16.918301,15.9991
343579606,270.3091757,-75.28105164,0.38828099,,16.783501,15.9042
343487720,269.3023755,-74.70004854,0.745875,,16.013201,15.1149
343579600,270.0786281,-75.2907257,0.61572403,,14.8715,14.0407
343483382,269.0693743,-75.35800995,0.0596787,,17.820999,16.9175
343483590,268.8824055,-75.60354939,0.41705701,,16.567301,15.6845
343487386,269.3004502,-75.10250851,0.226092,,17.1334,16.282
343488102,269.3775795,-74.32319743,0.50959498,,17.897301,16.997
343488364,269.2203401,-74.06696216,0.414226,,17.502199,16.614799
343575172,269.8677755,-74.86086653,0.40786901,,17.367399,16.4515
343575387,269.7188913,-75.10482829,0.19469599,,17.589899,16.7523
343575914,269.9532643,-75.71920707,-0.028041899,,18.0254,17.121599
343579126,270.0045498,-75.8572931,0.293504,,17.201,16.2178
343487733,269.2594173,-74.68991863,0.404542,,17.920799,17.0091
343488365,269.5540587,-74.06636851,0.164106,,17.882401,16.999701
343574376,269.7220336,-74.04543876,0.27708301,,17.935301,17.073
343574490,269.6013082,-74.16474813,-0.035418,,18.0417,17.142099
343575508,269.8346577,-75.24766465,0.11966,,18.259899,17.3395
343579130,270.1481661,-75.85463636,0.143502,,17.931299,17.1171
343579466,270.1568469,-75.41401458,0.088915303,,18.0674,17.165001
343579730,270.2658235,-75.13140716,0.38371599,,17.8375,16.921
343580152,270.111567,-74.65984172,0.26802099,,18.0804,17.148199
343580290,270.1165678,-74.53479044,0.28209299,,17.978399,17.0758
343579296,270.1007965,-75.61976124,0.50559402,,17.6136,16.6612
343579980,269.9938826,-74.85170131,0.070014402,,17.690201,16.832199
343483384,269.0556142,-75.35928064,0.40374899,,17.5816,16.688999
343579471,270.4088461,-75.41168914,0.30439699,,18.1894,17.3053
1508959676,268.6793209,-74.97171426,-0.078738697,,18.584499,17.6814
1508959733,268.5210922,-74.96607131,0.191615,,18.006901,17.216101
1508977867,268.5977437,-74.33260906,0.41475901,,18.197201,17.329901
1688336986,270.1814546,-75.99941808,0.24896,,18.5942,17.629101
1688337017,270.2307249,-75.95976957,0.092339002,,18.784901,17.8272
1688339042,270.2799638,-75.7073737,-0.072583102,,19.007299,18.1569
1688405021,270.2354183,-74.23175066,0.17996,,18.590599,17.7735
343486649,269.4102986,-75.95580418,0.33118901,,17.2952,16.8258
343574672,269.8054652,-74.33091898,0.48132101,,17.996401,17.125999
343579128,270.3076559,-75.85574299,0.42560199,,18.5072,17.548599
1508959684,268.7364218,-74.96551117,-0.131853,,19.9382,19.149401
1508883113,268.8085662,-75.54899729,-0.93274802,,20.473101,19.6618
1508959805,268.5783872,-74.92174411,-0.38038599,,20.4552,19.6049
1508965388,268.630142,-74.44245899,0.101692,,19.201401,18.5275
1508977864,268.647493,-74.32712396,0.0292775,,20.122999,19.279301
1508982445,268.7034063,-74.00116459,0.46199101,,19.867701,18.9821
1688337018,270.228302,-75.95172632,0.29770201,,19.1595,18.270399
1688338478,270.1289307,-75.86047792,0.108225,,19.694901,18.8396
1688338957,270.1475376,-75.74517378,0.154405,,19.8857,18.9904
1688339038,270.1661116,-75.72488354,0.1647,,19.272301,18.427401
1688339043,270.2227433,-75.70867532,0.185344,,18.6154,17.8148
1688405022,270.2288483,-74.23105078,0.145322,,19.4006,18.5583
1688410302,270.2563468,-74.11024096,-0.743303,,20.454901,19.697901
1688410786,270.1805926,-74.05614328,-0.955428,,20.423201,19.5459
343456266,269.0384837,-74.56369429,0.57012999,,16.0401,15.1517
343456094,269.0629393,-74.39000887,0.95246798,,14.2497,13.432
343456381,269.0924575,-74.68905478,1.16083,,14.4683,13.6633
343456636,269.0717883,-74.95805793,1.2029099,,14.2317,13.3852
343487607,269.4182488,-74.8151706,0.36282101,,16.834801,15.9314
343456268,269.0922604,-74.56830305,0.50197899,,16.434799,15.53
343456460,268.8239363,-74.77108756,0.64699501,,16.296499,15.3999
343456768,269.1752114,-75.10525914,0.88995302,,14.3961,13.6147
343456572,269.0914255,-74.8899825,0.108148,,16.614201,15.7489
343456574,268.8505634,-74.8921037,0.55794197,,15.2377,14.4067
343456379,268.8124509,-74.68677827,1.05225,,14.3053,13.439
343487780,269.1779218,-74.63907871,0.75156897,,16.037399,15.1389
343487993,269.3318266,-74.43801914,1.33622,,14.7983,13.9302
343487507,269.4916022,-74.93779692,0.78512001,,14.2655,13.4162
343487858,269.4643653,-74.56681548,0.55444098,,16.092501,15.2398
343456176,269.1525612,-74.4620809,0.30004799,,16.9877,16.2342
343486709,269.2901332,-75.88079158,0.548343,,16.6658,15.6998
343487788,269.3746053,-74.62813264,0.489526,,16.3815,15.5271
343488427,269.5457738,-74.0066043,0.46961999,,16.970699,16.0944
343483763,268.8409664,-75.84717442,1.37301,,12.9383,12.1395
343483766,268.9799561,-75.84854429,0.860807,,13.4204,12.6223
343456489,268.8573119,-74.80487507,0.238497,,16.782801,16.0438
343487853,269.5524997,-74.56856959,0.471481,,16.2939,15.3945
343456771,269.0010917,-75.10813881,0.42523399,,16.8501,15.949
343487997,269.5643185,-74.43529987,0.44259799,,16.689899,15.8094
343456769,269.0130675,-75.10566342,0.399865,,15.9776,15.0476
343455718,269.1138669,-74.03634064,0.339463,,16.6758,15.7975
343455724,269.1436259,-74.04615574,0.233136,,17.034901,16.2955
343456293,269.0782843,-74.59322881,0.33409899,,16.9228,16.0462
343487162,269.2137241,-75.33307438,0.305419,,17.419901,16.555599
343487547,269.4926081,-74.88688043,0.309405,,17.325399,16.4011
343455719,268.8016827,-74.03772119,0.25813901,,17.786301,16.918501
343483419,269.1681265,-75.39284585,0.388688,,17.722,16.773199
343456221,268.8671678,-74.50655286,-0.018299101,,17.808399,16.9454
343483579,269.1555414,-75.58523398,0.389642,,17.6539,16.694901
343455748,269.213835,-74.07625464,0.29735899,,17.919901,17.1355
343456383,268.9821745,-74.69163199,0.28948501,,18.0161,17.110701
343483830,269.0666177,-75.92466082,0.20277099,,17.902201,16.9168
343487407,269.5136997,-75.06128632,0.50504798,,17.2237,16.303101
343486859,269.4766919,-75.70417807,0.27208701,,18.053699,17.130301
343487022,269.3960713,-75.50423267,0.43479899,,17.6371,16.7092
343487160,269.2651622,-75.33676562,0.27629,,17.8981,16.948601
343487787,269.3254538,-74.62845836,0.183763,,18.031799,17.2108
343488024,269.5639739,-74.40415286,0.326065,,17.868099,16.9608
343455838,268.7882595,-74.152257,0.161184,,17.6537,16.7994
343483541,268.932291,-75.53313122,-0.0052777301,,17.875999,16.954901
343487404,269.2100842,-75.06480225,0.27847099,,17.160299,16.2565
343488424,269.3420856,-74.00718241,0.32872799,,16.9862,16.1168
1508965558,268.3022287,-74.44972867,0.130013,,18.381001,17.4907
1508871258,268.546183,-75.96917705,0.38051799,,18.628,17.637199
1508885968,268.5756733,-75.43390518,-0.014591,,18.773001,17.863199
1508887285,268.5485429,-75.16942862,0.16632199,,18.6308,17.7082
1508963960,268.5706569,-74.70860837,0.35212401,,18.041201,17.216299
1508977903,268.4493667,-74.30783307,0.050097398,,18.742399,17.8997
1508977906,268.4550391,-74.30001107,0.35742101,,17.4624,16.590799
1508978181,268.5751715,-74.23420605,0.19545799,,18.034401,17.1404
1508978183,268.603062,-74.22495536,0.0567526,,18.557899,17.7117
1508979225,268.4906815,-74.06976975,-0.070316099,,18.669001,17.921
1508880539,268.8565656,-75.87342586,-0.018426901,,18.723101,17.7568
1508881757,269.0909952,-75.58644898,0.27520999,,18.5602,17.6014
1508885724,268.9080342,-75.2430306,0.39737701,,18.2705,17.342899
1508885728,268.9077925,-75.23496196,0.10449,,18.684601,17.7789
1508884645,269.1616911,-75.42791029,-0.14262199,,19.0103,18.120199
1508962663,269.1624252,-74.67400703,0.28516001,,18.525499,17.646299
1508976464,269.1608437,-74.34759602,0.0660173,,18.2052,17.305
1508976465,269.0946324,-74.35200515,0.28319699,,18.0844,17.2248
1508977644,269.1354798,-74.08604358,0.166705,,18.370701,17.5187
1508965556,268.2952765,-74.45587361,0.313988,,19.1087,18.313601
1508978684,268.1979019,-74.15867534,0.17845599,,18.895901,18.1584
1508979833,268.3679196,-74.02362192,-0.470783,,20.3134,19.449499
1508979834,268.3727712,-74.01811086,0.0045103901,,19.490999,18.6854
1508979866,268.3059097,-74.00868632,0.23599599,,19.274,18.4963
1508871257,268.5935574,-75.97981297,0.460935,,18.316299,17.3671
1508881871,268.5564161,-75.80431116,0.126366,,20.446501,19.4569
1508882935,268.5348194,-75.62031703,0.198715,,18.880301,17.967699
1508883108,268.6027511,-75.53467063,-0.391886,,20.176399,19.2526
1508885974,268.4649842,-75.42169767,0.36925799,,18.6038,17.7915
1508887040,268.51023,-75.27931534,-0.461741,,19.5772,18.812901
1508887041,268.4714677,-75.26347389,0.28398499,,19.362,18.432501
1508887282,268.5881371,-75.17635936,-0.249529,,20.558201,19.706301
1508959433,268.53669,-75.05945976,0.020875201,,19.469299,18.687201
1508959436,268.5077584,-75.04940394,0.41603401,,18.666,17.882299
1508959439,268.4237242,-75.06908118,-0.21009199,,19.8806,19.1471
1508961014,268.5153433,-74.7584599,-0.27481899,,20.3344,19.576099
1508978180,268.5664619,-74.22824168,0.183277,,20.033001,19.290199
1508885895,268.8194219,-75.44396603,0.45614401,,19.4674,18.563601
1508886996,268.8106598,-75.24839754,-0.285236,,19.507,18.7456
1508886998,268.7543611,-75.23842726,0.179885,,19.222099,18.3613
1508887266,268.7370828,-75.14218633,-0.036829598,,20.057501,19.172001
1508887269,268.6784501,-75.13536606,0.66861099,,19.360201,18.4659
1508964192,268.7555941,-74.5770896,0.28679499,,19.300501,18.572599
1508978051,268.8000915,-74.27351024,0.35946,,18.4736,17.598499
1508978135,268.7880846,-74.20753933,0.612629,,18.9785,18.1355
1508978993,268.7566753,-74.17961063,-0.247366,,19.689501,18.8641
1508978996,268.7380003,-74.17681872,-0.730497,,20.0602,19.242399
1508870204,268.8496912,-75.92189046,-0.211962,,20.179701,19.228399
1508884477,268.9240937,-75.50483705,0.080207698,,20.069201,19.166201
1508962669,269.0869477,-74.66581593,0.29328901,,19.372999,18.465099
1508977648,269.0352236,-74.08916079,0.18229599,,19.563499,18.682899
343456088,269.0054119,-74.38607251,0.39516601,,16.4028,15.588
343456182,268.8515649,-74.46810119,0.74647802,,14.9347,14.1203
343456799,269.1297448,-75.13781474,0.601556,,15.2037,14.2696
343456806,268.8091257,-75.14836404,1.15755,,14.6576,13.8182
343456455,269.0115818,-74.76441491,0.15719999,,16.6625,15.7498
343456085,268.8216929,-74.38506954,0.22943,,17.2031,16.626101
343456450,269.0249062,-74.76000101,0.23224799,,17.042299,16.204
343456456,268.8029313,-74.7656805,0.345204,,16.7409,15.828
343456727,268.7986707,-75.06366687,0.178371,,17.666599,16.8617
343456803,269.0773285,-75.14502636,0.137054,,17.4259,16.549
343483377,269.1419071,-75.35306475,0.248106,,17.4839,16.6052
1508886021,268.4955287,-75.41168424,0.166535,,18.759199,17.911501
1508887386,268.4409863,-75.08698457,0.29552701,,18.4466,17.5299
1508964271,268.6342183,-74.59521337,0.308772,,18.2223,17.3305
1508886156,268.8264749,-75.3624835,0.27256,,18.438801,17.5124
1508882926,268.4343744,-75.6213934,0.054230198,,19.8074,18.8319
1508886023,268.4902794,-75.40116208,0.26348501,,18.7155,17.913
1508964275,268.6570928,-74.58723569,0.36416399,,18.344299,17.521799
1508870212,268.9374964,-75.91422881,-0.221616,,19.657101,18.867901
1508870213,268.9228363,-75.91269394,0.071024299,,20.0548,19.156401
1508886070,268.8315683,-75.42061729,0.0975511,,19.8132,18.926701
1508886157,268.8099644,-75.36189551,0.0248958,,19.6124,18.771999
1508886903,268.8203225,-75.31366475,-0.034520101,,19.4186,18.576
1508959568,268.8951065,-75.02598877,0.225226,,19.204599,18.395
1508959569,268.8514537,-75.01962846,0.21566001,,19.391701,18.6548
1508963840,268.7934292,-74.72922825,0.060614198,,19.7125,18.894199
1508978096,268.858493,-74.25348309,0.33700001,,20.1991,19.3501
1508870161,268.9527729,-75.98701156,-0.243141,,19.8116,18.9443
1508880526,268.9612163,-75.90181728,-0.048809901,,20.1012,19.114401
1508885548,268.9862686,-75.27194861,0.38367599,,20.2118,19.3167
1508885549,268.9644009,-75.27207304,-0.25312299,,19.712,18.8391
1508958956,268.9728755,-74.91763562,0.35313401,,18.899099,18.106001
1508963444,268.9421693,-74.59104957,-1.1378,,20.018,19.176901
1508963791,269.0467203,-74.45899301,-0.203152,,19.169201,18.4067
1508963793,269.0331988,-74.4486565,0.28509799,,19.9566,19.125299
343399968,267.8397443,-74.95351508,0.53458703,,14.06,13.381
343399969,267.7204308,-74.9531123,0.53642899,,13.9011,13.4057
343405058,268.0945527,-74.27587948,0.081692599,,16.011499,15.3317
343405584,268.0367029,-74.95251643,0.571805,,15.1861,14.3965
343450495,268.4779466,-74.84377108,0.65184301,,15.3732,14.6575
343450523,268.6448255,-74.81148458,0.371436,,15.8811,15.0127
343450528,268.579553,-74.80058919,0.50300199,,16.0881,15.25
343450877,268.4554644,-74.40335072,0.902125,,14.9373,14.146
343451000,268.5939734,-74.2684341,0.697312,,15.15,14.3013
343451171,268.5331729,-74.08016769,0.91747999,,14.2171,13.518
343450881,268.63942,-74.39521703,0.34307101,,17.168699,16.3183
343404967,268.2940418,-74.15685286,0.35832399,,16.933599,16.065001
343405356,268.3428395,-74.65460332,0.49462399,,16.785101,15.8885
343406024,268.3359589,-75.49534458,0.41339499,,16.999201,16.0522
343455818,269.1155643,-74.13761689,0.26820701,,16.9429,16.049601
343405592,268.161129,-74.96341043,1.0520101,,12.4546,12.0488
343406026,268.3547395,-75.50128531,0.27887499,,17.205099,16.2551
343405064,268.1716843,-74.28068281,0.406423,,16.940201,16.1001
343405122,268.2801768,-74.34771895,0.41342601,,17.1597,16.3722
343405364,268.2384399,-74.66922017,0.24245,,17.474501,16.572599
343404966,268.3204441,-74.15462988,0.25646099,,17.726299,16.8652
343405271,268.2152422,-74.53815946,0.135447,,17.7206,16.871401
343450589,268.645644,-74.73483822,0.161635,,17.633801,16.782499
343450987,268.576252,-74.28214329,0.28669199,,18.2204,17.367201
343451001,268.6133737,-74.26741313,0.32802299,,17.6845,16.810101
343451122,268.6040158,-74.13317237,0.28502601,,17.6793,16.8025
343405065,268.1013075,-74.28139464,0.24992,,17.662399,16.8009
1508979665,268.1310373,-74.08113605,0.057868499,,18.575399,17.6894
1508960989,268.4707285,-74.76622302,-0.039328199,,18.629299,17.8585
1508965228,268.4426307,-74.4294572,-0.015766099,,18.1054,17.291401
1508965233,268.8726584,-74.49465571,0.169191,,18.6105,17.827801
1508882423,268.0806712,-75.70307251,0.51418102,,19.941401,19.051201
1508882659,268.0290906,-75.60835883,-0.16229101,,19.384199,18.424299
1508887089,268.3519127,-75.21161494,0.338267,,18.8887,17.9596
1508959852,268.3256549,-75.04691427,0.0617925,,19.449699,18.648199
1508960699,268.5754268,-74.86713865,0.55405402,,19.6099,18.7456
1508965232,268.9206806,-74.50159846,0.35829201,,19.5725,18.732401
1508978219,268.4757754,-74.21506602,-0.00959305,,19.2806,18.5534
343455956,269.1236385,-74.26469531,1.98999,,12.9615,12.2087
343456002,268.8395731,-74.30891453,4.5637898,,10.9122,10.1763
343450242,268.584189,-75.16687803,0.21849699,,17.2477,16.3487
343455959,269.1564326,-74.26986602,0.27341399,,16.6812,16.064199
343456739,269.070397,-75.07270159,0.85644299,,15.5203,14.6269
343456080,269.0902398,-74.38185867,0.86225301,,14.7642,13.9613
343456707,269.1217487,-75.03775347,1.13521,,14.3937,13.5863
343483428,269.0714927,-75.40277363,0.38851801,,16.5245,15.6006
343483444,268.799272,-75.41748549,0.71508801,,15.3653,14.4625
343483458,268.8390695,-75.43592082,0.82541001,,15.0777,14.2353
343456757,269.1191965,-75.09300108,0.308689,,16.521999,15.7142
343455957,268.8929711,-74.26485923,1.00174,,15.2537,14.3954
343456710,268.8214076,-75.0412985,0.32857099,,15.8197,15.1464
343483700,268.8742629,-75.7443357,0.259296,,17.4527,16.4778
343456003,268.9452268,-74.30903465,0.224235,,17.0163,16.195299
343456736,268.9945992,-75.07229839,0.016527301,,17.5012,16.589899
343456750,268.9571648,-75.08889689,0.463494,,17.803801,16.907
343483426,268.9989399,-75.40197838,0.36491001,,17.5914,16.721701
343483445,268.9380723,-75.41937808,0.162652,,17.879801,17.005501
343483702,269.0271338,-75.74697204,0.0253592,,17.702,16.7719
343455859,269.071836,-74.16806911,0.31869501,,17.854401,17.0166
343483429,268.8088167,-75.40484692,0.244479,,17.9049,16.988001
1508967271,267.8379856,-74.71955123,0.29041299,,18.537201,17.6716
1508970771,267.7808657,-74.53462666,0.098258696,,18.462601,17.694901
1508972261,267.8294965,-74.22486876,0.19151901,,18.159,17.3596
1508886746,268.0780024,-75.24684108,-0.60601002,,19.3374,18.428699
1508887754,268.1137063,-75.10054982,0.40216601,,18.0679,17.1901
1508964510,268.0294617,-74.62850369,-0.0154382,,18.192801,17.4167
1508978773,268.0843807,-74.1671756,0.79294401,,14.8483,14.0094
1508887051,268.548218,-75.2423084,-0.43257099,,19.232401,18.3235
1508887056,268.5073934,-75.24725575,0.25307301,,18.0543,17.134501
1508887301,268.523826,-75.1522086,-0.074623697,,18.542299,17.7125
1508959742,268.4685406,-74.98639815,0.33315101,,17.944201,17.118
1508960633,268.5546538,-74.89429568,0.190359,,18.840401,18.0126
1508960959,268.5118251,-74.76850094,0.049047299,,18.786501,17.889099
1508979208,268.4575183,-74.09254474,0.067972302,,18.382299,17.530701
1508979471,268.5863184,-74.00318174,0.209645,,18.6511,17.752001
1508881473,268.8675946,-75.68244718,0.14518601,,18.700001,17.7138
1508959636,268.8740862,-75.01248327,0.155269,,18.5252,17.6357
1508960550,268.7973273,-74.90375401,0.33843201,,18.4114,17.5051
1508882868,268.7216279,-75.63163114,0.33543399,,18.7024,17.725401
1508965275,268.80891,-74.44415985,0.24222501,,18.677299,17.792101
1508978016,268.8275638,-74.27992678,0.033220299,,18.9035,18.0133
1508883485,267.8999613,-75.46737637,0.32061699,,19.8118,18.8871
1508967270,267.8028018,-74.72291636,-0.48279199,,19.933201,19.1546
1508970784,267.8347205,-74.5207565,-0.0926622,,19.3125,18.513
1508971825,267.8849908,-74.39776859,-0.46081299,,20.408899,19.5576
1508883315,268.093089,-75.55487627,0.19982401,,19.340099,18.4363
1508887449,268.1658516,-75.19325455,-1.75788,,21.0364,20.122499
1508887452,268.1810269,-75.18170648,0.107975,,19.866501,19.000999
1508887753,268.1256852,-75.10912132,0.37387401,,19.063,18.154301
1508961227,268.0945873,-74.81818892,0.098809898,,19.960899,19.0644
1508964772,268.0719271,-74.54684724,-0.26536301,,19.4429,18.6523
1508978476,268.0555168,-74.24469248,0.29227099,,18.7917,18.0119
1508978774,268.0694775,-74.16477077,0.34520701,,18.9953,18.281
1508882182,268.5869725,-75.71286256,-0.0059612901,,19.4681,18.541599
1508885957,268.448203,-75.44104681,0.67959303,,19.7171,18.8016
1508885958,268.4502851,-75.43420578,-0.47341999,,20.0986,19.2563
1508886236,268.5544749,-75.37325861,0.060107801,,19.6609,18.8652
1508886237,268.5348752,-75.37275402,-0.117158,,20.295401,19.3936
1508886238,268.5211609,-75.37337397,0.56468898,,18.6847,17.768499
1508887047,268.5568393,-75.24483476,0.523821,,19.699301,18.7822
1508887054,268.5026371,-75.2549479,-0.048872501,,19.1618,18.372999
1508887302,268.5185441,-75.14305885,0.0710999,,19.317101,18.4615
1508959743,268.4538377,-74.98637648,0.065231599,,20.462999,19.619699
1508963983,268.4705667,-74.69912923,0.37413499,,20.1614,19.3328
1508964291,268.5739254,-74.57539904,0.33453801,,20.1745,19.279699
1508977949,268.6139701,-74.26838736,0.61184603,,19.520901,18.701
1508979102,268.579969,-74.14819729,0.025896801,,20.4561,19.6348
1508979209,268.5008408,-74.09341007,-0.0115808,,19.6483,18.767401
1508880605,268.862106,-75.80850177,0.176351,,19.769501,18.7973
1508884786,268.8798356,-75.37502789,0.50418597,,18.549999,17.646601
1508965249,268.8413882,-74.47777346,-0.281748,,19.6632,18.830601
1508965255,268.8140941,-74.46998877,0.071059398,,19.863701,19.0511
1508965315,268.8697389,-74.44295037,0.221297,,19.261,18.487101
1508882140,268.7952043,-75.73427665,0.25051701,,18.5105,17.801901
1508883071,268.7727135,-75.57573751,-0.580378,,19.636999,18.910999
1508886080,268.7558993,-75.41396739,0.377141,,20.306801,19.3771
1508886081,268.7893577,-75.40965121,-0.325122,,19.8696,19.057301
1508965269,268.8121686,-74.46462392,-0.48163301,,20.3995,19.555799
1508965271,268.863061,-74.45972394,0.48863101,,19.2304,18.462999
1508965329,268.881358,-74.41855632,-0.064229503,,19.229799,18.365499
1508977787,268.8590808,-74.32991056,0.211832,,20.238199,19.3456
1508979057,268.786849,-74.13858939,-0.40618801,,19.819,18.9746
343449857,268.5813315,-75.64734066,1.02056,,14.4003,13.429
343449987,268.6394375,-75.46619258,0.77841902,,15.0032,14.1854
343450360,268.6167134,-75.0401125,0.91732001,,15.1697,14.2917
343450395,268.4840115,-74.9848437,0.91907197,,14.8537,14.008
343450400,268.7634078,-74.97660902,0.65127403,,15.5495,14.6408
343450746,268.78159,-74.55323697,0.95509702,,14.0452,13.2641
343456338,269.0380631,-74.64083618,0.59366101,,14.8716,14.1829
343456343,269.0854107,-74.64793809,0.113578,,15.3538,14.8455
343456508,268.853191,-74.82690197,0.54869902,,16.2409,15.3779
343456648,268.7931346,-74.97531073,0.66784197,,15.429,14.5922
343483434,268.8536082,-75.40939366,0.192048,,15.7718,15.2431
343483726,268.8099067,-75.78826656,0.43768701,,16.114901,15.2352
343456191,269.148709,-74.47444429,1.18138,,13.7887,13.0417
343456203,268.9936986,-74.48527319,0.212964,,16.3906,15.6545
343456930,268.9492352,-75.31412373,0.971407,,14.7628,13.9457
343483652,269.1636863,-75.68159776,1.07467,,14.1803,13.2198
343487036,269.2042767,-75.49165701,0.61856002,,15.3973,14.4581
343488029,269.3775758,-74.396998,0.65690398,,15.5773,14.7098
343450675,268.4370514,-74.62817783,0.39524701,,16.973101,16.1416
343483723,268.8877849,-75.78286014,0.400888,,16.693001,15.8188
343455759,269.0648704,-74.08900112,1.82356,,12.0316,11.3776
343456016,269.1198832,-74.32022627,2.16611,,12.5495,11.8206
343456677,269.0280775,-75.00277766,1.27511,,13.3244,12.5782
343486750,269.3927014,-75.82413199,1.81082,,12.4222,11.5065
343483818,268.8962608,-75.90797191,0.56551498,,17.0362,16.058701
343456882,268.9085703,-75.25321932,0.20571899,,16.5679,15.8906
343456827,268.8771551,-75.17811251,1.07647,,14.9627,14.1814
343449988,268.6313771,-75.4645525,0.333327,,16.9557,16.025499
343483613,269.0975778,-75.63160872,0.347305,,17.5306,16.5828
343449852,268.5339023,-75.65016976,0.33558699,,17.215599,16.233299
343455728,269.0275741,-74.04896926,0.402376,,16.683901,15.8485
343456337,269.0243197,-74.63888891,0.26295701,,16.9296,16.025499
343456341,268.9657909,-74.64377099,0.231565,,18.4809,17.6049
343456342,268.9024642,-74.64596101,0.28759599,,17.044001,16.163
343456884,269.0626552,-75.254143,0.23286401,,17.5009,16.564199
343483433,268.9494309,-75.40908308,0.236113,,18.0072,17.070601
343483730,268.7990207,-75.79785347,0.254632,,17.462299,16.475901
343456201,269.1353109,-74.48448409,0.171914,,17.706499,16.890499
343456204,269.0991661,-74.48530012,0.198917,,16.991501,16.326599
343487435,269.13604,-75.02483901,0.31754401,,18.1127,17.192699
343488030,269.2301403,-74.39619347,0.375604,,17.4806,16.6061
343483815,269.0643499,-75.90677597,0.32012299,,17.9175,16.995701
343456927,268.8678558,-75.30852266,0.26012301,,17.9126,17.0399
343487231,269.2250716,-75.27197881,0.31624299,,17.698299,16.816601
343487812,269.385061,-74.60604105,0.32760599,,17.890699,16.9937
343487815,269.3757793,-74.60215576,0.142803,,16.5005,16.1467
343456202,268.9857874,-74.48454648,0.221488,,17.5392,16.6308
343486674,269.3373033,-75.91799785,0.178285,,18.3724,17.3927
343456621,268.9706018,-74.94123566,0.21647599,,18.054899,17.191401
343456012,269.0151028,-74.31732376,0.12466,,17.8437,17.0653
343456878,268.8476275,-75.25125181,0.353798,,18.2232,17.337
343486746,269.1903403,-75.82962376,0.26488701,,18.217699,17.278999
343487438,269.3885369,-75.01933625,0.031881899,,17.835899,16.938601
1508885879,268.6535896,-75.45345798,-0.103573,,18.7854,17.8922
1508887274,268.5803743,-75.19452292,-0.28763399,,18.7367,17.8641
1508887275,268.5826151,-75.19212984,0.248863,,18.273701,17.441099
1508964033,268.5557006,-74.63488843,0.22203401,,18.1696,17.3146
1508882085,268.7190107,-75.76140648,0.098116502,,18.8859,17.9608
1508884694,269.1318837,-75.44335863,0.297941,,18.4132,17.461901
1508871475,268.6908379,-75.90489641,0.096577898,,19.274799,18.3139
1508886228,268.6021261,-75.30699839,0.088126697,,18.9764,18.191299
1508886231,268.6054341,-75.30007362,0.67104203,,19.189699,18.278299
1508887279,268.607692,-75.18562523,-0.0242025,,20.2363,19.439699
1508959402,268.6034575,-75.090579,0.56692398,,19.2631,18.3568
1508959406,268.5245551,-75.09020354,-0.039788,,20.248501,19.4104
1508978283,268.4473054,-74.18033339,0.0224996,,19.7946,19.0714
1508883137,268.7453805,-75.50611154,0.53728497,,19.114799,18.1868
1508885518,269.1167668,-75.30571168,0.0690341,,20.0865,19.315701
1508885525,269.0474143,-75.29306533,-0.123358,,19.886801,19.1493
1508958916,269.1079509,-74.94455039,0.181623,,20.1201,19.226601
1508962650,269.0435079,-74.6814229,-0.156352,,18.999399,18.318899
1508963528,269.0005711,-74.52410843,0.43130299,,18.920099,18.022499
1508977665,269.0599794,-74.07671157,0.38813299,,18.710899,17.8494
343486626,269.2352575,-75.98740813,1.1470701,,15.0744,14.1107
343483776,269.0288533,-75.86266406,0.30383399,,16.9398,16.0816
343450516,268.4053972,-74.81871211,1.18624,,14.5441,13.7051
343450520,268.7428099,-74.81404638,1.0585901,,14.1018,13.204
343483521,268.8254252,-75.50422543,0.52049798,,15.357,14.4225
343450519,268.5438051,-74.81495914,3.54743,,11.4583,10.7095
343486793,269.2613249,-75.76856557,3.6359799,,12.0714,11.2276
343483475,269.1394311,-75.44938508,1.28403,,12.1168,11.3134
343450443,268.6509132,-74.92336461,1.12323,,12.8246,12.1349
343486938,269.5485566,-75.60752461,1.63111,,12.6314,11.7641
343483778,268.8256506,-75.86525239,0.317864,,17.133801,16.148899
343486628,269.3005852,-75.986174,0.42713299,,17.070601,16.087799
343487992,269.3242638,-74.43835519,0.50904799,,15.4305,14.5649
343450709,268.4914015,-74.5961044,0.30019999,,17.2528,16.382799
343483518,269.1756873,-75.50271193,0.200674,,16.8869,16.029301
343450618,268.449861,-74.70607768,0.51249403,,17.031401,16.1446
343487989,269.4585191,-74.44199064,0.33228099,,17.9694,17.099501
1508882514,267.8535447,-75.66639102,0.29208499,,18.466299,17.4729
1508882725,267.8503834,-75.60304923,0.036121301,,18.616199,17.657101
1508887911,267.8693374,-75.04412964,0.114839,,18.680401,17.936399
1508960138,267.8311843,-74.89748597,0.096639998,,18.373199,17.517401
1508964555,267.9148426,-74.58053953,0.19037101,,18.400499,17.618601
1508970787,267.8495477,-74.51805454,0.0056372401,,19.1014,18.2735
1508984959,267.8405477,-74.10421247,0.117645,,18.365,17.5977
1508985936,267.9308099,-74.00233325,-0.091581799,,19.175301,18.367701
1508882189,268.653124,-75.68741753,0.36296901,,18.5672,17.571899
1508882190,268.5852404,-75.68604632,-0.183286,,18.7847,17.8859
1508885539,268.9460412,-75.29554561,0.180999,,18.005301,17.1399
1508958898,268.9501226,-74.9436964,0.15029299,,18.605101,17.7521
1508962393,269.1835801,-74.76617819,0.0122031,,18.904699,18.0611
1508964939,268.8394706,-74.58722216,0.18078201,,18.296301,17.457399
1508978083,268.9013293,-74.26986506,0.147562,,18.640499,17.7672
1508871106,267.8621271,-75.9586586,-0.036461901,,19.8484,18.895399
1508872133,267.7295708,-75.75095542,-0.029627601,,19.9163,19.0158
1508886820,267.772321,-75.21682429,0.0828996,,19.8074,18.9531
1508960140,267.8587587,-74.89264394,-0.82342601,,20.2997,19.5138
1508961274,267.8636943,-74.78801337,0.110647,,19.2913,18.5522
1508964554,267.9238992,-74.58198309,0.207526,,20.316401,19.438999
1508971048,267.8306773,-74.45514684,-0.144026,,19.596399,18.768101
1508971053,267.8576211,-74.43998033,0.180526,,19.162901,18.4272
1508971059,267.8412067,-74.44155606,-0.31088099,,19.876301,19.116199
1508972231,267.8098423,-74.26113932,0.327874,,18.797001,17.912201
1508886133,268.5920877,-75.36626329,0.23379301,,19.034901,18.2666
1508965175,268.6635905,-74.46477357,0.182919,,18.896299,18.1015
1508977802,268.6900715,-74.3165025,0.431703,,19.0277,18.153
1508977932,268.6264433,-74.27067575,-0.203022,,19.4356,18.6754
1508978155,268.678477,-74.25975535,0.227138,,19.1817,18.438499
1508978158,268.5753084,-74.25664503,0.043852899,,20.3794,19.487101
1508870178,269.0470741,-75.9684838,0.31481099,,19.6642,18.8272
1508880595,268.9518463,-75.82921182,0.497839,,19.217899,18.2931
1508885543,268.9484007,-75.28835599,0.36044899,,18.587999,17.8908
1508885544,268.9121751,-75.28794131,0.230729,,20.260201,19.4123
1508958897,268.9646243,-74.94714617,0.402181,,19.1175,18.333799
1508958974,268.955397,-74.89857623,-0.36642799,,20.657499,19.780899
1508962636,268.9696703,-74.68562001,0.216309,,19.3346,18.634899
1508962711,268.9815856,-74.65319491,0.34022301,,19.2841,18.4291
1508964159,268.9236075,-74.61678245,0.0224657,,20.2416,19.342199
343406333,268.0454547,-75.91880852,0.65655398,,15.1062,14.211
343451242,268.7816892,-74.01052196,0.25052401,,16.4035,15.7087
343405227,268.0704709,-74.4799553,0.77471,,14.5479,13.7561
343406331,268.33575,-75.91632881,0.930462,,14.2273,13.3302
343456886,269.1493659,-75.26077186,0.90243399,,14.1734,13.3031
343399960,267.7115519,-74.95926789,0.329595,,15.8758,15.0011
343400051,267.7603336,-74.85845695,0.784464,,14.1263,13.3149
343405228,268.2037984,-74.48136069,0.75232399,,14.7795,14.0172
343405841,268.2399283,-75.2894376,0.74105197,,15.7215,14.8614
343405962,268.0606091,-75.43536461,0.48038399,,15.3199,14.4652
343456889,268.8545218,-75.26357112,0.517726,,15.447,14.5614
343405964,268.1956163,-75.43577645,1.3409801,,12.9809,12.0719
343405139,268.3894116,-74.3801526,0.65171897,,15.7863,14.9658
343400538,267.6522585,-74.33122583,0.22393,,17.6971,16.861099
343404962,268.2350212,-74.14997455,0.337612,,16.8734,16.0221
343405269,268.2528102,-74.53174183,0.16508199,,17.650101,16.777901
343405836,268.2168059,-75.28580971,-0.16588999,,17.8188,16.931801
343405839,268.1485485,-75.28628606,0.33501899,,17.1413,16.2393
343406330,268.016892,-75.91468637,0.244317,,17.2365,16.33
343450832,268.5936096,-74.44799256,0.22258,,17.1395,16.257
343450834,268.4561426,-74.44718702,0.248189,,17.735001,16.856001
343400099,267.9226968,-74.81320944,0.437148,,17.9228,17.0193
343400531,267.9458453,-74.34012733,0.25634199,,17.972401,17.0912
343405576,268.3390792,-74.94302702,0.163491,,17.5151,16.6327
343450478,268.4300911,-74.87342115,0.0944793,,17.679199,16.780001
343450833,268.5719845,-74.44772348,0.27372801,,17.8099,16.963699
343450835,268.7096815,-74.44689993,0.392703,,17.815201,16.9265
343406337,268.239243,-75.92556302,0.41518,,17.4723,16.5133
343405226,268.3101264,-74.4798158,0.265872,,18.118799,17.283501
1508877074,267.5866557,-75.71140324,0.14779299,,18.5135,17.6371
1508888332,267.5948643,-75.5206019,-0.158409,,18.950199,18.1047
1508889383,267.6239503,-75.36354641,0.17952301,,18.2404,17.3853
1508892732,267.7039791,-75.15553393,-0.102319,,18.256001,17.4055
1508892733,267.7055412,-75.1481695,-0.062507004,,19.1555,18.3092
1508892737,267.5965873,-75.1548859,-0.19045299,,17.805799,17.2488
1508984700,267.7202867,-74.15509378,-0.0266337,,18.107201,17.282
1508882635,268.2591357,-75.61973302,0.092746899,,18.9013,17.9223
1508882636,268.2252863,-75.61769916,0.036489502,,19.123199,18.194901
1508887762,268.1468821,-75.10008124,-0.052962702,,18.8183,17.963499
1508887763,268.1520566,-75.0932453,-0.082030497,,18.4032,17.537201
1508959992,268.1754285,-74.95516926,-0.070833497,,18.5401,17.7264
1508964800,268.1051217,-74.51533974,-0.10712,,19.001801,18.139099
1508964804,268.022343,-74.51377828,0.168423,,18.4764,17.657499
1508978446,268.2400481,-74.21570159,-0.0417489,,19.1719,18.306
1508957812,269.0048908,-75.14756247,-0.284805,,18.8904,17.986401
1508958156,269.0338993,-75.01685926,-0.056403801,,19.251699,18.3479
1508979240,268.9218185,-74.11471888,-0.025134999,,18.6336,17.853901
1508871147,267.6591488,-75.92696217,-0.19023199,,20.596399,19.6367
1508877051,267.6835092,-75.73860167,0.22152901,,19.027599,18.0958
1508971972,267.6517116,-74.30934532,0.26689401,,20.1737,19.320101
1508882633,268.243558,-75.63000759,0.293708,,19.5341,18.633499
1508959989,268.2052101,-74.95939689,0.24249101,,19.6752,18.896799
1508959991,268.1806132,-74.96104965,0.048881602,,19.9242,19.086201
1508960314,268.0796645,-74.90737358,-0.180425,,20.0534,19.3466
1508978445,268.2657617,-74.22442474,-0.0866258,,19.6208,18.971001
1508880578,268.9250062,-75.84541098,0.520625,,19.0791,18.1012
1508958106,268.9069174,-75.02964959,-0.462623,,20.5532,19.6602
1508963888,268.7892162,-74.70609436,-0.119601,,20.0839,19.213301
1508976249,268.9875056,-74.38464584,0.098489098,,20.026199,19.1499
1508979247,268.8779328,-74.11481157,-0.353717,,19.369801,18.6541
1508965847,268.2184674,-74.37470286,-0.42485401,,19.9408,19.177799
1508978405,268.3172194,-74.23996886,0.527812,,20.0536,19.1973
1508978710,268.37383,-74.14926549,0.20286401,,19.3393,18.5959
1508978712,268.4051864,-74.1417099,0.065945499,,19.7733,18.959299
1508881841,268.6201581,-75.84545851,0.220581,,19.5516,18.6684
1508881874,268.7880089,-75.83041505,-0.034672301,,19.1961,18.2789
1508882898,268.596068,-75.61528471,0.21505401,,19.7934,18.8888
1508885872,268.6754478,-75.45177367,0.2421,,19.368401,18.567101
1508885909,268.7814821,-75.42025221,0.19864701,,18.671101,17.882099
1508886114,268.7088761,-75.39942212,0.423035,,18.4846,17.5811
1508960793,268.9104643,-74.84881636,0.49675599,,19.789,18.8895
1508963914,268.7276132,-74.69472182,-0.30129901,,19.5606,18.8363
1508964106,268.8211439,-74.64118154,0.43683299,,18.5816,17.674601
1508964111,268.7454708,-74.65936056,-0.15769701,,19.914,19.1716
1508978127,268.6976123,-74.23194378,0.085343599,,19.723801,18.921801
1508880671,269.4161116,-75.80828132,-0.146883,,19.3631,18.5865
1508884628,269.2966182,-75.41872506,0.30602399,,18.682699,17.8277
1508958994,269.3533261,-74.93170209,0.067436703,,19.7332,18.8971
1508963366,269.2920413,-74.59987017,-0.48263901,,20.211399,19.4505
1508977171,269.2649248,-74.28285469,0.74715698,,19.0142,18.163799
1508977172,269.23546,-74.28258837,-0.32647601,,20.596001,19.694099
1508977174,269.2260793,-74.27364574,0.452521,,19.517799,18.638901
343400018,267.9743561,-74.88954102,0.15719301,,16.746599,16.056499
343405447,268.392861,-74.76269353,0.34879801,,16.1311,15.3478
343405383,268.2492446,-74.69519344,0.177432,,17.398001,16.571199
343405529,268.2122733,-74.87484363,0.2823,,17.434299,16.5653
343405732,268.1731529,-75.14801203,0.34220001,,17.388399,16.4872
343487345,269.3228001,-75.15576621,0.41768801,,17.315399,16.378201
343488045,269.4519234,-74.37823887,0.367782,,17.2197,16.325899
343405663,268.0995706,-75.04438887,0.25544599,,17.542101,16.6926
343487064,269.556019,-75.46271246,0.237023,,17.827999,16.867001
343487805,269.4456644,-74.61069221,0.30561301,,17.5783,16.732201
343487209,269.3024427,-75.28642434,0.041203599,,17.880199,17.045401
343487341,269.2135428,-75.15732301,0.167972,,16.9105,16.172001
343405005,268.0836403,-74.20116636,0.00184759,,18.056999,17.187799
1508881803,268.7847163,-75.88283453,-0.35928401,,19.5576,18.611799
1508963906,268.7938871,-74.68437159,0.016985999,,18.225201,17.326401
1508977178,269.2336537,-74.2669007,0.0191356,,18.768499,17.9095
1508977255,269.3394726,-74.2140286,0.52245599,,17.247101,16.347799
343406154,268.0376521,-75.69319102,1.6366301,,13.4809,12.6286
343405562,268.0527878,-74.92719487,0.427903,,16.667101,15.8593
343406095,268.3187321,-75.59350944,0.45363101,,17.005199,16.067801
343488042,269.5626148,-74.3823806,0.629466,,14.8356,14.1113
343405526,268.3485772,-74.86526921,0.572155,,14.8719,14.0692
343405819,268.26522,-75.26345884,0.96161997,,14.6129,13.6933
343405820,268.2300512,-75.26366402,0.465792,,15.1432,14.2335
343404896,268.0155409,-74.06768574,2.1539199,,12.9022,12.1635
343404897,268.2536396,-74.06865026,1.52818,,12.7455,11.9653
343404958,268.1911044,-74.14409547,1.03641,,13.6138,12.7285
343405996,268.1768651,-75.46045481,0.58037102,,16.5707,15.6411
343450038,268.4314617,-75.40003523,0.32647499,,17.8286,16.9548
343450784,268.4344034,-74.51031998,0.68840402,,14.3309,13.5373
343404880,268.0200992,-74.05089562,0.91139299,,14.8959,14.0376
343404882,268.3032029,-74.05157561,0.55087298,,15.7286,14.877
343404900,268.2031065,-74.07187444,0.93432802,,14.8838,14.043
343405323,268.3224815,-74.59878425,0.77072698,,14.7198,13.9867
343450301,268.4735218,-75.1060574,0.460668,,16.2062,15.3291
343450303,268.5619961,-75.10407526,0.578686,,15.0972,14.3052
343450464,268.7755787,-74.89774024,0.71794802,,14.9113,14.0862
343450824,268.6152679,-74.45935509,0.69482398,,15.5276,14.6807
343404960,268.1237184,-74.14591049,0.30658901,,16.718201,15.8233
343404899,268.2545862,-74.07059601,0.72016197,,15.3003,14.4842
343404956,268.1351294,-74.14231966,0.18911099,,18.139099,17.2897
343404959,268.249677,-74.14447037,0.221875,,17.796101,16.9804
343405322,268.291818,-74.59860483,0.20192,,17.1922,16.344801
343405993,268.1103233,-75.45809619,0.26180899,,18.324699,17.4035
343406210,268.27503,-75.76959217,0.43155801,,17.2696,16.297199
343406344,268.1997894,-75.93741367,0.41894901,,17.437,16.4653
343450074,268.7781728,-75.36552878,0.28811699,,17.6322,16.7085
343450247,268.5661549,-75.16226479,0.250085,,17.714701,16.9205
343450459,268.478533,-74.90790238,0.28,,18.064301,17.191799
343450816,268.7567882,-74.4705798,0.33051801,,17.0249,16.169399
343450822,268.7594361,-74.46219417,0.60044903,,17.9126,17.0758
343450783,268.6895922,-74.51122367,0.333368,,17.056299,16.192101
1508886445,268.2838539,-75.36884394,0.0294361,,18.5481,17.6756
1508887503,268.2441086,-75.15408659,0.194289,,18.514999,17.598
1508887509,268.1899645,-75.17694548,0.18354499,,18.245199,17.4464
1508887748,268.111625,-75.11683111,0.25985101,,18.7015,17.804399
1508961204,268.1927225,-74.77814026,0.087246701,,17.6786,16.8647
1508961211,268.1545684,-74.76453238,0.151687,,18.066299,17.205999
1508978664,268.1870588,-74.17940415,0.26103899,,17.652201,16.7696
1508978670,268.1881212,-74.17283298,0.23589601,,18.332001,17.4617
1508978762,268.1529362,-74.18361093,0.0192037,,18.0345,17.1738
1508882055,268.4056868,-75.75254403,-0.045580901,,18.523199,17.580799
1508959522,268.3661616,-75.01809433,0.266114,,18.575199,17.6838
1508883558,268.1954575,-75.46522645,-0.118161,,19.9891,19.103399
1508886451,268.1876737,-75.3559499,-0.30871499,,19.9067,19.0602
1508887745,268.1824827,-75.11942172,0.14336701,,19.6668,18.9223
1508965605,268.3992757,-74.45441113,0.371948,,19.705799,18.827101
1508965671,268.1997183,-74.38196722,0.184892,,18.9825,18.181499
1508965677,268.1270208,-74.44231852,-2.4072499,,21.128599,20.236601
1508965679,268.0631608,-74.44493057,-0.893417,,20.0888,19.2271
1508978760,268.138867,-74.17971847,0.201903,,19.5336,18.685301
1508883031,268.3046241,-75.556666,0.51730698,,18.540501,17.5767
1508887377,268.3960056,-75.09668649,-0.365931,,20.5333,19.7075
1508887382,268.4685335,-75.08735797,-0.47233999,,20.0709,19.1982
1508964933,268.9160053,-74.58993585,0.390827,,18.600599,17.761101
1508964934,268.8875004,-74.57967545,0.167459,,19.129999,18.353201
343456118,268.9299763,-74.41470178,0.89215499,,14.8503,13.9838
343456323,269.1201275,-74.62214447,0.60384202,,15.0248,14.1753
343456388,269.0289233,-74.69702563,0.525011,,15.7903,14.9038
343456554,269.1440367,-74.87085478,0.53067702,,16.1028,15.2817
343456125,269.0972874,-74.42092141,0.47990999,,16.444201,15.5353
343455897,269.04094,-74.20392699,0.393686,,16.790899,15.9205
343456556,269.1762034,-74.8717631,0.16934399,,16.874201,16.2707
343455965,269.1283905,-74.27401541,0.035600498,,17.861,17.0879
343456364,268.9510031,-74.67781892,0.153621,,17.433201,16.624399
343456747,268.89201,-75.08599518,0.22942699,,17.2561,16.440599
343455893,268.8097373,-74.19658386,0.093790501,,17.7638,16.9228
343456318,268.79058,-74.61857469,0.2272,,17.6761,16.8078
343456442,269.1583525,-74.751187,0.207157,,18.151501,17.251101
343456763,269.0655866,-75.09759808,0.128226,,17.5228,16.6052
1508883377,268.0577494,-75.51676711,-0.238288,,19.2173,18.273399
1508883379,268.1165529,-75.51521966,-0.84988099,,19.751301,18.8069
1508883380,268.0976348,-75.51262497,0.0190347,,18.990999,18.1134
1508960328,268.0755328,-74.88888193,0.189566,,18.4398,17.5371
1508961555,267.9804889,-74.69657253,0.072755396,,18.4331,17.5534
1508961558,268.0490999,-74.70148098,0.040011398,,17.928699,17.051901
1508964906,267.9306703,-74.47310475,0.161789,,18.6008,17.8402
1508978898,268.0435904,-74.1062611,0.167381,,18.650801,17.829201
1508960514,268.6858044,-74.91749207,0.37376401,,17.986099,17.1012
1508960524,268.7689311,-74.9152217,-0.135232,,18.364201,17.466499
1508979403,268.6044448,-74.0328294,-0.114262,,19.065001,18.194201
1508979467,268.6744958,-74.00348476,0.044180699,,18.8001,17.908501
1508959247,269.0354411,-74.81229479,0.060653001,,18.997499,18.1101
1508962388,268.9469219,-74.75312975,0.104956,,18.935699,18.0756
1508871782,268.0048896,-75.87671882,0.219476,,19.080601,18.239401
1508871785,267.9686227,-75.85226862,-0.78461099,,20.490299,19.611
1508960331,268.0844425,-74.88243584,-0.0079089003,,19.5205,18.6359
1508961235,267.973192,-74.80507868,-0.245768,,19.353001,18.5275
1508961557,268.1049887,-74.71271179,-0.128075,,20.394699,19.5163
1508961561,268.0179954,-74.70217901,-0.666233,,20.3375,19.4786
1508964865,268.0647715,-74.49208877,-0.493958,,20.506901,19.6229
1508964867,268.0102348,-74.48885006,-1.09129,,20.5898,19.802601
1508965808,267.9249585,-74.35164722,0.390558,,18.385599,17.589199
1508965986,268.0577905,-74.32411545,0.137284,,20.018499,19.125099
1508978602,267.9648416,-74.17416165,0.60468203,,19.665501,18.807301
1508960518,268.6845854,-74.91953207,0.15770701,,19.338699,18.460501
1508960521,268.7533904,-74.92233614,-0.0290458,,19.369101,18.5756
1508960719,268.6121182,-74.84496217,-0.227972,,19.944201,19.219601
1508963923,268.6870445,-74.68709526,0.271503,,20.0121,19.1779
1508979111,268.6889975,-74.15096786,0.223194,,19.4345,18.5648
1508979402,268.5861096,-74.04437094,0.231897,,18.690001,17.8603
1508884794,269.0042552,-75.37539805,0.079548299,,19.4732,18.6598
1508885555,268.9245667,-75.27276497,0.44293299,,18.6117,17.700899
1508885557,268.9306919,-75.26516021,0.47169399,,19.7202,18.897499
1508959133,269.0045631,-74.88715025,-0.22160999,,20.5994,19.746
1508959242,268.935635,-74.82215053,0.020857399,,19.2817,18.4331
1508964102,268.9162059,-74.65166893,0.210342,,19.687599,18.903299
1508964104,268.8448396,-74.65612099,-0.090810403,,20.2204,19.3839
1508976594,269.9388901,-74.3992919,-0.163412,,19.7267,18.8568
343405097,268.041858,-74.31730339,0.387941,,16.383101,15.5052
343451248,268.6577119,-74.00267335,0.36757499,,16.707701,15.8617
343449648,268.7008867,-75.91434502,0.0277266,,17.325001,16.851601
343450435,268.7329576,-74.93310353,0.24685501,,17.278601,16.385799
343455877,268.7910083,-74.18686484,0.75530398,,14.3241,13.5254
343455882,268.990938,-74.18954995,0.30021399,,16.9865,16.146299
343450439,268.7747801,-74.92603184,0.72235399,,14.359,13.5008
343483545,268.804409,-75.54421512,0.88988501,,15.2976,14.4061
343456582,269.048338,-74.89818085,0.46717599,,16.517,15.696
343455851,268.9887691,-74.16065216,1.13375,,13.7189,13.0255
343455980,268.7922814,-74.28607987,0.93270701,,14.1736,13.4976
343405499,268.2962664,-74.83220736,0.75709403,,15.0063,14.1137
343406277,268.1666719,-75.85346891,0.69849098,,15.0849,14.136
343406069,268.0434239,-75.55837194,1.05958,,14.8116,13.8718
343406202,268.2219524,-75.7429807,1.11326,,14.5545,13.6382
343450913,268.7160452,-74.37295819,0.67445302,,16.3316,15.4425
343450941,268.4838908,-74.3374977,0.76844102,,15.3921,14.5359
343451187,268.7507392,-74.06145603,0.555525,,16.0249,15.1586
343451188,268.7281608,-74.06018647,0.44231999,,16.174601,15.2791
343450103,268.6160133,-75.32521959,0.75525498,,14.9102,14.0117
343483448,269.0744856,-75.4257706,0.87598598,,14.8898,13.9837
343455976,268.811892,-74.28187994,0.31895301,,16.602301,15.7148
343456006,269.165409,-74.31320998,0.55674601,,16.2596,15.3715
343456811,268.9279147,-75.15098327,1.45362,,14.5903,13.6827
343450911,268.401601,-74.37491169,3.5358701,,12.0461,11.3018
343450178,268.5228847,-75.23781976,16.969101,,8.3378296,7.5496898
343400134,267.7039141,-74.7670475,2.4438901,,13.0588,12.2155
343400136,267.705907,-74.76468965,0.83590102,,13.6011,12.817
343405079,268.271182,-74.3013836,1.82595,,12.513,11.7235
343405129,268.309584,-74.35440157,1.76802,,13.4876,12.6348
343450473,268.6437844,-74.88264768,1.85326,,12.4512,11.6611
343450437,268.6152308,-74.9278067,1.01649,,12.5802,12.0217
343456591,268.8793094,-74.9097422,2.00544,,12.9893,12.1103
343343999,267.7778393,-75.85452164,0.330273,,16.9762,15.9777
343456232,268.9312487,-74.52279502,0.277973,,17.692499,16.806601
343483686,269.1095741,-75.72730959,0.251798,,16.769899,15.9743
343449642,268.6704503,-75.92262983,0.43272999,,16.922001,15.9247
343450658,268.513134,-74.64959147,0.52436501,,16.451799,15.59
343455852,269.0044226,-74.16083804,0.81283498,,15.1687,14.3574
343456372,268.8727005,-74.68313998,0.142703,,14.951,14.3028
343456592,268.8911871,-74.9098665,1.18811,,14.648,13.7492
343483794,269.0253781,-75.88165799,0.184622,,17.3521,16.541599
343483786,268.9812059,-75.87498953,0.20973501,,18.528799,17.5623
343450943,268.6740104,-74.33632538,0.26903799,,17.0256,16.1777
343451012,268.6948481,-74.26034678,0.362037,,17.638201,16.7616
343456587,268.9113315,-74.90335756,-0.193113,,17.910601,17.131901
343456599,269.037037,-74.91787958,0.30619699,,17.271601,16.3594
343456600,268.8098399,-74.91889168,0.186496,,17.6425,16.7363
343406197,268.1293395,-75.73615334,0.115036,,18.1404,17.2265
343450472,268.3650285,-74.88302182,0.27450499,,18.5026,17.619699
343456235,269.093226,-74.53063415,0.107626,,17.629499,16.7407
343456245,268.9720775,-74.54159718,-0.050642699,,17.659401,16.770599
343483678,268.9454259,-75.72069255,0.130208,,17.8967,17.0812
343483787,268.9265399,-75.87538996,0.19296201,,18.3001,17.3305
343449789,268.3868036,-75.72108991,0.076907299,,18.282801,17.3036
343455855,268.9950596,-74.16328725,0.18813799,,17.625401,16.800301
343455979,269.0339424,-74.284577,0.0654229,,17.694901,16.808201
343451190,268.7274034,-74.05627,0.200673,,18.476299,17.598801
343449976,268.4731688,-75.47672249,0.031976402,,18.290199,17.3846
343456005,268.8560461,-74.31215201,0.21803001,,18.241699,17.4112
1508888305,267.4865659,-75.53428337,0.100904,,18.6222,17.697701
1508893608,267.5257705,-75.03244335,0.256522,,18.3806,17.4834
1508893885,267.6119926,-74.94476025,0.124082,,18.777599,17.9263
1508972014,267.5489264,-74.34513219,0.047079299,,18.097799,17.240101
1508881958,268.5033145,-75.80717295,-0.015988501,,19.022301,18.0739
1508887122,268.4992412,-75.19039463,-0.094483897,,18.889,17.9673
1508979844,268.4331844,-74.00759428,0.106473,,18.6705,17.8237
1508959599,268.6909091,-75.01041726,0.027804701,,18.8004,17.9277
1508959715,268.5811922,-74.99364274,0.287395,,18.354799,17.510401
1508965407,268.5740511,-74.40184367,0.108549,,18.618401,17.893499
1508877012,267.5282059,-75.77678564,0.229543,,19.347799,18.463301
1508888271,267.5116212,-75.57566942,0.47461101,,20.280899,19.2945
1508888300,267.5012604,-75.5488921,0.431977,,19.906401,18.924801
1508893879,267.5428533,-74.95852792,0.40975401,,19.3281,18.4736
1508972008,267.5106937,-74.34836672,0.244508,,19.167601,18.330099
1508972011,267.5221859,-74.34015291,0.65862501,,19.786301,18.8971
1508984806,267.6273828,-74.15510509,-0.099227101,,19.952299,19.1385
1508883004,268.5070985,-75.57138308,-0.196468,,19.6066,18.732201
1508887329,268.4565856,-75.13913974,-0.62467599,,20.691401,19.7917
1508965437,268.4312005,-74.39210739,-0.16546901,,19.346201,18.629499
1508979596,268.3379771,-74.06019574,-0.32122499,,20.276501,19.399
1508979597,268.3814983,-74.06798393,-0.454797,,20.7906,19.955799
1508882858,268.613167,-75.62850637,0.220263,,19.749701,18.975
1508883145,268.622617,-75.52141909,0.033805698,,19.997101,19.226801
1508960654,268.5746245,-74.87270633,0.133728,,20.3305,19.4685
1508965476,268.5916515,-74.37881288,0.31188199,,18.996099,18.1329
1508977843,268.6549702,-74.35130441,0.43558401,,19.6723,18.783501
1508978175,268.5945522,-74.23432803,-0.072497398,,19.0485,18.326401
343579337,270.025492,-75.56619932,0.15083601,,17.4578,16.628401
343580556,270.027569,-74.24452272,0.085538998,,16.5044,16.054399
343575425,269.9086327,-75.14720528,0.491831,,16.2705,15.4062
343450933,268.4176484,-74.3431278,0.73766899,,15.3024,14.4955
343451106,268.6210725,-74.15952841,0.44104001,,16.5184,15.6558
343487309,269.4197935,-75.19035514,0.68655699,,15.2317,14.3179
343579574,270.2243085,-75.31450731,1.00861,,14.7904,13.9246
343580554,270.3278267,-74.24904401,0.60549998,,15.5829,14.6886
292546952,270.6318117,-75.51130536,0.78608602,,14.6854,13.7384
343487768,269.4104255,-74.65097546,1.15804,,13.4633,12.5978
343450308,268.5796929,-75.09984954,0.33245099,,16.569099,15.6947
343487308,269.5573266,-75.19083788,0.33498901,,16.9965,16.195999
343487765,269.3087261,-74.65609864,0.340186,,17.0144,16.1374
343486913,269.2645041,-75.64257925,0.66065103,,16.2621,15.3761
343487096,269.51097,-75.4286677,0.51583803,,16.270399,15.3407
343487306,269.3053533,-75.19374318,0.743532,,16.234301,15.3237
343580004,270.2358352,-74.8312297,0.21684501,,16.946699,16.0527
343580437,270.1675335,-74.36664428,0.24139699,,17.240601,16.443399
343486906,269.3641099,-75.65107118,0.17699,,17.548599,16.6087
343487094,269.141455,-75.43016356,-0.081717603,,18.177799,17.362101
343580005,270.2633336,-74.83109137,0.189694,,17.660299,16.769699
343450309,268.5701975,-75.09917265,0.57634401,,17.656099,16.749599
343487303,269.2479174,-75.19570601,0.203317,,17.778099,17.018499
343488093,269.4222321,-74.33076513,0.15710799,,17.4382,16.6092
1508885483,268.9291603,-75.32181207,-0.0020939801,,18.256001,17.375999
1508959128,269.0005176,-74.88836221,-0.0053801099,,18.794399,17.918501
1508884443,269.0276855,-75.51069521,-0.0338048,,18.8459,18.01
1508885688,269.0866002,-75.27871119,0.150958,,18.752399,17.8132
1508962344,269.056262,-74.80405205,0.072333001,,18.668699,17.754999
1508962348,269.0753279,-74.79897983,-0.046983201,,18.558399,17.6721
1508958818,269.298619,-74.95476282,0.26625299,,18.308201,17.472601
1508959007,269.2675683,-74.92089395,0.0208814,,18.4888,17.5741
1508959008,269.2151628,-74.93213767,0.13298,,18.436701,17.6402
1508962576,269.2690347,-74.68114196,0.094742499,,18.734301,17.951401
1508962197,269.5777079,-74.72477476,-0.0029409099,,18.495001,17.638599
1508976856,269.5917792,-74.27755576,-0.059278101,,19.010401,18.1735
1508976858,269.5634317,-74.26977014,0.227771,,16.619101,15.7544
1508884517,269.0098792,-75.4777263,-0.222241,,19.4694,18.6332
1508885477,268.9848972,-75.33076284,-0.172656,,19.3999,18.550699
1508958969,268.944564,-74.90699585,0.65647,,19.859699,18.968399
1508959130,268.9854413,-74.88905431,0.42520699,,18.715099,17.925501
1508976242,268.9990143,-74.40307221,0.49899799,,19.3008,18.482201
1508976243,269.0025978,-74.39907266,0.436317,,19.3741,18.476299
1508977573,269.0618138,-74.14249876,0.28847301,,19.311899,18.452499
1508977574,269.0531181,-74.13962091,-0.475759,,20.193501,19.392099
1508962347,269.1150318,-74.80071849,0.015105,,19.5716,18.728701
1508962401,269.1000246,-74.76307294,-0.23407499,,19.8431,19.1856
1508962402,269.0753454,-74.75905212,0.325385,,19.285101,18.394501
1508977560,269.1038045,-74.14368368,0.20621701,,19.6551,18.802401
1508980820,269.1556854,-74.06662879,0.22677299,,20.204201,19.325001
1508980824,269.157774,-74.06995216,0.21672601,,18.6558,17.8699
1508881598,269.2790689,-75.65578045,0.125753,,20.189301,19.3111
1508881600,269.2246212,-75.64082463,-0.071663298,,19.592899,18.6457
1508881601,269.2405076,-75.63987845,-0.149997,,20.292299,19.379
1508958795,269.2678514,-74.97705198,0.077406101,,19.5937,18.7649
1508958822,269.2255172,-74.95083961,0.248566,,19.453899,18.564699
1508959010,269.2442033,-74.92998901,0.285945,,19.073601,18.202101
1508962341,269.1001117,-74.81335499,0.225181,,19.205601,18.3379
1508962582,269.2414789,-74.67032276,-0.40829101,,20.5054,19.636999
1508880048,269.4797802,-75.98916603,0.31022,,20.261299,19.3344
1508884203,269.5643068,-75.50509423,0.074748799,,19.6656,18.708099
1508884239,269.6649616,-75.47145802,0.404865,,19.6366,18.7544
1508957557,269.5815642,-75.17868751,-0.030314799,,19.149099,18.345301
1508958452,269.9746232,-75.05733123,0.124559,,19.2248,18.398001
1508958453,269.9960673,-75.05532184,0.36432099,,19.072901,18.1607
1508962206,269.5105586,-74.70889916,0.13765401,,19.2773,18.5173
1508962903,269.5333723,-74.70445619,-0.466223,,20.3256,19.5014
1508963184,269.5361155,-74.57883421,0.228677,,18.767599,17.9037
1508963196,269.4911296,-74.56734815,-0.460841,,19.9772,19.2062
1508976045,269.5968873,-74.35956892,0.458974,,18.524599,17.7987
343449692,268.4420705,-75.85829639,1.03467,,14.8163,13.8886
343449770,268.7823913,-75.75263015,0.39011401,,15.7092,14.8535
343450049,268.6482318,-75.38865768,0.39748701,,16.560499,15.6302
343449915,268.566892,-75.5640469,0.584732,,15.4433,14.6594
343449994,268.5387127,-75.45715003,1.03822,,14.9763,14.0791
343451045,268.720461,-74.22912963,0.46717599,,16.557501,15.6599
343450051,268.4575033,-75.38843124,1.5095299,,12.5964,11.7671
343450689,268.6939653,-74.61310118,0.105615,,17.210899,16.348
343449995,268.5206363,-75.45565444,0.56468898,,16.096201,15.1824
343449772,268.4935425,-75.75137725,0.228732,,17.9956,17.2071
343450488,268.3998977,-74.85703607,0.198066,,17.202999,16.3773
343449996,268.5131523,-75.45529112,0.31592199,,17.9575,17.115999
343450016,268.4340742,-75.42155841,0.58564001,,13.8006,13.2788
343450024,268.7318398,-75.4117004,1.12995,,13.8186,13.0093
343450956,268.6342218,-74.32370177,0.70779401,,14.1232,13.2794
343487195,269.3720787,-75.29662146,0.53450602,,15.1436,14.196
343487159,269.281756,-75.33732711,0.73811501,,15.7282,14.8175
343487372,269.2078737,-75.12263835,0.68999797,,15.6753,14.7754
343487416,269.4207747,-75.05260622,0.411975,,15.7574,15.0737
343574445,269.8880095,-74.12276394,0.85672599,,15.482,14.5954
343574780,269.817734,-74.44498849,0.43743801,,15.2778,14.4132
343456436,269.1736025,-74.74437467,0.44264299,,16.880699,15.9679
343487419,269.3081949,-75.04812598,0.48166999,,16.6887,15.796
343487156,269.3792554,-75.34107332,2.15521,,12.7681,12.0038
343487338,269.280581,-75.16032806,1.1079201,,12.0163,11.4356
343487294,269.1882511,-75.2008331,0.420288,,16.4841,15.6019
343450017,268.5048689,-75.41951788,0.28200999,,17.6061,16.674299
343487842,269.4122788,-74.57892881,0.462338,,16.746201,15.8775
343455807,268.9518382,-74.12578054,0.44262201,,16.437099,15.6244
343450018,268.4331879,-75.41800422,1.04383,,13.8907,13.0472
343487295,269.20379,-75.19994023,0.90222502,,14.2321,13.5662
343450019,268.6033899,-75.4138192,0.32827601,,17.534901,16.704399
343450543,268.6582586,-74.7886323,0.306743,,17.8587,16.957001
343486696,269.5065703,-75.89712349,0.35835001,,17.8512,16.9415
343487199,269.3262977,-75.29491228,0.21823201,,17.0695,16.3381
343450952,268.5153667,-74.32756151,0.28660101,,17.2644,16.3859
343450541,268.5990979,-74.78948055,0.37978899,,16.632099,15.7373
343486701,269.5639477,-75.89005547,0.30003399,,17.945801,16.959999
343487336,269.3546813,-75.16557738,0.12750299,,18.083,17.240999
343487754,269.5606964,-74.66816152,0.405655,,17.819401,16.919399
343450586,268.365677,-74.74041479,0.22448701,,17.545099,16.6677
343455809,268.9688251,-74.12701753,0.200317,,17.527901,16.6856
343486819,269.5835889,-75.74264834,0.40697899,,17.5464,16.575701
1508978629,268.3288089,-74.20516261,0.107218,,18.851999,18.060301
1508887313,268.461547,-75.15897266,0.076854303,,18.1821,17.2614
1508963986,268.4981547,-74.69837701,0.25707,,18.557199,17.691799
1508965139,268.47601,-74.47768932,0.175254,,18.828199,17.958401
1508977858,268.5611358,-74.33664951,-0.14408401,,18.582701,17.704
1508978212,268.4498153,-74.2216807,-0.0107374,,18.621799,17.7784
1508885346,269.174198,-75.38841852,0.048202701,,19.043301,18.153601
1508980714,269.3013174,-74.08464023,-0.083919398,,19.241301,18.339199
1508881571,269.343118,-75.65492099,0.14411099,,18.712099,17.8181
1508881572,269.3011846,-75.64763118,-0.0195789,,18.8689,18.077299
1508976103,269.3227952,-74.46366007,0.20478299,,17.774,16.9063
1508976107,269.2297722,-74.46256022,-0.144814,,19.071301,18.2185
1508977226,269.4390961,-74.23248316,-0.023425801,,18.260201,17.4049
1508880328,269.6707924,-75.85316461,-0.016669,,18.811001,17.9016
1508883977,269.6089881,-75.57668327,0.147499,,18.333401,17.427401
1508884151,269.5919918,-75.54203606,-0.49713799,,19.5772,18.660801
1508884968,269.6469076,-75.43123077,0.184475,,18.4769,17.6248
1508977022,269.5598514,-74.2448761,0.229091,,18.696199,17.816299
343487152,269.2993687,-75.348508,0.327234,,18.6278,17.7351
1508871330,268.3739367,-75.96488178,-1.49123,,20.584499,19.6574
1508882323,268.2592256,-75.79347459,0.50699699,,18.4093,17.4235
1508883210,268.3861811,-75.50144518,0.41562301,,18.6614,17.764999
1508883252,268.3503217,-75.48504266,0.552755,,19.929001,18.9888
1508883255,268.3074735,-75.47173104,-1.31777,,20.545099,19.653601
1508886038,268.376837,-75.39813496,0.25468901,,20.2208,19.2981
1508886039,268.4148735,-75.39548763,0.00121137,,18.433399,17.8806
1508959793,268.5092847,-74.95094215,0.342031,,20.2082,19.3281
1508961155,268.3386616,-74.80948439,-0.085751399,,19.414801,18.541
1508961156,268.3158296,-74.80392185,0.35098001,,20.238899,19.3368
1508965619,268.287259,-74.43410637,0.091022499,,19.3862,18.559
1508978342,268.382354,-74.28061471,-0.027039099,,19.3545,18.5142
1508978345,268.3634957,-74.27239467,0.30886,,18.6394,17.847401
1508978638,268.3294325,-74.19259325,-0.021537,,20.0355,19.191799
1508979649,268.2808677,-74.02278731,0.28776899,,20.445299,19.560301
1508882022,268.4439052,-75.77594189,0.116186,,19.551201,18.6042
1508883189,268.4214912,-75.5454788,0.38785401,,18.4741,17.5534
1508887307,268.4265521,-75.16228466,-0.00042332601,,19.670601,18.9601
1508959727,268.5595048,-74.97693523,0.127134,,18.8491,18.1294
1508961074,268.3140171,-74.86889566,0.336521,,19.6647,18.8293
1508965212,268.4771793,-74.4502868,0.102017,,19.363501,18.4797
1508965417,268.4997695,-74.41213874,-0.00183023,,19.840401,19.048201
1508965419,268.5023934,-74.41299933,0.0414766,,19.7822,18.9837
1508965503,268.5335287,-74.35963033,0.156023,,19.500601,18.6411
1508965504,268.4853344,-74.35647621,0.38201201,,19.604799,18.7145
1508978202,268.4441272,-74.23004031,-0.45903,,19.998899,19.3255
1508881916,268.6045288,-75.79728518,-0.025429999,,19.677,18.727699
1508959815,268.5591249,-74.91391506,0.42422301,,19.380501,18.5042
1508979483,268.545956,-74.0076969,0.40170199,,19.3771,18.574301
1508880684,269.2732056,-75.8101465,0.048675202,,19.7456,18.972099
1508976551,269.1211101,-74.27905017,0.27699101,,18.450701,17.6656
1508976554,269.118945,-74.27687957,0.313308,,19.432199,18.5982
1508881364,269.4152784,-75.71439159,0.096825898,,20.2218,19.2714
1508881575,269.2500654,-75.67659102,-0.17631701,,19.8318,18.874901
1508959037,269.4146223,-74.91762349,-0.15083,,19.655001,18.893499
1508976100,269.3353549,-74.47917069,0.61918402,,18.3382,17.440701
1508976102,269.3099191,-74.46368502,-0.077144101,,19.516701,18.7127
1508976106,269.2599753,-74.46345778,-0.504978,,20.1812,19.3113
1508977131,269.3690441,-74.30032173,0.0024501199,,18.7176,17.965
1508880323,269.6261931,-75.86896251,0.624798,,19.8242,18.867399
1508880343,269.5297083,-75.86143455,0.30767,,18.4793,17.617201
1508880347,269.5551243,-75.85575102,-0.121423,,19.518999,18.632
1508881013,269.6089297,-75.76232383,-0.155982,,19.3512,18.4259
1508883985,269.5402762,-75.58632895,0.14787599,,19.455099,18.496401
1508884144,269.6515786,-75.5436587,0.25507,,18.728901,17.9179
1508957593,269.5904142,-75.12637451,0.21087299,,18.966299,18.098101
1508958350,269.6112852,-75.05161226,0.20118099,,19.3808,18.4858
343580404,270.1969956,-74.40299067,1.06134,,14.2702,13.4338
343405460,268.3139734,-74.77929327,0.51456797,,16.243099,15.3968
343405465,268.2706312,-74.78329631,0.314345,,16.4139,15.554
343406114,268.2237344,-75.62581373,0.89587402,,15.1268,14.2202
343406349,268.1555733,-75.94576378,0.456467,,16.233801,15.2289
343405339,268.086701,-74.62563377,0.31815499,,17.3913,16.5427
343405435,268.1920903,-74.75216597,0.25988001,,17.5135,16.705
1508959834,268.3928752,-74.91852132,0.020120099,,18.860901,17.9655
1508965894,268.3204097,-74.33649154,0.134174,,18.966999,18.077499
1508959293,268.7207714,-75.12200586,-0.55320102,,19.3241,18.4641
1508964985,268.7734168,-74.53229269,0.090866998,,18.900499,18.0208
1508979009,268.7609611,-74.16571953,0.039219599,,18.576,17.6998
1508961609,268.0897416,-74.67262922,-0.18217599,,19.960899,19.1059
1508961613,268.0441156,-74.67385602,0.088051103,,19.3111,18.420799
1508964874,268.0148926,-74.46934517,0.247695,,18.828199,17.958799
1508978500,267.983569,-74.22554369,0.206173,,18.772699,17.945801
1508871641,268.2789598,-75.82555754,0.27964199,,18.8039,17.876699
1508883277,268.2707665,-75.5999189,0.217081,,20.0597,19.1194
1508959860,268.2676841,-75.04024403,0.117297,,19.835199,18.948299
1508959836,268.3774467,-74.91317187,0.485715,,19.603001,18.7225
1508965541,268.324018,-74.47871971,-0.0082349004,,19.865801,18.9967
1508965543,268.313653,-74.47971477,0.37628099,,18.752501,17.8995
1508965893,268.2987614,-74.33769387,-0.0097101396,,19.716299,18.924801
1508965903,268.3600544,-74.32036535,-0.226384,,19.6679,18.9702
1508882878,268.8166614,-75.61147113,0.71108103,,18.9405,18.047899
1508886920,268.8710068,-75.31174972,0.096445598,,19.1087,18.2666
1508960893,268.7504809,-74.79107227,0.301395,,18.757401,17.977699
1508964128,268.7910702,-74.63285548,0.337845,,18.679501,17.860901
1508964175,268.770849,-74.60775431,0.184801,,19.194401,18.446199
1508964179,268.7220079,-74.60395266,0.54785901,,18.867399,18.070801
1508964180,268.6656358,-74.60270775,0.12586799,,19.6562,18.887501
1508964986,268.7607068,-74.53045223,0.248864,,18.924,18.0438
1508979001,268.7941733,-74.17029782,0.17859299,,18.882601,18.096901
343400008,267.9599579,-74.90639588,0.27263799,,16.7341,16.011299
343400785,267.7855596,-74.04752443,0.175614,,16.138201,15.8034
343405534,268.0996159,-74.88389017,0.60708803,,15.4936,14.6495
343405536,268.1581934,-74.88495064,0.58105701,,15.7629,14.9711
343399837,267.9843511,-75.0889633,0.151971,,17.502001,16.5966
343344297,267.8748811,-75.48639165,0.29840001,,17.356199,16.552
343400010,267.8540794,-74.9036763,0.27127799,,18.113899,17.2722
343405533,268.3159148,-74.88056704,0.103816,,17.231899,16.385401
343344276,267.923171,-75.51071353,-0.051686902,,18.0627,17.1248
1508961662,267.9221098,-74.63235541,0.13988701,,18.4704,17.5919
1508961664,267.9231799,-74.62836717,0.253622,,18.2759,17.3801
1508887137,268.3925112,-75.20090813,-0.032722201,,18.9484,18.0431
1508887133,268.4416515,-75.20526706,0.090840101,,18.471901,17.5972
1508978316,268.3600376,-74.29541918,0.0134138,,18.437,17.5623
1508871792,267.9082622,-75.91507132,0.20024399,,19.4946,18.5144
1508883682,267.9603942,-75.43016618,-0.387959,,19.1649,18.591
1508960020,268.0580504,-74.99126677,0.0368427,,19.482201,18.604799
1508960400,268.0042667,-74.84461234,0.281362,,18.8943,18.160601
1508964598,267.9198264,-74.54380258,-0.18703,,20.122,19.312201
1508966092,267.9509454,-74.24668315,-0.48698401,,19.740299,18.9063
1508871371,268.3807343,-75.95868952,0.043028601,,19.7799,18.872101
1508882288,268.3623373,-75.67172794,0.140274,,19.9748,19.021799
1508885987,268.370891,-75.43349297,-0.085671097,,20.2871,19.407499
1508887397,268.3511923,-75.06706588,-0.844033,,20.8771,19.973801
1508887399,268.3115989,-75.23769355,0.179213,,19.4055,18.479601
1508959515,268.3896563,-75.01581048,0.14830101,,19.1236,18.351801
1508959767,268.4875979,-74.96586454,0.23251501,,19.873501,18.9879
1508965522,268.3537231,-74.49900543,0.085643999,,19.6105,18.8326
1508965524,268.3655154,-74.49437309,0.46949899,,19.328699,18.485701
343400169,267.6901048,-74.73075501,0.27937701,,16.7911,15.9823
343344190,267.9918361,-75.6139766,0.542364,,15.7972,14.8529
343400149,267.8394245,-74.75768942,0.77460599,,15.303,14.4826
343400569,267.8989482,-74.29134799,4.4372501,,9.7166204,9.2088699
343400147,267.6994376,-74.75882187,0.58701599,,16.4214,15.539
343400259,267.8758421,-74.62208597,0.155434,,17.878201,17.0907
343400152,268.0302217,-74.7543584,0.209857,,17.750401,16.9797
1508960044,267.9074956,-74.98030019,0.13629299,,18.329901,17.448601
1508978832,268.0105332,-74.13241807,0.22701199,,18.1609,17.302601
1508978833,268.0434098,-74.13101461,0.218704,,18.712299,17.8459
1508979725,267.9980641,-74.03729317,0.16021401,,18.508699,17.633499
1508984951,267.9007855,-74.09956039,-0.140332,,19.3895,18.5152
1508882522,267.9796429,-75.66321795,0.47265801,,20.2686,19.2885
1508961267,267.9420366,-74.79021053,0.49237299,,20.361,19.4608
1508964843,267.9711605,-74.4933515,0.047669701,,19.619699,18.7568
1508978581,267.9235621,-74.18688395,-0.230551,,19.649099,18.8524
1508979719,267.9696821,-74.04181547,-0.00246286,,19.624901,18.921101
256096494,266.9407927,-75.41434523,0.96619898,,13.6777,12.8745
343339861,267.4611067,-74.44539551,1.3144701,,13.3495,12.653
343340657,267.2796331,-75.30401805,2.6474199,,13.1302,12.2769
343400565,267.8510447,-74.29354934,0.252103,,17.089001,16.251801
343400042,267.85288,-74.86755335,0.46254501,,16.9205,16.0425
343399578,267.6262281,-75.37531553,0.482651,,16.2195,15.3158
343339854,267.6095397,-74.43658589,0.90713799,,14.1294,13.2604
343343954,267.7135425,-75.91568644,0.768525,,15.195,14.2789
256097029,266.9325894,-74.86831498,0.45338699,,15.6253,14.8943
256097681,267.0942458,-74.26065435,0.436443,,16.244699,15.4249
343339656,267.3266623,-74.22934714,0.58698601,,15.448,14.7217
343340656,267.3682649,-75.29954913,0.54812002,,15.8429,14.9232
343340719,267.3773241,-75.37496768,0.83627099,,14.968,14.0816
343340998,267.3763189,-75.72777392,0.60377401,,15.1604,14.2276
343399774,267.9906215,-75.15585233,0.49792901,,15.4999,14.6739
343400566,267.6169151,-74.29351214,0.69656301,,15.8778,15.0735
343399957,267.8955315,-74.9626066,0.70964998,,15.0547,14.2178
343400040,267.6305552,-74.87148395,0.70573598,,15.0419,14.1636
343339571,267.3882431,-74.14798318,0.92282599,,13.7317,12.9617
343343948,267.7179212,-75.92170799,0.36072099,,16.667601,15.7224
343400172,267.6785942,-74.72558939,0.57378101,,16.3974,15.5023
343399736,267.6789494,-75.19647787,0.30572599,,16.6385,15.7335
256097028,267.0322531,-74.86947831,0.47523701,,15.9879,15.2357
343339856,267.5559155,-74.43756944,0.36373499,,16.1698,15.3326
343400496,267.6230956,-74.37465579,0.36217201,,15.9162,15.0742
343344152,267.7209766,-75.65612377,0.55211198,,16.1803,15.3018
256096041,266.928361,-75.93577391,0.29741201,,17.1574,16.153099
256096038,267.2740075,-75.93823489,0.25856701,,18.2918,17.277399
256097027,267.1488475,-74.87040651,0.33856401,,17.678101,16.8148
256097349,266.8256498,-74.54458983,0.42231199,,17.0296,16.1768
343340674,267.3300796,-75.32578927,-0.00331112,,17.239,16.407801
343339953,267.6073716,-74.55360536,0.28372899,,17.303699,16.545601
343344181,267.9814617,-75.62373366,0.31035101,,17.4914,16.5888
343400499,267.6258404,-74.37010608,0.23793299,,16.909401,16.064899
343399843,267.6869578,-75.08365013,0.126697,,17.791599,16.915701
343399844,267.8061628,-75.08321142,0.0152669,,17.540501,16.6807
343339853,267.3851895,-74.43543168,0.155175,,17.6824,16.802
343340857,267.5745172,-75.5383121,0.090713598,,18.1418,17.2325
343344149,267.6533229,-75.65754466,0.35922101,,17.560301,16.6201
343399959,267.8528756,-74.95950158,0.150585,,17.3692,16.543699
343400041,267.896804,-74.86789164,0.281625,,17.3435,16.475901
256096690,267.1542002,-75.19630143,0.26012301,,17.9261,17.051399
343399698,267.7787063,-75.23610091,0.38023701,,16.334101,15.4639
256096492,266.94647,-75.41639862,0.214544,,18.5578,17.7008
256096694,266.9023539,-75.19481867,0.310808,,17.0357,16.1164
343340675,267.4944445,-75.32757639,0.20588,,17.4216,16.5016
343340677,267.2934579,-75.32769943,0.22727901,,17.540199,16.663099
343344292,267.6915508,-75.49592945,0.0129982,,17.7038,16.7789
343344006,267.7361412,-75.84906085,0.34144199,,17.049601,16.098801
343400788,267.6997746,-74.04514262,0.29086399,,17.754999,16.898899
343399850,267.7256798,-75.08054418,0.318993,,16.7297,15.8812
343399956,268.0255291,-74.96567616,0.32745501,,17.937201,17.0396
343340717,267.3785496,-75.37365544,0.46714199,,17.563801,16.6884
343400493,267.6184067,-74.37724714,0.26623401,,17.7988,16.927401
343399699,267.9231276,-75.23473087,0.20319,,17.922701,17.018101
343340279,267.5740949,-74.87991598,0.196201,,17.689899,16.9272
1508894148,267.0085765,-74.93326221,-0.107581,,18.7712,18.016399
1508971416,267.0020281,-74.42558987,0.13234399,,18.5989,17.7502
1508893814,267.6194237,-74.99868737,-0.081639998,,18.2521,17.4498
1508966449,267.6699136,-74.81434528,0.14129899,,18.8318,17.931
1508984780,267.6783455,-74.11866527,0.14351299,,18.4039,17.5774
1508871123,267.8770075,-75.93643203,0.44525301,,18.156401,17.191401
1508871815,267.7285696,-75.89881049,0.40395799,,17.176901,16.167601
1508883756,267.8636784,-75.38742161,0.32473499,,18.0744,17.144501
1508886876,267.8984649,-75.1918112,0.160597,,18.0907,17.226
1508964853,267.8836841,-74.47167481,0.213609,,17.9741,17.120001
1508971080,267.7696224,-74.40786003,0.054742001,,18.4695,17.661501
1508887571,267.945439,-75.15782466,0.037925702,,18.501801,17.587799
1508960429,267.9212072,-74.84955696,0.223341,,18.2386,17.338499
1508985872,267.9133444,-74.00889612,0.188106,,18.5963,17.719601
1508886766,268.0775395,-75.22417464,-0.069966398,,18.5488,17.6528
1508887842,268.1447182,-75.03140968,0.00313414,,18.433201,17.5338
1508960196,268.1336716,-74.92182315,0.35940999,,18.097,17.212
1508961138,268.1095375,-74.80873635,0.035428502,,18.167,17.2899
1508961411,268.1988709,-74.74862927,0.22502699,,18.1404,17.2603
1508961413,268.2360193,-74.75366228,-0.0289074,,18.8741,18.0574
1508961422,268.2423087,-74.74319234,0.255474,,18.399401,17.5119
1508965749,268.0371296,-74.38384397,0.038436901,,18.555901,17.685301
1508965955,268.0941008,-74.33925835,0.13067301,,18.2435,17.6082
1508965958,268.0776767,-74.34822018,0.26787099,,18.253401,17.4081
1508965963,268.0586701,-74.34185218,0.117084,,18.118099,17.421101
1508888551,267.0563473,-75.56961238,0.34266499,,18.882999,17.9366
1508888555,267.0250637,-75.56050887,0.13403299,,19.7255,18.9296
1508893030,266.9749134,-75.12918627,0.159705,,18.957199,18.134701
1508894152,266.9346573,-74.99124921,-0.46658599,,19.1119,18.406099
1508971414,267.0756337,-74.42708895,0.38438401,,19.4699,18.6318
1508971417,266.97606,-74.41873552,0.078038797,,19.5187,18.639
1508971683,267.0970372,-74.35723907,0.432412,,18.605301,17.7341
1508972687,267.0908578,-74.18682892,0.25220299,,17.6861,17.2173
1508985442,266.9947585,-74.04342147,-0.15523399,,19.0928,18.3944
1508985443,267.0266543,-74.04564942,-0.183529,,19.9485,19.1735
1508892657,267.7572802,-75.21943476,0.51300597,,19.5065,18.605
1508893581,267.5892284,-75.06092435,0.099541299,,19.017401,18.179501
1508893810,267.5996613,-75.00060433,0.19540501,,18.6661,17.8986
1508893815,267.6363423,-74.99049266,0.41487899,,19.924101,19.0835
1508966231,267.6476836,-74.85855237,-0.103203,,19.7875,18.879299
1508972218,267.6841828,-74.24685307,0.42170301,,19.127399,18.335501
1508972220,267.8440995,-74.26343608,0.242768,,18.9951,18.156099
1508985192,267.5664445,-74.00086594,0.28549299,,18.8979,18.0476
1508871874,267.8854094,-75.84382119,0.29304999,,18.7281,17.829399
1508886613,267.8313572,-75.29190163,0.30136299,,20.259899,19.360701
1508886627,267.881316,-75.28269905,0.25262001,,20.127899,19.2672
1508886631,267.8912585,-75.27511021,0.298825,,20.662701,19.7334
1508960091,267.9888083,-74.95365983,-0.0148723,,19.733801,18.9669
1508964856,268.1311439,-74.50475657,0.191973,,19.1908,18.3696
1508971077,267.8039848,-74.42249631,0.153161,,18.818199,18.040501
1508971081,267.7585534,-74.4044116,0.032056499,,19.296499,18.493
1508971082,267.7546626,-74.40046649,0.089374401,,19.932301,19.1292
1508984943,267.8409792,-74.11521676,0.48998401,,19.5203,18.6607
1508985862,267.8773333,-74.01262232,0.13672,,20.0114,19.1586
1508871113,267.8757753,-75.94510493,0.077731296,,19.821199,18.897699
1508882468,267.9602461,-75.70851867,0.193417,,19.402599,18.4114
1508882769,267.8728535,-75.55182905,-0.095238999,,19.7687,18.963699
1508886593,268.0253465,-75.29988578,-0.79176903,,20.2043,19.341
1508886786,267.9147162,-75.26015482,0.52511001,,19.435301,18.5441
1508886835,267.9678203,-75.22673169,-0.225116,,19.5098,18.7717
1508961673,267.8905183,-74.63219003,0.28064799,,19.9569,19.075001
1508966021,267.9691247,-74.31180527,0.51382202,,19.0812,18.3542
1508985868,267.9014249,-74.00750426,-1.02675,,20.578199,19.852699
1508871912,268.185607,-75.88250017,0.50255299,,19.840599,18.930401
1508871922,268.1305927,-75.85476936,0.51181602,,19.537001,18.555401
1508887538,268.0660427,-75.13283589,-0.45845801,,20.3307,19.4991
1508887541,268.1106265,-75.12370889,-0.14542501,,20.381399,19.5653
1508887836,268.0940661,-75.04551458,0.267845,,19.3211,18.580999
1508887840,268.1466628,-75.04957415,0.122976,,19.6782,18.8323
1508887841,268.1679621,-75.03841111,0.0820513,,19.7628,19.0557
1508960198,268.1171007,-74.91342951,-0.369241,,19.4844,18.7509
1508960199,268.1778281,-74.91428285,-0.042364899,,19.6292,18.8577
1508961139,268.1091765,-74.80064937,-0.088170096,,19.494101,18.7085
1508964497,268.1120185,-74.64620191,-0.66345602,,20.0877,19.3417
343405210,268.0047299,-74.45554243,0.53544199,,15.7562,14.894
343405290,268.149522,-74.56802798,0.82671499,,14.5252,13.7106
343405904,268.0383307,-75.37244066,0.52860302,,16.327499,15.397
343405405,268.2391736,-74.72125316,0.46764901,,16.568399,15.6914
343405289,268.2942881,-74.56778227,0.288647,,17.2994,16.467501
343405404,268.0457281,-74.72024694,0.26908499,,17.337299,16.461901
343405408,268.2437216,-74.72437454,0.270284,,17.598101,16.756599
343405829,268.3166776,-75.27587369,0.265697,,18.0028,17.1609
343405990,268.0316817,-75.45620587,0.00052525802,,18.315599,17.387899
343406320,268.2791298,-75.89709257,0.22417399,,17.5117,16.519199
256096021,266.9363922,-75.95752628,2.9881799,,10.1018,9.6247902
343340516,267.5282961,-75.14700867,2.23019,,11.23,10.5174
343339670,267.4035868,-74.24855766,2.08038,,11.3697,10.6897
343400228,267.9029751,-74.65372238,2.52562,,11.6999,11.0731
343340014,267.5012788,-74.60792785,0.247289,,17.7813,16.950399
343400222,267.6437554,-74.65635997,0.40459299,,16.764999,15.9423
343405784,268.3323825,-75.21443318,0.28208199,,17.264999,16.3972
343405790,268.3617194,-75.22301125,0.36248499,,16.9669,16.066401
343344075,267.8026561,-75.751063,0.54703701,,17.2428,16.2654
343405175,268.1331668,-74.4182737,0.22390801,,16.601801,16.0443
343340008,267.4858349,-74.60391622,0.57551599,,15.3621,14.538
343340013,267.2747731,-74.60771644,1.12143,,14.624,13.8256
343399641,267.7659876,-75.30071013,0.74656498,,14.0014,13.2062
343399745,267.8040721,-75.18543239,1.39377,,13.7323,12.9549
343400108,267.8665254,-74.80321666,1.34534,,13.6854,12.9461
343400755,267.6669996,-74.08454107,0.68701601,,13.9389,13.2437
343399978,267.6974263,-74.94094646,1.42088,,13.8955,13.0983
343405174,268.3226597,-74.41671022,0.45098099,,16.144699,15.2972
343340667,267.4211225,-75.32184329,0.68337101,,15.2734,14.3577
343340984,267.3089101,-75.70563315,0.61330402,,16.2637,15.2356
343340987,267.4469189,-75.71584006,0.220837,,16.1828,15.324
343340988,267.2546176,-75.71615593,0.47199199,,16.114799,15.1883
343341055,267.2265104,-75.82101668,0.40265,,16.192101,15.2485
343399563,267.7627493,-75.39113049,0.92219597,,15.5996,14.6652
343400112,267.8140584,-74.79986378,0.74546099,,14.8495,14.0831
343400548,267.9696479,-74.32125783,0.58089602,,15.9172,15.0245
343400756,267.9298477,-74.08445511,0.31159201,,15.4177,14.7429
343404992,268.2813234,-74.1849157,0.54340202,,15.854,14.9909
343405345,268.3474077,-74.63197778,0.72201401,,15.0675,14.212
343405603,268.2295959,-74.97920007,0.60482597,,15.4594,14.6169
343405714,268.3299228,-75.12752414,1.03434,,15.0075,14.0934
343341075,267.5918707,-75.85115894,0.379464,,17.010799,16.055401
343405234,268.1990618,-74.48624959,0.122161,,17.233299,16.730101
343405605,268.339246,-74.97989984,0.281266,,16.825199,15.9495
343340520,267.5111904,-75.15007525,0.597884,,15.6615,14.7457
343399741,267.6692326,-75.19242442,0.33535099,,16.3536,15.4928
343399982,267.9690194,-74.93142118,0.31738999,,16.093599,15.3494
343400451,267.9637109,-74.42705661,0.30202201,,16.507601,15.6149
343341054,267.2494487,-75.8210736,0.31461799,,17.690599,16.6884
343341058,267.3082061,-75.82613501,0.34066799,,17.5667,16.5361
343399670,267.7517948,-75.26883695,0.164869,,17.423901,16.521799
343405243,268.0800216,-74.49654295,0.41663799,,17.471001,16.5844
343399671,267.7171281,-75.26730579,0.630512,,16.7686,15.8614
343405481,268.1648116,-74.80342192,0.30397701,,16.7987,15.8974
343340940,267.3009744,-75.64663302,0.183495,,18.295401,17.3993
343340943,267.2567249,-75.65304497,0.211466,,18.402201,17.420799
343340151,267.645244,-74.75504117,0.181686,,17.8004,16.922001
343399742,267.7214341,-75.19072042,0.28944099,,17.106501,16.5084
343400445,267.6578588,-74.43490913,0.3177,,18.1427,17.288799
343405223,268.3360451,-74.47629574,0.319594,,17.724001,16.852301
343404994,268.3806403,-74.18564473,0.080539197,,17.619699,16.9189
343405244,268.1878753,-74.49698101,0.18718,,17.7314,16.8489
343405250,268.3526107,-74.50266214,0.38475999,,17.2736,16.4184
343406172,268.0515643,-75.71131268,0.16959199,,18.0809,17.130501
343406175,268.3352774,-75.71328516,0.13055301,,18.002001,17.071899
343340012,267.2648918,-74.60653849,0.245086,,17.1852,16.459999
343341073,267.5478695,-75.85032558,0.198588,,18.082399,17.122801
343400757,267.8293272,-74.08407417,0.225769,,17.034901,16.169701
343343919,267.8166463,-75.95971037,0.34590799,,17.704399,16.706301
343340016,267.4871054,-74.61039756,0.251977,,16.854601,15.9686
343340670,267.4243204,-75.32392899,0.0583391,,17.8416,16.9846
256096108,266.8804387,-75.8668739,0.228019,,18.312201,17.311399
1508889002,266.7168763,-75.3647456,0.066501603,,18.4652,17.604
1508889280,267.2151941,-75.37504699,-0.040401801,,19.101801,18.191
1508893735,267.3001352,-75.01316776,0.40341499,,18.1889,17.283001
1508971254,267.2149719,-74.48854237,-0.0642979,,19.089701,18.231199
1508972781,267.2296818,-74.19129848,0.042496499,,18.6008,17.740601
1508972864,267.2186273,-74.13858399,0.12338,,18.4023,17.5359
1508970731,267.6008725,-74.53687202,0.367084,,18.3787,17.489901
1508970732,267.6161499,-74.5441778,0.073153101,,18.2726,17.4286
1508971025,267.6460215,-74.4534198,0.104652,,19.0504,18.181101
1508970708,267.7817341,-74.55963558,-0.101045,,19.0515,18.212601
1508971901,267.6991036,-74.34586633,0.294395,,18.1439,17.279499
1508972293,267.7502227,-74.22977124,0.184191,,18.2628,17.3734
1508972298,267.7737497,-74.21279212,-0.083787501,,18.566799,17.7101
343400103,267.6698547,-74.8072986,0.48285601,,18.142799,17.2384
1508890063,266.5585308,-75.51490068,0.334488,,18.9489,18.2201
1508888719,266.8244142,-75.50497155,0.42101899,,19.310499,18.371
1508890057,266.5695227,-75.51956591,0.154791,,19.521099,18.747801
1508890058,266.5347092,-75.51545979,-0.26001099,,20.139099,19.3141
1508888754,266.6035907,-75.47769744,0.50711203,,19.525299,18.6301
1508888772,267.1401365,-75.5201969,0.37667999,,18.9972,18.141399
1508888940,266.8244082,-75.41108948,0.457037,,19.6091,18.715599
1508888995,266.7361179,-75.38191126,0.289949,,19.6408,18.7785
1508888997,266.7505521,-75.3755006,-0.24741399,,19.908899,19.0574
1508876270,267.1171733,-75.8445165,0.144906,,19.972601,19.040701
1508889200,267.2144787,-75.43014708,-0.075338103,,19.4174,18.637501
1508968138,267.174262,-74.52533698,-0.47318301,,20.350201,19.5502
1508972801,267.2566782,-74.18283638,-0.185072,,19.221399,18.6402
1508972807,267.1386765,-74.16501805,0.136272,,19.760401,18.9109
1508972808,267.1501721,-74.16312355,-1.0718499,,20.4911,19.763901
1508966512,267.5835235,-74.78268841,0.14996301,,19.1091,18.2929
1508966518,267.6319171,-74.77540531,-0.29311499,,19.474199,18.6586
1508967314,267.5842724,-74.67736336,-0.039892301,,20.4114,19.553301
1508967533,267.6034353,-74.64560018,-0.096827902,,19.393101,18.582899
1508967534,267.6327764,-74.64408962,0.019913601,,20.2493,19.490999
1508970737,267.6668631,-74.53681985,0.159566,,19.5068,18.6488
1508971964,267.6774524,-74.32882532,-0.61799002,,20.2936,19.4095
1508883694,267.7580717,-75.42912663,0.464239,,19.3027,18.4678
1508883699,267.7724597,-75.41625312,0.151265,,18.982401,18.0846
1508967516,267.7688543,-74.64935981,0.18083701,,19.2321,18.4079
1508970709,267.7545964,-74.55791627,0.15713499,,19.5837,18.6931
1508985065,267.7222715,-74.04780533,0.16424701,,19.0205,18.3202
343400279,267.8145283,-74.59835284,5.1368599,,9.9738903,9.3061705
256091259,266.6774781,-74.01680633,1.3276401,,13.4386,12.6802
256091316,266.762241,-74.07583074,1.14816,,13.56,12.7932
343399896,267.9291476,-75.03701584,0.97682899,,13.5567,12.6915
343399757,267.9028297,-75.17145782,2.0581901,,12.5604,11.7654
256092410,266.5489699,-75.26146994,0.427838,,16.851101,15.9221
256091645,266.5772407,-74.41452195,0.21629301,,17.9683,17.083599
256092385,266.7624893,-75.23930016,0.40228999,,16.6052,15.7782
256092466,266.522705,-75.32446834,0.36963901,,17.459,16.5273
343339691,267.4660567,-74.2646286,0.41718099,,16.559601,15.7682
343339931,267.2537886,-74.53306271,0.235779,,17.431601,16.572701
343340330,267.4260047,-74.94649334,0.212146,,17.070801,16.2218
343341145,267.4706002,-75.94406044,0.28169501,,16.8258,15.963
343400515,267.9296124,-74.35262352,0.24487901,,17.1593,16.440701
343400516,267.8939656,-74.35202783,0.311874,,16.8279,16.030701
256092711,266.669482,-75.59552314,1.55067,,14.261,13.3155
343400648,267.8785876,-74.20022117,0.53567702,,14.965,14.1539
343340205,267.5439303,-74.8062588,0.84233302,,15.3852,14.5427
256091522,266.7258071,-74.28484818,0.52967501,,15.388,14.543
256092233,266.548111,-75.06765134,0.995749,,13.8312,13.1488
256092906,266.7393943,-75.83282761,0.97368503,,15.0211,13.9943
343340680,267.4203593,-75.33209483,0.71136898,,13.7949,13.1744
256054189,266.1159376,-74.39389718,0.77503997,,14.7452,13.9275
256091608,266.5951058,-74.37748763,0.28953499,,16.597,15.8022
256092038,266.6980987,-74.82580332,0.70753503,,15.9662,15.135
256092101,266.675719,-74.9053356,0.54251301,,16.0247,15.1746
256092262,266.5748373,-75.11012578,0.52783102,,16.1642,15.2555
256092386,266.5167886,-75.24013059,0.57825798,,16.2073,15.3224
256092513,266.6872017,-75.37866958,0.26666501,,16.6173,15.6799
256092514,266.8188157,-75.37949062,0.71806002,,15.5347,14.5992
256092517,266.4660434,-75.38154467,0.99745703,,15.067,14.149
256092535,266.5469723,-75.39886976,1.4045,,14.4174,13.5098
343339917,267.3219272,-74.51182774,0.468678,,15.4376,14.6759
343344148,267.971326,-75.65770363,0.73013097,,16.2465,15.251
343400404,267.8587367,-74.48359814,0.80714101,,14.6891,13.8674
343400644,267.9504482,-74.20625782,0.85581398,,14.3231,13.559
343399760,267.6156155,-75.16864573,0.46756801,,14.6205,13.8617
256091413,266.543377,-74.149434,0.57244402,,15.1036,14.3688
256092606,266.7412955,-75.47557386,1.09417,,14.4846,13.6266
256053860,266.2974849,-74.72401296,0.43357,,16.952499,16.0811
256091726,266.6002131,-74.50255988,0.43258801,,17.062,16.171
256091238,266.6892019,-74.00506048,0.29467601,,16.8304,15.974
256091375,266.5561317,-74.12272971,0.28672999,,17.0292,16.202499
256091628,266.7872771,-74.3981363,0.36457199,,17.0014,16.167299
256092069,266.5078529,-74.85661726,0.393242,,16.686199,15.9186
256092384,266.5093823,-75.2374153,0.353908,,17.0208,16.1127
256092553,266.6042529,-75.42149715,0.354251,,16.3554,15.5242
256092658,266.5723393,-75.52413982,0.274865,,16.138,15.4504
256093014,266.7120549,-75.97243479,0.36693999,,17.174801,16.125601
343400399,267.6963286,-74.48707389,0.364344,,16.828899,15.9626
343399855,267.9194453,-75.07833575,0.50991398,,16.953501,16.057899
256091333,266.7862824,-74.08759257,0.44391599,,16.4569,15.5921
256091623,266.790148,-74.3917816,0.45087501,,16.0226,15.284
256091648,266.4921515,-74.41638684,0.55384499,,16.6548,15.7688
256092234,266.5244576,-75.07064402,0.50330597,,16.4659,15.5727
256092256,266.6756222,-75.09565037,0.304441,,16.540701,15.6673
256092707,266.6129704,-75.58963061,0.54871202,,16.419701,15.4959
343344142,267.7227007,-75.66403986,0.66452998,,16.373699,15.39
256092677,266.4621325,-75.54616824,0.65759599,,15.339,14.4826
256091625,266.6953838,-74.3937868,0.24115799,,17.623501,16.74
343399786,267.9916005,-75.14012938,-0.0283686,,17.581301,16.818399
256091521,266.7847316,-74.28423694,0.192164,,17.7012,16.8599
256091311,266.5063193,-74.07237017,0.239842,,17.0993,16.237101
256091332,266.7733673,-74.08740402,0.26571,,17.3482,16.4727
256091420,266.6860654,-74.16524965,0.34773001,,17.1714,16.3055
256091972,266.6029454,-74.75630376,0.29252201,,17.4263,16.601101
256091987,266.597994,-74.77796786,0.20754001,,17.2036,16.328501
256092574,266.5056311,-75.43757114,0.25027201,,17.117001,16.192699
343340198,267.3830174,-74.79297382,0.347927,,17.2626,16.4009
343340212,267.350895,-74.81527156,0.291724,,16.8925,16.004601
343400640,267.6800478,-74.21394383,0.47103199,,16.876301,15.9904
343400663,267.7668129,-74.18127726,0.180784,,16.8496,15.9656
256092486,266.690475,-75.34290934,0.28419501,,17.1999,16.357
256092491,266.7986471,-75.35331634,0.57490402,,17.630899,16.697399
256092979,266.4993239,-75.93207548,0.242897,,18.022499,16.948299
256091875,266.4947373,-74.65647922,0.38864201,,17.944201,17.041901
256092515,266.66293,-75.3809719,0.37408999,,18.000601,17.101601
256092640,266.5819049,-75.51030214,0.231924,,18.204599,17.245199
256092832,266.7363591,-75.73917743,0.25352699,,17.408001,16.337999
343339684,267.628753,-74.25671424,0.174982,,17.9326,17.0427
343340140,267.2563094,-74.74318229,0.33543399,,17.5488,16.668699
343340648,267.668961,-75.28686534,-0.0156684,,18.290701,17.4783
343341140,267.4175204,-75.9344896,0.168485,,17.597401,16.647301
343344036,267.696646,-75.80628995,0.21849801,,17.9018,17.030701
343400716,267.9412084,-74.12789147,0.40074,,17.274401,16.4191
256091310,266.6130616,-74.07217066,0.29023099,,18.0282,17.184
256091414,266.4750618,-74.15184256,0.12509499,,17.806999,16.923599
256091779,266.5329018,-74.55407384,0.030166799,,18.134899,17.247801
256091879,266.7946531,-74.65838388,0.194848,,17.124399,16.526501
256091930,266.4522604,-74.70550151,0.14911801,,18.1507,17.360701
256092579,266.5440435,-75.44301133,0.17368101,,18.3109,17.364901
256092600,266.5177664,-75.46949541,0.228504,,18.4035,17.4585
256092910,266.5018493,-75.83669686,0.199495,,18.16,17.1982
256093013,266.5832184,-75.96709986,0.206076,,18.4564,17.380301
343339535,267.2576303,-74.11079351,0.143811,,17.959101,17.1523
343340204,267.4310238,-74.8046871,0.39363301,,18.156099,17.278799
343340144,267.6790096,-74.74737322,0.26842701,,17.852301,17.1161
343344039,267.8252138,-75.8022822,0.36804,,17.5023,16.5242
343399789,267.8788907,-75.1357135,0.251546,,17.7659,16.9538
343399790,268.0592585,-75.13522305,0.29957199,,17.9981,17.1126
343399690,268.056289,-75.24725574,0.0787865,,18.061199,17.1661
343399894,267.734211,-75.03913224,0.186525,,18.242599,17.3636
343400338,267.6424214,-74.54028043,0.119674,,17.354401,16.509399
343400400,267.8855821,-74.4855667,0.198458,,17.619801,16.7507
343400239,268.0007232,-74.64460278,0.27208501,,17.919399,17.0784
343400472,267.8449481,-74.39358017,0.245202,,17.5301,16.7019
343400473,267.8551347,-74.39053518,0.078505903,,17.5814,16.704201
343400662,267.8514146,-74.18124946,0.30459699,,17.689301,16.878599
256091293,266.5111045,-74.0533756,0.024535701,,17.494301,16.6112
256091481,266.5262081,-74.2419256,0.25303799,,17.798,17.0902
343400641,267.6896363,-74.21065636,0.14868499,,17.4783,16.7117
256092082,266.6981315,-74.87828834,0.0211624,,18.0718,17.2197
343399785,267.7002084,-75.14056433,0.00099974405,,18.244301,17.3999
343399938,268.0489316,-74.98472909,0.233612,,17.9051,17.1961
343400241,267.779386,-74.63950679,0.131356,,17.9617,17.0856
256091425,266.5647938,-74.17127195,0.0112233,,17.997999,17.195
256091974,266.5880778,-74.75877744,0.16539,,18.2577,17.377701
256092032,266.5917345,-74.82157588,0.167052,,18.066601,17.2153
1508876171,267.4501184,-75.87077946,0.19253001,,18.5,17.5173
1508967674,267.4160928,-74.58498202,0.189638,,18.449301,17.6059
1508967679,267.3964388,-74.57094783,-0.091697603,,18.6516,17.8116
1508965692,268.05966,-74.43642449,0.0292705,,18.524599,17.645399
1508871737,268.160678,-75.90431147,0.140505,,18.573299,17.652201
1508871742,268.2011258,-75.90475147,-0.085475199,,18.6723,17.7516
1508871930,268.2115235,-75.85099698,0.148269,,18.5047,17.5089
1508959900,268.0930899,-75.00747478,-0.0619625,,18.629801,17.750799
1508959905,268.1567875,-75.00841744,0.27125701,,18.8027,17.910601
1508959911,268.140843,-74.99751004,0.20038401,,18.0784,17.4095
1508960301,268.1102411,-74.85334379,0.104571,,18.732,17.8613
1508961193,268.1252654,-74.78876235,-0.283905,,19.2689,18.396299
1508961427,268.1993771,-74.74193304,0.126856,,18.6625,17.854799
256091462,266.5989882,-74.22434309,0.447162,,17.885599,17.109699
256092046,266.6011227,-74.83043856,0.46033701,,18.2819,17.387501
1508876175,267.4186672,-75.87246874,-0.225752,,19.651501,18.6922
1508876773,267.4025022,-75.84566871,0.15539899,,19.6612,18.666201
1508888309,267.6636913,-75.54426217,0.062950298,,19.760799,19.016199
1508889517,267.3905461,-75.30382192,0.43852901,,18.6665,17.855101
1508892800,267.391744,-75.15469139,-0.654984,,20.0835,19.2024
1508893689,267.4852078,-75.04131586,0.147909,,19.3549,18.5401
1508967415,267.4813289,-74.66587649,0.42925701,,18.527,17.654499
1508967417,267.4809564,-74.65991375,-0.162715,,19.587799,18.7283
1508970864,267.5016268,-74.49707992,0.182578,,19.087799,18.278999
1508970871,267.456938,-74.52024129,0.061913699,,19.491501,18.699301
1508984914,267.514264,-74.06919447,0.069875903,,19.385401,18.561899
1508985339,267.375094,-74.04354845,-0.57853299,,20.604601,19.827
1508876094,267.6150632,-75.9416152,-0.27600601,,20.621401,19.637899
1508876747,267.5700144,-75.86387698,0.38770801,,18.9447,17.9519
1508876749,267.5547169,-75.86079637,0.57870197,,20.201099,19.2122
1508888059,267.4226582,-75.64434854,-0.56657398,,20.280199,19.4123
1508889051,267.5435269,-75.49317488,0.68318897,,18.9258,17.978001
1508893913,267.4793626,-74.98692448,0.47854,,18.668699,17.776899
1508893964,267.4036785,-74.94951173,-0.065031499,,19.229,18.3494
1508893968,267.4288564,-74.93442727,-0.21662401,,19.572201,18.692699
1508883324,268.0547348,-75.54173254,-0.246709,,19.8818,18.9224
1508883635,268.0529234,-75.4383049,-0.21062399,,19.9345,19.1325
1508883636,268.0557134,-75.4315393,-0.58788598,,20.3512,19.447201
1508960347,267.9130474,-74.88240767,-0.29856199,,19.4429,18.7957
1508964522,268.0290771,-74.602873,0.22634099,,20.0744,19.2973
1508964623,268.3080938,-74.58447197,0.40286499,,19.023899,18.1826
1508965688,268.0723639,-74.43883766,-0.66628098,,20.433701,19.5874
1508965696,268.1164486,-74.42121735,0.32592601,,19.622,18.7488
1508965697,268.1086304,-74.41633604,-0.427766,,19.920401,19.0397
1508965788,267.939301,-74.37388439,-0.377067,,19.6647,18.780899
1508882386,268.0315955,-75.72794641,-0.190492,,19.813,19.000601
1508882674,268.0148561,-75.59102586,0.47189099,,19.891899,18.8976
1508883795,269.9337663,-75.67502768,0.20746,,19.346901,18.444799
1508886484,268.04484,-75.33780744,-0.191908,,20.399,19.553101
1508886489,268.1536488,-75.32968937,0.12403,,19.2188,18.391001
1508959906,268.1648192,-74.99792628,0.167376,,18.9725,18.1336
1508961199,268.209758,-74.77864759,0.35765401,,18.6572,17.822701
1508961433,268.1325213,-74.72938303,0.368137,,19.227501,18.377501
1508964581,268.1124349,-74.56722167,0.28793001,,20.2969,19.443199
1508978796,268.108411,-74.14253304,0.66254801,,19.3202,18.4881
1508979751,268.152127,-74.03084581,0.280489,,18.4319,17.6658
1508970812,267.6263415,-74.49178773,-0.22401799,,18.9174,18.0984
1508971996,267.6974213,-74.29181959,0.095771298,,17.869699,17.1675
1508883453,267.7477667,-75.49198139,0.20896,,18.1238,17.183399
1508871161,267.6616218,-75.90290366,0.248731,,18.6395,17.7167
1508893784,267.6829976,-75.01530381,0.19117101,,18.686399,17.808901
1508970992,267.7554534,-74.47722754,0.26223999,,18.3034,17.4261
1508971918,267.8822577,-74.35601318,0.178844,,18.737101,17.933901
1508971919,267.8785965,-74.35468353,-0.150565,,18.848301,17.9646
1508888013,267.8167852,-74.99633643,0.304362,,18.2096,17.3736
1508970695,267.8562438,-74.56931538,0.21184599,,18.8634,17.969101
1508971010,267.7683055,-74.46576811,0.190597,,18.221201,17.423901
1508972177,267.8014444,-74.26778775,-0.0121342,,18.8997,18.1413
1508876156,267.55662,-75.88422699,0.29232201,,20.2943,19.351101
1508889098,267.6392576,-75.44612873,0.40065601,,18.6159,17.861601
1508889394,267.7248123,-75.35991452,-0.242259,,19.921,19.178101
1508971122,267.6056062,-74.46261382,0.26063499,,18.6507,17.8519
1508972205,267.6896705,-74.2564892,-1.38931,,20.245899,19.414499
1508972370,267.5549364,-74.21547732,0.098079301,,18.958799,18.403601
1508985177,267.6103452,-74.02392341,-1.15865,,20.189899,19.378099
1508872073,267.7163995,-75.79804798,0.234441,,19.5121,18.591999
1508883761,267.7761417,-75.38427178,0.056857102,,19.4207,18.6663
1508883763,267.8097228,-75.39471883,0.0088523598,,19.1998,18.314501
1508887697,267.9025988,-75.09337994,0.1229,,19.7169,18.941099
1508887702,267.8499286,-75.09181965,0.25014901,,19.833799,18.990601
1508966102,267.7951563,-74.94894801,-0.0218518,,19.2094,18.5334
1508961300,267.8451608,-74.74305875,-0.13762499,,19.649,18.825001
1508961307,268.0497293,-74.76856077,0.034809198,,19.351101,18.5063
1508966189,267.7897747,-74.87822828,-0.055999499,,19.5091,18.6915
1508966485,267.8070807,-74.79128848,0.29433399,,19.396099,18.601
1508966486,267.7976908,-74.78456305,-0.196537,,20.2661,19.552401
1508871159,267.6841875,-75.90130368,0.54192901,,19.2341,18.277901
1508871828,267.7164387,-75.86399587,-0.14694799,,19.863701,18.9195
1508882785,267.7282121,-75.55971654,-0.52727598,,20.4042,19.444401
1508882786,267.7597489,-75.55795916,0.188336,,19.4198,18.452801
1508892436,267.7027527,-75.27414654,-0.58216703,,19.3088,18.5207
1508893783,267.6889494,-75.01591541,-0.45974299,,19.705099,18.8561
1508966123,267.7521841,-74.91852561,0.48559001,,18.4974,17.627001
1508984670,267.729533,-74.19716083,-0.051528599,,20.028099,19.219101
1508886541,267.8490342,-75.34049551,0.62517297,,18.1747,17.4133
1508886542,267.8030224,-75.34117633,0.490262,,20.296101,19.365999
1508888010,267.8580917,-75.0042271,-0.333574,,19.7365,18.9834
1508960125,267.9065308,-74.91237106,0.180639,,18.8834,18.0954
1508961284,267.918993,-74.77888387,0.27514401,,20.4212,19.549801
1508972178,267.783487,-74.26668432,0.0286752,,19.493,18.677799
343340374,267.3339486,-74.99504531,1.30235,,13.7379,12.9813
343340309,267.3452893,-74.91967773,0.91158903,,14.5363,13.74
343340451,267.2218983,-75.07585262,1.15848,,13.9954,13.1624
343340619,267.4545749,-75.24864869,1.19805,,14.2832,13.3841
343340878,267.2819184,-75.57021618,0.97731,,14.5159,13.6792
343340880,267.4754644,-75.5714413,0.96604699,,14.5576,13.5754
343340242,267.4283486,-74.83896734,0.858913,,15.1723,14.2757
343340306,267.361527,-74.91571426,0.85631597,,14.7346,13.8692
343340820,267.5897178,-75.49557506,1.2409101,,14.9787,14.0454
343340240,267.3967849,-74.83809156,1.97857,,13.0754,12.2942
343339897,267.5332985,-74.49335155,0.22887,,17.9153,17.062
343340876,267.2847248,-75.56466698,0.194915,,17.9793,16.992701
343340263,267.3153441,-74.86112711,0.37697601,,17.716,16.891701
343340459,267.2465616,-75.08276455,0.26537901,,18.010099,17.113501
343340260,267.461675,-74.85967804,0.35836199,,17.9408,17.0518
343340381,267.6092383,-75.00160642,0.097606197,,17.7477,16.913601
1508888490,267.2583489,-75.48991749,-0.15399,,18.990999,18.092501
1508892814,267.3036888,-75.15504615,-0.18198,,17.729799,17.3783
1508966360,267.3032885,-74.82343738,0.229353,,18.0305,17.2498
1508966648,267.387001,-74.71147893,0.175662,,18.802099,17.9091
1508876033,267.2126133,-75.96152037,-0.212669,,19.643,18.692101
1508889256,267.3677509,-75.39455915,-0.28132001,,19.487301,18.5662
1508966289,267.281769,-74.87762717,0.50258398,,18.8971,18.087
1508966385,267.8197846,-74.86007671,-0.081786796,,19.6754,18.8631
1508971527,267.3289147,-74.41193655,0.22404701,,18.6759,17.8794
1508972528,267.331421,-74.25325974,-0.0095786797,,20.2449,19.5037
343344024,267.6601315,-75.8250281,0.94547999,,13.7897,12.8206
343341052,267.3647973,-75.81623463,0.32166901,,17.120001,16.1406
343400001,267.921822,-74.91455684,0.62498599,,14.5214,13.7529
343339747,267.3994023,-74.31717537,0.42001501,,15.8286,15.0912
343339788,267.2676368,-74.36839163,0.41881201,,16.0818,15.2043
343341049,267.2968384,-75.81207316,1.25002,,14.2018,13.308
343344023,267.7866474,-75.82526397,0.60252798,,14.4504,13.5657
343399664,267.9379248,-75.2732065,0.240162,,15.8897,14.9658
343399985,267.839527,-74.93066108,0.49107501,,15.4518,14.6535
343400368,267.8714358,-74.51812486,0.88669503,,15.5097,14.6481
343399660,267.9009498,-75.28087892,0.17011601,,16.3536,15.5752
343400182,267.638201,-74.71276085,0.69738799,,14.8662,14.0992
343400373,267.8920062,-74.51164929,0.379448,,17.0172,16.1576
343339961,267.2759962,-74.56293722,0.29730499,,17.752199,16.891899
343340019,267.6145338,-74.61051999,0.28875399,,17.845301,17.059099
343340563,267.4173937,-75.20062228,0.323522,,17.922899,17.0061
343341173,267.4985442,-75.98480605,0.36550799,,17.7959,16.8811
343344021,267.7539951,-75.82681224,0.41330001,,17.5716,16.586599
343399603,267.9424164,-75.34423593,0.123828,,17.3251,16.8606
343399663,267.6777444,-75.27796328,0.19261201,,17.4778,16.6856
343400372,267.9660479,-74.51229523,0.105481,,17.4443,16.636101
343400376,267.9308289,-74.50438245,0.205485,,17.8529,17.0012
1508871705,268.0553795,-75.92755825,0.180626,,18.558001,17.681801
1508872014,267.9745022,-75.79021202,-0.0018621,,19.317101,18.3493
1508886418,268.0565281,-75.37145531,-0.29777399,,18.751699,17.925501
343399564,267.6713135,-75.39004679,1.9124399,,11.4706,10.7637
343400467,268.0034529,-74.40047862,2.0531199,,12.4804,11.6189
343404871,268.1692889,-74.04137598,1.1356699,,12.7507,12.0568
343406261,268.3277188,-75.83479701,2.20818,,12.502,11.6256
343404852,268.114149,-74.01519249,0.42138299,,16.2617,15.3977
256097650,266.9457806,-74.28961972,0.216004,,17.058201,16.2349
343399991,267.620745,-74.92316812,0.237351,,17.469801,16.584
343405706,268.0200232,-75.10856255,0.286461,,16.836901,15.9328
343404873,268.2229095,-74.04260628,0.34035501,,17.0686,16.251801
343404874,268.2485223,-74.04489997,0.249442,,16.445999,15.9606
343400735,267.7318846,-74.10389722,0.98673701,,14.1054,13.2289
343344208,267.6239704,-75.59992034,0.32203901,,16.622101,15.6339
343399996,267.7369415,-74.92098137,0.53260702,,15.5327,14.7044
343400464,267.6235258,-74.406181,0.55437398,,15.6424,14.7488
343405068,268.066582,-74.28572416,0.90566099,,15.4137,14.5666
343405636,268.3507264,-75.01424587,0.69474,,15.7369,14.8288
343339746,267.2931062,-74.31604563,0.460475,,18.0326,17.165701
1508968004,267.0062077,-74.55441875,0.203115,,20.5394,19.675301
1508968259,267.0296583,-74.47543522,0.128409,,19.0874,18.3255
1508968260,267.0204766,-74.47161637,0.14239401,,19.4333,18.571301
1508971482,267.0333101,-74.38010527,0.13603,,18.9182,18.246401
1508971483,267.084622,-74.37873134,0.0370268,,19.2383,18.3529
1508889467,267.2332184,-75.3346856,-0.30967599,,19.501101,18.774799
1508889468,267.2292927,-75.3243846,-0.36715701,,19.8083,19.018499
1508889472,267.3015593,-75.32817433,-0.261004,,19.8043,18.916201
1508894035,267.1348499,-75.03477455,-1.03517,,19.877199,18.970501
1508894039,267.2053536,-75.02673761,-0.76553899,,20.1583,19.447701
1508967827,267.2941366,-74.62516718,0.039783701,,19.450199,18.609501
1508971564,267.1915502,-74.37238344,0.45869401,,19.644501,18.8596
1508972475,267.1883603,-74.28680087,-0.53526598,,20.0641,19.332899
1508882668,268.1317382,-75.60982451,-0.15879001,,19.9545,18.9932
1508960031,268.015201,-74.96316273,-0.233089,,20.327499,19.4601
1508964781,268.0935685,-74.53395689,0.46447101,,19.437099,18.5662
1508964782,268.1176387,-74.53178191,0.295371,,20.2787,19.4149
1508965992,268.0835476,-74.31613872,-0.241468,,20.1504,19.3009
1508965993,268.0491202,-74.31151548,0.233602,,19.2703,18.414
1508965994,268.0390261,-74.3056944,-0.264687,,20.4184,19.548
1508978595,267.9847294,-74.16675861,-0.415126,,20.1665,19.333401
343344207,267.6533336,-75.60007578,0.73768699,,16.626499,15.7052
256096577,267.1361513,-75.31292193,0.40835199,,17.1252,16.2878
343400585,267.7763949,-74.27649978,0.54280198,,17.187599,16.3298
343400587,267.7442339,-74.27599779,0.227171,,17.4958,16.6045
343400730,267.8437954,-74.11521606,0.16412701,,17.9193,17.039301
343400733,267.8457823,-74.10729332,0.18576001,,17.5846,16.7139
343405207,268.2459871,-74.45318117,0.22921,,17.403799,16.538799
256096018,267.2809657,-75.96211185,0.162728,,18.1586,17.2239
256096579,267.1237649,-75.31027488,0.046440698,,18.424601,17.5221
256096604,267.2067912,-75.28218906,0.41128001,,17.237499,16.3367
343400462,267.9509951,-74.40942655,0.38044399,,17.429399,16.541401
256096576,267.0434335,-75.31333621,0.45369101,,17.2036,16.2974
256096581,267.209399,-75.30907628,-0.0568716,,18.347,17.4561
256097739,267.0136546,-74.20795253,0.111871,,18.2339,17.478001
1508873879,266.7049206,-75.94533318,0.047518902,,18.5853,17.554899
1508876429,266.7531389,-75.90394178,-0.029083399,,19.0308,18.0287
1508877365,266.6915942,-75.7032496,-0.17185301,,19.5357,18.485201
1508877360,266.7804103,-75.70283759,-0.37937999,,19.707899,18.6814
1508877372,266.6953894,-75.69309511,0.241188,,18.7724,17.8437
1508877586,266.7739891,-75.61340272,0.191798,,18.629601,17.650299
1508877589,266.7725569,-75.60698422,0.054083999,,18.990101,18.0037
1508877662,266.6953646,-75.57368384,0.119172,,18.833401,17.906799
1508888695,266.7077961,-75.50692815,-0.219391,,19.315399,18.3951
1508888677,266.7546589,-75.51929439,-0.088160902,,19.0588,18.128201
1508888741,266.6872117,-75.48620611,-0.0960714,,19.3829,18.4755
1508888989,266.6787286,-75.37741886,0.0522811,,18.7323,17.9681
1508890043,266.6772696,-75.19139752,0.264166,,18.2409,17.320801
1508893171,266.7029332,-75.09746483,0.14336,,18.3932,17.497601
1508893383,266.6943703,-75.03220901,-0.52932298,,18.7687,17.8953
1508894267,266.7839713,-74.92582162,-0.21268301,,18.8321,18.0207
1508895991,266.6195853,-74.85532967,0.125109,,18.083599,17.201099
1508968724,266.6418549,-74.61885458,0.122296,,18.4265,17.594999
1508892411,267.5044642,-75.29826071,-0.092637502,,18.337999,17.5247
1508892752,267.5785965,-75.13773084,0.25244099,,18.307699,17.427401
1508966245,267.4804428,-74.90792556,0.21909399,,18.801901,17.9377
1508893586,267.5488901,-75.05889754,0.17547999,,18.464701,17.725401
1508967263,267.8231699,-74.72959641,-0.128886,,19.0371,18.2201
1508886512,268.0238462,-75.36621062,-0.101849,,18.8901,17.9977
1508886524,267.9261212,-75.34671569,-0.211779,,18.5606,17.7486
1508965684,268.0281968,-74.43494856,0.175519,,17.9084,17.1306
1508978567,268.0308264,-74.19520679,0.021668,,18.6786,17.872801
1508979787,268.0552083,-74.00884131,-0.026939901,,18.5214,17.6588
1508873832,266.6403699,-75.9661972,-0.00040006501,,19.324301,18.395599
1508876428,266.7604884,-75.90830988,0.32111099,,19.265699,18.205999
1508876656,266.7024637,-75.78790757,0.28529301,,19.0385,17.979099
1508876662,266.6136794,-75.81604102,0.382258,,19.722799,18.677999
1508877363,266.6997231,-75.7118718,0.406376,,20.240601,19.2661
1508877362,266.7493374,-75.71256863,0.37762201,,19.5665,18.5096
1508877377,266.636442,-75.70988905,0.115617,,19.6707,18.615499
1508877414,266.7834855,-75.67568655,-0.60675502,,20.0499,19.1343
1508877415,266.8006354,-75.67291113,0.181026,,20.532499,19.5275
1508877592,266.6834247,-75.62664165,0.112344,,19.500999,18.717899
1508877601,266.6254743,-75.62330054,0.156738,,19.339199,18.3937
1508877611,266.641841,-75.5992149,0.198338,,19.624901,18.8347
1508877634,266.8172706,-75.59525309,-0.094410501,,19.229401,18.4319
1508877660,266.6753478,-75.58682505,-0.36690199,,20.072201,19.0868
1508877661,266.6907214,-75.57885287,0.45560601,,19.4846,18.6017
1508877648,266.8032528,-75.58261015,0.38648701,,20.1821,19.220699
1508888696,266.7014748,-75.50087998,-0.93088502,,20.177799,19.4415
1508888699,266.6595039,-75.50017253,-0.00017299,,19.922701,18.988899
1508888702,266.6451193,-75.5085508,0.118857,,19.379801,18.445801
1508888676,266.7543065,-75.52737113,0.163743,,18.886101,18.0674
1508888740,266.7100701,-75.48931243,-0.32711101,,20.2374,19.3897
1508888990,266.6245026,-75.36757307,0.26219201,,19.529301,18.684099
1508888974,266.6900681,-75.39756346,0.343292,,18.4298,17.6497
1508889975,266.6767059,-75.23575091,0.32812399,,19.2936,18.414
1508890040,266.7260866,-75.19546885,0.20772,,18.994301,18.178801
1508890047,266.7367865,-75.1798363,0.018112101,,19.3887,18.5089
1508893170,266.6977256,-75.10115312,0.26406401,,19.4095,18.576599
1508893102,266.6880236,-75.13613069,-0.013013,,19.2449,18.342699
1508893190,267.1987242,-75.15019369,-0.116726,,20.055599,19.271999
1508893384,266.7253495,-75.0375292,-0.032049701,,19.309099,18.4771
1508894552,266.6504402,-75.14891213,0.215501,,19.229401,18.3127
1508894211,266.7527877,-74.94809594,-0.26441601,,19.5527,18.752001
1508894266,266.8421907,-74.93528085,0.19163001,,20.3253,19.418699
1508895695,266.6686778,-74.94342573,-0.028351,,19.409401,18.5625
1508895696,266.609965,-74.94900409,0.0151239,,20.070601,19.215401
1508895761,266.6821237,-74.90354067,0.098309398,,19.867701,19.0758
1508895765,266.6129686,-74.89087752,0.23714501,,19.010599,18.1215
1508896078,266.6392432,-74.80363782,0.079203501,,20.045601,19.243401
1508967188,267.8120332,-74.78019228,0.25111899,,19.509399,18.679899
1508968695,266.7376333,-74.62482218,0.29592201,,19.232,18.3368
1508968716,266.6924484,-74.60670349,0.227294,,19.784,19.0292
1508969539,266.6765277,-74.54395862,0.30739099,,19.3351,18.4842
1508892414,267.5035276,-75.2836171,-0.13850901,,18.2701,17.898199
1508892751,267.5887963,-75.14254812,-0.944794,,20.090401,19.351801
1508892755,267.627391,-75.13796036,0.40084499,,19.0154,18.1085
1508893817,267.5941055,-74.99761799,0.24553201,,20.184601,19.276899
1508893818,267.5556583,-74.99108651,0.29237801,,19.242001,18.373899
1508893821,267.5490075,-74.98188145,0.495083,,20.127199,19.261101
1508966248,267.4936313,-74.89941083,-0.48883399,,19.240801,18.694901
1508889363,267.5511065,-75.35869349,0.246593,,19.8836,18.9498
1508889369,267.5417054,-75.36137766,0.296478,,18.6572,17.761801
1508887886,268.0323341,-75.0592023,0.22092099,,18.7376,17.9184
1508887943,268.0040129,-75.03130254,-0.88160098,,20.607901,19.7775
1508960287,268.2224505,-74.8733348,0.38773501,,19.9466,19.1133
1508960340,268.0208551,-74.87916226,0.33873001,,18.759701,17.893
1508978568,268.0356806,-74.19472081,0.453215,,18.833401,17.997101
1508978569,268.0328123,-74.1895768,-0.151601,,19.9382,19.2626
1508979706,268.0069053,-74.05415392,0.074095801,,19.072901,18.305599
343340447,267.5097127,-75.07451999,1.90209,,11.67,11.0329
343340450,267.4785125,-75.07503033,1.61121,,11.5084,10.848
343399832,267.960786,-75.09258176,1.09325,,12.6837,11.8936
256097735,267.1684983,-74.21190483,0.375772,,16.715,15.8365
343344171,267.921337,-75.63765561,0.27392501,,17.5005,16.5707
256096239,267.0114901,-75.71293458,0.92853498,,13.9947,13.0751
256097734,266.9748625,-74.21218187,0.97914797,,14.6692,13.8539
343340298,267.5538923,-74.90588399,0.53960103,,16.380501,15.4992
343339444,267.5662283,-74.00844647,0.48646599,,16.3172,15.4335
343344058,267.9464556,-75.77366909,0.68747997,,15.1103,14.1345
343400428,267.6652649,-74.45759293,0.67493403,,15.3837,14.5003
343400187,267.6283669,-74.70793521,0.90171897,,14.2666,13.4854
256096383,267.1386218,-75.54490335,0.086326897,,17.9851,17.0371
256096512,266.8973451,-75.38625369,0.363857,,17.3696,16.456699
256096517,267.1706179,-75.38403959,0.173613,,17.201099,16.275999
343340301,267.3777902,-74.91006123,0.26924801,,17.038,16.194901
343344119,267.8904083,-75.69606738,0.281535,,17.1355,16.216299
343400422,267.5621736,-74.46358058,0.13866401,,18.0119,17.183399
343400425,268.001249,-74.46049987,0.32497501,,16.715599,15.8376
343400379,267.8258962,-74.50280394,0.24967501,,16.832899,16.076599
256097839,267.0694755,-74.11064798,0.145201,,17.543699,16.8197
343344117,267.56365,-75.69750641,0.352081,,18.411501,17.4548
343343970,267.8159028,-75.89381581,0.198384,,17.8176,16.864799
343400081,267.6235236,-74.83056807,0.179647,,17.8953,16.99
343400082,267.8243263,-74.82983323,0.26118499,,17.4937,16.616301
256097841,267.096639,-74.10994408,0.113465,,17.5474,16.6703
343344057,267.6656023,-75.77441463,0.34269899,,18.3291,17.346399
343400383,267.6615461,-74.50117718,0.36355799,,17.1689,16.370501
256097733,267.0166024,-74.21250555,0.301027,,17.378,16.509701
343340506,267.3534581,-75.13908486,0.33869299,,18.130501,17.2313
343400424,267.9726865,-74.46085883,0.35033599,,17.444,16.6339
1508878789,266.3668448,-75.67169571,0.079642102,,19.307699,18.3013
1508879062,266.4978197,-75.5639636,-0.224895,,18.9049,17.9963
1508879064,266.4670174,-75.55537764,0.39938501,,18.383301,17.433399
1508896135,266.4173114,-74.80781294,0.178349,,18.364201,17.524
1508969751,266.4752145,-74.45647734,0.13044301,,18.8634,18.0135
1508894374,267.1433572,-74.89228758,0.139065,,18.543501,17.7577
1508972794,267.2511856,-74.17829532,-0.153736,,19.3172,18.447201
1508972998,267.1050168,-74.1063828,0.145316,,18.593201,17.756599
1508966218,267.5707307,-74.87535588,0.103188,,18.309299,17.4049
1508966220,267.5483565,-74.87828983,0.143332,,17.8447,17.082199
1508872048,267.8344041,-75.8151811,0.163931,,18.350901,17.358299
1508883720,267.9145944,-75.39638834,0.317494,,18.3822,17.5291
1508960121,267.8425345,-74.91201157,0.0524312,,18.3818,17.586201
1508960452,267.8307031,-74.80216402,-0.47481301,,19.152,18.324699
1508966076,268.0258743,-74.27058723,0.30673701,,18.1078,17.2377
256097737,266.9682333,-74.21149066,0.41298401,,18.344801,17.4599
1508879060,266.4961305,-75.57512192,0.229477,,18.827999,17.9487
1508879063,266.4585966,-75.55958106,0.25132599,,20.164101,19.245899
1508894902,266.4865486,-74.9870428,0.594064,,18.8866,18.017599
1508968537,266.4358064,-74.67240705,0.12895501,,19.268801,18.442699
1508969755,266.3748556,-74.47648078,-0.64399499,,20.602301,19.789801
1508876061,267.1257043,-75.94546597,0.54960102,,19.8493,18.8165
1508876065,267.1811012,-75.92147643,0.31171101,,19.212,18.1929
1508877142,267.1937151,-75.71356397,-0.60106498,,19.990299,19.0993
1508889294,267.2167808,-75.35478272,0.27972901,,19.076,18.140301
1508889815,267.1734881,-75.32815986,0.12839399,,19.1458,18.383699
1508889876,267.0619031,-75.2691372,0.149964,,19.137899,18.2985
1508894372,267.1613368,-74.89223481,-1.2057,,20.515301,19.719299
1508894375,267.2383584,-74.89488822,0.53046101,,19.006701,18.2334
1508894419,267.0861364,-74.86609209,-0.58117199,,19.886999,19.012199
1508894424,267.0882913,-74.85727438,0.092917599,,19.7138,18.9673
1508966740,267.2861403,-74.80255243,0.050266899,,19.806,18.9711
1508967019,267.1114188,-74.70889125,-0.226504,,19.5865,18.7223
1508985383,267.130087,-74.09184297,-0.0341065,,20.345301,19.460199
1508892481,267.5392632,-75.2356038,-0.052358702,,19.288401,18.396299
1508966225,267.6454129,-74.87258571,0.42774701,,19.0371,18.1569
1508966553,267.5537507,-74.79367625,0.40165401,,18.5453,17.672899
1508971135,267.5191151,-74.43272778,0.29011899,,19.4482,18.654499
1508985141,267.4530351,-74.05359274,-0.023832601,,20.3477,19.485001
1508871777,268.0397568,-75.86894211,0.49843901,,18.3542,17.392799
1508883674,267.9654447,-75.43616091,0.40263101,,19.1612,18.3008
1508887989,267.8380202,-75.00523062,-0.066118702,,19.7062,18.9333
1508960119,267.8383923,-74.91603838,-0.50368899,,20.056999,19.320999
1508961603,267.9033163,-74.66433089,0.208296,,18.9576,18.103201
1508966017,267.9133419,-74.31192553,0.346062,,19.5466,18.691401
1508978528,267.9405086,-74.19789277,0.304102,,18.4167,17.6429
1508883661,267.9568865,-75.44645741,0.0163268,,20.066099,19.1772
1508887965,268.0523438,-75.02663333,-0.82238799,,20.3342,19.6029
1508960018,267.9661074,-74.98151128,0.388457,,18.329399,17.4536
1508964527,268.0281145,-74.59307912,-0.39478099,,19.475201,18.916901
1508965971,268.1206858,-74.33842949,0.46489701,,18.2752,17.4198
1508966047,268.1321087,-74.29482695,-0.0121858,,19.0504,18.340401
1508978813,268.0047575,-74.13839996,0.25400999,,19.7792,18.899
1508978819,267.9717595,-74.14618003,-0.113874,,19.728001,18.937201
1508979770,268.1715975,-74.01634475,0.281214,,19.138,18.264601
1508979773,268.1835299,-74.01225253,0.034485102,,19.1014,18.255301
256092694,266.6243964,-75.57152016,1.90052,,12.0136,11.119
256092652,266.6268313,-75.51948096,1.1837,,12.9242,12.099
256096510,267.1142986,-75.38852891,2.61237,,12.8924,12.0172
343399807,267.8415892,-75.1146472,1.19392,,13.3151,12.6263
343400658,267.7916511,-74.18661799,1.52807,,12.8776,12.1848
256092725,266.5890132,-75.6077165,0.54232401,,16.566401,15.5793
256093000,266.5236368,-75.95332581,0.46836999,,16.803101,15.8098
343400655,267.9410569,-74.19161275,0.25950199,,16.6817,15.7917
343339523,267.5308229,-74.09853142,0.68328398,,15.3818,14.5165
256092812,266.7818157,-75.71209316,1.2539099,,14.0828,13.0542
256092862,266.619652,-75.77326816,1.10909,,14.2958,13.2751
343340800,267.4186606,-75.47598229,0.36239201,,16.6474,15.6878
343400811,267.8865679,-74.02386016,0.34325999,,16.2918,15.5127
256092963,266.5568859,-75.91558568,0.67682302,,16.0208,15.0097
343400161,267.8864431,-74.74219202,0.62555599,,14.928,14.1882
343400616,267.9761409,-74.23969275,0.76277,,14.9446,14.0962
343340590,267.3967115,-75.22754692,0.36780301,,16.2763,15.3513
343340336,267.3570404,-74.95171293,0.39669099,,17.0473,16.138399
343399801,267.7120007,-75.11988539,0.385584,,16.652399,15.7436
256097023,266.9968291,-74.87128661,0.23243199,,16.486099,15.5853
343343924,267.6183355,-75.95426677,0.46906999,,16.7911,15.7603
343400814,267.8256178,-74.01971161,0.476399,,15.9164,15.0852
343340412,267.2439524,-75.03775226,0.251688,,17.353001,16.464701
256092723,266.7711519,-75.60636395,0.079515703,,17.621099,17.0965
343340337,267.627938,-74.95236002,0.27568701,,18.441299,17.570499
343339862,267.3016363,-74.44557476,0.247348,,16.9524,16.0795
256092474,266.651374,-75.33032747,0.32226601,,17.5126,16.603399
256092480,266.5506724,-75.33787303,0.295755,,17.311701,16.4207
256092555,266.5234917,-75.42185706,0.18869799,,17.9307,17.035
256096508,267.0556919,-75.39359982,0.14254799,,17.036301,16.3335
343339863,267.4113481,-74.45441658,0.266866,,17.335899,16.459801
343340408,267.2387726,-75.03074239,0.36113301,,17.6266,16.7337
256092481,266.797045,-75.33863437,0.32236701,,17.9736,17.1042
256092562,266.8173783,-75.43080674,0.207801,,17.729799,16.8363
256092719,266.6118236,-75.60261577,0.220732,,18.1383,17.202801
256092728,266.7225267,-75.61108771,0.244398,,17.952801,16.972799
256092766,266.5023188,-75.66255093,0.21055099,,18.014601,17.0392
256092995,266.6476693,-75.94869482,0.27655199,,18.1341,17.059401
256097019,267.0093734,-74.87464538,0.207774,,17.7717,16.882401
343339517,267.4980124,-74.08875374,0.340601,,17.7813,16.9046
343339639,267.3076939,-74.2109836,0.25112301,,18.171499,17.3216
343340801,267.4495925,-75.47631043,0.33367601,,18.024,17.1728
343399949,267.8998908,-74.97291601,0.246916,,17.911301,17.017401
343400813,267.8107388,-74.02023137,0.439789,,18.123199,17.237101
1508969736,266.4490952,-74.49088257,0.26837999,,18.4394,17.5828
1508890015,266.9136239,-75.22206633,0.123028,,18.186899,17.463499
1508893082,266.7565363,-75.15202389,-0.190616,,18.871799,17.9592
1508893114,266.7026133,-75.11675028,0.12655,,18.0389,17.2864
1508893365,266.7419762,-75.05325719,-0.36561999,,19.349899,18.4475
1508893440,266.7125553,-75.01429832,0.34271899,,18.182301,17.351999
1508894160,266.868783,-74.97874538,0.187884,,18.495501,17.626301
1508968033,266.830223,-74.55143161,0.105679,,19.1476,18.2623
1508972639,266.881054,-74.2295913,0.080303401,,18.522301,17.743299
1508974367,266.8348414,-74.16298126,0.095461503,,18.5534,17.781401
1508871058,267.8181399,-75.988835,-0.041879602,,18.699699,17.6745
1508883520,267.8001215,-75.44779915,0.067319699,,18.1285,17.3638
1508886822,267.83366,-75.21406595,-0.36083299,,18.843,18.099199
1508886828,268.0279655,-75.23427301,-0.0201375,,18.2509,17.444599
1508887996,267.8108074,-74.99866393,0.145744,,18.452801,17.548599
256092816,266.5259443,-75.71904416,0.49857801,,18.792299,17.7346
343343923,267.6730537,-75.95567553,0.492017,,19.1266,18.134899
1508890132,266.37296,-75.45191728,-0.12850299,,19.931499,19.2201
1508890187,266.4005841,-75.4218063,0.194957,,19.705099,18.7794
1508890188,266.4037568,-75.42147029,0.276151,,19.3543,18.426001
1508895756,266.6762522,-74.91426704,0.21781901,,20.0196,19.140699
1508896103,266.5279843,-74.78507222,0.17043801,,19.2237,18.348801
1508896104,266.5362556,-74.77828357,0.095675401,,18.174601,17.804199
1508969737,266.4696291,-74.48657232,0.095977798,,19.863199,19.132799
1508973337,266.5382486,-74.29042866,-0.43369299,,20.548599,19.6994
1508973345,266.5109066,-74.2865231,0.48357001,,20.316601,19.4303
1508889729,266.688308,-75.3441879,0.284816,,17.683701,17.177601
1508889754,266.8166098,-75.3223165,0.35067001,,18.372299,17.6001
1508889755,266.8129358,-75.32107677,-0.232813,,20.461901,19.534901
1508893084,266.7036476,-75.15352187,0.61586499,,19.1691,18.257
1508893054,266.8380408,-75.16728019,0.49213001,,19.6749,18.7649
1508893058,266.8985136,-75.17138376,0.425583,,19.928301,19.108801
1508893186,266.7517855,-75.08175419,0.63286799,,19.3883,18.594999
1508893378,266.8170051,-75.0415044,-0.42941901,,19.694901,18.8834
1508893458,266.767542,-74.99898704,-0.49639201,,19.221701,18.4067
1508894204,266.834141,-74.95031059,-0.72584403,,19.857,19.044701
1508894206,266.8172532,-74.94810192,0.42062399,,19.224001,18.406
1508894226,266.9291384,-74.94302856,0.38759699,,19.7738,18.8937
1508894293,267.2076065,-74.95183037,0.72608101,,18.5655,17.6595
1508966819,266.7598945,-74.78190957,0.132217,,19.984501,19.2465
1508966906,266.7951509,-74.71552126,0.199861,,18.5126,17.959801
1508966897,266.7861124,-74.73630464,-0.0219876,,19.330299,18.5651
1508967093,266.8587064,-74.69827994,0.067244202,,18.962299,18.1688
1508967163,266.78805,-74.63759319,-0.48361701,,20.098499,19.293301
1508967166,266.9108849,-74.64119818,-0.269712,,20.6866,19.7913
1508967176,266.7826937,-74.62530675,0.477404,,19.300699,18.526501
1508967182,266.8246979,-74.61671379,0.59420699,,18.987101,18.104601
1508967961,266.8620045,-74.58219235,0.74839997,,19.394501,18.500601
1508967982,267.0060393,-74.57969373,0.17220099,,18.934299,18.185101
1508968027,266.8207267,-74.55129921,-0.195353,,19.4459,18.7377
1508968058,267.2940896,-74.58652367,0.261222,,18.856199,18.0539
1508968282,266.9419652,-74.48614016,0.40612799,,19.0301,18.1579
1508968292,266.8387422,-74.45279989,0.33004999,,20.0156,19.1751
1508971445,266.9002145,-74.39457968,0.36176199,,18.8867,18.0334
1508971523,266.8677448,-74.34733975,0.42941999,,18.6842,17.812401
1508971524,266.8465289,-74.34945384,-0.36063001,,20.279499,19.3979
1508972722,266.981233,-74.16237791,-0.164286,,19.4788,18.6406
1508973408,266.7819568,-74.29426282,-1.42729,,20.3417,19.548401
1508973494,266.8457365,-74.25072854,-0.38553399,,19.6448,18.801399
1508973499,266.8442036,-74.2337141,0.316064,,19.7062,18.9212
1508973500,266.8272572,-74.22885284,0.265982,,19.042,18.2848
1508974287,266.7560053,-74.21058935,-0.15697999,,18.922001,18.238701
1508974373,266.7565411,-74.15862528,-0.38246301,,19.553499,18.687099
1508974620,266.8331469,-74.11228703,-0.0267235,,19.831499,18.9622
1508871084,267.7031197,-75.96585121,0.109574,,19.9464,18.971001
1508871086,267.6636587,-75.95472596,0.33151299,,19.014999,18.014
1508875924,267.6175575,-75.99600734,-0.0022712899,,19.2355,18.326799
1508875926,267.5811931,-75.97545657,0.085431397,,20.386499,19.427299
1508871060,267.7576608,-75.99879338,0.078935698,,19.273199,18.297501
1508871062,267.7319452,-75.99693223,-0.38252899,,19.8342,18.916901
1508872052,267.9443705,-75.81501864,-0.318059,,20.171801,19.180599
1508882483,267.8168476,-75.71895333,-0.84889197,,20.908899,19.916599
1508886639,267.8221597,-75.27007152,0.438099,,19.5175,18.7089
1508886823,267.8057069,-75.21289455,-1.0845,,20.417101,19.6387
1508886825,267.7709154,-75.20889323,0.356821,,19.6863,18.825399
1508887603,267.8627653,-75.13791565,-1.868,,20.927601,20.0443
1508960443,267.8488,-74.82136355,-0.42067099,,20.0163,19.1315
1508966394,267.6886577,-74.85564884,-0.456972,,20.360901,19.562099
1508971060,267.7952825,-74.43897361,0.145475,,19.234699,18.4209
256097850,267.0958818,-74.10205785,,,12.6356,11.8236
256096776,267.0811878,-75.11042361,2.1884601,,10.3412,10.0164
256097674,266.9540979,-74.26733617,0.45012501,,16.6681,15.7794
256097785,266.8551404,-74.16374876,0.44628301,,17.011101,16.3041
256097794,267.141766,-74.1521405,0.662413,,15.1458,14.375
256097922,266.9972391,-74.03521931,0.73482901,,14.7613,13.9648
256097388,267.1881044,-74.51040065,0.43198901,,16.2966,15.4878
256097861,267.1674694,-74.09216522,0.44447199,,16.4533,15.5653
256097746,267.0145824,-74.20241486,0.425713,,15.5634,14.6823
256097791,267.1569706,-74.15482884,0.43043199,,17.378201,16.5418
256097670,266.8258397,-74.26927615,0.39498699,,16.866501,16.1127
256097676,266.8595573,-74.26536597,0.23513,,17.837999,17.068899
256097795,266.937359,-74.15179299,0.39998001,,16.8773,15.9999
256097921,266.8534829,-74.03617919,0.28271601,,17.1217,16.2486
256097845,267.0294703,-74.10625987,0.123906,,17.7467,17.034
256097847,266.990092,-74.10496239,0.40605101,,16.9778,16.122999
256096662,266.9351789,-75.21958943,0.33955699,,18.1686,17.2542
256097387,267.0682331,-74.51171373,0.243875,,18.420601,17.562799
256097844,266.9734669,-74.10776372,0.225017,,17.4387,16.555201
256096294,267.1829855,-75.65886528,0.088552102,,18.226299,17.2689
1508888163,267.261329,-75.63578323,0.99235398,,14.4885,13.6352
1508968068,267.2837734,-74.5630821,-0.286378,,19.181499,18.298401
1508971262,267.2185026,-74.47469897,0.095247902,,17.987,17.3528
1508971331,267.3060366,-74.42727579,0.113392,,18.591101,17.714399
1508985293,267.2336679,-74.08170905,0.14236601,,18.8284,17.994699
1508967834,267.1958816,-74.61956417,-0.276838,,19.565399,18.7321
1508971267,267.2843578,-74.47234296,-0.096225202,,19.966999,19.229
1508971548,267.2553018,-74.3742158,-0.495437,,19.2953,18.6112
1508971664,267.2044388,-74.30140626,0.031666901,,19.944799,19.1474
1508984934,267.8271551,-74.11727844,-0.181849,,19.748301,19.045099
343344323,267.8598499,-75.46211099,1.01915,,13.1322,12.3525
343400593,267.8696366,-74.2702153,1.3885,,13.2248,12.4293
343399820,268.0025742,-75.10341437,-0.0221384,,17.0989,16.667999
343340046,267.2701974,-74.64541055,2.3852899,,11.3366,10.5182
343340698,267.5806945,-75.35449558,1.47646,,11.3311,10.5845
343405030,268.2543356,-74.23248363,1.13465,,13.5205,12.7451
343405662,268.350993,-75.04423944,0.68103898,,15.6642,14.831
343344042,267.8775397,-75.79727762,0.37593701,,16.104401,15.2325
343405027,268.1835857,-74.22953921,0.36341399,,17.0235,16.138
343339474,267.2299441,-74.04466555,0.26516399,,18.076799,17.216801
343340490,267.5010941,-75.12371914,0.51320702,,17.1339,16.263599
343340044,267.3367964,-74.64305496,1.4239399,,14.3022,13.4421
343406240,268.1936284,-75.80557172,1.00644,,14.6834,13.8162
343405741,268.035414,-75.15825449,1.29685,,14.5994,13.7427
343405294,268.3239252,-74.57609055,0.54215199,,15.8953,15.0555
343406250,268.2661333,-75.81783814,0.496876,,15.8739,14.9205
343406252,268.3543801,-75.81897862,0.71804398,,15.5923,14.6213
256096997,267.2090947,-74.89250799,0.85025603,,13.5349,12.7585
256052858,266.1709876,-75.83511598,0.20327,,16.3239,15.679
256092121,266.6666659,-74.9248947,0.83061999,,14.6681,13.8731
256092661,266.4835394,-75.52570466,1.01336,,14.0646,13.18
256096139,267.1119351,-75.8334038,0.715231,,15.3591,14.3672
256096138,266.9209679,-75.83362193,0.39684901,,16.5945,15.5437
256096770,267.1893969,-75.11531478,0.267728,,16.049,15.2444
343339603,267.3787938,-74.17964131,1.88587,,14.7211,13.852
343340704,267.2723727,-75.35912294,1.00105,,14.2772,13.3785
343339471,267.2818665,-74.03454961,0.40437001,,16.4058,15.6167
343406244,268.1109023,-75.81088458,0.47735399,,17.113501,16.123199
343400681,267.9335237,-74.16206688,0.38149399,,16.677601,15.7934
343400683,267.7447874,-74.16013992,0.403543,,17.2377,16.3722
343400597,267.6124092,-74.26588994,0.360517,,17.6497,16.7873
343405660,268.2564232,-75.0436631,0.36414099,,16.942699,16.0571
256053120,266.3485312,-75.53919724,0.269714,,16.8582,15.8993
343404905,268.174856,-74.07636927,0.26289201,,17.9231,17.0313
343340488,267.4340703,-75.1222186,0.162916,,17.706301,16.8062
343405658,268.1974648,-75.04006278,0.10432,,17.557199,16.777399
343404909,268.3305917,-74.08095149,0.28365901,,17.8412,16.961
1508889452,267.3864266,-75.33390306,0.017985599,,18.477501,17.5476
1508892865,267.4152472,-75.12190163,0.160935,,18.8822,18.0023
1508894012,267.3556246,-74.9014964,-0.16886801,,19.118299,18.35
343405025,268.2620468,-74.22814259,0.183293,,17.577,16.7346
1508877110,267.3692525,-75.74326387,0.420066,,17.630501,16.749001
1508889438,267.4439906,-75.36328158,0.162516,,18.649799,17.7206
343339468,267.3982475,-74.03171924,0.38619399,,18.108801,17.2593
343340048,267.390312,-74.64725691,0.097869202,,18.044201,17.158501
343405737,268.1141895,-75.15263554,0.361296,,17.408501,16.569901
1508984841,267.4359172,-74.11735026,-0.023941699,,18.9979,18.187401
1508886347,268.4848864,-75.28437822,-0.31966299,,18.9704,18.072599
256053368,266.1089168,-75.2453587,0.225208,,17.5578,16.7059
1508961017,268.6101644,-74.75805967,-0.032315299,,19.331301,18.4389
1508871459,268.5481115,-75.91582988,0.124822,,18.8731,17.8734
1508883094,268.6855477,-75.5597201,0.22371501,,18.5902,17.702101
1508886969,268.6398367,-75.26702057,0.29949,,18.0357,17.1637
1508959703,268.6695457,-74.93359732,0.114482,,18.6436,17.7547
1508960536,268.6421203,-74.89906304,-0.131698,,18.767,18.1401
343340485,267.5434681,-75.11726017,0.36853901,,17.2059,16.327999
343405974,268.1668771,-75.44048929,0.33921599,,17.566601,16.711399
1508964280,268.5383141,-74.58101329,0.101533,,19.0016,18.123301
1508964306,268.6215498,-74.55279282,0.25997001,,18.5417,17.695299
1508965154,268.6462332,-74.49091502,0.35492799,,18.432699,17.557501
1508965158,268.5581873,-74.48579363,-0.158732,,18.906601,18.177601
256092788,266.4672778,-75.68197159,0.052642301,,17.871599,16.8543
1508958174,268.9286228,-74.98321966,0.074357301,,18.764799,17.922001
1508963461,268.9317272,-74.56040162,0.14550599,,18.7474,17.8626
1508964956,268.8403651,-74.55656209,0.268253,,18.3067,17.419001
1508973012,267.0532893,-74.09204652,0.0182602,,18.8431,17.976601
256096384,267.0657684,-75.542423,0.21890099,,17.25,16.322701
256052857,266.3911784,-75.83526163,0.393942,,18.199499,17.125099
1508979324,268.9122391,-74.04418808,-0.019015901,,18.0432,17.5856
256092358,266.486141,-75.21481579,0.0572404,,17.987499,17.064699
1508893493,267.6996481,-75.10891115,0.22947299,,17.810101,16.903999
1508966188,267.8145045,-74.8864063,-0.0076928199,,18.6719,17.784599
256092118,266.543711,-74.92050924,0.34696701,,17.25,16.380301
256092361,266.7141798,-75.22000609,0.106391,,17.9317,17.0432
256092670,266.7890178,-75.53610326,0.160257,,18.454399,17.547899
256096391,266.9959036,-75.53579394,0.197467,,18.5672,17.6362
256096769,267.2555067,-75.11633546,0.27778301,,18.479099,17.6145
256096993,267.0522826,-74.89372036,0.2656,,18.5194,17.6334
1508889179,267.3151987,-75.4173285,-0.75435799,,20.7248,19.7798
1508889183,267.3650809,-75.42198619,0.033667099,,19.0182,18.225
1508889446,267.3918177,-75.36181672,0.68691099,,19.5413,18.6576
1508889550,267.3226891,-75.27575512,-0.089870997,,19.9697,19.070999
1508893719,267.3485365,-75.03175704,-0.168584,,19.945801,19.072201
1508893723,267.3440958,-75.01843079,-0.65677601,,20.131901,19.278799
1508966298,267.4059829,-74.87829766,0.460585,,18.584499,17.6971
1508966305,267.3929355,-74.86295171,-0.0197108,,19.747499,19.0056
1508967463,267.3641189,-74.63515288,-0.119317,,18.992001,18.321899
1508970970,267.3506998,-74.43860467,-0.21674301,,19.810301,19.089701
1508985576,267.2624486,-74.01707726,0.46971899,,19.291,18.492001
1508876844,267.5036208,-75.79443358,0.334512,,19.1984,18.1905
1508877021,267.4592435,-75.74818538,0.023650801,,19.9445,18.9333
1508877108,267.3870651,-75.75378448,0.40030101,,18.6667,17.7355
1508892856,267.413478,-75.13092493,0.26839301,,19.267,18.3538
1508967376,267.3762959,-74.68876202,-0.207808,,19.791,19.002899
1508881934,268.5213521,-75.84346571,-0.328767,,20.1199,19.3414
1508887348,268.5196553,-75.14034259,0.031976901,,19.7055,18.8181
1508887349,268.5310238,-75.13495444,-0.040939,,20.2824,19.3577
256096966,266.9766081,-74.92124073,0.55127501,,17.870501,17.0264
1508876277,267.2140452,-75.84101926,0.141275,,18.864599,18.2687
1508876281,267.1792116,-75.82457898,0.51343298,,20.129101,19.0809
1508961025,268.5772661,-74.75109037,-0.134312,,19.538401,18.630899
1508964225,268.5911789,-74.61281867,0.23147701,,19.327101,18.541401
1508889584,267.1050024,-75.39211985,0.14436901,,19.6947,18.748899
1508894335,267.0573551,-74.9203495,0.57060498,,18.5923,17.6957
1508964322,268.5279442,-74.57686308,0.353095,,19.0352,18.1551
1508965085,268.5760823,-74.52998545,0.24412701,,18.5788,17.7959
1508967863,267.1467315,-74.61445936,-0.349444,,19.8573,18.9951
1508968169,267.1502884,-74.47779811,0.33412501,,18.6758,17.845301
1508965092,268.5629019,-74.52091979,0.130519,,18.6761,17.898199
1508979418,268.550218,-74.04997372,-0.96673399,,20.518499,19.656799
1508979424,268.4998974,-74.04228121,-0.0474605,,19.510799,18.7367
1508871458,268.5888724,-75.91905965,-0.553114,,20.341101,19.482401
1508968171,267.1379455,-74.4940374,0.339733,,19.3995,18.687201
1508872099,267.7104699,-75.77134994,0.0153562,,19.686199,18.764099
1508888015,267.6558891,-75.69158679,0.108421,,19.1157,18.245501
1508881856,268.6420149,-75.82548378,0.55438203,,19.067801,18.1506
1508883090,268.6077176,-75.55776098,-0.93743497,,19.717899,18.878599
1508893568,267.6877146,-75.06902099,0.46574199,,19.899599,19.0889
1508960540,268.8858269,-74.91402069,0.153631,,19.172001,18.325899
1508960835,268.7085852,-74.80307678,0.186132,,19.6399,18.749201
1508971880,267.6433732,-74.37071542,-0.235541,,19.963699,19.0846
1508985089,267.6782897,-74.02410096,-0.59965003,,20.1758,19.341101
256092791,266.3701402,-75.68336325,0.14667,,17.858999,16.854601
256096992,266.7646584,-74.89490723,0.0046067201,,18.5443,17.6471
1508960836,268.6729109,-74.80108547,0.274905,,18.9457,18.0313
1508960943,268.6110521,-74.79799564,0.041613601,,20.228901,19.4046
1508963947,268.5960924,-74.72736819,-0.065602697,,19.4545,18.562201
1508963953,268.6272914,-74.72175115,0.131587,,19.9086,19.164
1508965382,268.6725415,-74.45956407,0.25716999,,18.797199,17.939899
1508977851,268.5757593,-74.33972025,0.34448299,,19.179701,18.3134
1508979389,268.5806421,-74.07217794,0.0151166,,19.1499,18.303801
1508881906,268.6678017,-75.79957143,0.14301001,,19.555099,18.674999
1508886951,268.630219,-75.27963362,0.25020701,,19.539801,18.7155
1508887208,268.6948488,-75.18058583,0.48855001,,19.9079,19.0152
1508964138,268.6651073,-74.60580109,0.32935801,,18.9317,18.089001
1508964144,268.9147834,-74.63254276,0.56723601,,19.1283,18.2192
1508964281,268.571386,-74.57936707,0.165168,,19.824301,18.966
1508965107,268.5090396,-74.52192112,0.084478498,,19.1408,18.4165
1508965301,268.7254972,-74.43475304,0.34465599,,18.988501,18.099701
1508884481,268.9307582,-75.49244635,-0.128079,,19.6959,18.796
1508884810,269.9327329,-75.50328932,0.50809902,,18.9806,18.0408
1508959263,268.8519127,-75.14102521,-0.27106699,,20.1469,19.355101
1508963812,268.8846073,-74.78173805,0.079398699,,19.7798,18.9734
1508965235,268.8701784,-74.48932725,0.283667,,19.018999,18.1471
1508979319,268.9089987,-74.05774632,-0.36188999,,20.1245,19.296
1508979325,268.8533618,-74.0437234,0.032248601,,19.5807,18.772301
343400528,267.8117953,-74.34175422,0.69893998,,14.0746,13.4306
343400529,267.875885,-74.34138186,0.514575,,15.4808,14.6333
343400802,267.9449281,-74.0302917,0.49442601,,16.1292,15.2807
343400278,267.8210972,-74.59901935,0.66902399,,15.038,14.3157
343343913,268.0735156,-75.97698706,0.053989999,,18.249701,17.2729
343400807,267.9083518,-74.02692949,0.30697,,18.0329,17.202499
343399586,267.9697978,-75.368207,0.28273299,,17.6954,16.876301
343400690,267.9882171,-74.1557793,0.164021,,17.3349,16.458799
343400800,267.7325964,-74.03236472,0.24940801,,17.1112,16.4161
1508871819,267.7091965,-75.88876986,-0.278842,,18.904499,17.913601
1508889407,267.6217284,-75.32527345,0.109354,,18.7124,17.8197
1508972268,267.7483223,-74.25074132,0.0728954,,18.396299,17.733999
1508871885,267.7096284,-75.83375643,0.37763801,,18.751499,17.7833
1508871895,267.7418411,-75.82990712,0.17162199,,19.7976,18.8766
1508883423,267.7978849,-75.53646322,-0.045160498,,19.7017,18.738199
1508892367,267.7175122,-75.31258928,0.28285101,,19.6593,18.776199
1508966398,267.7491827,-74.85270153,0.079514399,,20.180799,19.321501
1508971873,267.7246919,-74.37721946,0.507581,,19.734699,18.915701
1508972191,267.7510135,-74.27970188,-0.33846301,,19.3708,18.7971
1508972197,267.6932563,-74.277183,0.125099,,19.308599,18.4627
1508972270,267.7500063,-74.24448704,0.10591,,19.366301,18.4739
256097049,267.1166741,-74.84508276,0.82618397,,14.187,13.4242
256096286,267.1690034,-75.66625715,0.76251,,14.7882,13.8635
256096308,266.8640408,-75.63804411,0.525446,,15.7306,14.746
256096640,266.9699838,-75.24060951,0.40801701,,16.394199,15.5339
256096783,267.1585733,-75.10612491,0.91343701,,14.5958,13.7945
256096895,267.1763076,-74.99252673,0.56239402,,15.5518,14.6816
343339625,267.2945279,-74.1976596,0.52895802,,14.096,13.4161
343341150,267.3633817,-75.9478332,0.736408,,16.223,15.2112
343341154,267.5428293,-75.95233153,0.75490803,,16.1681,15.1823
256097933,267.2118763,-74.02149709,0.28587201,,17.634701,16.764299
343340270,267.6086478,-74.86673335,0.215767,,17.034599,16.1803
343340269,267.5026787,-74.86665448,0.21782801,,17.035,16.1698
343340342,267.5870453,-74.96107835,0.281131,,16.9575,16.119699
343340882,267.2227137,-75.57495686,0.34684601,,17.6936,16.7017
343341155,267.5657738,-75.95329166,0.54878002,,17.385401,16.3636
256097822,266.8375098,-74.12174058,0.34919,,17.43,16.573999
343340888,267.2232393,-75.57965398,0.257658,,17.706699,16.730801
343341022,267.3162069,-75.75883322,0.19058201,,17.7721,16.8445
343339531,267.5215529,-74.10613674,0.34587499,,17.6863,16.934999
343341018,267.3269285,-75.75039652,-0.018295599,,18.028,17.023399
256096893,266.8962906,-74.99496817,0.078156099,,17.4165,16.577999
343339525,267.5285949,-74.10062527,0.27562499,,16.944599,16.250601
256096280,267.1428488,-75.67153571,0.107563,,18.019699,16.9946
1508877042,267.4081007,-75.72979201,-0.0130866,,18.801201,17.9405
1508889356,267.561583,-75.37795154,0.186528,,18.565201,17.7523
1508967352,267.5145051,-74.69916149,-0.089477502,,18.700199,17.905399
1508967757,267.3531397,-74.52923094,0.080999397,,18.7794,17.955
1508876125,267.4621219,-75.90854917,0.63064402,,19.331301,18.318501
1508876776,267.5172478,-75.84062266,0.0030774199,,20.0966,19.1077
1508876781,267.4774558,-75.82415501,0.0137251,,20.1488,19.135201
1508876782,267.4602674,-75.81996676,0.37116399,,19.5355,18.568199
1508876783,267.4252931,-75.82749169,0.049366798,,19.6863,18.662399
1508877037,267.4809389,-75.73220879,0.052474201,,19.750601,18.785101
1508889492,267.4482733,-75.32566223,0.60110998,,19.7006,18.840599
1508967760,267.3956373,-74.52209374,0.16451401,,19.416401,18.6224
1508967762,267.3929492,-74.52188314,0.435211,,19.3592,18.4835
343339894,267.389105,-74.48974141,2.4367399,,11.7181,10.9509
343400410,267.7270817,-74.47676179,1.80519,,13.3766,12.6103
343339965,267.2880643,-74.56724702,0.98919702,,14.4798,13.602
343339986,267.4714809,-74.59175284,0.77190799,,15.2774,14.4113
343340288,267.5469424,-74.89747565,0.124073,,17.486601,16.8244
343340293,267.3406641,-74.8995951,0.64847499,,16.0446,15.2078
343340361,267.4469491,-74.98374098,0.48423201,,16.5114,15.6506
343340390,267.3143701,-75.00970967,0.59297901,,15.0523,14.2743
343340392,267.4130451,-75.01281028,0.73642403,,15.0626,14.2074
343341012,267.4407908,-75.74108669,0.85989797,,13.7616,12.9464
343341077,267.4551493,-75.85349587,0.55848402,,16.413799,15.394
343399515,267.6334234,-75.45104409,0.584153,,15.9962,15.0871
343399517,267.673402,-75.45062274,0.65699899,,15.6726,14.7402
343399519,267.7368765,-75.44780266,0.33486,,16.537701,15.6425
343399607,267.9033636,-75.33411504,0.427973,,17.560801,16.6831
343400077,267.7227094,-74.83419786,0.29518399,,16.7617,15.8885
343400030,267.695463,-74.8774471,0.30989501,,16.0436,15.2016
343340395,267.4079088,-75.01847279,0.266092,,17.0394,16.4027
343341039,267.5501845,-75.80331489,0.39013699,,16.7124,15.7408
343399516,267.6662137,-75.45099212,0.25986001,,16.569099,15.6604
343340286,267.3235316,-74.89385261,0.053426199,,17.558599,16.8524
343340362,267.5428853,-74.98379628,0.261058,,17.416599,16.5287
343340365,267.438771,-74.98908055,0.231188,,17.422501,16.5331
343340389,267.5727636,-75.00960234,0.38951501,,16.695299,15.8177
343341116,267.454268,-75.90442942,0.232015,,18.179701,17.165899
343341162,267.3102048,-75.96961901,0.58942002,,17.2118,16.226299
343341166,267.460906,-75.97660899,0.229716,,17.8151,16.793501
343399683,267.8474751,-75.2541477,0.087317303,,17.188601,16.5107
343400824,267.9969359,-74.01176658,0.087908402,,17.680599,16.8339
343340061,267.6037289,-74.65693509,0.284935,,18.0734,17.191401
343341164,267.604724,-75.97195014,0.161318,,18.583799,17.584299
1508972101,267.5264422,-74.26926826,0.053239901,,18.3706,17.630899
1508984884,267.5549207,-74.09310159,0.33333099,,18.1521,17.3678
1508882718,267.7765026,-75.61145922,0.232555,,18.136499,17.214899
1508886560,267.8602132,-75.32424245,0.021180701,,18.6138,17.8421
1508966116,267.7079844,-74.94319427,0.153825,,18.766899,17.8971
1508985893,267.7692711,-74.00277288,0.204384,,18.263399,17.3888
343344014,267.6617206,-75.83750405,0.15218601,,14.964,14.0229
1508970841,267.5098886,-74.5385926,0.062395301,,19.4785,18.6147
1508984887,267.5713865,-74.08408268,-0.113748,,19.926399,19.108999
1508882737,267.7221931,-75.57252445,0.235769,,19.5972,18.768499
1508882711,267.7497261,-75.6194395,0.27438599,,20.045601,19.0769
1508886556,267.8844939,-75.33962669,0.304454,,19.2372,18.3839
1508883782,267.7521505,-75.34348041,-0.162338,,19.540899,18.662001
1508892447,267.6902001,-75.26490063,-0.056508899,,20.2337,19.4039
1508893854,267.685528,-74.96772964,-0.0055046901,,19.898199,18.9904
1508972243,267.8758052,-74.24641537,0.17219099,,19.1476,18.302
1508972244,267.8843007,-74.24593842,-0.48771501,,19.739799,19.2041
1508985892,267.7913393,-74.00553164,-0.083510198,,19.395,18.5492
343340117,267.2843984,-74.71030276,2.5494001,,11.6691,10.9094
343339615,267.5810868,-74.1894316,0.098563001,,16.668301,16.3316
343339557,267.5356613,-74.14005266,1.1239901,,13.6896,12.9898
343339561,267.5632079,-74.14111749,0.75862002,,14.0194,13.4008
343339715,267.5453678,-74.28699554,0.587497,,15.5539,14.6952
343339593,267.2515106,-74.17168974,1.15028,,13.7966,13.1189
343339588,267.580973,-74.16338306,0.21930499,,17.6434,16.792601
343340064,267.2589813,-74.65808753,0.38736701,,16.608801,15.7236
343340119,267.475525,-74.71495844,0.32325,,16.527201,15.6658
343341030,267.5891026,-75.78474743,0.47990599,,16.5543,15.666
343339610,267.2294598,-74.18273658,0.37415099,,17.1696,16.2843
343339553,267.2304932,-74.13406076,0.112554,,17.628599,16.865801
343339712,267.5887858,-74.2855698,0.216719,,17.3449,16.722099
343339980,267.5471542,-74.58786697,0.25081801,,17.395201,16.520201
343339981,267.3564756,-74.58866938,0.179915,,17.611099,16.746901
343340622,267.3366789,-75.25237715,0.171084,,17.301901,16.4091
343339845,267.3778365,-74.42322341,0.49564901,,17.3631,16.4734
343340751,267.6125012,-75.4154138,0.474446,,17.7502,16.806499
343339923,267.2578773,-74.52169661,0.26432401,,17.278299,16.4065
343340358,267.3312481,-74.9798689,-0.055362601,,18.137501,17.253201
1508877658,266.7859442,-75.56711894,-0.166145,,19.1126,18.1591
1508888661,266.7526689,-75.53108519,0.075361699,,18.5291,17.768801
1508888660,266.730012,-75.53699386,0.049392302,,18.197901,17.2631
1508888650,266.9356938,-75.49957318,-0.0234151,,18.2848,17.439699
1508888674,266.8635159,-75.526758,-0.00136871,,19.333401,18.381701
1508888964,266.8104446,-75.39042869,-0.192829,,19.035801,18.1192
1508888946,266.7753995,-75.41002252,0.195602,,18.3985,17.480301
1508888947,266.7961886,-75.40805844,-0.152849,,18.905199,17.999001
1508889916,267.0625249,-75.24353887,-0.379134,,18.7288,17.880699
1508894087,267.2456445,-75.01387842,0.218547,,18.0732,17.2124
1508966778,266.9481974,-74.82163903,0.122894,,18.5492,17.6831
1508967072,266.9796274,-74.7094309,-0.0069485502,,19.1427,18.250401
1508985417,267.0529638,-74.03865735,0.115707,,18.8773,18.0257
1508985510,266.948414,-74.0035871,0.254621,,18.793699,17.9366
1508966216,267.6124314,-74.88690627,0.270417,,18.116501,17.316601
1508971095,267.6554378,-74.42479134,0.00595209,,18.325001,17.546101
1508876402,266.7945209,-75.86146487,0.220751,,19.219999,18.2943
1508876407,266.8337744,-75.86216872,0.47405699,,18.907101,17.8904
1508877342,266.7625121,-75.73090856,0.32838199,,19.4398,18.376101
1508877329,266.9689577,-75.69416471,0.389819,,19.026699,17.9876
1508877641,266.7316533,-75.58396727,0.210877,,19.664301,18.698601
1508888663,266.7334548,-75.53700566,0.36763701,,19.4571,18.509001
1508888904,266.8820084,-75.43650075,0.17603201,,19.4855,18.600901
1508888952,266.7882315,-75.40465329,-0.27465099,,19.808001,18.913799
1508889013,267.6614677,-75.51109442,-0.45597199,,19.9517,18.988899
1508889705,266.7798604,-75.35310455,0.50834602,,19.834101,18.9219
1508889709,266.8815001,-75.35950563,-0.804892,,20.315399,19.4666
1508889773,266.8081866,-75.29379503,0.431968,,19.332199,18.4244
1508889962,266.7210091,-75.25099673,0.521658,,19.479099,18.560801
1508889618,266.915794,-75.36433104,0.0756156,,20.2794,19.4342
1508893306,267.0796856,-75.05128547,0.53197497,,19.1663,18.3643
1508966777,266.9963496,-74.82483046,0.211521,,19.6745,18.827801
1508971773,267.1051246,-74.2883766,0.34997299,,19.1859,18.301001
1508971774,267.0984338,-74.280502,0.27627599,,19.4816,18.654301
1508985506,267.0116799,-74.00063793,0.083491303,,19.9632,19.1049
1508876821,267.5881812,-75.81026273,-0.0238488,,19.494801,18.564199
1508889323,267.7103756,-75.3966521,-0.170471,,19.7764,18.858101
1508892472,267.6129944,-75.26966606,0.141737,,19.276501,18.4405
1508966142,267.6282488,-74.92060838,0.212532,,19.2181,18.306601
1508970729,267.6633675,-74.55558735,0.59163499,,19.491899,18.666401
1508984684,267.6666851,-74.1693702,0.41924,,19.3167,18.6306
343405644,268.1718105,-75.02529482,0.26075,,16.764999,15.8802
343339887,267.5275317,-74.48466486,0.69225001,,14.8662,14.0052
343405891,268.1800382,-75.35784711,0.78164297,,15.2884,14.4629
343449719,268.7370127,-75.81545668,0.83673799,,14.0691,13.1966
343340577,267.5369873,-75.21913363,0.37858999,,15.7926,15.059
343400192,267.9996783,-74.70273952,0.56682497,,16.0261,15.1587
343400194,267.8533186,-74.69797873,0.47343901,,16.1842,15.2902
343405508,268.0361767,-74.84713362,0.23555601,,15.1696,14.5568
343405766,268.3316489,-75.18845546,0.42034301,,16.046301,15.1333
343405895,268.0802268,-75.36356756,1.0486,,15.0601,14.1449
343405300,268.2606911,-74.58016162,0.42147201,,15.622,14.9141
343405541,268.2930086,-74.89726282,1.04888,,15.0398,14.1603
343406309,268.2009532,-75.89059359,0.74173403,,15.8455,14.8636
343406312,268.106756,-75.89277094,0.34913999,,16.144501,15.1932
343449715,268.5599344,-75.81902325,1.03061,,14.7426,13.8352
343450973,268.6281522,-74.30178766,0.243347,,15.8218,15.1244
343451146,268.6940754,-74.10488437,0.54346597,,15.8758,14.9889
343340575,267.2851112,-75.21608072,0.45989901,,17.0867,16.3269
343400209,267.7454363,-74.67760147,0.37542701,,17.5756,16.686899
343404922,268.136762,-74.09674278,0.380575,,16.5874,15.7198
343405880,268.0609357,-75.33978249,2.20065,,12.4336,11.5479
343406013,268.2406975,-75.48509489,1.62437,,12.2377,11.4204
343449712,268.6601955,-75.8272138,1.79721,,11.418,10.977
343405035,268.1868224,-74.24167183,0.65479702,,15.6331,14.7899
343400195,267.9556783,-74.69575089,0.278308,,16.920601,16.053499
343406294,268.0966343,-75.87211075,0.400976,,16.574499,15.6376
343405308,268.2540718,-74.58506559,0.48224801,,16.595699,15.7504
343451143,268.7678217,-74.10801171,0.51272702,,16.2321,15.3707
343406300,268.2727697,-75.87834577,0.25651199,,18.0291,17.069099
343405780,268.1302672,-75.21013981,0.29298499,,17.980801,17.093399
343340001,267.3166364,-74.59971656,0.226189,,17.0518,16.16
343343945,267.817079,-75.92429834,0.18749601,,17.3307,16.4009
343399776,267.63688,-75.15207795,0.409282,,17.014299,16.125099
343400390,267.8441654,-74.49486209,0.29630801,,17.148899,16.3638
343400393,267.8716267,-74.49400951,0.224241,,17.341801,16.507
343405307,268.0866336,-74.58492682,0.324406,,17.2187,16.379299
343405774,268.1219411,-75.19799513,0.48346901,,17.122801,16.268801
343406012,268.2990891,-75.48319771,0.20427801,,17.679501,16.7481
343399540,267.9040587,-75.42136532,0.13906001,,17.7745,16.8813
343405193,268.2446941,-74.43888657,0.201194,,17.8407,16.9872
343405625,268.2356751,-74.998082,0.191102,,18.0387,17.142099
343404927,268.308483,-74.1039125,0.225142,,17.4883,16.620199
343404928,268.0057249,-74.10424567,0.35306701,,17.5751,16.7265
343405438,268.0853984,-74.75291446,0.48292899,,17.4611,16.5716
343405543,268.1035224,-74.8981513,0.14818101,,18.007401,17.119101
343405975,268.0343333,-75.44069812,0.131199,,17.798,16.9277
343339997,267.3661239,-74.59861862,0.28416201,,17.908001,17.019699
343405642,268.2219177,-75.02136219,0.20868599,,17.250401,16.461901
343405056,267.987326,-74.27305879,0.24678101,,17.530701,16.790701
343340078,267.3199284,-74.66780899,0.193075,,17.907,17.0268
1508889141,267.4938432,-75.39842052,0.100344,,18.6285,17.688499
1508892597,267.4515649,-75.20845241,0.191489,,17.969299,17.237
1508893517,267.5744951,-75.08751102,0.0118517,,18.7948,18.016701
1508971195,267.5862962,-74.39913766,0.21223,,18.329201,17.4457
1508882015,268.4948289,-75.78856953,0.31680399,,18.130199,17.1712
1508882581,268.2204558,-75.66148035,0.13803101,,18.7248,17.7862
1508960256,268.2459946,-74.85983926,-0.128158,,18.4937,17.588499
1508961396,268.2848793,-74.74099706,-0.197235,,19.007601,18.239799
1508887803,268.3258266,-75.07480817,0.216077,,18.700701,17.818501
1508965855,268.1705597,-74.3562211,0.087996498,,18.499001,17.626101
1508965946,268.1739003,-74.28894009,0.051093601,,18.626301,17.780899
1508978676,268.3037987,-74.18409311,-0.0538904,,19.2118,18.3234
1508882068,268.3362317,-75.72916154,0.131589,,18.644899,17.727301
1508882256,268.3360987,-75.67984019,0.34573999,,18.678801,17.6947
1508887711,268.2712465,-75.13189433,0.036296401,,18.9058,18.000799
1508882833,268.7573891,-75.67079508,0.066872597,,18.5623,17.5944
1508960849,268.7964674,-74.80731631,0.126008,,18.898701,17.984501
1508960850,268.7868863,-74.80169161,0.191107,,18.384501,17.533501
1508963832,268.8951919,-74.74962408,0.032264698,,18.9259,18.102699
1508963837,268.8225509,-74.73639284,0.181217,,18.5993,17.728901
1508978091,268.8285326,-74.25761691,0.133606,,18.894899,17.9972
1508888144,267.2762183,-75.62378957,-0.060804401,,20.0846,19.108299
1508888466,267.3212883,-75.48395783,0.44725901,,20.134701,19.2316
1508892595,267.473858,-75.21642171,0.26707801,,19.466499,18.5714
1508892602,267.4543293,-75.20474861,0.067946397,,19.2477,18.395201
1508893629,267.4442805,-75.07905808,0.13160001,,20.467199,19.562901
1508888032,267.6959664,-75.66386208,0.32751599,,19.514799,18.614901
1508892389,267.6889515,-75.30169306,0.215854,,19.789801,18.9212
1508892392,267.6664329,-75.29531598,-0.042287301,,20.2859,19.4942
1508892393,267.6742707,-75.29296375,-0.0130753,,18.7868,18.291599
1508893890,267.595972,-74.94243123,0.518296,,19.8445,19.006701
1508967305,267.6577898,-74.6873806,0.095624201,,19.312401,18.441099
1508971197,267.5466,-74.38296309,0.21440101,,19.6485,18.7743
1508985005,267.7448537,-74.06664029,0.088371597,,19.9753,19.1595
1508985009,267.7354264,-74.06752614,-0.019543801,,19.1049,18.313499
1508882017,268.5261973,-75.7768702,0.48267299,,19.172199,18.326599
1508886388,268.2991635,-75.40756631,0.179277,,19.792,18.934401
1508886389,268.2954668,-75.40748088,-0.454763,,19.1189,18.368299
1508887493,268.2932126,-75.16919037,0.37481001,,20.2878,19.4123
1508960181,268.2273693,-74.91062227,-0.192579,,19.768299,18.924999
1508961497,268.2830548,-74.68211551,0.290117,,18.802099,17.9016
1508961503,268.2278939,-74.71350382,-0.0357491,,20.1031,19.354
1508965562,268.2237,-74.47242408,0.51121002,,19.669901,18.8699
1508965655,268.2471209,-74.41657,0.286834,,18.2134,17.647699
1508978460,268.2119354,-74.19853917,-0.18684,,20.569201,19.7327
1508960296,268.1649595,-74.85379225,-0.52482498,,20.575701,19.7677
1508961162,268.2470557,-74.80617273,-0.32721299,,19.920099,19.076799
1508964742,268.1920201,-74.51760654,0.436259,,18.370399,17.5625
1508965871,268.182169,-74.3451006,0.27818999,,19.330299,18.5387
1508965941,268.1866855,-74.30538352,0.226842,,19.8181,18.975401
1508965945,268.2081252,-74.2973681,0.30531299,,19.1182,18.302099
1508978677,268.252692,-74.17638768,0.53666401,,19.660801,18.805401
1508978679,268.2612493,-74.16048557,-0.83885503,,20.6045,19.736401
1508871633,268.3672232,-75.83061633,0.17016201,,19.4125,18.5168
1508882297,268.2903929,-75.65447219,0.35601601,,18.905001,17.932301
1508883033,268.409274,-75.56548413,-0.124291,,20.5886,19.679001
1508883036,268.3877567,-75.55084221,0.666655,,19.360001,18.4648
1508883038,268.2970805,-75.54555637,0.037272401,,20.169399,19.281401
1508883041,268.3374271,-75.55172769,-0.034348499,,19.828899,18.9673
1508883194,268.372151,-75.52100393,0.247419,,20.520201,19.5784
1508883195,268.4167762,-75.52516196,0.34639999,,18.955799,18.0797
1508883201,268.3397812,-75.51126093,0.33383799,,18.722099,17.9196
1508964721,268.2703556,-74.50220268,-0.335419,,19.553801,18.6952
1508880787,269.1006924,-75.77648365,-0.051220499,,20.153,19.245001
1508965028,268.8241517,-74.50656674,0.44931701,,18.693399,17.8825
1508965034,268.7414824,-74.51751751,-0.156679,,19.7967,18.981001
1508965335,268.8471852,-74.41416594,0.0021549901,,19.2799,18.3881
1508977727,268.7505994,-74.37182763,0.363083,,19.085699,18.2736
1508977729,268.7793169,-74.37118106,-0.455585,,19.9209,19.1807
1508979045,268.8574711,-74.14119916,0.20700601,,19.772499,19.002701
343339563,267.4554759,-74.14134225,0.48887101,,15.3375,14.5466
343339727,267.2488766,-74.29820801,0.77268398,,14.9674,14.1393
343339568,267.396319,-74.14422734,1.6788,,13.6805,12.8325
343339565,267.3908868,-74.14234547,0.49251601,,14.4207,13.6702
343339566,267.5289009,-74.14364241,0.35347,,15.6266,14.896
343339815,267.408529,-74.39177011,0.446042,,17.123301,16.2376
343340033,267.4791719,-74.62557118,0.096106999,,17.259701,16.7369
343340035,267.4268838,-74.62767603,0.209722,,17.250999,16.3801
343340598,267.5980783,-75.23505136,0.32003999,,17.797001,16.892599
1508972123,267.4569043,-74.26821407,0.057553399,,18.4807,17.5938
1508966335,267.4892995,-74.83150676,0.43476099,,18.590099,17.7465
1508971153,267.4824488,-74.43698115,0.419429,,19.514299,18.639601
1508972126,267.502464,-74.261231,-0.43157899,,19.6005,18.772499
343340664,267.5261252,-75.31818152,0.94029403,,13.2292,12.4079
343340706,267.28184,-75.36017007,1.27683,,13.6664,12.809
1508972420,267.5203004,-74.1657991,0.45584199,,19.8486,19.0292
1508985158,267.4757645,-74.02888301,-0.188822,,19.823099,18.9827
343340708,267.3522042,-75.36247891,0.53793502,,16.6588,15.7114
343340847,267.394704,-75.53269839,0.34225601,,16.221201,15.2688
343341091,267.3145104,-75.8702525,0.329698,,16.959,15.9608
343340421,267.3281027,-75.04443024,0.38757801,,16.8174,15.9079
343340713,267.2311481,-75.37070761,0.228457,,18.3976,17.452499
343340848,267.2722098,-75.53355149,0.078161001,,18.258801,17.288099
343340666,267.6095035,-75.31971451,0.206165,,17.8302,16.922701
1508966135,267.6648185,-74.94740298,0.14092401,,18.257299,17.368999
1508967553,267.8161311,-74.63480301,-0.0350147,,18.782499,17.8941
1508882534,267.8110523,-75.65910107,0.22694901,,18.1681,17.344101
1508882535,267.7306838,-75.66156752,0.23491,,18.5623,17.624201
1508882761,267.8753563,-75.56853627,0.139441,,18.637501,17.6665
1508960076,267.8357857,-74.94265212,-0.085934304,,19.104799,18.205601
1508970999,267.8478631,-74.47160823,0.086269401,,18.459,17.658001
1508972168,267.8542008,-74.28291498,0.058571301,,18.5334,17.8074
343340423,267.4468774,-75.04649935,0.51018697,,17.995399,17.1094
1508883527,268.2802947,-75.50697247,0.176636,,19.3503,18.496599
1508966170,267.8047463,-74.90427291,0.57453901,,19.7631,18.924801
1508966171,267.7882459,-74.90237691,0.49283201,,18.7731,17.9158
1508967531,267.616507,-74.65486744,0.212161,,19.0606,18.188601
1508967547,267.6435925,-74.6237086,0.137431,,18.8036,18.0588
1508967551,267.840151,-74.63883443,0.103102,,19.674,18.795401
1508967556,267.7240887,-74.61579789,0.40951401,,19.1469,18.4452
1508970688,267.778319,-74.57563903,0.089685299,,19.1936,18.341999
1508984676,267.6947907,-74.19586651,-0.172902,,20.2717,19.4084
1508984740,267.8205027,-74.12950585,0.128475,,19.2997,18.4118
1508984741,267.8164472,-74.1258991,-0.197789,,19.8673,19.098
1508984764,267.7473874,-74.12864239,0.30645999,,18.885201,18.0392
1508871882,267.7986054,-75.84530655,-0.46642101,,20.6572,19.7008
1508882532,267.8120254,-75.66921036,0.38622099,,19.614799,18.662001
1508882757,267.9285458,-75.57555934,0.30145499,,18.990499,18.019501
1508883776,267.7919991,-75.36791914,0.27897099,,19.069599,18.164101
1508887935,268.0584207,-75.05820506,0.38993001,,18.563999,17.6609
1508967268,267.8097795,-74.73257837,0.153576,,19.683901,18.8225
1508971840,267.817062,-74.38562245,0.194359,,18.6005,17.867399
1508972170,267.8170329,-74.28903574,0.34475401,,18.253,17.462999
1508972254,267.830265,-74.23466526,0.22586399,,19.089199,18.2516
1508985852,267.8233941,-74.02664117,-0.018097701,,20.055,19.2579
343339756,267.6089884,-74.32559808,1.0688,,13.219,12.5253
343399861,268.0038122,-75.07344755,0.905325,,14.2044,13.3941
343399862,267.8678853,-75.07326506,0.70000201,,15.5163,14.6774
343400507,267.8473903,-74.35870771,0.42862499,,16.393499,15.5284
343399902,267.9524221,-75.03250946,1.66359,,12.3356,11.5407
343339483,267.3800129,-74.05231919,0.905563,,14.1249,13.3887
343339651,267.5025495,-74.22382821,0.63230503,,16.2523,15.3697
343339754,267.2458618,-74.32387628,0.39043099,,15.9649,15.0974
343344087,267.6614245,-75.73385266,0.038651001,,16.0912,15.6443
343399655,267.7928169,-75.28404061,0.31755999,,16.1688,15.3369
343400250,267.9859085,-74.63220961,1.17292,,14.1601,13.3817
343400629,267.6417636,-74.22254283,0.47440401,,15.5623,14.897
343399719,267.8353309,-75.20960565,0.097763903,,17.852501,16.966999
343400216,267.7397354,-74.66932385,0.205194,,17.0728,16.184401
343343982,267.881385,-75.87686378,0.247931,,17.778299,16.832001
343400605,267.7743277,-74.25573716,0.33403099,,15.5076,14.7809
343399650,267.6416557,-75.2931764,0.86001599,,15.2248,14.3453
343400093,267.8277196,-74.81874961,0.561647,,16.3613,15.4572
343400132,267.9588687,-74.77221766,0.299977,,17.035299,16.1717
343400361,267.7901766,-74.52091844,0.345276,,17.1479,16.2784
1508872090,267.7627213,-75.78213855,-0.32555699,,19.336399,18.4862
1508892374,267.6186297,-75.30956959,0.220745,,18.6472,17.737
1508893835,267.6956425,-74.98991041,-0.0570402,,19.043699,18.1611
1508967220,267.6744121,-74.75435926,0.15862601,,18.6679,17.7705
1508985012,267.7023682,-74.06880378,-0.18485799,,18.8468,18.1094
1508892728,267.6571224,-75.15058571,-0.0388848,,18.577,17.760201
343400674,267.6210334,-74.17049944,0.266482,,18.055799,17.1786
343339650,267.406561,-74.22111514,0.2498,,17.7393,16.882601
343339752,267.5614767,-74.32265681,0.18258201,,17.6998,16.826799
343340559,267.453133,-75.19651513,0.227042,,17.6278,16.7171
343340782,267.6531181,-75.45287109,0.358192,,18.322901,17.389
343399932,267.735939,-74.99170616,0.14020699,,17.7614,16.8888
343400385,267.9344828,-74.49947218,0.17734399,,17.472,16.588499
343400711,267.8330311,-74.13609714,0.081827,,17.516899,16.6479
343400213,267.7649031,-74.67442856,0.21290401,,17.882299,17.031
343344322,267.9851896,-75.46275969,0.204594,,17.729401,16.8554
343399720,267.9423631,-75.20705459,0.196558,,17.252501,16.4916
343400604,267.7018137,-74.25682701,0.265589,,16.928101,16.068399
1508871900,267.720665,-75.81478745,0.42783201,,18.7619,17.8248
1508892372,267.6998389,-75.3182293,0.073889703,,20.0266,19.218
1508967218,267.6704412,-74.7557595,-0.15237901,,19.818199,18.924601
1508971090,267.702867,-74.41183009,0.102541,,19.8307,19.0063
1508972284,267.7083089,-74.22395749,0.63152599,,19.1563,18.2995
1508883440,267.8548821,-75.50842361,0.34556499,,20.087999,19.175301
1508889300,267.7064736,-75.42337081,0.028657701,,19.4653,18.594101
1508889304,267.6724367,-75.41374672,0.0056413501,,20.307301,19.431
1508889306,267.7214347,-75.40690598,0.24229801,,20.1185,19.263399
343449636,268.740782,-75.92963991,0.70582497,,14.1647,13.4012
343449902,268.5794683,-75.58109128,0.462594,,16.069099,15.1687
343450197,268.466292,-75.2232082,0.93272901,,14.1949,13.3015
343450204,268.7250851,-75.21410181,0.24300601,,16.57,15.8064
343450006,268.5831765,-75.4356808,1.5103101,,12.8743,12.1548
343449635,268.762801,-75.9299747,0.369342,,17.446899,16.457701
343449828,268.4435932,-75.67372829,0.34174201,,17.855499,16.8622
343450202,268.613265,-75.21659673,0.27959701,,17.7472,16.8304
343450066,268.4307427,-75.37174355,0.021237699,,18.347799,17.440001
1508960212,268.1311835,-74.89347663,0.141304,,18.976299,18.153999
1508961132,268.1891802,-74.81167502,0.0152873,,18.404499,17.6059
1508961537,268.0533694,-74.72620109,-0.353291,,19.303801,18.445801
1508979675,268.0637738,-74.06018412,0.25226501,,18.142401,17.4231
1508960007,268.0102055,-74.9994324,0.0117731,,18.8832,18.0065
1508965760,268.1083301,-74.37677679,0.077652901,,18.122601,17.2757
1508979685,268.184052,-74.06267834,0.20981599,,18.360701,17.520201
1508871745,268.2026131,-75.88870299,-0.066875301,,19.3302,18.3682
1508959972,268.1608427,-74.97323314,0.217912,,18.248699,17.360399
1508882345,268.2523145,-75.7701099,0.117145,,18.676399,17.7265
1508882346,268.2454581,-75.75896378,0.058048598,,18.693701,17.8403
1508883548,268.2743663,-75.48573548,-0.49272701,,19.438,18.6071
1508887817,268.2170129,-75.04545214,0.18246999,,17.402399,16.6126
1508964377,268.2964449,-74.66373256,0.15645599,,17.9398,17.1022
1508964464,268.2485521,-74.60413621,0.188677,,18.127399,17.323
1508965830,268.3925413,-74.38098491,0.354343,,18.0408,17.242901
1508978362,268.189885,-74.28487403,0.24798,,18.6224,17.7633
1508871587,268.4331981,-75.85992625,0.037601501,,18.8694,17.9156
1508882944,268.4781217,-75.61387059,0.176479,,19.051701,18.073099
1508887078,268.4431081,-75.23298192,-0.117662,,19.2801,18.3584
1508959472,268.5708432,-75.04758161,-0.133229,,18.798401,17.8859
1508965144,268.4194724,-74.4761727,0.085834898,,18.283701,17.379601
1508871696,268.0126234,-75.94097635,0.0766332,,19.253201,18.359501
1508883581,268.0185369,-75.44516833,0.37584001,,19.3738,18.507799
1508886755,268.1256874,-75.23602753,0.083783403,,19.5769,18.6649
1508886772,268.0160173,-75.2815622,0.0523348,,19.1733,18.2833
1508887773,268.1269587,-75.09488788,-0.0619017,,19.7353,19.0273
1508961136,268.162788,-74.81297341,-0.77131498,,20.3638,19.5294
1508964477,268.168231,-74.58814033,0.095903702,,20.3514,19.5124
1508887532,268.1343612,-75.1331338,-0.252193,,18.4265,17.951799
1508961434,268.1470563,-74.72697685,-0.391752,,19.896601,19.101101
1508964421,268.2208172,-74.62526241,-0.0332269,,19.645,18.7995
1508965938,268.2823362,-74.30663212,-0.18208501,,20.3606,19.5404
1508966061,267.9666612,-74.28695217,-0.3427,,20.297701,19.4471
1508871749,268.1628732,-75.90141063,-0.26531699,,20.0825,19.249901
1508883301,268.1891429,-75.55594409,-0.393493,,20.2309,19.2712
1508883539,268.2164887,-75.49795024,0.15059599,,19.699301,18.819401
256053465,266.2955865,-75.14039183,2.00284,,12.6697,11.9542
256053515,266.3225675,-75.07179315,0.67438602,,13.4593,12.6508
1508887443,268.1594742,-75.20662452,0.33471799,,19.1952,18.4489
1508887456,268.1226512,-75.17925864,0.321116,,18.9842,18.067301
256053817,266.3578292,-74.76926638,0.33982,,13.5314,12.8064
256054244,266.2933049,-74.33766068,1.58692,,12.9042,12.2425
256053295,266.3634043,-75.31911302,2.4126201,,12.9956,12.1368
256092181,266.6943154,-75.00008113,0.94177902,,13.4323,12.5498
1508887822,268.1292629,-75.06905736,0.39456999,,19.549101,18.824301
1508887823,268.1240185,-75.06890763,-0.325001,,20.218399,19.3361
1508887852,268.0940399,-75.02511254,0.066192999,,19.702,18.824301
1508887858,268.0149907,-75.09121473,-0.18810301,,20.3076,19.410801
1508882351,268.124211,-75.74571185,0.19550601,,18.8904,18.057699
1508883353,268.1864463,-75.53117832,0.38909599,,20.0287,19.127199
1508883532,268.1962932,-75.50420361,0.70123398,,19.6493,18.703699
1508887723,268.2745354,-75.1230124,-0.161851,,19.9011,19.017599
1508964658,268.2176993,-74.55264663,-0.26248899,,20.177,19.3897
1508978737,268.2090575,-74.14051563,0.20356999,,19.1556,18.375299
1508979631,268.2461644,-74.0500278,0.133596,,18.957399,18.233999
1508979634,268.2540216,-74.04365277,0.33093199,,19.1015,18.224501
256092088,266.679845,-74.88718024,0.215726,,16.365801,15.7065
256052933,266.2025852,-75.74392602,0.46694499,,16.996201,16.042999
256053273,266.4002433,-75.34247704,0.35618201,,17.1504,16.248199
256053362,266.2679055,-75.24877561,0.359312,,17.0065,16.2768
256053511,266.3355648,-75.0761209,0.21630999,,17.0506,16.1609
1508871586,268.4361399,-75.85906998,0.314132,,19.271799,18.3004
256053526,266.1814357,-75.05967472,0.71135098,,14.8568,13.9767
256053816,266.0996075,-74.77077721,0.25567999,,16.867901,15.9895
256054242,266.2343815,-74.33838454,0.70133501,,16.3864,15.5586
256054410,266.2047311,-74.17658705,0.41496101,,17.144501,16.2973
1508882267,268.4595769,-75.68955864,-0.117209,,19.699499,18.714001
1508886008,268.5666066,-75.41611618,0.208757,,19.267401,18.372499
1508886009,268.582273,-75.41327463,0.207378,,18.933599,18.1112
1508886011,268.5303797,-75.40949323,0.073255204,,18.937099,18.1682
256054449,266.3076924,-74.13664821,0.40733701,,16.920401,16.0753
256091354,266.6145951,-74.10633782,0.15725601,,16.8913,16.119499
256092053,266.4439468,-74.83542711,0.31286201,,17.5179,16.6444
256092525,266.7394136,-75.39127399,0.220158,,17.066601,16.1378
256092571,266.5434668,-75.43713484,0.182248,,16.764601,16.0289
256092700,266.6128576,-75.5784892,0.474401,,16.672501,15.7355
1508959754,268.4559732,-74.96628764,-0.126159,,19.988001,19.122
1508960678,268.4029976,-74.87330018,0.189017,,19.6248,18.781
256053256,266.1236039,-75.36697292,1.05363,,14.2315,13.3852
1508964242,268.4415965,-74.60954067,0.45697501,,18.597,17.795799
1508965142,268.4450299,-74.47965858,0.156516,,20.073601,19.272301
1508965431,268.4959,-74.39610369,0.16022401,,19.621599,18.8146
1508965434,268.4404254,-74.40020488,0.37464899,,19.3291,18.498501
256053289,266.3826369,-75.3245576,1.06655,,14.6759,13.789
256053432,266.4262311,-75.17234617,0.58501297,,14.749,13.8839
256054295,266.1732302,-74.28747191,0.96254802,,13.7531,13.0736
256091326,266.5934365,-74.08419858,0.77285802,,14.9408,14.184
256091466,266.77604,-74.2262771,0.65305102,,13.8317,13.0043
256091690,266.4787972,-74.46579013,0.80723298,,14.6606,13.8675
256091985,266.6576083,-74.77383603,0.34677601,,16.0207,15.1488
256092013,266.5892217,-74.80521172,0.43769601,,14.212,13.6729
256092215,266.4288423,-75.04199974,1.2674299,,14.237,13.4195
256092291,266.7708214,-75.14917111,0.68915802,,14.9164,14.1304
256096114,266.979938,-75.86128732,1.18264,,14.2566,13.3116
256092271,266.6194233,-75.12045556,0.51440102,,16.408001,15.5397
343344086,267.9996275,-75.73453396,1.63238,,13.4059,12.464
256092775,266.6431967,-75.67152323,0.47951901,,16.995501,15.9562
343404888,268.1172088,-74.05964361,2.0578699,,12.444,11.6556
343451179,268.7029556,-74.07377885,1.4233299,,13.434,12.6447
343450420,268.5422083,-74.94472535,1.15713,,13.6494,12.908
343339760,267.2766416,-74.33472417,0.42371601,,16.478901,15.5901
256092164,266.44804,-74.97842817,0.38691401,,16.444901,15.6075
256052827,266.1027128,-75.8680521,1.26103,,14.6044,13.6059
256052982,266.1828127,-75.68927971,1.03297,,15.5031,14.5823
343400011,267.6886078,-74.90095191,1.1555001,,14.4092,13.5443
343450506,268.5798229,-74.83303984,0.82869399,,14.2499,13.572
343449610,268.7214213,-75.96142547,0.67433703,,15.7947,14.8183
343451202,268.5983785,-74.04931489,1.1732301,,14.383,13.5804
256053036,266.0440982,-75.63368036,0.60861897,,15.6471,14.6806
256053031,266.1083635,-75.63867239,0.61369801,,15.6487,14.7163
343339762,267.4856655,-74.33594074,0.77586699,,15.3232,14.498
343340690,267.2520111,-75.35092215,1.09551,,14.901,14.0016
343340695,267.338203,-75.35318612,1.05823,,14.4207,13.5644
343340467,267.326789,-75.0931974,0.37353599,,16.2994,15.4346
343405087,268.3346003,-74.31095784,0.57229799,,15.5087,14.6812
343450510,268.5354828,-74.82343499,0.50084502,,16.224001,15.3147
256054080,266.3559615,-74.51328903,0.79368103,,14.3479,13.5334
343449847,268.6602651,-75.65327881,0.899598,,14.8751,13.929
343450419,268.7445087,-74.94512214,0.56032598,,15.6007,14.717
256054229,266.4207591,-74.34850741,0.292757,,16.516701,15.6291
256054231,266.3956316,-74.34513079,0.43237299,,15.7962,14.9069
256054238,266.0634367,-74.34105811,0.47869501,,15.7334,14.9998
256054245,266.2025325,-74.33668866,0.94614398,,14.7566,13.8809
343450552,268.5784605,-74.77967264,0.462751,,15.8729,14.987
343450937,268.5609982,-74.34078493,0.69973701,,15.1671,14.3726
343451207,268.5680837,-74.04756785,1.1184,,14.9803,14.0924
256054409,266.3310374,-74.17669462,0.371517,,16.1765,15.3052
256053351,266.3665922,-75.25865741,0.59385997,,15.6047,14.6848
256091359,266.696053,-74.108578,0.81197101,,14.899,14.1271
256091377,266.4968216,-74.1239258,0.94279301,,14.9816,14.0983
256091410,266.6161642,-74.14755789,0.94470698,,15.0214,14.1656
256091633,266.7457931,-74.40341288,0.32269001,,16.208099,15.4163
256091634,266.5143403,-74.40530583,0.63602602,,15.3822,14.5019
256091753,266.5955386,-74.52473865,0.67792797,,15.964,15.0857
256091915,266.7074168,-74.69345058,0.561791,,15.8875,15.0629
256091965,266.8023338,-74.74713504,0.925973,,15.0848,14.2312
256091980,266.5047157,-74.76648869,1.36683,,14.6792,13.8076
256092166,266.4969175,-74.97985729,0.91005599,,13.9403,13.2629
256092287,266.5457262,-75.14406326,0.58027601,,15.0773,14.2045
256092289,266.5861062,-75.14609289,0.65654701,,15.6894,14.8487
256092409,266.7229299,-75.25998295,0.64693701,,15.8945,14.9733
256092471,266.6812184,-75.32786233,1.0555,,14.9748,14.1209
256092501,266.7626514,-75.36030657,0.59327298,,16.507,15.5722
256092510,266.6451139,-75.37563211,0.52030402,,16.260401,15.3667
256092565,266.7342013,-75.4325316,0.862625,,15.2515,14.3567
343450762,268.5576958,-74.53392766,0.29392901,,16.956301,16.0536
343450936,268.4295038,-74.34198434,0.29034001,,17.340799,16.4494
343400504,267.7393744,-74.36055519,0.28147599,,16.589399,15.714
256092631,266.5026718,-75.50378353,0.43437701,,15.8301,14.9384
256092695,266.4807367,-75.5730592,0.31176201,,16.412201,15.5809
256096466,267.0257798,-75.45531581,0.65680403,,14.894,14.0929
256097647,267.0481007,-74.29190801,0.35632601,,16.313299,15.465
256097648,267.1631758,-74.29063183,0.61236697,,15.4786,14.6124
256053720,266.2312448,-74.86872218,0.1992,,14.1423,13.4288
343400252,267.9870561,-74.62931204,0.315743,,16.492399,15.6159
343450297,268.5304911,-75.11127568,0.511967,,16.646099,15.8012
343339680,267.4639756,-74.25497794,0.33986801,,16.840599,16.209999
343339758,267.2450824,-74.33139007,0.48755699,,17.178801,16.290001
343400694,267.8037862,-74.15157485,0.26226801,,17.312201,16.430099
343404887,268.0902062,-74.0589368,0.112807,,18.0354,17.1654
343451178,268.6466606,-74.07492628,0.33019999,,17.424299,16.619301
343451180,268.7408968,-74.06999539,0.17936,,17.3064,16.4769
343450326,268.6166754,-75.08132292,0.33314899,,17.1164,16.209
343451206,268.7817288,-74.04825697,0.203835,,17.4424,16.628099
343400127,267.9702674,-74.77429518,0.107587,,16.869699,16.417101
343450299,268.6846277,-75.10845211,0.33137599,,17.281099,16.4189
343450300,268.6184623,-75.10671042,0.33482501,,17.667101,16.7477
256091668,266.5264414,-74.44213533,1.12494,,13.3001,12.4526
343341065,267.2409218,-75.83688914,0.14025401,,17.924801,16.941099
256052932,266.3814181,-75.74405524,0.37730101,,17.2547,16.2293
256091963,266.5478505,-74.74464545,0.440209,,16.7838,15.9207
343339765,267.4833092,-74.33753448,0.170837,,17.856199,16.9722
256092375,266.5316403,-75.23265244,-0.044871502,,17.943001,17.070101
256096461,266.9768496,-75.46121358,0.31349799,,17.078501,16.1686
256096609,267.1639179,-75.27857945,0.27757299,,17.2943,16.4452
1508876180,267.4232278,-75.86216785,0.118206,,19.177401,18.1653
1508888294,267.5312907,-75.55745,-0.0991157,,19.289801,18.324499
256097521,267.1779368,-74.40134737,0.47944799,,16.5014,15.6805
256052983,266.2230678,-75.68910842,0.52656603,,16.4942,15.5433
256053199,266.1629345,-75.43607539,0.45253399,,16.314301,15.4007
256053995,266.0573265,-74.59292144,0.30964199,,15.0167,14.3605
256091253,266.6852135,-74.01395056,0.54059601,,15.8186,14.9409
256092217,266.7748319,-75.04401117,0.33477601,,16.586201,15.699
256092751,266.5082703,-75.64220103,0.169746,,16.307699,15.5264
256092752,266.4423161,-75.6422382,0.52008402,,16.3447,15.4079
256052828,266.3140398,-75.86739016,0.31234199,,17.282301,16.254801
1508984847,267.4234349,-74.10151689,0.0819249,,19.0221,18.163601
1508985147,267.4175636,-74.04344392,0.072961703,,18.575899,17.716999
1508985148,267.4388367,-74.03411313,-0.20451599,,19.4685,18.597401
1508886413,268.065316,-75.39195803,-0.37680599,,19.056499,18.2183
256052977,266.0886333,-75.69508142,0.377018,,16.4883,15.6049
1508886430,268.0596518,-75.36077556,-0.35414401,,19.086901,18.1674
1508886719,268.3059563,-75.26103864,0.101469,,18.2148,17.305799
1508961216,268.1431177,-74.75139303,0.16418099,,17.795799,16.933201
1508964696,268.1887786,-74.52439451,0.22458699,,18.355301,17.476
1508965663,268.2304192,-74.40762968,0.235563,,17.954599,17.2136
1508978537,268.1433618,-74.20746364,0.233705,,18.317801,17.466801
1508959796,268.5210823,-74.94317346,0.107638,,19.125601,18.220301
1508964083,268.8225847,-74.67039871,0.079799503,,18.293699,17.564501
1508965164,268.5818227,-74.48009354,0.0606171,,18.2176,17.309799
1508977972,268.5506712,-74.27036776,-0.0129164,,18.606199,17.7479
256053033,266.305789,-75.63766813,0.309634,,17.8034,16.974001
256053103,266.1590295,-75.55182679,0.212813,,17.176201,16.261299
256053934,266.3758248,-74.65507306,0.36805201,,17.930599,17.0481
256092317,266.5837112,-75.17925579,0.141195,,17.4417,16.557301
256092509,266.7419647,-75.37454774,0.27373201,,17.2384,16.346399
256053363,266.1243697,-75.24844754,0.41464099,,17.032499,16.156401
256053865,266.2531995,-74.72018811,0.184824,,17.4333,16.5201
256053288,266.1547297,-75.32650525,0.26309401,,17.4718,16.6043
256054249,266.0452522,-74.33464286,0.26847601,,17.101601,16.210699
256091357,266.7150938,-74.10804231,0.33410701,,17.208599,16.351299
256091545,266.7518972,-74.31095049,0.252738,,17.0007,16.2973
1508875960,267.3789202,-75.97567717,0.28475699,,19.128,18.1821
1508966561,267.4340101,-74.78314247,0.40694901,,19.7047,18.9041
256092376,266.6640711,-75.23300071,0.38585401,,17.365801,16.511499
1508966627,267.3924385,-74.74597276,0.149202,,19.814699,18.983999
1508966634,267.33364,-74.7396773,0.265782,,18.921101,18.0406
1508967444,267.4030461,-74.65470956,-0.396608,,20.414301,19.584499
1508967717,267.4893718,-74.56096731,-0.47683001,,20.299999,19.509001
256092406,266.5933689,-75.2588588,0.13962799,,17.2516,16.4517
1508971232,267.4327859,-74.35295583,0.20108201,,19.088699,18.268101
1508972057,267.44019,-74.29652405,-0.271451,,19.8978,19.0578
256096425,267.0532038,-75.5047741,0.252491,,17.2491,16.325399
1508985153,267.5110168,-74.0254271,0.37384,,18.6194,17.765301
256096988,266.9559132,-74.89970405,0.166829,,17.249901,16.378401
1508883589,268.2619923,-75.46565937,0.0024349201,,19.2397,18.4174
1508883591,268.2283918,-75.45855442,0.381376,,19.5131,18.721201
1508883592,268.2592284,-75.45289189,-0.0054750601,,19.9014,19.013901
1508886406,268.1508793,-75.39581452,-0.55990702,,20.2889,19.4426
1508961117,268.1012495,-74.82985594,-0.126066,,19.934999,19.123301
1508978536,268.1314117,-74.20520362,-0.31266901,,19.6196,18.744301
1508978688,268.1821242,-74.14361262,-0.25381199,,19.522301,18.731899
256053356,266.0594644,-75.2544557,0.261738,,17.134501,16.441099
1508979779,268.0681564,-74.0033973,0.32631299,,19.500601,18.6653
256091803,266.5223035,-74.57982463,-0.158756,,18.543301,17.7015
256092218,266.8442801,-75.04486999,0.25438201,,18.508499,17.606701
1508964076,268.8936549,-74.67011908,-0.222146,,20.0221,19.2311
256092743,266.6600599,-75.62733978,-0.15194599,,18.8503,17.900801
1508964080,268.8527976,-74.68120078,0.35788199,,18.943501,18.099199
1508965213,268.4933607,-74.44846714,-0.25558701,,19.8237,18.990499
1508978243,268.6266792,-74.21212509,0.034304801,,20.005699,19.219601
256052825,266.3763229,-75.86879846,0.350631,,17.240999,16.1782
256092828,266.7958837,-75.73705564,0.217614,,16.5056,15.4755
256096463,266.8273679,-75.45951073,0.21165299,,17.1502,16.2026
256053211,265.9648346,-75.42367037,-0.056938302,,18.323999,17.407101
256053514,266.1514495,-75.07266419,0.236645,,17.7377,16.838301
256053842,266.2361826,-74.73923118,0.333258,,17.3953,16.495399
256054134,266.130603,-74.45839625,0.153494,,17.973,17.0814
256054196,266.046227,-74.38801945,0.174831,,17.462,16.579201
256091510,266.492444,-74.27136849,0.184581,,17.827,16.9737
256092399,266.492102,-75.25164292,0.30328599,,17.4697,16.588301
256092802,266.5468643,-75.69511179,0.26448399,,17.7439,16.7262
256096010,267.0221821,-75.97662881,0.53598601,,17.4055,16.333
256096113,266.8972165,-75.86157162,0.50935102,,17.921101,16.854799
256096420,267.0665889,-75.51116904,0.33712801,,17.9765,17.0326
256096614,266.9690367,-75.27292712,0.409951,,17.160299,16.2302
256097322,266.8646993,-74.57600792,0.24282999,,17.696301,16.995701
256053001,266.1862414,-75.67116603,0.172378,,17.663099,16.666401
256053134,266.2646047,-75.52451575,0.182153,,18.436899,17.495199
256053213,266.117218,-75.4218881,0.213479,,17.9254,17.1828
256053259,266.2714449,-75.36294623,0.0503483,,17.687201,16.815901
256053516,266.378021,-75.07155613,0.077561103,,17.948299,17.0753
256053530,266.3123089,-75.05793485,0.0735294,,17.425699,16.732401
256053819,266.064886,-74.76763042,0.30832601,,17.670799,16.8631
256053868,266.3446312,-74.71832598,0.32477501,,18.0872,17.179899
256053893,266.292425,-74.69293516,0.117226,,17.332001,16.468399
256054133,266.1088546,-74.4592289,0.38321701,,17.8167,16.9249
256054237,266.4425651,-74.3425669,0.068067901,,18.0429,17.162901
256054515,266.3411991,-74.07165916,0.052102,,17.664,16.829399
256091512,266.4735959,-74.27239415,0.35197201,,17.835699,16.9953
256091732,266.6543047,-74.50935753,0.357851,,17.548599,16.667801
256091733,266.5943813,-74.50983137,0.080044404,,17.605101,16.8673
256092329,266.6223827,-75.19019821,0.37649101,,17.912201,16.9995
256092469,266.4732722,-75.32620925,0.176321,,18.226999,17.375799
256092511,266.6261712,-75.37566202,0.113398,,18.1651,17.264799
256092649,266.4831032,-75.51826462,0.100288,,18.029301,17.0777
256092696,266.7238715,-75.57609121,0.20697699,,18.264,17.2854
256092804,266.6431409,-75.69895201,0.059835199,,17.834499,16.9093
256092878,266.4545501,-75.79583749,0.312785,,18.2873,17.3437
256096841,266.9983755,-75.05021978,0.286924,,17.620199,16.724001
256092507,266.7097261,-75.36926812,0.216929,,17.839701,17.2782
256053108,266.1673834,-75.54992815,0.240632,,17.080999,16.257601
256091967,266.5010681,-74.75088308,0.262108,,17.8202,17.0313
256052875,266.1445103,-75.81170771,0.383663,,16.7633,15.7338
256053262,266.3471547,-75.35946706,0.098145597,,17.942101,17.0341
256053358,266.1867152,-75.25250308,0.107054,,17.6644,16.9217
256054240,266.2096524,-74.33938153,0.086280599,,17.665701,16.816601
256092529,266.6989435,-75.3967003,0.175589,,17.840799,16.9126
256053041,266.3803903,-75.63056016,0.0102077,,18.4643,17.5228
256092729,266.4011326,-75.6109171,0.32398799,,18.2456,17.342899
256092398,266.3682019,-75.25048692,0.44010401,,18.3043,17.4585
1508889424,267.5697588,-75.31798079,-0.213067,,19.137899,18.212999
1508889420,267.5500851,-75.32395191,0.247657,,18.715799,18.2094
1508889427,267.4771221,-75.30893451,0.086843401,,19.241301,18.458
1508892431,267.5027352,-75.25599227,0.024198299,,19.599899,18.694099
1508967335,267.6221923,-74.65695902,0.133706,,19.084101,18.332399
1508967360,267.5686106,-74.7021117,0.60343498,,19.8976,19.0109
1508970858,267.5038214,-74.51479671,0.33246601,,19.5098,18.806
1508970945,267.4316169,-74.46336988,0.49646699,,19.2199,18.4277
1508972031,267.4398011,-74.33652637,-0.39754,,20.2922,19.5522
1508985188,267.6186329,-74.002564,-0.0774846,,19.297199,18.505199
1508890156,266.4629836,-75.43332643,-0.16383301,,18.885,17.992399
1508890404,266.4152582,-75.35973245,0.25618601,,18.159201,17.300699
1508888777,267.0772134,-75.50635953,0.41368499,,16.948799,16.0201
1508972814,267.1611187,-74.15441269,0.174521,,18.551001,17.770399
1508876103,267.4755562,-75.94719338,-0.21922299,,18.694099,17.6639
1508889434,267.4328387,-75.37368936,0.212832,,18.5077,17.575399
1508892487,267.5936859,-75.23333134,0.293919,,18.570299,17.667801
1508893898,267.4779985,-74.99546187,0.14076599,,18.118401,17.233101
1508892406,267.5890348,-75.30346496,0.0354154,,18.236799,17.364201
1508875160,266.383819,-75.90415055,0.33969301,,19.1703,18.1677
1508877703,266.429287,-75.85805561,0.56982899,,18.9196,17.874599
1508878847,266.5002105,-75.62548609,0.303691,,19.494499,18.5506
1508890200,266.3457883,-75.40221935,0.33517599,,19.2726,18.405001
1508895056,266.4287639,-74.9660143,0.194414,,18.8787,17.9708
1508877502,267.1080653,-75.64521208,0.213027,,19.334299,18.337
1508889889,267.1219179,-75.25169878,-1.17867,,20.365601,19.438299
1508889902,267.0098105,-75.24388729,-0.053121701,,19.6999,18.813299
1508889903,267.0602615,-75.2497902,0.51921999,,18.923401,18.089701
1508972573,267.1828787,-74.22973027,0.52288097,,18.5595,17.7276
1508972817,267.3830915,-74.17885651,0.133976,,19.048201,18.2297
1508876106,267.5044641,-75.94803862,-1.39289,,20.716299,19.723
1508876108,267.4625455,-75.94314759,-0.61998397,,20.5494,19.653
1508892489,267.5519852,-75.23391053,0.45988801,,19.989799,19.1115
1508889123,267.5142986,-75.43480341,-0.76311803,,19.556,18.8155
1508889415,267.5169697,-75.34592736,0.052729402,,20.0238,19.129299
1508892491,267.5272476,-75.22156775,-0.60147703,,19.603901,18.857201
1508984796,267.5627954,-74.17221386,0.21214101,,19.1416,18.4744
1508984802,267.575307,-74.15425483,-0.32910901,,19.512899,18.798201
1508985108,267.5645485,-74.06160123,-0.145153,,20.1712,19.368999
343339909,267.475839,-74.50382841,0.90790802,,13.463,12.7515
343340108,267.2526304,-74.7001189,0.317359,,17.430401,16.5853
343339908,267.3696221,-74.5037296,0.42500001,,16.0755,15.2128
343339907,267.4973625,-74.50275575,0.35557801,,16.6672,15.7818
343339903,267.2584754,-74.5003565,0.23908199,,17.008301,16.1394
343340784,267.6023493,-75.45354204,0.267441,,18.4814,17.5434
343341005,267.3696585,-75.732478,0.39025599,,16.993601,16.053801
343340788,267.3319,-75.4586647,0.553738,,16.741301,15.7898
343340585,267.3528218,-75.22631369,0.064845704,,17.3041,16.442699
1508894414,267.0355619,-74.87131096,0.17220899,,18.2108,17.3169
1508966966,267.0503702,-74.72099828,0.100211,,18.6353,17.7477
1508971506,266.9623195,-74.37391797,0.112423,,18.206499,17.3386
1508972702,266.9657643,-74.19451659,0.233485,,18.215401,17.386801
1508888528,267.078289,-75.58970537,-0.116605,,18.645399,17.657
1508894062,267.0400232,-75.01323323,0.108887,,18.634199,17.762699
1508973018,267.0296048,-74.08124991,0.31181699,,18.300699,17.4205
1508892554,267.308535,-75.25289283,-0.055601001,,18.0401,17.312099
343340500,267.6058578,-75.13462957,0.32191101,,17.955,17.252199
1508966972,267.0614857,-74.70599627,0.42308,,18.5818,17.6884
1508967930,266.9974694,-74.60075423,0.44936499,,19.050301,18.217899
1508877228,267.0486504,-75.78788192,0.411109,,18.990601,17.951799
1508888530,267.0473487,-75.60191458,0.53591102,,20.258499,19.305799
1508892923,267.1134518,-75.21714553,-0.46729299,,19.8881,18.9608
1508894058,267.1090751,-75.02007776,0.184112,,19.3223,18.4508
1508966717,267.1121047,-74.8130143,0.43946201,,19.3311,18.4618
1508966720,267.0180909,-74.80840899,0.256502,,20.363899,19.5124
1508966771,267.1314119,-74.77064296,-0.46970001,,20.331699,19.538799
1508966772,267.155542,-74.76878017,-0.0236708,,19.3755,18.481001
1508971294,267.0965492,-74.44486284,0.18906701,,19.4986,18.6891
1508971298,267.164311,-74.45618555,0.035328299,,19.788,19.006701
1508876131,267.4245376,-75.91308332,0.55125898,,19.8601,18.8438
1508888186,267.307585,-75.59664983,-0.61574399,,19.8605,18.899099
1508888414,267.2366562,-75.53483466,0.480373,,19.492201,18.635201
1508889186,267.2678157,-75.44444289,0.246401,,20.040199,19.1591
1508892555,267.2665076,-75.2516548,-0.44448301,,19.917801,18.992399
1508970905,267.6025153,-74.50406685,-0.055383801,,19.507601,18.653
1508972140,267.4262727,-74.24523184,-1.1720901,,20.716499,19.872299
1508972747,267.3633697,-74.20539191,0.30671701,,19.2374,18.4403
1508972764,267.3446973,-74.18970289,0.41768399,,19.0012,18.141199
343406078,268.2768102,-75.56910524,0.99138099,,15.4719,14.5027
343405314,268.3863855,-74.59190978,0.25000501,,17.3909,16.5149
343344060,267.6571994,-75.77284876,1.41685,,14.1345,13.2167
343404915,268.3722744,-74.0838619,0.82363802,,14.4518,13.6149
343405620,268.2941872,-74.99481447,0.51183599,,16.390499,15.4862
343406036,268.0295568,-75.51764312,0.68491101,,15.4962,14.598
343405313,268.1539392,-74.59187326,0.32426301,,17.125799,16.2334
343405612,268.0139838,-74.98642354,0.32443699,,17.469299,16.5741
343406031,268.449574,-75.50653038,0.222706,,18.3307,17.4802
343406034,268.2361727,-75.51370172,0.29658201,,17.796,16.876499
1508871806,267.7547394,-75.89670596,0.071387798,,18.620701,17.6712
1508961376,267.8946915,-74.70828845,0.18111099,,18.714899,17.898199
1508964820,267.9440953,-74.52076016,0.19617701,,18.0336,17.155001
1508964827,267.8990759,-74.50607514,0.28790101,,18.3512,17.5044
1508871854,267.9429765,-75.86624068,-0.0222349,,18.964899,18.071699
1508883739,267.9185948,-75.37861043,0.0178147,,19.1492,18.260201
1508965714,268.0045417,-74.42024618,0.17537799,,18.3393,17.452101
1508978516,268.0137485,-74.21997251,0.079999499,,19.106701,18.2391
1508882330,268.2181196,-75.77248411,-0.0457405,,18.558599,17.634399
1508961449,268.2106056,-74.71775827,0.18632799,,18.371599,17.508801
1508979566,268.2799416,-74.08477316,0.247678,,17.941401,17.069201
1508882529,267.812397,-75.67410188,0.20059299,,19.1504,18.2435
1508886863,267.8444182,-75.19600818,-0.32747099,,19.8564,18.979401
1508887595,267.8334304,-75.14454916,-0.067464001,,19.3596,18.458401
1508960052,267.8125942,-74.96450176,-0.760584,,20.411501,19.689899
1508984629,267.8991624,-74.22810894,0.133628,,19.278099,18.3974
1508978905,267.9742237,-74.09512713,0.41110301,,18.2705,17.4979
1508984737,267.8148306,-74.13725684,0.090608001,,18.707199,18.003901
1508871853,267.8759236,-75.85926632,0.21211199,,18.772301,17.901501
1508872061,267.8758739,-75.79534366,0.066550002,,19.0926,18.217199
1508886532,267.8801346,-75.36041572,-0.25533801,,19.4356,18.7232
1508886847,268.0448785,-75.20319388,-1.09575,,19.701,18.9282
1508965716,267.9619197,-74.41705297,0.27352399,,19.190201,18.318701
1508978525,267.9232936,-74.21070825,0.093784697,,18.872601,18.0853
1508978829,267.9382785,-74.12685868,-0.042011298,,19.334999,18.5809
1508882334,268.1860308,-75.78228841,0.035044201,,19.5674,18.6411
1508882336,268.1318458,-75.77005017,0.26871699,,18.8491,17.9692
1508886470,268.1898462,-75.33920211,0.150611,,19.345301,18.4664
343405415,268.1101622,-74.73189773,0.40637299,,16.956699,16.0609
343450919,268.7316414,-74.36651281,0.444166,,16.7892,16.026199
343456195,268.9698141,-74.47702058,0.335848,,16.497101,15.6253
343483410,268.8184816,-75.38744352,0.081465997,,17.481899,16.5425
343400702,267.7881135,-74.1415567,0.73725402,,15.22,14.3712
343450897,268.7579824,-74.38144927,0.75627398,,14.1776,13.3852
256097377,267.1891412,-74.51655876,0.28785801,,17.8146,16.923
343483602,268.7923583,-75.62019713,0.27667499,,16.461599,15.5804
343483605,269.1284077,-75.62536321,5.2222099,,11.451,10.6029
256096472,267.0016029,-75.44583645,0.43881199,,17.131399,16.226299
343405419,268.3075199,-74.73639013,0.275868,,17.0888,16.2122
343400679,267.6372894,-74.16317414,0.72048998,,14.6699,13.965
343483608,268.8621693,-75.62824137,0.402197,,16.661301,15.814
256097120,267.1779245,-74.77995944,0.30081901,,17.3778,16.501699
1508879123,266.4850118,-75.54074291,0.41282001,,19.3146,18.4618
1508890481,266.3816971,-75.3086006,0.63063103,,19.3386,18.4923
1508894671,266.504763,-75.04402953,0.332636,,20.0954,19.245399
1508895904,266.3636657,-74.86023046,0.056464601,,19.190201,18.3955
1508973391,266.8103124,-74.31225986,0.32149401,,20.2069,19.4037
1508967720,267.5011314,-74.56111397,-0.91604501,,20.5581,19.787399
1508967726,267.4168802,-74.57186259,0.140817,,19.688999,18.8249
1508972089,267.6123547,-74.29479691,0.196822,,18.8176,17.9816
1508972095,267.5810358,-74.27241368,0.34951299,,19.3323,18.4604
1508984824,267.5031868,-74.15031802,0.108415,,19.1336,18.340099
1508984829,267.4735554,-74.1389864,0.059649099,,19.993299,19.176901
343449880,268.3429791,-75.61045275,0.17570899,,18.102301,17.156401
343449777,268.5925412,-75.74030375,0.240787,,17.566799,16.6129
343456311,269.0151196,-74.6121906,0.30643401,,18.003799,17.0952
343400696,267.6419535,-74.14811695,0.385544,,16.790899,15.9683
343450861,268.6705559,-74.41832161,0.41013601,,17.551701,16.650801
343450631,268.4739557,-74.68827839,0.31864199,,16.766001,15.9022
343483409,268.7905008,-75.38378851,0.22520199,,18.1206,17.182699
256096469,267.2620308,-75.45198898,0.154101,,18.3818,17.455
343450740,268.4451982,-74.55761617,0.235413,,17.6619,16.785
343456199,269.1259423,-74.48243001,0.35780299,,17.410999,16.525299
343483485,268.8783462,-75.46954215,0.13579699,,18.204399,17.3675
343405471,268.3801466,-74.79201593,0.0503156,,17.910299,17.0077
343449782,268.7744153,-75.72871446,0.28164101,,18.0532,17.1178
1508887882,268.0247515,-75.07969126,-0.074084401,,18.4252,17.518801
1508978610,267.9219605,-74.15343638,0.29241499,,17.9515,17.2117
1508978931,267.9708694,-74.06375052,0.237672,,18.392,17.5222
1508985048,267.850943,-74.04780689,0.11395,,18.7064,17.8342
1508964231,268.5092462,-74.61713604,0.090658702,,18.879999,18.059601
1508887656,267.9683018,-75.10986826,0.40675199,,18.522499,17.6488
1508964844,267.9877183,-74.49005302,0.0930999,,20.171,19.3176
1508978935,268.9192786,-74.22726761,-0.176975,,20.351601,19.483101
1508978936,268.934344,-74.22034694,0.50710398,,18.620399,17.791599
1508985045,267.9178521,-74.05844773,0.032729,,19.723301,18.9739
1508978622,268.3978524,-74.20709321,0.057606399,,19.431801,18.623899
1508978624,268.3727866,-74.20891775,0.12639201,,20.264099,19.4044
1508978701,268.3420534,-74.15327772,0.269317,,19.146999,18.2694
1508978705,268.3383132,-74.15495128,-1.3069201,,20.812799,19.923599
1508978706,268.3212045,-74.14589761,0.028270399,,19.795099,18.993099
1508979520,268.360268,-74.1102319,0.27480301,,19.492901,18.6696
1508882199,268.532476,-75.73490855,-0.072773203,,19.5606,18.797501
1508882208,268.4267551,-75.73136096,0.36000699,,18.975201,18.1777
1508886252,268.5161864,-75.36462196,0.28471199,,19.760401,18.9228
1508887107,268.5445895,-75.20384029,0.52545899,,18.2943,17.436399
1508965302,268.7210886,-74.4296652,-0.16069899,,19.1737,18.3426
1508965311,268.9241467,-74.4433328,-0.041548301,,19.6775,18.7661
1508965313,268.9022268,-74.43746678,0.25194901,,18.7743,17.9032
343450335,268.6382508,-75.0692969,0.479996,,16.737101,15.8974
343450339,268.5089893,-75.06264186,-0.168635,,16.757601,15.8781
343450337,268.4528202,-75.0665081,0.35745299,,15.8211,15.091
343450415,268.4624871,-74.95309066,0.34404099,,16.307301,15.4159
343450414,268.6250787,-74.95515952,0.0938024,,17.033701,16.2006
343450338,268.5783346,-75.06480638,0.077202998,,17.713699,16.7971
343450416,268.783627,-74.95078685,0.25357401,,17.1705,16.277399
343450336,268.6738485,-75.06885168,0.351143,,17.2183,16.339899
1508876546,266.9589839,-75.84655231,0.078746803,,18.4807,17.526501
1508888846,267.030106,-75.43643236,-0.028336,,18.3013,17.5079
1508893251,267.036888,-75.08356026,0.17244101,,18.812099,17.923401
1508966723,267.0813412,-74.80945093,0.0098712398,,18.593,17.7258
1508966725,267.2691356,-74.82511446,0.14026199,,18.611099,17.7269
1508972621,267.1044887,-74.24232273,0.26363099,,18.3915,17.6127
1508972684,267.128423,-74.19187207,0.27116701,,18.419901,17.6154
1508972958,266.9557892,-74.11874922,-0.169581,,19.184401,18.4107
1508966612,267.5355929,-74.75733672,-0.31632501,,19.2358,18.4555
1508966615,267.5491835,-74.74261539,0.088401496,,18.640699,17.905001
1508966616,267.5284163,-74.74160193,0.087987699,,18.4526,17.613199
1508967704,267.4841239,-74.56154891,0.171427,,18.8955,18.0175
1508972429,267.4136635,-74.1635291,0.350366,,18.4142,17.5285
1508963998,268.4667156,-74.67091927,-0.0931715,,18.8785,17.984699
1508977979,268.4877056,-74.26127602,0.296496,,18.5597,17.695601
1508871245,268.7248568,-75.97628202,0.32235599,,18.481199,17.490999
1508881812,268.7396732,-75.87268552,0.135123,,18.4814,17.514099
1508883061,268.7520145,-75.58440594,-0.161257,,19.044001,18.0961
1508883063,268.8516295,-75.57860415,0.31075901,,18.639099,17.6891
1508883064,268.8161163,-75.56927635,0.286787,,18.2584,17.332701
1508883119,268.719349,-75.52767833,-0.222046,,19.2323,18.327299
1508886957,268.7335737,-75.28457576,0.21219601,,18.7834,17.9049
1508886962,268.7160274,-75.27583985,-0.124916,,18.387899,17.488701
343449582,268.7554741,-75.9947774,0.527179,,17.379801,16.559
1508877252,267.0338064,-75.74688149,-0.36172,,19.9811,19.013201
1508877254,266.9815253,-75.74529172,0.32137799,,19.237,18.169201
1508888606,267.0423819,-75.53589419,0.30004501,,17.9359,17.291901
1508888854,267.0497045,-75.43039471,0.40309501,,19.4632,18.591999
1508972616,267.0782159,-74.23115458,-0.226723,,19.549101,18.7087
1508972617,267.0578734,-74.22816162,-1.87402,,20.325001,19.629
1508972623,267.0162364,-74.23781478,0.126665,,19.5973,18.8564
1508972676,267.0392873,-74.21621527,0.44191301,,19.254999,18.534401
1508972955,266.9768601,-74.12894153,0.17671999,,19.2108,18.4494
1508889072,267.5699076,-75.47454319,0.072633997,,19.466,18.6598
1508892511,267.4068519,-75.27537977,0.45549199,,18.798201,18.0093
1508892515,267.4102208,-75.26870983,0.20504101,,18.8557,17.985399
1508966574,267.3985287,-74.79571347,0.16735999,,19.335199,18.616899
1508966610,267.4840953,-74.76119497,0.229902,,19.5928,18.750999
1508967656,267.412572,-74.61527172,-0.385113,,20.160601,19.3283
1508970950,267.4010338,-74.47240624,0.192359,,18.901899,18.044001
1508970951,267.400655,-74.46591058,-0.31918401,,19.799801,18.926201
1508984929,267.9036794,-74.12017137,0.084681503,,19.5217,18.7075
1508871597,268.4387131,-75.85271862,0.25997099,,19.419901,18.5282
1508882996,268.4290446,-75.58808077,-0.52360398,,20.135,19.2264
1508964355,268.4398748,-74.53280818,0.13930801,,19.5432,18.6887
1508977895,268.4914113,-74.30673189,0.143996,,18.936001,18.195999
1508871251,268.6744871,-75.98688102,-0.112453,,20.231001,19.2945
1508883127,268.8557263,-75.54641754,0.051188,,19.8717,19.1106
1508887023,268.6848373,-75.21733904,0.277491,,18.9603,18.1154
1508964203,268.6710252,-74.56387877,-0.081424698,,19.8876,19.0089
1508965058,268.7828636,-74.49563652,0.0089639397,,19.766899,18.8696
1508965291,268.6917248,-74.45330936,-0.172598,,19.8971,19.0439
343339944,267.3070471,-74.54457634,0.37954199,,17.1425,16.2561
256091444,266.7119973,-74.20151589,0.75854701,,13.8199,13.2105
256092761,266.7654539,-75.65710975,0.350503,,16.1745,15.1527
343339702,267.5537077,-74.27464535,1.5752701,,14.1713,13.3205
343339799,267.6072114,-74.37948242,0.71004599,,13.8917,13.1989
256091439,266.7778506,-74.19331517,0.69036603,,15.9098,15.059
256091702,266.7971138,-74.47917918,0.428399,,16.309099,15.4392
343339946,267.4400048,-74.5461764,0.644629,,16.0933,15.2607
256092447,266.7641908,-75.30378903,0.200544,,17.6653,16.7323
256092534,266.6421273,-75.39865015,1.05725,,14.9859,14.099
343340073,267.5572353,-74.66628959,0.33440101,,16.337999,15.4909
343339699,267.3466968,-74.27364204,0.39396399,,16.448799,15.617
256092839,266.8027138,-75.74661022,0.37387201,,18.005301,16.9617
256091797,266.5538008,-74.57414226,0.065968998,,17.688299,16.827801
256091817,266.7059457,-74.60029222,0.174623,,17.903999,17.0394
343339949,267.4202564,-74.55116282,0.15999199,,18.079,17.201
256091578,266.6900384,-74.35052483,0.159677,,18.0109,17.1299
256092350,266.4547945,-75.20162843,0.0348223,,17.580999,16.6682
256092449,266.54688,-75.30627968,0.189573,,18.093,17.205999
256092794,266.5463227,-75.68850166,0.27116701,,18.096701,17.059299
256092799,266.6554411,-75.69234115,0.18287,,18.436501,17.403799
343339730,267.310894,-74.30163314,0.29191399,,17.8953,17.0742
343339735,267.3589612,-74.30524753,0.47575301,,17.7983,16.9168
343339737,267.3610689,-74.30756768,0.062315602,,17.762699,16.8972
343340071,267.5419363,-74.66531922,0.26273701,,17.8452,16.982
343340634,267.3598026,-75.26983486,1.3792,,13.2086,12.4975
256091299,266.5939299,-74.05975493,0.341919,,16.826099,15.9632
343340636,267.4643162,-75.27054766,0.36481699,,16.8155,15.8925
256091296,266.7388071,-74.05876279,0.63455999,,16.1262,15.2573
343340535,267.4764594,-75.1672051,0.30933499,,17.009001,16.136499
256096316,267.1319619,-75.62901813,0.238923,,17.6507,16.6516
256097522,266.9039742,-74.40068331,0.27029699,,16.7717,15.9353
256097527,267.0200564,-74.39203233,0.45342901,,17.183701,16.319799
256097607,267.2484097,-74.32745592,0.159659,,18.0466,17.273001
343341176,267.309311,-75.98708516,0.38036501,,17.9506,16.9084
343339787,267.2715806,-74.36665152,0.218951,,17.8967,17.0502
1508969556,266.6317153,-74.56164912,0.24058799,,18.438101,17.5938
1508969560,266.6228911,-74.55558743,0.14798,,18.4058,17.513201
1508876376,266.9972286,-75.88379556,-0.22788499,,19.632999,18.5972
1508888791,267.1150002,-75.49012858,-0.062751502,,19.213699,18.330799
1508888540,267.0279258,-75.586638,-0.61611402,,18.8563,17.8666
1508967150,266.9529901,-74.65026965,0.15423299,,18.7868,17.8934
1508969570,266.5778089,-74.56557805,0.190053,,19.143801,18.310801
1508969571,266.574327,-74.56234367,0.35160801,,19.014099,18.170799
1508969599,266.5875119,-74.52793943,0.31909299,,19.2805,18.4669
1508876390,266.7889007,-75.88461901,0.212029,,19.3214,18.261
1508876397,266.8878892,-75.86280381,-0.0448884,,19.7495,18.7139
1508876401,266.8431597,-75.87168699,-0.36792901,,19.412901,18.476101
1508876540,267.0576261,-75.84849873,0.27847001,,20.1551,19.247499
1508877524,267.0009993,-75.6029998,0.467913,,19.0751,18.2076
1508889898,267.0217249,-75.2628619,-0.43780401,,20.4394,19.526899
1508892944,267.0620935,-75.20103326,0.44885299,,18.3197,17.520901
1508893012,266.9995588,-75.15441983,0.019896699,,19.274599,18.464899
1508972612,267.0671314,-74.24306414,-0.242245,,19.970301,19.187401
1508972614,267.0856123,-74.2472841,-0.236316,,19.6145,18.9321
1508972905,267.0491175,-74.15108683,0.204853,,18.619699,17.8461
1508877474,266.9336138,-75.66689137,0.40213001,,19.000799,17.993
1508877475,266.9389205,-75.6566716,0.068070702,,19.5082,18.4755
1508894432,267.031324,-74.8460431,-0.235879,,19.759501,18.984301
1508968180,267.0483085,-74.53256704,0.35803199,,19.616199,18.800501
1508968181,267.0046628,-74.5321809,-0.211999,,19.7043,18.905899
1508968182,267.0477847,-74.53321017,0.29212499,,19.1572,18.309999
1508968247,266.9805963,-74.49224611,0.37312901,,19.5231,18.7229
1508985401,267.0258796,-74.0515866,0.093408599,,19.662901,18.9084
256097885,267.1563536,-74.06833596,1.65132,,12.8904,12.198
256053051,266.356621,-75.61258068,0.417355,,14.8817,13.9945
256053788,266.0901345,-74.79702774,0.43232799,,16.9128,16.0378
256052758,266.313145,-75.9655567,1.1899101,,14.9349,13.8847
256054026,266.1573924,-74.56362754,1.32013,,14.2968,13.4529
256096834,267.215789,-75.05896407,0.977759,,13.9348,13.2362
256053317,266.2688653,-75.28756792,0.66069502,,16.059601,15.1746
256053588,266.2351062,-74.99774983,0.91135001,,14.8488,14.0286
256097228,267.0812107,-74.68118687,0.59901202,,15.9396,15.0553
256096874,266.8314679,-75.01821848,0.323722,,16.465401,15.5644
256097886,267.0829007,-74.06797501,0.59751201,,16.115101,15.2428
256053787,266.0964367,-74.79720917,0.50227499,,16.0189,15.1267
256053047,266.2775172,-75.61437899,0.606722,,17.683001,16.700399
256054323,266.2134841,-74.26395725,0.20494699,,17.292101,16.4412
256097230,267.0589992,-74.67862658,0.28357801,,17.5488,16.7463
256097942,267.2186657,-74.01300054,0.203343,,17.3445,16.4634
256097229,267.1220931,-74.67933524,0.37053999,,16.683001,15.8389
256053786,266.3360877,-74.79795082,0.185435,,17.931,17.024099
256053930,266.3618504,-74.65976441,0.31635401,,18.0802,17.233801
256054322,266.1845625,-74.26442839,0.339697,,18.078501,17.2407
1508896206,266.4619995,-74.75846593,-0.059063502,,18.458799,17.574301
1508968870,266.5098913,-74.56119602,-0.139943,,19.2222,18.340401
1508968887,266.3620721,-74.5690107,0.177643,,18.731701,17.862
1508973374,266.4187062,-74.26102517,0.037896201,,18.6712,17.8106
1508893222,267.1386979,-75.09911934,-0.087378301,,18.3295,17.415899
1508894406,267.0982811,-74.88394838,-0.56282097,,19.1448,18.245399
1508972590,267.1408277,-74.2070266,-0.154879,,18.858601,18.012501
1508985310,267.4007674,-74.07783805,0.026639501,,18.8631,18.0068
1508896203,266.4701692,-74.75400717,-0.151701,,20.062901,19.1591
1508968787,266.3999014,-74.60489641,0.30577901,,20.0907,19.2493
1508968867,266.5190917,-74.57727949,0.44039401,,20.055099,19.1595
1508968871,266.4836239,-74.55514571,0.237299,,19.6061,18.794399
1508968886,266.3802087,-74.57862961,-0.178617,,19.4126,18.5653
1508969789,266.7613783,-74.50181845,-0.2516,,20.0242,19.253799
1508969791,266.7745845,-74.4950056,0.45914999,,19.380501,18.667801
1508970029,266.5023243,-74.37842954,-0.46953201,,19.5762,18.847601
1508973304,266.3500406,-74.30353175,0.299265,,20.021999,19.202299
1508974603,266.401057,-74.07627142,0.47816899,,19.6152,18.8216
1508974690,266.7769849,-74.05740836,-0.01552,,19.6633,18.8232
1508974701,266.7999078,-74.04537984,0.36844,,19.5681,18.687401
1508987073,266.8269159,-74.00958551,0.42482001,,18.7754,18.018801
1508987074,266.8198895,-74.00786736,0.30645099,,18.4079,17.6203
1508987060,266.8176935,-74.02637907,0.49985901,,18.6488,17.7679
1508888546,267.1137579,-75.56787796,0.59339303,,19.534401,18.5779
1508888547,267.1274651,-75.57541844,-0.24731299,,20.5613,19.569901
1508893224,267.0767241,-75.12688724,-0.175721,,19.4559,18.637699
1508894133,267.0314813,-74.95791855,-1.87106,,20.6469,19.8204
1508894308,267.1643864,-74.9392292,0.30749601,,19.5133,18.767799
1508894407,267.1028368,-74.8811427,0.025988299,,19.189699,18.427
1508971574,267.1116324,-74.36009984,0.240935,,20.124599,19.2974
1508971588,267.1229509,-74.34967559,-0.83187902,,20.511101,19.645201
1508972882,267.1646527,-74.11143544,0.198908,,19.371,18.5341
256096639,267.0612791,-75.24128343,0.44305199,,16.212799,15.293
256097717,266.9677495,-74.22804153,0.65869802,,14.2485,13.6412
256097868,267.1384474,-74.08327764,0.613747,,15.4145,14.5311
256097716,267.1846116,-74.22859901,0.40597001,,16.642099,15.7644
256097869,267.1582548,-74.08286581,0.26535001,,17.916,17.064301
256097870,267.1710691,-74.08258554,0.36897999,,17.1868,16.3657
343450830,268.7731281,-74.45147855,1.11286,,12.7391,12.0501
256096956,267.1897397,-74.92938211,0.487982,,16.9396,16.041401
343450280,268.6741765,-75.13219411,0.1927,,17.0425,16.256399
343451011,268.4042007,-74.26116802,0.514377,,16.657301,15.8463
256096673,267.0714049,-75.21129874,0.82643998,,14.6948,13.7686
256097250,267.1446586,-74.65547696,0.553523,,16.0303,15.2266
343405141,268.1245006,-74.38648286,0.589809,,16.144199,15.2801
343405855,268.3050923,-75.30844514,0.66818702,,15.8362,14.9621
343450828,268.5403768,-74.45559291,0.440559,,16.3706,15.4707
343451221,268.4123958,-74.03357683,0.64521801,,15.3207,14.5297
343405040,268.2854156,-74.24818758,0.26576701,,16.9473,16.0847
256097623,267.0027615,-74.31562059,0.26614901,,17.387199,16.516899
256097625,267.0861898,-74.31460752,0.361698,,17.615801,16.7253
343405392,268.0204438,-74.70615663,0.29214799,,16.976999,16.094101
343405853,268.2426901,-75.30809044,0.248322,,17.5917,16.7013
343405181,268.1137463,-74.42972247,0.341048,,16.743601,15.8705
256096085,266.8429976,-75.89225179,0.25989199,,18.040001,16.975901
256096933,266.915745,-74.95323049,0.025720701,,18.426901,17.534
256097253,267.0601584,-74.65121267,0.120833,,17.768999,16.881399
343405180,268.2460231,-74.42737573,0.403294,,17.298,16.474001
343405391,268.0879757,-74.70591549,0.176402,,17.414499,16.641199
343451227,268.6409132,-74.02739132,0.340204,,17.7068,16.809299
343405143,268.1604166,-74.38906241,0.30033001,,17.0168,16.129999
1508889824,267.0679262,-75.31325865,0.178645,,18.6647,17.731199
1508967878,267.0859273,-74.5873873,0.0448022,,18.1961,17.5214
1508971310,267.2952105,-74.45442393,0.240953,,18.2407,17.445299
1508971385,267.0320912,-74.4474803,0.039880201,,18.572001,17.6985
1508876053,267.2828855,-75.9306031,-0.123315,,19.18,18.1562
1508877180,267.3192439,-75.69124137,0.28967401,,18.874599,17.865999
256097001,266.8857506,-74.89041569,0.25559801,,17.757799,16.863199
256096865,266.9416141,-75.02608147,0.97463,,14.1014,13.2483
256097263,267.0385369,-74.64047694,0.76048899,,14.56,13.7494
1508876893,267.1841105,-75.81440525,0.13421801,,19.0173,17.9842
1508876900,267.1596368,-75.80268799,0.27777001,,16.9128,15.8713
1508893683,267.2557162,-75.04290012,-0.0087490799,,18.6957,17.795401
1508894000,267.3582953,-74.928425,0.054490399,,19.2148,18.3016
1508970971,267.3800571,-74.43690779,-0.68672103,,19.535999,18.6835
1508971538,267.2454197,-74.37641389,0.00220238,,19.153,18.2943
1508972075,267.6258599,-74.30301581,-0.063851103,,18.935801,18.071501
1508972737,267.3398747,-74.2130954,-0.063346699,,18.299299,17.417601
1508892606,267.3847539,-75.1968694,0.106553,,18.117001,17.2836
1508893638,267.3997952,-75.0700463,0.290553,,18.1558,17.3848
1508966263,267.502745,-74.87722176,0.27421099,,18.3627,17.4629
1508876834,267.4456045,-75.80116603,0.179114,,19.0361,18.040501
1508971218,267.4510599,-74.38306619,0.20445199,,18.124001,17.2328
1508882312,268.3511245,-75.63379898,-0.35552001,,19.027399,18.073099
1508887791,268.2667665,-75.09405667,-0.157928,,19.473499,18.5709
1508959874,268.2830441,-75.01228826,0.15454701,,17.829599,16.945299
1508978728,268.2994034,-74.16138348,0.12985501,,18.8277,17.942301
256096067,267.1972885,-75.91058061,0.33055601,,17.471701,16.4254
256096069,267.0232396,-75.91004944,-0.0193098,,18.580601,17.546499
256096256,267.0950272,-75.69364671,0.117735,,18.299101,17.261101
256097270,267.056195,-74.62685429,0.32084101,,18.0273,17.145399
256096862,266.937762,-75.02699276,0.16185801,,17.596901,16.7446
1508894854,266.5761581,-75.01422266,-0.0212116,,18.4802,17.603399
1508894947,266.5638154,-74.98781224,-0.26455501,,19.215,18.322701
1508895769,266.6769736,-74.89308656,-0.260454,,18.325001,17.4578
1508973105,266.785602,-74.37350693,0.299808,,18.363899,17.5361
1508973182,266.7470402,-74.34728695,0.041318901,,18.503,17.6576
1508973198,266.677304,-74.34416045,-0.30214599,,19.332899,18.5026
1508973509,266.7094601,-74.25338755,-0.18848801,,18.350901,17.6154
1508974313,266.7469604,-74.17292964,-0.53314501,,18.7834,17.944201
1508974711,266.7348958,-74.06459146,0.199425,,18.351299,17.479601
256096005,267.1312419,-75.98303309,0.286385,,19.0014,17.9429
1508877214,267.2273412,-75.64607909,-0.335181,,19.363199,18.403601
1508971635,267.246578,-74.31406699,0.18049701,,18.364799,17.5116
1508972514,267.1367929,-74.2386466,-0.0749292,,18.8458,18.0009
1508876967,267.1655347,-75.7509803,-0.45558101,,20.3804,19.3561
1508889832,267.1123731,-75.29509073,-0.042233799,,20.0562,19.2896
1508889873,267.1735087,-75.27841809,0.15571,,19.1772,18.300501
1508967031,267.0930519,-74.69592363,0.105516,,20.053301,19.312799
1508971572,267.1266782,-74.364896,-0.44723701,,20.619101,19.746201
1508877155,267.1265461,-75.69565236,0.155026,,19.528099,18.610399
1508888492,267.2859252,-75.49440843,-0.50825,,20.5072,19.678101
1508888494,267.2516352,-75.47727776,-0.017045099,,19.209101,18.3629
1508889268,267.2728007,-75.39324842,-0.066910498,,19.809299,18.870899
1508889480,267.257706,-75.32615494,-0.15364499,,19.438999,18.5639
1508892567,267.3154346,-75.23923532,0.240559,,18.9205,18.156099
1508892643,267.2427548,-75.17093209,0.47135401,,19.5478,18.6569
1508892652,267.6779422,-75.22430044,0.40400901,,18.8727,18.0324
1508893766,267.7629124,-75.05441264,0.0286016,,19.0693,18.255199
1508893767,267.7729149,-75.05119601,-0.825203,,19.9942,19.0861
1508877177,267.3677825,-75.68169133,-0.080560997,,20.3696,19.362499
1508888516,267.2105173,-75.46297439,0.228395,,19.003099,18.189501
1508888517,267.2321111,-75.46215376,0.332571,,19.252001,18.4184
1508888518,267.2166716,-75.46001412,-0.238828,,19.5382,18.6654
1508893755,267.2633734,-74.99105535,0.130739,,19.1015,18.2204
1508893760,267.2755972,-74.98209841,0.227047,,20.576599,19.708
1508967844,267.301562,-74.61529295,0.0965565,,19.405701,18.6626
1508985363,267.269275,-74.04164313,0.18950599,,18.6413,17.848499
1508894835,266.653374,-75.0401387,0.074345298,,19.2533,18.403999
1508894837,266.6157563,-75.04415717,0.112811,,19.4317,18.582199
1508894929,266.6787675,-74.96915502,0.42117101,,18.621,17.7234
1508895708,266.657629,-74.9365484,-0.69055098,,19.808399,19.191
1508895718,266.6373337,-74.91306319,0.20808101,,19.7015,18.8428
1508876251,267.3265818,-75.8569808,0.272322,,20.303101,19.3335
1508969823,266.7068541,-74.45808757,0.41220701,,20.0399,19.1665
1508969905,266.6694361,-74.43363332,0.34197301,,18.7146,17.867701
1508973087,266.7518547,-74.393769,0.21390601,,19.829201,19.028299
1508973089,266.8208668,-74.39263492,-0.134203,,19.4011,18.6639
1508973091,266.8116944,-74.3888269,-0.32938001,,19.631001,18.8377
1508877141,267.2446859,-75.72413794,0.0301653,,20.027201,19.064699
1508973233,266.6608096,-74.29793541,0.062509902,,19.472099,18.5884
1508973437,266.6584644,-74.27103704,-0.180767,,19.9202,19.217899
1508973429,266.6699993,-74.29247045,0.22081199,,19.910999,19.065399
1508973432,266.6931208,-74.28498938,-0.17580099,,20.353001,19.499399
1508973419,266.8012021,-74.27632846,0.187261,,20.4953,19.6105
1508973420,266.7699418,-74.27754223,-0.18393201,,20.1504,19.4039
1508974317,266.690155,-74.20311368,0.293749,,20.1378,19.2668
1508974303,266.841443,-74.19225818,-0.25892299,,20.243,19.401501
1508888211,267.3307499,-75.5780733,-0.133201,,19.441,18.459499
1508888212,267.2909862,-75.56707952,-0.32951501,,19.792101,18.865
1508974392,266.8124747,-74.14228222,0.115982,,18.0846,17.5441
1508893742,267.3436722,-75.00461574,0.073129602,,19.825001,18.9755
1508974409,266.7047382,-74.13902122,-1.0720299,,20.3813,19.6392
1508974447,266.6569729,-74.12163157,-2.0129299,,20.583099,19.882401
1508974653,266.7332234,-74.10293859,-0.39530399,,19.4233,18.748301
1508974706,266.8092705,-74.04287642,0.120555,,19.644899,18.796301
1508970973,267.3650588,-74.43168095,0.249953,,19.522699,18.664801
1508987088,266.7328428,-74.00364869,-0.36987299,,20.3613,19.508101
1508876024,267.2920421,-75.97346219,0.38988799,,19.5977,18.632999
1508888174,267.2056386,-75.59953969,-0.187297,,19.8493,19.110701
1508892637,267.2440966,-75.17838872,-0.43085399,,20.3631,19.4653
256097104,267.2103558,-74.79935023,0.80407703,,13.6267,12.8721
256096430,266.9999414,-75.50078879,0.78224897,,14.1005,13.1567
1508966990,267.1815959,-74.71474093,-0.324788,,20.2915,19.4226
1508971282,267.1976903,-74.48469739,-0.038740899,,19.436001,18.615601
1508972441,267.3311686,-74.3017394,0.38359901,,19.4652,18.58
1508888205,267.4091673,-75.5756587,0.54429901,,19.350901,18.378099
1508889526,267.3212474,-75.30915798,-0.54752702,,20.209101,19.375401
256097102,267.0854456,-74.80062348,0.419671,,16.2437,15.4071
256097579,266.9235156,-74.34937837,0.450546,,15.8796,15.1476
256097582,266.9072332,-74.34788681,0.70070797,,15.0171,14.2683
256097584,267.191908,-74.3464201,0.44044399,,16.236099,15.387
256097799,267.0143255,-74.14844822,0.60222501,,16.1604,15.3381
1508985357,267.1631725,-74.05062944,0.40830299,,19.3612,18.5327
1508985360,267.2209404,-74.04287593,0.58067298,,18.6621,17.848101
343340827,267.3034411,-75.50561453,0.70854503,,15.3158,14.3762
343340830,267.3283924,-75.51035999,0.74570799,,15.2863,14.3642
1508966585,267.3828645,-74.77651972,-0.69204003,,20.402599,19.5986
1508966586,267.3861101,-74.77295236,-0.00079922,,19.1387,18.3496
1508972077,267.5651475,-74.3106243,-0.00682812,,19.806,19.003201
1508875958,267.4230763,-75.98091513,-0.059029698,,20.246201,19.280199
1508888406,267.3641434,-75.52206658,0.46372601,,18.277,17.351
1508892604,267.3695569,-75.19904429,0.098056003,,19.792801,18.876499
256096433,266.9879739,-75.49439652,0.42786199,,16.613001,15.6834
1508966351,267.4145222,-74.84072472,0.655451,,19.5249,18.644199
1508967733,267.4435239,-74.56459777,0.18844301,,20.2913,19.4834
1508970957,267.3962153,-74.45305431,-0.581227,,19.8927,19.0777
1508971241,267.3866554,-74.34301812,0.208065,,19.447599,18.615299
256097461,266.8241409,-74.44940029,0.48881799,,16.2925,15.4167
1508972364,267.5897181,-74.2135347,-0.17427,,19.907499,19.1373
1508889228,267.420968,-75.41375027,0.32324001,,19.4944,18.690201
256096340,266.9452174,-75.59897156,0.379834,,17.975201,16.9879
256096341,267.1107013,-75.59779119,0.16840599,,17.424,16.514601
