1922151220,291.4523887,-75.49207077,0.338568,,19.535299,18.7614
1922152318,291.352582,-75.34401687,-0.066874802,,19.4935,18.7728
1922152327,291.2064974,-75.34549404,0.235908,,19.449699,18.7148
1922152789,291.2818902,-75.24311117,-0.075080998,,19.5341,18.762699
1922153111,291.2630089,-75.15490637,0.27238101,,19.488199,18.6
1922154050,291.127911,-75.11398487,0.241312,,19.653,18.757099
1922154051,291.0802382,-75.11811898,-0.22352199,,19.571199,18.840401
1922154059,291.2514908,-75.08278851,0.43929401,,19.3368,18.4984
1922154112,291.0729604,-75.07566267,0.332008,,19.488199,18.632299
1922154118,291.1863991,-75.05557064,-0.017411601,,20.3437,19.454599
1922154372,291.2463022,-75.00614083,0.173464,,18.5233,17.825001
1922154467,291.2268668,-74.91177664,0.42027599,,18.5837,17.726101
1922155280,291.1883762,-74.85836146,0.197264,,19.927099,19.1019
1922155283,291.125552,-74.86467373,0.46027601,,19.059,18.3008
1922155285,291.1811453,-74.84975076,0.24176601,,19.126699,18.4156
1922155359,291.1212796,-74.81544856,0.265567,,18.6619,17.9006
1922155706,291.2008609,-74.74326909,0.228755,,20.0009,19.1061
1922192297,291.2036185,-74.62859317,0.42733601,,18.303101,17.597401
1922192306,291.3532104,-74.61772481,-0.067534998,,19.8302,19.0655
1922192307,291.3344822,-74.61678763,0.044211399,,19.707399,18.978901
1922192644,291.2105214,-74.52134238,0.176312,,18.8274,18.019699
1922195979,291.2008973,-74.32940658,0.082794704,,19.7202,18.9072
1922196336,291.1385106,-74.18935882,-0.85066998,,20.467899,19.586
1922196356,291.4732363,-74.21251177,-0.0110505,,20.116501,19.3538
1922199517,291.1147659,-74.17350416,0.201481,,19.754,18.946699
1922199531,291.1076717,-74.16022958,-0.43004599,,19.5938,18.7637
1922199700,291.2952113,-74.08614816,0.29551801,,19.807301,19.0124
1922199936,291.2498031,-74.02702178,0.152689,,19.862801,19.0963
1922199945,291.2481555,-74.01753282,0.34551701,,19.3631,18.5944
340778203,291.6612813,-74.64344898,0.40859899,,12.6421,12.1162
340778233,291.6223118,-74.60746159,2.9944301,,12.7157,11.85
340778446,291.6024022,-74.27472519,1.2139601,,13.6139,12.8502
340778526,291.8336157,-74.1596227,0.45535699,,15.1596,14.4468
340778247,291.5591845,-74.58474564,0.74909103,,15.2471,14.4223
340778581,291.8906472,-74.07346411,0.35108399,,15.6516,14.8143
340778505,291.6592486,-74.1919857,0.661066,,16.445101,15.6915
340778619,291.7909818,-74.00453697,0.426837,,15.9616,15.0833
340778231,291.6650795,-74.60932167,0.291713,,17.289301,16.4009
310183575,251.3427314,-75.99659569,0.163809,,17.0149,16.155199
340778282,291.6420867,-74.52754084,0.228999,,17.9433,17.0655
340778580,291.7657633,-74.07507892,0.16946401,,17.759701,16.917101
340778205,291.7733823,-74.64129473,0.138523,,17.3948,16.5336
340778445,291.8080961,-74.27577704,0.397899,,17.212299,16.4107
340778368,291.6264357,-74.40708215,0.167491,,16.835501,16.1756
340778314,291.9079527,-74.48733657,0.46388799,,17.3333,16.536699
340778614,291.6086449,-74.01554622,0.166548,,17.4487,16.559799
340778307,291.5034329,-74.49769496,0.089228697,,18.4079,17.5334
340778470,291.5713318,-74.23317278,0.20271701,,17.795799,16.929899
340778311,291.6598931,-74.48899082,-0.0225517,,18.413,17.540701
340778560,291.5931368,-74.11734871,0.076257803,,17.8601,17.2642
340778563,291.8431009,-74.10824338,0.36742601,,17.167601,16.295401
1815611135,286.5908628,-75.9776261,0.099279404,,18.3645,17.4893
1815702977,288.3025635,-75.23836998,0.26545,,18.0047,17.1961
1815708134,288.108183,-74.57333236,0.247384,,18.2456,17.4515
1815711438,288.1248668,-74.38728133,0.00517972,,18.064301,17.3708
1922140390,291.278205,-75.78050151,0.199476,,18.105,17.342199
1922155767,291.1050005,-74.71462858,0.25450501,,18.091801,17.264299
1922195909,291.2374984,-74.37339915,0.182607,,18.0987,17.234301
1922199601,291.1625018,-74.10433944,0.103867,,18.379999,17.645201
1922199707,291.2438515,-74.07748185,-0.0062423502,,18.409201,17.553801
1815612537,286.7504507,-75.74391267,0.090562701,,18.514601,17.646299
1815612560,286.7306591,-75.72207643,-0.182606,,18.518101,17.715
1815703393,288.2525033,-75.10612644,0.018674299,,18.4779,17.6245
1815707060,288.2379521,-74.70897684,-0.015796,,18.6269,17.8727
1815707170,288.0180786,-74.64613853,-0.0490104,,18.5431,17.862
1815711523,288.1176339,-74.33389858,0.152384,,18.4772,17.643499
1922139470,291.1771005,-75.92270829,0.18446399,,18.624399,17.73
1922196268,291.0430098,-74.26501791,0.092141204,,18.7342,17.902901
1815612500,286.5303142,-75.80061086,-0.18624499,,18.846701,18.0576
1815716025,287.2877812,-74.00312324,0.084403001,,19.005501,18.1201
1815707141,288.1161681,-74.66683405,-0.29318699,,18.7679,17.986
1922192332,291.3346168,-74.58715341,-0.00191614,,18.849501,17.986401
1922192398,291.1845734,-74.57331838,-0.0727337,,18.717699,17.956699
1922196176,291.0531474,-74.31804937,-0.094262697,,18.8736,18.005899
1815707019,288.1002206,-74.74224033,-0.162195,,19.114799,18.3251
1815711900,288.170786,-74.20063937,-0.101128,,19.108299,18.2493
1815712927,288.05221,-74.11216373,-0.041304801,,19.073099,18.1703
407934144,290.9569892,-74.45762147,,,14.2248,13.4013
404191539,295.1076162,-75.25708926,0.440577,,18.665701,17.7505
1815618959,288.9058966,-75.17513023,0.073110603,,19.318501,18.473499
1815703655,288.9133507,-75.08795574,0.16178,,19.0229,18.136101
1815703604,289.0329074,-75.0747105,0.20330501,,18.957001,18.092899
1815705122,288.891949,-74.84415308,0.23759601,,18.770901,17.9828
1815707737,288.914972,-74.54919039,0.327584,,19.412399,18.5655
1815708785,288.9792881,-74.42566053,-0.73075598,,20.2381,19.375799
1815708860,288.890268,-74.38854604,0.0480006,,19.0893,18.272499
1815708866,288.9231196,-74.36832203,0.162544,,19.3832,18.4692
1815710297,288.8956354,-74.23099166,0.093107499,,19.486099,18.6831
1815713945,288.9112021,-74.01915892,0.24511801,,18.837601,17.9737
1922193909,290.7608698,-74.20179668,0.146001,,19.711399,18.9594
1922193914,290.7681484,-74.19400601,-0.0302823,,20.483,19.6269
1922194153,290.6895537,-74.15269718,-0.148918,,20.108601,19.279301
1922194154,290.6570902,-74.14909284,-0.152118,,19.165199,18.4809
1922200722,290.7193416,-74.01329595,0.26592001,,18.6325,17.7955
1922200723,290.70476,-74.00340531,0.51353103,,19.308001,18.5249
1922199888,290.8623051,-74.03402974,0.209694,,18.6224,17.878401
1922200715,290.8034267,-74.00171668,-0.237821,,20.0135,19.1626
1922137232,292.5628708,-75.97114173,-0.113885,,19.503099,18.861799
1922137428,292.3456858,-75.97162038,-0.17962299,,19.218201,18.389799
1922137555,292.4827845,-75.84855304,0.14730801,,19.028099,18.1353
1922137556,292.4367985,-75.8503644,0.308844,,19.6192,18.771299
1922139744,292.3739444,-75.80329106,0.58006698,,18.9219,18.0618
1922139810,292.4113353,-75.76949649,-0.121789,,19.7132,18.8316
1922140027,292.3891635,-75.70371297,-0.103049,,19.158899,18.3515
1922140211,292.4734737,-75.63080721,0.35712001,,19.388201,18.5723
1922140216,292.5455902,-75.61794809,0.084689401,,19.0277,18.315001
1922141121,292.3623622,-75.5278486,-0.131844,,20.0555,19.327299
1922141339,292.4944308,-75.44727809,0.375642,,19.327499,18.450701
1922141409,292.5453527,-75.37818316,0.22252201,,19.7829,18.9519
1922151777,292.4163135,-75.31308629,0.29130599,,18.426201,17.711399
1922155946,292.5163285,-75.22466077,-0.069329701,,19.3904,18.539
1922155916,292.4785456,-75.27817924,0.37664899,,19.791201,18.8972
1922156151,292.457259,-75.20349326,-0.43691999,,20.2554,19.393999
1922156188,292.5770524,-75.17454558,-0.21309701,,20.4935,19.591299
1922156247,292.2817797,-75.16557785,0.28188601,,18.910299,18.067101
1922157006,292.357116,-75.10051291,-0.15553699,,19.234699,18.426901
1922157109,292.3281654,-75.02659212,-0.18035699,,19.8353,19.0082
1922157534,292.4570507,-74.8739638,0.47834799,,19.9904,19.087
1922160642,292.331744,-74.84022717,-0.182037,,19.657301,18.849501
1922160758,292.5860455,-74.72353098,-0.330874,,19.5469,18.755301
1922161054,292.4371434,-74.65314434,-0.355057,,20.5131,19.641399
1922161085,292.7980603,-74.7738767,0.42231801,,18.616899,17.719101
1922162579,292.335133,-74.46514043,0.175429,,19.4375,18.623501
1922162347,292.552143,-74.52103516,-0.83921099,,20.3929,19.608101
1922162351,292.5112555,-74.51835149,0.35560501,,19.577299,18.772699
1922142111,295.3263496,-75.70107311,0.156757,,18.363199,17.869801
1922143598,295.4480685,-75.59783615,-0.177283,,19.927999,19.081699
1922143588,295.357149,-75.61728515,0.354058,,18.998501,18.160999
1922143899,295.2260134,-75.50263196,0.292234,,19.459499,18.634001
1922144619,295.2021958,-75.44758994,0.39119399,,19.452299,18.591
1922145035,295.4262804,-75.29101955,-0.13569,,19.0945,18.6036
1922145036,295.4439123,-75.29145872,0.53180599,,19.7761,18.9242
1922145109,295.2633156,-75.26575635,-0.234036,,19.711901,18.830299
1922145126,295.3436673,-75.23656984,0.31007099,,18.931601,18.108801
1922148128,295.3535097,-75.14105826,0.34305799,,18.785801,17.954
1922148397,295.1514805,-75.08088413,-0.42962101,,20.2761,19.3797
1922148386,295.3496639,-75.07448144,0.573192,,19.2082,18.307301
1922148389,295.3436118,-75.06239249,0.211301,,18.786301,17.9312
1922148868,295.3894262,-74.97030494,-0.070886701,,19.920401,19.1763
1922148888,295.4102404,-74.93930147,0.40006801,,19.008699,18.120399
1922148897,295.5031895,-74.9542027,-0.34005401,,19.080299,18.3314
1922149709,295.2975291,-74.88767118,0.27951199,,19.318701,18.463699
1922149927,295.1081489,-74.86003287,0.33275399,,18.674601,17.8223
1922149748,295.3750108,-74.81395707,0.190511,,19.316299,18.530701
1922119775,296.8441683,-75.91605013,0.0557887,,19.243601,18.2959
1922122782,296.6481106,-75.90688433,0.43096101,,18.839199,18.003799
1922122784,296.6779641,-75.89249597,-0.0848943,,19.8571,19.0257
364154039,291.5638565,-74.68932543,0.31929299,,19.302299,18.5373
340903458,294.7007814,-74.00024704,0.46042001,,18.3873,17.554899
423239045,297.1363695,-75.32546225,0.485971,,17.6667,16.950899
340777795,291.5724758,-75.25862332,0.41409001,,18.4125,17.510099
340778338,291.5043079,-74.45287711,0.24090201,,18.507601,17.691299
1815607801,288.5577135,-75.9209287,0.418313,,19.178699,18.3274
1815607802,288.4572377,-75.92538809,0.087770604,,19.1071,18.274
1815607821,288.4154575,-75.8951297,-0.110831,,19.9125,19.107
1815607826,288.5972325,-75.88411123,0.661461,,19.3533,18.467899
1815607920,288.5279226,-75.82339953,0.20130999,,18.928301,18.212799
1815616329,288.6255935,-75.74290185,0.36220399,,18.9624,18.115499
1815616996,288.5286212,-75.68910219,0.389415,,19.2526,18.5522
1815617017,288.4339945,-75.66112192,0.192058,,19.625401,18.867701
1815617081,288.4545294,-75.64687047,0.26309401,,19.3626,18.5732
1815617346,288.4688142,-75.5898214,0.28782699,,18.4147,17.702499
1815617347,288.5415671,-75.57210792,0.38431001,,19.914301,19.066299
1815617507,288.6597118,-75.45419456,0.36636901,,18.134199,17.462601
1815617485,288.6625458,-75.48499258,0.25435799,,18.5495,17.7952
1815618335,288.448651,-75.44049866,0.214534,,18.9844,18.1569
1815618343,288.544366,-75.42222228,0.450627,,18.798,17.919701
1815618703,288.4311196,-75.31033389,-0.190447,,20.0653,19.1994
1815618906,288.5082271,-75.26765104,-0.201902,,19.9702,19.144699
1815711726,288.4935706,-74.20761467,0.68524599,,18.7446,17.837299
1815713094,288.444184,-74.02975296,0.1838,,19.9928,19.1612
1815619568,289.4511319,-75.07135568,-0.202949,,20.102301,19.2199
1815619569,289.4851827,-75.07586488,0.206402,,19.761499,18.9338
1815703769,289.3970476,-74.99768513,0.33222899,,19.8262,18.961399
1815703820,289.6707084,-74.93275484,0.233459,,18.7894,17.944599
1815704104,289.5059789,-74.89884099,0.39384499,,19.314199,18.534901
1815704105,289.4305416,-74.90353102,0.38182399,,19.4874,18.619499
1815706081,289.5995233,-74.65961076,0.119378,,19.077499,18.3151
1815706205,289.6350294,-74.63924162,0.36307701,,18.850201,18.028601
1815709286,289.6856311,-74.50165494,-1.02214,,20.4554,19.6768
1815709595,289.385184,-74.42688814,-0.43209699,,19.7565,18.8766
1815709774,289.6708306,-74.33621385,0.311111,,20.2883,19.382601
1815710154,289.590778,-74.21533268,-0.249753,,19.4389,18.6635
1815710425,289.5721815,-74.1390729,0.27349401,,19.0644,18.2638
1815710428,289.7269177,-74.11603774,-0.0514616,,19.689899,18.926201
1815710436,289.695458,-74.11148562,-0.69047397,,20.4182,19.6189
1815714116,289.6945494,-74.02795284,-0.049312901,,19.917801,19.026899
1922155246,290.9265666,-74.9176963,0.13575999,,19.2945,18.5425
1922155222,290.9658608,-74.94301775,0.233087,,19.0734,18.315001
1922155226,291.0385824,-74.92037567,0.25195,,19.0165,18.2092
1922155295,290.8103791,-74.89258487,0.143217,,19.708401,18.8426
1922155301,290.8257491,-74.90191179,-0.077471502,,19.6642,18.835699
1922155615,290.8271624,-74.76996568,0.0134218,,19.137199,18.342199
1922155670,291.0282228,-74.72055017,0.076727197,,19.6401,18.834299
1922192251,290.8653803,-74.62476949,-0.26374999,,20.084801,19.268299
1922192502,290.7165179,-74.60120948,0.37185699,,18.316999,17.483
1922192567,290.7849157,-74.55314434,0.44160399,,19.6709,18.7854
1922192703,290.8818589,-74.49869146,0.098290302,,19.1057,18.3801
1922192706,290.9627856,-74.49372999,-0.091813698,,19.3482,18.6138
1922193114,290.8286689,-74.49046931,-0.070062898,,19.395901,18.5264
1922193237,290.7119804,-74.41783546,0.48137999,,19.3645,18.5229
1922193230,290.7048718,-74.43099482,0.123574,,19.0238,18.223
1922193464,290.8934313,-74.34703997,-0.036079701,,19.995701,19.2668
1922193465,290.96693,-74.342239,-0.44896001,,19.4793,18.5811
1922193469,290.9651253,-74.33263612,0.32531899,,19.406401,18.511499
1922193554,290.7514917,-74.28183649,-0.33241099,,20.533701,19.683399
1922193564,290.8858819,-74.26192349,0.42019901,,18.5716,17.7637
1922193811,290.7587975,-74.25875604,0.298426,,19.278099,18.464899
1922199789,290.7864215,-74.11914399,0.156698,,18.74,18.1036
1922136421,293.447867,-75.96696684,-1.56932,,20.332399,19.501101
1922136501,293.3975224,-75.90805327,0.420733,,19.159599,18.228399
1922124789,296.9455914,-75.36277813,-0.030265899,,19.088301,18.2799
1922144301,296.8367321,-75.30414013,0.102306,,19.139799,18.334499
1922144322,296.7747979,-75.29363154,-0.16152599,,19.074499,18.2934
1922144510,296.8177315,-75.24597019,0.135923,,19.3799,18.5765
1922165528,296.7721097,-75.18756374,-0.0085263001,,19.573099,18.7367
1922165542,296.8934621,-75.1441591,-0.44166699,,19.8545,18.9818
1922166401,296.9048375,-75.00340176,0.39451301,,19.3106,18.4888
1922166629,296.6734945,-74.9700907,0.031596001,,19.378099,18.6126
1922166800,296.9063107,-74.88935625,-0.74058998,,19.809,19.0077
1922169639,296.7956343,-74.86093776,-0.102394,,19.3615,18.631399
1922171260,296.8091335,-74.56588067,0.19098499,,18.8321,18.0033
1922171269,296.9297402,-74.53465164,-0.49272001,,20.0681,19.2341
1922171553,296.9721995,-74.42567366,0.11131,,19.334299,18.5993
1922171554,296.8969293,-74.42648838,0.15998399,,19.2777,18.398899
1922171557,296.9510526,-74.39985739,0.070322499,,20.2843,19.427799
265125270,293.6555868,-75.2761252,3.7917199,,10.9085,10.0412
407934266,291.1654236,-74.61318602,1.71395,,13.4513,12.5945
407934429,290.7996871,-74.88096697,1.03423,,13.2018,12.5286
407934408,291.0671543,-74.85300431,1.8914599,,13.0442,12.2687
1922171558,296.9491807,-74.4111875,-0.295829,,20.3146,19.4783
1922176802,296.9257893,-74.23850736,-0.26276901,,20.7607,19.8843
1922176808,296.907725,-74.21428944,0.25280401,,18.8521,18.0627
1922176754,296.8174604,-74.26926771,0.29570401,,18.1882,17.500299
265125559,293.7562619,-74.8117597,1.68478,,12.746,11.9104
404191625,294.9285372,-75.37328672,1.06297,,12.7787,12.0922
469820839,300.5983878,-75.94254738,1.35145,,13.4618,12.5298
407934829,290.8821851,-75.5197197,1.88495,,13.4485,12.5756
265124863,293.8547047,-75.96561323,1.19089,,13.3979,12.5393
265124890,293.850842,-75.91446407,1.84342,,13.4514,12.54
265125301,293.8960038,-75.21587259,1.82719,,13.3413,12.5796
404191432,295.0166854,-75.08882622,2.17014,,12.6601,11.8936
396215482,301.0041444,-74.69699265,0.996984,,13.3339,12.5382
1922177140,296.7397551,-74.10353147,0.168295,,19.6541,18.9184
1922126929,298.6032915,-75.94343414,0.0141991,,19.276699,18.4711
1922126565,299.5419037,-75.95708799,-0.195931,,19.7659,18.825899
407934353,290.8716075,-74.76240362,0.95950902,,14.1767,13.3745
407934744,290.8848416,-75.37003514,0.75458097,,14.1692,13.3052
404190824,294.9694578,-74.02729743,0.66946203,,16.3346,15.4752
1922127484,299.5356128,-75.75947419,-1.28078,,20.2866,19.463699
1922127751,299.682407,-75.61823572,0.0963782,,19.969299,19.066099
1922127820,299.6388505,-75.57155929,-0.044805501,,20.147301,19.216
1922127837,299.6317893,-75.53188536,-0.034944098,,19.8466,19.1047
1922129005,299.6751233,-75.47380661,0.56452799,,19.113001,18.192699
1922128993,299.7068288,-75.4960079,-0.101657,,19.837799,18.979799
407933928,290.8128894,-74.16307984,0.62742198,,16.0103,15.2356
407933985,290.9696854,-74.22720539,0.53438002,,16.141701,15.2776
1922128995,299.7510318,-75.48298604,0.359694,,18.797899,18.065599
1922128996,299.8034012,-75.47716334,-0.0132616,,19.8241,19.0495
1922129065,299.6069494,-75.42799378,-0.23465,,19.8265,18.9258
404191284,294.9307469,-74.78682725,0.49561599,,16.382401,15.5001
407933861,290.9915112,-74.03603618,0.937464,,14.1624,13.4183
1922129221,299.5656651,-75.35213581,-0.10839,,20.393,19.5499
407934333,290.8841587,-74.7288834,0.97108001,,14.7543,13.8746
265125332,293.8014415,-75.16102439,1.15821,,13.8642,12.997
265125529,293.7728969,-74.85736202,0.63293803,,14.1838,13.5346
1922126755,299.9641805,-75.85345932,0.40293801,,19.247101,18.3391
1922126787,299.7605474,-75.81434505,0.16080301,,19.340401,18.3811
1922127503,299.8623874,-75.72480809,-0.232466,,20.377899,19.4928
1922127526,299.8860478,-75.68018816,0.155698,,19.898899,19.0016
1922128905,299.8321429,-75.56062117,0.26198199,,19.8202,19.0221
404191640,294.8176297,-75.39300374,0.95145798,,14.922,14.025
1922128907,299.7998379,-75.55556308,0.30408499,,20.009199,19.0732
1922128888,299.8779624,-75.58464983,0.0341921,,19.299801,18.5329
1922128942,299.7892046,-75.51757881,0.144749,,19.1401,18.261801
1922128943,299.8569089,-75.50174691,-0.14917099,,19.6686,18.853201
469821776,300.9470756,-74.12480913,1.04562,,13.7395,13.023
407933879,291.0341739,-74.06386619,0.53243202,,15.3334,14.6091
407934606,291.066036,-75.13067139,0.75878698,,15.5996,14.7963
407934641,290.940779,-75.210098,0.62856799,,14.3708,13.4941
407934674,290.9133773,-75.27763393,0.77958101,,14.4603,13.5525
407934740,291.1061053,-75.36237524,0.607225,,15.2097,14.4003
265125118,293.7653965,-75.52760222,0.56962502,,15.4409,14.6587
265125620,293.6942997,-74.72837166,1.22027,,14.8839,13.9699
404190863,294.8634073,-74.10082962,0.66627002,,14.1761,13.3875
404191240,295.0422577,-74.70217499,0.173706,,15.8763,15.066
404191630,294.8460482,-75.37899303,0.89685702,,14.8,13.9872
404191763,294.8273409,-75.62868732,0.56645799,,15.8895,14.9845
1922131664,299.8123596,-75.14131167,-0.53890699,,19.9979,19.0627
1922132054,299.7539885,-75.01748685,0.0549904,,19.359501,18.439899
1922132095,299.8268083,-74.9746682,0.19427299,,19.0168,18.1057
404191969,294.9107215,-75.97866472,0.81996399,,14.2675,13.4323
404191970,294.9848025,-75.97902126,0.84425199,,14.9119,14.073
469821773,300.6658331,-74.12893553,1.44558,,13.3862,12.6193
1922132736,299.842212,-74.91897486,0.110634,,19.4233,18.606001
1922132750,299.9149406,-74.86985882,-0.0141332,,19.3225,18.5026
1922132853,299.9250743,-74.83371117,0.25449401,,18.9589,18.2327
1922133039,299.8609744,-74.74911887,0.136996,,18.920401,18.1887
1922133040,299.839351,-74.74859912,0.128353,,19.152,18.422501
1922133044,299.9062316,-74.74714767,0.27162299,,18.635,17.7952
1922168081,299.6722983,-74.67172484,0.338851,,19.683399,18.8326
1922168084,299.69635,-74.66125811,0.25554499,,19.2974,18.4158
1922173878,299.8620732,-74.47326807,0.28983101,,18.511,17.7628
1922173937,299.824219,-74.40540105,0.53189099,,19.281,18.472401
1922173943,299.8315774,-74.39682858,0.061247099,,18.7995,17.926399
1922174024,299.8534218,-74.34685532,0.501302,,18.579399,17.6667
1922174139,299.878124,-74.2403415,-2.8127601,,20.6411,19.8165
1922174310,299.9523203,-74.19690427,-0.485174,,18.8335,18.385401
1922174382,299.8948714,-74.12004713,0.54876101,,19.429399,18.5266
1922174385,299.9641052,-74.09848329,0.35474199,,18.484501,17.616699
1922174391,299.8497191,-74.10527146,-0.19752,,20.1766,19.305201
1922174629,299.7688948,-74.02876362,0.543805,,19.1089,18.231199
407934671,290.8439974,-75.27415414,0.275399,,16.5415,15.6375
404191004,294.9942205,-74.2800725,0.27294701,,17.158701,16.2899
404191128,294.7741053,-74.48310268,0.37579399,,17.0604,16.158001
404191360,294.818022,-74.93679607,0.20740999,,17.6206,16.735001
407933984,290.8716076,-74.22666759,0.54193002,,16.5341,15.7483
407934520,291.0880084,-75.00488093,0.31865999,,16.630699,15.7511
407934046,290.8169714,-74.30611434,0.34097499,,16.413099,15.7169
404190866,295.027865,-74.10430599,0.37921599,,16.666401,15.7846
265125577,293.7856184,-74.78265352,0.62296301,,15.5215,14.6064
404191940,295.0781819,-75.93896338,0.45049599,,16.4335,15.5383
407934296,291.1712526,-74.66489633,0.35493401,,16.432501,15.5678
407934432,291.0330817,-74.88455201,0.39325899,,16.319599,15.445
407934490,290.9169238,-74.95907297,0.47103101,,16.4011,15.5204
407934948,291.0287485,-75.72407214,0.55809301,,16.118299,15.2164
404191386,294.8735657,-74.98644811,0.42616501,,16.224899,15.3741
404191482,294.8947497,-75.16041271,-0.022072701,,16.243799,15.4057
404191963,295.0759125,-75.96651651,0.47372499,,16.2264,15.3934
396211739,300.4760705,-74.61389351,0.791574,,15.9883,15.1208
404191646,294.8600842,-75.39946932,0.72381502,,16.393801,15.467
396211566,300.4242354,-74.92335622,0.462488,,16.696501,15.8036
265125331,293.5400019,-75.16592012,0.38206801,,17.502199,16.6017
404191260,294.9715584,-74.73758833,0.450304,,17.071501,16.2195
469821718,300.7318319,-74.21869688,0.172005,,18.041201,17.239
404191337,294.7254938,-74.88434447,0.335857,,17.207899,16.327499
404191968,294.9889419,-75.97360563,0.42271399,,17.205799,16.275801
407934142,291.105586,-74.44973161,0.43646899,,17.512899,16.625999
265125446,293.7859814,-74.99159471,0.280507,,17.7127,16.8053
404190896,294.8804638,-74.14024851,0.227777,,17.202299,16.4438
404190897,295.0358752,-74.14415252,0.31989101,,17.321501,16.4303
404191107,294.8746947,-74.45172948,0.188766,,18.01,17.181999
396215794,301.2771801,-74.22462208,0.16676401,,17.8906,16.979601
265125008,293.6932515,-75.68551157,0.305953,,17.5611,16.6418
265125021,293.6036037,-75.6619619,0.238002,,17.555099,16.7701
265125025,293.7145596,-75.65301212,0.22410101,,17.2488,16.344101
404191683,294.9006484,-75.48831941,0.369371,,17.4121,16.489599
404191906,295.0718047,-75.89098133,0.242911,,17.9084,16.968201
404191936,294.9809716,-75.93694882,0.42677501,,17.570801,16.6285
404191967,294.8842757,-75.97015384,0.349529,,17.4842,16.5457
407934172,291.1652535,-74.49525672,0.18625601,,17.3202,16.459101
407934640,291.0295236,-75.20215957,0.29686901,,17.181,16.401699
404191430,294.8594076,-75.08538729,0.27295101,,17.0366,16.1712
407934770,291.08385,-75.41949125,0.12197,,17.5114,16.6061
265125532,293.8724735,-74.85614951,0.390037,,17.379499,16.459
407934525,290.8973398,-75.01574718,0.37453899,,16.8153,15.9202
265125328,293.5710354,-75.16986475,0.343766,,16.900999,16.018
407934942,291.1556617,-75.71982382,0.286843,,17.1206,16.2236
265125578,293.5492779,-74.7791762,0.44298801,,16.7747,15.8527
396215795,301.1191225,-74.22122229,0.396606,,17.0007,16.081301
407933884,291.0874399,-74.07255383,0.28973299,,17.9182,17.056601
407934334,290.8467533,-74.7291679,0.37032399,,17.688601,16.869101
407934410,290.8632135,-74.85536357,-0.040961299,,18.0271,17.273899
404191259,295.0843693,-74.73720125,0.22511999,,17.7285,16.841299
404191513,294.9489653,-75.22780288,0.18038499,,18.0175,17.1243
265125006,293.5880541,-75.68961396,0.30109999,,17.7146,16.7994
396215479,300.9995655,-74.70386683,0.20024399,,17.760799,16.970501
407934167,290.8662912,-74.48745386,0.0901362,,18.003599,17.133101
407933988,290.8185861,-74.23027907,0.23288199,,17.757099,16.899599
407935014,291.1947348,-75.87407151,0.169506,,18.5098,17.584299
404191332,294.9908775,-74.8733148,0.352855,,18.0201,17.1387
407934259,290.7305173,-74.6034611,0.194382,,18.2082,17.439501
407934373,291.1377349,-74.80252342,0.143628,,18.290501,17.432699
407934742,291.1603316,-75.36637561,0.25658801,,17.9718,17.058901
407934946,290.96343,-75.72257079,-0.187811,,18.519501,17.601999
407934973,290.8678669,-75.78119796,0.265553,,18.424601,17.4911
404191256,294.9749899,-74.72416928,0.14718699,,17.8494,17.0474
404191402,295.1158521,-75.02474429,0.25803801,,18.404499,17.534
404191809,295.0234633,-75.71276349,0.12973399,,18.1556,17.2304
407934171,291.1601669,-74.49397463,0.321859,,17.4748,16.5732
396211758,300.551693,-74.5757098,0.254875,,18.339701,17.504101
407933989,290.8566274,-74.23079757,0.249716,,17.826599,16.9366
404190878,294.9211531,-74.12311242,0.173334,,17.947001,17.044001
407934903,291.1530178,-75.64776941,0.171046,,18.417801,17.5378
407934220,291.0634688,-74.55311945,0.35479799,,17.958799,17.0627
265125570,293.7552343,-74.78764422,0.106672,,17.1618,16.412001
1815705601,289.0771967,-74.69710585,0.226752,,18.400299,17.5296
1922142108,295.3367353,-75.70454272,0.029572999,,18.491199,17.582001
1922143822,295.4504854,-75.55692937,0.088286199,,18.493401,17.660601
1922143873,295.2637531,-75.52679564,0.30931601,,18.1085,17.3293
1922145113,295.4110737,-75.23944116,0.142263,,18.146,17.3242
1922145127,295.3119306,-75.22981397,0.16697399,,18.411501,17.5972
1815703599,288.9638566,-75.08257726,0.14844,,18.4006,17.576599
1815705133,288.9443734,-74.8272433,0.074308299,,18.627199,17.827801
1815705618,289.0143735,-74.68820862,-0.18062299,,18.900299,18.144899
1815707411,288.9113502,-74.64192308,0.118,,18.523701,17.719299
1922139799,292.3057914,-75.77152521,0.024425801,,18.5777,17.6642
1922139840,292.6620061,-75.77584647,0.26107699,,18.6061,17.726101
1922156136,292.3618902,-75.22505559,0.27298,,18.5243,17.686199
1922160727,292.3707734,-74.75730407,0.220856,,18.6653,17.7642
1922161088,292.8279751,-74.76608149,-0.083062999,,18.519199,17.6793
1922149695,295.467962,-74.86483074,0.213174,,18.6229,17.733101
1922119776,296.8725476,-75.91148108,0.222983,,18.5278,17.613899
1815705536,289.0854455,-74.7331801,0.167411,,18.834499,17.9709
1922139746,292.3887205,-75.79649328,-0.040766001,,18.599001,17.7106
1922144708,295.1583364,-75.39981309,-0.0099253403,,18.771299,18.012899
1815705464,288.8172516,-74.75517778,-0.188574,,18.884701,18.0802
340927924,294.3752436,-75.8745056,0.080649599,,15.4421,14.5966
340778424,291.804898,-74.30654267,1.11958,,12.9841,12.2792
364154344,291.2198613,-75.13560717,1.29638,,12.887,12.1605
265125275,293.7908958,-75.26643603,2.4417701,,11.6602,11.0142
423239756,297.2429972,-74.1269097,6.4714499,,8.3456697,7.8713598
404191702,294.8263429,-75.52005484,2.05389,,11.3427,10.6464
404191575,294.9018801,-75.30843635,3.46557,,11.2386,10.4561
466695168,296.8312109,-74.99834596,1.41425,,13.1555,12.3777
404191378,294.9772078,-74.96899299,1.62475,,13.5635,12.7535
340903567,294.41368,-74.12045794,1.32103,,13.4744,12.6182
404191135,294.7260995,-74.49637976,1.9561599,,12.7326,11.9165
404191469,295.0819439,-75.1338294,1.44331,,12.9854,12.1033
404191496,294.9717531,-75.19326938,0.82467097,,13.6307,12.9039
404191798,294.9883936,-75.69866012,0.86846298,,13.451,12.8426
466695430,296.8353133,-75.46999528,1.24472,,13.1571,12.4051
466695687,296.8049164,-75.97311203,1.4826699,,13.8565,12.9047
398460885,299.1528694,-74.21445746,0.92637402,,14.3585,13.5689
423239774,297.2323114,-74.09398075,0.265113,,16.848801,16.0177
340777860,291.8656752,-75.14830634,0.54096502,,14.9871,14.1084
340778294,291.5828573,-74.5144266,0.553343,,15.9692,15.148
340903633,294.5818676,-74.20669552,0.38005799,,14.6322,14.0635
340903960,294.6527897,-74.66634003,0.64984798,,15.8776,14.9678
340927671,294.4532709,-75.44921725,0.196657,,16.453899,15.5512
466694950,296.7190689,-74.64002225,0.30087501,,16.139601,15.3895
466695052,296.7445005,-74.8229746,0.47869,,16.083401,15.2803
466695286,296.889652,-75.20175937,0.52797198,,15.4174,14.6865
423239425,297.1971846,-74.68723925,0.46798399,,16.5191,15.6733
340777363,291.815783,-75.89752042,1.44893,,13.8893,12.9822
340778340,291.5631559,-74.45150631,0.700975,,14.9571,14.2534
364154189,291.337347,-74.92138375,0.78458101,,14.8923,14.0766
265124971,293.8730667,-75.74871189,1.2339,,14.2122,13.2993
340927346,294.3866368,-74.92810529,0.77263802,,13.9945,13.1111
340927943,294.5695271,-75.90477258,0.83424097,,15.0172,14.2037
404191796,294.7408294,-75.69322233,0.78038001,,14.5105,13.5767
423239369,297.0985339,-74.78655356,1.03045,,14.5066,13.686
466694983,297.031512,-74.71065989,1.11605,,13.9829,13.1231
466695062,296.9566288,-74.83816158,0.71859902,,14.737,13.9383
423238957,297.2399336,-75.5020517,1.19612,,14.3466,13.4802
423239163,297.1416136,-75.12494662,1.41493,,14.0653,13.232
423239476,297.3044302,-74.60017059,1.2246799,,13.9375,13.1168
398461009,299.2528192,-74.42040707,0.47678399,,15.3362,14.5241
404191376,294.9771071,-74.96641597,0.72585499,,15.0571,14.221
364154509,291.3598135,-75.43467528,0.65187299,,15.677,14.7741
340927545,294.5240237,-75.25220096,0.65348798,,15.9162,15.0437
340777853,291.674376,-75.16003974,0.86363399,,14.6512,13.7885
340778418,291.5941214,-74.31224879,0.71810699,,15.5989,14.7056
364154128,291.4479434,-74.83794303,0.87764901,,14.8966,14.0652
364154414,291.2234574,-75.28779467,0.62050802,,15.2665,14.3532
364154418,291.4384099,-75.29706485,1.30051,,14.4385,13.5718
364154446,291.4616375,-75.34679415,0.85939199,,15.1372,14.3254
364154464,291.408029,-75.37560547,0.61198598,,15.6288,14.7996
265125035,293.6106446,-75.6421752,0.36932001,,16.0264,15.1038
340903577,294.5392533,-74.13444589,0.940988,,14.674,13.8088
340903597,294.3212628,-74.15472406,0.77715802,,15.6068,14.7112
340903631,294.5900302,-74.20564318,0.58459198,,15.4428,14.593
340903664,294.6428125,-74.24550159,0.78066498,,15.1348,14.3108
340927786,294.3882905,-75.64719456,0.547212,,15.6565,14.7412
340927925,294.3327025,-75.87493198,0.95281303,,14.7436,13.8915
340927989,294.6096906,-75.99843724,0.86524498,,14.5391,13.6284
404190838,294.7228915,-74.0464789,0.96411401,,14.5367,13.6859
404191413,295.0856501,-75.03911647,0.49743,,16.0569,15.1673
404191581,294.9905602,-75.31569444,0.74300599,,14.7703,14.0296
423239368,297.1988959,-74.79091945,0.53381997,,15.7021,14.8062
466694759,297.0416493,-74.33634352,0.96225601,,15.1432,14.2703
466694890,296.8079402,-74.54214051,0.64804298,,15.7726,14.92
466695151,296.8312923,-74.97082055,0.75282401,,14.9955,14.1826
423239127,297.1488404,-75.17827875,1.01041,,14.8229,14.011
423239202,297.328513,-75.06501538,0.54382902,,15.9254,15.048
398460844,299.3047451,-74.14100748,0.88993198,,15.3236,14.4644
398461209,299.2892979,-74.74971811,0.76838398,,14.6709,13.7641
398461288,299.3317183,-74.86105895,0.60726202,,15.3929,14.5462
340777439,291.6201986,-75.76630228,1.83926,,13.7395,12.826
340777440,291.6082768,-75.76561473,2.62499,,12.9675,12.0826
340927385,294.6648322,-74.99082606,0.149753,,17.540501,16.635
340927986,294.4163821,-75.98371378,0.46823999,,17.5266,16.617701
404191200,294.7837758,-74.6194504,0.0102559,,16.9028,16.152
423239204,297.3001749,-75.06224714,0.260757,,16.945101,16.0625
423239486,297.2266647,-74.58005386,0.217582,,16.204399,15.7798
364154024,291.4059542,-74.67518222,0.43159801,,16.713301,15.812
340903481,294.6269831,-74.02777686,0.25722599,,16.779499,16.0182
340903730,294.566025,-74.32976743,0.48705,,16.958,16.077299
404191308,294.9602646,-74.8319079,0.497408,,16.798401,16.012899
404191707,294.9422516,-75.52591609,0.33839199,,16.3032,15.5727
423238906,297.252358,-75.61413183,0.35058299,,16.795099,15.858
423238790,297.1851335,-75.834448,0.44160801,,16.6677,15.7158
340927353,294.4206802,-74.9334898,0.56560898,,16.091101,15.1693
340927638,294.5986599,-75.40140664,0.602467,,15.2766,14.3725
404191307,294.7264134,-74.83005367,0.58360398,,15.9372,15.0339
466695471,296.972839,-75.53360766,0.63264501,,14.4433,13.8196
466695640,296.7656355,-75.89690678,0.73975599,,14.997,14.1915
423238813,297.1932049,-75.78752975,0.67082798,,15.6367,14.7304
398460783,299.16937,-74.01161887,0.63432002,,15.7838,14.9433
398461287,299.1516188,-74.86098087,0.608064,,15.6256,14.7259
398461255,299.3158943,-74.8132406,0.34889999,,15.2126,14.5857
340903840,294.3978781,-74.49399531,0.171933,,17.020599,16.103001
423239380,297.3643098,-74.76591612,0.436492,,16.670401,15.7902
466694618,297.0307832,-74.12608806,0.417146,,16.350201,15.4658
364153898,291.467638,-74.46022761,0.32358301,,16.491199,15.7016
340903835,294.3376203,-74.48777107,0.42421401,,16.738701,15.8264
404191656,294.8025525,-75.42344645,0.320393,,16.5646,15.6553
404191698,294.7480397,-75.51333887,0.422555,,16.4741,15.565
466694951,297.0303721,-74.64012758,0.63536602,,15.3722,14.6326
466695163,297.0391834,-74.99060362,0.43711001,,15.9503,15.0972
466695318,296.8670339,-75.26090408,0.60228598,,15.8907,15.0109
340778341,291.9436873,-74.45102434,0.56729603,,16.342899,15.4751
340927303,294.4245832,-74.85919274,0.523875,,16.634399,15.7301
423239536,297.1738497,-74.50784568,0.319608,,16.411301,15.5452
423238996,297.1365328,-75.428194,0.28954101,,17.472099,16.5602
404191529,294.6979398,-75.24790155,0.313941,,18.384701,17.481899
404191894,294.930369,-75.86935591,0.41416401,,17.398199,16.5583
466694987,296.8217886,-74.71286061,0.10347,,18.205,17.361401
423239630,297.43864,-74.32682434,0.36796099,,18.2327,17.348101
404191704,294.9810551,-75.52192145,0.238167,,17.4004,16.474899
423239643,297.4094261,-74.3029956,0.39180699,,16.860901,16.0208
423239285,297.2042398,-74.94581356,0.25216299,,16.987,16.240499
423239469,297.2357162,-74.61104347,0.24040399,,16.848499,16.0494
404190835,294.7590214,-74.04183662,0.109192,,17.290501,16.783899
340927749,294.5248876,-75.58537309,0.37704101,,17.279499,16.3484
466695054,296.7837035,-74.82647938,0.332746,,16.991301,16.138201
423239436,297.1368961,-74.66001891,0.34245199,,17.078899,16.2031
423239437,297.2767914,-74.65980428,0.30698499,,16.884701,16.011101
340927480,294.6962419,-75.13302009,0.097619697,,17.337799,16.4767
340927677,294.5507802,-75.45398154,0.27628601,,17.2342,16.4373
423239289,297.3883474,-74.93446537,0.28462499,,17.087,16.2166
340777798,291.7457436,-75.252513,0.23844101,,17.4203,16.5501
340778564,291.5904722,-74.10424051,0.175593,,17.4004,16.6052
364153923,291.4164843,-74.49877588,0.422885,,17.590099,16.695601
265124966,293.6526587,-75.7624329,0.25290799,,17.520901,16.6817
340903607,294.5084478,-74.16947731,0.125966,,17.7672,16.934799
466695152,296.715621,-74.97136139,0.077259697,,17.145,16.4333
423239128,297.3816481,-75.1767333,0.21842299,,17.4596,16.5891
423239129,297.3285414,-75.17541975,0.37779,,17.0009,16.2446
398460939,299.2308473,-74.30825152,0.36645299,,18.0322,17.138901
398461016,299.3005986,-74.43498523,0.36064601,,17.274,16.380199
340778565,291.6541206,-74.10168504,0.19832,,17.785999,17.003599
364154368,291.3265969,-75.18954352,0.22580899,,17.7017,16.8494
340903578,294.3135382,-74.13774026,0.084167197,,17.643499,16.85
340927325,294.6230664,-74.89711833,0.313243,,17.4652,16.576401
340927471,294.5672828,-75.1142932,0.36595601,,17.535999,16.642099
340927496,294.6107068,-75.16274434,0.14118201,,18.0408,17.1294
340927584,294.4314884,-75.31355736,0.29170001,,18.035299,17.1203
404191070,295.0560952,-74.38965807,0.118718,,17.3009,16.463301
404191198,294.7810406,-74.6143304,0.38275099,,17.8451,16.998699
466694646,296.8683944,-74.15988334,0.154247,,17.338301,16.447701
423239018,297.1315981,-75.37341793,0.245988,,17.943899,17.041201
423239758,297.139655,-74.11922095,0.316919,,17.322399,16.4776
398461115,299.1782472,-74.58908876,0.164629,,17.534,16.6255
404191373,295.0732545,-74.9582468,0.231391,,17.15,16.286699
423239280,297.1397791,-74.95565179,0.102016,,17.355101,16.500099
423239556,297.1952421,-74.47089976,0.63156003,,17.271299,16.3752
340778147,291.7466386,-74.71634424,0.22266801,,17.505899,16.6689
364154132,291.5541514,-74.84585701,0.184377,,17.2812,16.389601
340903494,294.6576561,-74.04054584,0.242402,,17.307501,16.5902
404191327,294.744435,-74.86417147,0.40152499,,17.070499,16.2766
466694602,296.8536809,-74.10868044,0.28494799,,17.229,16.344
466694761,296.705089,-74.34011807,0.168117,,17.108299,16.232201
466694954,296.6920725,-74.64478483,0.42796299,,17.087799,16.264601
423239241,297.2962294,-75.02705004,0.250597,,17.091999,16.2101
423239354,297.2301259,-74.8153596,0.374551,,17.031099,16.144699
423239786,297.2135169,-74.07589941,0.12849399,,17.0569,16.199499
466694664,296.7602495,-74.18384539,0.52301198,,16.814699,15.9153
340778568,291.5662858,-74.09736192,0.327389,,16.7169,15.8977
265125034,293.5696132,-75.64321668,0.34196299,,16.827999,15.9193
398461257,299.2821247,-74.81554929,0.46677199,,16.953699,16.0532
340927544,294.5645502,-75.25080757,0.46056199,,17.1639,16.253099
340927580,294.5513866,-75.30820963,0.44741401,,16.827801,15.9521
340777297,291.8288267,-75.97976316,0.50229102,,16.9876,16.142599
340778017,291.7446217,-74.91973809,0.298381,,17.2537,16.3617
423239365,297.0885424,-74.79505171,0.31637901,,17.1017,16.220501
340777704,291.6812663,-75.41057434,0.23512,,17.9589,17.1752
364154505,291.3781829,-75.42522146,0.155765,,17.763201,16.8638
340903894,294.3697731,-74.55428793,0.39630499,,17.8503,17.017599
466695298,296.6977356,-75.23049416,0.243916,,17.714701,16.8654
466695300,296.7413552,-75.23333929,0.26100799,,17.820801,16.9286
398461073,299.2320458,-74.52176598,0.023429399,,17.992399,17.083401
398461214,299.414409,-74.75513542,0.073233798,,17.9189,17.0035
364153774,291.4424165,-74.2510294,0.15606301,,17.6394,16.8885
364154488,291.413073,-75.40341307,0.23065899,,17.853399,17.015499
340927990,294.3999334,-75.99966877,0.26040101,,18.1833,17.2915
404190930,295.1485325,-74.18708166,0.14650001,,18.3272,17.427799
404191494,295.0715008,-75.18696774,0.20694301,,17.8071,17.0219
423239196,297.4643907,-75.0805177,0.284091,,17.5075,16.660601
423239321,297.2356711,-74.85994765,0.106366,,17.986799,17.1684
398461137,299.2820229,-74.62824729,0.287191,,17.8438,16.9298
340903673,294.3569272,-74.25603342,0.091590002,,17.588699,16.685699
340927430,294.3855619,-75.05891669,0.228945,,17.505899,16.601801
340927926,294.6421419,-75.87553271,0.29039401,,17.598,16.659901
398461284,299.0782476,-74.85974278,0.369629,,17.753099,16.864
364154171,291.4363969,-74.89885664,0.130298,,17.7251,16.8379
340927310,294.6723945,-74.87102067,0.149921,,17.1525,16.6161
404191412,294.83755,-75.03727351,0.38952601,,17.728701,16.8433
423239283,297.2959729,-74.95099956,0.206727,,17.9916,17.145201
466694574,297.0427131,-74.0566342,0.162241,,17.9207,17.077299
466695346,296.9786214,-75.32113558,0.36917999,,17.5009,16.643999
466695361,296.8651703,-75.36162391,0.34954599,,17.545601,16.701599
340777298,291.927136,-75.97929962,0.28753799,,17.756201,17.044201
398461254,298.9717825,-74.81095794,0.260539,,18.0268,17.1749
340903519,294.3480855,-74.05832424,0.156284,,18.2561,17.5107
466695170,296.9899082,-75.00482613,0.0766313,,17.971901,17.2481
466695295,297.0465322,-75.22607314,0.26105601,,18.1005,17.2227
364154328,291.3731111,-75.11442708,0.114595,,18.106899,17.2586
404190885,294.8326333,-74.12778561,0.12999301,,18.0795,17.177999
423238817,297.4078019,-75.78438348,0.171731,,18.3193,17.433901
423238823,297.379503,-75.7681666,0.38694099,,18.1408,17.2801
423239382,297.3432189,-74.76375913,0.25383401,,17.933201,17.0832
423239474,297.1082284,-74.60180137,0.333808,,18.197701,17.307501
398461065,299.2625594,-74.50938054,0.192432,,17.999399,17.0777
364154333,291.3098229,-75.12027586,0.182568,,17.767599,16.9667
404191461,294.7652885,-75.12226279,0.23367301,,18.188999,17.293301
364154130,291.3986649,-74.83912577,0.275738,,17.993999,17.126101
404191073,295.0246818,-74.39349035,0.32914701,,18.2848,17.433399
466695285,296.8077065,-75.19848381,-0.0161558,,18.070801,17.2892
423238756,297.1084944,-75.89636001,0.162614,,17.9237,17.026699
364154327,291.5041253,-75.11086265,0.199873,,18.049,17.167299
364154511,291.2896661,-75.44252877,0.433411,,17.147499,16.4391
340903608,294.5343865,-74.17036921,0.150032,,18.0205,17.1434
466694623,296.8838728,-74.13167871,0.20085999,,17.1043,16.2127
466695515,296.7425807,-75.61055964,0.207195,,17.5865,16.760599
423239562,297.2745893,-74.4597092,0.32142901,,17.179899,16.41
1922155241,290.7973813,-74.92557392,0.0123595,,18.2351,17.512501
1922155514,290.7048074,-74.86318353,0.083937101,,18.265301,17.4226
1922155616,290.8399046,-74.76758711,0.13773599,,18.281401,17.4671
1922192705,290.8983788,-74.50182418,0.223142,,18.432301,17.536699
1922192688,291.0102662,-74.51216031,0.230518,,18.106899,17.426001
1922193540,290.8852733,-74.28307864,0.0229984,,18.310101,17.432301
1922144303,296.8191647,-75.31255559,0.363846,,17.7451,16.997101
1922166404,296.7446174,-75.00786192,0.396238,,18.107,17.216999
1922171346,296.767345,-74.49394844,0.28864601,,18.131399,17.240499
1922132851,299.9351974,-74.84553693,0.169173,,18.0686,17.2136
1922174298,299.8411593,-74.2243021,-0.0197961,,18.313,17.4863
1815704189,289.4969242,-74.8303509,0.12224,,18.835199,17.948999
1815706313,289.6713209,-74.54615842,-0.063824698,,18.3578,17.5898
1815709609,289.5087276,-74.3933897,0.232636,,18.499399,17.620199
1815713730,289.4068751,-74.05427893,0.21750499,,18.565901,17.656099
1922193117,290.7798088,-74.48940206,0.14356799,,18.6506,17.757299
1922193209,290.7134533,-74.44874702,-0.0542253,,18.703899,17.8309
1922136490,293.1991993,-75.94973245,0.23261499,,18.5112,17.643499
1922169992,296.806231,-74.7248242,0.0648157,,18.5336,17.7432
1922170405,296.9637398,-74.63195094,0.174125,,18.547501,17.7302
1922176800,296.8386769,-74.24554833,0.088359497,,18.5793,17.7698
1922127138,298.5704264,-75.86881807,0.193786,,18.780001,17.9104
1922129387,299.8936901,-75.23518897,-0.0517051,,18.504801,17.680599
1922132050,299.7857103,-75.02570586,-0.024182299,,18.498699,17.801001
1922132035,299.9778471,-75.03608556,0.111658,,18.561001,17.679501
1922174393,299.8723444,-74.09750635,0.20598701,,18.452999,17.632
1922174591,299.8837592,-74.02253427,0.23074199,,18.408899,17.636
1922144229,296.8627931,-75.36686392,-0.279935,,19.206699,18.358
1922126671,299.5864799,-75.89731582,-0.63049501,,19.260599,18.346001
1922137412,293.1767505,-75.82701556,-0.14539599,,19.1922,18.299
1815617019,288.5466829,-75.66301791,-0.0134191,,18.948999,18.1001
1922131671,299.8967218,-75.12506102,-0.181954,,19.148701,18.2125
1922133050,299.762609,-74.75662247,0.067981698,,19.021999,18.1539
1815711965,288.3995097,-74.18166973,-0.120544,,18.7791,17.8748
1815711974,288.5640468,-74.15653775,0.26609001,,18.595301,17.6964
1815704103,289.4918317,-74.91117011,0.034129299,,18.814699,18.049601
1815709683,289.6112316,-74.40969342,0.059970301,,18.799,17.8708
1815713790,289.4910034,-74.02441734,-0.099533796,,19.0389,18.1406
1922155609,290.7730253,-74.79472246,0.145777,,18.9512,18.072701
1922199871,290.9033405,-74.05874334,-0.0018202499,,18.971201,18.106001
1922169640,296.7714048,-74.85773436,-0.0117677,,18.8717,18.1022
1922176807,296.8773039,-74.22689036,0.070758797,,18.8547,17.9893
1922126570,299.7055147,-75.9770588,0.22963101,,18.8396,17.8922
1922127582,299.8293547,-75.64431983,0.060984999,,18.778601,17.821501
1922126793,299.7951076,-75.79427351,0.022698199,,18.8081,17.837799
1922178586,297.0352162,-74.09568793,-0.13746201,,18.892799,18.1373
340927726,294.493561,-75.54634661,0.339957,,18.5396,17.6465
396211055,300.3682271,-75.67506462,0.53088701,,18.0851,17.120399
404191780,294.9791234,-75.66127897,0.41934201,,18.030199,17.178301
1922151450,291.0508006,-75.49917417,-0.039584801,,20.228201,19.4515
1922151530,291.0536523,-75.4301659,0.24033,,19.011999,18.1738
1922152336,291.2595059,-75.3312019,0.188143,,18.9648,18.0581
1922152601,291.0130422,-75.26655324,0.049949799,,19.5065,18.7206
1922152662,291.1297106,-75.19907503,0.091275796,,20.2327,19.3433
1922152679,291.0401208,-75.20122826,0.27895299,,18.834999,17.9321
1922154344,291.1223048,-75.00453669,0.360578,,18.9606,18.1658
1922154360,291.0770503,-74.98938623,-0.52238101,,19.4638,18.6875
1922155676,290.9976199,-74.71385799,0.31849799,,19.5485,18.685101
1922155680,291.2307611,-74.76351032,-0.42340899,,20.096901,19.3043
1922155713,291.1730704,-74.73154875,0.378488,,18.746099,17.8433
1922155689,291.1755616,-74.75415038,0.21707401,,19.452999,18.588699
1922155777,291.1615013,-74.69683283,0.045887299,,19.928101,19.0746
1922155799,291.1600171,-74.67765746,-0.074269801,,19.648701,18.823799
1922192382,291.0224669,-74.59868181,0.29676801,,18.727301,17.8416
1922192424,291.2500349,-74.54263138,-1.25684,,20.1241,19.368999
1922192654,291.0951725,-74.52255152,0.192873,,19.225401,18.330601
1922192675,291.2017651,-74.48370464,0.44786799,,19.3983,18.5247
1922192718,291.0917079,-74.48605538,0.18004,,19.1863,18.442699
1922192719,291.0819481,-74.48591904,-0.130336,,19.993601,19.1467
1922195982,291.0763869,-74.34128449,0.18907499,,18.859501,17.9988
1922196182,291.0254727,-74.30445264,0.441248,,19.069,18.2994
1922196276,291.166548,-74.22938877,0.46906999,,18.6835,17.8778
1922199545,291.2436801,-74.10434736,0.30736199,,18.9361,18.118999
1922199533,291.133329,-74.14838346,0.350153,,19.329901,18.5928
1922145818,293.2945769,-75.58802028,0.428316,,19.408001,18.569099
1922146031,293.2066394,-75.53964644,0.043339599,,19.43,18.649401
1922146851,292.9386985,-75.43335506,0.138744,,19.0853,18.1859
1922147245,293.0431112,-75.30569031,0.198379,,19.1656,18.317699
1922147246,293.1077387,-75.29764889,0.380375,,19.975901,19.107901
1922147249,293.1262342,-75.28855252,-0.29614699,,20.0448,19.240499
1922156103,293.2157463,-75.09479739,0.211648,,19.7068,18.8605
1922156126,293.1094484,-75.09206865,0.084683798,,19.082199,18.191999
1922156352,293.1315306,-75.05530552,-0.67187399,,20.288401,19.4345
1922156793,293.104959,-75.00810149,-0.33967799,,20.299299,19.381399
1922157652,293.0323381,-74.89640571,0.38332701,,19.1639,18.307501
1922157922,293.1903663,-74.81461527,-0.45091099,,19.559099,18.799601
1922157923,293.1939396,-74.80632948,0.39427599,,18.960501,18.140499
1922157931,293.2632901,-74.7722223,0.34812999,,18.7822,17.8785
1922158046,293.44358,-74.74522276,0.0113202,,19.047501,18.1922
1922158050,293.4743069,-74.74049861,0.211632,,19.280001,18.5343
1922161247,293.1937155,-74.68931756,0.23602501,,18.9596,18.122
1922161654,293.0034074,-74.48775332,0.361404,,19.688,18.8808
1922161680,293.1976746,-74.44738975,0.41882101,,18.958,18.170099
1922162542,293.0011801,-74.36711684,0.22323699,,19.754299,18.862101
1922140373,290.9280259,-75.81375778,0.328163,,19.3526,18.525801
1922162868,293.7592811,-74.55779684,-0.116594,,19.608999,18.714899
1922164368,293.1258748,-74.2474418,0.15815,,18.839701,18.1703
1922140374,290.9628467,-75.80537289,-0.110428,,20.137199,19.295601
1922140580,290.9088481,-75.79441303,0.327759,,19.3806,18.534599
1922140603,290.9096896,-75.76590593,-0.0242547,,19.8347,18.9086
1922197108,293.1118166,-74.18620695,0.41145599,,20.211901,19.327101
1922151072,290.9153378,-75.58603738,-0.296379,,20.1544,19.2794
1922151071,290.8972729,-75.58996318,0.185505,,19.098,18.212601
1922151314,290.9753037,-75.52474193,-0.59128898,,19.650101,18.763599
1922197216,293.2881191,-74.07633327,-0.162321,,19.579399,18.684401
1922197409,293.1672245,-74.05905552,0.52915698,,19.572701,18.6674
1922197416,293.0794966,-74.06430532,0.40148199,,18.7829,17.8727
1922152285,290.9472853,-75.39739893,-0.410097,,20.4606,19.5872
1922152288,291.0007901,-75.38860369,-0.114469,,19.249701,18.430799
1922152293,291.016904,-75.37261456,0.30605099,,19.521299,18.610201
1922152358,290.8380028,-75.35391323,0.537368,,18.4736,17.6101
1922152399,291.1970111,-75.27122122,0.075433202,,19.055401,18.195801
1922152568,290.8260012,-75.30708328,-0.177898,,20.625,19.7108
1922152579,290.9326802,-75.27049366,0.1397,,20.241899,19.389299
1922152581,290.9186692,-75.27247782,0.29095399,,18.705099,17.8713
1922152605,290.9881416,-75.24891109,0.270248,,19.548401,18.638201
1922152607,291.071691,-75.23258534,-0.095381603,,19.0769,18.4496
1922152653,291.0037644,-75.22618001,0.241688,,18.5734,17.854
1922153701,291.0169766,-75.10712392,-1.0615799,,20.153299,19.358801
1922154122,291.0092732,-75.0710724,0.10744,,18.8757,18.1108
1922154333,290.9932637,-75.0455687,0.114471,,19.1126,18.2383
1922155259,291.1406574,-74.88837942,0.081850097,,18.732,17.963499
1922155328,290.8556949,-74.85995772,0.32120901,,18.8297,18.194799
1922155337,291.0079513,-74.86294475,0.101259,,19.9284,19.056299
1922155556,290.9717335,-74.81756007,0.183283,,19.200199,18.316999
1922155790,291.0540369,-74.6921015,0.163518,,20.035101,19.2089
1922192149,290.9395742,-74.68767569,-0.0611444,,20.259399,19.3948
1922192295,291.2715646,-74.63006008,-0.15581501,,20.1262,19.2253
1922192693,291.0051559,-74.49020481,0.066267602,,19.6124,18.841499
1922192713,291.0829934,-74.49927534,0.142501,,19.970501,19.120399
1922192714,291.0772317,-74.49382929,0.192894,,19.0359,18.167601
1922193187,290.9179772,-74.42217353,-0.41359699,,19.2826,18.501699
1922193261,290.9921928,-74.37298967,0.104283,,19.664101,18.994801
1922193277,291.0427669,-74.3572622,0.32771999,,18.6264,17.8193
1922196295,290.9921379,-74.22198193,-0.222931,,19.5478,18.827999
1922196187,291.1647746,-74.2921862,0.55536902,,19.6383,18.819
1922199510,291.0663632,-74.15216187,-0.70827401,,20.078199,19.281099
1922199618,291.1962112,-74.07867071,0.0355542,,19.075701,18.285
1922139218,291.5031694,-75.92890622,0.094296902,,19.6978,18.781601
1922139219,291.4923767,-75.92775927,-0.132331,,20.2409,19.3391
1922139431,291.5271453,-75.91055994,0.56579101,,19.323601,18.422501
1922122959,295.7881511,-75.9004546,-0.000171962,,19.618401,18.833799
1922123970,295.9262687,-75.7094113,-0.86821401,,20.255199,19.400101
1922124183,295.9911899,-75.59057467,-0.106538,,19.2528,18.489901
1922143721,295.8917607,-75.52852094,-0.27043301,,20.6903,19.834299
1922143985,295.9639548,-75.43638942,-0.30373201,,19.7677,18.879
1922144766,295.7164134,-75.35670214,0.28749099,,18.867399,17.9891
1922145201,295.9771366,-75.27428223,-0.101663,,20.3976,19.5203
1922145282,296.0275707,-75.23812525,0.52331799,,19.593599,18.7631
1922145506,295.9187239,-75.15142651,0.239105,,18.4806,17.784401
1922148554,295.8407729,-75.04159731,0.31268099,,19.6705,18.848801
1922148926,295.8025461,-74.95229189,-0.00188831,,19.2754,18.5249
1922148942,295.7737036,-74.9366603,-1.19958,,20.227699,19.3899
1922148947,295.7526029,-74.92550254,0.30459699,,18.648001,17.836399
1922149910,295.7752418,-74.73520442,0.235558,,18.9755,18.1999
1922171036,295.8069806,-74.62647702,-0.392883,,20.0023,19.1413
1922176030,295.8181874,-74.55124156,-0.080267303,,19.419701,18.654499
1922176124,295.8924117,-74.47213482,0.0114029,,19.4231,18.536301
1922176354,295.8367023,-74.40497411,0.087459996,,19.4809,18.7183
1922176406,295.8016928,-74.37368014,-1.22895,,19.7875,18.959999
1922176526,295.8386977,-74.3192096,-0.404111,,19.423201,18.643801
1922177357,295.7914733,-74.25276958,0.228388,,19.1136,18.3442
1922177647,295.9251609,-74.10300176,0.251136,,19.626801,18.8209
1922177701,295.7972515,-74.12529269,-0.42141101,,20.405701,19.5756
1922177722,295.7047667,-74.09869583,-0.056621499,,19.389099,18.562401
1922180775,295.7816579,-74.06976969,-1.3371,,20.5301,19.7253
1922127845,298.0231816,-75.87405802,-0.060630899,,19.499399,18.615801
1922127875,298.406426,-75.79885546,0.46157601,,19.3477,18.5541
1922127950,298.1993089,-75.74969792,0.151535,,19.5935,18.6863
1922128204,298.343555,-75.68517729,0.305291,,19.022301,18.2792
1922128237,298.3951878,-75.62784553,-0.0153809,,19.7384,18.8703
1922129900,298.0489356,-75.36640675,0.306954,,18.809299,17.8654
1922129902,298.0891797,-75.3511157,0.46229899,,19.4422,18.545601
1922129903,298.4946247,-75.52051388,-0.24193101,,19.864201,18.936899
1922130992,298.2103569,-75.26688598,0.36571601,,19.001499,18.065399
1922127003,299.0533651,-75.87078696,0.31503201,,19.4196,18.625401
1922127359,299.308277,-75.8266901,0.0031570301,,19.4245,18.563999
1922128546,299.0816821,-75.52607125,0.37070301,,19.4526,18.520201
1922128728,299.0846982,-75.47118858,0.085231297,,19.7733,18.9394
1922131861,299.2977836,-75.12014562,-0.37882,,20.050699,19.262699
1922132289,299.0095278,-75.0011332,-0.14653599,,19.583,18.7328
1922132665,299.2133134,-74.84866249,-0.0099909501,,19.577499,18.668301
1922127028,298.6923087,-75.90745589,-0.42932901,,20.0138,19.1084
1922127029,298.7228537,-75.90039283,-0.32706901,,20.367399,19.535101
1922127304,298.7906927,-75.7829942,0.31786999,,19.678101,18.745001
1922128621,298.8639492,-75.56806919,-0.173288,,18.9548,18.2052
1922130059,298.9284064,-75.36546102,-0.15916701,,19.7829,19.040899
1922130313,298.7888808,-75.28411422,0.30428401,,19.6394,18.8363
1922130332,298.7579771,-75.27110855,0.27031499,,18.767599,17.8487
1922130398,298.8787836,-75.2001378,0.53309101,,19.1012,18.2111
1922132243,298.7842908,-75.05586461,0.217388,,19.815201,19.0152
1922132228,298.9191126,-75.0704872,0.386897,,20.2332,19.3113
1922132551,298.8224911,-74.93250706,0.249883,,19.9396,18.988199
1922167663,298.9502222,-74.80079492,0.54313499,,18.865101,17.948601
1922167681,298.9161685,-74.76660142,-0.12904,,19.8535,19.047199
1922168659,298.8012779,-74.57688103,0.52697003,,19.563,18.6807
1922168711,298.7715733,-74.55305852,0.37353501,,19.047199,18.209101
1922169050,298.7886612,-74.50564729,0.17546,,18.887199,18.025801
1922169276,298.7216841,-74.46183763,-0.0333988,,18.6514,17.955799
1922172292,298.603606,-74.34751909,0.00325096,,19.608101,18.865
1922172375,298.7335109,-74.26891431,-0.24349301,,19.4928,18.648899
1922172728,298.7985364,-74.14815874,0.36796701,,19.727699,18.853701
1922173838,299.9682711,-74.55286317,-0.078619003,,19.2449,18.4984
1987882774,300.8015158,-75.62358983,0.184561,,19.1985,18.3297
1987883204,300.878723,-75.51122902,0.24018499,,20.036699,19.1716
1987891620,300.7429027,-75.32469898,0.226252,,18.8078,17.9403
1987892077,300.7350732,-75.21155861,0.120585,,19.2756,18.3482
1987892095,300.9618472,-75.19145877,0.219148,,19.621099,18.703501
1987892099,300.9732173,-75.17422314,0.24403299,,19.658199,18.795601
1987892332,300.7185603,-75.08336144,0.0040400601,,19.1506,18.296101
1987892354,300.7636256,-75.05020608,-0.14399099,,19.9879,19.1471
1987898006,300.818525,-74.47815426,0.061713301,,19.2125,18.372999
364136461,289.8711973,-75.68205424,1.41355,,12.4225,11.6664
364136637,289.8715874,-75.94171588,1.60448,,13.4623,12.5739
352227195,288.3195185,-75.82088147,0.93934202,,13.9015,13.0716
1987901107,300.6562787,-74.25426106,0.215424,,19.761801,18.8585
1987901109,300.6815245,-74.23659315,0.080241002,,19.443001,18.5476
407923143,290.6910791,-75.6086045,0.91606599,,14.6817,13.8236
407923887,290.6778675,-74.49167194,0.74447501,,14.2208,13.4552
407923497,290.5021764,-75.04768252,1.03644,,14.1638,13.3897
407923182,290.4412956,-75.55188693,0.426844,,16.197599,15.3296
407923495,290.4497858,-75.05086488,0.38174099,,15.7835,15.0579
387132907,286.5545794,-74.72645119,0.60904902,,15.107,14.2873
364136293,289.6837254,-75.39058712,0.92075598,,14.4235,13.5297
364136412,289.8392028,-75.59149506,0.68003899,,15.5479,14.7055
364136459,289.9719664,-75.68058575,1.03399,,14.296,13.5063
407923072,290.6910821,-75.71880884,0.741431,,15.8586,14.9568
407923249,290.5592724,-75.43598254,1.09433,,14.4629,13.6221
407923251,290.5001659,-75.43410178,0.55312401,,15.8409,14.952
352226876,288.0925016,-75.32824276,0.17829201,,16.9417,16.134199
352226926,288.1504026,-75.40716023,0.20839199,,17.135201,16.2904
407923406,290.3751237,-75.1793016,0.012857,,17.9498,17.222
352227308,288.2090513,-75.98409313,0.29789501,,16.346001,15.5963
407920744,290.3835089,-75.84999133,0.36601499,,16.9098,16.004801
407923266,290.6161345,-75.39969883,0.335572,,16.9536,16.050699
407923530,290.7850198,-74.98565239,0.52831203,,16.7593,15.8686
352227197,288.3298185,-75.82316373,0.72949499,,15.1553,14.3023
364136065,289.7111368,-75.02519422,0.98120999,,14.5591,13.7267
407923381,290.5428018,-75.23321546,0.43702599,,16.641399,15.7394
352227183,288.227284,-75.8010872,0.52459598,,15.8154,14.9344
352227307,288.2741602,-75.98402151,0.50324398,,16.2297,15.4271
364136068,289.6228141,-75.0308966,0.28390101,,16.3678,15.4977
364136136,289.9140773,-75.12786902,0.41744101,,16.754999,15.9136
407923375,290.794721,-75.23998105,0.25243899,,16.119699,15.2924
407923529,290.7633413,-74.98587451,0.398386,,16.472601,15.592
407923141,290.5213809,-75.60945551,0.103259,,17.0112,16.1021
364136059,289.8059132,-75.01069968,0.34813401,,16.9583,16.129101
364136126,289.7466924,-75.11327678,0.40368399,,17.346201,16.489401
387132908,286.5837695,-74.72438513,0.14292499,,17.6577,16.797701
352226948,288.3282156,-75.43575475,0.370249,,17.8127,16.9832
352227018,288.2827497,-75.54880653,0.327133,,17.472401,16.6471
352227228,288.4098901,-75.86428004,0.185909,,17.8097,16.9384
352227234,288.2964191,-75.87100987,0.157029,,17.6516,16.810301
364136155,289.6465386,-75.16107729,0.1223,,17.6597,16.8848
407923111,290.7334358,-75.65314709,0.24501599,,18.029499,17.1439
407923496,290.426784,-75.05078916,0.102886,,17.4263,16.548
364136524,289.9444452,-75.77874948,0.43092999,,17.1366,16.292801
352227272,288.3903162,-75.92538832,0.437379,,17.116501,16.238001
364136554,289.7643953,-75.82754025,0.36274901,,17.1744,16.279499
364136287,289.6552064,-75.37798311,0.231061,,17.542601,16.683001
364136457,289.6445326,-75.66665452,0.26653799,,17.4361,16.584999
364136363,289.6452244,-75.50593789,0.0087199798,,16.7917,15.8955
352226925,288.1840625,-75.40605317,-0.063329801,,17.977699,17.137899
364136346,289.6251497,-75.47626149,0.34917,,17.863001,16.960899
364136395,289.873419,-75.55341439,0.016935799,,18.3584,17.475201
407922930,290.7888655,-75.96722012,0.22815301,,17.915199,17.0683
364136556,289.7351716,-75.82992014,0.336878,,18.101601,17.2349
407923253,290.7680634,-75.43040003,0.30572799,,18.363001,17.465799
407923263,290.4198229,-75.40613774,0.36317599,,18.128799,17.276899
364136123,289.6523018,-75.1105202,0.390053,,17.5746,16.711201
364136533,289.914927,-75.79585656,0.2613,,18.184999,17.302401
352226878,288.0435681,-75.32964254,0.37160999,,17.263,16.3841
364136365,289.7605137,-75.50774546,0.35194501,,17.323099,16.4202
364136430,289.6704259,-75.62015629,0.39259699,,16.7785,15.9015
364136628,289.7999416,-75.9242399,0.050479099,,17.3277,16.4757
1922151435,291.1111566,-75.48906169,-0.00553163,,17.6493,16.800301
1922151471,291.3578384,-75.45443732,0.113892,,18.322201,17.445499
1922193258,291.0985684,-74.36575145,0.30226699,,18.419701,17.565701
1922197212,293.2333724,-74.07800656,0.282884,,18.198601,17.4002
1922151528,291.140649,-75.42116132,-0.11012,,18.4895,17.682501
1922152296,291.1035916,-75.3571705,-0.056387901,,18.4653,17.6201
1922154139,291.2454812,-75.05237489,0.28433001,,18.188601,17.309999
1922155265,291.2333054,-74.88139962,0.28616399,,18.5158,17.6371
1922155774,291.2619841,-74.69749843,0.138565,,18.558201,17.6644
1922155775,291.2464333,-74.69055022,0.12855101,,18.2871,17.4398
1922155800,291.1398603,-74.67606251,0.31108299,,18.495199,17.6392
1922192422,291.1521635,-74.54560549,0.057447501,,18.798401,17.926001
1922196280,291.0807447,-74.23794664,0.068954997,,18.6521,17.801201
1922199537,291.0951346,-74.15071548,-0.179483,,18.6208,17.940901
1922146100,293.0460351,-75.50588298,0.107265,,18.680599,17.804199
1922147019,293.2185235,-75.32660429,0.236835,,18.6262,17.728001
1922156797,293.2066994,-74.98623892,0.16267,,18.546,17.634399
1922158008,293.0359435,-74.76889697,-0.079996899,,18.893999,18.004
1922197190,293.0494322,-74.10621654,0.048717599,,18.533899,17.6415
1922154349,290.9989718,-75.02729139,-0.55069399,,19.3225,18.485701
1922197406,293.1719081,-74.06508998,-0.16736101,,18.8908,17.995199
364112254,289.203029,-75.86763473,2.8306799,,12.1074,11.1703
404191865,294.8220985,-75.81647954,2.3559799,,12.3579,11.4899
469820909,300.7601302,-75.81951987,2.25684,,12.5488,11.7855
340903471,294.4948194,-74.01421518,2.01774,,13.0782,12.3025
340903518,294.7020587,-74.05773188,1.02887,,13.4727,12.7033
340903882,294.6104511,-74.5397663,1.17881,,13.4418,12.6996
340927459,294.422316,-75.09881842,1.2143101,,13.5783,12.8678
340927611,294.4044277,-75.35478806,1.19578,,13.1192,12.2316
340927664,294.6318959,-75.44235019,1.68918,,12.9998,12.2635
396211294,300.2839356,-75.35456204,2.00843,,13.2657,12.3558
364111341,289.014653,-74.5327815,0.72077,,14.0454,13.2326
396211321,300.3241341,-75.3146365,0.93189001,,14.2059,13.2859
469821824,300.6331004,-74.04835933,0.415196,,16.0546,15.3359
364110956,289.0498691,-74.0393618,0.225578,,16.673599,16.0627
364111198,289.0407475,-74.35131986,0.20368101,,17.746901,16.8405
340903905,294.5294352,-74.57264373,0.37969801,,15.3347,14.705
340903657,294.3954216,-74.23050889,0.0180212,,15.9295,15.3561
364111208,289.1260117,-74.35649579,0.58055902,,16.285299,15.3575
364111357,289.1051795,-74.55426779,0.54139799,,15.9111,15.0084
396215648,301.0975682,-74.45047877,0.47741899,,18.194599,17.2794
364111358,289.0695308,-74.55558231,0.43194899,,15.8829,15.0328
340903759,294.3202771,-74.37516439,0.46007001,,16.230801,15.3635
340903854,294.6667765,-74.51259255,0.477938,,16.001301,15.1851
340903943,294.6650703,-74.64760762,0.45357999,,16.101,15.2613
340904012,294.4980707,-74.73211759,0.40563199,,16.1528,15.2844
340927410,294.6462863,-75.03266909,0.53306198,,16.342199,15.4527
404191920,295.0574263,-75.91404266,0.339295,,16.371201,15.4336
469872956,303.3129383,-74.27066319,0.447377,,18.3524,17.4979
364115588,289.5471302,-74.6691751,0.51143998,,18.219101,17.3412
469820907,300.9330673,-75.82152865,0.490235,,16.116501,15.347
364111519,289.0315112,-74.76977595,0.82575899,,14.7271,13.9131
1922138417,290.7215615,-75.97416091,-0.38495699,,19.611799,18.7164
364112301,289.1469401,-75.93689816,1.11374,,15.0176,14.1226
340903552,294.5033866,-74.10047746,1.1734101,,14.5586,13.7435
340903651,294.6684502,-74.226436,0.72338402,,14.9815,14.2059
340903909,294.6633642,-74.58319381,0.95866603,,15.2941,14.4324
1922138419,290.739147,-75.95924126,0.0134842,,19.7113,18.862301
1922138996,290.749698,-75.79495981,0.34807801,,19.3792,18.6231
404191787,294.9594588,-75.67279977,0.94347697,,14.3289,13.4633
404191822,294.8329834,-75.73468644,2.1791999,,14.2366,13.3788
396211116,300.5559193,-75.5948213,0.78324199,,14.2297,13.4322
469821182,300.7601222,-75.29538552,0.996185,,14.1607,13.2509
1922151012,290.7029611,-75.63585606,-0.193911,,19.4126,18.651501
1922151016,290.8292806,-75.63582808,0.50315201,,19.0966,18.3246
1922151051,290.9643785,-75.60800859,0.102133,,19.7339,19.000099
1922152192,290.7420736,-75.42120042,0.22024401,,19.7243,18.8225
1922152254,290.6274475,-75.38857495,0.062478699,,18.994499,18.179701
1922152257,290.6224923,-75.38140355,0.23319,,18.7435,17.9277
1922152263,290.7484141,-75.35510327,0.25375801,,18.8421,17.934601
364111864,289.173086,-75.25031731,0.83938599,,15.3411,14.5038
364111885,288.993549,-75.27608304,1.01045,,14.8002,14.0247
340903534,294.3329173,-74.07773179,0.931454,,15.0435,14.1543
1922152464,290.6693916,-75.31395468,0.291015,,19.623899,18.733
1922153580,290.8138694,-75.21623006,0.53236997,,18.028,17.2904
1922153582,290.8801196,-75.20515511,-0.34178099,,19.4266,18.6751
1922153598,290.7783094,-75.18966621,-0.43736801,,19.1157,18.368401
1922153996,290.6031404,-75.03476312,-0.115443,,20.0578,19.3132
1922154018,290.7862289,-75.00707037,0.39509699,,19.15,18.3372
1922154918,290.5347793,-74.9226477,0.18110099,,19.766899,18.8825
1922155534,290.7795471,-74.82789471,0.32106701,,19.2313,18.553499
1922155619,290.6474423,-74.80576514,0.15055101,,19.2108,18.371901
1922192131,290.7403585,-74.71402976,0.035998199,,19.1173,18.392401
1922192159,290.7850948,-74.69875516,0.22924,,19.0651,18.268499
1922192189,290.7164295,-74.70092464,-0.67339301,,20.308701,19.508101
1922192240,290.7882539,-74.65681393,0.45142999,,18.878599,18.105499
1922192506,290.6851504,-74.59178799,0.049412601,,18.719999,17.9979
1922192601,290.971102,-74.58065315,0.35300401,,18.935499,18.094299
340927833,294.3388631,-75.71916661,0.757541,,15.1875,14.2604
396211225,300.2231623,-75.45055343,0.67268401,,15.3441,14.4121
1922193221,290.8140453,-74.42465793,0.52529901,,18.179399,17.403999
1922193437,290.641665,-74.36482676,0.44848099,,19.4835,18.5954
1922193442,290.7664763,-74.35245801,0.497392,,18.4104,17.5916
1922193506,290.5714214,-74.34041289,0.37386701,,18.603901,17.7768
1922193547,290.7973417,-74.29411969,0.30665001,,19.124399,18.309799
1922193551,290.8087039,-74.29108829,-0.090939403,,19.3304,18.576799
396215577,301.3290858,-74.57249552,1.09552,,14.2312,13.4148
396215693,301.3649659,-74.37822444,0.72399998,,14.6547,13.8357
1922193825,290.776067,-74.23166001,0.046712101,,19.6831,18.913099
1922193827,290.7913774,-74.22989592,0.37436599,,18.499901,17.649599
1922139293,292.0222332,-75.89691749,-0.263293,,20.570601,19.6481
1922121357,295.4244352,-75.99681745,0.0299644,,19.336,18.5641
1922121360,295.5046004,-75.98894988,0.29483899,,18.7843,17.8388
1922121390,295.6466968,-75.95166468,0.67109799,,19.7838,18.8389
1922121395,295.7397539,-75.94198852,-0.18776099,,19.784901,18.934799
1922122150,295.3920515,-75.92950984,0.14046399,,20.051201,19.1147
1922122253,295.4195973,-75.83663223,-0.134938,,19.6301,18.856701
1922123953,295.5387192,-75.74499776,-0.0189975,,19.718201,18.8902
1922123956,295.6452659,-75.74430248,0.076385804,,18.822001,18.1947
1922143794,295.3734155,-75.56734318,-0.0172223,,19.7293,18.946699
1922144644,295.2435088,-75.42276928,-0.173664,,20.1467,19.3146
1922144815,295.4788377,-75.34988909,0.22175799,,18.511,17.732
1922144804,295.3665321,-75.36354833,-0.20074201,,19.750401,18.9487
1922144833,295.4060377,-75.33381543,0.067112498,,19.1441,18.2446
1922144834,295.4187971,-75.32748456,0.385793,,19.2908,18.4352
1922145082,295.4743732,-75.24952384,-0.060782701,,20.030701,19.2868
1922145166,295.4554168,-75.18564513,0.15614299,,19.642401,18.761299
1922148780,295.5060057,-75.03417805,-0.201901,,19.0368,18.2547
1922149759,295.4025972,-74.81640801,-0.035644501,,19.5179,18.644899
1922149762,295.6619438,-74.86471331,0.389364,,18.5329,17.7644
1922149970,295.3361132,-74.79922532,-0.045722902,,20.361799,19.479601
1922150147,295.477785,-74.70506583,0.35245201,,18.5798,17.862301
1922150149,295.5889707,-74.69170277,0.23144799,,18.614201,17.8353
1922150165,295.4051994,-74.68027206,0.54268801,,19.334,18.571501
1922158916,295.5340796,-74.61276422,-0.61550403,,20.005301,19.298401
1922159000,295.5774406,-74.5207462,-0.36536801,,20.006399,19.1842
1922159201,295.4450704,-74.49457776,0.163615,,19.0212,18.289301
1922159257,295.3988718,-74.46862905,0.61194199,,20.097099,19.212299
1922159258,295.437386,-74.45353147,-0.151522,,19.8459,18.9814
1922159261,295.258337,-74.48510752,-0.096924499,,19.9431,19.1775
1922159265,295.2402105,-74.47324047,0.417083,,19.249001,18.3547
1922177170,295.401032,-74.35976332,0.148819,,19.3519,18.481701
1922177166,295.4039335,-74.3820978,0.27096,,19.344999,18.529699
1922177431,295.3256713,-74.297698,-0.45474499,,20.1709,19.2764
1922177497,295.4332406,-74.22156031,0.0555388,,19.399401,18.5182
1922177498,295.4948459,-74.22257822,0.234733,,20.3139,19.492599
1922177493,295.4104768,-74.23568948,0.53863698,,19.589701,18.703899
1922180641,295.3084645,-74.14725558,-0.380346,,20.1143,19.2936
469821666,300.6781009,-74.33064791,0.372361,,16.8162,15.9289
1922180806,295.474117,-74.06574837,0.39000401,,19.099701,18.2353
364114700,289.4615016,-75.88722622,0.42172199,,17.0331,16.125299
340903618,294.6757204,-74.1829907,0.361545,,16.2705,15.394
396212035,300.1988712,-74.16810455,0.133606,,17.1604,16.363899
1922181037,295.4001474,-74.0144474,0.27748299,,19.8647,19.0711
1922120193,297.6152824,-75.79451396,0.137143,,19.2346,18.389
1922120241,297.6162255,-75.76391163,0.39438599,,19.325899,18.4856
364111663,289.0166926,-74.96344047,0.44657701,,15.7632,14.9186
469821668,300.8498875,-74.32422263,0.152659,,17.209101,16.5028
340903533,294.4296372,-74.0775398,0.34387699,,16.710699,15.8806
340927952,294.4279833,-75.91979019,0.219366,,17.1292,16.2164
1922129482,297.5984191,-75.65364379,-0.45629501,,20.4375,19.4979
364111259,289.1743652,-74.41879885,0.278225,,17.025,16.091101
364111770,289.0706658,-75.13155681,0.27448201,,17.005199,16.150801
340903536,294.6895495,-74.08168684,0.26630601,,16.5748,15.7374
1922129682,297.5136466,-75.56005871,-0.099891797,,20.1059,19.166401
469821671,300.7389621,-74.32236663,0.42982301,,15.3692,14.6053
1922165367,297.5263065,-75.16764346,-0.0042089,,19.538799,18.724701
1922165460,297.5672847,-75.07504703,-0.099976003,,19.009001,18.3165
1922166002,297.5699257,-75.04290337,0.30829599,,19.087299,18.273899
1922166005,297.6437967,-75.0261458,-0.092694797,,19.77,18.9384
1922166095,297.5238206,-74.97121403,0.417124,,20.1591,19.259701
1922166097,297.4634473,-74.97874819,-0.29625899,,19.3172,18.581699
1922166100,297.5301059,-74.9563282,0.118173,,18.8244,18.0571
1922166873,297.5475266,-74.92259882,0.32301,,18.713699,17.8514
1922166910,297.6965846,-74.88589698,0.32691699,,19.296301,18.4314
469821266,300.8839944,-75.11127698,0.62209302,,15.7683,14.8361
1922166938,297.7344352,-74.84408693,0.41888899,,17.9561,17.136299
1922166986,297.6880718,-74.81796969,0.064384803,,20.096001,19.2673
1922166998,297.6203015,-74.81596276,-0.235062,,19.5354,18.6646
1922167289,297.4554651,-74.70632004,0.60721201,,19.578199,18.7246
1922167305,297.7311404,-74.75727303,-0.0468385,,19.6842,18.9949
1922170256,297.5845887,-74.61997606,0.30175,,20.0399,19.201599
1922170258,297.5794512,-74.61573991,0.150784,,18.8255,18.007401
1922170259,297.5830453,-74.61192506,0.28728601,,18.131701,17.398199
340927458,294.5362319,-75.0968683,0.51487899,,15.8677,15.0198
1922170365,297.5358811,-74.5555359,0.45944899,,19.601101,18.7679
340927627,294.365975,-75.38600509,0.32854199,,16.1089,15.3334
1922172784,297.5407067,-74.39835094,0.0040704599,,20.0366,19.203699
1922172785,297.5228351,-74.39319102,-0.36481899,,20.330999,19.5152
1922172897,297.636471,-74.27315149,-0.076075099,,19.403099,18.5583
340927643,294.5291461,-75.40441228,0.369946,,16.3612,15.5217
1922173100,297.588059,-74.22007844,0.0020362099,,18.8654,18.2792
1922173107,297.6454723,-74.20284698,0.116496,,19.746401,18.9321
1922178534,297.5495031,-74.0225249,0.0308105,,19.6894,18.901699
340927605,294.4201868,-75.34545793,0.72224098,,16.320801,15.418
340927912,294.4599263,-75.85265261,0.203747,,16.5187,15.6642
340927917,294.3267008,-75.85909539,0.31751001,,16.470699,15.5157
1922127197,298.3972286,-75.81740182,0.087945998,,19.339199,18.6343
404191872,294.9318296,-75.83897412,0.45739499,,16.281,15.3547
1922128218,298.4156582,-75.65580202,0.0414434,,19.118099,18.308901
1922129594,298.3534982,-75.50414788,-0.40413299,,19.8713,19.1628
364111857,288.9790635,-75.2430674,0.26308501,,16.643499,15.8041
1922131018,298.3519003,-75.24703854,0.286383,,20.2707,19.3465
1922131383,298.4398408,-75.08649018,-0.56455499,,19.979601,19.2111
1922131363,298.5006012,-75.10479271,0.18194801,,19.745399,18.900299
1922131430,298.3610232,-75.08143039,0.38801199,,20.039101,19.1236
1922165986,298.2047456,-74.93646935,0.156561,,19.4049,18.5735
404191830,294.8519725,-75.74399491,0.36768699,,17.082899,16.415701
1922167780,298.4242848,-74.79369631,0.53496701,,19.1392,18.223499
1922167782,298.3653997,-74.79386347,0.13549601,,19.1514,18.2493
1922168572,298.3831065,-74.64707885,-0.19207001,,20.319901,19.417101
1922168774,298.2755219,-74.63022074,0.64454901,,19.309601,18.4272
1922168917,298.3470398,-74.52883275,0.178997,,18.912701,18.068899
396215145,301.1138099,-75.24542208,0.27559099,,16.8598,15.9909
1922171969,298.1547037,-74.44648798,0.408829,,19.292299,18.386101
1922171990,298.1925454,-74.41340165,0.182577,,18.8009,17.987801
1922171999,298.3874784,-74.3840327,-0.68615401,,19.344101,18.5049
1922172599,298.4458733,-74.21110807,-0.076948799,,18.951401,18.1759
1922173315,298.3340026,-74.17607379,0.222454,,18.9799,18.117701
1922173323,298.3705307,-74.1536848,-1.27189,,20.695999,19.849501
1922173627,298.3444153,-74.03162669,0.392304,,18.374001,17.603701
1922168034,299.1420482,-74.6977471,0.33347499,,18.3424,17.5562
1922168039,299.360197,-74.68407543,0.32203099,,19.6059,18.679701
469821026,300.878901,-75.59666831,0.045543302,,18.2026,17.412001
1987891604,300.9290764,-75.34173544,-0.371867,,20.693399,19.7782
1987891608,300.8367243,-75.33287243,0.117593,,19.0686,18.500601
1987901123,300.7818307,-74.1941052,-0.33072901,,20.688999,19.8202
1987881773,300.958,-75.83058848,0.033941001,,19.1854,18.305401
1987894095,300.8711904,-74.94690848,-0.363361,,19.462799,18.6415
1987894100,301.0214142,-74.95946244,0.198521,,18.8312,17.9848
1987896686,300.8815585,-74.89868251,-0.256421,,19.6287,18.724199
1987897065,300.7759693,-74.7010956,-0.60873002,,19.6661,18.874201
1987897727,300.7675034,-74.62118066,0.26014501,,18.972401,18.0581
1987898414,300.99335,-74.406476,-0.311369,,19.273399,18.4576
1987901314,301.0206276,-74.07502381,-0.047234099,,19.422001,18.551001
1987883629,303.0359393,-75.9111443,0.75342,,19.522301,18.582899
404191676,295.0957219,-75.4765326,0.331532,,17.2169,16.365299
1987883665,303.1234238,-75.86872639,0.126479,,19.178301,18.2425
1987883707,303.1258099,-75.86629587,0.20037,,18.702801,17.857901
1987884509,302.9818987,-75.74092474,0.47836801,,19.731199,18.8547
1987884468,303.0549707,-75.75861992,0.15937001,,19.792101,18.909201
364111924,288.8640135,-75.33756967,0.37619501,,17.5037,16.6646
1987884774,302.8077694,-75.65429946,-0.60176098,,19.9793,19.178699
1987884820,302.9948584,-75.57973427,0.106251,,19.252501,18.478901
1987885126,303.1080274,-75.5407898,0.35521099,,19.080099,18.182199
1987885140,303.1956095,-75.50660919,-0.094674699,,19.797899,18.8822
1987885159,303.3509149,-75.49082293,-0.66134399,,19.638,18.821301
340927948,294.3991813,-75.90925872,0.56804502,,17.0026,16.1541
1987887640,303.1480955,-75.47766137,0.14715099,,19.123699,18.191999
1987887645,303.013322,-75.49020388,-0.087408498,,19.969,19.0611
1987887691,303.3181528,-75.39866932,0.165969,,19.9736,19.041599
364111374,288.9503601,-74.57182498,0.257357,,17.451799,16.6513
1987887694,303.2821796,-75.3905006,-0.38291299,,19.478201,18.7012
1987887748,303.075644,-75.38541022,-0.38622499,,19.9175,19.096901
364112191,289.14072,-75.75789207,0.183493,,18.1371,17.304399
1987888740,303.0503616,-75.20803814,0.40581599,,18.887699,18.107599
404191632,294.8077366,-75.38089706,0.25900599,,17.6609,16.7376
404191925,295.0521237,-75.92321498,0.32591799,,17.5131,16.5917
404191975,294.7428444,-75.98912401,0.24581499,,18.438601,17.522499
1987888835,302.9864773,-75.11182608,-0.98947698,,19.914301,19.0653
1987888818,303.1421713,-75.12301001,0.37636599,,19.389299,18.488001
396210857,300.3884946,-75.98819193,0.134739,,17.938999,16.987101
1987890108,303.2347821,-75.08728869,0.336611,,19.012501,18.110701
364111391,289.1174511,-74.59385317,0.240049,,17.6096,16.882401
364112185,288.8658156,-75.74207771,0.24229901,,17.5415,16.7458
340903708,294.5610924,-74.30015975,0.118219,,17.7057,16.8328
340903988,294.4524079,-74.688585,0.115916,,18.118401,17.3202
340904019,294.4049995,-74.74922235,0.24076401,,18.212,17.454901
1987890364,303.0912217,-74.98221977,-0.035691101,,19.3302,18.4946
1987890366,303.0512798,-74.97350425,0.259817,,18.728701,17.9725
404191878,295.0888594,-75.85058357,0.37831599,,17.6271,16.704399
396211604,300.5365379,-74.8618357,0.32855701,,17.609301,16.811899
1987894793,302.8681893,-74.89940631,0.208032,,20.005199,19.160299
1987894761,303.1697062,-74.8773693,0.125305,,18.787901,17.972601
1987894765,303.2144553,-74.87253002,0.18144,,19.264999,18.510599
1987894787,303.174541,-74.84278831,-0.0074675102,,19.322001,18.6616
1987894844,303.1078856,-74.83486582,0.338956,,18.479401,17.595501
1987895002,302.9609,-74.8005885,-0.072057404,,19.365999,18.504299
340927406,294.3747502,-75.03105906,0.216574,,17.2969,16.3829
396210876,300.2003016,-75.95678221,0.227375,,17.275801,16.3379
396211199,300.3320581,-75.49481179,0.214231,,17.4587,16.588301
364110997,289.0362323,-74.09561836,0.235745,,17.4126,16.5284
364111767,289.1382573,-75.12976567,0.13161799,,17.3372,16.460501
364112085,288.8173476,-75.58753296,0.33832401,,17.1901,16.3307
396215142,301.3310386,-75.24920977,0.43649799,,17.308599,16.399099
364111161,288.9979763,-74.31237905,0.28285,,17.410101,16.5499
1987895876,303.0980898,-74.60655196,0.116103,,19.270599,18.3948
1987895877,303.1194142,-74.60267244,0.064980596,,19.7132,18.958599
1987895904,302.8183375,-74.61163499,0.163325,,19.6917,18.8417
1987895928,302.9817095,-74.57598213,0.00165793,,20.373301,19.4867
340903620,294.4765494,-74.18781512,0.27785599,,17.347099,16.4666
1987895943,302.9070079,-74.56921781,-0.0229668,,19.150499,18.299999
340927848,294.311511,-75.73122678,0.185314,,16.579599,16.142799
364111384,289.1445058,-74.58820321,0.0784197,,17.426399,16.5737
364112140,289.0061616,-75.67492212,0.198429,,17.3925,16.528099
1987896481,302.9392287,-74.44673405,0.0471307,,18.5366,17.9189
1987896458,303.1800174,-74.44003864,0.34510499,,19.535299,18.8029
1987896478,303.2356737,-74.38654665,0.109286,,20.121,19.3179
1987896514,303.2096742,-74.37787507,0.59841299,,18.794701,17.902
340903805,294.5137185,-74.43708289,0.39430299,,17.6087,16.7355
340927626,294.3488301,-75.38494014,0.178984,,17.738199,16.8255
340927660,294.4727772,-75.43624596,0.20779499,,17.3556,16.598499
340927814,294.3987439,-75.68718679,0.120633,,17.705999,16.762199
1987896519,303.0954774,-74.36432693,0.27427801,,18.994801,18.186501
1987896521,303.079907,-74.35739601,-0.54283297,,20.112801,19.237801
1987896524,303.103729,-74.35644938,0.0146268,,19.636801,18.8398
404191692,294.7173054,-75.49974061,0.171184,,17.351999,16.438
1987899105,302.9712089,-74.32637092,0.29747799,,19.709,18.944201
1987899109,303.0470311,-74.312623,-0.22156601,,19.8279,18.998301
1987899236,303.0480551,-74.22768738,0.32835999,,18.656601,17.9317
1987899191,303.3859859,-74.24292577,-0.27419001,,19.6919,18.9221
340927631,294.5456564,-75.39232795,0.22269601,,16.5207,15.6582
396212039,300.5222966,-74.16159003,0.32047001,,16.631399,15.7831
1988041106,303.1919084,-74.0556328,0.137356,,19.5518,18.672899
1988041744,303.1449189,-74.01502323,0.21902201,,19.128901,18.323099
396211804,300.208088,-74.51715446,0.36717799,,16.9904,16.0909
364112022,289.0599136,-75.50027081,0.309039,,17.126499,16.2561
364112100,288.9113798,-75.60633862,0.50681502,,16.813801,15.9465
364111834,289.1926377,-75.21343543,0.28564799,,17.9932,17.1609
340903466,294.3099272,-74.00977248,0.40343401,,18.0604,17.1665
340903468,294.3237612,-74.01013622,0.31852901,,18.209299,17.3367
340903858,294.4709199,-74.51561053,0.168999,,17.7952,16.9862
340927461,294.7066876,-75.10223603,0.18882699,,18.095699,17.219299
340927839,294.3860671,-75.72301596,0.25449401,,18.046101,17.1364
340927951,294.454266,-75.91934289,0.28658,,18.1828,17.254299
396211054,300.3092398,-75.67488367,0.154128,,17.869301,16.9704
364111626,289.1521779,-74.91160326,0.187397,,17.809,17.0054
469821849,300.7427764,-74.00210476,0.33826101,,17.707701,16.801701
364111287,288.9107048,-74.46167771,0.305134,,17.8736,16.979099
364111498,288.8917739,-74.74181325,0.260533,,17.488501,16.8204
340903747,294.4377446,-74.35432022,0.40222099,,17.4443,16.641001
340903757,294.6951846,-74.37226318,0.0261489,,17.5886,16.7052
340903989,294.5959553,-74.6898517,0.37488699,,17.9641,17.059999
340927345,294.4847522,-74.92716796,0.13905101,,17.968599,17.073299
340927682,294.4664375,-75.46197006,0.13682,,17.869499,16.999201
404191821,294.7872269,-75.73310664,0.34228599,,17.585501,16.6698
364112304,289.1305521,-75.9457569,0.140058,,18.104099,17.326099
396211201,300.2051408,-75.49170302,0.50274801,,17.463301,16.569201
340927414,294.3137788,-75.03646479,0.050557401,,18.247499,17.374399
404191779,294.7066284,-75.66062769,0.016321801,,18.2397,17.479401
396211112,300.1628386,-75.60408125,0.32997,,18.4636,17.5033
364111865,288.9035743,-75.25204847,0.320416,,18.0014,17.167601
340927578,294.4676644,-75.30617927,0.079529501,,18.4398,17.619801
340927734,294.5082451,-75.56509161,0.167318,,18.471399,17.550501
404191636,294.8844849,-75.38740317,0.31368601,,17.951401,17.205999
404191690,295.0374804,-75.49431549,0.165907,,18.1749,17.2563
364112211,289.0801953,-75.80886675,0.138877,,17.821301,17.1056
396211115,300.548252,-75.59531641,-0.198516,,18.494499,17.651199
396212030,300.2355806,-74.18318512,0.025927899,,18.177999,17.2915
364112186,288.9935622,-75.74338346,0.148397,,17.686501,16.981501
364112138,289.0139706,-75.67107267,0.184879,,18.0574,17.187401
340927846,294.5319543,-75.72836186,0.157004,,18.3382,17.4223
340903982,294.6492066,-74.68306112,0.18576901,,17.119699,16.4034
364111361,288.929295,-74.56054673,0.253093,,17.9004,16.996799
396212096,300.2203602,-74.08121676,0.142013,,17.601801,16.848101
396210897,300.2887277,-75.91907167,0.27465099,,16.803801,15.8844
1922152361,290.8717635,-75.33996506,0.240962,,18.415199,17.499599
1922143991,295.9750657,-75.42841631,0.169285,,18.166901,17.2936
1922149836,295.8322375,-74.77080538,0.41171899,,16.971901,16.0989
1922176042,295.7200837,-74.5525113,0.15868101,,18.419901,17.5467
1922177361,295.8390535,-74.24689139,0.10641,,18.2792,17.413
1922129581,298.4476841,-75.51153609,0.088794,,18.1028,17.4189
1922132215,299.1650748,-75.03789707,0.0838264,,18.350401,17.439301
1922128426,298.867797,-75.59510917,0.32652801,,18.129801,17.2936
1922151090,290.9881262,-75.55365182,0.172343,,18.9021,17.993
1922151316,290.9011012,-75.53021651,-0.0171222,,18.5896,17.6985
1922152566,291.0019562,-75.28406859,0.090503201,,18.5835,17.681299
1922192258,290.8829773,-74.6146998,0.077425301,,18.3167,17.5147
1922192291,291.0972394,-74.63158088,0.125903,,18.433399,17.5401
1922192357,291.0150582,-74.61386536,0.072499797,,18.344999,17.4846
1922199903,291.0086912,-74.02752833,0.068446897,,18.7945,17.9832
1922124177,295.816339,-75.61402006,0.14303499,,18.802999,17.924801
1922148559,295.8414824,-75.02579764,0.243705,,18.5921,17.7258
1922177378,295.7942818,-74.21509853,0.141496,,18.577801,17.803101
1922129834,298.1841241,-75.43424932,0.32156101,,18.465099,17.5103
1922127422,299.1981614,-75.78794583,-0.130061,,18.066999,17.182501
1922127358,299.3374248,-75.83088586,0.12545601,,18.3002,17.5495
1922168649,298.7198427,-74.60008569,0.247151,,18.480101,17.5702
1922172762,298.8553876,-74.0965645,0.235504,,18.7307,17.839001
1987882796,300.8006291,-75.61014849,0.093594998,,18.470699,17.5425
1987898005,300.7671592,-74.50699906,-0.215415,,19.327499,18.4144
1922127151,298.3117171,-75.88353211,-0.016694199,,19.2139,18.2791
1922129646,298.3130846,-75.4806843,0.0171388,,19.164,18.214399
1922130403,298.8009039,-75.19242959,-0.31099901,,19.1161,18.2782
1922140627,291.1063125,-75.73375612,0.0133496,,19.0401,18.182501
1922199825,291.0828573,-74.06742965,0.101035,,18.895399,18.074699
1922124179,295.8711622,-75.60549261,0.063439898,,19.157,18.2628
1922124182,295.9951119,-75.59333298,-0.0355087,,19.247499,18.3888
1922149909,295.7856278,-74.74696821,-0.053110201,,18.723301,17.917801
1922127695,299.1372743,-75.66978018,-0.18701801,,18.619101,17.683201
1922128848,299.9339114,-75.67626446,0.26259699,,18.734301,17.7866
1922132272,299.1018741,-75.00424696,-0.0077685299,,18.9018,18.049601
1922127032,298.7489293,-75.89458971,-0.00271164,,18.6791,17.886299
1922132183,298.8721854,-75.09417065,0.077754803,,18.7397,17.826799
1987891443,300.8631782,-75.39350477,0.157933,,18.6982,17.883801
1987891712,300.991169,-75.26507477,-0.28595099,,18.9851,18.060301
1922124185,295.9469036,-75.59796835,-0.141908,,19.4832,18.5902
1922143632,295.8547016,-75.60331795,-0.46529499,,19.4468,18.601101
1922128205,298.3143426,-75.68779094,-0.17507599,,18.9181,18.0895
364115180,289.3074598,-75.2094445,1.00993,,13.4361,12.7384
423266861,298.8652285,-74.2631393,3.3676,,11.5897,10.7191
469820920,300.8484883,-75.80405782,1.43538,,13.3546,12.4709
469821835,300.9307965,-74.03381549,1.48127,,13.2439,12.4371
364114737,289.2761938,-75.8307927,1.82069,,12.7299,11.9521
466691581,296.3467729,-74.49881386,1.1250401,,13.2827,12.6683
404194951,298.2755628,-74.12473787,1.24524,,12.8088,12.2062
364115612,289.4271657,-74.63091338,1.26719,,13.7438,12.959
364115737,289.2588579,-74.46673159,1.08592,,13.9525,13.1363
404194702,298.54436,-74.53750518,0.32615301,,17.3002,16.4093
404194898,298.3000323,-74.20598077,0.63661599,,15.829,14.9468
404194899,298.4443056,-74.20596299,0.41393799,,16.537399,15.6434
396214762,301.1768053,-75.87983278,0.25818899,,16.8388,16.055599
423266344,299.0050686,-75.32610062,0.31791499,,14.323,13.8523
404194181,298.562602,-75.38030548,0.52085,,16.0035,15.0671
404194653,298.4489438,-74.62534752,0.33447301,,16.535101,15.6266
364115453,289.3581553,-74.84632499,1.00793,,14.8149,13.9419
364116030,289.4874798,-74.07557606,0.72555703,,14.6343,13.8888
466690975,296.3254649,-75.64914896,0.75779998,,16.0502,15.149
423266749,298.6787848,-74.4904256,1.0729899,,13.8633,12.9482
469821314,300.8951813,-74.99191373,0.64582598,,15.5326,14.6566
364114985,289.4741937,-75.47371814,0.55774999,,15.7751,14.8736
364115106,289.2513963,-75.30699743,0.54135901,,15.7751,14.9603
364115231,289.4800162,-75.13488768,0.48817801,,15.5253,14.6411
364115688,289.3466606,-74.53478816,0.67100501,,15.1459,14.2844
364116077,289.2347389,-74.01679893,0.56398898,,15.8644,15.0167
466691495,296.6537325,-74.65780432,0.57380801,,15.6333,14.8101
423266097,298.8790095,-75.86699182,0.497998,,15.7516,14.8687
423266644,298.7813875,-74.69779708,0.56632203,,15.9111,14.9736
396211643,300.2112903,-74.78836734,0.78342903,,14.9666,14.0581
404194647,298.2833166,-74.63576857,1.1318099,,13.5017,12.6668
469821016,300.9086156,-75.61729776,0.350822,,17.0916,16.1775
364114643,289.515903,-75.96709542,0.363078,,17.3323,16.505899
404194020,298.3765542,-75.711647,0.357086,,17.153601,16.222799
404194895,298.5253415,-74.20979115,0.071098998,,17.1553,16.264601
364115290,289.2176029,-75.06616448,0.26225799,,16.5839,15.7757
466691006,296.3849825,-75.60113161,0.39916301,,16.932501,16.058399
466690977,296.5918764,-75.64413333,0.321758,,17.006901,16.140699
364115261,289.4969371,-75.09451962,1.52493,,13.9458,13.0675
469873075,303.1046696,-74.072876,1.21259,,14.3233,13.5259
469872926,303.1114329,-74.33165502,0.62929499,,14.3511,13.7071
469873074,302.9793779,-74.07468095,0.77180499,,15.7744,14.8912
364115317,289.2379015,-75.0227552,0.36523399,,15.6508,15.0078
404193944,298.4577342,-75.85063258,0.58811003,,16.5644,15.6301
364115184,289.515096,-75.19974874,0.38435301,,16.647699,15.7595
364115150,289.3562859,-75.24888871,0.432944,,16.4491,15.6266
364115378,289.2786685,-74.94788232,-0.122133,,17.428301,16.694401
364114743,289.4454831,-75.81944031,0.269858,,17.614201,16.702299
469820927,300.8939004,-75.78679793,0.30123901,,17.965401,17.1127
404193965,298.2361614,-75.80091871,0.25976899,,18.215799,17.378401
404194244,298.4957236,-75.27432812,0.235926,,16.850599,16.356701
423266752,299.0367304,-74.48694455,0.31008101,,16.8246,16.101601
466691586,296.2748802,-74.49081863,0.30804899,,17.0791,16.266001
364115033,289.3440036,-75.3977953,0.31463701,,18.1604,17.3307
466690855,296.5625072,-75.92137979,0.335033,,17.9772,17.0219
466691609,296.308723,-74.45022576,-0.100021,,17.816799,16.9326
404194246,298.463611,-75.26771985,0.203784,,18.145599,17.265699
404194817,298.6037717,-74.31096931,0.38468099,,17.7397,16.853901
423266168,298.813966,-75.71634399,0.36157799,,17.8008,16.8992
466691074,296.3278013,-75.44773576,0.209122,,17.806999,16.964399
466691282,296.4256547,-75.06006425,0.206926,,17.4184,16.533701
466691806,296.2746154,-74.14009168,0.143766,,17.6199,16.7791
404194734,298.5023222,-74.48014079,0.316865,,17.8521,16.965401
364115539,289.2619153,-74.72403158,0.136296,,17.167299,16.2861
364115069,289.4386474,-75.35175277,0.217114,,17.353201,16.4825
364115999,289.4229348,-74.10968743,0.17341401,,17.4568,16.5513
466690957,296.5689152,-75.67632619,0.188449,,17.337799,16.426901
364115185,289.3038429,-75.19973034,0.19193999,,17.3622,16.5023
364115319,289.3490386,-75.02062301,0.29152101,,17.4739,16.6346
466691411,296.3758362,-74.80624657,0.179737,,17.0681,16.256001
364114689,289.2657681,-75.90389051,0.34792799,,16.670401,15.7706
364115257,289.3857422,-75.10247205,0.116772,,17.0061,16.2069
364115609,289.5419048,-74.63422555,0.29804501,,16.8599,16.0026
364116071,289.5779903,-74.02278428,0.192102,,17.0187,16.2621
466690815,296.4319653,-75.98068339,0.45297199,,16.8181,15.9504
364115030,289.2074632,-75.40190432,0.304759,,16.8153,16.152201
364115178,289.2172603,-75.21176467,0.27647701,,17.0613,16.209299
364115615,289.5129501,-74.62342509,0.315339,,18.049601,17.181801
364115938,289.4847015,-74.19412482,0.152299,,17.388201,16.9422
404193943,298.4108974,-75.85163483,0.250765,,17.842899,16.9758
404194740,298.5711519,-74.46765862,0.098298497,,17.8876,16.9753
396215877,301.3389283,-74.11061432,0.087757803,,17.890301,17.0023
364114946,289.3293518,-75.51285239,0.38931099,,17.474199,16.6877
364115229,289.3473268,-75.1378578,0.073438503,,17.862,16.992701
364115320,289.2217612,-75.01613252,0.230544,,17.707399,16.918301
364115384,289.5498875,-74.94216511,0.275994,,17.4879,16.6465
466691329,296.4631221,-74.96554037,0.135759,,17.6826,16.859301
466691745,296.630584,-74.23804652,0.149147,,17.677999,16.8514
364114645,289.3194553,-75.96296772,0.38027301,,17.508699,16.7659
469821744,300.7264841,-74.17676879,0.087843403,,18.082001,17.290199
364116026,289.2310253,-74.07812819,0.095445499,,18.375799,17.475201
466690814,296.5577895,-75.98151695,0.0279803,,18.056101,17.108601
466691327,296.7054327,-74.97162464,0.00530509,,18.0299,17.211901
423266759,298.8860039,-74.48197337,0.31679001,,17.8162,17.067301
396215675,301.1781453,-74.3989653,-0.0368619,,18.2819,17.4942
404194578,298.4088005,-74.73559426,0.19589899,,18.570299,17.6437
466691325,296.6129087,-74.98014393,0.027650099,,18.159,17.326401
469872837,303.2863878,-74.50873956,0.120948,,17.823601,17.0056
364115689,289.3527757,-74.53354502,0.44608301,,16.6043,15.7295
364115109,289.45868,-75.30431343,0.30323499,,17.368,16.4792
364115547,289.273501,-74.71090899,0.158531,,17.4142,16.531401
404194953,298.4670234,-74.12382998,0.17332999,,18.174,17.281099
396211649,300.4933685,-74.775123,0.21452799,,18.0065,17.099501
1922138409,290.6313623,-75.99386184,0.21832199,,18.3934,17.571899
1922138793,290.8320165,-75.83187457,0.099887699,,18.343599,17.481199
1922151359,290.6826625,-75.51799704,0.27353001,,17.8629,17.190901
1922153943,290.7138241,-75.0641074,0.33375499,,17.4426,16.596201
1922193819,290.8800059,-74.21841888,0.134104,,17.6882,16.832001
1922143526,295.3774738,-75.66373089,0.25638101,,18.3417,17.427
1922158921,295.605731,-74.58331279,0.21076,,18.152901,17.295401
1922170585,297.4449948,-74.50699034,0.18406799,,18.1824,17.379801
1922165933,298.3948321,-74.95459477,0.274878,,18.4534,17.537901
1987883667,303.1815195,-75.86096021,0.118958,,18.298401,17.382
1987884477,303.1937424,-75.7218206,0.175916,,18.031099,17.2838
1987890293,303.2460694,-75.03152477,0.20757499,,18.254801,17.4039
1987896297,303.1863831,-74.48950962,0.038960401,,18.354401,17.5096
1987896301,303.1337356,-74.48637781,0.264312,,18.118799,17.315001
1987899446,303.1943329,-74.11656957,0.25240499,,18.3606,17.4741
1922192129,290.7103431,-74.7265185,0.19871099,,18.4669,17.5863
1922192218,290.6703563,-74.66479665,-0.07959,,18.4746,17.715599
1922193824,290.7946322,-74.2349379,0.29469001,,18.530001,17.6786
1922145174,295.4926432,-75.19496984,0.077695601,,18.6315,17.7591
1922159197,295.3815643,-74.4971417,-0.234815,,18.680599,17.7917
1922177157,295.431784,-74.38277488,0.178597,,18.600599,17.747
1922177580,295.7287691,-74.20954127,0.085629404,,18.801701,17.9084
1922130955,297.6567356,-75.18903797,0.36373901,,18.2236,17.357599
1922166094,297.5192814,-74.97961808,0.145955,,18.6231,17.722
1922167372,297.7326731,-74.69824948,-0.079738103,,18.335899,17.5366
1922172057,297.7290772,-74.44156332,0.13541199,,18.327299,17.5144
1922172903,297.758408,-74.25680337,0.201969,,18.139,17.369301
1922173108,297.6245639,-74.2057981,-0.20738,,18.6654,17.822701
1922127108,298.2726945,-75.9357982,0.078745402,,18.7794,17.8281
1922131349,298.1518561,-75.069789,0.0082345,,18.646799,17.788401
1922131427,298.2458338,-75.08309849,0.22087,,18.4722,17.666599
1922168220,299.1533865,-74.66537857,0.0018563099,,18.8188,18.0049
1987898355,300.9693588,-74.43778884,-0.242229,,18.6245,17.7799
1987896689,300.9068392,-74.88993688,0.114752,,18.395,17.5805
1987897058,300.8099829,-74.71141358,0.103298,,18.282499,17.481001
1987883443,303.0967922,-75.97260922,0.0325488,,18.2572,17.5
1987884513,303.0116055,-75.72019629,-0.164922,,18.5658,17.7321
1987884469,303.0528061,-75.76361371,0.076877899,,18.4886,17.6469
1987884535,303.1561325,-75.69584,0.222885,,18.5331,17.707701
1987888089,303.2563444,-75.21575406,0.22883201,,18.592501,17.761801
1987890363,303.1010457,-74.96409513,-0.019817,,18.298,17.552401
1987894940,303.2071275,-74.77656287,-0.0134964,,18.6436,17.764
1987895105,303.0799793,-74.75736322,-0.162229,,18.5044,17.688299
1987895108,303.172454,-74.74022292,0.089481004,,18.7267,17.8507
1987896308,303.3997087,-74.47824618,-0.053162199,,18.9149,18.119301
1987899421,302.9846942,-74.1628344,0.21511,,18.7644,17.877399
1988041104,303.1639437,-74.06206512,-0.13341101,,18.3971,17.5977
1922171975,298.1529182,-74.42943097,-0.219938,,19.2229,18.3414
1987896230,303.2442788,-74.55460809,-0.274234,,19.3104,18.4321
1922131017,298.3632863,-75.24804723,-0.097942799,,19.2258,18.295799
1922153683,290.7624461,-75.1321845,0.149901,,18.562599,17.684799
1922124024,295.5547193,-75.700982,-0.187819,,19.167999,18.305
1922145081,295.450267,-75.25413721,-0.104441,,18.929501,18.1103
1922148882,295.3793824,-74.94822692,-0.224751,,18.793501,17.973
1922167287,297.4464799,-74.73235492,0.054888599,,18.898701,18
1922128223,298.2715828,-75.67157115,0.055611201,,18.9331,18.049
1987883123,301.0582019,-75.58395105,-0.024487499,,18.9664,18.063601
1987898351,300.8910085,-74.45648381,-0.060150001,,18.5835,17.8197
1987883814,303.2573646,-75.80687792,0.0530609,,18.791201,17.951599
1987888770,303.1553789,-75.16401772,0.0255617,,18.9065,17.9981
1987888773,303.1083578,-75.15457723,-0.091487303,,18.884001,18.0294
1987890314,303.3038368,-75.0133099,-0.0129688,,19.024,18.1262
1987895879,303.1294359,-74.59661148,0.13133501,,18.717501,17.867001
1987899515,303.0685622,-74.07006583,0.101792,,18.753099,17.868999
1922148112,295.4172585,-75.1624239,-0.25773501,,18.989,18.135099
1922172892,297.5831826,-74.29250503,0.062607303,,18.893801,18.033199
1922131345,298.1193101,-75.10556655,-0.251883,,19.0604,18.135201
1987881776,301.0346931,-75.82692444,0.060150299,,18.9151,17.995399
1987953722,311.0125974,-75.84430376,0.034083501,,18.922899,18.0424
1815607763,288.2504889,-75.95458444,0.43146101,,19.607,18.7565
1815607839,288.2071711,-75.92429089,-0.47842601,,20.361601,19.5686
1815607843,288.2758422,-75.91932057,0.0528352,,18.6362,17.965
1815607884,288.3267898,-75.85294793,-0.0081064999,,19.847601,19.009501
1815608126,288.1512815,-75.84482967,-0.60619199,,19.332001,18.6472
1815608145,288.3545598,-75.81965577,-0.0123441,,19.565901,18.874201
1815608146,288.4324358,-75.80758147,0.26452199,,19.958,19.1015
1815611992,288.2108866,-75.70388588,0.69761199,,19.1395,18.2941
1815612313,288.2750154,-75.62867023,-0.32407901,,19.5924,18.961399
1815612341,288.2026334,-75.59166194,-0.348295,,20.083401,19.381001
1815612343,288.2151084,-75.59344521,0.155645,,19.233999,18.481501
1815607893,288.4751299,-75.85473315,-0.50191599,,20.452999,19.6134
1815607896,288.5277484,-75.86246442,0.192627,,19.1758,18.301399
1815608122,288.3221297,-75.82860452,-0.01911,,19.162901,18.4116
1815608168,288.5291536,-75.77006478,0.142717,,19.4014,18.5116
1815608169,288.5290838,-75.77771959,0.149529,,18.9,18.0655
1815618710,288.0997088,-75.37082152,0.33791,,19.193899,18.322399
1815702944,288.1666134,-75.25502739,0.38253,,19.1238,18.250401
1815702948,288.3030282,-75.26963345,-0.22879,,19.361601,18.6642
1815703334,288.2779045,-75.13479767,0.117813,,18.3859,17.7052
1815703336,288.2233759,-75.13061057,0.65211701,,19.1686,18.3032
1815703424,288.1307466,-75.08712174,0.49715,,19.346399,18.5355
1815704287,288.1816603,-75.06980822,-0.228765,,19.2733,18.599899
1815704971,288.4216867,-74.81895758,-0.0074882498,,19.519699,18.680599
1815706639,288.2101513,-74.83250334,0.13441101,,19.6646,18.933399
1815706701,288.3796331,-74.76328549,-0.57355899,,20.028999,19.315201
1815706765,288.2737197,-74.75932803,-0.0822732,,19.823,19.1628
1815706800,288.3124263,-74.70397585,0.158986,,20.372801,19.5119
1815707065,288.2810775,-74.6961801,-0.241779,,20.4345,19.6455
1815707068,288.2031954,-74.70580475,0.26207301,,19.0495,18.3039
1815707069,288.2947402,-74.67464014,-0.029108601,,19.4932,18.7932
1815707155,288.1674999,-74.64870426,-0.180145,,19.4813,18.729401
1815707667,288.3296641,-74.57926238,0.063980199,,19.522699,18.723499
1815708889,288.1344189,-74.50428642,-0.118173,,19.816299,19.0653
1815708992,288.1980866,-74.40671277,0.278108,,18.4858,17.692801
1815711462,288.1524625,-74.33471349,0.246378,,19.458599,18.5912
1815711464,288.1320416,-74.34337404,0.18965399,,19.7689,18.8911
1815711495,288.2018289,-74.32889838,-0.97201198,,20.663,19.755199
1815711551,288.2250236,-74.29799922,-0.127177,,19.851101,19.137501
1815711552,288.1757705,-74.2947442,0.38080701,,18.847601,17.963301
1815711583,288.1845978,-74.26526758,0.52003002,,19.4527,18.613899
1815711929,288.1673686,-74.15532099,-0.325055,,19.0783,18.334101
1815712000,288.3382839,-74.16590837,-0.35896099,,19.2862,18.564699
1815712968,288.2457554,-74.11214589,-0.0587385,,19.4424,18.6091
1815712969,288.2636448,-74.10252739,0.023525,,19.6175,18.758499
1815713065,288.2311108,-74.05158727,0.52539301,,19.823601,18.952
1815713075,288.241497,-74.04082215,0.16521101,,18.8449,18.009899
1815703073,288.4714751,-75.23484756,0.154044,,20.2279,19.359301
1815703077,288.4457082,-75.22887567,-0.19727901,,20.155399,19.384701
1815703102,288.4257396,-75.2238065,-0.267111,,19.030399,18.382601
1815704502,288.5734682,-74.94145628,-0.19138101,,19.6838,18.921801
1815705319,288.564511,-74.86376444,0.18023799,,19.073099,18.194599
1815705353,288.6281963,-74.82231491,0.54395097,,19.3526,18.504801
1815707207,288.6160026,-74.73012314,0.324476,,19.2696,18.5466
1815707287,288.462203,-74.7223732,-0.035601601,,19.6143,18.807301
1815707311,288.4300678,-74.69486876,0.24276599,,19.161301,18.3634
1815707615,288.5521683,-74.59838331,0.073964603,,18.685301,17.995199
1815707699,288.4572043,-74.56709179,0.47892299,,19.7521,18.8682
1815707710,288.6563193,-74.53525502,0.12962601,,19.6409,18.7589
1815708664,288.5442028,-74.48065472,-0.00028313301,,19.835501,19.034401
1815708714,288.5122447,-74.47116945,0.078974701,,19.8207,19.068399
1815708716,288.5132815,-74.47286909,-0.445097,,19.870199,19.170799
1815708734,288.4969149,-74.45010565,0.63725698,,19.2456,18.3384
1815708836,288.6199531,-74.40491686,-0.346048,,19.863199,19.084801
1815709149,288.4886258,-74.34980571,0.22977901,,19.046101,18.296301
1815711647,288.6541518,-74.26047437,-0.022441501,,19.2384,18.406
1815711687,288.3610051,-74.25468899,-0.073359802,,19.758301,18.93
1815711950,288.4230404,-74.19744782,0.41016701,,20.142099,19.273001
1815712086,288.5993309,-74.06147077,-0.15173601,,19.999701,19.1458
1815713032,288.4378795,-74.05868847,-0.093219198,,19.4013,18.5464
1815713033,288.4696356,-74.05386529,0.187888,,19.8724,19.028
1815713035,288.4819004,-74.04274597,-0.106966,,19.629,18.7362
1922140525,291.4171381,-75.71584804,0.25658801,,19.4123,18.497499
1922140744,291.4145553,-75.66416647,0.099176399,,19.492701,18.7125
1922140745,291.3908072,-75.66671425,0.022795999,,19.699699,19.0114
1922140811,291.3749596,-75.6277909,-0.35701901,,19.716299,18.808599
1922140816,291.4307936,-75.60473202,-0.212567,,19.320299,18.456699
1922140827,291.394849,-75.60713487,0.58293402,,19.4454,18.571899
1922151229,291.4065262,-75.49717322,0.218288,,19.047899,18.3116
1922151250,291.4310637,-75.45379372,-1.01283,,20.1894,19.4492
1922151557,291.3241985,-75.39678434,-0.13284799,,20.520399,19.642099
1922151919,291.4503827,-75.357255,0.32070601,,18.4568,17.667999
1922152695,291.4674784,-75.31191856,0.339903,,18.6933,17.817301
1922153096,291.2332181,-75.17935427,-0.35397199,,19.212099,18.474701
1922153079,291.5076829,-75.15925531,0.093791403,,19.055799,18.1679
1922153086,291.5390558,-75.15051,0.279836,,18.825399,17.9972
1922153152,291.3603841,-75.1312463,-0.17833,,20.567101,19.6633
1922153156,291.3493109,-75.10619113,-0.0435839,,19.228399,18.4725
1922153172,291.4813932,-75.08905407,0.357752,,19.535299,18.781601
1922154101,291.4389294,-75.02874075,-0.61533302,,20.3111,19.478201
1922154103,291.4496762,-75.02510943,-0.51322597,,20.569401,19.6807
1922154160,291.3094646,-75.01590189,-0.31606901,,19.519899,18.8843
1922154515,291.4948512,-74.89632414,-0.224758,,19.7703,19.003599
1922154565,291.4832619,-74.89049066,0.228398,,19.1642,18.351101
1922154576,291.3127804,-74.89618778,-0.136392,,20.1539,19.3659
1922155394,291.3478658,-74.82622317,-0.167431,,20.000999,19.2351
1922155412,291.5347196,-74.79903766,-0.279926,,19.7092,18.9025
1922155502,291.3957371,-74.73542632,0.044580001,,19.3458,18.543301
1922155822,291.2945122,-74.66038557,-0.22036199,,19.6579,18.8197
1922155823,291.2617566,-74.65644456,-0.129548,,19.77,18.9293
1922155825,291.3500213,-74.64667907,0.22470599,,19.4718,18.779699
1922162070,291.5250905,-74.59991548,0.43777701,,19.469299,18.600401
1922195149,291.4324296,-74.39750052,0.20624299,,19.530701,18.7561
1922195952,291.4068232,-74.3258582,0.48412299,,18.482599,17.615499
1922195944,291.4996706,-74.32639327,0.28082299,,18.8971,18.0194
1922196011,291.480541,-74.28081261,-0.35692599,,19.484501,18.7148
1922196042,291.5689025,-74.29891758,0.0057762698,,19.1199,18.340099
1922196043,291.6343006,-74.28977634,0.305675,,18.712,17.9585
1922196430,291.4351869,-74.15070557,0.209961,,19.460501,18.665899
1922137250,292.7715061,-75.93426918,-0.136866,,19.2064,18.376801
1922137574,292.8243198,-75.88484463,0.148755,,19.6646,18.914301
1922137578,292.8736598,-75.85577711,-0.60194701,,19.8978,18.993401
1922137602,292.8589752,-75.83308218,-0.722884,,19.9891,19.336
1922137605,292.92871,-75.83036359,0.33514899,,18.7978,17.8869
1922137607,292.839383,-75.83055627,-0.059378099,,20.333099,19.454201
1922139849,292.7249672,-75.75490405,0.162413,,19.0028,18.117901
1922121936,294.2872844,-75.96837296,0.380265,,18.844299,17.9526
1922141568,294.1091849,-75.94416134,-0.333823,,20.537201,19.635099
1922141649,294.3171422,-75.85309098,0.0131381,,20.2262,19.293301
1922141654,294.4219012,-75.83383485,0.45320901,,19.8127,18.881399
1922141858,294.2333413,-75.80065041,-0.071238801,,19.8606,19.0467
1922142983,294.2780656,-75.64763946,0.128297,,20.5035,19.591999
1922143034,294.1713699,-75.61603115,-0.0058784699,,20.0075,19.211399
1922143036,294.1140615,-75.61736089,0.42379501,,18.816401,17.8846
1922143246,294.0901522,-75.56788181,-0.037363801,,20.0865,19.2493
1922143265,294.1112842,-75.54686021,0.25729001,,19.002001,18.173599
1922143339,294.1114306,-75.49598781,0.37955201,,19.1754,18.278601
1922146748,294.1394727,-75.23498748,0.053985499,,19.497801,18.671499
1922146759,294.2676626,-75.2243675,0.0057065398,,19.0849,18.235901
1922147562,294.3679848,-75.13269178,-0.0183648,,20.2701,19.3451
1922147565,294.3579631,-75.12551989,0.049950201,,19.168301,18.323799
1922147829,294.2234943,-75.04473559,0.38494799,,19.5236,18.6464
1922149432,294.3298328,-74.9771433,0.058890801,,19.531099,18.6474
1922158214,294.1838203,-74.9242501,-0.083795801,,18.478901,17.9335
1922158216,294.1014011,-74.91982975,0.067074001,,19.6889,18.7635
1922158271,294.1064484,-74.91074284,0.051671099,,19.533001,18.623301
1922158519,294.2266204,-74.78091307,0.27114001,,19.2041,18.3631
1922158579,294.2540478,-74.73592661,0.32458299,,19.229799,18.3923
1922158593,294.2476598,-74.72204669,-0.12743799,,19.3587,18.5553
1922159535,294.33,-74.58341313,0.48442799,,19.164499,18.2642
1922159754,294.0960305,-74.56137055,0.184099,,18.893801,18.0124
1922159811,294.1181092,-74.533473,0.036798902,,18.973801,18.083599
1922159794,294.2998506,-74.50677702,0.40951201,,19.3967,18.493799
1922163062,294.1194678,-74.42848229,0.097908497,,19.2047,18.2983
1922163067,294.1217806,-74.41137621,0.294561,,19.9797,19.103001
1922163077,294.213586,-74.40156234,-0.167744,,19.544001,18.761999
1922164614,294.1071171,-74.19511326,0.43114799,,19.547001,18.736601
1922164745,294.2375313,-74.0769436,0.713992,,19.2379,18.3409
407923276,290.3433878,-75.3863966,0.380844,,18.303801,17.4935
364136483,289.9088332,-75.71151048,0.46630299,,18.124901,17.3633
364135888,289.9685326,-74.78761307,0.48805201,,18.2735,17.380899
1815615308,288.966273,-75.96205332,-0.0052065598,,19.1604,18.3116
1815615562,289.0353235,-75.9059858,-0.033573601,,19.069401,18.201599
1815615565,289.0711583,-75.90416317,0.0345532,,19.5721,18.750401
1815615645,289.0299175,-75.82816151,0.39970201,,19.464199,18.6847
1815615652,289.1541283,-75.81784677,0.32368001,,19.5774,18.672501
1815616143,289.3313322,-75.76568797,0.292752,,19.5378,18.645399
1922122907,296.0061797,-75.90175479,0.067051999,,19.5494,18.6833
1922123732,296.0545525,-75.77975746,0.044983599,,20.1206,19.3253
1922123738,296.056299,-75.76348314,0.27496201,,19.2103,18.359699
1922123785,295.9719691,-75.75524876,-0.107927,,20.4683,19.6075
1922124081,295.9443852,-75.68019986,-0.056366701,,20.059299,19.224199
1922143661,296.005245,-75.5583805,0.238048,,19.5795,18.764799
1922143684,295.9894668,-75.53130385,0.196032,,19.4482,18.609699
1922143773,295.9985775,-75.4482165,0.33351699,,19.3964,18.4935
1922144365,296.2966996,-75.36404683,-0.38668999,,19.8452,19.0389
1922145289,296.1294353,-75.20952352,-0.13908499,,20.089199,19.2644
1922145290,296.1482694,-75.2072819,-0.46630701,,19.711201,18.924101
1922145498,296.1054171,-75.15362113,-0.214772,,19.8529,19.079399
1922148956,295.9128934,-74.89856735,0.51942599,,18.825399,17.969
1922148959,295.8626469,-74.90666893,-0.040074401,,19.2742,18.5595
1922148984,295.9627315,-74.89862815,-0.407047,,20.0481,19.312901
1922148990,296.0621507,-74.87226046,0.271566,,19.047899,18.26
1922149057,296.0338599,-74.79808005,0.28746399,,18.4207,17.6262
1922149825,295.9434957,-74.7846565,0.464551,,19.139,18.3258
1922171097,295.9576772,-74.57624875,0.36008301,,19.1415,18.3188
1922176493,296.089981,-74.32335531,0.031789701,,19.003901,18.1611
1922176496,296.1586269,-74.31435554,0.263266,,19.3326,18.4909
1922177406,295.9962685,-74.19458886,-0.039579101,,19.5138,18.668301
1922177408,296.0093705,-74.18282802,0.123473,,19.000299,18.1684
1922178025,296.0604667,-74.08416709,-0.336236,,19.92,19.177999
1922178005,296.1346658,-74.1071619,0.472738,,19.077,18.284201
1922178008,296.1746103,-74.0952593,0.222955,,18.662001,17.8179
1922177828,296.149842,-74.13264547,-0.077152997,,19.977501,19.1357
364114659,289.4583695,-75.9440052,1.16248,,14.1218,13.3357
364135351,289.701934,-74.085666,2.0162101,,13.3714,12.4299
364136205,289.9281347,-75.2479881,1.13046,,13.2739,12.4758
407923981,290.7713299,-74.35616057,1.34899,,13.4958,12.7614
407924108,290.7234561,-74.18390583,2.01737,,13.357,12.5456
364136009,289.7374532,-74.95088164,0.99193603,,13.4693,12.7994
423266626,298.9751212,-74.74351884,5.0990701,,10.4483,9.7240105
364135886,289.6400816,-74.78551442,4.3573599,,10.8734,10.1792
407922910,290.4849608,-75.99971609,2.6726401,,12.3527,11.5196
407923277,290.5779087,-75.38647272,1.55967,,11.3049,10.7192
423266808,298.8583893,-74.38159431,0.92561799,,12.0669,11.724
364135831,289.8737667,-74.7134996,1.4545,,11.8073,11.3351
407923278,290.4714568,-75.38581602,0.863437,,12.9796,12.431
423266631,298.8802447,-74.73256807,1.51548,,13.3,12.4492
423266699,298.8948511,-74.60812039,2.23263,,12.9707,12.0731
423266969,299.0348383,-74.02880068,0.91336697,,13.0591,12.2133
364135571,289.957838,-74.37112198,1.14465,,14.1295,13.2511
407923843,290.4218131,-74.55299123,0.608863,,14.0608,13.2447
423266987,298.9275587,-74.00162213,1.3795,,14.3508,13.477
407923283,290.7493875,-75.37404721,0.41541001,,14.409,13.7645
364114655,289.4335292,-75.94967428,0.239369,,17.384399,16.66
1815607872,288.2678864,-75.88161691,0.222142,,18.2346,17.462601
1815607888,288.4259438,-75.88181678,0.33113399,,18.0944,17.319099
1815618732,288.1537788,-75.34337661,0.21709301,,18.249701,17.4555
1815704443,288.2406212,-75.01319139,0.266628,,18.171,17.3137
1815711461,288.1307546,-74.33774767,0.100375,,17.920601,17.1556
1815711466,288.2184308,-74.36042015,0.037887901,,18.121201,17.207199
1815711848,288.2709621,-74.20038026,0.28166601,,18.265301,17.4603
1815712003,288.2799443,-74.16612147,0.25213599,,18.3169,17.4286
364135368,289.6807652,-74.10743847,0.72250998,,15.9358,15.1312
364135706,289.7200485,-74.54951361,0.120668,,16.2038,15.5089
407884833,290.1903575,-74.06428691,0.49829,,16.3971,15.5586
1922140810,291.454942,-75.61119767,0.096584201,,18.434601,17.642099
1922195953,291.3936481,-74.33519174,0.180135,,17.4883,16.6024
423266222,298.8967896,-75.57302732,0.50423801,,15.9739,15.0866
423266230,298.8385337,-75.54869228,0.48090699,,16.2015,15.4065
423266966,298.7646153,-74.03039681,0.43289801,,16.582899,15.7004
1922137259,292.6830508,-75.94563492,-0.125247,,18.188999,17.3678
407923658,290.4769347,-74.82036079,0.82517499,,14.6121,13.8798
1922147616,294.1714963,-75.13144854,0.74603701,,14.7865,13.9654
407924104,290.7487269,-74.18620075,1.00099,,14.3833,13.5114
364135513,289.6764094,-74.29897844,0.64327103,,15.0712,14.2334
364135890,289.7613623,-74.78891888,0.75542498,,15.8827,14.9964
364136250,289.8101457,-75.31903419,1.0218199,,15.0187,14.1299
364136332,289.6109247,-75.45828126,1.08657,,14.0266,13.1681
407884945,290.210711,-74.203762,0.71341801,,15.2042,14.3522
407923010,290.4028395,-75.82104919,0.55053502,,15.8678,14.9428
407923083,290.6750008,-75.70057035,0.928397,,14.9396,14.0254
407923213,290.4968153,-75.48457951,0.80545598,,14.2239,13.3461
407923340,290.5816846,-75.29135238,0.38085899,,15.9898,15.1569
407923369,290.6671362,-75.24897653,0.83581501,,14.9501,14.0904
407923388,290.5833708,-75.22735278,0.854608,,15.0538,14.187
407923592,290.4882773,-74.90389811,0.73309499,,15.14,14.2539
407923706,290.6812906,-74.76234011,0.72825098,,15.2907,14.4295
407923916,290.5701557,-74.44629295,0.755476,,14.8753,14.0626
340927919,294.3252692,-75.86591516,0.87538201,,15.24,14.3524
423266701,299.0349322,-74.60164762,0.83292198,,15.2409,14.34
1815612069,288.2096906,-75.66858825,0.043060999,,18.646,17.830999
1815703029,288.1139254,-75.20561752,0.30589601,,18.3944,17.5226
1815704447,288.3513709,-75.00198557,0.32007399,,18.197399,17.3734
423266983,298.7152295,-74.00306186,0.807365,,14.8216,14.0022
364136023,289.6125758,-74.96908937,0.85493797,,13.5803,12.777
1815708622,288.3458173,-74.54045894,0.145769,,18.283501,17.4459
1815708989,288.2256924,-74.42430116,0.025471101,,18.893101,17.989
1815703194,288.4812529,-75.14393227,0.0964633,,18.370701,17.5394
1815708736,288.4507271,-74.43942264,0.27076301,,18.2885,17.408199
1922151102,291.2899625,-75.58893418,0.086557299,,18.280701,17.4828
1922151558,291.3367543,-75.39287249,-0.029739199,,18.563499,17.7188
1922152802,291.4182072,-75.22172648,0.13587999,,18.561701,17.698299
1922152808,291.5939584,-75.23259004,0.0284658,,18.598,17.68
1922155819,291.4500212,-74.63357198,0.175623,,18.369801,17.4993
1922192309,291.4178339,-74.60131708,0.0489369,,18.5247,17.626101
1922199723,291.3624516,-74.05091518,-0.0404801,,18.6113,17.850401
1922147809,294.2352659,-75.07274031,0.122056,,18.539801,17.7122
1922164637,294.1148443,-74.16100419,0.199099,,18.5254,17.638
1815704877,288.4385622,-74.85746092,-0.140375,,19.209999,18.3459
1815711618,288.4323392,-74.29099175,-0.15386599,,19.184799,18.2885
1922146758,294.2113898,-75.23209024,0.036247902,,18.924601,18.066601
423266461,298.7685583,-75.08873953,0.49039701,,17.279499,16.376101
407884830,290.0802603,-74.05841345,0.36382899,,16.785601,15.8905
423266124,298.9708373,-75.809567,0.44094601,,16.9515,16.0296
1815707158,288.1926154,-74.63821346,-0.039517902,,18.969801,18.1273
364136672,289.6092336,-75.99488457,0.425109,,16.4884,15.7002
407923710,290.537893,-74.75652628,0.39865899,,16.7757,15.9772
423266888,298.7704777,-74.19373346,0.39320299,,16.773199,15.8814
423266896,298.928106,-74.18610708,0.410862,,16.670401,15.7728
1922143261,294.2282734,-75.54724545,-0.0653148,,19.0504,18.1915
1815608137,288.2822334,-75.81453878,-0.0023586201,,18.919399,18.0623
364136254,289.6330836,-75.32601576,0.914437,,15.5154,14.6644
1815708666,288.2554507,-74.53358946,-0.0930852,,18.931999,18.1159
1815712981,288.3056639,-74.10047583,0.21080799,,18.7351,17.8508
1815704872,288.4304044,-74.86369953,-0.13606501,,19.0907,18.280899
1815711620,288.470881,-74.28689112,-0.14643,,18.9701,18.062901
1922151134,291.3442764,-75.54286734,0.174642,,18.9662,18.067499
1922152692,291.385014,-75.32630547,0.16843,,18.904301,17.991699
1922153082,291.4676341,-75.15301137,-0.111167,,18.9272,18.0268
407923341,290.6156848,-75.29108068,0.221403,,16.795099,15.9498
407923953,290.6207349,-74.39854965,0.45035601,,16.233601,15.3837
364135599,289.9759457,-74.41920577,0.723584,,15.7908,14.9009
1922159798,294.4047301,-74.49770511,0.0899681,,18.661301,17.7995
364135914,289.8640925,-74.83242463,0.36864901,,15.8893,15.1762
364136024,289.9276158,-74.96920642,0.58552098,,16.0875,15.212
364136247,289.7108011,-75.31726278,0.30368599,,16.2444,15.5313
364136546,289.7132998,-75.82114328,0.382759,,15.7311,14.8889
364136620,289.8399749,-75.91125552,0.50763601,,16.550301,15.6285
407923120,290.6491047,-75.64197845,0.37270799,,16.5401,15.6524
407923155,290.493309,-75.59233089,0.35593799,,16.225,15.3563
340927621,294.4638751,-75.37766624,0.41206899,,16.207399,15.3335
364135404,289.9162554,-74.15053857,0.30654299,,16.5196,15.6426
364135944,289.7650287,-74.86791221,0.34329301,,16.445801,15.579
407923233,290.5631581,-75.46061721,0.36529601,,16.371599,15.4995
407923733,290.8028978,-74.70457964,0.082196303,,18.248199,17.4065
407923917,290.7451831,-74.44309033,0.107088,,18.273899,17.3794
407923899,290.5961807,-74.47646862,0.174879,,18.083599,17.1929
423266042,298.7559234,-75.95900718,0.456011,,16.674999,15.7446
407884809,290.3499494,-74.03185779,0.279677,,17.4452,16.5977
407923800,290.5234948,-74.61576782,0.271211,,17.2633,16.4991
407923896,290.4481261,-74.4834314,0.33360001,,17.1024,16.2327
407884877,290.2665676,-74.12331714,0.34701601,,17.261299,16.4112
364136022,289.9608177,-74.9685592,0.32558501,,18.0399,17.164
407884884,290.2748051,-74.1301915,0.292734,,17.888399,17.125299
407923011,290.4207792,-75.82057,0.44907901,,17.5107,16.628799
407923151,290.465067,-75.59580725,0.39737701,,17.5327,16.6366
407923154,290.5698985,-75.59326733,0.15919299,,17.887501,17.0247
407924086,290.6252026,-74.20739616,0.52292198,,17.659901,16.7971
423266043,298.8584972,-75.95800573,0.201554,,17.972099,17.0741
423266181,298.8282657,-75.69006777,0.29922399,,18.089899,17.165199
423266574,298.733497,-74.84643898,0.34474599,,17.760201,16.937
423266877,298.836376,-74.21169456,0.119122,,17.1735,16.307699
423266967,298.9255966,-74.02996905,0.19643,,17.975901,17.092199
364136613,289.986328,-75.90107113,0.103039,,17.608101,16.715599
407923054,290.7146836,-75.74276333,0.406757,,17.8111,16.922199
407923310,290.4371106,-75.33419957,0.37539801,,17.524401,16.8339
407923856,290.5431953,-74.53236742,0.37005001,,17.598,16.739401
407924105,290.6984208,-74.18610162,0.36349499,,16.983999,16.2055
398461645,299.3260564,-75.5673816,0.355389,,17.785101,16.9175
364135333,289.9221507,-74.06781708,0.341297,,17.1707,16.3046
364135375,289.7202023,-74.11457469,0.27904701,,17.098301,16.2215
407923308,290.715278,-75.33663213,0.43919101,,16.864401,16.074499
340903698,294.6275505,-74.29114442,0.207745,,17.2358,16.386801
423266959,299.0273513,-74.04182622,0.39620501,,17.003401,16.0994
364135855,289.9259992,-74.74358463,0.0124282,,16.862301,16.1418
407884878,290.1441421,-74.12443092,0.37551999,,17.129299,16.276199
407923857,290.4569935,-74.5277845,0.23884401,,17.0865,16.239901
423266470,298.9971745,-75.06551514,0.48923099,,17.177,16.3326
364136607,289.9509269,-75.89483731,0.44307899,,17.121901,16.3214
407884834,290.212067,-74.06515425,0.289303,,17.405001,16.5567
407923306,290.6379825,-75.33753636,0.40114,,17.3484,16.4543
407923507,290.7944699,-75.03002472,0.42997399,,17.336399,16.4426
364135711,289.9551675,-74.5574324,0.37198299,,16.903799,16.032801
364135857,289.8564043,-74.74738466,0.313591,,16.996401,16.131201
364135918,289.7950877,-74.83743924,0.56842202,,17.1,16.2108
407884902,290.0329045,-74.1534825,0.39520201,,16.7276,15.8399
340927467,294.5818052,-75.10941829,0.43742201,,16.8494,15.9593
364136604,289.7859363,-75.8904926,0.35242501,,18.018299,17.180099
364136611,289.8695834,-75.89960702,0.273206,,17.920099,16.9984
340903700,294.657369,-74.29161185,0.252664,,17.807501,17.0137
398461556,299.3496258,-75.38426179,0.116258,,18.131901,17.2351
423266287,298.7928527,-75.4356526,0.27506301,,17.993999,17.058001
364135484,289.6607264,-74.25724298,0.38711199,,17.622101,16.723801
364135710,289.7003566,-74.55645433,0.22309899,,17.3165,16.518101
398461559,299.3892591,-75.39229017,0.26799101,,17.403999,16.548201
398461628,299.311508,-75.53719014,0.22364099,,17.483299,16.645399
364135676,289.8538163,-74.50611612,0.188482,,17.912001,17.1707
398461408,299.0800709,-75.10466378,0.329956,,18.048599,17.165001
398461409,299.1487421,-75.1069917,0.20387,,18.118601,17.2957
423266878,298.7576384,-74.2115451,0.28745699,,17.8008,16.9491
423266961,298.7101688,-74.03633934,0.12734599,,18.212299,17.314199
364136540,289.8818595,-75.80980667,0.48759899,,17.772301,16.874201
364136592,289.945594,-75.87594966,0.23000801,,17.8449,16.987499
407924204,290.7879745,-74.05888522,-0.026644601,,17.6488,16.8179
398461649,299.3570781,-75.57085195,0.37706599,,17.413,16.5865
398461718,299.0436945,-75.72151957,0.27151501,,17.8106,16.8934
398461841,299.1300529,-75.95503582,0.28317699,,17.514299,16.732401
398461843,299.4136752,-75.9632165,0.41114801,,17.543301,16.6847
423266890,299.0174701,-74.19048122,0.293228,,17.3459,16.4466
407923812,290.4323293,-74.59790169,0.272149,,18.449699,17.5702
340903642,294.720851,-74.21886495,0.270675,,18.2824,17.442801
364136545,289.6213742,-75.81624745,-0.407065,,18.365801,17.623501
423266620,298.8980131,-74.75124773,0.159628,,18.2155,17.311899
423266876,298.8487081,-74.21275313,0.035251599,,18.307501,17.5543
364136333,289.9507596,-75.46022496,0.26607499,,17.920099,17.054899
398461553,299.3850531,-75.38098742,0.27106699,,17.995701,17.0987
407923937,290.5714588,-74.41904258,0.126974,,18.087799,17.194799
340903643,294.72361,-74.21962943,0.35242501,,18.2619,17.431299
407923158,290.6061404,-75.5842238,0.27574301,,17.2691,16.381399
407923745,290.7676171,-74.67950746,0.186233,,17.8367,17.0201
407924111,290.7847126,-74.17543729,0.257061,,17.5313,16.6451
423266807,298.9018073,-74.38225501,0.362975,,17.792999,16.899099
1815615325,289.1846851,-75.9520129,0.158015,,17.7048,17.218201
1922148969,295.973383,-74.89851232,0.16604701,,18.205,17.383699
1815615313,289.1373487,-75.97803691,0.25098401,,18.451099,17.5875
1922143682,296.0000906,-75.53562363,-0.17518599,,18.769899,18.0396
1922145318,296.2521267,-75.22588939,0.193582,,18.329399,17.5938
1922148710,295.9428551,-74.97449025,0.13687,,18.276501,17.4526
1922149827,295.9557943,-74.7755399,0.26381701,,18.324699,17.487301
1922178023,295.9840799,-74.0878026,0.102176,,18.482201,17.6206
1922177830,296.1587943,-74.12906031,0.051927,,18.231001,17.545099
1922148991,296.0712186,-74.86176568,-0.047318101,,18.910299,18.148199
1922176186,296.2081933,-74.4492561,0.074288197,,18.905899,18.032801
1815616221,289.1799335,-75.73552223,0.127441,,18.9053,18.033899
1922177328,296.1266126,-74.23541166,-0.32696399,,19.224701,18.3435
352229881,288.8002792,-75.15903008,,,13.9798,13.1903
352136860,285.004002,-74.89220957,1.16501,,17.696301,16.8258
1815611192,286.7324812,-75.94455627,0.323167,,18.8836,18.124201
1815611463,286.7059735,-75.92155642,-0.61627901,,20.356501,19.5256
1815612664,286.7781729,-75.71578401,0.40870699,,18.6103,17.7771
1815612906,286.783621,-75.68394835,-0.191971,,19.379101,18.4953
1815633768,286.787936,-75.48238002,-0.044539802,,19.560801,18.7118
1815634147,286.8123103,-75.36676807,0.26149899,,19.7092,18.831499
1815635031,286.8209735,-75.33408856,-0.065616101,,19.6159,18.771999
1815635573,286.9577553,-75.21644042,0.42306101,,19.479099,18.6784
1815635541,286.9123056,-75.27526848,0.56366199,,19.595699,18.742701
1815635543,286.9192832,-75.25885316,-0.073497899,,20.311199,19.453699
1815635845,286.9584256,-75.18532739,0.23479301,,18.736401,17.9569
1815635857,286.8773939,-75.19353396,0.28399599,,19.5501,18.7036
1815635863,286.8819046,-75.18345593,-0.15563001,,20.030199,19.240299
1815635916,286.769749,-75.16492157,0.38315201,,19.9338,19.1117
1815635952,286.9521998,-75.12662996,0.247519,,19.0567,18.2194
1815640259,286.7385474,-74.9585727,-0.54832798,,19.976999,19.1521
1815640263,286.794842,-74.95711636,0.31512901,,18.5296,17.726299
1815640267,286.795486,-74.94869612,-0.24438199,,19.7589,18.944201
1815640282,286.9455279,-74.91693436,-0.050912298,,19.012501,18.240999
1815641554,287.0131004,-74.79814249,0.25061899,,18.7542,17.9589
1815641898,286.7916693,-74.71411617,0.29225099,,19.432699,18.614
1815655409,286.7161193,-74.63958958,0.297353,,19.396099,18.5026
1815655481,286.7691509,-74.61764108,0.118907,,19.4426,18.559601
1815655483,286.7838835,-74.61438917,0.17561001,,19.1901,18.281601
1815655492,286.8409672,-74.59046456,0.42241001,,19.5385,18.624701
1815655770,286.8388102,-74.51149301,0.484907,,18.8067,17.902399
1815655842,286.8446723,-74.49322179,-0.0176956,,18.9806,18.4606
1815655861,286.7871236,-74.467442,0.21527199,,19.4153,18.514299
1815656834,286.8746668,-74.42067349,0.025535701,,19.1217,18.344299
1815656922,286.7182796,-74.38861346,0.048340701,,19.3792,18.480801
1815715695,286.7843098,-74.21366752,0.38203701,,19.534,18.7262
1815715724,286.7579138,-74.17592925,0.409969,,19.921301,19.0329
1815715728,286.8988643,-74.1645746,-0.069881797,,19.8918,18.985399
1815715785,286.7654426,-74.15877749,0.099988699,,19.561899,18.7124
1815715792,286.8375472,-74.15754352,-0.0592926,,19.358601,18.606899
1815715824,286.8448742,-74.10010536,0.18164501,,19.474199,18.636999
1815716082,286.8062126,-74.07885591,0.384624,,18.9249,18.1625
1815716085,286.7367349,-74.07254655,0.176677,,18.9025,18.036501
1815716119,286.8896176,-74.03945071,0.23371699,,19.584801,18.667101
1815716190,286.8452712,-74.00475667,0.369463,,18.9303,18.0259
1815716171,286.896506,-74.03063946,0.37298799,,19.849501,18.9629
1815716174,286.8454746,-74.01998276,-0.170505,,19.836901,19.015499
352229587,288.4275459,-75.59716727,1.09723,,,
352226434,288.2912608,-74.62232809,1.67654,,12.3071,11.574
352230656,288.5277844,-74.05107005,4.7546802,,11.0213,10.234
352184017,287.4157877,-74.51942461,1.02247,,13.1058,12.3341
352183687,287.3429376,-74.04169834,1.54642,,12.9687,12.1
352184835,287.2732838,-75.68617604,1.56828,,13.5605,12.7636
352229487,288.5005699,-75.73888226,1.1935101,,13.3542,12.601
352229632,288.4474006,-75.52008505,2.25473,,13.1578,12.2981
352229767,288.6402244,-75.31716184,2.1456101,,13.3282,12.516
352183741,287.3807199,-74.10861266,0.29080999,,16.7801,15.8566
352184097,287.5720448,-74.63270056,0.63777798,,16.435301,15.5952
352230275,288.4679722,-74.59236134,0.324343,,16.861601,16.166901
352136385,285.1958655,-74.20117299,1.18938,,14.0597,13.1034
352136643,284.9127705,-74.58376458,1.02913,,14.0566,13.2399
352183838,287.2704102,-74.24619255,1.0655299,,14.2172,13.3154
352184857,287.507146,-75.72943229,0.78641301,,14.013,13.2019
352184018,287.6018417,-74.5194495,0.67804599,,14.2881,13.4136
352184083,287.59012,-74.62043042,0.99942601,,14.6946,13.841
352184084,287.253805,-74.62063378,1.27715,,14.1676,13.3917
352184437,287.3784393,-75.09948436,1.05852,,14.6465,13.7907
352184471,287.4401381,-75.15354762,0.81091398,,14.5889,13.7205
352184544,287.4972684,-75.26250648,0.97174799,,14.0848,13.3692
352184867,287.4005246,-75.75018147,0.96582299,,14.1267,13.3004
352184890,287.5715643,-75.78740229,1.26762,,14.4438,13.5637
352229539,288.728624,-75.68126148,1.08061,,14.1748,13.3531
352229489,288.7665435,-75.73621773,0.75426,,15.4006,14.5643
352137546,285.0433195,-75.89050365,0.50133997,,15.2141,14.3364
352183746,287.6256724,-74.12167755,0.70035702,,14.9301,14.0322
352183918,287.3613795,-74.37874985,0.87025499,,14.4673,13.6591
352183919,287.3161541,-74.3813586,0.85273802,,14.9641,14.1391
352183956,287.2897349,-74.43191563,0.56459498,,15.5733,14.7292
352183957,287.2554044,-74.43251274,0.32842201,,15.1235,14.4468
352184028,287.386546,-74.52732713,0.99787903,,14.4165,13.5834
352184013,287.4376256,-74.51254214,0.51111299,,15.0282,14.299
352184265,287.3500534,-74.85154579,0.59347397,,15.8897,15.0277
352184406,287.3597582,-75.06662381,0.95641202,,14.7491,13.8779
352184562,287.5468885,-75.28729462,1.1205,,13.9969,13.1393
352184191,287.2513523,-74.75518357,0.60472202,,15.7891,14.9699
352184478,287.4078277,-75.16532803,0.79771399,,15.2055,14.3851
352184497,287.4004508,-75.19472128,0.77370203,,14.9894,14.1769
352184511,287.6302163,-75.21478048,0.67828202,,14.786,13.9543
352184625,287.3201164,-75.36764175,0.652839,,15.216,14.3576
352184646,287.4018261,-75.40811131,0.78079098,,15.2315,14.3839
352184724,287.3828638,-75.5252131,1.00205,,14.2893,13.5078
352184766,287.5235813,-75.58787608,0.51115203,,14.3393,13.6458
352184791,287.416713,-75.62212461,0.47508401,,15.6111,14.7393
352226432,288.1953406,-74.61795238,0.42721099,,16.055599,15.2378
352229674,288.7108567,-75.4490896,0.95932001,,14.3858,13.6081
352229879,288.5601094,-75.16315172,0.59535903,,14.9918,14.1114
352230281,288.6760093,-74.58333171,0.81252098,,14.7756,13.898
352230438,288.4921009,-74.34000139,0.87465101,,15.3145,14.3868
352230629,288.7536539,-74.0997341,0.452353,,16.3099,15.3797
352184936,287.5712309,-75.86038433,0.38281599,,16.197599,15.3718
352137186,285.2366126,-75.33648918,0.55738902,,16.241301,15.3575
352183764,287.2612817,-74.14522802,0.56766999,,16.3074,15.3966
352183890,287.426836,-74.32932897,0.60673499,,15.9561,15.0382
352184010,287.3568468,-74.51121871,0.485912,,16.353901,15.4654
352184939,287.2504525,-75.86374889,0.62636,,15.8791,15.0573
352184942,287.4772221,-75.86816085,0.477081,,16.2076,15.3244
352184192,287.5056631,-74.75666158,1.1281,,14.7539,13.8905
352184984,287.3253096,-75.94095102,0.68791801,,15.3786,14.5334
352226187,288.4116614,-74.25652358,0.511783,,16.4004,15.4738
352229811,288.6364639,-75.26325902,0.396063,,16.253099,15.3736
352230279,288.5538574,-74.58479855,0.26079699,,16.503201,15.6505
352184365,287.3979163,-75.0035533,4.2670298,,11.5705,10.8424
352184548,287.5915593,-75.27209936,1.16364,,13.1155,12.3082
352184581,287.5914331,-75.32338762,0.76057601,,15.8084,14.945
352184407,287.407144,-75.06756161,0.260829,,17.1334,16.3925
352184650,287.3741528,-75.41080434,0.39135501,,16.582899,15.8092
352183961,287.5007155,-74.44080381,0.36548299,,16.2458,15.4191
352184518,287.4916477,-75.22297013,0.245553,,17.013201,16.273701
352184762,287.4470408,-75.57927269,0.30237001,,17.4053,16.5555
352184848,287.5457281,-75.71101381,0.36045301,,16.8165,15.9871
352184888,287.3971014,-75.7830177,0.30899999,,16.921499,16.056
352229679,288.6987657,-75.44268573,0.32119501,,16.6821,15.8246
352229683,288.7235018,-75.44142314,0.42718399,,16.6124,15.7752
352136856,284.8887864,-74.8871699,0.34864101,,17.031,16.126699
352183973,287.4335892,-74.45913719,0.36395699,,16.6166,15.7276
352184679,287.6175668,-75.44665265,0.436865,,16.6129,15.8148
352184268,287.331321,-74.85300329,0.331265,,16.741301,15.8938
352184627,287.6122145,-75.37334389,0.37579501,,16.457399,15.6205
352183704,287.6127944,-74.06132969,0.0491422,,16.592699,16.182899
352184356,287.3759373,-74.98499559,1.1883,,13.9375,13.2337
352184327,287.5404294,-74.94189356,0.10613,,14.7615,14.296
352230036,288.648417,-74.93757693,0.154433,,15.0268,14.3041
352184270,287.412258,-74.85698101,0.466766,,15.3486,14.7764
352184341,287.3236051,-74.96661263,0.57895797,,15.7606,14.9614
352229631,288.7208728,-75.52140076,0.66975498,,15.6513,14.8401
352183835,287.2794981,-74.24480893,0.43195999,,16.106899,15.2229
352184021,287.243105,-74.52140181,0.31425101,,16.6639,15.7943
352184363,287.3722539,-74.99798164,0.58124602,,16.1728,15.3084
352229592,288.4512169,-75.58630143,0.62555099,,15.8217,14.9876
352183788,287.4220406,-74.17471622,0.163734,,17.4032,16.4888
352230441,288.5831568,-74.33751905,0.169899,,17.3759,16.6532
352183836,287.5030451,-74.24537294,0.17,,17.124599,16.4795
352184446,287.2776967,-75.11436118,0.215619,,17.9147,17.051901
352183736,287.3130652,-74.10382965,0.170185,,17.5648,16.6434
352184935,287.3850546,-75.85863066,-0.025310701,,17.4692,16.990101
352136388,284.9200794,-74.21266501,0.127791,,17.106501,16.2325
352184513,287.4753052,-75.21887398,0.48648,,16.974001,16.1033
352184590,287.6179259,-75.33087462,0.13500801,,17.418699,16.5735
352226678,288.3452572,-74.99781604,0.382337,,17.1017,16.2887
352226981,288.2607338,-75.49991455,0.23314901,,17.980801,17.1467
352137544,285.0993424,-75.88767348,0.54182702,,17.6299,16.7311
352183908,287.5163607,-74.35758117,0.295454,,18.055799,17.1528
352184032,287.3944674,-74.53608046,0.23715401,,17.4569,16.567499
352184078,287.2875562,-74.61225222,0.218941,,18.010401,17.193899
352184174,287.5836618,-74.73082443,0.272809,,17.6481,16.7729
352184247,287.3614982,-74.8344046,0.183939,,17.407801,16.593399
352184267,287.2572027,-74.85285155,0.43557101,,18.031799,17.1604
352184447,287.3107716,-75.11562808,0.098632798,,18.1087,17.219299
352184675,287.5359273,-75.44106423,0.149657,,17.401899,16.5455
352184843,287.5422351,-75.69993575,0.25660899,,17.1759,16.3769
352184193,287.3492451,-74.75993574,0.17992701,,17.608,16.820499
352184335,287.4030638,-74.9502199,0.136848,,17.6504,16.829599
352184514,287.3406969,-75.21923478,0.29670501,,17.615499,16.745399
352226983,288.1665936,-75.50191511,0.192763,,17.562901,16.687201
352230205,288.6928469,-74.68413374,0.39523101,,17.8486,17.031401
352230277,288.5574344,-74.59013147,0.36589,,17.634399,16.758699
352230326,288.4719167,-74.50462541,0.185579,,17.562,16.658701
352184086,287.3701347,-74.62270238,0.329748,,16.705799,16.029301
352184492,287.2796384,-75.19076976,0.251946,,16.988001,16.1042
352136939,285.0526376,-75.00229021,0.44035599,,17.2449,16.322599
352183663,287.3491731,-74.01979886,0.34418899,,17.4722,16.5553
352184405,287.5822436,-75.06478289,0.34668601,,16.9727,16.145599
352184481,287.4345251,-75.17722896,0.29038799,,17.2766,16.417999
352229946,288.510183,-75.07469598,0.271411,,16.4622,15.8736
352230236,288.6382184,-74.64013932,0.34738001,,17.185699,16.372499
352183975,287.4645917,-74.46037433,0.28722799,,17.4356,16.571501
352184609,287.5628931,-75.35047196,0.25566801,,17.433701,16.5805
352184016,287.3728127,-74.51903674,0.43469799,,17.333799,16.4751
352184474,287.34904,-75.15771142,0.30438501,,17.2805,16.432699
352229873,288.4428809,-75.17091611,0.25332299,,16.763201,15.8924
352184342,287.3795834,-74.96720598,0.33435801,,16.7563,15.9198
352184525,287.6120872,-75.23048408,0.229541,,17.016701,16.157301
352230235,288.7966005,-74.6404959,0.379994,,16.598101,15.7736
352137312,285.0922544,-75.53737224,0.119104,,17.865801,17.0704
352183689,287.574633,-74.04244923,0.016140999,,18.338301,17.414801
352184527,287.5187467,-75.23512023,0.30953699,,17.617399,16.8176
352184659,287.3650873,-75.42438046,0.130825,,17.677401,16.841801
352184953,287.3744572,-75.88556714,0.210728,,17.407301,16.5415
352184523,287.4734423,-75.22908176,0.18395001,,17.230801,16.4182
352184986,287.3669906,-75.95105689,0.434012,,17.363701,16.4867
352230041,288.7907543,-74.93327049,0.503609,,17.371201,16.5063
352183665,287.3438006,-74.02490596,0.22525699,,17.869499,16.9708
352183737,287.4559354,-74.10403844,-0.0094805798,,17.9293,17.024799
352184080,287.5417294,-74.61453738,0.198783,,17.5756,16.717501
352184063,287.3448084,-74.59279262,0.329162,,17.8272,16.9555
352184362,287.4406576,-74.99531062,0.118014,,17.501101,16.707701
352184974,287.2919902,-75.9184724,0.203987,,17.3279,16.4893
352229953,288.7228296,-75.05960896,0.223985,,17.8944,17.059299
352229771,288.7380912,-75.31393015,0.231736,,17.617599,16.881399
352230138,288.4347369,-74.80184219,0.149442,,17.6078,16.7878
352230367,288.7356786,-74.45532457,0.34879601,,18.348301,17.4303
352230439,288.7833948,-74.33893525,0.18054,,17.632799,16.7033
352226867,288.1713279,-75.31373728,0.132074,,18.380501,17.605801
352229624,288.7523767,-75.52926774,0.31860301,,17.9813,17.1789
352184864,287.4448937,-75.74181328,0.13510101,,17.8232,17.1786
352184364,287.3291099,-74.99809079,0.25023001,,18.0868,17.2348
352184973,287.4207573,-75.91837604,0.070904598,,18.1077,17.3531
352137311,285.0635068,-75.5369887,0.201842,,18.2001,17.2971
352184070,287.2908596,-74.60060484,0.379942,,17.526501,16.6695
352184130,287.2447449,-74.67277407,0.082136802,,17.736799,16.975901
352184524,287.3396107,-75.22935194,0.242421,,17.7379,16.8738
352229809,288.5621894,-75.26516196,0.30789301,,17.550501,16.6819
352136940,285.2901489,-75.00493924,0.13175701,,18.349199,17.4937
352184369,287.2941087,-75.0092,0.28862101,,17.936701,17.0811
352184140,287.4861601,-74.68490384,0.317294,,17.600201,16.763
1815612687,287.0702804,-75.6899054,0.063204303,,18.309601,17.4508
1815612922,286.7520874,-75.67475954,0.117515,,18.118601,17.431299
1815635043,286.7519359,-75.31125651,0.187308,,18.4048,17.5362
1815635569,286.9817841,-75.22548901,0.250108,,18.5532,17.7052
1815641806,286.7091508,-74.7030446,0.21301401,,18.2465,17.4321
1815641916,286.8102889,-74.70077761,0.18572401,,18.6415,17.799601
1815641925,286.825959,-74.68050179,0.27548999,,18.2274,17.322901
1815656925,286.7810696,-74.39151945,0.31198099,,18.3902,17.5278
1815656949,286.8330481,-74.35483522,0.226041,,18.1161,17.253099
1815634151,286.7971991,-75.35743429,-0.155148,,18.607901,17.791599
1815635561,286.7774664,-75.24969263,-0.0265522,,18.6747,17.8943
1815640190,287.0016928,-74.96710185,-0.131429,,18.5984,17.740999
1815635027,286.7994828,-75.33784233,0.0149734,,18.6243,17.7784
1815635563,286.8373465,-75.23935423,-0.24271099,,19.238001,18.357401
340791805,292.4370099,-74.53128771,0.078130297,,17.9111,17.0084
340792176,292.5691501,-74.00136218,0.45093301,,18.1329,17.327801
1815709036,288.4514179,-74.35432295,-0.126344,,19.620199,18.7171
1815711946,288.3620673,-74.20162836,0.33758101,,19.570499,18.752001
1815712016,288.4291862,-74.14416295,0.046164598,,19.1747,18.3866
1815713001,288.2998906,-74.0669671,-0.238841,,19.741699,18.903299
1815713082,288.3112151,-74.02027059,0.29650301,,19.8039,18.880899
1815713103,288.4273889,-74.01219465,0.099369198,,19.537399,18.6866
1815713364,288.3024409,-74.00443482,0.25597599,,19.236799,18.4769
1815615190,289.8748833,-75.89450548,-0.111803,,19.4844,18.5989
1815615188,289.9835928,-75.89886156,-0.060970802,,19.9744,19.1698
1815615827,289.8867346,-75.86296293,-0.0211979,,20.013201,19.106199
1815615972,289.9784674,-75.65380869,-0.100686,,19.1178,18.359301
1815615975,289.989751,-75.6423787,-0.113345,,19.4578,18.732599
1815616953,289.9653198,-75.46403917,-0.215112,,19.7855,18.9816
1815617855,289.8822946,-75.39433257,0.207739,,18.4617,17.751499
1815617867,289.9175632,-75.38735445,-0.0329335,,20.2131,19.3846
1815617895,289.7905691,-75.36426399,-0.123434,,19.8603,19.141199
1815618178,289.9827702,-75.27026257,0.105186,,19.947599,19.1206
1815618186,289.9001297,-75.24189036,0.0153808,,19.099701,18.308001
1815618188,289.9536066,-75.23196462,0.23703299,,19.826099,19.048901
1815618254,289.8472781,-75.21961596,-0.136473,,19.563601,18.734301
1815619675,289.9188376,-75.07152178,0.26912999,,19.945101,19.149799
1922137198,292.8182415,-75.95302441,0.33018899,,18.6434,17.7644
1922163538,294.4500077,-74.31976067,0.060264599,,19.586,18.720699
1922163788,294.3955545,-74.22281682,0.348894,,18.817101,17.9645
466688065,296.1805658,-74.38157536,7.4944701,,9.7898998,9.0386105
340791453,292.4456056,-75.04334464,1.4844199,,13.6481,12.8348
340791507,292.6400549,-74.98233827,2.6364601,,12.401,11.657
340790862,292.5035713,-75.9141777,2.92084,,12.0746,11.3263
407920756,290.1521014,-75.86209296,1.19138,,13.5847,12.7513
407920802,290.1533441,-75.9409945,1.85596,,13.3912,12.5486
340791160,292.4358689,-75.46932612,1.11031,,13.5147,12.8364
340791736,292.4810685,-74.61147516,1.16409,,14.1183,13.3408
340790837,292.3946324,-75.95095764,1.31822,,14.2857,13.4008
340792063,292.4943207,-74.16186382,0.51776201,,16.0219,15.1881
1815631788,285.4277818,-75.6528438,-0.185064,,19.919399,19.0667
1815631795,285.3670002,-75.64176645,0.216471,,19.1028,18.198299
1815632740,285.4091061,-75.62387417,0.226006,,19.202101,18.2836
1815633146,285.15555,-75.52848363,0.34542999,,18.409599,17.5711
466688251,295.8795378,-74.67016508,1.4557101,,14.2424,13.4176
352226358,288.320128,-74.5014539,0.21191999,,15.678,15.2274
352226078,288.031524,-74.0989738,0.63607901,,16.3834,15.4595
340790901,292.5657572,-75.87164263,0.30711001,,16.3997,15.5519
1815633227,285.2440592,-75.49207726,0.214204,,18.999901,18.245399
1815633395,285.4225824,-75.41977494,0.022395501,,19.9494,19.0418
1815637173,285.32346,-75.35625707,-0.26642299,,20.051701,19.3283
1815637113,285.3890176,-75.35943927,-1.1406699,,20.2059,19.375
1815637118,285.5315112,-75.38324318,0.158369,,19.833,18.959101
1815637204,285.2922109,-75.32329653,-0.63474,,20.771099,19.859501
352226276,288.3775119,-74.37657845,0.48262101,,16.2407,15.353
352230532,288.7477057,-74.23106478,0.51701301,,16.113501,15.3071
1815611077,286.7740854,-75.99958089,0.25524399,,19.0942,18.2904
1815611196,286.7267661,-75.94928326,0.052752901,,18.5937,17.8517
1815611455,286.6446226,-75.90616314,0.43543699,,19.4298,18.5737
1815611477,286.910215,-75.88530846,0.457113,,19.351,18.625999
1815633699,286.6186912,-75.55011095,0.40033701,,19.9018,19.035101
1815633981,286.6052374,-75.47874255,-0.078475602,,19.278799,18.452499
1815634028,286.7638635,-75.44524587,0.24339899,,18.914499,18.090401
1815634039,286.7863726,-75.4250787,-0.169329,,19.6196,18.8162
1815635017,286.6647677,-75.37172382,0.101936,,20.2453,19.365601
1815635118,286.6792166,-75.29415834,-0.44804499,,20.016701,19.1882
1815635333,286.6212672,-75.25782068,0.226988,,19.4014,18.6966
1815635366,286.6400358,-75.23229041,0.117645,,19.827801,19.0818
1815635942,286.8064308,-75.13357932,0.23977,,20.025,19.149099
1815635931,286.7508893,-75.1574963,0.22963101,,19.6541,18.8008
340791072,292.6401185,-75.62064188,0.56630301,,15.9407,15.0514
340792030,292.5797408,-74.20991884,0.48766199,,16.271,15.3862
1815639790,286.699218,-75.11776254,0.29291099,,18.644899,17.7621
340791357,292.6601588,-75.20416251,0.598643,,14.933,14.0217
466688339,296.1905705,-74.82925985,1.50866,,13.8304,12.9553
466688786,295.9587395,-75.69393236,0.927284,,14.2176,13.3083
466688291,296.2308037,-74.72753418,0.205808,,16.190201,15.3348
352226080,288.3873678,-74.10013968,0.73518902,,15.6385,14.7445
352226298,288.235034,-74.40744428,0.72844899,,15.3164,14.4905
352230406,288.8008789,-74.39214433,0.465352,,15.8736,15.0687
340790857,292.435386,-75.9183118,0.648718,,14.3259,13.5689
340791615,292.3812715,-74.81548831,0.77616501,,15.1267,14.2406
340792035,292.4817908,-74.20706428,0.68123102,,15.315,14.462
340792117,292.367515,-74.08068355,0.62162799,,15.6431,14.7843
340792146,292.6677052,-74.04091798,0.49238101,,14.8876,14.0681
340792171,292.3777832,-74.00637947,1.06265,,14.5865,13.7118
466687861,296.0497058,-74.0536775,0.68033803,,15.9173,15.0275
466688296,296.1512941,-74.74523488,0.50550503,,15.9128,15.1159
466688297,296.095143,-74.74542239,0.680273,,15.4111,14.5609
352226160,288.3795895,-74.21904031,0.91202098,,12.9601,12.3256
466688102,296.0083917,-74.41441179,0.138647,,17.182699,16.3465
352226028,288.2590898,-74.01290748,0.30927899,,16.974899,16.150499
340790903,292.3943784,-75.86615144,0.511208,,17.436001,16.5341
466687950,295.9745145,-74.17894582,0.32682401,,17.143,16.299601
466688151,296.1610983,-74.48988242,0.27651399,,17.134501,16.2703
466688334,296.0809384,-74.81803466,0.40957299,,17.246799,16.389601
466687947,296.1488022,-74.17449438,0.25676501,,17.058901,16.194799
340791287,292.3647237,-75.30930751,0.31129599,,16.207701,15.5512
340791655,292.522283,-74.74368654,0.160558,,16.9048,16.0233
466688395,296.2041916,-74.95624992,0.228154,,16.5905,15.731
466688804,295.9153081,-75.73465389,0.36214399,,16.9445,16.045799
340792087,292.5918587,-74.12392016,0.99712998,,13.9275,13.097
340792090,292.5961698,-74.12069956,0.98853201,,14.2146,13.4429
340790922,292.4263532,-75.84218893,0.631809,,15.5675,14.7349
340790974,292.6425019,-75.77429284,0.48221901,,16.3241,15.4162
340791978,292.4412057,-74.29065952,0.58810103,,15.7537,14.8747
466687951,296.0808819,-74.18014984,0.99129599,,14.9023,14.0186
407920680,290.0322379,-75.77347998,0.54559499,,16.5791,15.6853
340790801,292.4977358,-75.99209615,0.66400599,,15.9137,15.084
340791201,292.6921124,-75.41480736,0.489568,,16.3866,15.4782
340791387,292.3744875,-75.1547211,0.583444,,16.542601,15.6312
340792088,292.5346526,-74.12289355,0.372475,,16.347401,15.4434
466688537,296.2631415,-75.22399769,0.044654101,,16.3613,15.5169
340791426,292.745724,-75.09043934,0.056494799,,18.4652,17.5933
466687866,296.1980235,-74.05786382,0.210803,,17.497801,16.653601
466688248,296.2655088,-74.66541606,0.0129104,,17.672001,16.994301
466688409,296.2747555,-74.97964781,-0.0123288,,18.0315,17.520599
407920808,290.4002028,-75.96194387,0.285043,,17.4865,16.6602
340791360,292.605641,-75.19916776,0.107706,,17.773199,16.879601
352226119,288.0910481,-74.16971665,0.244129,,16.920799,16.0154
466688350,296.0913183,-74.86459591,0.394402,,17.281601,16.415001
466688830,296.0735264,-75.79288776,0.198512,,17.308001,16.3706
340792092,292.5741604,-74.11734278,0.34156099,,18.2195,17.320999
466687889,296.2175334,-74.09933741,0.191579,,18.164101,17.311199
352226027,288.1048575,-74.01188986,0.086523898,,17.6467,16.781601
407920454,290.233576,-75.39627649,4.0559101,,10.4128,9.8295803
352184400,287.3123813,-75.05402442,2.1306,,13.1386,12.2983
352184559,287.4940846,-75.28597283,1.01059,,13.3136,12.5023
352184704,287.3886658,-75.483734,1.82401,,12.7565,12.0727
340790928,292.3592368,-75.83625047,0.27744099,,17.110001,16.367201
340790927,292.4464359,-75.83669657,0.21722101,,17.963699,17.0476
340791164,292.522015,-75.46675951,0.30599701,,17.4958,16.600401
340791748,292.4157906,-74.59589781,0.21456499,,18.0021,17.0986
340792119,292.514641,-74.07794896,0.30316001,,17.8864,16.988199
340792085,292.5963036,-74.12929854,0.081820197,,17.446699,16.660101
352185013,287.4102949,-75.99562565,1.83392,,12.6232,11.8727
407920681,290.1457135,-75.77429027,0.264525,,17.551399,16.7148
340791021,292.4454669,-75.68500288,0.34464201,,17.9133,17.072399
340791617,292.7261697,-74.81364219,0.34588099,,17.742901,16.8437
466688336,296.0691164,-74.82257144,0.30035099,,17.2633,16.397499
466688711,296.2644478,-75.56745442,0.180665,,17.710899,16.8521
466688729,296.0501727,-75.59383446,0.35506001,,17.6665,16.759199
352184553,287.4205473,-75.28100749,1.23086,,14.2879,13.4388
352184684,287.3261006,-75.4567882,0.85131902,,15.2208,14.3896
340791482,292.6761579,-75.00310144,0.22035401,,17.2988,16.390301
340791899,292.6187726,-74.39958206,0.190632,,17.196301,16.336599
407885750,290.3615906,-75.36754937,0.80678999,,15.7408,14.8533
407920763,290.1683418,-75.8754635,0.618164,,15.9554,15.107
466684614,295.7762824,-74.93166144,0.454283,,17.735001,16.9692
352226271,288.0387231,-74.37051268,0.38535699,,17.2924,16.402
352226361,288.3446696,-74.50422459,0.379702,,17.297501,16.427099
466688421,295.9561001,-75.00010395,0.191129,,17.0452,16.2061
340790895,292.3789307,-75.87686549,0.33249599,,17.658701,16.801399
340791600,292.4244936,-74.84657598,0.431214,,17.235701,16.444599
340791738,292.440493,-74.60969871,0.30011299,,17.731501,16.869801
340790966,292.4095922,-75.78882522,0.44961101,,18.5868,17.6758
466688325,296.2496275,-74.80094839,0.22635201,,17.474701,16.5909
340791221,292.541773,-75.39319531,0.432915,,16.7258,15.8305
1815611834,287.8104039,-75.78866867,-1.05523,,20.2847,19.399401
1815611830,287.8398371,-75.79288307,-0.74670303,,20.488001,19.611799
1815611852,287.5560278,-75.81862666,0.212413,,19.124399,18.2479
1815611892,287.7124255,-75.77476853,-0.348813,,19.096001,18.398001
340791692,292.620404,-74.67887638,0.24363101,,17.116199,16.2335
1815611926,287.8907786,-75.7326419,0.400076,,18.8545,17.989599
1815611929,287.8771079,-75.72170389,0.10217,,18.8895,18.173401
1815611930,287.8337108,-75.7199206,-0.46176401,,19.080099,18.4028
1815611934,288.105771,-75.77892471,-0.070547603,,20.398701,19.555599
1815612138,287.8098167,-75.71821129,-0.57239401,,20.645399,19.791201
466688405,295.9572231,-74.96915912,0.225702,,16.972,16.1082
1815612272,287.9070108,-75.67654295,0.241492,,18.893499,18.1845
352230334,288.5568095,-74.49562424,0.21471401,,17.7927,16.951599
352230336,288.5476613,-74.4945375,0.29978001,,17.826799,16.960199
340791896,292.5284197,-74.40480085,0.16700099,,17.8279,17.091
466688252,296.011396,-74.67105267,0.3707,,17.837999,16.9485
352184966,287.6010913,-75.90337739,0.35633099,,16.7076,15.8337
1815613271,287.8935523,-75.55467343,0.39119199,,18.931601,18.1063
1815613273,287.9117522,-75.55316251,0.084322102,,18.874001,18.112801
1815613371,287.8099486,-75.50634807,0.144403,,19.424,18.618799
1815613739,287.8829875,-75.37832949,-0.113599,,19.4233,18.763599
352184912,287.5464474,-75.82577823,0.60000598,,15.1696,14.3174
340791787,292.6570134,-74.55197006,0.05446,,17.788601,16.9151
352226164,288.4555018,-74.22220779,0.40021101,,18.1574,17.273399
407885636,290.3597879,-75.21164917,0.40841499,,15.975,15.0852
407920720,290.3553638,-75.82404983,0.77689898,,15.6034,14.6778
352226293,288.2801028,-74.40344676,0.232088,,17.786501,16.8995
340792038,292.6780802,-74.20103516,0.126389,,18.0536,17.2264
340792039,292.3998824,-74.2007269,0.228045,,18.153,17.322001
1815634364,287.9305849,-75.35093565,0.18555,,19.115999,18.2435
1815634734,287.7754424,-75.21935058,0.224931,,19.149,18.384199
1815634735,287.7477763,-75.23247019,0.187916,,19.4034,18.772301
1815634771,287.7338132,-75.21952018,0.21678799,,19.0466,18.287001
352226403,288.1082068,-74.57404958,0.39695099,,17.901199,17.0217
407920708,290.2069451,-75.81044711,0.0926902,,17.652399,16.8493
340791589,292.5396895,-74.85710365,0.29449299,,17.7199,16.819901
340791981,292.5467106,-74.28374244,0.34930399,,17.5669,16.7209
352184397,287.3488591,-75.05150217,0.369122,,16.109501,15.4538
352184719,287.3548845,-75.51334196,0.37384599,,16.3904,15.5113
352226407,288.3935074,-74.58042914,0.098210298,,18.100201,17.254299
352184969,287.4947454,-75.90803484,0.37923899,,16.417999,15.5719
352184971,287.4127404,-75.91231417,0.529773,,15.9109,15.0676
407920725,290.2273634,-75.8264498,0.319767,,16.7258,15.8662
1815704230,287.8598152,-75.12488676,0.51037902,,18.561701,17.694099
1815704233,287.9453948,-75.11068497,0.27309099,,18.8351,17.998501
1815704240,287.8305631,-75.10652089,-0.25578001,,19.506701,18.719299
1815704340,287.8175798,-75.07003943,0.212521,,19.616301,18.7743
1815704342,287.8617818,-75.06364487,0.15045799,,19.913601,19.154499
1815704608,287.7623345,-75.02719967,-0.149299,,19.080299,18.371201
1815704609,287.7041588,-75.03237431,-0.74121797,,19.717501,19.115
352184567,287.371285,-75.30309556,0.40670899,,17.3132,16.501101
352230686,288.8089815,-74.01057584,0.27459699,,18.122,17.265301
407920805,290.2207419,-75.94988459,0.28933299,,18.103001,17.1943
340791161,292.6593174,-75.46909386,-0.0199806,,18.0975,17.2292
1815704715,287.7905898,-74.97793301,0.39826,,18.8265,18.1681
340791979,292.6698335,-74.29040435,0.10365,,18.2379,17.3613
340791980,292.6476288,-74.28796683,0.073433504,,18.5798,17.687
1815706506,287.8172919,-74.86158129,0.083466001,,19.539499,18.9147
340792174,292.3458297,-74.00425006,0.050892401,,18.3354,17.4492
466688335,296.0495311,-74.8203384,0.17556199,,18.1537,17.349701
1815706855,287.7648265,-74.78914832,0.0489618,,19.920401,19.121599
407920776,290.0499179,-75.90150866,0.33371401,,17.749399,16.936899
1815707138,288.0977584,-74.67364033,-0.104882,,20.070601,19.226101
1815707103,287.8918727,-74.7178884,0.0093770698,,17.793699,17.485901
1815707126,287.8422736,-74.69631958,0.00067262503,,18.8437,18.1117
1815707128,287.8135603,-74.69062134,-0.41169199,,20.4562,19.6026
1815708070,287.7369914,-74.65203886,0.35837299,,18.547899,17.6689
1815708073,287.8617051,-74.64381954,-1.07073,,20.859699,20.0219
352184456,287.2839335,-75.13137165,0.249198,,17.5037,16.615299
352184552,287.2975196,-75.28077547,0.306833,,17.767401,16.910101
352184569,287.3303714,-75.30686444,0.399225,,17.0728,16.2904
352184640,287.6068978,-75.39949666,0.26276401,,17.5709,16.751499
340791036,292.38316,-75.66509388,0.21030299,,18.254601,17.487301
340791291,292.701875,-75.30624532,0.180793,,18.488701,17.579399
466688935,296.1852596,-75.98102989,0.305668,,18.127199,17.33
407920675,290.3692547,-75.76949422,0.129446,,17.982,17.098
407920795,290.1907926,-75.93193311,0.144491,,17.6007,16.68
407920804,290.1337606,-75.94851636,0.28430501,,18.343,17.424101
340790973,292.63295,-75.77529108,0.058805201,,18.077299,17.268801
352184669,287.5052312,-75.43763187,0.41288501,,16.8864,15.9969
466688808,295.9264631,-75.74544747,0.282704,,17.9167,17.003599
407885633,290.1427155,-75.20816759,0.068446502,,17.6189,16.738501
407920824,290.0397262,-75.99002256,0.36065099,,17.486401,16.602699
352184671,287.373496,-75.4388903,0.333621,,16.674601,15.8331
1815618193,289.9076774,-75.23733415,0.195802,,18.1628,17.3312
1815619707,289.945855,-74.99686181,0.0939565,,18.233801,17.447001
1815711876,287.7988473,-74.23340055,0.323854,,19.0842,18.246099
1815711884,287.9476633,-74.2038801,-0.51833999,,20.142799,19.389299
1815712817,287.9485933,-74.15978641,-0.84400398,,20.426701,19.5124
1815712796,287.8908845,-74.19770949,-0.26542699,,19.2693,18.4231
1815713136,287.7085183,-74.13622444,0.30565801,,18.8957,18.038799
1815713137,287.7022257,-74.13520198,-0.37664601,,19.6894,18.792
1815713196,288.0186212,-74.06083665,-0.83690399,,20.1287,19.2616
352184395,287.2599357,-75.04675737,0.15745001,,18.065001,17.1814
1815709040,288.3034212,-74.3804575,0.153559,,18.530199,17.640301
1815615401,289.5502425,-75.90765315,0.305242,,18.924299,18.0825
1815615406,289.7242871,-75.92045786,0.41233,,19.060499,18.1693
1815615450,289.5497504,-75.89606205,0.52432299,,19.3522,18.461399
352184572,287.5024522,-75.30981459,0.21420801,,17.565201,16.735201
407920589,290.1905615,-75.61892399,0.035586201,,17.7931,16.9632
1815615810,289.5219712,-75.74409114,0.333505,,19.424299,18.573601
1815615811,289.5659336,-75.74105415,0.339908,,18.8304,18.056999
1815615855,289.9782235,-75.80962619,0.27500701,,18.4034,17.524099
1815615970,289.876292,-75.65912462,-0.064069897,,18.7215,17.883499
1815616209,289.5533885,-75.68554987,0.46805301,,19.491699,18.5914
1815616539,289.4169229,-75.58260768,0.27253699,,18.546101,17.770399
1815616864,289.4678517,-75.5364034,0.30201301,,18.5494,17.687
1815711934,288.3543643,-74.21453212,-0.29462701,,19.125099,18.2656
1815617699,289.3773658,-75.50630869,-1.33213,,20.680901,19.853901
1815617700,289.3593518,-75.50756072,0.118899,,18.987101,18.174801
1815617719,289.3249913,-75.47663583,-0.40979299,,20.003799,19.244699
1815617794,289.2850321,-75.43709541,0.33743301,,19.337799,18.509399
1815617966,289.3715185,-75.39920982,-0.116618,,19.293301,18.485399
1815617972,289.4176238,-75.38892455,0.434232,,18.8302,17.9874
1815617975,289.428067,-75.38485099,0.228404,,18.7222,17.954
1815619685,289.8954843,-75.04228962,-0.351239,,19.177401,18.3689
1815619746,289.9594968,-74.94931736,-0.38048401,,18.996201,18.097799
1815618109,289.4236585,-75.31474932,0.42261401,,18.6534,17.873501
1815619032,289.3609627,-75.26110673,0.328109,,20.0515,19.2565
1815619106,289.4043275,-75.19990871,0.014794,,19.7819,18.9182
1815615833,289.8872934,-75.8464801,-0.194812,,18.6612,17.871201
1815619130,289.4207167,-75.17013198,-1.16787,,20.4485,19.7003
1815619472,289.2895889,-75.08030194,0.22851899,,19.664101,18.9
1815619475,289.3115187,-75.07131446,-0.105452,,19.915501,19.193001
1815619476,289.4315544,-75.1447381,-0.20584901,,19.337099,18.4683
1815619479,289.5198211,-75.13759531,-0.22770301,,20.1042,19.312
1815703757,289.3838533,-75.01036301,0.076630101,,19.994301,19.1649
1815703838,289.431295,-74.95642512,-0.610358,,20.629999,19.7847
1815703886,289.493948,-74.92853342,0.44988799,,18.206699,17.3811
1815703887,289.5153865,-74.93517664,0.51088899,,18.1775,17.3228
407920553,290.3965373,-75.5549278,0.25562501,,18.0973,17.294399
352184776,287.4665772,-75.60206793,0.257355,,18.1304,17.309999
1815704194,289.3354669,-74.85330163,0.33447599,,18.436399,17.5839
1815706195,289.5511852,-74.62762858,0.291989,,18.7509,17.9314
1815706197,289.5172787,-74.6266843,0.42221701,,19.091801,18.257099
1815706269,289.4090762,-74.60219546,-0.130072,,20.1551,19.3207
1815706278,289.489224,-74.57833082,-0.042036202,,19.5697,18.7106
1922139782,292.2855749,-75.79682602,0.0232199,,19.6117,18.8267
1922139698,292.2338062,-75.82817801,0.0349904,,19.3675,18.5317
1922139702,292.2981843,-75.84136605,0.23661999,,19.774799,18.996201
1922139784,292.0954064,-75.81985401,0.102156,,19.0662,18.292801
1922140019,292.3216673,-75.72402832,-0.085962497,,19.7379,19.0606
1815632840,285.2649689,-75.5808066,-0.0195479,,18.281,17.3878
1815633398,285.5018294,-75.41086109,-0.027268801,,18.530399,17.6222
1815637092,285.3236858,-75.38905548,0.058688201,,18.767099,17.8531
1815611152,286.603492,-75.97021663,0.073180802,,18.751301,17.9189
1815633703,286.6619722,-75.5513008,0.032811899,,18.631201,17.767099
1815633733,286.6332644,-75.51399347,0.196242,,18.386499,17.555201
1922141135,292.3058967,-75.50633736,0.349549,,18.326599,17.4949
1922141387,292.1510424,-75.41813103,-0.073544599,,19.143101,18.447599
1922141391,292.2036492,-75.41130545,0.49074599,,18.561701,17.6707
1815634108,286.7193616,-75.42517742,0.0319525,,18.5427,17.6532
1815635367,286.6215556,-75.23159739,0.057736099,,18.628799,17.8538
1815635941,286.7920111,-75.13656575,0.13767301,,18.403799,17.539
1815639786,286.8460142,-75.09859988,0.000977205,,18.415501,17.5273
1922151812,292.2288284,-75.33020248,0.50542098,,19.011801,18.2911
1922152099,292.2820257,-75.20433465,-0.50103599,,20.3671,19.5107
1922157010,292.1696796,-75.10732654,-0.129282,,19.1856,18.3946
1922157017,292.2801183,-75.09200999,0.353587,,18.7316,17.9582
1922156988,292.2296808,-75.14607909,0.149896,,19.184799,18.3188
1922156991,292.2451278,-75.13149942,-0.030610301,,19.1001,18.2651
1815633226,285.2304429,-75.49504047,0.14108101,,18.707001,17.866899
1922157405,292.3458657,-74.94175444,0.40211001,,18.886299,18.0462
1922160536,292.3147843,-74.86307115,-0.069912799,,19.225,18.6008
1922160537,292.313623,-74.86252481,0.28465199,,19.0427,18.2073
1815612924,286.7677105,-75.67090279,-0.172153,,18.746099,17.894699
1922160708,292.3403995,-74.78227782,0.0025349199,,19.7334,18.971701
1922161982,292.312581,-74.54100151,0.246778,,19.1119,18.383699
1922161986,292.3075015,-74.53013948,-0.168715,,19.629101,18.7661
1922162146,292.2386176,-74.53294731,-0.60878903,,19.5033,18.7642
1922195398,292.1691118,-74.36561982,0.076293498,,19.7635,18.9562
1922195413,292.2831489,-74.31956127,-0.057486199,,19.5445,18.7064
1922195656,292.3044828,-74.22006544,0.46007401,,19.2187,18.3766
1922195659,292.3910728,-74.21853405,0.27105999,,18.7992,17.9375
1922196623,292.1124941,-74.09077455,-0.27407801,,19.3813,18.502399
1922196713,292.3297203,-74.04860192,0.19616,,19.725599,18.853001
1922162751,292.7993345,-74.34922744,-0.238842,,19.673401,18.9417
1922162852,292.897463,-74.27242651,0.0127048,,19.9328,19.1119
1922195514,292.6200341,-74.26530999,0.22075801,,18.5683,17.767799
1922195578,292.7737595,-74.18686669,0.00217398,,19.9673,19.2069
1922195819,292.7913823,-74.10892179,-0.031956598,,19.4946,18.6889
1922198274,292.7909508,-74.02161786,0.24240801,,19.172001,18.2502
1922198276,292.8218582,-74.01637021,0.34836099,,19.451099,18.6567
1922197471,292.8537121,-74.02947262,-0.065655597,,19.6863,18.7892
1922145744,293.3915888,-75.63723524,0.350171,,19.7766,18.8899
1922145747,293.3469981,-75.64007006,-0.0747905,,19.1882,18.438101
1922146129,293.2191035,-75.45601997,-0.372118,,20.438801,19.548599
1922146941,293.3906313,-75.37313983,0.203731,,19.2852,18.4401
1922146947,293.2606017,-75.38736153,-0.111695,,20.007799,19.237
1922147003,293.1911918,-75.34398078,0.30469099,,20.212999,19.339001
1922147004,293.2339464,-75.35854567,-0.242689,,20.151899,19.260099
1922147327,293.1941272,-75.22292161,0.151913,,19.052299,18.1395
1922156030,293.2489966,-75.16336905,-0.0391725,,19.8922,19.0744
1922156535,293.4061352,-75.03346565,0.218557,,19.5315,18.6166
1922156536,293.3577206,-75.03930676,0.107136,,20.1583,19.264299
1922156750,293.2613449,-74.99702139,0.251075,,18.916401,17.997601
1922156801,293.1302215,-74.99101353,-0.36853501,,19.8528,19.077499
1922156813,293.2008778,-74.9691887,0.41300401,,18.603001,17.794201
1922157643,293.3635202,-74.84089399,-0.37880301,,19.821699,18.983999
1922157689,293.237955,-74.84715885,0.47736001,,18.4536,17.5424
1922157690,293.2891034,-74.84931042,0.216975,,19.195999,18.3377
1922157702,293.1228909,-74.84092597,-0.59218198,,19.362801,18.6534
1922157952,293.1774574,-74.78054422,0.346329,,18.9538,18.063801
1922158014,293.1562781,-74.75894724,-0.36023101,,19.635,18.776199
1922158149,293.3053528,-74.67573245,-1.3468,,20.662201,19.759001
1922161253,293.1520689,-74.67449333,0.33206901,,18.9674,18.107201
1922161273,293.1855233,-74.63665381,-0.247223,,20.4314,19.562599
1922161341,293.1801852,-74.5970606,-0.089352801,,19.7092,18.7999
1922161349,293.3374768,-74.59083327,-0.309257,,20.173901,19.3009
1922161665,293.2807574,-74.4825625,0.50865901,,19.4835,18.596701
1922164108,293.1890687,-74.34785852,0.30095801,,19.094999,18.2997
1922164037,293.4214878,-74.35643745,-0.19022501,,19.587099,18.7043
1922164038,293.4121124,-74.35635417,0.27002299,,18.749001,17.852501
1922164040,293.422061,-74.34389169,-0.120964,,19.3519,18.599899
1922164042,293.4042412,-74.33635386,0.12862299,,20.3018,19.461
1922164315,293.1929942,-74.26568421,0.27566999,,19.400299,18.592501
1922197149,293.2107049,-74.15420996,-0.377657,,20.356001,19.5877
1922141636,294.1381432,-75.85992821,-0.61711502,,19.9244,19.1178
1922141825,294.0770711,-75.82419231,0.38786,,19.5527,18.7362
1922141888,294.0729819,-75.78796779,0.34651899,,20.127701,19.216299
1922142597,294.0012823,-75.75813732,-0.34717,,19.758301,19.062401
1922142719,293.9174887,-75.6568521,-0.074506797,,19.4916,18.634899
1922142957,294.2765822,-75.69485283,0.360071,,19.639601,18.6903
1922146587,293.9317958,-75.33584411,-0.590509,,19.965401,19.229
1922146747,294.0766047,-75.24252753,0.181291,,19.068899,18.1984
1922147501,294.0598709,-75.2372791,-0.063724898,,19.868099,19.0273
1922147511,294.0697914,-75.21517419,-0.583848,,19.6611,18.9739
1922147886,294.1124386,-75.02373116,0.075253703,,19.760799,19.0259
1922147901,294.0222278,-75.00404783,0.196615,,19.6511,18.839001
1922147907,294.1397678,-75.00136124,-0.208326,,19.7204,18.8407
1922158485,293.9792128,-74.83326628,0.59611601,,18.493999,17.583599
1922159629,293.9323651,-74.62218046,-0.55453598,,19.802099,19.024099
1922159653,293.9169271,-74.58663458,0.30571699,,18.913,18.104099
1922126371,299.3504743,-75.97301504,0.41189399,,19.295799,18.344101
1922126454,299.189798,-75.92149863,0.34785599,,20.0054,19.082001
1922126980,299.0814233,-75.91317724,0.054174099,,19.768101,18.9168
1922126984,299.1271681,-75.91461238,0.24996699,,19.8298,18.954599
1922126985,299.1351823,-75.90727397,-0.0588856,,20.3638,19.5007
340788044,292.2025629,-75.20224229,1.68899,,,
364115819,289.40684,-74.33740297,1.28292,,12.4505,11.6371
340791710,292.4420196,-74.64469122,1.09752,,12.621,11.8662
466684359,295.750162,-75.39762016,10.3026,,8.1737804,7.4661102
340788462,292.2644546,-75.80270384,2.13465,,10.8365,10.2675
466690912,296.5119871,-75.81317453,1.7,,12.0081,11.2045
404194673,298.4604138,-74.59090304,1.34913,,12.5769,11.7407
340788519,292.2956105,-75.8874627,0.83457702,,13.6788,12.8636
340790806,292.4456638,-75.98209683,1.2014199,,12.5821,12.0761
340791254,292.5201366,-75.36222593,0.785918,,13.6504,12.8296
340791232,292.4365506,-75.38529716,1.96444,,13.7589,12.8654
466681431,295.4771289,-74.80847442,1.44103,,13.4703,12.5842
466684540,295.5355341,-75.05147059,1.07073,,12.6293,11.859
466691503,296.5009049,-74.64613274,1.17256,,13.5902,12.8482
466691504,296.6410905,-74.64475964,1.7711999,,13.2281,12.4205
466691600,296.3739234,-74.4662972,1.17494,,13.5605,12.6978
466691616,296.6409688,-74.44123387,1.2069499,,13.2357,12.5175
466691847,296.5608951,-74.06968916,1.12037,,12.8414,12.0307
404194420,298.6309037,-74.99513282,1.28174,,13.1234,12.2288
364115800,289.5462569,-74.36766878,1.0269099,,13.7499,12.9427
407924210,290.6572996,-74.05043692,1.30444,,14.0283,13.1776
466684360,295.5749191,-75.3975325,0.55851901,,15.4555,14.5418
466684920,295.6730953,-74.3854894,0.21282101,,16.500999,15.7299
364115905,289.3850519,-74.23659976,0.68696398,,15.5996,14.6849
407923287,290.7485987,-75.36798881,0.56151402,,15.4619,14.6175
466684800,295.6782033,-74.60317022,0.74568701,,14.9513,14.187
364116036,289.2063198,-74.0643285,0.34723601,,15.2557,14.6637
364115804,289.4389506,-74.3644979,0.587928,,16.2617,15.3269
466684811,295.6346966,-74.58652204,0.59499002,,16.302799,15.4182
407923739,290.5800219,-74.6948713,0.73772699,,16.0753,15.1907
466684186,295.70819,-75.67989135,0.49585101,,16.3386,15.414
404194375,298.3724887,-75.07143441,0.45836899,,15.9655,15.0706
340790964,292.491557,-75.79104789,0.72940499,,14.8213,13.9984
340791709,292.4828267,-74.64478467,0.89126402,,13.8955,13.0886
466684010,295.5758153,-75.99982154,0.988612,,14.8645,14.0358
466684401,295.5541795,-75.32532242,1.86072,,14.3,13.431
466684553,295.5771585,-75.03414843,1.1153001,,14.2877,13.4606
466685034,295.6272587,-74.20658638,0.79993701,,14.242,13.4466
466691876,296.4085416,-74.0093299,0.35986,,15.4349,14.7488
364115799,289.2097726,-74.37158953,0.985053,,14.4074,13.4785
364115820,289.3113036,-74.33390485,0.76681298,,14.7268,13.8063
340788554,292.2293095,-75.94045328,0.62056398,,14.6976,13.8478
340788572,291.954873,-75.97065897,0.66365498,,15.6695,14.7736
466681112,295.283509,-74.22564269,0.64444202,,14.4236,13.5883
466681572,295.2314871,-75.0338552,0.554959,,14.9549,14.0798
466681432,295.1542628,-74.80947042,0.81650299,,15.6437,14.7526
466684802,295.5180152,-74.59911178,0.78662503,,15.0425,14.1886
466684807,295.7127398,-74.59459923,0.33104599,,15.3443,14.5011
466685059,295.8472727,-74.16387554,1.04375,,14.4357,13.5589
466690904,296.422978,-75.82744263,0.79298699,,15.3518,14.4266
466691068,296.4180659,-75.46484746,0.67774898,,14.8654,13.9848
466691145,296.4451183,-75.32235425,0.94144303,,15.0415,14.1565
466691292,296.5609053,-75.03921577,0.63779598,,15.853,15.1348
466691618,296.3020549,-74.43953886,0.88722998,,14.945,14.078
466691783,296.3938069,-74.17622458,0.32233101,,15.6842,14.9467
466691823,296.5046288,-74.10471699,0.57257301,,15.7497,14.8715
404194837,298.6160811,-74.28634799,1.31534,,14.29,13.4
466691236,296.6310202,-75.14108612,0.38154101,,16.77,15.9303
340788070,292.2962973,-75.24576783,0.49166101,,16.528799,15.6502
340791002,292.6245532,-75.72241634,0.37474599,,16.9727,16.132799
340788126,292.2955431,-75.31733775,0.196706,,17.1651,16.288601
340788299,292.3320141,-75.5938663,0.205091,,16.2577,15.599
466684551,295.8211388,-75.03610766,0.323892,,16.862801,15.9986
466691373,296.4882955,-74.88222189,0.44329599,,16.838499,15.9554
404194394,298.364359,-75.04108356,0.25164199,,16.4342,15.6971
340788576,292.0255609,-75.97584111,0.350218,,16.6092,15.8379
466684507,295.5308102,-75.10823365,0.321363,,16.720501,15.8346
340788366,292.2041543,-75.68348392,0.80985999,,13.8132,13.2188
340788580,292.0214939,-75.97758111,0.34253299,,17.455099,16.5784
340791177,292.3492525,-75.45129819,0.24815001,,16.9077,16.025299
466684357,295.7346733,-75.40545472,0.66659403,,14.286,13.5492
466691278,296.4283805,-75.06881453,0.46851999,,14.9422,14.2699
340788365,292.1866507,-75.6831783,0.95535302,,14.4707,13.6279
466684362,295.7203616,-75.39143268,1.10662,,14.3265,13.4267
466685031,295.6122713,-74.20890403,0.258248,,15.5455,14.8648
466684040,295.6245421,-75.94656741,0.29773599,,16.818899,15.8856
466691622,296.4194903,-74.43190886,0.405453,,16.414301,15.5912
364115778,289.4010857,-74.40577247,0.198267,,16.8685,15.9708
340788184,292.2395701,-75.39773286,0.59240699,,16.1607,15.2716
466691122,296.4913522,-75.35415106,0.36791801,,16.5921,15.7627
466685017,295.4924715,-74.23751939,0.11339,,18.2127,17.337299
466691775,296.4236369,-74.18823625,0.161483,,17.486799,16.615801
466691825,296.3153082,-74.10288328,0.29652199,,17.42,16.598499
364115660,289.515201,-74.57283903,0.12845799,,17.353201,16.6124
466691043,296.3848658,-75.52978979,0.29177901,,17.1901,16.3234
340791117,292.7308398,-75.54651181,0.34183499,,17.2824,16.3687
466684428,295.4870391,-75.28148166,0.155064,,17.193899,16.3055
364115951,289.3887402,-74.17306393,0.42619801,,18.1684,17.2596
340788361,292.1425531,-75.68059199,0.134579,,17.922899,17.025
340788457,292.2147841,-75.7952279,0.25664499,,17.933001,17.0504
340788579,292.1930754,-75.97729388,0.185691,,18.2083,17.345699
466681103,295.1316993,-74.21456247,0.33670899,,17.2831,16.401199
466681370,295.2134165,-74.69773082,0.192959,,17.562901,16.686899
466681568,295.1912788,-75.02449452,0.30878699,,17.662399,16.7915
466684511,295.8415465,-75.09951649,0.245453,,17.298401,16.7153
466684542,295.6163218,-75.04884197,0.250779,,17.534,16.728399
466685055,295.5666068,-74.16873317,0.20792501,,17.3134,16.5592
466690999,296.3089905,-75.61049333,0.27047801,,17.929899,17.055799
466691342,296.3573817,-74.94222766,0.23143101,,17.867901,17.037399
466691455,296.5744793,-74.71884173,0.113017,,17.2216,16.4487
404194983,298.5398501,-74.06302062,0.12855101,,17.5749,16.673401
340788185,292.299415,-75.39815682,0.32353401,,17.1807,16.2778
364115659,289.4089473,-74.57397053,0.15508699,,17.2983,16.395201
364115754,289.5903103,-74.43326356,0.30036101,,17.6418,16.7082
466681202,295.4605699,-74.38649583,0.323273,,17.299801,16.4503
466684073,295.8087137,-75.89209336,0.27602601,,16.933001,16.1595
466684863,295.8319107,-74.47941572,0.13122299,,17.4391,16.563601
466691130,296.3695669,-75.34467709,0.39286801,,17.042,16.199301
466691199,296.522339,-75.21819678,0.241806,,17.392099,16.5061
466691501,296.5727644,-74.64742985,0.28616399,,16.887199,16.1628
466691844,296.3012844,-74.07248002,0.34064901,,17.321199,16.451401
404194716,298.3390362,-74.51598187,0.115122,,17.393801,16.568501
466685025,295.6720697,-74.22264328,0.56942201,,16.575399,15.6756
466681637,295.2217164,-75.13898321,0.404899,,16.756001,15.8543
466681605,295.2983282,-75.0739061,0.380808,,16.732401,15.8337
466682053,295.2519548,-75.91922382,0.34244901,,17.292601,16.374201
407924041,290.7527573,-74.2603057,0.322276,,17.4361,16.581301
340791252,292.4273258,-75.36367539,0.153072,,17.9681,17.1919
340791233,292.3613329,-75.38505223,0.22264899,,18.052999,17.178101
466681773,295.1216882,-75.37724099,0.193452,,17.9765,17.1392
466690851,296.4793781,-75.92839279,0.3488,,17.9807,17.104099
466691843,296.4293013,-74.07455729,0.227063,,17.738701,16.863899
364115890,289.3438119,-74.25485683,0.0518815,,17.876699,17.0289
340790812,292.4987641,-75.97801248,0.279318,,17.5193,16.635099
466681689,295.4122834,-75.23748713,0.43273801,,17.248199,16.487101
466684699,295.6355728,-74.78126488,0.0147849,,17.610201,16.7826
466691004,296.465208,-75.60198623,0.29737401,,18.0604,17.1884
466691313,296.3049228,-75.00533585,0.097979903,,17.9573,17.113899
404194671,298.3574963,-74.59158608,-0.061634202,,18.1943,17.406099
407924042,290.5097215,-74.25867922,0.37169999,,17.508801,16.6499
466682054,295.2976706,-75.92154762,0.19444899,,17.0103,16.3536
466684219,295.7721914,-75.63641093,0.148478,,17.382799,16.5921
466684705,295.5556149,-74.77397275,0.23558301,,17.737301,16.878099
466684927,295.584005,-74.36708932,0.21878199,,17.8335,16.9508
466684963,295.5607826,-74.31193148,0.26666301,,17.5226,16.660999
466684463,295.8615426,-75.20460975,0.194573,,17.606899,16.854
466691128,296.6591261,-75.34720082,0.222674,,18.247101,17.3577
407923734,290.4804658,-74.70429674,0.11024,,18.4189,17.621901
340788168,292.2626425,-75.37370231,-0.0912572,,18.503901,17.7363
466691066,296.2935426,-75.47012389,0.226175,,18.184601,17.3326
340788074,292.3837593,-75.25778496,0.13969301,,18.416599,17.5387
340788139,292.2256143,-75.3335559,0.082707502,,17.877199,17.0445
466691201,296.3664423,-75.21628104,0.14582901,,18.0751,17.2143
404194630,298.5185365,-74.66173337,0.30487901,,17.9282,17.103001
466691621,296.4556683,-74.43376357,0.137545,,17.9261,17.0567
466682057,295.4543095,-75.92650926,0.28747901,,17.3633,16.771299
340791228,292.4370088,-75.38704488,0.33674601,,18.120399,17.263
466691002,296.3779431,-75.60245124,0.052936099,,18.1724,17.405199
364115853,289.489025,-74.30215646,0.38163501,,17.543699,16.6297
364115907,289.3825323,-74.23573222,0.41390699,,17.1511,16.223101
364115952,289.5353634,-74.17283482,0.235615,,18.021601,17.2033
340788171,292.1603793,-75.3806405,0.245607,,17.598801,16.750099
340790811,292.6299723,-75.97863612,0.40180001,,17.2316,16.361
466681141,295.2454086,-74.28935107,0.262676,,17.098499,16.2444
466681281,295.1721355,-74.5324537,0.107129,,17.5779,16.719801
466684096,295.7319061,-75.84948569,0.187629,,17.034401,16.119499
404194446,298.3108934,-74.95999454,0.174821,,18.091101,17.144899
1815611832,287.7287022,-75.80817006,0.194529,,18.1826,17.345501
1815703367,287.8146029,-75.14946884,0.11138,,18.2082,17.351801
1815707129,287.7929729,-74.69978957,-0.108937,,17.1882,16.3118
1815711323,287.8675537,-74.33169763,0.224427,,17.8342,16.9252
1815712815,287.9006688,-74.16966982,0.189152,,18.343901,17.453699
1815615676,289.267785,-75.85473916,0.239719,,18.277,17.4069
1815616282,289.3465698,-75.67485649,0.15288401,,17.8265,16.969801
1922137518,292.4519434,-75.8720018,0.159574,,18.1071,17.320801
1922157344,292.2625831,-74.97393441,0.243011,,18.3785,17.510799
1922147337,293.3644135,-75.20356916,0.385609,,17.826401,16.951799
1922156534,293.372958,-75.04369219,0.15518001,,18.302799,17.5119
1922197544,293.238794,-74.00560291,0.338361,,18.114799,17.3274
1815612133,287.6887817,-75.74431742,0.042656399,,18.5291,17.7106
1815612146,287.8205926,-75.69640522,0.214158,,18.5914,17.73
1815706472,287.8498132,-74.8865174,0.0182775,,18.823299,18.081301
1815708495,287.8112519,-74.5123093,-0.0121728,,18.608999,17.7349
1815617774,289.3346225,-75.4602266,0.26977,,18.695299,17.8104
1815617795,289.2708844,-75.43202997,0.182834,,18.5942,17.715799
1922137520,292.4138567,-75.86721428,0.034470301,,18.756201,17.8634
1922141028,292.1314514,-75.54993196,0.234653,,18.4179,17.503201
1922152022,292.190689,-75.25798139,-0.138647,,18.656799,17.7463
1922157339,292.3314595,-74.96463996,-0.0096006701,,19.032301,18.1647
1922157350,292.3637382,-74.97111491,-0.021379899,,18.5835,17.756901
1922160543,292.1429556,-74.87437188,0.098529398,,18.5403,17.8053
1922160608,292.1683245,-74.84573434,0.124741,,18.645599,17.8074
1922160929,292.2626909,-74.77645715,-0.18898199,,18.907801,18.0091
1922156742,293.2245177,-75.00376539,0.16845299,,18.3668,17.4725
1922162536,293.166574,-74.35976788,-0.0105364,,18.5417,17.7694
1922164443,293.3924383,-74.16482813,-0.100716,,18.572399,17.822001
1922141486,294.0564193,-75.98170157,0.066695698,,18.683701,17.7773
1922142643,294.009895,-75.69824998,0.055344298,,18.510599,17.567101
1922142897,293.8206621,-75.6116423,-0.112393,,18.730101,17.9128
1922147500,294.0468439,-75.24272745,0.18955,,18.553699,17.7729
1922147332,293.3391021,-75.21255472,-0.077668302,,18.9666,18.155899
1815711091,287.8747369,-74.3342491,-0.33515999,,19.0994,18.263
1922157422,292.2486621,-74.91792933,-0.122093,,19.188299,18.369499
1922196625,292.1989536,-74.07755233,-0.022611599,,18.9149,18.013399
1922164033,293.2941267,-74.36063612,-0.122091,,19.0408,18.1518
1815706852,287.8154643,-74.80062707,-0.43317601,,18.931999,18.135799
1815615403,289.575927,-75.89375075,0.0555465,,18.6992,17.7852
1815619012,289.3779513,-75.27422081,-0.111984,,18.9559,18.1427
1815619037,289.3570606,-75.23550236,0.0120108,,18.901699,18.0317
1987893444,302.700689,-75.00214984,0.113357,,18.820999,17.899799
340778024,291.7823135,-74.91391026,,,13.9898,13.1438
1815610394,285.8016896,-75.99899519,-0.18783601,,20.424101,19.565399
1815610396,285.8742169,-75.97950015,0.239788,,19.044901,18.1506
1815610401,285.7343618,-75.98497904,0.458253,,19.0089,18.114901
1815610863,285.860269,-75.86998216,0.080060601,,19.3445,18.452999
1815610886,285.8412825,-75.84190841,0.043811001,,19.038,18.208799
1815610887,285.8527894,-75.83815015,0.43686199,,19.3381,18.441799
1815631574,285.7705966,-75.69706941,0.384978,,19.489201,18.7206
1815631932,285.6773662,-75.58444341,0.43801701,,18.533199,17.679399
1815631933,285.8400393,-75.58859593,0.071658798,,19.564301,18.6724
1815633345,285.8090089,-75.41645975,0.62207198,,19.4744,18.5805
1815635214,286.0112515,-75.33778555,-0.182096,,19.1584,18.6544
1815635137,285.858691,-75.4052447,-0.0301219,,19.8815,19.176701
1815635229,285.8967253,-75.33930798,0.434793,,19.9627,19.063299
1815635234,285.9875658,-75.31978152,0.54175597,,19.7812,18.873199
1815639119,285.8088074,-75.32501921,-0.061987199,,19.635799,18.8657
1815639250,285.8555775,-75.21964151,0.136765,,19.4058,18.615101
1815639247,285.8135534,-75.22297706,-0.18090899,,20.599001,19.699301
1815639578,285.9350059,-75.09706498,-0.28435299,,19.252001,18.423201
1815640603,285.7903508,-75.06605186,0.33164999,,19.3335,18.6001
1815640617,285.9042752,-75.03157868,-0.0199445,,19.199301,18.4182
1815640619,285.9088981,-75.0296873,-0.15592299,,20.384001,19.498199
1815640679,285.7385629,-75.0399044,0.12603299,,19.3318,18.421
1815640696,285.8535734,-75.01776837,0.476798,,19.4645,18.530899
1815640963,285.8090491,-74.98731928,-0.144076,,19.5819,18.742201
1815641005,285.7996506,-74.95252659,0.034687299,,20.351,19.443399
1815641074,285.816318,-74.90891648,0.25980201,,19.668699,18.8174
1815641095,285.7920088,-74.89830445,0.55958498,,18.921499,18.0443
1815654655,285.9059365,-74.84447589,-0.40696701,,19.7652,18.957701
1815655008,285.7639153,-74.76294007,0.358347,,18.5026,17.597601
1815655044,285.8457055,-74.70987986,-0.95083398,,20.478399,19.6019
1815655107,285.8777019,-74.69556198,-0.39373499,,20.139601,19.2609
1815655135,285.8328652,-74.67117596,0.315189,,18.7246,17.782101
1815656133,285.8803186,-74.61019356,-0.32509699,,19.6024,18.677601
1815656136,285.8530139,-74.59674052,0.0958905,,19.4126,18.4828
1815656205,285.8411261,-74.58625294,-0.052225798,,19.236799,18.445801
1815656458,285.834446,-74.52609991,-0.069683097,,20.644899,19.757099
1815656463,285.9723409,-74.51201151,-0.16337,,19.4491,18.6075
1815660474,285.7597575,-74.37220268,0.348764,,20.2288,19.297199
1815660492,285.8062525,-74.34974124,0.034328301,,20.184799,19.338499
1815661207,285.8503481,-74.3094328,0.0129061,,20.3543,19.442101
1815661208,285.8779358,-74.29668712,0.173757,,19.6943,18.858801
1815661243,286.0232137,-74.27480343,-0.0385467,,19.667801,18.8251
1815662279,285.8806715,-74.18171491,0.167394,,19.5236,18.6882
1815662289,285.7576924,-74.19270648,0.217447,,19.331301,18.3964
1815662384,285.7703927,-74.12031364,0.39402401,,19.596399,18.649401
1815662661,285.898501,-74.07328626,-0.428734,,20.200199,19.374701
1815607946,287.6602808,-75.95097,0.53933102,,18.658899,17.785999
1815608006,287.6430128,-75.92694421,0.098830901,,19.478399,18.6793
1815608026,287.5870867,-75.89689138,-0.21280999,,19.534,18.9182
1815608027,287.6427211,-75.89633026,0.184873,,18.9918,18.188601
1815608028,287.6696429,-75.89050792,0.105821,,19.4984,18.7099
1815608042,287.75741,-75.86276771,-0.0161859,,20.015499,19.1542
1815611817,287.8309658,-75.82659606,0.38016599,,19.838301,19.047899
1815611907,287.68116,-75.77493862,0.487362,,19.1147,18.272499
1815611909,287.6794713,-75.77137668,-0.193856,,19.9552,19.145399
1815611913,287.7746783,-75.75928054,-0.401158,,19.9786,19.146601
1815612129,287.5372991,-75.73174454,0.35443199,,19.351601,18.48
1815612164,287.8033466,-75.69367909,0.240288,,19.9286,19.0623
1815612168,287.7915194,-75.67252951,-0.47739899,,19.6646,18.9049
1815613360,287.7708801,-75.50865564,0.29074699,,19.2803,18.3958
1815613362,287.8466383,-75.51390993,0.234134,,19.003201,18.188601
1815634343,287.6476255,-75.37955277,-0.125875,,19.7297,18.888399
1815634425,287.6404034,-75.30733399,-1.68512,,20.3349,19.641199
1815634426,287.7653054,-75.32822527,0.32267401,,18.799,18.027599
1815634427,287.7235885,-75.32893756,-0.092200696,,19.240101,18.4209
1815634720,287.6524629,-75.24205694,0.043713599,,19.366501,18.6367
1815634705,287.7767349,-75.25379248,-0.24598099,,19.468599,18.864799
1815634766,287.7009867,-75.21294841,-0.272322,,20.313,19.507601
1815634769,287.679471,-75.20774256,-0.0152855,,19.8979,19.1168
1815704366,287.9822014,-75.05032146,0.276759,,18.7027,17.934999
1815704611,287.7793098,-75.0338242,0.158969,,18.965799,18.1045
1815704633,287.6617025,-75.01934184,0.44549501,,19.150299,18.314301
1815704730,287.622165,-74.98063287,0.0140842,,19.8941,19.2222
1815704721,287.7920792,-74.95820492,-0.086014703,,19.312,18.4326
1815704753,287.8797824,-74.95378002,-0.249309,,18.712,18.1684
1815706839,287.6974832,-74.82001088,-1.52785,,20.603399,19.728201
1815706873,287.6444388,-74.79679647,-0.27418101,,20.078899,19.2521
1815706879,287.7926406,-74.76994182,0.034513399,,19.5042,18.7404
1815706883,287.8166311,-74.76964268,-0.14274999,,18.763,18.2379
1815706992,287.6468822,-74.74142425,-0.0224456,,19.7537,18.9228
1815707014,287.9068668,-74.75752596,0.27493301,,19.005501,18.229
1815707918,287.6973589,-74.71251078,0.060077298,,19.257999,18.421499
1815708173,287.7634084,-74.58750872,-0.21693499,,19.7309,18.9391
1815708149,287.8549344,-74.62268243,0.41363999,,18.346399,17.485701
1815708150,287.8722558,-74.61126434,0.28541499,,18.5965,17.810499
1815708485,287.6480363,-74.52413141,0.15850399,,18.912701,18.1119
1815708498,287.7340331,-74.51031278,0.42087701,,19.6646,18.860701
1815708520,287.7544923,-74.49868125,0.260553,,19.302999,18.5254
1815708528,287.8018759,-74.47852279,-0.165723,,19.2061,18.3587
1815711005,287.6303202,-74.43285883,0.220033,,19.6598,18.8295
1815711075,287.7633608,-74.36732562,-0.97953898,,20.5336,19.694901
1815711328,287.8443205,-74.31379434,-0.45622301,,20.3727,19.511101
1815711421,287.7885832,-74.25120721,0.089719698,,19.4438,18.5455
1815711423,287.6971333,-74.265618,0.49632099,,19.542101,18.6663
1815713149,287.8695658,-74.08821174,0.343602,,20.016001,19.0938
1815606747,288.7749784,-75.98262009,-0.0373028,,18.9755,18.4321
1815606749,288.7354961,-75.98801018,0.49508899,,19.025299,18.201
1815606867,288.6507239,-75.91910833,0.16783801,,19.335699,18.561501
1922153911,290.5509426,-75.09960547,-0.258681,,19.2299,18.564699
1922154795,290.5670045,-75.02625931,0.42099801,,19.789101,18.923901
1922154906,290.7676772,-74.91991796,0.32934299,,18.8479,17.968599
1922154907,290.6993031,-74.9185925,-0.76871902,,19.623301,18.792999
1922155163,290.5442344,-74.85659849,0.090876698,,19.4044,18.5506
1922155164,290.5263289,-74.85637444,0.28251401,,19.633801,18.761999
1922155168,290.470684,-74.85551558,0.054201402,,19.709801,18.971201
1922155189,290.4253019,-74.85614019,-0.17606901,,19.904499,19.0357
1922155192,290.4244391,-74.84766355,0.142746,,19.3825,18.6814
1922155186,290.6322897,-74.81640806,0.24384999,,20.071899,19.246401
1922155202,290.588917,-74.81908597,0.58052099,,19.4916,18.6366
1922191839,290.4707451,-74.77717571,0.50381398,,19.5797,18.7029
1922192098,290.3668026,-74.61429356,0.24077199,,19.341999,18.5504
1922192103,290.6354452,-74.77709136,0.193579,,19.598301,18.8745
1922192972,290.4699592,-74.54050701,0.50788403,,19.434,18.662201
1922193013,290.6323111,-74.50428302,0.209617,,19.2946,18.419399
1922193014,290.662249,-74.50203993,0.142258,,19.173401,18.4172
1922193094,290.4617505,-74.46538652,0.336115,,18.655399,17.8484
1922193095,290.4887613,-74.4615789,0.352963,,18.434799,17.5954
1922193846,290.4963151,-74.26508507,0.179838,,18.9319,18.0508
1922193803,290.7249519,-74.27262978,0.33414599,,18.612301,17.7281
1922194228,290.5475267,-74.11051071,-0.57400298,,20.118601,19.3992
1922194394,290.5368034,-74.06421025,0.46824899,,18.9657,18.1084
1922138731,290.567614,-75.88768857,0.095741898,,19.944599,19.0506
1922138733,290.5579469,-75.89630824,0.056758001,,20.051201,19.2778
1922150333,290.6924258,-75.71794091,0.28851101,,18.506399,17.7227
1922150346,290.5101178,-75.72925087,-0.059126999,,19.286699,18.440399
1922150348,290.5724271,-75.71647539,0.127039,,19.2759,18.351299
1922171488,297.2421517,-74.40080811,-0.16638599,,18.677299,17.8029
1922152128,290.5357932,-75.50909531,0.127333,,19.215799,18.3221
1922151379,290.7852442,-75.49813398,-0.17450701,,20.3328,19.5194
1922152168,290.6474929,-75.4418644,0.160189,,19.8694,18.9967
1922152223,290.4338313,-75.42619248,-0.19344801,,19.4226,18.582399
1922152453,290.6223999,-75.32761173,-0.115941,,18.9492,18.2404
1922152455,290.6812373,-75.3300549,-0.105292,,20.0998,19.3067
1922152517,290.5800601,-75.3150898,0.319572,,19.2787,18.519899
1922153490,290.5895556,-75.23313463,-0.032032199,,19.9673,19.1999
1922153650,290.6023081,-75.17846385,0.079330102,,19.4519,18.6064
1922153691,290.8714917,-75.13962919,0.0039156498,,19.701799,18.9105
1922154822,290.6313668,-75.00693624,0.522982,,19.0851,18.307501
1922154848,290.6047886,-74.97577206,0.020427,,20.1943,19.3412
1922154929,290.6519736,-74.90610982,0.38234299,,19.0355,18.316099
1922155622,290.6958619,-74.78462578,0.136319,,19.1457,18.3293
1922192123,290.5897111,-74.73958586,0.377859,,18.9841,18.204399
1922192432,290.5104014,-74.67588377,-0.62601298,,20.467899,19.586201
1922193024,290.6851156,-74.48344268,0.46655399,,19.211201,18.364599
1922193859,290.6127156,-74.2443042,0.42777699,,18.358299,17.579
1922193865,290.6541026,-74.23505686,0.15787999,,19.385099,18.5483
1922193867,290.6284864,-74.23448519,0.246806,,18.8389,18.041201
1922193928,290.6372177,-74.19566858,-1.2656699,,20.158001,19.423401
1922194167,290.6354547,-74.15119368,0.36259499,,19.6896,18.822901
1922138425,290.8649784,-75.96872788,0.124834,,19.2064,18.3363
1922138698,290.9734513,-75.90034544,0.57471001,,18.528299,17.746799
1922138700,290.946637,-75.90610639,-0.52447498,,20.2265,19.34
1922139052,290.8120078,-75.7468852,0.13808,,18.8913,18.082701
1922150939,290.777553,-75.68435123,0.512721,,18.6378,17.8307
1922150946,290.8863022,-75.66011523,0.102501,,19.591101,18.7083
1922152201,290.8241447,-75.4128806,0.25259599,,18.943199,18.0326
1922152573,290.8412796,-75.28339913,-0.77500701,,20.4226,19.5786
1922152635,290.805507,-75.2397621,-0.098363101,,19.6926,18.812099
1922153590,290.7872571,-75.20069908,0.35582101,,18.810801,18.078699
1922153604,290.8241206,-75.15893775,0.18637501,,18.2218,17.4842
1922153657,290.8035396,-75.16296296,0.30248499,,18.7055,17.986601
1922153663,290.801059,-75.13611917,0.37600201,,18.8866,18.192801
1922153709,290.8726557,-75.11155729,-0.237976,,19.685301,18.9352
1922153712,290.8029683,-75.11003163,0.44851801,,19.15,18.373699
1922153922,290.8669555,-75.08750263,0.394272,,18.599701,17.7792
1922153925,290.8222877,-75.07619322,0.51031399,,18.185499,17.442699
1922154033,291.1830343,-75.13469426,-0.359602,,19.6154,18.802
1815652545,285.2814674,-74.98889975,0.420766,,19.2931,18.423599
1815652546,285.2816959,-74.9801192,0.32985401,,19.3717,18.500299
1815652548,285.3192985,-74.9705375,-0.096064001,,19.5072,18.605
1815654962,285.3113853,-74.77677226,0.50906199,,18.715099,17.7911
1815655905,285.2257903,-74.74006318,-0.087222099,,19.449301,18.7006
1815656008,285.3693643,-74.69301915,0.232481,,19.506901,18.731701
1815656254,285.1014102,-74.65888706,0.119026,,19.020399,18.127501
1815656270,285.2235938,-74.62480267,-0.30077499,,19.801701,18.9366
1815656351,285.1608805,-74.59270181,0.073696002,,19.625999,18.7395
1815656366,285.3164074,-74.57805673,-0.1001,,19.751801,18.9904
1815660144,285.1388082,-74.56475298,0.40413499,,19.3081,18.445999
1815660147,285.208421,-74.55099468,0.39272001,,18.625401,17.799
1815660181,285.2961561,-74.52177132,0.122884,,19.84,18.9547
1815660223,285.37296,-74.48110119,0.14435101,,20.5273,19.589701
1815660559,285.1456464,-74.43357428,-0.111649,,19.5833,18.734501
1815660662,285.1037517,-74.3864474,0.44471899,,18.421499,17.503799
1815662113,285.2027063,-74.19695078,-0.94123697,,20.0254,19.316299
1815662105,285.3726185,-74.18093545,-0.17104501,,19.9944,19.038401
1815662106,285.289153,-74.19542475,0.040190302,,20.262699,19.3908
1815662110,285.3615515,-74.1715485,0.618348,,19.234301,18.2757
1815674783,285.2558579,-74.06281394,-1.33331,,20.6299,19.738199
1815609588,285.9786117,-75.97517082,0.25299701,,18.8773,18.0448
1815609589,285.9721146,-75.96922689,0.17967799,,19.7983,19.0082
1815610525,286.0278938,-75.94935975,-0.66978002,,19.5937,18.7286
1815610962,285.8571252,-75.8140727,-0.11429,,19.2206,18.399099
1815610987,285.8622646,-75.78639075,-0.68557298,,20.5128,19.6276
1815631846,285.9212376,-75.6330081,-0.86372298,,19.9373,19.1008
1815631938,285.8025965,-75.58754468,0.32127801,,19.4638,18.723801
1815634895,286.038154,-75.44255822,-1.43402,,20.515499,19.756701
1815634841,286.1232962,-75.45764445,0.14511301,,20.0769,19.297701
1815635162,285.9859559,-75.3603724,0.30677199,,19.811899,18.9272
1815635224,285.7873265,-75.33513731,0.254996,,19.139601,18.249701
1815635240,285.9219634,-75.31694183,-0.15478601,,19.891701,19.0504
1815639183,286.1681927,-75.24691908,0.15486699,,20.142099,19.306801
1815639488,285.8993602,-75.19811551,-0.43733701,,19.813499,19.0404
1815639492,286.0409238,-75.16923375,0.00037138199,,18.987101,18.287201
1815640694,285.8443893,-75.02400285,-0.0443004,,19.7395,18.851601
1815640969,285.8950898,-74.96356796,0.49388501,,18.766701,18.0362
1815641128,285.8917881,-74.93321813,0.018951099,,18.930201,18.191299
1815641133,286.0770647,-74.91003204,0.300724,,18.5704,17.874701
1815641210,285.9015752,-74.87797639,-0.32145599,,19.556999,18.652901
1815641214,285.8715725,-74.87321627,-0.110084,,19.217899,18.3678
1815641227,285.9745027,-74.86172518,0.391637,,19.639999,18.713499
1815641231,286.008076,-74.84307633,0.313916,,19.914801,19.111099
1815654674,285.8495868,-74.84528743,0.56091303,,19.487499,18.5858
1815654671,286.0181835,-74.81539873,-0.222066,,20.231501,19.3606
1815609641,286.3070138,-75.90877422,-0.46991399,,20.057899,19.3025
1815610578,286.2980343,-75.8869263,0.61395502,,19.8258,18.9361
1815612514,286.3570542,-75.79165224,0.38332599,,19.418699,18.561501
1815612817,286.2769019,-75.72746221,0.31773299,,18.786699,17.989
1815612818,286.2939208,-75.72606742,-1.3691601,,20.059,19.2833
1815612837,286.2294748,-75.71436934,0.43793699,,18.732401,17.8557
1815612846,286.2987122,-75.70729897,0.50930399,,19.7358,18.897301
1815633498,286.4788217,-75.64261185,0.29153201,,18.9711,18.082199
1815633785,286.1295867,-75.59786555,-0.199882,,19.834801,19.1131
1815633852,286.4145104,-75.51199541,-0.232355,,19.8864,19.1506
1815635176,286.2473848,-75.33018184,0.230327,,18.7792,18.000099
1815635180,286.1561206,-75.33807779,0.19944599,,19.684999,18.9303
1815635378,286.3642548,-75.2692311,0.00057911302,,19.4648,18.8015
1815635306,286.354026,-75.29402703,-0.082515202,,19.368099,18.558001
1815635404,286.2581671,-75.25306326,-0.20538799,,19.695999,18.8515
1815639322,286.5360417,-75.17330082,0.49282899,,18.7936,17.909201
1815639639,286.3587512,-75.10191188,0.0246749,,19.3638,18.5082
1815639642,286.3587001,-75.08594993,0.16398799,,18.802401,18.045401
1815639674,286.4743634,-75.03122444,0.0429901,,19.7675,18.9077
1815640887,286.3613618,-74.9230455,-0.0518222,,19.164101,18.2966
1815641752,286.4245394,-74.77857369,0.266545,,19.0441,18.1745
1815641663,286.3899498,-74.82810576,0.16553999,,19.5058,18.671499
1815655276,286.2400872,-74.72823504,-0.53659999,,20.4037,19.5865
1815655282,286.2674868,-74.71012198,0.50928301,,19.8151,18.9422
1815655284,286.3301213,-74.71363013,-0.484418,,19.874599,18.9865
1815655295,286.2155295,-74.71191238,0.139429,,19.245001,18.392401
1815655569,286.1598384,-74.6649189,0.2421,,20.0023,19.0714
340849840,293.3558317,-74.0643848,0.88785398,,17.916401,17.0362
1815655646,286.2556147,-74.59827066,0.309214,,18.2276,17.439899
1815656628,286.2099493,-74.53186342,-0.2377,,19.7917,18.876499
1815656632,286.3279094,-74.54028699,-0.40922299,,19.6178,18.784401
1815656633,286.3197448,-74.53804716,-0.72192001,,20.4827,19.6467
1815656650,286.4136055,-74.50362565,0.25703299,,18.358999,17.736601
1815656669,286.4503055,-74.48167191,0.239022,,19.4263,18.7152
1815615290,288.9907707,-75.99431884,-0.35433501,,19.5623,18.816401
1815656740,286.2428642,-74.48404223,0.40560201,,19.6747,18.795
1815615352,289.1859351,-75.93498909,-0.16506,,19.500601,18.5975
1815657117,286.2620992,-74.37104122,0.38704899,,19.6462,18.780199
1815615544,289.0723398,-75.91913603,-0.24004,,19.7348,18.874001
1815615553,289.2045059,-75.88490728,0.245588,,20.149,19.290899
1815615554,289.2200286,-75.88126578,0.65570998,,19.105301,18.211
1815615573,289.2203045,-75.86526499,-0.40325701,,19.590401,18.796499
1815615629,289.0461246,-75.87953479,-0.65197802,,19.584801,18.867399
1815615636,289.0119691,-75.8589064,0.157952,,19.2068,18.3155
1815616025,289.0105575,-75.82519162,0.33418301,,19.072701,18.192301
1815616029,289.0288795,-75.81606264,0.38275599,,19.3172,18.5916
1815661119,286.3113837,-74.25786454,0.18309499,,18.868799,18.093399
1815616112,288.9178382,-75.75374725,0.48674899,,18.788099,17.9816
1815616118,289.0091812,-75.73800047,-0.331631,,19.8067,19.0935
1815616559,289.0185529,-75.63588343,0.41140699,,19.860701,18.9793
1815661138,286.3329718,-74.23829946,0.102263,,20.0676,19.295799
1815616487,289.0701426,-75.65870501,-0.35648501,,19.8832,19.034401
1815617211,289.0260347,-75.53735723,0.16087399,,19.365299,18.6847
1815617316,289.1556301,-75.47236108,0.31442401,,19.6215,18.7859
1815617530,288.9542207,-75.47798904,-0.72325599,,20.0492,19.185699
1815662483,286.4919481,-74.06234588,-0.78153902,,20.2073,19.3729
1815662596,286.3260542,-74.00649366,-0.27534601,,20.813299,19.9048
1815607575,287.3417391,-75.94529317,0.12226,,19.408899,18.541
1815617584,289.0545784,-75.41740707,0.27794099,,18.890301,18.0991
1815617635,288.8953077,-75.39085374,0.36851099,,18.4991,17.6413
1815611286,287.3487334,-75.91343588,-0.582555,,19.945299,19.1523
1815611311,287.4255296,-75.86686813,0.16815899,,18.359301,17.7854
1815617669,289.0230831,-75.38870721,-0.25986201,,19.915001,19.0966
1815617670,289.0159887,-75.39041262,0.152996,,19.419201,18.5972
1815617672,288.9152481,-75.38884792,0.0282115,,19.4189,18.7227
1815611313,287.3880047,-75.86515456,0.165916,,18.9137,18.247
340778348,291.5821364,-74.43627481,0.98853201,,13.3236,12.529
340778489,291.7100695,-74.21255041,1.96661,,11.8837,11.286
1815617675,288.9805348,-75.38472285,0.143912,,18.637199,17.9536
1815618522,288.9114176,-75.35389804,0.33458701,,19.368299,18.676901
1815618604,289.0030636,-75.29272764,-1.4158601,,20.4881,19.6861
1815612187,287.5762549,-75.70905076,-0.17390101,,19.559799,18.7379
1815619282,288.9951667,-75.23478351,0.134065,,19.421,18.5919
1815619290,289.1672769,-75.20232461,0.0536975,,19.6716,18.7924
340778153,291.854234,-74.70296714,3.4128001,,10.4931,9.6343403
340777713,291.724454,-75.38998212,1.09286,,13.6292,12.8619
340778049,291.9156024,-74.87177229,0.78760397,,13.8165,12.9923
340777665,291.8335485,-75.46010924,0.62608498,,15.0824,14.1893
340777521,291.8527074,-75.64981934,1.06903,,13.7372,13.0098
340777817,291.8683041,-75.21900759,0.60197997,,14.9736,14.184
1815619278,289.0604699,-75.23055157,-0.22228201,,19.6147,18.7635
1815619279,289.094051,-75.22780916,-0.13534699,,19.868,19.174999
340777812,291.6195776,-75.22793603,0.54932302,,15.7523,14.8338
340778022,291.7215488,-74.91480541,0.62431997,,15.6193,14.7447
1815707109,287.938316,-74.7113147,0.10433,,19.667999,18.811199
1815707112,288.04598,-74.69210559,0.170276,,19.1035,18.346701
1815707117,287.9889582,-74.69357161,0.326285,,18.3456,17.608101
340778048,291.6530295,-74.87421886,0.767111,,15.4176,14.5341
340778112,291.9127546,-74.76533349,0.519418,,15.1574,14.2636
340778189,291.7203059,-74.65870994,0.66194099,,14.9367,14.2202
1815708056,287.895933,-74.65218853,0.3831,,19.6621,18.9121
1815708062,287.9505629,-74.64520475,0.322712,,19.468201,18.612
1815708066,287.8056382,-74.65082484,-0.52257198,,20.197201,19.4841
1815708086,288.0361282,-74.62453695,0.372098,,18.6315,17.9016
1815619392,289.0786874,-75.17405624,0.0134881,,20.193899,19.321699
1815619407,288.9393014,-75.1696362,0.372578,,18.287201,17.4797
364111096,288.8241672,-74.22957468,0.605896,,18.181999,17.255501
1815703664,289.0283085,-75.06693257,0.091406398,,18.744101,17.940001
1815703904,288.7987688,-75.05877726,-0.85359502,,19.6689,18.804501
1815708090,288.0567414,-74.61098858,-1.46421,,20.492901,19.7631
340778435,291.7273029,-74.29023183,1.5818599,,14.7037,13.841
340777931,291.6078833,-75.03101822,1.77669,,13.7847,12.9043
364136004,289.6245791,-74.9391406,0.43441501,,17.9723,17.1336
1815703983,289.1457465,-74.95141697,0.236408,,19.5222,18.672001
1815704064,289.2305457,-74.94546062,0.16072799,,19.4254,18.6675
1815704056,289.0542938,-74.90619754,-0.483807,,19.714199,19.0975
1815705042,288.9826685,-74.87844715,0.080893703,,20.2644,19.436399
1815708543,287.8618622,-74.48463076,0.065634102,,19.676399,18.9076
1815708556,287.9441567,-74.46202489,-0.893987,,20.305201,19.557501
1815710962,287.934479,-74.41622675,0.072224803,,19.115101,18.3043
352230225,288.7270616,-74.65563285,0.351677,,18.187201,17.391899
1815711060,287.8222564,-74.3745525,-0.203384,,20.158501,19.334101
1815705283,289.2673997,-74.7698173,0.352236,,19.7782,18.9014
1815705190,289.1651223,-74.82910569,-0.61217898,,19.6056,18.920799
364135714,289.695532,-74.56110051,0.42552,,18.288601,17.429001
407885342,290.2845948,-74.76259664,0.63657999,,17.7535,16.884399
1815711087,287.8119832,-74.34825015,0.15335099,,19.8634,19.014999
340777735,291.7965944,-75.35310193,0.242606,,16.936501,16.1583
407885362,290.3592446,-74.79513779,0.39478299,,18.4883,17.665001
407934460,291.1036889,-74.92431508,0.42107499,,17.9387,17.1759
1815705529,289.0206196,-74.7374359,0.49794,,20.270399,19.3908
1815711801,287.9252115,-74.26666717,0.33465099,,19.7341,18.8801
1815711803,288.0034622,-74.2703011,0.37380099,,19.0361,18.2661
1815711805,288.038425,-74.26225014,0.42528999,,19.013901,18.091299
340777625,291.719691,-75.51788525,0.420672,,16.1647,15.2578
340778139,291.5867645,-74.72074859,0.78426802,,15.1075,14.2202
340778492,291.8757058,-74.206066,0.42300701,,16.183701,15.3349
1815707396,289.0134112,-74.65409159,-0.18295,,19.958401,19.0937
1815707399,288.9539947,-74.65312575,-0.548464,,19.837099,18.990801
1815707437,289.2474076,-74.60154515,0.13520899,,18.753901,18.0002
340778437,291.6921876,-74.28841615,0.61760402,,16.073799,15.2697
1815711864,287.9681625,-74.2375781,0.047796499,,19.190599,18.4121
364135869,289.7686052,-74.77092335,0.33667099,,18.249201,17.474501
407934095,291.0394331,-74.37220976,0.43613699,,18.2104,17.3568
1815712827,288.0464125,-74.16700255,-0.034241099,,18.794001,18.0753
1815712917,287.9658785,-74.12629483,-0.248523,,19.672199,18.7551
340778516,291.5567833,-74.17318895,0.39866501,,16.330799,15.5347
1815707496,289.1714222,-74.5631903,0.41856101,,19.549101,18.7411
1815707501,289.1269971,-74.5588273,0.138577,,19.639799,18.7952
1815712923,287.9788131,-74.1077343,0.37073699,,19.5138,18.7218
324425253,285.4387172,-74.96611584,0.37924001,,18.008301,17.2043
340777710,291.849582,-75.40374662,0.38653499,,17.7057,16.886299
1815704958,288.3353643,-74.82701181,0.244844,,19.7773,19.012899
1815706703,288.2865906,-74.76555343,0.0236896,,19.6782,18.877899
1815707188,288.4849753,-74.77147521,0.029876599,,19.196301,18.3627
1815707189,288.4908382,-74.76618607,-0.256598,,19.7437,18.889
324425244,285.3838679,-74.94721391,0.44760799,,18.0187,17.2246
1815707564,288.280436,-74.65256764,-0.57501298,,20.166201,19.3316
1815707315,288.3877609,-74.69028091,0.13291299,,19.8284,18.979
1815707154,288.2282854,-74.65118786,-0.34501299,,20.490299,19.683599
1815708125,288.1469649,-74.58436135,0.18176299,,19.890499,19.1262
340777508,291.8522848,-75.67315382,0.36102599,,17.0861,16.3034
1815707645,288.4589257,-74.59413316,0.236809,,19.468201,18.7171
1815710291,288.9437171,-74.22828609,0.139282,,20.1509,19.275299
1815713564,288.9671417,-74.17001355,0.597772,,19.262899,18.353701
1815708188,287.9415047,-74.59804251,0.42236501,,18.3985,17.5755
1815708191,287.946851,-74.58727595,-0.0079947496,,18.8002,18.048599
340777693,291.9422747,-75.42646519,0.31560999,,17.3204,16.430401
340777471,291.7237956,-75.72036944,0.249165,,16.7939,16.203699
1815713653,289.0486501,-74.10430024,0.060782101,,19.648701,18.7472
340777725,291.7977722,-75.36603709,0.23952501,,17.350599,16.4909
340777907,291.5654304,-75.07368398,0.195559,,17.4713,16.585699
340778329,291.9045096,-74.46656599,0.31788701,,17.054701,16.3151
1815708228,288.0182754,-74.53519685,-1.12876,,20.573999,19.754
1815713659,289.1090543,-74.09298328,0.165884,,20.246099,19.3979
1815708967,288.3912216,-74.39609723,-0.87587601,,20.4876,19.6217
1815606821,288.4304359,-75.96242193,0.348822,,19.617201,18.7715
1815607772,288.3371739,-75.93944383,0.207047,,19.7995,18.955299
1815607804,288.452052,-75.91552138,0.328293,,19.3643,18.4895
1815607904,288.4255278,-75.85011247,-0.24527,,19.4881,18.686199
1815608245,288.375713,-75.74902298,-0.062449802,,20.2556,19.454399
1815608246,288.4292091,-75.74137156,-0.33678901,,20.6325,19.7861
1815611980,288.4499783,-75.70331424,0.38388601,,20.1551,19.2904
1815611986,288.3955383,-75.70455648,0.185229,,19.387501,18.6264
1815609551,286.3164301,-75.96934564,-0.25803599,,20.427401,19.568501
1815609621,286.3780319,-75.93521889,-0.322813,,20.1513,19.3906
1815708985,288.1114912,-74.42747668,0.27486601,,19.1315,18.233601
1815612006,288.3698266,-75.68212285,0.19453,,19.9541,19.1194
1815617105,288.3791765,-75.62838207,-1.43302,,20.6847,19.865801
1815711443,288.0285329,-74.37202074,-0.0111672,,19.6315,18.9321
1815711788,288.0153294,-74.28360205,-0.393222,,20.7096,19.7946
340777838,291.8903651,-75.18129426,0.257759,,16.8654,15.9932
1815617015,288.4995213,-75.66603432,0.10322,,20.236099,19.4219
1815617016,288.4924674,-75.66018283,-0.125128,,20.297001,19.5401
1815617089,288.4542317,-75.63059329,0.20213,,18.749201,18.0144
1815611443,286.5126039,-75.92778465,0.14660899,,19.2248,18.459101
1815611517,286.4380006,-75.90315629,-0.48557699,,20.380899,19.5467
1815711820,288.1699168,-74.25959002,0.197642,,19.982401,19.1103
1815612407,286.3946806,-75.88326188,-0.194526,,19.7456,18.8582
340777816,291.592287,-75.22030865,0.28294101,,16.9363,16.1042
1922139716,292.4305536,-75.83073503,0.11281,,19.947001,19.056299
1922139758,292.5655368,-75.78746501,-0.68115199,,20.6238,19.757299
1815617385,288.639142,-75.54983784,0.20595799,,19.697901,18.8981
1815712868,288.0781343,-74.11838757,-0.037108298,,19.6285,18.7841
340777845,291.7485747,-75.17152887,0.36578801,,17.0933,16.1744
1815712945,288.0118341,-74.09307454,0.136206,,18.9408,18.1175
1815712947,287.9167901,-74.09627026,-0.095263399,,20.7705,19.8703
1815712934,288.0687469,-74.10028466,-0.244076,,19.625,18.759399
340778328,291.8007334,-74.46694509,0.462511,,16.622801,15.7185
1922140159,292.5963196,-75.64789401,-0.2233,,19.898199,18.997499
1922140151,292.5192609,-75.66580343,0.301247,,18.9613,18.271
1815612892,286.6433072,-75.6414064,-0.566387,,19.7689,18.955099
1815618404,288.4225073,-75.41979961,0.224509,,18.9702,18.2183
1815618686,288.491926,-75.33579987,0.083396398,,19.412901,18.6493
1815618779,288.2586048,-75.30691218,-0.21261699,,20.316299,19.4844
1815618782,288.3521325,-75.29197762,0.094890296,,19.3367,18.4865
1815618791,288.3296628,-75.28240053,-0.15496901,,19.5844,18.8445
1922141103,292.7139736,-75.49751582,-0.478156,,19.8839,18.996599
1815633527,286.3709939,-75.61861989,0.099447399,,20.3458,19.475201
340778046,291.8453834,-74.87813931,0.26905799,,18.029301,17.141001
1922141148,292.5623404,-75.50108682,-0.105392,,20.0403,19.2738
340777711,291.7670851,-75.39540659,-0.051867001,,18.391899,17.6327
1815713240,288.0254337,-74.0110404,0.36602801,,18.4641,17.576
1815713379,288.1424886,-74.00203671,0.29780799,,19.468901,18.6731
340778155,291.6956457,-74.70261105,0.295701,,17.4746,16.576401
1815607532,287.1607778,-75.99168861,0.41698,,18.2911,17.462999
1815703160,288.3982493,-75.1955929,-0.046875302,,19.679701,18.8223
1922155951,292.7129548,-75.2195363,0.32567501,,19.0742,18.229601
1922156150,292.4477419,-75.21122587,0.19730601,,19.2283,18.3533
1815611242,287.2136149,-75.93760612,0.0305213,,19.7995,18.994301
1815611258,287.1550007,-75.93079837,0.072940797,,19.546,18.7812
1815611259,287.2022784,-75.92482622,-1.11481,,20.202299,19.383301
1815703084,288.5269504,-75.20333143,0.164049,,20.1429,19.2642
340778350,291.7949906,-74.43304583,0.173076,,17.7528,16.899799
340777515,291.8766421,-75.66090339,0.025958501,,18.566799,17.665899
340777694,291.8597012,-75.42629578,0.073086299,,18.4272,17.564501
1922156297,292.5445329,-75.08675092,-0.32779601,,19.6929,19.0268
1815703521,288.4461533,-75.05998447,0.197639,,18.9016,18.146601
1922157039,292.4016092,-75.07909166,0.33504,,18.5975,17.8629
1922157231,292.5401259,-74.97449976,-0.758766,,20.3862,19.6007
1815610957,285.7283669,-75.82799585,0.25833699,,18.107,17.2773
1815704596,288.5418177,-74.8880631,-0.68292099,,19.7554,19.0881
1815611408,287.319491,-75.83172046,0.59236997,,18.0772,17.2356
1815611635,287.1048093,-75.81365374,0.066851199,,20.2299,19.444901
1815704855,288.5357837,-74.87433142,0.092591599,,18.611601,17.8873
1815704880,288.4378912,-74.84564038,-0.055261899,,19.3002,18.473
1815633038,285.7868753,-75.47675397,0.16451401,,18.1133,17.2379
1815612628,287.2857378,-75.70604583,0.25327101,,20.088499,19.2071
1815612630,287.2242188,-75.70251854,0.259561,,18.865601,17.973499
1815612631,287.2773714,-75.69794592,-0.192393,,19.8272,18.946301
1922157238,292.6614547,-74.95568957,-0.32909799,,20.5245,19.635599
1922157448,292.565454,-74.94145362,-0.365064,,20.2278,19.512699
1815640582,285.9567656,-75.07220189,0.239429,,18.3606,17.4347
1815704978,288.687148,-74.96116619,-0.12944999,,19.897301,19.135099
1815706672,288.4114228,-74.7846451,0.188315,,19.4762,18.6584
1815612639,287.1428114,-75.70048989,0.379549,,19.541599,18.6577
1815613055,287.0551433,-75.53898262,-0.0507337,,19.332199,18.469999
1815654748,285.8551725,-74.79032761,-0.132015,,18.372499,17.631001
1815707231,288.6475116,-74.73620587,0.216249,,18.866301,18.073601
1815707218,288.4246274,-74.74472076,-0.0121779,,19.775299,18.9361
1815707301,288.4972866,-74.68934326,0.068373099,,19.6068,18.805201
1922157516,292.471331,-74.89374586,0.27735299,,19.665501,18.7889
1922157543,292.5679762,-74.83768909,-0.333534,,20.3304,19.4828
1815613056,287.3264607,-75.70350226,-0.18994001,,19.262699,18.5114
1922160977,292.4185978,-74.72827523,-1.15464,,20.589199,19.7796
1815613513,287.1928486,-75.54409108,0.32316899,,19.965401,19.148701
1815707529,288.3603047,-74.6837287,0.254096,,19.7987,19.036301
1815707329,288.5175395,-74.6694734,0.088468097,,18.677401,17.996799
1815707331,288.5298341,-74.66187032,0.13247,,19.8025,19.0763
1922160978,292.4239976,-74.72810519,0.0106866,,20.182199,19.346399
1922160980,292.4827601,-74.70508172,0.085558102,,19.033899,18.244301
1815707560,288.3567677,-74.65712714,-0.182723,,18.9753,18.3099
1815707639,288.3316576,-74.61495249,-0.032411501,,19.5534,18.909599
1815634513,287.1917193,-75.36499845,0.42822,,19.7162,18.8778
1815662359,285.6334,-74.16073533,0.13969199,,18.181101,17.3228
1922161063,292.490176,-74.63771386,0.062775999,,19.394501,18.524599
1922161499,292.6389779,-74.60171824,0.27068499,,18.8214,17.940901
1815634545,287.2420524,-75.32933842,-0.350665,,19.478001,18.8804
1815708709,288.4180343,-74.49541434,0.38250199,,19.3055,18.5436
1815708717,288.4943519,-74.45940213,0.169294,,18.973499,18.125299
1922162335,292.4272053,-74.55273759,0.0958746,,19.117201,18.3186
1922162339,292.5137343,-74.52524905,0.24924199,,18.6042,17.797501
1815708963,288.4631115,-74.4041413,0.314859,,18.980499,18.091499
1815612131,287.4986369,-75.74070136,0.0133412,,18.195499,17.3046
1815613619,287.7498806,-75.4687878,0.306936,,17.6152,16.726999
1815711628,288.5140078,-74.27343535,0.23341601,,18.812,17.9851
1815711681,288.3659273,-74.27855153,0.45038301,,18.827,17.9077
1922162587,292.4783448,-74.4252986,0.60171998,,19.235201,18.3337
1922162615,292.6183784,-74.40754655,-0.12948,,19.067101,18.297701
1815636090,287.3115299,-75.07836079,0.222086,,19.833401,19.0865
1815636019,287.2356167,-75.10951633,-0.047218401,,19.480301,18.5993
1922137488,292.2971954,-75.92150303,-0.074226201,,19.815599,19.124399
1815636121,287.4610155,-75.04486985,0.538697,,18.9536,18.151699
1815639957,287.2062147,-75.04159983,0.16723099,,18.6092,17.832701
1815640001,287.3439013,-75.00678515,0.122589,,20.0214,19.155001
1922195370,292.5125318,-74.34772804,0.32878101,,19.3999,18.511999
1922195453,292.4644799,-74.27205305,-0.676543,,19.923901,19.207001
1922195460,292.4090168,-74.25833408,0.34657601,,18.3631,17.5205
1922139707,292.2655816,-75.82889413,-0.210962,,19.1556,18.3825
1922139751,292.4548863,-75.79001188,0.41327599,,19.4394,18.554199
1922139755,292.5255268,-75.78521868,-0.084456399,,19.195,18.3277
1815708403,287.7335907,-74.57888276,0.162645,,18.145201,17.269501
1815640076,287.2189165,-74.96462182,0.18752,,19.973101,19.086
1815640474,287.2081492,-74.86973885,-1.78944,,20.912701,20.0313
1922140009,292.2895858,-75.73892875,-0.16081899,,19.670401,18.812901
1922140014,292.3365162,-75.74103779,0.277013,,19.3251,18.4389
1922140039,292.2406594,-75.714168,0.0074401498,,18.378799,17.882299
1922140040,292.3085485,-75.70031786,-0.45057201,,19.839701,19.185801
1922140045,292.3039292,-75.70337245,0.19600099,,19.600401,18.7318
1922195549,292.6536864,-74.20508526,0.20135,,18.766199,17.8832
1922195826,292.418316,-74.16698887,0.174091,,20.228701,19.3286
1815640475,287.2276155,-74.85829767,0.088260897,,18.883801,18.0089
1815640498,287.3762351,-74.82298601,0.135809,,19.310801,18.467699
1815606750,288.6964327,-75.99063975,0.220713,,17.898399,17.1542
1815606865,288.6300601,-75.93117718,0.249906,,18.1264,17.3361
1922155082,290.5478174,-74.91125079,0.326296,,18.141199,17.246099
1922192445,290.6318776,-74.65800845,0.190501,,18.3465,17.461599
1922195830,292.5687232,-74.14261639,0.41700199,,19.5016,18.640499
1922195886,292.7084433,-74.06523781,0.32880399,,20.119699,19.2591
1922196687,292.5513819,-74.04330692,-0.0014345,,19.0061,18.407499
1922193092,290.5345997,-74.46365953,0.137981,,18.0184,17.2922
1922141333,292.4428326,-75.47342166,0.118465,,19.0417,18.211901
1922141373,292.2766132,-75.44975298,0.36763901,,19.513599,18.621
1922193659,290.5008354,-74.32398953,0.102172,,17.873699,17.140699
1922196689,292.7031761,-74.02369788,-0.383531,,19.8039,18.995701
1922196690,292.6226057,-74.03183534,0.201932,,19.829,18.9457
1922151377,290.8271971,-75.50381543,0.046303701,,18.193199,17.491501
1815641615,287.1217588,-74.74742047,0.28048599,,19.465401,18.7136
1815641638,287.162468,-74.71665677,-0.064935103,,20.1395,19.334801
1922152032,292.3125883,-75.23458124,-0.266424,,19.479799,18.6385
1815708325,287.3086657,-74.62423965,0.412415,,19.1171,18.251301
1815708327,287.3393262,-74.60691456,0.149919,,18.151899,17.629101
1922156162,292.3320625,-75.2057073,0.311023,,18.474501,17.730499
1922156255,292.2908773,-75.14326038,0.315983,,19.5919,18.7824
1922156256,292.3197122,-75.14150926,-0.34686801,,19.8566,19.0203
1922156260,292.4456458,-75.1284278,-0.083420999,,19.9981,19.1835
1815708339,287.1679681,-74.60313424,-0.124244,,19.5555,18.7983
1815708341,287.2576829,-74.59004952,0.31467199,,19.5193,18.6556
1815710738,287.1932094,-74.55150684,0.54429501,,19.598301,18.7568
1815710742,287.1311503,-74.5539812,0.0378999,,19.1842,18.290001
1815710743,287.1289568,-74.55198671,0.0163143,,19.1234,18.348499
1815710847,287.2464489,-74.48337914,0.17734,,20.2148,19.407101
1922157310,292.2250079,-74.97739921,0.27093101,,18.862301,18.069
1815711128,287.2006322,-74.44755726,0.55616301,,19.2061,18.4084
1815711142,287.2456154,-74.44319359,-0.123556,,19.4751,18.6485
1815711143,287.2732161,-74.43672762,-0.18031,,19.549,18.757299
1922157352,292.365942,-74.95907439,0.40189099,,19.8342,18.935499
1922160693,292.3237566,-74.80967055,-0.263726,,20.417999,19.610001
1815711235,287.2935214,-74.3818803,0.59363502,,18.827101,18.006599
1815711259,287.2957696,-74.36786161,0.20456199,,19.3354,18.5263
1815711261,287.3499652,-74.35761808,0.067510098,,18.7875,18.041901
1815712134,287.1907866,-74.36176475,0.32973599,,18.559999,17.771999
1815712238,287.1572222,-74.28243221,0.13660701,,19.304701,18.5294
1922160936,292.2634688,-74.75462018,-0.334575,,19.782301,18.9613
1922160950,292.28992,-74.73909995,0.33615601,,19.172501,18.405001
1922160971,292.3243708,-74.7087407,0.200047,,20.122299,19.236099
1815712234,287.0974561,-74.29939357,0.156624,,19.3522,18.480801
1815712256,287.1934198,-74.25635114,0.075559601,,19.031799,18.2439
1815712261,287.4137322,-74.31129246,0.340682,,18.5809,17.732901
1922161047,292.3779887,-74.68018792,-0.58827698,,20.382799,19.5989
1922162155,292.2371858,-74.51901063,-0.094458699,,19.0319,18.2654
1815712691,287.2494063,-74.16768274,0.0059310999,,20.0909,19.221901
1815715870,287.1905935,-74.12082889,0.1181,,20.487801,19.599199
1922162626,292.3476194,-74.45018916,-0.59726697,,19.916599,19.146601
1922195344,292.2662709,-74.38197747,0.47280899,,19.2689,18.482599
1815715948,287.1555331,-74.05983084,0.061037,,19.2097,18.4739
1922195723,292.2963183,-74.19124027,0.26588601,,18.6777,17.8099
1922196560,292.1528414,-74.13818984,0.34839299,,19.6115,18.723301
1815613065,287.3647528,-75.69030566,-0.68878299,,20.068399,19.236
1815613067,287.3995778,-75.69054341,0.14301001,,19.046101,18.171301
1815613075,287.4323555,-75.67769032,0.194719,,19.475201,18.6682
1815613109,287.48094,-75.63965517,0.23297399,,18.8221,17.9561
1922196699,292.3151315,-74.07398343,-0.39837399,,19.8416,19.0648
1815613182,287.2099334,-75.6247638,0.0162677,,19.1705,18.360701
1815613446,287.3844691,-75.55092745,-0.171553,,19.978001,19.1416
1922145796,293.0017981,-75.62558884,0.344264,,18.4377,17.6269
1922145795,293.1547357,-75.60916961,-0.472325,,19.463499,18.6248
1922141695,293.5455407,-75.91999164,0.47828299,,18.7365,17.875299
1922141700,293.6314164,-75.91830496,-0.212962,,20.1635,19.2582
1922141701,293.6600468,-75.9244184,-0.150602,,20.0888,19.1684
1815607954,287.7605622,-75.92279983,0.11771,,18.941401,18.084801
1815607956,287.8179371,-75.91116701,0.254208,,18.560801,17.882601
1922142785,293.5528413,-75.6738495,0.60515797,,18.946301,18.1215
1922145924,293.5398726,-75.54638784,-0.328181,,19.249001,18.563499
1922146206,293.6816449,-75.41699851,0.14857399,,19.209999,18.419399
1922147361,293.7182673,-75.31712629,-0.065056302,,19.943899,19.1287
1815613697,287.6269123,-75.42822897,-0.60322601,,19.834299,19.0903
1815613702,287.6825481,-75.41154364,-0.0072872499,,20.611799,19.736401
1922147447,293.4929213,-75.25341562,-0.095004797,,19.457701,18.729401
1922147450,293.5800545,-75.22729271,-0.163628,,19.0406,18.428801
1922147648,293.6612448,-75.20331069,0.15397,,19.3592,18.571501
1922147725,293.3825324,-75.16798109,-0.45091599,,20.3132,19.458
1815613603,287.6491904,-75.48441579,0.39234999,,19.1133,18.3575
1815613678,287.6946561,-75.44989619,0.21595301,,17.712601,17.3419
1815613679,287.6396502,-75.44509724,0.238499,,19.4252,18.632099
1815610627,285.8874337,-75.89224223,0.230985,,18.3657,17.569901
1815633041,285.855154,-75.46742044,0.0947579,,18.5364,17.698099
1922156790,293.4835141,-74.94664957,0.147356,,19.440901,18.540701
1922157814,293.4814555,-74.78152536,0.374704,,19.7251,18.9352
1922157843,293.5844602,-74.77139655,0.112085,,19.5357,18.641399
1922157844,293.626657,-74.75839264,-0.92692,,20.113701,19.263
1815639141,285.9375349,-75.29789795,0.241684,,18.1912,17.316401
1815640964,285.8199955,-74.98151053,0.20808101,,18.4212,17.5627
1815634336,287.5571916,-75.385735,-0.10386,,19.440399,18.660801
1815634450,287.6832082,-75.29415214,0.447142,,19.583,18.813801
1815655048,285.9873994,-74.72743863,0.0233922,,19.0109,18.0646
1815656101,285.7110668,-74.62747784,0.15974,,18.3363,17.3885
1815656138,285.8744291,-74.59176672,-0.158371,,18.648899,17.726999
1815656202,285.7083364,-74.57525134,0.082402803,,18.378099,17.4821
1922157875,293.636321,-74.71439416,0.13651,,19.4168,18.5735
1922158105,293.4671596,-74.70445257,-0.370078,,19.958099,19.072701
1815662383,285.7283063,-74.12364947,-0.139763,,18.539499,17.7362
1815662763,285.7777492,-74.02777267,0.31478599,,18.4881,17.535801
1815612162,287.7900215,-75.69801223,-0.049953401,,18.3594,17.6371
1815634665,287.4946572,-75.29780893,0.16606501,,18.5369,17.8309
1922162949,293.4857233,-74.52157572,0.15644699,,18.5998,17.9785
1815704350,287.7919415,-75.05604763,-0.107232,,18.6106,17.7747
1815704254,287.9001677,-75.09131942,-0.019134101,,18.521,17.699499
1815706569,287.8094094,-74.86178777,0.0032532201,,18.6728,17.9772
1815707924,287.7303432,-74.70611561,0.28284001,,18.633301,17.7603
1815708147,287.7824372,-74.61835765,0.183319,,18.5804,17.752899
1815710954,287.8183968,-74.4400631,-0.165179,,18.768801,17.884001
1815711007,287.6511124,-74.41553982,0.146503,,18.672899,17.8606
1815635689,287.5807948,-75.16043004,-0.18688101,,20.474701,19.637199
1815635697,287.664301,-75.14021391,-0.21093699,,19.7418,18.982599
1815635703,287.7085959,-75.12669185,0.45372799,,18.983601,18.147699
1922162937,293.4715179,-74.53335775,-0.58883399,,19.5376,18.6968
1922163187,293.4200575,-74.48058775,0.50120002,,19.157499,18.270201
1922163214,293.6414527,-74.44314606,0.377226,,19.134199,18.235701
1922163215,293.6510855,-74.43681557,-0.058812901,,19.643299,18.7381
1922155199,290.5509466,-74.82843639,0.278384,,18.546801,17.690201
1922192207,290.6279444,-74.69125931,-0.0279103,,18.5163,17.754101
1922192180,290.5671118,-74.71237426,0.021089099,,18.5177,17.659401
1922192976,290.5059094,-74.52636647,0.185858,,18.8477,17.9781
1922193011,290.5974761,-74.49708428,0.082157001,,18.669701,17.7775
1815635777,287.570322,-75.11455925,0.151198,,20.479401,19.6231
1815635780,287.6930216,-75.10764406,0.069073103,,20.2724,19.399599
1815704740,287.6758363,-74.95306368,0.0097901402,,19.5788,18.842199
1815704629,287.7118419,-75.02420859,-0.86155897,,20.058201,19.2383
1815706419,287.6435855,-74.95445284,0.34295699,,18.4632,17.705999
1922193849,290.4940121,-74.26796504,0.122252,,18.6535,17.818701
1922194124,290.452915,-74.19263391,0.095257401,,18.1626,17.382601
1815706556,287.6601677,-74.85007612,0.0490622,,19.426901,18.5987
1922193338,290.6216397,-74.40275743,0.051883198,,18.128099,17.411301
1922140692,290.86258,-75.69931503,-0.14783899,,18.8302,17.954901
1922150937,290.7884042,-75.68241722,0.082274802,,18.6159,17.812799
1922150944,290.9555256,-75.65742904,0.109874,,18.564899,17.656
1922153612,290.9344555,-75.17445043,0.046717599,,18.2668,17.401899
1815610626,285.9037795,-75.89651692,0.20797201,,18.363199,17.485901
1815706563,287.644169,-74.84239503,0.46421301,,18.4764,17.7169
1815611920,287.6847552,-75.75761852,0.19041599,,18.6588,17.8381
1815612165,287.7857439,-75.68370147,-0.093293697,,19.075899,18.2686
1815707002,287.7131499,-74.72151192,0.32536101,,19.9652,19.1028
1815706985,287.762798,-74.7374675,0.271231,,18.8379,18.0009
1815706986,287.7453747,-74.73524919,-0.385001,,19.822001,19.029301
1815707912,287.6435299,-74.71492062,0.105727,,18.746201,17.988899
1922155207,290.591696,-74.79532826,-0.221369,,18.8972,18.116199
1922193848,290.4979133,-74.26854227,0.22635099,,18.6499,17.7533
1922194239,290.6128373,-74.0770308,0.0291442,,18.745899,18.000401
1922194393,290.4698971,-74.07291723,0.091721997,,18.9897,18.132
1922194433,290.5771249,-74.02766831,-0.17602199,,18.8641,18.019501
1922151287,290.7522301,-75.5618671,0.27931899,,18.547899,17.681801
1815708020,287.547682,-74.65696536,0.218835,,19.0282,18.193001
1815661312,285.912647,-74.20765221,-0.45229301,,19.1898,18.3566
1815616337,288.7530543,-75.730269,-0.25155699,,20.053101,19.320601
1815616435,288.7312039,-75.67651412,0.46137801,,20.0068,19.127001
1815616449,288.8929132,-75.64217007,0.039738301,,19.2882,18.436001
1815617033,288.6838651,-75.65671001,0.480138,,19.6073,18.7904
1815617038,288.7751261,-75.64379164,0.300212,,19.427099,18.6574
1815656461,285.9076818,-74.52565482,-0.087818198,,19.151699,18.2367
1815617147,288.6215659,-75.57780667,-0.121976,,19.089001,18.3325
1815617142,288.7572028,-75.56745835,-0.34073299,,20.155199,19.4161
1815617172,288.9625124,-75.59325566,-0.72951299,,20.531799,19.729601
1815617414,288.6540708,-75.51151226,0.32265499,,18.6129,17.746599
1815617417,288.7168637,-75.50418663,-0.0287535,,19.545601,18.788799
1815660941,285.84382,-74.36530332,-0.35176301,,19.389999,18.492901
1815618491,288.7651703,-75.37608843,0.16171201,,19.600599,18.823799
1815613673,287.6210555,-75.46829475,-0.230481,,19.251699,18.433399
1815640706,285.738094,-75.03241883,-0.412871,,19.2274,18.452499
1815641196,285.880518,-74.90212685,-0.17936701,,18.947901,18.142401
1815660361,285.7778298,-74.43183613,-0.13650601,,19.0285,18.137501
1815618862,288.7718979,-75.27979742,0.247237,,18.8043,18.032499
1815634717,287.6464311,-75.25371273,0.0073303599,,18.8402,18.043301
1815618948,288.7369306,-75.21722921,0.44880199,,18.833599,17.959
1815703126,288.8049778,-75.16532174,0.19716699,,19.696501,18.824499
1815703156,288.7530639,-75.14497121,0.15509699,,19.3606,18.4842
1922154882,290.3639087,-74.9782749,-0.47880301,,19.0385,18.167
1815703247,288.7067557,-75.08879024,0.180517,,19.386499,18.7157
1815703929,288.751707,-75.02740906,0.494257,,18.718201,17.840099
1815703935,288.797432,-75.01256454,0.35524201,,19.6506,18.9049
1815704983,288.7630962,-74.94835995,0.072147399,,19.1679,18.516899
1815705090,288.7686589,-74.87214793,0.0924014,,19.6434,19.0019
1815705446,288.7044793,-74.78117674,0.307706,,19.372,18.541401
1815705447,288.6976297,-74.77643424,-0.055616599,,19.8372,19.0392
1815705458,288.7174758,-74.76345351,0.44309199,,18.767401,17.985701
1815707366,288.6865683,-74.63517802,0.64899302,,19.732901,18.846399
1815707367,288.7248478,-74.63554598,-0.252552,,19.3295,18.737301
1815707376,288.7206358,-74.62231068,-0.33225799,,19.491699,18.7805
1815707381,288.9191196,-74.67264899,-0.0363754,,18.873699,18.166599
1815707729,288.7823722,-74.5675941,0.200923,,20.0422,19.17
1815707794,288.796274,-74.53482617,0.205238,,19.875601,19.110001
1815709187,288.6924066,-74.31994361,0.42342499,,18.7904,17.923
1815709189,288.7794084,-74.30299606,-0.160657,,19.427799,18.571301
1815711679,288.7748031,-74.20076617,0.246094,,19.597,18.6849
1815711744,288.7276829,-74.18985912,0.200288,,18.8419,17.9496
1815713852,288.7087842,-74.10261042,-0.501288,,20.5966,19.673201
1815713853,288.7873842,-74.08459398,0.223657,,19.9181,19.019199
1815714506,288.6139805,-74.00958465,-0.071058899,,20.087999,19.2822
1815706294,289.6558112,-74.56928663,0.141652,,18.912399,18.143299
1815706295,289.6694704,-74.56336026,0.33903599,,18.815399,18.032
1815709403,289.8510331,-74.47827937,0.48771799,,18.5961,17.7136
1815709463,289.6364731,-74.45714521,-0.0091899503,,20.186199,19.2596
1815709487,289.6776702,-74.40105905,0.0382092,,19.421499,18.5193
1815709820,289.7230106,-74.27115749,-0.27250201,,19.691601,18.8158
1815710118,289.8019758,-74.23923056,-0.55302298,,19.564199,18.7087
340778055,291.744911,-74.86298276,-0.037769798,,17.4007,16.502399
1815710659,289.7698775,-74.0588076,0.36273101,,18.957399,18.134001
340787263,292.1733762,-74.1165419,0.61358202,,18.212299,17.3619
340777767,291.9553138,-75.29959055,0.344385,,18.691,17.787201
1815615056,289.6995473,-75.99002431,-0.079440497,,19.6388,18.752701
1815608002,287.9640019,-75.8756577,0.398554,,19.1807,18.315901
1815615149,289.8332024,-75.95522221,0.256405,,18.9699,18.214701
1815615182,289.9939155,-75.92698392,0.35762501,,18.941099,18.060301
1815608079,287.8677063,-75.85051456,-0.17763001,,19.3207,18.439301
1815608081,287.8680958,-75.84341943,-0.26972601,,19.783001,18.955299
1815608083,287.8702294,-75.84968635,-0.0293948,,19.920099,19.0494
1815606736,288.6943177,-75.99872216,0.42602399,,19.173,18.3661
1815615960,289.9658544,-75.6824613,-0.00082383398,,19.3969,18.568399
1815616695,289.8911536,-75.61965741,0.070708103,,19.914801,19.0613
1815616698,289.8010687,-75.61394623,-0.15368,,19.5415,18.869499
1815606847,288.7422605,-75.9307946,0.104371,,18.983801,18.3102
1815616093,288.8022394,-75.7694894,0.12916601,,18.771601,18.111099
1815616095,288.8845768,-75.79045978,0.1371,,19.500401,18.603201
1815616700,289.8082984,-75.61390716,-0.242468,,19.3479,18.601299
1815616004,288.7224553,-75.84024348,0.33712301,,18.747499,17.9063
1815616379,288.5289902,-75.73423334,0.0210103,,20.299101,19.514
1815616943,289.998224,-75.50326218,0.30498099,,19.989201,19.0882
407885020,290.0244072,-74.31133161,2.08055,,13.1167,12.3013
1815617389,288.5827217,-75.54854298,-0.093956202,,19.4632,18.691999
1815617409,288.628286,-75.51473198,0.255173,,19.65,18.785299
1815617475,288.5673136,-75.50496981,0.52624899,,19.0959,18.231001
1815616979,289.8837982,-75.42969672,-0.213113,,19.842501,19.1448
1815617512,288.8365016,-75.50624074,0.412624,,19.812099,18.959999
1815618828,288.5739178,-75.30744402,-0.0720286,,19.9552,19.1119
1815618836,288.6243533,-75.28418445,-0.284282,,19.876801,19.0107
340849857,293.4928589,-74.03718952,2.3680301,,12.7398,11.9382
340849155,293.365218,-75.21186007,13.9306,,8.5473099,7.84904
387132584,286.5101806,-75.27643868,2.2851501,,12.5779,11.7641
387132162,286.7630769,-75.89847103,2.8124399,,12.5799,11.7281
1815617938,289.8859241,-75.30684777,0.232391,,19.632401,18.9165
1815703091,288.6162162,-75.2122248,0.57427102,,19.466,18.6028
1815703141,288.6525328,-75.16562782,0.062834397,,18.6964,17.958799
387132258,286.6458257,-75.74557998,1.43059,,13.244,12.3705
387133260,286.6132802,-74.17830936,1.46384,,13.5852,12.669
340849181,293.4405621,-75.1784091,1.58477,,13.7869,12.8971
1815617941,289.8665998,-75.31142558,-0.42749801,,20.2661,19.436899
1815703467,288.61516,-75.08129304,-0.055123501,,19.1563,18.3731
1815703483,288.5701902,-75.07373507,-1.4275,,20.111,19.329599
1815703484,288.5714525,-75.0696954,0.31001499,,19.2199,18.332001
1815703563,288.5527044,-75.02304081,0.70622599,,19.694799,18.8153
1815703575,288.5711156,-75.00467321,0.20115,,19.873301,19.0842
1815705003,288.6363889,-74.93645641,-0.40598401,,19.467699,18.6952
1815705004,288.6594871,-74.93484367,0.139218,,19.0513,18.353399
340849795,293.2327462,-74.12553749,1.67602,,13.0052,12.132
407884987,290.125619,-74.25547012,0.91681701,,13.8299,13.0789
387133142,286.5690473,-74.35834668,0.27612999,,17.4072,16.565701
1815705106,288.7745795,-74.85343974,0.160735,,20.108,19.276501
1815619184,289.7834134,-75.17488655,0.083335303,,19.387899,18.658899
1815619191,289.8990129,-75.15933691,0.14169,,19.1667,18.287701
1815705342,288.7205313,-74.81503849,0.461429,,19.151199,18.2929
1815705490,288.8672961,-74.70274835,0.42115101,,18.2938,17.508101
1815707234,288.6763564,-74.73536574,-0.200615,,20.5963,19.723801
1815619265,289.8001864,-75.1090971,0.052209701,,20.505899,19.633101
1815707237,288.6741431,-74.71969942,-0.362075,,20.264799,19.504999
387133279,286.7649266,-74.1569417,0.48846501,,16.809601,15.9292
407885244,290.100546,-74.61373525,0.330789,,16.1369,15.6447
407920762,290.3710904,-75.87184964,0.62046403,,15.531,14.6479
407885540,290.3297439,-75.06298425,0.73003101,,15.8145,14.9412
387132539,286.5463673,-75.33782565,0.81088001,,13.8393,13.0761
1815709082,288.6719515,-74.3607916,-0.057968199,,19.357901,18.544701
1815709144,288.5281886,-74.35783535,-0.092433497,,19.858,18.996401
1815709160,288.4560663,-74.33954621,0.37871701,,19.6905,18.9095
1815709161,288.4687727,-74.33238136,0.56926697,,18.946501,18.0884
1815709175,288.5695382,-74.30758981,0.124437,,19.100401,18.1698
1815619701,289.8505169,-75.02300431,0.044729799,,19.3503,18.5424
1815709222,288.6895709,-74.27533054,-0.00455778,,19.1637,18.240999
407885666,290.2996611,-75.24420968,0.86102599,,15.1742,14.3338
407885672,290.2871305,-75.26150284,0.678334,,14.8388,13.9491
340848802,293.3008058,-75.81366121,1.49534,,14.3219,13.4208
324428205,285.6906164,-75.5812288,5.0413899,,11.9017,11.0349
1815711671,288.6631409,-74.21577956,0.24341901,,18.4543,17.6497
1815711754,288.5575563,-74.20253109,0.169458,,18.8375,17.968901
1815619723,289.9327694,-74.97881164,-0.25209099,,19.9284,19.257601
1815705686,289.8351783,-74.93521246,0.35530099,,19.0126,18.1814
352137222,284.971916,-75.39417368,0.88674301,,13.5515,12.7382
324428900,285.7289536,-74.53889076,1.34439,,13.1461,12.2722
387112625,286.1788554,-74.32184058,1.47102,,13.6727,12.9047
1815705706,289.8109925,-74.92593285,-0.60761499,,19.648199,18.8606
340849377,293.3156574,-74.81367641,1.16802,,13.9228,13.1334
1815714510,288.6497746,-74.01158151,0.28800499,,18.8908,18.136499
1815709619,289.1788823,-74.4394933,0.090841703,,20.0268,19.2103
1815709902,289.192094,-74.34731343,0.445842,,20.1747,19.2528
1815709942,289.3188273,-74.31907952,-0.034286499,,19.611799,18.7122
324427984,285.8675476,-75.96711419,0.48053399,,16.398701,15.523
387112928,286.2244755,-74.78280284,0.55068398,,16.340401,15.4033
352136567,285.283654,-74.46579845,0.27539,,16.517799,15.5999
324428318,285.8323032,-75.39801838,0.76967502,,15.6216,14.7591
352136311,284.9722861,-74.09346479,1.13999,,14.0075,13.036
387132338,286.8296475,-75.6209391,0.44773799,,15.2968,14.468
352136597,284.9787436,-74.49821037,0.76087803,,14.7819,13.9039
352136736,285.1330038,-74.72179266,1.25587,,14.0423,13.2421
352136718,284.9217951,-74.69063958,0.59337801,,16.259501,15.3102
1815710055,289.3676397,-74.26241132,-0.096576899,,20.0026,19.200399
1815705858,289.8321498,-74.77893397,0.130336,,18.6693,17.9002
1815705861,289.8968927,-74.76712042,0.260194,,18.2318,17.4977
1815705864,289.9518597,-74.76547398,0.162792,,19.2262,18.4098
1815705902,289.69499,-74.76090862,0.26752299,,18.8009,18.1021
352136845,285.2354068,-74.866195,0.84539902,,14.767,13.9171
352137159,285.2776229,-75.30131338,1.0656199,,15.0211,14.1241
324425726,285.4142504,-75.78673612,0.94769597,,13.8077,13.0336
387133253,286.7888048,-74.19312387,1.3515199,,14.5478,13.6323
1815710340,289.181958,-74.18256436,0.076224402,,19.5445,18.6357
1815713585,289.1694152,-74.14182254,0.179263,,19.2757,18.429199
407885542,290.2382427,-75.06546822,0.59361202,,14.7719,14.0509
324427985,285.9591678,-75.96480504,1.01048,,14.5209,13.6258
324428502,285.9454626,-75.10109286,1.31054,,14.1143,13.2775
387113210,286.1190878,-75.22562135,0.92175001,,14.7806,13.8706
324428087,285.7934459,-75.7973398,0.52534801,,14.9389,14.0535
1815709430,289.8684367,-74.43805105,0.051726501,,19.881901,19.117901
1815709436,289.81781,-74.4330661,0.153419,,19.478001,18.5933
352136559,285.1363091,-74.45710166,0.99647301,,15.4259,14.5352
352136562,285.0230207,-74.46161882,0.45615101,,16.129801,15.2224
352136716,285.2543412,-74.68549082,0.55423498,,15.5292,14.7068
352136883,285.2536914,-74.92636117,0.66245103,,15.2374,14.3228
352137425,285.0634358,-75.68925224,0.51939201,,15.3144,14.4347
1815705793,289.9746053,-74.80828525,-0.37397099,,19.603001,18.779301
1815705845,289.9768659,-74.77881664,0.00047414901,,19.1492,18.3001
1815709447,289.960981,-74.43563939,0.173623,,20.002701,19.2276
1815709529,289.9391083,-74.36454292,-0.26916599,,20.122499,19.3088
1815709746,289.7906065,-74.33682595,-1.17665,,20.787901,19.8759
340849456,293.3309206,-74.70154285,0.41705701,,16.0485,15.2103
340849721,293.2179455,-74.24361241,0.49642199,,15.2314,14.4176
340849792,293.3990614,-74.1313431,1.06818,,14.5994,13.7623
352137588,285.0309594,-75.97396328,0.55064398,,15.4803,14.6528
1815709742,289.9010294,-74.3322107,-0.57042903,,20.530399,19.6763
1922161877,292.0444467,-74.64765543,0.20369001,,19.386999,18.6173
1922161879,292.133298,-74.63968878,0.22019801,,19.627199,18.7652
1922161881,292.1958909,-74.62771872,-1.00428,,20.2981,19.4529
407885389,290.0390208,-74.84426426,0.40390599,,15.63,14.8028
340849858,293.4465086,-74.03641384,0.36033499,,16.779301,15.9045
387133082,286.532705,-74.44704909,0.36934799,,16.7367,15.8539
387133285,286.5854462,-74.15326918,0.20910899,,16.205601,15.4831
407884871,290.0280183,-74.11665293,0.328123,,15.907,15.2205
407885085,290.1999907,-74.41067758,0.46514899,,15.9033,15.0036
1922162131,292.0088881,-74.55083236,-0.0168593,,19.3755,18.5977
1815709836,289.9888303,-74.29183581,-0.224914,,19.611601,18.7066
387112674,286.3368161,-74.37766643,0.73646599,,15.0582,14.2287
352137427,285.0367931,-75.69300606,0.547539,,15.7869,14.9829
352137562,285.2292554,-75.92305223,0.74551302,,13.9126,13.3645
1815713232,288.0369195,-74.022191,5.6403699,,11.6358,10.7708
1922162166,292.2145515,-74.50217916,-0.20591,,19.7337,18.872499
1922137271,292.7520549,-75.90513518,0.469964,,18.6766,17.800699
1815710575,289.8832816,-74.12045638,0.146191,,19.9865,19.0928
1922137275,292.9380017,-75.97949356,0.430861,,19.5751,18.697001
1922137282,292.9648686,-75.95098628,-0.68377,,19.698,18.809099
1922137360,292.8472721,-75.89784815,0.37819499,,19.117901,18.273701
1922137367,292.8858835,-75.88284644,0.155146,,19.8461,18.9485
340849083,293.4177698,-75.33860342,0.42349201,,16.0921,15.1954
1922137655,292.7038187,-75.82181664,0.46579799,,19.4543,18.552999
1922137645,293.132508,-75.77162767,0.39282399,,18.7642,17.8785
1922137646,293.1039288,-75.76975038,0.15873399,,19.178801,18.3057
1815710624,289.9010835,-74.07080496,-1.05979,,20.281799,19.5228
1922137649,293.1232957,-75.76346748,-0.206745,,19.430401,18.8505
1922137691,292.9425783,-75.76795026,0.086380802,,19.4065,18.758301
1922146802,292.787279,-75.49887663,0.121095,,19.177999,18.3186
1815710677,289.8014505,-74.03865422,-0.316872,,19.1901,18.422199
1815710681,289.7979545,-74.03003329,-0.37595001,,19.7304,18.8442
1922147121,292.8627566,-75.38405521,0.45293501,,19.700899,18.827499
1922147124,292.9306743,-75.36353575,0.32123399,,20.209801,19.3463
1922147127,292.8556894,-75.36878231,0.052271102,,19.491501,18.652599
1922138894,290.1659123,-75.8900134,0.25958499,,19.2498,18.423
1922150487,290.0419325,-75.66402635,0.32811201,,18.342501,17.591299
1922150593,290.1522016,-75.6086205,-0.102959,,19.6628,18.8466
1922150584,290.1403732,-75.63009513,0.27711901,,18.7598,17.8734
1922147162,292.9054464,-75.31928964,0.177737,,18.68,17.9725
1922147163,292.9207122,-75.31202351,0.102908,,20.242201,19.3431
1922150704,290.2809343,-75.56716733,-0.168385,,19.5322,18.648001
1922150763,290.1509418,-75.52533452,0.43125501,,19.0653,18.1835
1922156014,293.0769623,-75.17571288,0.212699,,18.546801,17.8757
1922156015,292.9647806,-75.18176218,-0.21901201,,19.224899,18.4328
1922156018,293.0502764,-75.17314982,0.27669001,,19.5942,18.6798
1922150774,290.0430602,-75.51895353,0.58184898,,19.632601,18.76
1922150900,290.0567499,-75.43838982,0.67842901,,18.504,17.7707
387113709,286.431889,-75.94519775,0.37835199,,16.863501,16.003
352137287,285.1010223,-75.49663134,0.34310001,,16.725599,15.8594
352137599,284.979344,-75.99736694,0.239648,,16.940901,16.0264
324425761,285.6044518,-75.8378691,0.26877001,,16.5483,15.7673
324429213,285.9707936,-74.03031441,0.15488601,,17.107,16.231701
352136764,284.8921515,-74.75352112,0.59564799,,16.1185,15.16
352137283,284.8868448,-75.48954959,-0.0067333402,,16.721701,16.034901
1922157182,292.9045502,-74.97973046,0.188538,,19.805401,18.8943
1922153372,290.0200357,-75.31324082,-0.194849,,19.207199,18.343399
1922153390,290.0828138,-75.27223647,0.44486299,,19.8179,18.9744
1922157273,292.8748948,-74.91182296,-0.105092,,20.208799,19.3738
1922157275,292.9069633,-74.89601184,-0.0334194,,19.7558,18.953199
364111524,289.0338775,-74.77671598,0.94337201,,13.2286,12.6127
352230079,288.5707409,-74.88988653,1.1787699,,12.8798,12.239
364135623,289.6025331,-74.45150455,2.94558,,12.7223,11.8201
364135939,289.6658218,-74.86466519,0.96245998,,13.0488,12.2387
407885223,290.2358936,-74.58696945,1.7505,,12.4987,11.6899
407934582,290.9915012,-75.10490717,0.997145,,13.5105,12.7487
407934389,290.9364692,-74.83035667,3.3136201,,11.76,11.105
265125145,293.5658653,-75.48365837,2.12377,,12.5875,11.7165
1922153811,290.0951006,-75.17377946,0.203275,,19.041901,18.260099
352136345,285.2580257,-74.14607652,0.72205597,,15.549,14.5921
352136467,285.0531216,-74.32312056,0.554712,,16.017401,15.1609
352136759,285.127583,-74.74706626,0.50185299,,16.52,15.5746
1922161136,292.9591574,-74.72592096,0.27279899,,18.679199,17.815201
1922161164,293.063244,-74.66671457,0.0922703,,18.966299,18.3454
1922161232,292.9184183,-74.63817294,0.176403,,20.268499,19.3899
1922153814,290.2524389,-75.14968624,0.113179,,19.195,18.2974
1922154641,290.0820078,-75.13398012,0.46020499,,18.8932,18.0256
1922154665,290.0329501,-75.10167666,-0.387826,,19.441299,18.6602
364110923,289.1939687,-74.00278987,1.08498,,12.3169,11.554
1922161233,292.9070805,-74.63899538,-0.0263937,,19.5902,18.7047
1922161228,292.914737,-74.64877432,0.27135101,,19.688999,18.82
352229439,288.6207342,-75.80946727,1.0273499,,13.0096,12.2006
352229583,288.4668415,-75.60257665,1.54137,,12.6767,11.8833
407933886,290.9147796,-74.07524529,0.59302402,,13.0046,12.426
407934858,290.9068405,-75.5603914,1.38933,,13.6501,12.8043
1922161467,292.9589181,-74.57137421,-0.124066,,19.6525,18.807699
1922161618,292.9444825,-74.53528063,-0.104382,,19.3631,18.5326
1922154671,290.1147526,-75.10038286,0.42868701,,19.2038,18.435801
1922154675,290.3031629,-75.07753797,0.157703,,19.370701,18.545401
1922154715,290.0086245,-75.08045483,0.268996,,18.8815,18.031401
1922154716,290.0576078,-75.07757644,-0.23860499,,19.627899,18.8626
340792132,292.5674651,-74.06143711,1.3648601,,13.6899,12.9067
265125051,293.9024571,-75.62407982,1.50506,,13.6795,12.8189
265125256,293.658339,-75.29040562,0.74949503,,13.4955,12.6287
265125681,293.5160874,-74.6287266,1.67858,,12.4794,11.8311
265125930,293.7938003,-74.27945095,1.94906,,12.5303,11.6789
1922162729,292.8922689,-74.36013172,0.060061999,,19.6238,18.851101
387113208,286.3763681,-75.22520969,0.68334502,,15.7294,14.8697
352136482,284.8900411,-74.34280702,0.356567,,16.6187,15.7104
364111446,288.8250782,-74.67126662,0.943483,,14.1749,13.4133
364111451,289.143007,-74.67670878,0.30321199,,13.346,13.2946
407934003,290.9567118,-74.24882313,1.1709599,,14.0929,13.2314
407934661,290.8692928,-75.24752306,0.99544799,,13.68,13.0107
407934662,290.9758854,-75.24994518,0.897861,,14.2394,13.3366
1922154734,290.1717669,-75.05835906,0.093896501,,19.467699,18.7432
1922154750,290.2053278,-75.02811908,0.220498,,19.328199,18.4387
1922162791,292.7938363,-74.3357782,-0.11275,,19.681299,18.884701
1922162817,292.7773532,-74.30674272,-0.365358,,20.1348,19.3013
364111148,288.9896697,-74.29348523,0.30699399,,16.291599,15.5765
364111274,288.9694296,-74.44169572,0.122668,,16.482,15.8695
364111606,289.1028861,-74.89079124,0.65075999,,15.0542,14.1869
352229938,288.4646096,-75.08475129,0.46736899,,15.7037,14.8221
1922195510,292.946715,-74.20532755,-0.12641799,,19.8922,19.0865
352230257,288.3957052,-74.61646131,0.32471699,,17.3472,16.618799
340791593,292.7150614,-74.85524989,0.62505198,,15.5751,14.7029
340791619,292.560532,-74.81145033,0.33428401,,16.5012,15.727
352229493,288.6344188,-75.73109648,0.48765099,,15.1823,14.3168
407934811,291.0451135,-75.48186019,0.68591303,,15.1042,14.2765
352136900,285.0697359,-74.94585501,0.56216902,,16.628099,15.7113
352137112,284.9005739,-75.23328525,0.69802099,,16.649799,15.792
1922197184,293.0451406,-74.13297272,-0.59004003,,20.164101,19.3701
1922197453,292.9721579,-74.04160804,-0.245791,,19.1733,18.314501
1922197455,292.9543463,-74.03905175,-0.052889898,,19.966499,19.1847
387132184,286.7996634,-75.86322168,0.43858999,,17.042,16.146799
1922154776,290.245885,-75.00630486,-1.0411,,20.6098,19.749001
352230078,288.5010849,-74.89061478,0.34805,,16.5187,15.6524
407885531,290.293442,-75.05436301,0.48895201,,15.4601,14.7345
364111152,288.8449582,-74.29589113,0.262977,,16.579901,15.6661
407885336,290.1670266,-74.7487024,0.54505301,,16.2397,15.3567
387113209,286.1580808,-75.2253206,0.50087899,,16.650299,15.8102
1922136427,293.3879804,-75.95797135,0.22047,,19.169201,18.349701
1922142458,293.3691394,-75.87684356,0.250303,,19.243601,18.389099
1922141747,293.5658377,-75.89562179,-0.085225597,,19.845501,19.0375
387132553,286.7854992,-75.31769507,0.289415,,16.903799,16.120899
387133106,286.7904393,-74.41870932,0.41675001,,16.9335,16.0411
352229397,288.551823,-75.88188067,0.576469,,16.0926,15.2346
364135504,289.6189881,-74.28765608,0.25803801,,16.030899,15.3058
340791745,292.6841297,-74.5984596,0.43694299,,16.228001,15.3955
1922154957,290.2765944,-74.97661727,0.094445802,,19.010799,18.1579
1922154962,290.2525226,-74.96147042,-0.069499798,,19.224501,18.3771
1922155004,290.1005296,-74.93103101,-1.10651,,20.2652,19.476801
1922142472,293.3721804,-75.86244611,0.55800998,,18.722401,17.797899
1922142475,293.360206,-75.86405817,-1.23919,,20.6096,19.7533
387132586,286.6575163,-75.27510961,0.346867,,16.808201,15.9656
387132122,286.8351914,-75.95769779,0.26323,,16.6541,15.9146
387133245,286.5790203,-74.21683273,0.38577101,,16.944201,16.0364
407885184,290.3215344,-74.53351481,0.34056699,,16.8069,15.9622
1922142765,293.5692037,-75.71885961,-0.55688298,,19.356001,18.6621
364111934,289.0115574,-75.34836586,0.51693499,,15.5975,14.7631
352230104,288.8063858,-74.84366723,0.45405999,,15.6256,14.8504
407885248,290.218694,-74.61739025,0.51294702,,16.116699,15.2314
1922154982,290.180896,-74.96157883,0.418071,,18.0625,17.237
324425753,285.4663761,-75.82943751,0.27229899,,17.102301,16.2722
340848972,293.1952417,-75.52751698,0.097354703,,16.6301,15.9251
1922145770,293.407985,-75.60128021,-0.827748,,20.4203,19.6292
1922191735,290.0492071,-74.89884715,-0.122034,,19.313101,18.501301
1922191751,290.063411,-74.85227086,0.065380402,,18.7068,17.926001
352136293,285.0654613,-74.06622535,0.28224501,,17.770599,16.876301
387133252,286.7785385,-74.2001774,0.299099,,16.965401,16.056999
340848950,293.2486122,-75.5588546,0.32962,,16.6138,15.8179
340849643,293.4444434,-74.37394823,0.56121999,,16.857,16.032499
387133158,286.6880525,-74.33324712,0.228486,,16.997499,16.1854
352229387,288.605704,-75.89679766,1.13565,,14.6003,13.7317
352229398,288.6609528,-75.87919179,0.915295,,14.5171,13.6596
1922191752,290.1105434,-74.84903961,-0.121427,,18.8155,18.1131
1922191771,290.0817147,-74.80535343,0.41198799,,18.345301,17.4573
352229845,288.6845414,-75.21753861,1.03424,,14.1178,13.2447
352230154,288.6588482,-74.78238193,0.73615599,,15.3177,14.44
352136599,284.9650608,-74.50172435,0.323331,,17.6131,16.7372
1922146181,293.6397521,-75.4417447,-0.176658,,18.889999,18.3169
1922146184,293.6650296,-75.45158262,0.35644799,,19.062901,18.3053
1922146224,293.3652221,-75.43128837,-0.109829,,19.445101,18.574699
352136732,285.0511914,-74.71681062,0.22854,,17.375,16.425501
352136734,285.1950989,-74.71863805,0.28117001,,17.7612,16.8682
1922191887,290.2662179,-74.77097438,0.40631199,,19.2745,18.569799
340849487,293.4507825,-74.65641341,0.30550301,,17.0296,16.119801
364135903,289.9410729,-74.81265336,0.73566598,,14.9144,14.05
407934291,291.1575586,-74.65557132,1.07295,,14.2375,13.3384
407934777,290.9776802,-75.43119456,0.93972301,,14.5003,13.6508
340791321,292.6137314,-75.25719838,1.03154,,14.0972,13.2136
265125311,293.8565976,-75.20333722,0.26406801,,15.7133,14.9707
1922146246,293.5275181,-75.40343611,0.49251401,,19.2911,18.4536
352137077,284.8951526,-75.18078788,0.32817999,,17.6201,16.690399
352137007,285.1556248,-75.08555747,0.29555699,,17.841299,16.940901
340849187,293.3298837,-75.16637774,1.20605,,14.7198,13.8683
340849719,293.3366419,-74.24773459,0.59432203,,15.1807,14.2756
265125924,293.6797959,-74.28643716,1.06388,,14.5896,13.7085
1922192025,290.0332056,-74.72631263,0.201836,,19.6127,18.847799
1922146985,293.4184611,-75.33428494,0.26515201,,19.0583,18.1747
1922147036,293.3845465,-75.31539018,0.46019301,,19.406799,18.6367
1922147042,293.485327,-75.30883519,0.47175699,,19.4237,18.6495
1922147047,293.3336866,-75.3058529,-0.305318,,20.0406,19.27
352184822,287.2853548,-75.66536714,0.47069499,,16.1017,15.241
387132587,286.8012538,-75.27232093,0.68181902,,15.7255,14.8396
1922192841,290.1025241,-74.57478023,-0.283768,,19.609301,18.8701
364111047,289.0337918,-74.16165359,0.60493898,,15.9686,15.074
1922147071,293.45186,-75.27109566,-0.18006501,,20.214001,19.385099
1922147274,293.3102451,-75.23749836,-0.29392099,,19.892799,19.0135
1922147715,293.5160977,-75.17414558,-0.0875635,,19.4856,18.712999
1922147716,293.5021816,-75.17187317,0.079271004,,19.5874,18.680799
407884899,290.1533807,-74.14616022,0.65292698,,16.271299,15.4067
1922192885,290.0860004,-74.52480887,0.289069,,19.407,18.529499
352137527,285.0207983,-75.8574178,0.40369299,,17.978001,17.066401
352137597,285.1013337,-75.99531063,0.25445601,,17.573999,16.655399
1922147730,293.4101954,-75.14579231,0.497107,,18.737,17.8445
1922156459,293.5119819,-75.11438788,0.18715601,,18.9956,18.1343
407885650,290.2327206,-75.22668429,0.54339701,,15.2744,14.4085
1922192929,290.1438811,-74.45746954,-0.041927401,,19.7726,18.923599
324425725,285.4515037,-75.78536415,0.40051499,,17.5114,16.6241
364112114,289.017394,-75.63085355,0.53548002,,15.8588,14.9661
352229617,288.4845137,-75.53767637,0.59526402,,15.0595,14.3546
1922156557,293.4672821,-75.01832319,0.322155,,19.4797,18.656099
340849033,293.2514104,-75.43253967,0.56606698,,15.8351,14.941
1922192934,290.1464412,-74.44970064,-0.27847099,,18.9055,18.235901
324428493,285.6796291,-75.11217702,0.25645101,,18.1696,17.278799
324428796,285.6972229,-74.68765847,0.149855,,17.7024,16.783001
387112505,286.1929398,-74.17076959,0.15004601,,17.639999,16.755501
352230084,288.7389647,-74.88262596,0.609137,,14.677,13.8461
352230102,288.5370798,-74.84726608,0.85599297,,14.8438,14.072
352230111,288.7205117,-74.83122591,0.49639001,,15.6838,14.8138
352230303,288.5430258,-74.55058902,0.73921901,,15.4938,14.6029
352230348,288.7240144,-74.47715526,0.48380101,,15.7997,14.9541
1922156775,293.3910394,-74.98014444,0.14456999,,19.167,18.2861
1922193601,290.1700282,-74.39784202,-0.0001174,,19.112301,18.302299
387112673,286.4344091,-74.37618854,0.150097,,17.341499,16.4972
1922157749,293.513601,-74.82442176,0.39577401,,20.149,19.223
364135321,289.7159259,-74.05004374,0.743186,,15.0791,14.2016
364135395,289.6775595,-74.13799733,0.41877899,,15.9924,15.0968
364135552,289.9908343,-74.3504404,0.55921102,,15.0098,14.1
364135836,289.7816776,-74.71766024,0.48320201,,14.8197,14.0259
1922193959,290.0472137,-74.27794902,0.22626901,,18.411501,17.7775
387112810,286.3591729,-74.58586554,0.16885,,18.099501,17.243
387113034,286.4138548,-74.96257296,0.30974001,,17.1373,16.2379
1922157750,293.6000432,-74.80603972,0.25424901,,18.899,17.999001
1922158056,293.482177,-74.7241759,0.21846101,,19.665199,18.825399
1922194040,290.1017598,-74.21620734,0.19501799,,19.276899,18.431299
407885417,290.4025232,-74.88787069,0.69640201,,13.5671,13.1278
387113213,286.4548226,-75.23013735,0.28571799,,18.2495,17.432699
387132332,286.5129658,-75.63384365,0.27875501,,16.613701,15.7698
387133144,286.6736117,-74.35672574,0.38740799,,16.354799,15.5136
407934123,290.921611,-74.41894044,1.15713,,14.9089,14.0308
1922158071,293.4061751,-74.73252804,-0.0955569,,19.831499,19.0282
1922194286,290.1169547,-74.14103947,-0.038341999,,19.6682,18.777399
1922194291,290.1459848,-74.14214838,-0.50240701,,19.847099,19.1227
387113701,286.0897952,-75.93001572,0.21319599,,17.3531,16.5168
387133191,286.5332415,-74.29165139,0.38716301,,16.4373,15.5416
407884793,290.1240926,-74.0016536,0.42473701,,16.341499,15.4634
407885172,290.3161051,-74.51196833,0.37021399,,16.4422,15.5874
1922161282,293.3917309,-74.63285505,-0.051942099,,19.802601,19.0021
1922161316,293.4767785,-74.56917515,-0.40529901,,19.9869,19.2108
407934773,291.0951778,-75.42529021,1.01591,,15.3082,14.3995
407934841,291.0123112,-75.53778868,1.07228,,14.2402,13.3837
340791534,292.6112002,-74.94970884,1.14108,,14.7635,13.8594
1922194507,290.1480199,-74.04517353,0.248457,,18.307501,17.797701
324428906,286.0323058,-74.53160605,0.42256799,,17.0432,16.138201
352136714,284.9571734,-74.6830515,0.071702197,,17.347401,16.403
352137082,285.1611036,-75.19014311,0.41191599,,17.511801,16.593201
265124894,293.5888624,-75.90569704,1.24077,,14.657,13.7709
265125054,293.6427403,-75.61819881,1.0176001,,14.8377,13.9238
265125127,293.7785222,-75.5146395,0.47452801,,14.9721,14.2117
340848987,293.2245082,-75.50406678,0.38247901,,16.5784,15.677
1922194523,290.1117465,-74.02337356,-0.695216,,19.3295,18.6133
1922194528,290.0605238,-74.02272983,0.030702399,,19.663601,18.8386
324429070,285.6802011,-74.27093402,0.32627699,,17.3102,16.4128
324429071,286.0615965,-74.2697347,0.38092399,,16.995701,16.083799
265125201,293.7399679,-75.40022095,1.04535,,14.8707,13.9895
265126116,293.7817714,-74.033374,0.74550301,,14.911,14.1317
340849210,293.4217183,-75.11405106,0.229316,,16.562099,15.6416
1922146929,293.251413,-75.41194972,0.40543401,,18.9949,18.096399
1922147145,292.8213572,-75.36141139,0.50632799,,19.4452,18.673599
1922147287,292.9986488,-75.27389806,0.099790998,,19.7019,18.7994
1922147296,293.1339304,-75.25050334,-0.47570699,,20.1623,19.4279
1922156006,292.9291011,-75.19130266,-0.105073,,19.587799,18.7285
387132322,286.6651084,-75.64680858,0.17776699,,17.6814,16.7882
407920815,290.2673125,-75.97609406,0.067546196,,18.3454,17.437599
1922163269,293.3677406,-74.40644398,0.37691101,,19.6416,18.842199
1922163270,293.4426131,-74.41479062,-0.046691202,,19.764601,18.9737
1922164024,293.2861271,-74.3770747,-0.139989,,19.3687,18.513599
1922164050,293.5264171,-74.34956766,0.36693799,,18.3657,17.5686
352137445,284.9881959,-75.72421462,0.24194901,,17.5865,16.6779
1922156358,293.0319079,-75.05673197,0.037764698,,19.395399,18.485701
1922157664,292.9743739,-74.89071183,0.366263,,18.823,18.2064
352136468,285.1492753,-74.32611898,0.334721,,16.76,15.8618
1922164055,293.6368737,-74.33133334,0.55784899,,18.879601,17.99
1922197227,293.4742102,-74.11818715,0.079398997,,19.041201,18.242399
1922197229,293.3984939,-74.11981103,0.0569393,,20.2749,19.378
340849168,293.4959673,-75.19698703,0.36702299,,17.879499,16.996901
1922157677,293.0903834,-74.85920501,0.137978,,18.8414,18.0446
1922159692,293.6452138,-74.59976103,-0.46485001,,19.680799,18.822201
1922162885,293.6024999,-74.54082259,0.36300701,,19.2757,18.464899
1922162933,293.5808193,-74.53093197,-0.052232001,,19.7869,18.945299
387113214,286.4045942,-75.2331775,0.58538198,,16.7955,15.8917
1922162972,293.7944728,-74.48179722,0.21411499,,19.8286,18.971201
1922163228,293.5883342,-74.42050796,-0.19466799,,19.314501,18.4694
1922157938,293.0671779,-74.78321693,0.38037601,,19.299101,18.407301
352136517,285.1767152,-74.38957804,0.28584999,,17.0891,16.1483
352136768,285.0963804,-74.7613984,0.30607,,16.8549,15.9287
1922163222,293.7797753,-74.422433,-0.57314098,,20.228399,19.330601
1922163227,293.682269,-74.41975014,0.40492901,,18.6101,17.726
387132484,286.6439974,-75.40621304,0.315229,,17.063499,16.2061
1922161153,292.9993082,-74.69434028,0.38523701,,19.0359,18.2178
352137165,284.9477006,-75.30971457,0.298545,,17.093901,16.1705
1922164159,293.7345392,-74.29972947,0.036951099,,20.278299,19.444
1922164161,293.71822,-74.30172174,-0.74069297,,20.7486,19.853399
387132825,286.5699195,-74.85211226,0.49563301,,17.193199,16.3062
387132947,286.6922103,-74.66660044,0.37025401,,17.1273,16.206699
1922161431,293.0151581,-74.59518755,-0.33250701,,19.989,19.285
1922164235,293.772782,-74.22319272,0.023726599,,20.343599,19.482401
387133147,286.7922851,-74.35172685,0.199871,,16.876101,16.1304
1922161610,292.9965502,-74.54285103,0.0508564,,19.578699,18.735901
1922161623,293.0158369,-74.52551542,-0.073807999,,20.323099,19.4639
352137257,284.9365501,-75.45337364,0.176284,,17.8603,16.9914
352137428,285.0203985,-75.69672208,0.138346,,17.8316,16.9494
1922197271,293.5938088,-74.06692083,0.183841,,19.079,18.2498
1922161635,292.9481141,-74.52909858,0.14853001,,18.9224,18.067301
1922161636,292.9529108,-74.52583919,-0.052287702,,19.011299,18.195499
1922162421,293.0270106,-74.45837507,-0.18092699,,20.1588,19.3936
387112807,286.3389669,-74.58090827,0.26208201,,18.0875,17.1817
1922197340,293.5721842,-74.00935228,-0.032191001,,18.2083,17.7915
1922122078,294.8750858,-75.97003093,0.30298799,,19.1866,18.3314
1922122280,294.8760592,-75.92559279,0.416581,,19.629999,18.848499
1922162497,292.948443,-74.42685687,0.31277999,,19.3822,18.527201
1922162546,293.0308651,-74.36840712,-0.063973702,,20.063801,19.233999
1922162771,292.9945906,-74.33309641,-0.31679401,,20.442801,19.612
1922142056,294.6213525,-75.76493809,-0.249979,,20.034901,19.1525
1922162847,292.9547012,-74.27971036,-0.319552,,20.735701,19.836399
1922162849,292.9260158,-74.27384952,-0.068990901,,19.972099,19.1068
352136715,285.1364688,-74.68328261,0.222069,,18.038401,17.115299
352137005,285.1111203,-75.08245669,0.20507801,,18.2318,17.3549
1922197168,293.0624103,-74.15221498,0.165411,,19.652,18.749001
1922197122,293.092277,-74.18705947,0.437305,,18.569099,17.673401
1922143161,294.9003949,-75.51265876,0.242208,,18.7547,17.905899
1922143197,294.7143965,-75.5047755,0.46170199,,18.7721,17.944401
1922143424,294.7092622,-75.42206036,-0.15347099,,19.662201,18.863199
1922147920,294.7967069,-75.30807105,0.252909,,18.9041,18.2038
324425724,285.3548742,-75.78062855,0.317839,,17.7132,16.842699
1922148046,294.8762618,-75.21807695,-0.3682,,19.963499,19.128201
1922197125,293.1157949,-74.17518081,-0.59692198,,20.236,19.4685
1922197177,293.0142402,-74.13992413,0.67002898,,18.9767,18.069799
1922197377,292.9370107,-74.09377506,0.19445001,,19.4897,18.630699
324428633,285.6638496,-74.91436277,0.130989,,17.907301,17.030899
324428795,285.8806176,-74.69113151,0.19730499,,18.0431,17.1096
1922148326,294.7409464,-75.11998744,0.0423274,,19.884701,18.9883
1922148347,294.8567499,-75.0735016,0.28217599,,19.0569,18.1933
1922197422,293.0396185,-74.04969234,0.35156599,,19.223801,18.3314
1922197447,292.9659591,-74.05030209,0.61278999,,19.383699,18.473801
1922149228,294.9471358,-75.00195843,-0.47915101,,20.1523,19.323299
1922149293,294.7384779,-74.98012393,0.110372,,19.441099,18.5667
352136462,285.2844443,-74.31839249,0.14749201,,18.0769,17.229099
387132939,286.7447374,-74.67489187,0.29563299,,17.377899,16.4765
387133262,286.8272481,-74.17588315,0.350198,,17.2008,16.343599
407884875,290.202833,-74.121744,0.31603301,,17.101299,16.2502
387113440,286.3067151,-75.53112697,0.279131,,17.821501,16.9671
1922197483,293.1011068,-74.02812218,0.169413,,18.970501,18.170401
407885090,290.3536594,-74.41583519,0.47221899,,17.1556,16.288099
407885131,290.1392319,-74.46381416,0.279778,,17.035299,16.236401
352137158,284.9631872,-75.29403176,0.13819399,,18.177299,17.283501
352137244,285.259173,-75.43409849,0.326114,,17.365299,16.595699
387113033,286.085864,-74.96244886,0.102876,,17.525801,16.638399
352136564,285.2092726,-74.46216137,0.122442,,18.316401,17.4636
340849029,293.1837064,-75.43589913,0.178758,,16.757799,15.8793
324428903,286.0643453,-74.53455348,0.323504,,18.186199,17.322001
340849538,293.342532,-74.5340053,0.43794301,,16.540701,15.6483
352137449,284.9083642,-75.73085116,0.074867003,,17.902901,17.1024
324425664,285.4843694,-75.65627765,0.112337,,17.8899,17.024099
407884853,290.1024363,-74.09169235,0.110135,,17.0023,16.1119
407884911,290.193313,-74.16673298,0.307109,,16.882,16.035
407885218,290.1786324,-74.58098677,0.51248598,,16.6957,15.8288
352230015,288.731908,-74.9703322,0.92404401,,14.456,13.635
352229671,288.7405902,-75.4525177,0.55625302,,15.9058,15.1005
1815652549,285.25487,-74.9730056,0.143307,,18.329201,17.4655
407934348,290.8184357,-74.7559642,0.410036,,16.541201,15.6944
352229666,288.6168493,-75.46091334,0.076843098,,16.567699,15.8469
407934448,290.8522714,-74.91283486,0.36053601,,17.158701,16.315399
364112148,288.8813631,-75.68381863,0.271119,,16.9464,16.204399
352229581,288.6526104,-75.60320801,0.49736401,,16.9736,16.1339
352230010,288.536882,-74.97771573,0.37903699,,16.659,15.7717
1815655902,285.1691446,-74.74929797,0.0970864,,18.7899,17.8685
1815656350,285.1044001,-74.58752302,0.25479901,,18.2731,17.3967
1815660218,285.2037704,-74.51342934,0.31912601,,18.3416,17.4625
387132501,286.6992658,-75.38707622,0.20680299,,17.691401,16.9189
407934461,291.0762102,-74.92778306,0.45237899,,17.2416,16.348
407934505,291.1370322,-74.98105878,0.29308,,17.2549,16.444901
1815660803,285.3551451,-74.33435479,0.149326,,18.418699,17.480499
1815661613,285.2188562,-74.30911625,0.226751,,18.4951,17.580099
387132787,286.7648675,-74.9142608,-0.062992498,,18.1483,17.2705
265125441,293.6886753,-74.99834784,0.396404,,17.0916,16.1775
352229445,288.7909196,-75.80040612,0.60479498,,16.731199,15.8857
364135479,289.932524,-74.24969196,0.33419201,,16.720699,15.822
364135480,289.8822895,-74.24977974,0.45081699,,16.9445,16.061199
407934840,290.9328918,-75.53718065,0.29937699,,16.829,15.9316
265125440,293.8167179,-74.9989846,0.45162499,,16.6714,15.7625
364111489,289.1366089,-74.72944437,0.50414598,,16.728701,15.9233
352230063,288.6847999,-74.90842648,0.389792,,16.675699,15.7975
387133146,286.8345136,-74.35533392,0.119256,,17.772699,16.907301
1815661869,285.3066049,-74.23251161,0.084821202,,18.497601,17.5902
364135546,289.9185843,-74.3458755,0.42034101,,16.6182,15.7234
407934708,291.0902451,-75.31268025,0.297414,,17.002701,16.132299
407934981,291.0479871,-75.80648851,0.27760801,,16.578501,15.7846
265126073,293.5291265,-74.08416625,0.57830697,,16.7215,15.8403
1815610986,285.830663,-75.78697212,0.055292599,,18.441601,17.574499
1815631525,285.902632,-75.70752597,-0.107541,,18.478701,17.674101
1815631614,285.8807316,-75.65757395,-0.236269,,18.2679,17.4284
364112069,288.8552677,-75.56026808,0.98027802,,14.7492,13.8805
1815631979,285.9310279,-75.53561227,0.305841,,18.4403,17.5919
1815634808,286.0052126,-75.50318477,0.39533901,,16.9324,16.072201
352230032,288.5619193,-74.94382561,0.253261,,15.5738,14.8779
407920599,290.1461324,-75.64194464,0.39056101,,17.377001,16.488199
1815640586,285.9873891,-75.05621945,0.44725299,,18.1208,17.1959
340849460,293.4071663,-74.69242435,0.34871,,17.4918,16.6294
1815640622,285.9659653,-75.02351004,0.15562201,,18.565599,17.663099
1815640976,285.8679731,-74.95835559,-0.050894901,,18.7344,17.831301
387132236,286.5161803,-75.78082954,0.0974622,,17.790199,16.968901
1815641125,285.9562327,-74.93217608,-0.418513,,18.5774,17.784401
340791433,292.5660642,-75.07815024,0.382431,,16.069401,15.2148
1815633494,286.2940397,-75.63679653,-0.060870402,,18.662001,17.7666
340791280,292.3661042,-75.3244459,0.29175201,,16.9123,16.007401
387132260,286.5936871,-75.74196165,0.338956,,17.8067,16.9284
1815635079,286.3426139,-75.34183149,0.024576301,,18.371,17.5923
1815635085,286.5600637,-75.31728058,0.179491,,18.1754,17.3971
387132538,286.7015711,-75.33821125,0.432073,,17.3034,16.4629
387132609,286.5848144,-75.22955818,0.330818,,17.6427,16.7796
364110924,289.18521,-74.0056277,0.458,,16.411301,15.5151
364111568,288.8544292,-74.85038788,0.38951501,,15.9656,15.1994
364112074,289.0636866,-75.56870942,0.474181,,16.5606,15.6803
352229736,288.4466941,-75.35958212,0.36221501,,16.509001,15.6722
407885547,290.3271957,-75.07343088,0.55993199,,16.192801,15.2972
407934175,290.8802752,-74.49766081,0.58127099,,16.6632,15.7783
407934214,291.0799738,-74.53873445,0.48566601,,16.3937,15.5532
387132941,286.8272068,-74.67111343,0.142691,,17.5464,16.6707
387132945,286.8295187,-74.66829441,0.215009,,17.566999,16.6782
407934545,290.8193366,-75.05119852,1.00567,,15.7484,14.9271
1815639736,286.326767,-75.02886922,0.27973101,,18.392099,17.5193
265124946,293.8067607,-75.80011787,0.42679101,,16.7106,15.7623
265125181,293.9016773,-75.44048073,0.51536798,,15.7862,14.8987
364111572,289.1551376,-74.85436777,0.284863,,16.3587,15.5833
364135510,289.8709753,-74.29526579,0.25487599,,16.4592,15.577
407885272,290.0867304,-74.65696046,0.48482701,,16.263901,15.3757
1815655651,286.2947228,-74.59791188,0.15509801,,18.709999,17.774
407934752,290.8328727,-75.38399247,0.57150799,,16.4144,15.4993
265125083,293.570974,-75.58146162,0.43736401,,16.6735,15.7675
340849765,293.4139083,-74.18001052,0.15083399,,17.528299,16.647301
340849856,293.1425669,-74.03853762,0.20480099,,17.502899,16.7264
364136029,289.6793484,-74.97172839,0.234447,,17.5072,16.8251
1815655694,286.3777723,-74.5572565,0.24494299,,18.488701,17.564899
352229440,288.5380104,-75.80857559,0.15044101,,16.670099,16.093201
340848937,293.3753327,-75.57620952,0.188131,,18.278099,17.367901
340849030,293.4380066,-75.43481757,0.0608797,,17.912701,17.054501
340849032,293.3375409,-75.43353135,0.0551151,,18.2575,17.369301
387132551,286.6153622,-75.32331289,0.28813401,,17.525299,16.6737
387133221,286.8195677,-74.25099302,0.27797401,,17.7195,16.812099
407885143,290.2703092,-74.48109464,0.263612,,17.709499,16.868099
407885295,290.2518591,-74.69939892,0.30449599,,17.4466,16.5821
364111487,288.8735079,-74.72673288,0.0269401,,17.7509,16.998899
364111983,288.8521708,-75.42910902,0.21250799,,18.102501,17.251801
352229372,288.4444322,-75.92105025,0.24615499,,17.965799,17.088499
1815661118,286.2726965,-74.27588962,0.47900999,,17.0299,16.1635
407933915,291.0137858,-74.14519434,0.304387,,16.680201,15.9845
407885296,290.1085595,-74.70061973,0.27176699,,17.4748,16.6021
340849834,293.3486037,-74.06965238,0.28217199,,17.778999,16.925301
340791622,292.5740977,-74.80190762,0.02225,,17.2547,16.4617
407885390,290.3086118,-74.84421706,0.130022,,18.0144,17.290501
1815661059,286.459441,-74.25749065,0.098448098,,18.644199,17.7491
1815612215,287.4508018,-75.70228607,0.143736,,18.7187,17.845301
1815706488,287.8926149,-74.87608672,-0.081661597,,18.622999,17.7449
340849778,293.4737551,-74.15202795,0.0718906,,17.8314,17.0609
340848803,293.4817746,-75.81220326,0.33867499,,17.6588,16.7318
352229843,288.5031111,-75.21951342,0.32985601,,17.087,16.322599
1815708058,287.9298944,-74.63872764,-0.18603501,,18.1688,17.298401
340849291,293.3487269,-74.95980045,0.36099499,,17.326,16.4252
364135558,289.9573015,-74.35609821,0.13611101,,17.270399,16.642
1815708155,287.8350875,-74.61879377,0.23160601,,18.106501,17.3244
407884825,290.1365799,-74.0510199,0.209172,,18.0469,17.169001
407885178,290.2070408,-74.52535107,0.13167,,18.125,17.2787
407885481,290.2967498,-74.98301321,-0.117356,,18.1026,17.291201
1815708440,287.9201626,-74.52359254,0.17507499,,18.7332,17.882999
1815710972,287.7945173,-74.42631005,0.262306,,18.246401,17.4674
1815711428,288.0831375,-74.38707336,0.227231,,18.745701,17.854099
1815711859,288.0324356,-74.22685071,-0.0021476301,,18.406601,17.571301
1815713186,287.9926932,-74.0738354,0.20400999,,18.350401,17.4827
407885135,290.082969,-74.47123799,0.380676,,17.7908,16.927799
1815713309,287.8557637,-74.00821881,0.119415,,18.4506,17.5289
265126075,293.689106,-74.08107351,0.34072801,,17.096901,16.255199
364135343,289.9270286,-74.07872509,0.293394,,17.314899,16.4209
340849289,293.39512,-74.96616879,0.225072,,18.0142,17.1436
1815709018,288.2934838,-74.39998788,0.15690701,,18.313801,17.428101
407885339,290.0997824,-74.75552011,0.19621301,,16.903999,16.163601
407934649,291.169588,-75.22245612,0.27303901,,17.1619,16.285601
352229404,288.5678097,-75.87198943,0.30524501,,16.898701,16.0788
352229846,288.6635406,-75.21524313,0.296269,,17.005699,16.1471
407920817,290.3007367,-75.97737123,0.34336099,,17.8186,16.9359
340849145,293.4738233,-75.23716555,0.27609801,,17.627899,16.8041
1815611317,287.4461824,-75.8570326,-0.205101,,19.183201,18.337999
340849422,293.1302195,-74.74533952,0.34158,,18.0333,17.131201
340849637,293.2851023,-74.37978836,0.31661099,,17.835899,16.9835
387132536,286.7731048,-75.34008862,0.187645,,17.563101,16.9154
364135786,289.9638947,-74.66065372,0.439239,,16.979401,16.112
407885274,290.2760567,-74.66035503,0.137136,,17.1257,16.32
407934002,291.053751,-74.24823698,0.439973,,17.2591,16.387199
265125204,293.6148776,-75.38538898,0.300037,,16.9489,16.0896
387132552,286.5232175,-75.32258557,0.162101,,17.749201,16.8634
1815656676,286.4154518,-74.48839779,0.026981199,,18.850901,17.9765
1815662131,285.3366541,-74.15132323,0.0267483,,18.969999,18.0473
1815610989,285.8997635,-75.77319241,0.127766,,18.832199,17.9743
340849555,293.36452,-74.51053606,0.279468,,17.5142,16.616199
1815641220,285.8960959,-74.87429657,0.045428202,,18.737101,17.913099
1815612509,286.3733663,-75.80276155,0.146552,,18.895399,18.006901
1815639722,286.3311212,-75.05388184,-0.174734,,18.846201,17.993401
1815639723,286.3179918,-75.04754751,0.0856025,,18.8631,18.0068
1815615351,289.1786688,-75.935789,-0.17195299,,18.373501,17.571501
1815656630,286.3071543,-74.54281838,0.0134687,,18.8195,17.9967
364135615,289.890335,-74.44202573,0.34334201,,16.4587,15.6619
364135748,289.9959693,-74.60433202,0.48140901,,16.5411,15.6854
1815618525,288.9667702,-75.34236655,0.100648,,18.2922,17.5592
407885323,290.0068613,-74.73352476,0.494012,,16.483299,15.6023
1815703977,289.0148627,-74.962522,0.232535,,16.616899,15.7467
340791246,292.4801371,-75.37234996,0.51432103,,16.6441,15.8254
352229734,288.5958528,-75.36147142,0.49473801,,16.5406,15.6785
364135398,289.6645967,-74.14536355,0.130354,,17.128401,16.225
364135787,289.9661487,-74.66366003,0.31292501,,17.054899,16.2243
407885208,290.1172651,-74.56704258,0.39168,,16.8421,16.0362
352229401,288.7229768,-75.87793783,0.49466401,,16.8479,15.9693
265124986,293.6580149,-75.72103938,0.37970001,,17.256701,16.320101
1815631612,285.8779659,-75.66494051,-0.44431299,,19.2794,18.417299
1922157128,292.5132224,-74.98583257,0.200646,,18.2878,17.491199
352229511,288.5122528,-75.70980208,0.36791,,17.378,16.5958
352230013,288.5156524,-74.97527584,0.276032,,17.348801,16.501301
352230033,288.5337833,-74.94232502,0.121833,,17.4946,16.6793
352230211,288.6876265,-74.67650658,0.085695297,,17.418699,16.562799
364135316,289.796545,-74.04502934,0.230399,,17.685499,16.820499
364135478,289.993807,-74.24888437,0.144061,,17.381399,16.510401
364135878,289.6887098,-74.77837349,0.43245801,,17.230499,16.354401
407885206,290.2889183,-74.5652097,0.128869,,17.9897,17.1605
1815632937,285.8483348,-75.52201561,-0.190166,,19.1626,18.2679
1815617586,289.1266398,-75.4231262,0.220855,,18.7647,17.889601
1815617638,289.0363859,-75.4154248,0.202812,,18.729099,17.8384
1815618606,288.9895591,-75.28953781,-0.25876099,,18.4722,17.622299
1815705040,289.0445686,-74.88006314,-0.150249,,18.5884,17.704201
407933911,291.0148165,-74.13629763,0.48703,,17.241301,16.4252
1815709994,289.0072903,-74.33128131,0.26433101,,18.6394,17.726801
1815710315,289.1258072,-74.21665289,0.11317,,18.7693,17.8995
1815713578,289.133923,-74.15415199,0.219142,,18.759701,17.8584
1922156148,292.5156385,-75.20103534,0.22687399,,18.562401,17.6728
1922162713,292.754782,-74.41097955,-0.0144331,,18.4618,17.722401
1815713180,287.8075172,-74.06529395,-0.28553301,,19.312799,18.413099
1922195769,292.6075984,-74.18723468,0.118205,,18.4725,17.569901
340791918,292.5204985,-74.37758196,0.127901,,17.4977,16.619499
1815710288,288.9023784,-74.23534174,-0.85835999,,19.3626,18.478001
1815640806,286.2345739,-74.96573518,-0.10497,,18.881901,17.9736
1815713663,288.992692,-74.0933694,0.0137981,,19.1269,18.223
265125920,293.6467255,-74.29061759,0.069822803,,17.065901,16.181801
364111276,289.1384165,-74.4445006,0.096932903,,17.799801,16.939699
364135942,289.8613806,-74.86748175,0.116111,,17.890301,17.0184
364111316,288.8911762,-74.50188383,0.18476,,17.593201,16.7229
364111651,288.8994687,-74.93784707,0.34809899,,17.3927,16.531
364111917,289.1945318,-75.32584747,0.36541301,,17.5567,16.7188
1815619307,288.9699705,-75.20441949,0.13852,,18.7076,17.878099
1815703952,289.0492715,-74.99420726,-0.15034001,,18.8524,17.993601
352229442,288.5232587,-75.80595317,0.23516899,,17.6553,16.9473
1922140160,292.6294986,-75.64166609,0.143594,,18.688101,17.887199
352230345,288.798861,-74.48188741,0.073313303,,17.803699,17.057699
364135744,289.6020461,-74.60034597,0.362488,,17.2316,16.372299
364135909,289.8387384,-74.82872497,0.29819199,,17.5308,16.7181
407885379,290.0808595,-74.81727806,0.29876199,,17.4436,16.579399
1922157061,292.1388342,-75.09502488,-0.17103601,,18.8078,17.994499
1922160981,292.5617977,-74.7032498,0.0334577,,18.7019,17.828899
1922160982,292.5305729,-74.71207797,0.0103653,,18.872299,17.9988
407934243,290.8055766,-74.5823429,0.26855299,,17.7094,16.8664
407934397,290.8388965,-74.83823368,0.22358701,,17.590401,16.875099
1922137549,292.4777395,-75.85631618,-0.91617799,,19.2187,18.365801
407934601,290.8526913,-75.12709791,0.34009999,,17.606701,16.723499
407934998,290.8840093,-75.84450894,0.046240799,,17.859699,16.994699
340791419,292.6561289,-75.09759334,0.279998,,17.8265,16.947599
340791423,292.6262175,-75.09236476,0.207022,,17.568899,16.768101
340791623,292.402315,-74.79977998,0.136967,,17.591499,16.6887
265125080,293.6725626,-75.58611035,0.37868801,,17.432699,16.515499
265125265,293.6640068,-75.28305785,0.31644699,,17.599701,16.7274
352184821,287.5602343,-75.66468644,0.117368,,17.573601,16.7953
364112109,288.89047,-75.617168,0.22588199,,17.862101,17.004601
352230027,288.7939382,-74.94602903,0.31746,,17.398899,16.508101
352230083,288.5451207,-74.88413319,0.19268601,,17.2953,16.494101
407885228,290.3306706,-74.59420797,0.186325,,17.693001,16.8444
265125103,293.6254696,-75.54242798,0.129665,,17.681999,16.792
265125327,293.6145348,-75.17055507,0.096160501,,17.670601,16.780899
265125635,293.8658088,-74.70639778,0.27541,,17.7325,16.882
364111147,288.9693841,-74.29244534,0.26836401,,18.199499,17.290501
265124940,293.8764645,-75.81407608,-0.070325002,,18.377899,17.446699
352230289,288.6953174,-74.57031483,0.095527798,,17.348,16.506901
352230000,288.5140602,-74.99726873,0.22368599,,17.6052,16.878901
364135781,289.6875205,-74.6576058,0.33703101,,18.159401,17.318899
364135901,289.6582973,-74.80886787,0.20127,,18.442101,17.5501
364135998,289.863144,-74.9309243,0.17660201,,18.4261,17.5819
407885572,290.3427925,-75.11739085,0.215185,,18.059299,17.2297
407934776,291.1679609,-75.43054076,0.20266899,,18.2621,17.3708
265124988,293.5635922,-75.71695829,0.43623799,,18.253599,17.3251
407934836,291.1091402,-75.53342046,0.22742701,,18.0921,17.3953
364111145,288.7997122,-74.29033829,0.296965,,18.3582,17.4874
352229406,288.7429663,-75.87066101,0.27307999,,18.250799,17.4084
364135743,289.6653779,-74.5989147,0.159806,,18.156401,17.2843
407934345,290.8835924,-74.75461219,0.190181,,17.802401,16.9814
340791030,292.4101582,-75.66914768,0.0136407,,18.234699,17.3244
265126114,293.7270217,-74.03538906,0.185901,,18.0144,17.1243
265125098,293.8745043,-75.55037312,0.31111801,,17.847099,16.993
364111217,289.1790914,-74.36533519,0.24360301,,17.669399,16.803699
364112111,289.0405272,-75.62712169,0.17816301,,17.749399,16.8682
340792135,292.5906282,-74.05744975,0.31141999,,18.483,17.6008
265125180,293.8901101,-75.44072423,0.14174999,,18.289801,17.3944
407934533,290.997964,-75.03098278,0.331406,,18.037001,17.194201
265125306,293.5394939,-75.21320519,0.134588,,18.392599,17.573099
265126111,293.4818945,-74.0364178,0.25688601,,18.2782,17.416599
364135399,289.8433669,-74.14543468,0.0231911,,17.9629,17.110201
352229425,288.6123282,-75.82899582,0.26694301,,17.855801,17.053301
352230363,288.4513826,-74.46596717,-0.0303188,,18.0394,17.195999
364111602,289.060783,-74.88698422,0.28857201,,17.2269,16.3521
352140800,287.2160099,-74.60958735,,,12.5134,11.8178
352184621,287.2437298,-75.36534268,2.36954,,11.3333,10.6191
352230347,288.6897499,-74.4782399,0.168543,,18.0814,17.1661
340778495,291.8232023,-74.20457605,2.8556499,,9.2905703,8.8999796
352140217,287.0761216,-75.46421101,1.3104399,,12.8943,12.2236
340788428,291.9920535,-75.75333993,1.84855,,13.6028,12.7032
364135864,289.7973493,-74.75651293,0.258387,,17.5532,16.802099
340787819,292.2615051,-74.89468708,1.27986,,13.8548,13.0564
352183661,287.2457508,-74.01792914,0.40897301,,16.765699,15.8442
340787724,292.1668189,-74.7525533,0.091183901,,17.261299,16.4536
340787261,292.3083895,-74.11352077,1.3642499,,14.2232,13.3528
364136035,289.6302525,-74.98253975,0.309053,,17.6698,16.7931
407885324,290.3462776,-74.73361244,0.442902,,17.6096,16.7633
364135622,289.945727,-74.45031585,0.519759,,15.4312,14.5385
352140907,287.2094178,-74.46869617,0.86085302,,14.6407,13.8455
352183655,287.3266789,-74.00914854,0.86424601,,14.9067,14.0461
407885384,290.2340597,-74.83107173,0.32042199,,17.0096,16.1371
407933854,290.9949139,-74.0198678,0.217969,,17.722601,17.013201
340778080,291.8260325,-74.82406407,0.66806799,,15.1839,14.3863
340787825,292.1529233,-74.90418723,0.874138,,14.3006,13.4437
407934600,291.0957362,-75.12605891,0.248816,,18.309601,17.4055
340788338,292.2335829,-75.63892015,1.03474,,14.1133,13.35
352140614,287.049991,-74.87110142,0.669532,,15.6025,14.7477
407934729,290.9124789,-75.34280364,0.35086,,18.1924,17.309401
340777314,291.6423324,-75.96537699,0.88815397,,13.9953,13.0793
340778411,291.9183667,-74.32419976,0.935314,,15.2061,14.4
340787265,292.0170885,-74.11888774,0.60481501,,15.6656,14.8352
265125866,293.6814366,-74.37400332,0.136674,,17.3123,16.4876
1815704570,288.449998,-74.938783,0.167565,,17.9629,17.204201
340778118,291.7473854,-74.7569192,0.48685601,,16.2785,15.5644
340778392,291.8924027,-74.36460876,0.44075799,,16.3239,15.4403
340788360,292.199804,-75.67987366,2.09781,,12.7029,11.8154
1815707660,288.3236339,-74.58684953,0.204128,,18.4897,17.6521
1815606830,288.5272974,-75.96720504,0.101935,,18.1085,17.2353
1815617445,288.2822155,-75.53147146,0.30673099,,18.1231,17.3083
1815618918,288.6005257,-75.23627308,0.102912,,18.155001,17.5231
1815703178,288.583094,-75.14889659,0.20918299,,18.120899,17.2813
1815703180,288.5193789,-75.15612193,-0.057482202,,18.1798,17.419399
1815703458,288.4825375,-75.06845564,0.118365,,18.2729,17.549299
1815703531,288.338641,-75.0631117,0.0104792,,18.3158,17.505501
1815706670,288.3250566,-74.80388062,0.17765,,18.733101,17.918501
1815707295,288.4782031,-74.71115493,0.13954,,18.2523,17.472799
1815707305,288.5659633,-74.68059036,0.127922,,18.3265,17.627701
1815707561,288.3679473,-74.64950787,0.127581,,18.482201,17.6336
1815708651,288.3964755,-74.52735506,0.17699499,,18.083401,17.2061
1815708646,288.5780211,-74.49868316,-0.059559099,,18.5557,17.663799
352184355,287.4492948,-74.98240954,0.420257,,16.967501,16.161301
352139996,287.0157164,-75.8648084,0.30906701,,17.260099,16.372801
352140043,286.936092,-75.79027984,0.478172,,16.8298,15.9723
352140572,286.9618267,-74.94520793,0.41185701,,16.748699,16.0425
352140723,287.1520388,-74.72383189,0.379224,,17.081499,16.3013
1815709054,288.4333156,-74.34450591,-0.045658201,,18.256599,17.508499
352141077,286.916792,-74.25466301,0.22840001,,17.4471,16.630199
340778528,291.5961475,-74.1582744,0.185286,,16.8466,16.188999
1922141068,292.481008,-75.55324055,-0.040359799,,18.0849,17.3682
352140230,287.1692922,-75.44709044,0.37344599,,16.712799,15.8595
352140682,287.2153073,-74.76717154,0.50674999,,16.4769,15.6303
364135639,289.7891037,-74.47307607,0.39859501,,16.8083,15.9218
352184921,287.3265543,-75.83803222,0.15159,,17.3293,16.4606
1922156229,292.2930455,-75.19088743,0.0037748499,,18.357599,17.590599
1922157121,292.3820962,-75.00363402,0.026357099,,18.630699,17.723801
1922157311,292.3036817,-75.01407754,-0.0440928,,18.7416,17.917101
340788271,291.9581381,-75.54700103,0.90835297,,14.2711,13.373
352140677,287.1970967,-74.77009085,0.53382403,,15.4551,14.5712
1922195718,292.2500125,-74.20145519,0.220162,,18.410299,17.5301
364136049,289.9160962,-75.00483509,0.68300498,,14.9431,14.1751
1922196705,292.4675588,-74.05716404,0.19394299,,18.5182,17.6854
1922141694,293.5534339,-75.92988522,-0.221104,,18.645901,17.7313
352184994,287.4985491,-75.96588447,0.46875101,,16.3815,15.5146
364135880,289.9969548,-74.77906092,0.52535301,,16.401501,15.5422
340778569,291.5697837,-74.09130155,0.39890599,,16.389299,15.5701
352140231,286.8634958,-75.44685333,0.46558899,,16.287399,15.4164
340778113,291.6355603,-74.76379522,0.40121499,,16.344801,15.6195
1922145934,293.6004573,-75.51735989,0.0512904,,18.4426,17.5403
352184346,287.242822,-74.97196263,0.40035799,,16.599501,15.7389
1922147642,293.4598809,-75.22932728,-0.077148601,,18.3325,17.534201
340787377,291.9643405,-74.25858409,0.45223799,,16.5856,15.7067
352184989,287.2553722,-75.95806987,0.23253299,,17.9256,17.0783
1922156567,293.5790376,-74.99961185,0.34783101,,18.418699,17.517099
340777675,291.5919432,-75.4499383,0.280884,,16.578199,15.7603
340788357,292.3159271,-75.66823133,0.20897301,,17.747999,16.879
1922157732,293.4591584,-74.84684316,0.111581,,18.415501,17.5905
1922158101,293.4776218,-74.70536103,0.22256701,,18.240101,17.4485
352139968,286.978203,-75.91179062,0.245552,,17.959499,17.111
352140725,287.2068672,-74.72121296,0.37682301,,17.6367,16.8304
352140802,287.1208145,-74.60799252,0.18634699,,17.8211,16.9403
352140987,287.2048491,-74.35833532,0.067709401,,17.5299,16.656601
340777555,291.6418917,-75.60395851,0.0052779801,,17.9869,17.124901
340777964,291.8178849,-74.98932484,-0.047416698,,17.8615,16.962799
340778051,291.8954053,-74.86646023,0.26506299,,17.7335,16.837099
340778056,291.8688893,-74.86258728,0.48036301,,17.843201,16.9571
1815704423,288.4235122,-75.01663818,0.0671103,,18.5863,17.7145
1815708707,288.4095082,-74.49593545,-0.27177599,,18.7064,17.951401
340778488,291.6688307,-74.2126446,0.0243627,,17.5912,16.7171
1922157321,292.2913412,-74.99596838,0.21196499,,18.907499,18.0175
1922160695,292.3530788,-74.79113439,0.14903399,,19.0226,18.128
340788527,292.1528516,-75.90116709,0.27987999,,18.060699,17.1681
1922195342,292.2695465,-74.39093106,-0.25119799,,18.9128,18.101
1922195640,292.2883674,-74.2589722,-0.049669899,,18.734301,17.840599
1922196559,292.1306057,-74.15208505,0.113417,,18.673901,17.8556
352140726,287.1397664,-74.71945054,0.39431,,17.5476,16.658899
352183752,287.4054328,-74.12961782,0.284933,,17.407801,16.6924
1922145919,293.4687515,-75.56068948,-0.36747199,,18.8836,17.9891
1922145928,293.5281515,-75.5227705,0.171955,,18.658199,17.7698
1922146249,293.6240711,-75.39049684,0.135708,,18.8878,17.979601
1922158103,293.5304999,-74.69325193,0.0100681,,18.8276,17.9515
352184616,287.6162069,-75.36198837,0.218436,,17.1189,16.3234
340778332,291.9493787,-74.46510433,0.209399,,17.858101,16.959801
340787371,292.1115073,-74.24758296,0.198883,,17.3904,16.583099
1922142801,293.1567768,-75.70103599,-0.29477,,19.4492,18.5471
1815704951,288.3973439,-74.83025803,-0.0192261,,19.1556,18.2869
1815708600,288.3269334,-74.56174851,-0.0107822,,19.0086,18.208
352140612,287.1255861,-74.87242179,0.33716801,,16.809999,15.93
352140904,287.047803,-74.47123223,0.29837501,,17.192499,16.336
1815617336,288.4204609,-75.59941294,-0.067147702,,18.812401,17.940901
352140092,287.1478546,-75.70378332,0.27886301,,17.378599,16.4879
1815707582,288.4579862,-74.61305221,-0.257218,,19.2533,18.392099
1922151754,292.370206,-75.36603106,0.116187,,19.054399,18.148899
352141048,286.874682,-74.29137546,0.030572601,,17.294901,16.4149
1922146208,293.6785204,-75.41018113,-0.081961498,,19.1471,18.2626
364136491,289.6082992,-75.72578058,0.29220599,,17.4928,16.6105
340777561,291.8813432,-75.59799266,0.228452,,17.407,16.537001
1922163207,293.5430586,-74.43074668,-0.107267,,18.950001,18.049299
352183935,287.2509434,-74.39850605,0.27522099,,17.066999,16.2467
340777674,291.9206768,-75.45100877,0.326094,,16.9039,16.009399
340777762,291.897347,-75.31144836,0.28599501,,16.901699,16.090799
340787818,291.9937658,-74.89319944,0.110912,,16.839701,15.9557
364136047,289.8838288,-75.00433854,0.26931199,,17.731701,16.9781
340777768,291.8825059,-75.29775709,0.0150989,,17.5865,16.878599
340778529,291.6675829,-74.15810656,0.13920499,,18.0821,17.235201
352141001,287.2211652,-74.34591346,0.338379,,17.6117,16.721399
340788217,292.1343525,-75.44560251,0.308689,,17.7679,16.8641
352141073,286.985876,-74.26160191,0.250837,,18.3829,17.481899
352184104,287.6231065,-74.63931674,-0.0356782,,17.889099,17.125
352184804,287.4293232,-75.63842529,0.32043299,,17.8692,17.009701
364135593,290.0297765,-74.40958188,0.155007,,18.1129,17.4007
340787728,292.075395,-74.75849661,0.26290801,,18.0881,17.2659
340777573,291.9515018,-75.58431546,0.073224403,,17.6663,16.747999
340778114,291.8921196,-74.76231297,0.0902806,,17.843901,16.9818
352183755,287.3052299,-74.13550219,-0.143803,,18.231899,17.3876
352140091,287.0312244,-75.70515677,0.081138201,,18.379801,17.488501
352183994,287.4016376,-74.48597472,0.090256698,,18.245001,17.3836
352184736,287.1966751,-75.5414939,0.180556,,18.097401,17.229401
352184741,287.4919796,-75.54610215,0.21008199,,17.947701,17.2059
340787952,292.2709381,-75.08222211,0.081153698,,18.102699,17.214701
340788528,292.1922969,-75.90365623,0.085561201,,18.274,17.3566
340787262,292.318663,-74.11601846,0.400022,,17.9214,17.055901
352184180,287.3159721,-74.74491243,0.243439,,17.7561,16.882099
340777569,291.6392114,-75.58753661,-0.0052104201,,17.9862,17.2274
352183936,287.4736942,-74.39915454,0.188866,,17.4331,16.724001
364136225,289.9668347,-75.28063789,0.36489299,,16.747801,15.8924
340778084,291.6351892,-74.82078646,0.48472801,,17.4375,16.5424
340788430,292.1339062,-75.75806199,0.33523199,,17.2673,16.3825
1815618572,288.6322061,-75.32785847,0.103633,,18.340401,17.5359
1815705099,288.6600136,-74.87708084,-0.041915499,,18.2605,17.3911
1815707623,288.6984363,-74.57234622,0.0173868,,18.256701,17.371799
1815709076,288.6811721,-74.38152073,0.0116455,,17.940001,17.0324
1922161878,292.1307643,-74.6390116,0.046459101,,18.2542,17.361401
1815617064,288.6824681,-75.60849414,0.0577011,,18.3529,17.466299
1815617150,288.7002584,-75.56321022,0.0281241,,18.4963,17.6703
1815617393,288.6315318,-75.54131705,0.170599,,18.3957,17.562099
1815617495,288.6854279,-75.46129158,0.061161201,,18.228399,17.4471
1815703468,288.6195144,-75.0701001,0.0047295499,,18.517,17.659901
1815707591,288.5489479,-74.61979359,0.35289401,,18.301399,17.438601
1922162134,291.9761304,-74.5552185,0.200635,,18.293501,17.515301
1922147157,292.9627823,-75.32892572,-0.0040641702,,18.6035,17.7672
1922158002,293.1244548,-74.76441321,0.181566,,18.5114,17.616699
1922195576,292.8156583,-74.18984286,0.119208,,18.563299,17.669201
1922163176,293.620311,-74.46251015,0.124504,,18.244699,17.443199
1922141956,294.7515861,-75.82264605,0.142775,,18.826799,17.949301
1922142055,294.660059,-75.74926764,0.0612639,,18.9105,18.033701
1922148015,294.8184099,-75.23538867,0.148389,,18.4891,17.6434
352230113,288.7763941,-74.83011383,3.0164001,,10.5305,9.8022804
324425490,285.637118,-75.34711763,1.90741,,11.4652,10.6495
352230070,288.4574193,-74.90440173,2.2219701,,12.1405,11.3466
324424812,285.4773956,-74.27309671,4.1897502,,10.6989,9.8676596
324425387,285.3351754,-75.20933103,0.46578699,,12.4163,12.0389
324425412,285.3354731,-75.24054092,3.1368201,,12.357,11.5581
1815608089,287.9257944,-75.83370627,0.075663097,,18.518,17.651899
1815618807,288.6414286,-75.3233095,-0.20859,,19.076599,18.198299
1815705338,288.6587343,-74.83272244,0.069009699,,18.811399,17.9695
1815709176,288.5304841,-74.30662285,-0.143205,,18.8134,17.987
1922161033,292.1435198,-74.68501786,-0.276171,,18.441299,17.5795
324425686,285.3556315,-75.70101667,2.03439,,12.977,12.1182
352227134,288.2478075,-75.7272403,2.13081,,13.2115,12.3422
352229637,288.7106397,-75.51637147,1.95801,,12.6229,11.888
1922137175,292.8378122,-75.98634502,0.097080402,,18.8757,17.986099
1922147155,292.9395165,-75.33175632,-0.0957973,,18.826,18.121
1922161649,293.1153258,-74.4918414,0.068420701,,18.778999,17.9214
1922197387,292.9994708,-74.08244937,0.093287803,,18.813,17.968
324425528,285.3354886,-75.40937065,0.49334201,,16.877001,15.9659
352230186,288.7406997,-74.72549889,0.373088,,16.663401,15.7919
352230248,288.7717797,-74.62624151,0.24752501,,16.767799,16.3221
1922157628,293.3708849,-74.88276479,-0.101552,,18.952499,18.0403
1922197295,293.3390328,-74.07256924,0.019515401,,18.926901,18.122101
1815607965,287.9806643,-75.91603327,-0.24845999,,19.2684,18.3929
1815607992,287.8431327,-75.90089463,-0.110033,,18.881599,18.134701
324425086,285.4881358,-74.70531117,1.01622,,13.7115,12.9754
324425769,285.529587,-75.85044631,1.04153,,13.9003,13.2133
352229606,288.666347,-75.57023323,0.96680897,,13.8938,13.2331
1922163195,293.443771,-74.45073978,-0.52802002,,18.9284,18.0576
324424924,285.5650688,-74.44965147,0.765185,,15.7018,14.7554
324424971,285.5414301,-74.52042899,0.35317999,,15.9189,15.0146
1922143149,294.7941716,-75.52422024,0.015659399,,19.2127,18.2892
324425218,285.3005926,-74.91029937,0.96330303,,15.1003,14.1899
324425415,285.4959243,-75.24579455,1.02721,,15.2242,14.3462
352227207,288.0348778,-75.84009839,0.836689,,14.8705,14.1007
352229649,288.5466784,-75.5009623,0.63856798,,15.3482,14.5518
352229705,288.5492248,-75.4004254,0.63163298,,15.1033,14.2384
352229856,288.6088809,-75.1960565,1.2000099,,14.0672,13.3289
352230128,288.7380831,-74.81513873,1.15271,,14.6843,13.838
352230183,288.5293826,-74.72962442,0.59446001,,15.1132,14.2571
352230241,288.4856708,-74.63647289,0.58858401,,15.6702,14.8289
324425224,285.6230853,-74.92577365,0.54508603,,15.576,14.6791
352230265,288.594751,-74.60658352,0.226193,,16.4347,15.5744
1922147668,293.567382,-75.17789196,-0.38435599,,18.824499,17.9272
352230498,288.5911107,-74.28011532,0.60112202,,15.326,14.4669
352230526,288.5174934,-74.23740963,0.45019701,,16.1061,15.1915
352230615,288.6685077,-74.11428439,0.373898,,16.1618,15.3954
352229980,288.4846393,-75.02248318,0.37928301,,14.9435,14.4597
324425217,285.3715152,-74.91035339,-0.064243101,,16.9622,16.214001
324425453,285.6428978,-75.29948964,0.52718002,,16.8431,16.0119
324425618,285.3159058,-75.57012527,0.33387801,,16.8708,15.9978
352229801,288.5967545,-75.27650929,0.42150399,,17.241199,16.3613
324425416,285.3102698,-75.24582735,0.53915203,,16.6493,15.7362
324425767,285.4677513,-75.84567732,0.31903201,,16.5693,15.7954
352229608,288.6456304,-75.56828751,0.40832099,,16.7579,15.8902
324424809,285.387816,-74.26607615,0.49990901,,16.2178,15.2786
324425687,285.3288645,-75.70173665,0.89302701,,15.6364,14.7188
352229796,288.4738724,-75.27947494,0.416125,,15.7188,14.8855
324425623,285.577509,-75.5782468,0.48810601,,16.6366,15.7877
324425534,285.5255188,-75.41910622,0.56115103,,15.8403,14.9363
352227146,288.1152626,-75.74792163,0.51239699,,16.124599,15.3237
352229822,288.7628369,-75.24320222,0.39855701,,16.5138,15.6886
352230499,288.6931904,-74.27966536,0.43631899,,16.4319,15.5851
352230642,288.4495796,-74.08213063,0.29698601,,16.976299,16.2761
324425318,285.4181247,-75.08566282,0.279313,,17.678499,16.7729
324425391,285.4554936,-75.21355623,0.27165201,,17.368299,16.466999
352229882,288.5863602,-75.15848753,0.207589,,17.7717,17.0634
352229976,288.7823073,-75.02967389,0.338581,,17.635401,16.767099
352229984,288.578527,-75.01748042,0.29932699,,17.468901,16.628
352230529,288.8012462,-74.23591221,0.131584,,18.503,17.6418
352227203,288.2176918,-75.83684446,0.46385801,,17.92,17.036301
352230423,288.563165,-74.37094951,0.385149,,17.516899,16.6478
324425006,285.3088948,-74.57371372,0.452784,,16.9631,16.097099
352227260,288.181143,-75.91550068,0.492755,,16.944099,16.080601
324425004,285.4093866,-74.57193897,0.51148802,,17.0116,16.0825
324424874,285.3224936,-74.36781711,0.330111,,17.4007,16.504801
324425001,285.5330449,-74.56911757,0.36062801,,17.114,16.193899
324425007,285.4869788,-74.57388251,0.26486099,,17.103001,16.176399
324425047,285.3642859,-74.63683185,0.38350901,,17.1971,16.295799
324425089,285.3492241,-74.71048772,0.23933201,,17.054701,16.1325
324425113,285.6666192,-74.74198285,0.21717,,16.950701,16.1387
324425203,285.3762328,-74.8918691,0.26212999,,17.181801,16.280001
324425353,285.3932259,-75.13443298,0.27124801,,16.9932,16.150299
324425452,285.3610306,-75.29892643,0.135746,,17.445299,16.5296
324425601,285.4698282,-75.53648785,0.214748,,17.299801,16.4035
352227126,288.2171663,-75.7187944,0.29251099,,17.1675,16.318501
352227177,288.362964,-75.79696731,0.185855,,17.086599,16.225599
352229542,288.5864993,-75.67671355,0.49861601,,17.230499,16.407
352230182,288.7300272,-74.73127033,0.406333,,17.5798,16.695499
324425009,285.5970838,-74.57838963,0.52680397,,16.614,15.6802
324425394,285.6372756,-75.21403477,0.34406099,,16.7363,15.8259
324425161,285.401955,-74.81946849,0.34944701,,16.8841,15.967
352227175,288.3269931,-75.79211589,0.418273,,16.749201,15.9227
352230094,288.5502871,-74.86617488,0.34384,,16.6756,15.8874
352230130,288.5844594,-74.81413419,0.40805,,16.785,15.9293
324424813,285.5589786,-74.27431392,0.40064499,,17.682301,16.818399
324425025,285.3407301,-74.60838639,0.28599599,,18.1028,17.209
352230126,288.5977367,-74.81602069,0.27963001,,17.996599,17.1238
352227131,288.3202468,-75.72338532,0.111189,,17.355801,16.4793
324424814,285.3152629,-74.27485211,0.50820702,,17.4937,16.668699
324425455,285.3996153,-75.30184337,0.198072,,17.5495,16.6747
352230023,288.4522789,-74.95251273,0.20136601,,17.8029,16.9678
324424653,285.5949358,-74.01312301,0.14016099,,17.964001,17.033199
324424995,285.4067042,-74.55850922,0.343077,,17.9641,17.032
324425134,285.4825724,-74.78090403,0.412642,,17.885201,16.990299
324425486,285.4679384,-75.34287008,0.283968,,17.2733,16.444
352229328,288.541889,-75.9912356,0.224987,,17.6415,16.7826
352229544,288.5772159,-75.66977595,0.17571899,,18.044201,17.190701
352229783,288.5667481,-75.29228158,-0.034941401,,17.5567,16.737499
324425313,285.3538551,-75.0772399,0.192094,,17.7803,16.8514
324425049,285.3264693,-74.63996549,0.200993,,18.115299,17.216499
324425771,285.5140432,-75.85556007,0.24371099,,18.0326,17.136999
352229782,288.6704247,-75.29386325,0.156376,,17.877001,17.0151
352230420,288.4694069,-74.37428794,0.23176,,18.172701,17.2661
352229563,288.7072046,-75.63422957,0.27339399,,17.9937,17.1049
352229820,288.5585268,-75.25405874,-0.0454432,,18.1901,17.3195
352230247,288.5269513,-74.62710109,0.0179935,,17.5158,16.695801
324425624,285.5534214,-75.57868825,0.18492299,,17.961599,17.058001
352229699,288.6638412,-75.40913842,0.26565,,18.059099,17.186001
324425067,285.323071,-74.68090572,0.15864,,17.9512,17.0189
324425379,285.5334386,-75.19071871,-0.115795,,17.9366,17.1001
324425688,285.3657771,-75.70502133,0.1121,,17.9326,17.0191
1815607535,287.1176326,-75.9816805,0.090528898,,18.3911,17.506599
1815611335,287.1705201,-75.90356548,0.083143003,,18.2654,17.450399
1815634178,287.0646201,-75.48680326,0.114038,,18.024799,17.1765
1815636092,287.2956853,-75.07086936,0.045407999,,18.384899,17.535601
1815640492,287.3080348,-74.82805641,0.365482,,18.117001,17.2528
1815708261,287.3243051,-74.63898556,0.175439,,18.371401,17.4869
1815712693,287.2871427,-74.17212396,0.174041,,18.0278,17.187201
1815613444,287.3084457,-75.56002278,0.082627296,,18.3358,17.48
1815611871,287.5172413,-75.80250272,-0.062194001,,17.809999,16.945601
1815612160,287.7590967,-75.69997342,0.229138,,17.432899,16.5788
1815704741,287.7254352,-74.95401483,0.12503301,,18.3223,17.5518
1815704732,287.6255556,-74.97372784,0.13653301,,18.234501,17.4706
1815706415,287.563535,-74.97072381,0.29769999,,18.318399,17.491899
1815703154,288.6798808,-75.14301892,0.26626599,,18.1353,17.302799
1815703155,288.8027586,-75.1439549,0.025726501,,18.3636,17.5215
1815705357,288.6418385,-74.8264654,0.32149699,,18.4014,17.556801
1815709483,289.6540817,-74.41114645,0.35561001,,18.286699,17.407101
1815710604,289.7429164,-74.11773767,0.086018004,,18.0189,17.4909
1815615912,289.9038506,-75.71410205,0.77528799,,14.4474,13.6542
1815616984,289.962997,-75.40815517,-0.037946001,,18.317499,17.583799
1815705684,289.7351524,-74.95075797,0.90523601,,14.8942,14.0562
1922138892,290.0102544,-75.87505765,0.29519501,,17.731199,16.8498
1922150234,290.1442713,-75.80837423,0.053304501,,18.356501,17.4734
1922155043,290.3095881,-74.94420652,0.120504,,18.222,17.3601
1815609615,286.3632656,-75.93950136,0.187604,,18.699499,17.8046
1815611519,286.390298,-75.90719077,0.240788,,18.7609,17.8652
1815633582,286.3981603,-75.59902137,0.16863599,,18.336901,17.460899
1815611266,287.1527215,-75.9245886,0.109777,,18.5718,17.702499
1815611405,287.3113385,-75.82967024,0.267672,,18.4512,17.6206
1815612640,287.1308719,-75.7126375,-0.0874888,,18.577299,17.691799
1815634186,287.2115614,-75.45771947,0.231304,,18.6073,17.716999
1815634532,287.2770062,-75.34286309,0.103627,,18.7799,17.9179
1815639965,287.1762445,-75.0372143,-0.143327,,18.4181,17.5396
1815710815,287.182696,-74.53186445,0.22982299,,18.582199,17.747999
1815715960,287.1009691,-74.06783593,0.137228,,18.504999,17.7768
1815715974,287.2256022,-74.04290903,0.26290801,,18.6105,17.6826
1815613169,287.3909667,-75.60721604,0.049618199,,18.554001,17.8127
1815612236,287.6436973,-75.67126321,0.126753,,18.5333,17.7321
1815613606,287.7044733,-75.48637452,-0.039242201,,18.3183,17.5688
1815634785,287.6743334,-75.19413054,0.22324499,,18.507099,17.6507
1815635813,287.6621429,-75.06669631,0.124102,,18.445101,17.7048
1815707934,287.5721377,-74.70313535,0.184986,,18.760201,17.920799
1815708040,287.83086,-74.68090214,-0.19739801,,18.4485,17.576799
1815617623,288.8057837,-75.42470428,-0.135051,,18.6306,17.744301
1815618587,288.7871961,-75.2999904,0.140541,,18.328699,17.4932
1815704016,288.6808302,-74.97332285,-0.132021,,18.3964,17.5933
1815704979,288.6520863,-74.95984134,0.026629999,,18.442499,17.7754
1815705451,288.7119203,-74.78116571,0.167207,,18.3423,17.5536
1815711677,288.7887695,-74.19767741,0.144462,,18.606199,17.7267
1815709410,289.871357,-74.46529758,0.244967,,18.3253,17.422701
1815710412,289.6470592,-74.14461552,0.095437899,,18.572599,17.7925
1815615145,289.7194754,-75.96561965,0.183198,,18.5896,17.716299
1815619718,289.8656578,-74.99636056,0.142067,,18.316299,17.5499
1815710701,289.9399572,-74.01127138,0.202328,,18.4184,17.5837
1922153328,290.1133473,-75.34443492,0.209079,,18.148399,17.373301
1922191970,290.0502624,-74.74733649,0.219469,,18.549801,17.758101
1922192029,290.0788966,-74.71625312,0.13722,,18.6884,17.816
1922192768,290.0910887,-74.61310799,0.0150902,,18.352301,17.554199
1922157942,293.1092375,-74.78454884,0.078995898,,18.5464,17.776899
1922161237,292.9926581,-74.63253628,0.115578,,18.224001,17.502899
1922162774,292.9160152,-74.32461842,-0.249731,,18.7227,17.838499
1922162786,293.0967846,-74.29306599,-0.12605999,,18.2883,17.5366
1922197371,292.9600358,-74.09619844,-0.00059313001,,18.6429,17.7535
1815633844,286.3254208,-75.52541391,-0.015671801,,18.895399,18.084999
1815636114,287.2875272,-75.03064612,0.00355022,,18.8645,17.9877
1815641514,287.2195007,-74.78812443,0.154686,,18.775101,17.900101
1815715888,287.2248853,-74.08924217,-0.202126,,18.8493,18.021
1815613108,287.4869291,-75.64004959,0.157122,,18.887699,17.999599
1815634453,287.7637192,-75.28796932,0.041773699,,18.965799,18.135799
1815706963,287.6600695,-74.76797637,-0.091556899,,18.5592,17.772699
1815703478,288.7069657,-75.05113561,-0.0518254,,18.787201,17.957701
1815705000,288.7544373,-74.92617731,-0.37263399,,19.0432,18.161501
1815707253,288.8143885,-74.68178666,-0.027516499,,18.893299,18.0112
1815709108,288.903119,-74.32930456,0.13271099,,19.000601,18.063
1815709114,288.8896881,-74.31092276,0.248933,,18.8228,17.898199
1815710188,289.7933433,-74.17230541,0.0589763,,18.977301,18.077999
1815619197,289.7257659,-75.15628304,-0.00255525,,18.6637,17.941299
1815705683,289.7585899,-74.95422152,0.14863899,,18.687201,17.852501
1922138875,290.1459145,-75.88729404,0.156095,,18.8011,17.8724
1922192082,290.3948957,-74.63324244,0.165079,,18.804199,17.9638
1922192944,290.1298261,-74.43439605,0.027875699,,18.8328,17.9711
1922157190,292.9516286,-74.97463316,-0.234202,,18.938,18.1408
1922161632,293.0577777,-74.50711086,0.056358401,,18.9174,18.049801
1922162443,293.1010679,-74.4562412,0.051918998,,18.870001,18.035101
1922162773,292.915785,-74.32579149,-0.106626,,18.8708,18.101101
1815710665,289.8614374,-74.04838596,-0.197431,,19.4624,18.5681
1815633515,286.5322427,-75.62048378,0.13538601,,18.875999,17.993401
1815705396,288.8412908,-74.77617572,-0.18650401,,19.2523,18.3797
1815619693,289.9946534,-75.03598516,-0.0114326,,19.002899,18.160299
1815611740,287.276888,-75.76984535,0.039034098,,18.882099,18.028
1815613540,287.408735,-75.51351258,-0.041234501,,18.918699,18.031
1815714505,288.6152524,-74.01580128,-0.072803997,,19.0301,18.134501
1815705999,289.7800196,-74.72039964,0.17388301,,18.610701,17.816601
1922154994,290.0361297,-74.95949103,-0.14576399,,19.120399,18.2705
1987888241,302.185735,-75.39652821,-0.089813598,,18.997601,18.1005
407933940,291.1293222,-74.17474331,0.434338,,15.5728,14.7672
407933931,290.8425267,-74.16415926,0.49726,,17.7027,16.9673
1815712632,287.3143424,-74.1947706,0.517838,,19.8461,18.912399
1815715908,287.3873303,-74.07030327,-0.42754701,,19.474501,18.6432
1815715909,287.3789557,-74.06916808,-0.61293298,,20.229099,19.309099
1815607556,287.3930119,-75.96450966,0.035963301,,19.016701,18.2155
1815607560,287.3516878,-75.96654457,-0.424119,,19.65,18.8888
1815611391,287.4367852,-75.82783687,0.27434999,,19.669901,18.946199
1815613212,287.6937309,-75.56225822,0.46513399,,19.093,18.217501
1815613459,287.4965033,-75.55079973,0.255862,,19.9,19.127001
1815613580,287.5401863,-75.44838495,0.32936499,,18.804001,17.9326
1815634202,287.3019701,-75.46411363,0.36529201,,18.5329,17.667299
1815634283,287.3895821,-75.40444011,0.45016101,,20.2896,19.394899
1815634304,287.361243,-75.38318091,-0.180691,,19.969601,19.2251
1815634524,287.3620881,-75.33736729,-0.114024,,19.5033,18.7635
1815634656,287.5666138,-75.30901141,-0.51335102,,19.834801,19.028
1815634658,287.6375974,-75.2940766,0.15497001,,19.725201,18.911501
1815635655,287.4281354,-75.18271342,0.41102299,,18.693199,17.835899
1815635664,287.5623211,-75.19260444,0.21109299,,20.3885,19.5394
1815635748,287.3599899,-75.13413537,0.241704,,18.743799,17.8937
1815635765,287.5671057,-75.13741642,0.135919,,19.2145,18.3435
1815636033,287.3593481,-75.07264049,-0.282639,,20.405701,19.6448
1815636063,287.4323843,-75.06758581,0.156885,,19.1448,18.2869
1815636069,287.5506729,-75.05959839,0.46398401,,20.010201,19.1765
1815636070,287.560463,-75.05596401,0.32092801,,18.347799,17.545099
1815636143,287.4497044,-75.01711155,0.29418099,,18.307899,17.579
1815636122,287.405747,-75.03914957,0.47424901,,19.2122,18.372999
1815636125,287.5276853,-75.02330908,0.38000101,,19.619699,18.825399
1815640022,287.4484923,-74.97269716,-0.889247,,20.035801,19.2969
1815640052,287.4746956,-74.93560822,-0.158319,,19.7945,18.985701
1815706915,287.4429935,-74.80255384,-0.464562,,19.7847,19.0152
1815706894,287.3984995,-74.82545714,0.1051,,18.9186,18.1131
1815706901,287.4710476,-74.81812623,0.55816901,,19.268999,18.3951
1815706828,287.5131996,-74.82201686,0.282435,,19.7999,19.031401
407934246,291.0203803,-74.58556342,1.61101,,12.3746,11.4984
265124997,293.833116,-75.69842433,1.45969,,13.2739,12.4089
265125355,293.7350662,-75.12543044,0.449487,,15.5435,14.6449
407934027,291.0862744,-74.283715,0.50505102,,15.893,15.0587
407934071,290.9083431,-74.33057001,0.43714699,,15.8348,14.9891
407934083,291.0243824,-74.34600033,0.28954101,,16.2078,15.3599
407934366,290.9482281,-74.79349852,0.41153401,,16.224899,15.3371
265124999,293.6026959,-75.69509449,0.69827098,,15.5118,14.6601
265125352,293.9008608,-75.13019169,0.198557,,15.6932,15.0988
364110959,289.198595,-74.04304639,1.12962,,13.8368,13.0968
364111122,289.1031989,-74.26696729,0.179996,,14.0337,13.5843
407934793,290.9382546,-75.45833444,1.03286,,14.0872,13.2707
265124995,293.6940953,-75.7051456,0.70379198,,15.6706,14.7542
364111003,289.0066386,-74.10351619,0.349998,,16.186199,15.2605
364111141,288.8578022,-74.28731889,0.56513798,,15.8159,14.9438
364111233,289.1420661,-74.38605939,0.857095,,14.5593,13.7642
407934072,291.1470486,-74.33532201,0.73925501,,14.9969,14.1265
407934082,291.0605262,-74.3451155,0.403689,,15.471,14.7962
407934194,291.0875922,-74.51161276,0.65167099,,15.4806,14.6561
407934376,291.0316339,-74.80446578,0.83551502,,14.7885,13.9686
407934381,291.0806891,-74.81308236,0.90565199,,14.2925,13.543
265125351,293.5366476,-75.13285189,0.198955,,17.072399,16.1672
407933838,291.0408776,-74.00168413,0.406883,,16.8445,15.9674
407934300,291.0757027,-74.6695082,0.264404,,16.9893,16.098
407934304,290.8564029,-74.6751192,0.34555799,,16.707001,15.8606
407934896,290.808614,-75.63160279,0.38023999,,16.6549,15.7696
407933842,291.1175766,-74.0039154,0.38134,,16.967899,16.219999
407934861,290.8866051,-75.56292012,1.17039,,14.1632,13.3523
364154349,291.2863124,-75.15133048,0.273105,,15.1452,14.3185
407934068,291.1588536,-74.32934997,0.60462099,,16.211201,15.3595
407934684,291.0191585,-75.28774098,0.45735601,,16.376699,15.4603
407934024,291.05236,-74.27956142,0.50788897,,16.1605,15.3268
407934378,291.1031385,-74.80741591,0.56439,,16.6182,15.7487
407935041,291.1174159,-75.90945598,0.42705399,,16.7017,15.7751
265125188,293.8252558,-75.42734488,0.389678,,16.184099,15.2926
364111074,288.9154961,-74.19965599,0.33472401,,17.683599,16.8806
407934023,290.9029598,-74.27918403,0.164652,,18.1199,17.2761
407934465,291.1123893,-74.93281497,0.029045699,,17.885799,17.0312
364111285,289.186031,-74.46073227,0.282433,,17.3197,16.394699
407934553,291.0706234,-75.05969036,0.27185801,,17.157,16.263201
407934897,290.8871503,-75.63177779,0.278629,,17.2026,16.3382
364110930,289.0545672,-74.00904744,0.42577499,,17.564199,16.6493
364154490,291.1920762,-75.40495631,0.35491401,,17.3374,16.4345
364154491,291.4171632,-75.40802464,-0.038188901,,17.1422,16.446899
407934893,291.0146241,-75.61984526,0.278611,,17.481199,16.599701
265125183,293.5492586,-75.43864968,0.53155297,,17.1392,16.3069
407934184,290.8991939,-74.50412823,0.2129,,18.0261,17.2502
407934795,291.1089611,-75.4619322,0.070926502,,17.981199,17.136801
407934963,290.9693473,-75.7587245,0.30399701,,17.6084,16.676901
364154630,291.4771012,-75.62446739,0.164527,,18.014299,17.121901
364111105,289.116667,-74.24224824,0.13813899,,18.074499,17.1422
364111203,289.2032022,-74.35483653,-0.0159043,,18.196899,17.294901
364154628,291.4915436,-75.62147051,0.075062796,,17.964701,17.1849
407934067,290.9985431,-74.32934962,0.29669499,,17.9324,17.046
407934915,291.0528667,-75.66517584,0.18827701,,17.9265,17.082701
407934634,290.9982075,-75.18354784,0.281463,,17.276899,16.3937
1815612172,287.3888991,-75.74663019,0.184146,,18.2808,17.412901
1815612126,287.5177034,-75.74263778,0.054324701,,18.216801,17.3699
1815613213,287.6312207,-75.57165127,-0.139329,,18.2054,17.4317
1815613493,287.4823629,-75.51461744,0.14,,18.1071,17.215599
1815712650,287.5636655,-74.16707081,0.130899,,18.6493,17.743099
1815611279,287.3593885,-75.91448818,-0.186552,,18.744801,17.960899
1815634313,287.4427881,-75.35338495,0.13195799,,18.5133,17.6304
1815640115,287.355121,-74.92413564,0.0249936,,18.494699,17.626801
1815634308,287.4344466,-75.36259885,0.101664,,18.737,17.8575
1815635654,287.3970224,-75.18530646,-0.0223343,,18.1066,17.520201
1815609580,285.962779,-75.99468686,0.64829803,,18.462,17.647699
1815609572,286.0854895,-75.98467621,0.50392199,,18.598499,17.7393
1815610660,286.0772287,-75.86719147,-0.030409399,,19.882299,19.139601
1815610952,285.8308318,-75.81854121,0.463337,,19.126301,18.2423
1815611006,286.1281116,-75.76742444,-0.058837701,,19.653601,18.872
1815631513,286.0952412,-75.69653778,0.117372,,19.0854,18.279301
1815631598,286.0115713,-75.67898939,0.248383,,18.694799,17.864
1815631605,286.0183358,-75.66364372,0.33035401,,19.111601,18.267099
1815631619,286.0739478,-75.63997959,0.46316999,,19.981001,19.078899
1815633895,285.9894513,-75.52844031,-0.37130901,,20.381599,19.523701
1815633896,285.9823977,-75.52401923,0.240274,,19.589199,18.7878
1815633873,286.0634173,-75.53659171,-0.193472,,19.6073,18.8634
1815633877,286.1298885,-75.53468124,-0.029798901,,20.1126,19.3174
1815635268,286.1117653,-75.28885738,0.38981,,18.4534,17.598801
1815639255,285.9829707,-75.2253471,0.239989,,18.923201,18.094801
1815639256,285.9415667,-75.22948658,0.180236,,18.911501,18.158001
1815639260,285.9477242,-75.21751555,-0.49670199,,20.0651,19.1632
1815639263,286.0864625,-75.2106008,-0.432787,,19.8435,18.959101
1815639513,285.9611113,-75.14078498,0.090272598,,18.919701,18.133499
1815640867,286.1406365,-74.93673072,-0.137262,,20.224199,19.2962
1815640869,286.2151101,-74.95759229,0.28525901,,18.907,18.026699
1815641102,285.9073443,-74.9646122,0.29315099,,18.863199,18.119699
1815641265,286.1121084,-74.82984219,-0.061388701,,20.1581,19.302299
1815654664,285.932569,-74.83457265,0.163683,,19.8843,18.9746
1815654783,286.0376559,-74.77085805,0.195053,,19.4452,18.555099
1815654787,286.0924314,-74.76475871,0.49010199,,19.6499,18.7341
1815656715,286.0849829,-74.49208034,0.404836,,19.230801,18.433701
1815657074,285.9483055,-74.42244413,-0.86725998,,20.123501,19.3265
1815657069,286.0883793,-74.40782533,0.67289698,,18.897499,18.063999
1815660979,286.0016759,-74.3078915,-0.55589902,,20.116899,19.352501
1815661019,286.2149497,-74.25179069,0.66913998,,19.4632,18.562401
1815616245,289.1196484,-75.69838722,0.458933,,20.0532,19.1679
1815616246,289.1863919,-75.70448876,0.33828601,,19.3808,18.556999
1815616470,289.2070356,-75.66645943,0.64164901,,19.638901,18.7409
1815617183,289.0550073,-75.56179771,0.16279601,,19.4153,18.669701
1815617289,289.0376589,-75.50166646,0.0818481,,19.573799,18.845301
1815617290,288.9415136,-75.50670465,0.35624301,,18.884399,18.108999
1815617572,289.2301609,-75.43180282,-0.1137,,20.0966,19.3671
1815618990,289.2014084,-75.29160122,-0.18857899,,19.530701,18.762199
1815619082,289.2491198,-75.22907428,0.0226172,,18.545799,18.0394
1815619418,289.0202615,-75.14733869,0.296067,,19.1551,18.3717
1815619443,289.2460951,-75.1119417,0.12942,,18.6661,17.916901
1815703709,289.2136047,-75.00825963,-0.682055,,19.7313,18.9291
1815703734,289.3358856,-75.05907061,0.28737399,,18.122999,17.408001
1815703969,289.0519675,-74.96514437,-0.097128101,,19.917,19.182501
1815704173,289.2728941,-74.84216359,0.26383501,,18.904301,18.1087
1815705505,289.1064889,-74.75965792,0.173362,,18.864901,18.023899
1815705663,289.0946748,-74.659783,0.118519,,19.5103,18.755699
1815707446,289.0217043,-74.60437954,0.394153,,18.715,17.9844
1815707522,289.12178,-74.52810938,0.145559,,19.2803,18.610701
1815709886,289.1561943,-74.37245406,0.20806,,19.570999,18.7012
1815709969,289.0822353,-74.34254223,0.17483,,20.241301,19.338301
1815710014,289.058023,-74.30739231,-0.53297901,,20.2582,19.5054
1815710243,289.1585999,-74.25910108,0.114067,,19.4681,18.587099
1815710247,289.2993887,-74.23705349,-0.46730399,,20.167,19.262699
1815710324,289.1980216,-74.1992406,0.13881101,,19.749201,18.8312
1815710350,289.2565873,-74.14996369,-0.14951199,,18.9429,18.167999
1815713603,289.1115315,-74.12534508,-0.00056945998,,19.9168,19.155701
1815713677,289.1125691,-74.05741447,0.34577301,,18.725401,17.9132
324428180,285.84262,-75.61819664,0.84460598,,12.3937,11.9955
324428720,285.7163511,-74.80550571,1.54646,,13.6969,12.7827
387132431,286.5420141,-75.48983375,1.1828099,,13.4495,12.6349
387132810,286.6515732,-74.87629701,1.35367,,12.8955,12.1534
387133032,286.5540352,-74.5360027,2.99949,,12.4094,11.5486
324428002,285.8654721,-75.94390743,0.52595401,,15.952,15.1901
324428138,285.7012366,-75.704739,0.34279299,,16.712799,15.8051
324428814,285.6894856,-74.66110823,0.762362,,15.3394,14.4645
387132276,286.5030849,-75.72120754,0.51140398,,15.7974,14.9629
387132368,286.5842243,-75.56804552,0.472801,,13.7918,13.2549
387132407,286.5838222,-75.51530856,0.57961398,,15.7381,14.8906
387132556,286.8384948,-75.31622292,0.81839401,,14.8002,13.9704
387132729,286.5134203,-75.01360565,0.76135898,,15.5216,14.6398
387132733,286.6258352,-75.00986878,0.69603699,,14.8704,13.9917
387132735,286.6467494,-75.00877014,0.67804599,,14.9765,14.1289
387132967,286.8411235,-74.63519487,1.082,,14.8601,14.0043
324428889,285.6951996,-74.55154552,0.38725001,,16.110901,15.3182
387132983,286.7706834,-74.60046531,0.51459903,,16.3925,15.5198
324428920,285.7093904,-74.52115528,0.61873001,,15.3552,14.434
387132885,286.7060531,-74.76354365,0.50103402,,16.956699,16.0665
324428548,285.9396715,-75.05021136,0.268177,,16.5474,15.8328
387132130,286.8340704,-75.94072484,0.25193799,,16.867901,16.0483
324428071,285.9331533,-75.81964247,0.215286,,16.7309,15.8411
324428133,285.7569527,-75.71577351,0.343362,,16.670601,15.782
324428153,285.7196389,-75.6807846,0.50633299,,16.572001,15.6947
387132644,286.5917193,-75.16277298,0.16390599,,17.133301,16.316401
387132406,286.5366407,-75.51719391,0.207442,,16.6374,15.7478
324428059,285.9739419,-75.84528687,0.66120899,,15.9243,15.067
324428360,285.9623255,-75.34500631,0.59239101,,15.8944,15.0097
324428586,285.6957877,-74.9790445,0.380851,,15.5612,14.8494
324428407,286.0497592,-75.27889726,0.46303499,,15.8653,15.0627
324428545,285.9037256,-75.05315254,0.58255601,,16.556601,15.6675
324428589,285.9348169,-74.97717759,0.31729001,,16.437599,15.5111
387133200,286.5406951,-74.28231684,0.49314401,,16.149,15.3078
387132640,286.6444381,-75.17224828,0.30236301,,18.3892,17.495399
324428001,285.8096658,-75.94452225,0.074170902,,17.7689,16.9221
324428546,286.0300626,-75.05196655,0.582964,,17.316,16.449699
324428628,285.993808,-74.92119245,0.30711901,,17.6049,16.7139
324428836,285.7272105,-74.62503032,0.29323301,,17.6556,16.808599
324428967,285.8267522,-74.43606507,0.43709701,,17.719299,16.8043
387133268,286.62029,-74.16975442,0.400812,,17.2985,16.480499
324425305,285.3145329,-75.05233734,0.31654099,,17.4492,16.546
324428150,285.6867573,-75.69020138,-0.0067761699,,17.5616,16.7066
324428629,285.9191234,-74.91901295,0.288596,,17.8316,17.0128
324428681,286.057887,-74.86027086,0.38655299,,17.6807,16.763901
387132275,286.8015723,-75.72264604,0.051702201,,17.445499,16.7307
387132412,286.5190119,-75.50983768,0.214022,,17.8318,16.941601
324428453,285.987378,-75.19215397,0.33361599,,17.5959,16.694099
324428925,285.720924,-74.50360423,0.00082635798,,18.1378,17.292801
324428921,285.773859,-74.51945418,0.30415899,,17.544701,16.6201
387132887,286.6320818,-74.75927576,0.33972701,,17.683901,16.8018
324428065,285.6812938,-75.83687225,0.087164603,,18.2153,17.3619
324428455,285.8829098,-75.19038154,0.088494398,,17.9459,17.1133
324428676,285.673891,-74.86762959,0.27285099,,18.132601,17.2565
324428677,286.0121227,-74.86609372,0.098290302,,18.154499,17.2463
324428774,285.7119382,-74.71731985,0.43234399,,18.009199,17.1334
387132352,286.80657,-75.59748236,0.107378,,17.875,17.0175
387133017,286.4102093,-74.55468136,0.17448699,,18.501499,17.5758
324428000,285.8623861,-75.94472511,0.141692,,17.6227,16.7341
324428380,285.8630131,-75.32360615,0.21888401,,18.024599,17.118799
387132812,286.6377842,-74.87162622,0.38438901,,17.385,16.4862
387132813,286.7008466,-74.86718682,0.56471401,,17.561899,16.641199
324428277,285.8097194,-75.45594068,0.344538,,17.771799,16.966101
324429105,285.7130222,-74.20950671,0.27857199,,17.7854,16.899401
324428890,285.8985294,-74.55119117,0.168641,,18.0336,17.126499
324428468,286.0527054,-75.16673236,0.20867901,,18.313101,17.451
1815610670,286.2624762,-75.82865705,-0.025533199,,18.3818,17.649401
1815641144,286.1870132,-74.90894691,0.224663,,18.1518,17.2946
1815655074,286.1357093,-74.685084,0.27316001,,18.2341,17.342199
1815657072,285.945014,-74.42995439,0.187425,,18.371901,17.445601
1815661021,286.1192593,-74.26153451,0.26736999,,18.1591,17.297501
1815619065,289.1029505,-75.27055736,0.13805699,,18.2498,17.4275
1815619078,289.2789928,-75.24606115,-0.082499802,,18.257999,17.482
1815611007,286.0915558,-75.76674504,-0.108993,,18.563801,17.7855
1815661268,286.0351431,-74.24349959,-0.0279966,,18.8004,17.9415
1815661271,286.0825528,-74.23187281,-0.25613099,,18.672001,17.7437
1815619438,289.1678139,-75.12926797,0.073464803,,18.505501,17.6882
1815705633,289.1314111,-74.67209023,-0.0057610502,,18.9109,18.031
1815709882,289.1057924,-74.38653392,0.38965401,,18.377001,17.438
1815609574,286.1277067,-75.97883928,0.225356,,18.8106,17.9149
1815610928,286.0660082,-75.79992473,0.0100429,,18.928801,18.0296
1815656128,286.0505455,-74.59014608,-0.17157701,,18.944799,18.076799
1815634907,285.911552,-75.44741937,-0.47490001,,19.053699,18.152901
1815709985,289.193569,-74.32351116,0.024466701,,18.900999,17.980499
1815713594,289.0782359,-74.14909968,-0.053938799,,19.243099,18.3237
311175578,257.4717753,-74.16636086,0.52099901,,18.275,17.438101
311177459,257.5739022,-74.83767027,0.58553398,,17.857,17.0674
311179099,257.4972555,-75.47971526,0.40399799,,18.363501,17.502501
311179354,257.8562633,-75.5836279,0.324108,,18.293501,17.5471
1815654360,285.0083094,-74.66204149,-0.50290501,,20.291,19.526899
1815656346,285.0681534,-74.59622627,0.149528,,18.6882,17.8834
1815660140,285.0760143,-74.57237184,0.56033802,,18.992399,18.1245
1815660143,285.1027419,-74.57094896,0.36032599,,19.2402,18.522301
1815660241,285.170648,-74.5080602,0.55326998,,19.181601,18.360201
1815660526,285.0962162,-74.43312512,-0.40868399,,20.1024,19.270901
1815660584,285.0573633,-74.41882621,-0.097688504,,19.5359,18.700001
1815660626,285.011159,-74.38712713,0.56607503,,19.9055,18.9701
1815660641,285.1366829,-74.39017146,-0.41750801,,20.876499,19.932301
1815660643,285.1754223,-74.38081562,0.34441501,,19.809601,18.999399
1815661563,284.962999,-74.38042042,0.217775,,18.7416,17.900499
1815661575,285.0176892,-74.35463568,0.30965599,,19.375401,18.687599
1815661607,285.2535878,-74.32521186,0.065479599,,18.903299,18.0818
1815661701,284.9944861,-74.29777337,-0.0413021,,20.2132,19.375099
1815661989,284.9700963,-74.24029981,0.491831,,19.042999,18.101
1815661991,285.0296379,-74.23216597,0.186711,,19.879801,19.080099
1815674624,284.8468756,-74.15441685,0.275911,,19.7593,18.8556
1815674832,285.1065968,-74.06896014,0.39756,,19.6689,18.822201
1815675081,284.9971939,-74.03289965,0.25308201,,20.2724,19.382601
1815610274,285.1496947,-75.95975777,-0.935215,,20.700899,19.835199
1815630907,285.0547388,-75.85046665,0.18986601,,18.805901,17.9286
1815631636,285.131679,-75.77707281,0.153275,,20.0294,19.136101
1815631643,285.0793585,-75.76600157,0.30388701,,19.850401,19.021099
1815632704,285.1427082,-75.66550973,-1.1685801,,20.569799,19.716801
1815632778,284.9899427,-75.65368666,-0.136979,,20.0441,19.1443
1815632799,285.1508462,-75.59870588,0.19537801,,19.2092,18.2908
1815632825,285.0449656,-75.59770131,0.053608701,,19.1779,18.4326
1815633132,285.2102812,-75.53992427,0.43647701,,18.886,18.149099
1815633242,285.0864771,-75.49808811,-0.45008901,,19.9025,19.1192
1815633245,285.104855,-75.48735624,-0.074630097,,19.8864,18.992399
1815636922,285.0628257,-75.45471901,0.269546,,19.701799,18.7983
1815636924,285.0641394,-75.44916007,0.093759701,,19.838499,18.9186
1815636925,285.1049738,-75.44670473,0.38060901,,18.8153,17.9433
1815636941,285.2469641,-75.4130139,0.032608099,,19.8731,19.1141
1815636965,285.1990631,-75.39777671,0.212135,,18.858299,18.029301
1815637025,285.1015946,-75.41284769,-0.109765,,20.011499,19.130699
1815637068,285.2777146,-75.42065004,-0.114456,,19.4767,18.7703
1815637308,285.1463802,-75.34268012,0.261298,,18.8351,17.978201
1815637466,285.1735782,-75.29261394,0.050535701,,19.683201,18.816401
1815638580,285.246805,-75.21382687,0.349655,,19.6938,18.9307
1815638572,285.0949298,-75.22085613,0.074430399,,20.324699,19.529499
1815638657,285.0643756,-75.1809971,0.52922702,,19.6717,18.815701
1815655361,286.6027795,-74.62750311,0.30747601,,18.4928,17.7164
1815655682,286.5465434,-74.55987469,0.103873,,20.229,19.3508
1815655713,286.6596797,-74.58809212,-0.45146999,,19.8783,19.1511
1815655715,286.6014313,-74.57786421,0.299182,,19.2127,18.342699
1815656751,286.3910548,-74.46516301,-0.14342,,19.7572,18.8498
1815656870,286.4471884,-74.44991854,-0.11061,,19.4807,18.612801
1815656905,286.4868529,-74.40541639,-0.020622199,,19.514999,18.7603
1815657164,286.3648816,-74.37307083,-0.0572442,,20.199699,19.4219
1815657163,286.4802413,-74.36471367,-0.224796,,20.009199,19.118999
1815607736,287.9605651,-75.94671225,0.068171002,,20.120001,19.3169
1815607982,288.1012368,-75.88180627,0.33313599,,18.6199,17.821199
1815608191,288.2804202,-75.80101951,0.072724201,,19.289301,18.5049
1815612030,288.015879,-75.70749618,0.112481,,20.0548,19.2229
1815612363,287.8040235,-75.63822784,0.00231602,,19.4354,18.650299
1815612367,287.8149049,-75.6125237,0.34316701,,20.133301,19.299299
1815613317,287.9774668,-75.52715975,-0.237137,,20.128799,19.2479
1815613379,287.9864199,-75.51177639,-0.68156701,,20.026899,19.2335
1815613384,287.9878097,-75.49355064,-0.217565,,19.8626,19.0326
1815613401,287.9920776,-75.48604428,-0.0116313,,19.4692,18.622
1815613647,288.0485911,-75.43261389,0.051662199,,19.0429,18.331301
1815613664,288.0492794,-75.40689473,0.12988301,,19.3673,18.588301
1815613747,287.8919652,-75.3642208,0.375384,,19.734501,18.878901
1815618717,288.053755,-75.36744703,0.19559801,,20.027,19.2314
1815618719,288.0446503,-75.36300581,0.105619,,19.3673,18.491501
1815618727,288.272457,-75.33943848,-0.0156388,,20.3398,19.4646
1815618745,288.0753942,-75.32639899,-0.14631,,19.7637,18.931801
1815702933,288.0059377,-75.2878932,-0.0362891,,19.0002,18.2813
1815703286,288.0174065,-75.18547469,-0.154158,,19.618999,18.832701
1815704671,288.0611786,-74.95633532,-0.0224433,,19.8274,19.0161
1815704695,287.9702897,-74.94573562,-2.8250301,,20.8612,20.0497
1815704909,288.0256118,-74.89773304,0.41753101,,18.503799,17.688499
1815706732,287.9092554,-74.79458053,-0.0793745,,19.5072,18.6591
1815707033,287.8949015,-74.73529426,0.038121998,,19.5539,18.6998
311176103,257.7583633,-74.34400062,0.084118299,,15.3648,14.5574
352188364,287.9960576,-74.07792037,2.2799399,,11.9146,11.0776
311177976,257.7892076,-75.02918966,2.1417999,,11.3057,10.5549
352187463,287.8888368,-75.43727363,0.89295298,,13.5225,12.6533
311178853,257.5681018,-75.376543,12.1106,,7.6289401,7.0764699
311178294,257.7311723,-75.16301807,1.4776599,,11.9745,11.3228
352136353,285.0927218,-74.15464873,0.97048301,,13.6033,12.702
324425178,285.4067756,-74.85024321,2.0852599,,13.4848,12.5802
324425338,285.553151,-75.11644172,2.2466199,,13.0769,12.1843
324425616,285.4093086,-75.56368465,1.61617,,11.9865,11.4077
324425782,285.5883375,-75.86871425,1.4047199,,13.2663,12.5825
352140151,286.899689,-75.59918857,4.1280799,,12.0537,11.2026
352140271,287.0597903,-75.4030719,4.11659,,11.716,10.9191
352140478,287.0020806,-75.10394089,1.7893699,,13.6483,12.8081
352140730,286.892367,-74.71750476,3.6730399,,13.1674,12.3261
352140749,287.0335891,-74.69643328,1.1993901,,13.157,12.4853
352141204,287.1461333,-74.06673453,2.1570201,,13.7045,12.8073
352187584,287.6949062,-75.27953833,1.73548,,12.5364,11.9106
311180166,257.4708976,-75.86103246,1.0346,,13.8446,13.1123
352187905,287.9839616,-74.82883714,0.653844,,13.9372,13.2258
352187944,287.9927316,-74.7761864,0.76988697,,13.8565,13.1415
352141020,287.0246049,-74.32696432,0.472038,,17.344101,16.4543
324424794,285.429452,-74.22794233,0.37431401,,16.796,15.8487
324425128,285.470181,-74.77413407,0.43628299,,16.3701,15.5542
352140729,286.9674123,-74.71823197,0.358192,,16.85,16.022499
352141122,287.1539005,-74.19071975,0.35913101,,16.382401,15.6317
352187937,287.9280308,-74.7816599,0.267454,,16.2197,15.4679
352188190,287.8910878,-74.37398254,0.389561,,17.1255,16.243601
352140058,287.1659912,-75.7704408,0.359828,,16.1458,15.3264
324425660,285.6659187,-75.65246206,0.36219299,,15.9576,15.1096
311175460,257.5590205,-74.12036495,0.57889801,,14.2573,13.5907
311177634,257.5213088,-74.89963041,0.84236699,,13.6431,12.966
311177676,257.7648152,-74.91131288,0.82410198,,15.362,14.5397
311179021,257.5840653,-75.44997575,0.81829298,,14.0149,13.1803
311179602,257.4333873,-75.67210682,0.99023098,,14.4226,13.5186
311180198,257.7644066,-75.86922292,0.85272098,,13.8822,13.0437
352136272,285.1645359,-74.03848501,1.0512201,,13.887,13.067
324425200,285.6016716,-74.88675712,1.24667,,13.8453,12.9668
352140643,287.2404523,-74.82510703,0.60795999,,16.2411,15.3606
352187320,287.7348218,-75.64861756,0.77508003,,14.2644,13.451
352187632,287.7650791,-75.22277299,1.3894399,,13.943,13.069
352187813,287.7538086,-74.959407,1.22297,,13.8362,13.08
352187932,287.7984538,-74.79017321,0.69918001,,15.7006,14.8449
352188027,287.7921949,-74.64944249,1.0595599,,14.1411,13.3111
324425752,285.6088931,-75.82893237,0.37664199,,16.0452,15.1698
311175379,257.698053,-74.09683118,0.55395699,,15.4769,14.6378
311175439,257.4676167,-74.1159108,0.70106798,,15.5382,14.7074
311176490,257.664156,-74.47772333,0.62136102,,15.7499,14.8983
311178987,257.6713785,-75.43674398,0.660344,,14.9205,14.1618
311179017,257.6301964,-75.44939982,0.37452799,,14.8337,14.1217
311180064,257.5476684,-75.83041854,1.0213,,14.5307,13.7343
324425127,285.3253958,-74.77386853,0.60252398,,15.3166,14.4766
324425467,285.5403359,-75.31697431,0.33447999,,15.6536,14.8577
324425657,285.3840956,-75.65015472,1.0255899,,14.802,13.8815
352187422,287.8283413,-75.49741174,0.92313498,,15.299,14.4425
352187483,287.6759943,-75.41920724,0.26292101,,15.1784,14.548
352187586,287.816962,-75.27667507,0.64376497,,15.3165,14.4382
352187718,287.84287,-75.10212798,0.56166399,,15.0066,14.2561
352187940,287.7110897,-74.77822554,0.71791798,,15.5344,14.8322
352188080,287.7142743,-74.54279248,0.88577199,,14.2736,13.4339
352187973,287.708407,-74.72978104,0.34695399,,16.1059,15.3683
311177997,257.7507651,-75.04048558,1.04278,,15.2994,14.4255
324425015,285.5280622,-74.59753194,0.55212802,,16.1984,15.2706
352140376,287.0802449,-75.26629639,0.42257899,,16.271,15.3927
352140787,286.9088714,-74.64109764,0.52634299,,16.426001,15.5996
352187167,287.7973221,-75.89788077,0.86530203,,14.8321,14.0668
352187846,287.7773918,-74.91376224,0.37089199,,16.237,15.5032
352188088,287.9188572,-74.52977866,0.39016399,,16.5944,15.7644
311176856,257.4327178,-74.60649279,0.56059599,,16.3971,15.5718
352140054,287.0246725,-75.77925784,0.31813201,,16.3041,15.4453
311179019,257.5644721,-75.44953688,0.47986701,,17.0798,16.184401
311175372,257.7511786,-74.09379437,0.259754,,16.3748,15.628
311176554,257.724071,-74.50752171,0.62649,,16.9018,16.038099
311178328,257.4492881,-75.17576783,0.13169301,,15.7629,15.3692
311178503,257.4158067,-75.2443235,0.30823499,,16.9158,16.0921
311179626,257.6482519,-75.68292972,0.29223701,,16.3606,15.6527
352140055,286.9187577,-75.77819024,0.37464699,,16.5954,15.7039
352140147,287.0578953,-75.60731847,0.263262,,17.5133,16.7654
352140204,287.2154494,-75.49634326,0.448309,,16.7509,15.8753
352140983,287.1082523,-74.36730848,0.25603801,,16.954,16.1175
352187934,287.9592,-74.78565784,0.28809601,,16.7766,15.9288
352188029,287.9148326,-74.64794907,0.238527,,17.053499,16.202999
311175400,257.4537267,-74.10421975,0.42791399,,16.749599,15.8889
311176403,257.5160069,-74.45586939,0.198158,,16.749201,16.1012
311180084,257.4303951,-75.83295411,0.35947201,,16.834499,15.989
324424789,285.3078677,-74.2170667,0.342621,,16.732599,15.9517
324425482,285.4963914,-75.33954717,0.37476999,,16.920601,16.0991
352140647,286.9791013,-74.82158268,0.313889,,17.403299,16.563101
352141106,287.091952,-74.21064074,0.31130999,,17.032301,16.150801
352187719,287.683671,-75.10019143,0.43257499,,16.6924,15.8969
352188355,287.9130889,-74.08848277,0.37641099,,16.7677,15.9942
311179008,257.6618684,-75.44517309,0.104096,,16.333,15.9655
352141179,287.0976481,-74.09712277,0.181127,,16.7171,16.0721
352140566,286.8632096,-74.95247036,1.27325,,14.0274,13.267
311176888,257.4813921,-74.62169851,0.584705,,16.1625,15.2994
311177791,257.4447114,-74.95926451,0.603347,,15.7329,14.9201
324425749,285.4881152,-75.82495498,0.41099101,,16.257999,15.404
352140056,287.2401279,-75.77769659,0.54364401,,16.009899,15.1619
352140325,286.9676312,-75.3374022,0.51605397,,16.124901,15.2601
352140762,287.1755247,-74.68060138,1.06385,,14.6626,13.8574
352187222,287.8647739,-75.81861524,0.61480302,,15.8862,15.0328
352187261,287.9809378,-75.76239957,0.63353801,,15.7767,14.9139
352187775,287.7345316,-75.01437367,0.26724601,,14.9605,14.4438
352187859,287.7561857,-74.89395289,0.46413699,,15.6806,14.8056
311179097,257.6268611,-75.47966247,0.32265699,,16.677099,15.7913
311175791,257.6918439,-74.23584851,0.30133301,,16.3034,15.4398
311176329,257.6557814,-74.42195349,0.54385501,,16.4345,15.5847
311176331,257.6061103,-74.42290191,0.37294301,,16.3237,15.4877
311176890,257.5196182,-74.62274677,0.30507201,,16.776199,15.9289
311177348,257.6567634,-74.79263862,0.51615202,,16.1576,15.2874
311177783,257.6845906,-74.95684089,0.56530899,,16.524099,15.6801
311178165,257.770088,-75.10986833,0.53806698,,16.287399,15.425
311178625,257.4213003,-75.28195876,0.32800499,,16.648199,15.782
324425014,285.3332872,-74.59503642,0.50259399,,16.662399,15.7662
324425614,285.6229467,-75.56336177,0.40355599,,16.553699,15.6745
352139947,287.1123316,-75.94358125,0.47134101,,16.4867,15.6222
352187166,288.0174338,-75.89848262,0.72531199,,15.4473,14.5875
352187843,287.9433502,-74.91670513,0.419761,,16.542101,15.7267
352187863,287.7413747,-74.89091414,0.42062801,,16.3228,15.4803
324425736,285.4266897,-75.81057475,0.36415201,,17.9748,17.0903
324425129,285.3317805,-74.77466066,0.195715,,17.1651,16.2822
311177727,257.7945332,-74.93500025,0.189464,,17.356001,16.567699
324425125,285.4515462,-74.76999619,0.30954599,,17.533501,16.645
324425195,285.4971552,-74.88125813,0.25933,,17.3622,16.479099
324425700,285.6197739,-75.72979355,0.119234,,17.386299,16.6443
352139941,287.1882679,-75.94729252,0.116885,,17.1217,16.393101
352140377,287.0125368,-75.26451125,0.297589,,17.122,16.2549
352141105,287.0793369,-74.2119862,0.23787899,,17.515699,16.5977
311176841,257.7268635,-74.60288435,0.185826,,17.6299,16.782101
311178397,257.7147688,-75.19805705,0.0725132,,18.3528,17.4786
311179162,257.4119959,-75.50784247,0.244508,,18.2945,17.469
352136273,285.1960559,-74.03881897,0.126445,,18.2645,17.4352
324424833,285.594545,-74.30148838,0.261711,,17.8067,16.9266
324425160,285.4380612,-74.8189973,0.019912999,,17.4718,16.542
352140171,287.0827291,-75.57062297,0.35487801,,17.739901,16.859501
352140172,286.9792153,-75.56979353,0.33958101,,17.639999,16.755199
352140425,286.9830401,-75.19725048,0.137031,,17.386299,16.5054
352140760,287.1840264,-74.68630437,0.38333401,,17.507,16.8057
352187350,287.797827,-75.6038712,0.17676,,17.533899,16.683001
352187464,287.9470318,-75.43636572,0.21031,,17.604099,16.7281
352188089,287.8218779,-74.5296692,0.37477401,,17.881399,17.017
311177385,257.5249595,-74.80622807,0.210556,,17.1569,16.3253
311179003,257.7449599,-75.44280091,0.31948501,,17.080799,16.2092
352140116,286.8653147,-75.65531603,0.157409,,17.098499,16.2703
352187630,287.9338526,-75.22770668,0.352954,,16.972,16.108
324424791,285.3296751,-74.22181724,0.232353,,17.3785,16.465799
324425199,285.4375038,-74.88639513,0.52353698,,17.2306,16.3013
352187945,287.6855735,-74.77617261,0.14253899,,17.2675,16.3951
311177636,257.7750477,-74.90107834,0.150089,,17.5431,16.7787
352140275,287.1171534,-75.39970383,0.33559501,,17.0912,16.306
352140292,287.0093087,-75.37792434,0.243306,,17.358299,16.504601
352187135,287.648744,-75.94999554,0.17244799,,17.407801,16.530701
352187330,287.6533242,-75.63274095,0.32616699,,17.123699,16.2369
311175465,257.7141482,-74.12087003,0.393718,,17.0212,16.207001
311177383,257.7905721,-74.80472888,0.47351199,,17.0896,16.2339
311177447,257.4887776,-74.83385791,0.47240299,,17.2453,16.3757
311179288,257.7931852,-75.55919436,0.37440401,,17.237301,16.3353
352140781,287.1304172,-74.64937768,0.53972602,,16.7162,15.824
311176591,257.7527934,-74.5188083,0.35311699,,16.4711,15.6579
