1815625345,283.7090055,-75.79071851,0.0127543,,18.3521,17.454399
1815628783,283.5527508,-75.65998876,-0.084487699,,18.760099,18.0249
1815638094,283.8304256,-75.38529012,0.056153901,,18.693899,17.911301
1815638183,283.6938411,-75.32103384,0.018111899,,18.489799,17.728201
1815651734,283.6944226,-75.23187612,0.144651,,18.9627,18.040199
1815653087,283.6883817,-75.03514385,-0.072017498,,18.457199,17.6555
1815653437,283.6264936,-74.9791506,0.085379899,,17.903299,17.3402
467936509,282.7591126,-74.15392883,0.15773501,,16.9126,16.1366
467936820,282.7162706,-74.5584461,0.37902001,,17.470699,16.5476
352006303,283.3320282,-75.31775315,0.14251199,,17.1691,16.302799
352006407,283.6761822,-75.48662027,0.27524099,,17.319099,16.436199
352006591,283.3443238,-75.76994985,0.29750401,,17.200899,16.283501
352006648,283.6852309,-75.85600451,0.14515699,,16.9368,16.296301
352018193,283.7821225,-75.7056302,0.351006,,17.4699,16.5644
352018263,283.9006591,-75.60710079,0.317882,,17.1509,16.2677
467936783,282.80993,-74.51451283,0.096668199,,18.071501,17.282301
352018861,283.7825223,-74.6737949,0.37919,,18.473,17.5313
467936475,282.5962557,-74.10066425,0.39207199,,17.405199,16.513201
467936848,282.7557736,-74.58786876,0.304234,,17.4891,16.7355
467937078,282.6290187,-74.90966664,0.195769,,18.277,17.3276
467937079,282.8122007,-74.90987339,0.13242599,,18.149401,17.1854
467937497,282.5605672,-75.54896315,0.38512301,,17.4291,16.548901
467937543,282.5992153,-75.60775756,0.212267,,18.228901,17.339199
467937634,282.6728828,-75.75008023,0.196022,,17.315399,16.6082
352006462,283.3315179,-75.56280161,0.502581,,17.5625,16.663099
352006688,283.4130117,-75.9199008,0.34024099,,18.197901,17.3209
352018010,284.0513039,-75.96940055,0.25621399,,17.132299,16.601801
352018330,283.8677344,-75.51306194,0.17880701,,17.858999,17.093599
352018367,283.8536079,-75.4509047,0.082838401,,17.877899,16.966999
352018860,283.7561552,-74.67443879,0.240831,,17.8186,16.880301
352019123,283.8842477,-74.28954523,0.28523201,,18.2465,17.314501
352019181,283.7322433,-74.22059509,0.52480203,,17.4345,16.5508
467936911,282.7314739,-74.68571583,0.359202,,17.4804,16.560101
467936929,282.7648511,-74.71436831,0.25428301,,17.626101,16.746599
467936956,282.6956855,-74.74879627,0.40832901,,17.472401,16.5739
467937030,282.6445324,-74.84203519,0.32002199,,17.961901,17.0755
467937338,282.7326874,-75.2902613,0.19960301,,17.6127,16.6824
467937402,282.6874916,-75.39067725,-0.061431199,,17.621401,16.7006
467937674,282.5742638,-75.81011922,0.29361901,,17.284,16.405399
352006439,283.5717113,-75.53374009,0.1116,,17.705799,16.862301
352018057,283.7283049,-75.89866031,0.203787,,17.6644,16.743601
352018151,283.8625555,-75.77122047,0.079345398,,17.615601,16.6989
352018423,283.9943043,-75.36701249,0.36071301,,17.652201,16.802299
352018663,283.8634129,-74.9750056,0.22427499,,17.834299,16.926001
352019178,283.7123717,-74.22717281,0.25641,,17.920401,17.1056
352019310,283.9426951,-74.03612499,0.187464,,17.9604,17.024401
467937623,282.5397205,-75.72644231,0.39552,,17.135599,16.2236
352018525,283.9383766,-75.20786783,0.33135101,,18.2001,17.356701
467936883,282.8797087,-74.6526917,0.41827101,,16.325199,15.3949
467937110,282.8568783,-74.95838687,0.73075598,,14.4958,13.6677
352006334,283.3240611,-75.37162456,0.92721301,,15.02,14.1192
352019212,283.8837916,-74.17224563,1.25624,,14.3469,13.4736
467937607,282.9145122,-75.70406632,0.206459,,17.137699,16.24
467937665,282.6651889,-75.79038557,0.36252099,,16.8934,15.9628
352018303,284.0065078,-75.55722976,0.30906099,,16.651501,15.8452
352018461,283.7352785,-75.29785865,0.44135201,,16.759199,15.8383
352006740,283.5431516,-75.99050611,0.35144201,,16.3528,15.5314
467936574,282.6982079,-74.23971021,0.58664602,,15.601,14.6847
352006737,283.446083,-75.98920126,0.98422003,,15.0741,14.1737
352018470,284.0605663,-75.28634231,0.549788,,15.8287,14.9436
352018662,283.8819143,-74.97551014,0.80709898,,14.7423,13.9313
467937762,282.5521204,-75.92352811,0.91447502,,15.629,14.7162
467936779,282.7848862,-74.5090526,0.31092301,,16.7283,15.795
467937441,282.5580635,-75.45095359,0.48927701,,16.4104,15.4952
467937629,282.7403368,-75.74158721,0.46168101,,16.4056,15.5117
352006355,283.3495662,-75.40331373,0.45386899,,16.2099,15.3188
352006426,283.5543706,-75.51339403,0.459582,,16.3957,15.4875
352018514,283.8998645,-75.22317698,0.430031,,16.396799,15.489
352018973,283.7959092,-74.50097444,0.39916599,,16.528799,15.5768
467936550,282.7259464,-74.20687387,1.00001,,13.2926,12.3983
352006743,283.5200814,-75.99338179,1.1090699,,13.5514,12.7223
352006698,283.6587826,-75.93020689,1.22464,,13.0137,12.2171
352018351,283.7912836,-75.48053161,1.65056,,13.4256,12.525
352018528,283.9374306,-75.20158122,1.38227,,13.2458,12.4323
352006593,283.5425364,-75.78263127,1.50984,,11.3709,10.7448
467937002,282.8375276,-74.80513487,0.118888,,15.9255,15.4515
352001354,282.8676016,-75.21846933,0.178645,,15.8865,15.274
352018523,283.7754292,-75.20842881,0.31284401,,16.6929,15.7881
352019014,284.0740294,-74.44678107,0.456855,,16.5949,15.6924
352018429,283.9265878,-75.35548572,0.64867198,,15.8769,15.0022
352018739,283.7578351,-74.86823696,0.29498199,,16.591999,15.6785
467936715,282.8437188,-74.41472651,0.39896899,,16.203199,15.3158
467937381,282.8237532,-75.3580582,0.55599099,,16.126801,15.2863
467937534,282.870383,-75.60402389,0.55843401,,15.9982,15.1294
352018347,283.7243792,-75.48996141,0.621566,,15.6882,14.8214
352018504,283.8079718,-75.2468096,0.65797299,,16.2528,15.3408
352019209,283.8368909,-74.17549965,0.452456,,16.080601,15.1972
352018526,283.7436271,-75.20686702,0.734092,,15.2249,14.3187
352019128,283.7913867,-74.28436106,0.75303203,,14.1429,13.3488
352019186,283.7472308,-74.21715707,0.80758703,,15.488,14.6466
467936426,282.7252464,-74.03839209,0.92157698,,14.3934,13.5367
467936558,282.5382245,-74.21947005,0.67009699,,15.0751,14.1873
467936551,282.6731796,-74.20825164,0.67714602,,15.2505,14.3641
467936554,282.643328,-74.21544944,1.26849,,14.358,13.4535
467936609,282.7502939,-74.28296218,1.02151,,14.446,13.5766
467936828,282.8454963,-74.56799713,0.88301402,,14.7501,13.8417
467936833,282.7303452,-74.5747793,0.93660903,,14.8355,13.9794
467936882,282.698028,-74.65070566,0.50581598,,15.1843,14.2813
467937154,282.8348426,-75.01768043,0.62896597,,15.5168,14.5782
467937194,282.731224,-75.07904142,0.48051101,,15.0962,14.3393
467937340,282.6914663,-75.292267,0.62808102,,15.549,14.7156
467937638,282.901258,-75.75081326,1.12016,,14.1322,13.3566
467937662,282.558883,-75.78675569,0.83098102,,15.4957,14.6077
467937666,282.7112923,-75.79066146,0.682643,,15.3211,14.406
467937669,282.7994549,-75.79348633,0.77969301,,14.9754,14.1235
467937734,282.770967,-75.88754423,1.17913,,14.1108,13.3293
467937758,282.5477161,-75.91241221,0.59379297,,15.7391,14.8741
467937763,282.5422123,-75.92361202,0.89124799,,14.8922,13.9942
352006281,283.6126858,-75.28096328,1.60244,,14.0743,13.1665
352006348,283.3540027,-75.39648032,0.56410301,,15.7162,14.8412
352006352,283.4198709,-75.39978432,0.663306,,15.0458,14.1763
352006406,283.3556966,-75.48607506,0.64081401,,14.9984,14.0817
352006457,283.4566341,-75.55736867,0.90312302,,15.7402,14.8325
352006643,283.5124767,-75.84949647,0.75856298,,14.1361,13.437
352006644,283.3510107,-75.84968897,0.48783401,,15.8827,15.1106
352006714,283.4531396,-75.95084082,0.43127099,,15.8026,14.9758
352018137,283.7279439,-75.79344815,0.541619,,15.1955,14.3631
352018607,283.7269562,-75.08065986,0.62904501,,14.3263,13.5177
352018726,284.0234539,-74.88200095,1.02104,,14.5569,13.6664
352018890,283.7431166,-74.63466754,0.82659501,,15.3392,14.4098
352019203,283.8582986,-74.18273627,0.88064301,,15.2118,14.3177
352019232,283.9698954,-74.14841086,0.98594499,,14.1171,13.2273
1815627852,281.7982568,-75.99989351,-0.100434,,19.400499,18.454
1815627853,281.8328462,-75.98962018,0.35798299,,18.0448,17.237301
1815628210,281.9430618,-75.89618701,-0.39957201,,20.558701,19.621799
1815628219,281.7116426,-75.91045166,-0.36071399,,20.209499,19.4032
1815628220,281.7546918,-75.90778904,0.098233297,,19.9622,18.995399
1815628221,281.7342656,-75.89091387,-0.62699801,,20.180099,19.3356
1815629235,281.9796788,-75.7924236,0.23054799,,18.967501,18.042
1815629321,282.0993674,-75.72848506,0.029247301,,19.5446,18.649401
1815629324,282.0159692,-75.7315955,0.12623399,,18.9835,18.183399
1815629291,281.9248641,-75.79727329,0.45506299,,19.247999,18.3367
1815629293,281.9033827,-75.79769709,0.16284101,,19.373501,18.4231
1815629606,281.8534798,-75.72656057,-0.126572,,20.2145,19.329599
1815644135,281.802257,-75.56298233,0.208565,,19.8001,18.846201
1815644142,281.9078482,-75.5457458,-0.0081563098,,20.306499,19.3598
345203030,281.8826734,-74.00676623,0.233632,,16.988701,16.053499
352000957,282.928723,-75.86399532,0.44977799,,17.599701,16.708
352000959,283.0393006,-75.85867989,0.25767201,,17.2651,16.419201
352001068,283.1853957,-75.69121357,0.14409199,,16.9191,16.028799
352001286,283.0990206,-75.33501866,0.25994799,,16.7542,15.8978
352001741,283.0298512,-74.61674507,0.12898099,,16.3916,15.832
352001904,282.9851801,-74.37901548,0.105847,,17.118799,16.522699
352002025,283.0323109,-74.20511263,0.37799501,,17.151699,16.250601
345202952,282.0829175,-74.12538282,0.54126298,,16.083401,15.1223
352001989,283.2078753,-74.26346223,0.66013801,,16.0303,15.2574
352001801,283.0188062,-74.54964125,0.17284399,,17.5718,16.652901
179993061,10.92428514,-75.43269395,0.23206,,17.354401,16.5986
352001067,283.3039894,-75.69182847,0.45719799,,17.2068,16.362
345202818,281.9742048,-74.29771485,-0.0156181,,18.4538,17.4634
352000940,283.1795609,-75.8894173,0.28487399,,16.9233,16.005899
352001374,283.0505571,-75.18637939,0.34264699,,17.407499,16.529499
352001696,283.1886398,-74.68482687,0.385584,,17.078199,16.2057
352001798,282.9610055,-74.55384701,0.27397099,,17.359699,16.4412
345202979,282.0570726,-74.08106249,0.26073399,,17.5926,16.647301
179993352,11.2626469,-74.71800105,0.0083552897,,18.270599,17.404699
352001900,283.2487602,-74.38450594,0.18448199,,18.2633,17.3596
179992875,11.10750916,-75.16762576,0.36617899,,17.295799,16.459499
352001141,283.2075754,-75.57415621,0.27595001,,17.361099,16.520599
352001144,283.23714,-75.57068487,0.52262598,,17.4028,16.5583
352001375,283.1980627,-75.18539682,0.44064999,,17.3431,16.451599
352001760,283.0069881,-74.58932367,0.32868001,,17.411301,16.5755
352001905,283.2145882,-74.37453719,-0.0160926,,18.249901,17.3375
352001962,283.2057678,-74.30259755,0.321435,,17.655199,16.760099
352002006,283.1817186,-74.23479042,0.44326001,,17.6273,16.7647
345202904,281.7905721,-74.18361374,0.33384499,,18.229601,17.2616
179993243,10.91617003,-74.8961276,0.18160599,,17.4473,16.657301
352000936,283.1739944,-75.89417598,0.12782501,,17.650801,16.756201
352001701,283.2998134,-74.67458733,0.41467699,,16.5599,15.6649
345202733,281.8706232,-74.41324526,0.173592,,17.326099,16.538601
352001108,283.3008315,-75.62636575,0.206595,,18.1224,17.2649
352001207,283.1333035,-75.46365573,0.131428,,17.516199,16.6395
352001763,283.0475052,-74.58868597,0.24770901,,18.0802,17.2269
352002005,283.1884445,-74.23587287,0.22416499,,17.737499,16.8801
352002065,283.2618342,-74.16057766,0.099156499,,17.9331,17.051001
352001911,283.3403898,-74.36494678,0.0894311,,18.2631,17.374599
1815628215,281.942579,-75.87516099,0.31684199,,18.168301,17.2076
1815629625,281.9614569,-75.68624582,-0.049143601,,18.9674,18.020399
1815629627,282.0256905,-75.67501084,0.093144201,,19.117701,18.1705
352001654,283.1147745,-74.75489344,1.4635299,,13.684,12.7407
345202594,281.7591299,-74.60759854,1.6835901,,10.0384,9.4078703
345202790,281.8461436,-74.34661128,3.1245401,,10.2337,9.3474302
345203028,281.9888846,-74.00927298,1.4054199,,12.1878,11.4876
345202948,281.8195981,-74.12842413,0.41200101,,16.6735,15.8446
352001869,283.2780246,-74.43516802,0.41856501,,16.931999,16.043301
352002104,282.9635098,-74.10660359,0.516976,,16.658501,15.7649
345202749,282.0838377,-74.39394836,0.76426202,,15.32,14.3498
352001803,283.2410758,-74.5468858,0.98616499,,15.344,14.4647
352001855,283.230027,-74.46105851,0.41372499,,16.368099,15.5201
352001990,282.937183,-74.26132116,1.1919399,,13.8589,13.0349
352002067,283.1333965,-74.1582384,0.772138,,14.1048,13.2197
345202677,281.9313433,-74.49272135,0.70759398,,15.6977,14.7465
345202906,282.08889,-74.18279427,0.66690499,,14.9048,13.9988
345202998,281.8486543,-74.05452153,0.60451102,,15.4353,14.5047
352001103,283.0758198,-75.63135823,0.66132098,,14.3794,13.5406
352001145,283.1276855,-75.56766353,0.93541902,,14.7902,13.9387
352001700,283.162666,-74.67470332,0.50947899,,15.767,14.8473
352001786,283.0599079,-74.56110225,0.088536799,,15.8597,15.0424
352001964,283.0598695,-74.30010629,0.65636402,,15.4431,14.5439
352002138,283.2751051,-74.05103269,0.51846701,,16.1341,15.2616
345202819,281.7609364,-74.29258824,0.72905701,,15.9129,14.9325
352000975,283.0006312,-75.82871818,0.53298402,,15.9699,15.1351
352001402,282.9940255,-75.14372755,0.41014999,,15.9461,15.0257
352001536,283.244439,-74.94954224,0.70177901,,15.4795,14.5472
352001923,283.1683245,-74.34924501,0.40423799,,16.5865,15.7215
1815677618,282.7341832,-74.14212931,0.277769,,19.098801,18.212
1815677620,282.736554,-74.13831851,0.245315,,18.945,18.0215
1815677621,282.7147198,-74.13792125,0.134857,,19.373699,18.458099
1815677972,282.7951198,-74.05640896,0.43711299,,18.9235,18.004
1815677997,282.748453,-74.03932129,0.389476,,19.7027,18.795601
1815678005,282.8610894,-74.03360865,0.23540699,,19.2104,18.4093
1815678065,282.7346447,-74.01863145,-0.58494401,,19.5434,18.7626
1815624843,283.2512749,-75.98004119,-0.214407,,19.736601,18.8682
1815625103,283.0333601,-75.93407252,-0.022324201,,19.9062,18.974701
1815625181,283.0421841,-75.88921407,0.41929099,,18.7717,17.943899
1815625183,283.0262733,-75.89963434,-0.0141298,,20.463499,19.587999
1815628487,282.9900972,-75.8201283,0.073582999,,19.2974,18.475599
1815628549,282.9571242,-75.81818808,-0.078707702,,19.778099,18.8568
1815628873,283.1024557,-75.69001151,-0.00256404,,19.260099,18.446699
1815628845,283.0561559,-75.73382561,0.32375699,,19.511499,18.5972
1815628968,283.0060441,-75.65662847,-0.489436,,20.6115,19.737101
1815645298,283.091127,-75.28877297,-0.233009,,20.8395,19.9119
1815645301,283.1392081,-75.28847925,-0.187305,,19.103201,18.3365
1815645304,282.9027881,-75.29940994,0.089154303,,20.2241,19.373699
1815646464,282.9513108,-75.18568465,-0.67834598,,20.067699,19.3486
1815646466,282.9936731,-75.17098303,-0.107082,,19.9841,19.055099
1815646886,283.1569354,-75.05035065,0.31004399,,18.852699,17.9182
1815646856,283.0355508,-75.07997145,0.331218,,19.9144,19.0079
1815646857,283.1047943,-75.06709252,0.080045797,,19.531,18.593
1815658700,283.0010949,-74.73771509,0.380752,,18.5376,17.673901
1815657782,283.0902782,-74.77360102,0.48414001,,18.277901,17.430401
1815658787,283.0441862,-74.68302343,0.278155,,19.914801,19.001499
1815659056,283.0102001,-74.66441457,0.329474,,19.356899,18.5352
1815659070,283.0693681,-74.65291406,-0.040929802,,19.7651,18.849899
1815659075,283.1412363,-74.634081,0.39629,,18.9319,18.030899
1815671348,282.9122881,-74.57148968,-0.051384799,,20.187799,19.298901
1815671355,283.0091598,-74.55440013,-1.133,,20.6602,19.751801
1815671393,283.1390945,-74.52694008,0.0040202499,,19.903999,18.9988
1815671496,283.0878959,-74.48520577,-0.16192199,,19.347601,18.508101
1815671894,283.1430384,-74.38009617,-0.18202201,,19.430799,18.6026
1815673012,283.0152199,-74.32185958,-0.17212,,19.781401,18.9326
1815673522,282.9540997,-74.18154915,0.22189,,18.5084,17.735701
1815677973,282.8484006,-74.06503367,0.23102599,,18.7827,17.871
1815678054,282.7748961,-74.02396267,0.0064618601,,18.708799,17.782801
1815624836,283.1235497,-75.96921733,0.052072901,,18.6842,17.858
1815625161,282.9847548,-75.9197798,-0.19702201,,19.065701,18.187099
1815628474,282.8361955,-75.85741334,0.150728,,18.402901,17.653099
1815628611,283.0990869,-75.74900611,0.19147401,,18.534401,17.6714
1815628869,283.0185816,-75.70273968,-0.085048102,,18.7743,17.9576
1815628855,283.1339338,-75.71379872,0.162653,,18.526501,17.645599
1815645037,283.0318969,-75.33144921,0.253611,,18.524599,17.6098
1815649688,283.0607691,-74.95425826,-0.0562017,,18.931601,18.002001
1815649691,283.0455828,-74.96969914,0.123903,,18.5905,17.624901
1815658699,283.0378444,-74.73913589,0.0270935,,18.760599,17.838301
1815657769,283.2333129,-74.77229331,0.0082691396,,18.3221,17.497299
1815658788,283.0522089,-74.68111591,0.27346,,18.767599,17.8232
1815659192,283.040878,-74.56779901,-0.0193465,,18.9027,17.9991
1815671451,283.0087841,-74.51738009,0.107679,,18.0966,17.1698
1815671500,283.2058266,-74.47565732,0.28694001,,18.377899,17.496799
1815671914,283.076859,-74.36465956,0.38839301,,18.209,17.303801
1815672995,283.0933362,-74.34001846,-0.22025301,,18.8305,18.049
1815673134,283.0475406,-74.25400059,-0.23134699,,18.654301,17.8162
467937122,282.8064287,-74.97777251,0.548105,,15.6941,14.7425
467931784,282.3631217,-75.42116647,-0.0063088802,,16.459999,15.7043
467936436,282.7771064,-74.05195924,0.473977,,17.0214,16.098101
467937691,282.598736,-75.82554925,0.35295999,,16.898199,15.9879
467931704,282.2774053,-75.53746322,0.49808401,,15.9489,15.127
467937782,282.5560495,-75.9545726,0.37129,,16.6278,15.7266
467937048,282.7795843,-74.86756536,0.35297999,,16.549801,15.6246
467937553,282.5753497,-75.62395107,0.386493,,16.332001,15.4232
467932756,282.3631679,-74.14177438,0.39894801,,18.0424,17.167801
467932154,282.4006991,-74.94744866,0.13958301,,17.3636,16.702999
467932600,282.5146435,-74.3137446,0.54489303,,17.1635,16.2362
467932680,282.4806032,-74.2226346,0.48276299,,17.1717,16.218599
467937050,282.6332548,-74.86796081,0.15279,,17.3508,16.386999
467937169,282.5934275,-75.04051868,0.20960701,,17.5982,16.6497
467937514,282.5560006,-75.56808676,0.39132899,,16.8391,15.919
467937556,282.6244936,-75.62686593,0.31731501,,17.058701,16.195601
467937686,282.8800368,-75.81945593,0.26775599,,17.1409,16.228901
467931703,282.4538543,-75.53753257,0.373458,,17.1101,16.2831
467931754,282.2194287,-75.4491048,0.266444,,17.5485,16.6346
467931779,282.4110919,-75.42686426,0.278312,,17.490101,16.75
467931782,282.4605367,-75.42183576,0.123561,,17.5198,16.778099
467931909,282.1666145,-75.28880344,0.144107,,17.8269,17.048401
467936397,282.8768101,-74.00227542,0.44369999,,17.379801,16.451799
467936854,282.8380118,-74.60131707,0.30915999,,17.5917,16.7083
467937579,282.6071781,-75.65530739,0.23254099,,17.9466,17.0285
467937171,282.807732,-75.04295567,0.212777,,17.611401,16.683399
467937177,282.780272,-75.05536674,0.28268301,,17.4562,16.496401
467937650,282.5583362,-75.7705824,0.194648,,17.6745,16.7533
467931705,282.4579429,-75.53542521,0.19707,,17.3302,16.455
467936527,282.6168595,-74.17255127,0.33490801,,17.5343,16.813801
467937745,282.5457674,-75.89736725,0.36718699,,17.871901,16.9522
467936497,282.6855094,-74.13913347,0.49604401,,16.313601,15.4419
467937468,282.5687664,-75.48318502,0.68916601,,15.2542,14.3614
467937690,282.6405954,-75.82498449,0.380898,,16.7596,15.8956
467931910,282.4839054,-75.28869324,0.94036102,,14.4872,13.5673
467937580,282.8290117,-75.65557794,0.54419899,,14.7459,13.9935
467937416,282.5341443,-75.41692894,0.83606797,,14.3138,13.5214
467931828,282.306338,-75.37205225,0.45955199,,16.493799,15.6161
467932280,282.525821,-74.76383785,1.11237,,14.5776,13.7343
467936501,282.8897936,-74.14410201,0.37505201,,16.681499,15.7674
467937176,282.7226125,-75.05330925,0.43837601,,15.4434,14.7115
467937307,282.9183911,-75.24102562,0.83554798,,15.2431,14.4139
467937687,282.8415821,-75.82027533,0.420699,,15.6097,14.7005
352006489,283.5048395,-75.59611183,0.285611,,17.651199,17.241501
352006568,283.4749323,-75.71732024,-0.040327098,,17.7885,16.8776
352006487,283.4353073,-75.59340191,0.227641,,17.080601,16.1952
352006620,283.699379,-75.81608699,0.200008,,17.1066,16.187799
352006441,283.6446915,-75.53571726,-0.0226897,,17.305799,16.5854
352006608,283.31789,-75.80150808,0.111252,,17.8999,17.0483
352006734,283.6010564,-75.98613177,0.15467399,,17.701099,16.866301
352006419,283.3557898,-75.50741792,0.426011,,16.974899,16.069099
352006733,283.4304719,-75.98569499,1.08681,,14.004,13.1843
352006443,283.5163024,-75.539609,0.062223099,,16.230301,15.4499
352006528,283.3506658,-75.65357395,0.345474,,16.4578,15.5644
352006420,283.5849312,-75.50934476,0.95296901,,14.3883,13.5045
352006480,283.3591879,-75.58497069,0.94589901,,14.4825,13.5982
352006522,283.4187105,-75.64746975,0.86166799,,14.5524,13.6467
352006442,283.6715155,-75.53680912,0.69201899,,15.4836,14.6035
352006488,283.3208201,-75.59545928,0.67797202,,15.8104,14.8957
352006527,283.5820218,-75.65217778,0.53187102,,15.3971,14.5165
352136777,285.3078682,-74.77758794,0.50947201,,18.1887,17.318199
352136501,285.0003327,-74.36660921,4.93998,,10.9006,10.2054
352137391,285.1099501,-75.64482016,3.8243201,,11.4521,10.606
311175239,257.7268676,-74.05133468,1.45597,,13.2465,12.4644
352136699,285.2686882,-74.66173976,1.9719501,,11.4719,10.7598
352137193,285.1188955,-75.35603699,0.83223301,,13.57,12.849
352136571,285.0080968,-74.47190739,1.57559,,13.2753,12.4766
352136725,285.1565805,-74.70858006,1.8235101,,13.7898,12.8966
352137231,285.1864874,-75.41421493,1.29029,,13.6943,12.8358
352136488,285.1590249,-74.3533314,0.248091,,16.4056,15.8452
352136627,285.2182841,-74.54679839,0.33495101,,16.5898,15.8222
352137341,285.1985208,-75.57279593,0.71093601,,15.1772,14.3974
352137197,285.0710255,-75.36248732,0.73427302,,14.7714,13.8854
352005371,283.6477423,-74.02804316,0.73586702,,13.8338,13.0118
352005524,283.406706,-74.25086236,1.07991,,13.8843,13.0388
352136648,285.1652906,-74.58999487,1.53478,,13.9827,13.0872
352137325,285.158522,-75.55466795,1.20551,,13.838,13.1043
352137499,285.2803597,-75.8093172,0.54499698,,15.8438,15.017
352136527,285.2116265,-74.39900144,1.00858,,14.0013,13.1816
352136572,284.9453452,-74.47265155,1.22663,,13.9827,13.161
352136666,285.2175005,-74.61200239,0.71332502,,15.0107,14.1213
352005556,283.3383802,-74.27713762,0.48220599,,15.9786,15.0698
311175235,257.7712218,-74.05064044,0.53515702,,15.7324,14.9068
352136624,285.1146907,-74.54390634,1.08057,,14.749,13.8274
352136649,285.2725161,-74.58995087,0.74374098,,15.0083,14.2105
352136653,284.9545106,-74.59158865,0.59674799,,15.8844,15.0074
352136696,284.9018894,-74.65438457,0.922939,,14.6909,13.7418
352136526,285.1615248,-74.39843347,0.68716002,,14.2092,13.4822
352136591,285.1094321,-74.49198021,0.63768297,,15.0797,14.1848
352136630,285.0339695,-74.55459231,0.458902,,14.68,13.8816
352137410,285.1813501,-75.67406349,0.98519999,,15.119,14.198
352137509,285.2113006,-75.82343607,0.68742597,,15.1631,14.3384
352137511,285.2886647,-75.82655433,0.210751,,14.8566,14.3686
352005373,283.31129,-74.03017261,0.45922601,,16.2605,15.3629
352025345,284.2450671,-75.14859297,0.46414199,,16.342899,15.4272
352136672,285.2051436,-74.62391716,0.438521,,16.327,15.4185
352137382,285.2787994,-75.63622928,0.56197798,,16.1087,15.2294
352137470,285.2881711,-75.76858653,0.49670199,,15.9553,15.0997
352137494,285.1331137,-75.80267281,0.50751698,,15.8652,14.9761
352136574,285.2598928,-74.47497632,0.36714,,16.4921,15.6657
352136577,285.0093564,-74.47912821,0.59905398,,15.1136,14.2981
352136756,285.2868515,-74.74406961,0.61585599,,16.459,15.525
352136887,285.0415424,-74.9328416,0.51590401,,16.272499,15.3372
352137236,285.1647122,-75.41956343,0.46607101,,16.309,15.414
352137508,285.246265,-75.82097507,0.63662601,,15.3321,14.5675
352137154,284.9466148,-75.28512916,0.361334,,17.176201,16.274099
352136651,285.0587915,-74.59088261,0.67404598,,16.4769,15.5528
352137319,284.9046554,-75.54993484,0.41534799,,16.5516,15.6634
352137293,285.0624209,-75.5048968,0.47140199,,16.7017,15.8279
352005467,283.3994006,-74.17005071,0.27563801,,16.8778,15.9725
352005561,283.6483175,-74.28201182,0.38857901,,16.618799,15.7201
352005597,283.3303179,-74.32286743,0.52651203,,17.065001,16.176399
352136702,284.9568956,-74.66533753,0.349309,,16.717699,15.8248
352136936,285.0985735,-74.99270504,0.450104,,17.6112,16.720501
352136626,285.0708354,-74.54620246,0.43669,,17.3706,16.4771
352136739,285.1696502,-74.72284426,0.17009801,,16.791401,15.871
352137501,285.106272,-75.81133704,0.21251,,17.036699,16.169399
352136889,285.2514369,-74.9346534,0.38936099,,16.6068,15.7302
352137381,285.1743091,-75.63553574,0.39971501,,16.9408,16.062401
352136755,285.2280409,-74.7424463,0.93944502,,15.2728,14.3562
352137463,284.9199115,-75.74904975,0.57030201,,16.6432,15.7706
352136476,285.0716152,-74.33225564,0.31816801,,16.3846,15.4523
352137088,284.9372624,-75.19575481,0.437269,,16.6663,15.7594
352137389,285.0504462,-75.63955435,0.515288,,16.4104,15.5414
352137460,285.168798,-75.74170531,0.54316199,,16.268101,15.3826
352136686,285.1517162,-74.64149916,0.269611,,16.7633,15.9765
352005912,283.5272105,-74.71865471,0.370157,,17.1544,16.363501
352137350,285.2782014,-75.58258938,0.33840799,,17.383301,16.534
352005368,283.3998957,-74.0232202,0.319141,,17.5002,16.5714
352006162,283.6269527,-75.10004459,0.41922599,,17.2216,16.303499
352025056,284.0649427,-74.9370737,0.25513601,,17.1598,16.2591
352137464,285.2850074,-75.75016437,0.109546,,17.5054,16.5821
352136414,284.9444208,-74.2564707,0.177215,,17.433701,16.5193
352005874,283.4954413,-74.67856775,0.234264,,16.713301,15.7919
352136608,285.0606995,-74.51440196,0.41593099,,17.0501,16.1702
352136827,285.2727512,-74.85011324,0.35067701,,17.215599,16.2864
352137429,284.9819344,-75.69920511,0.43524,,16.961,16.0704
352024891,284.3782907,-74.82828966,0.108457,,18.2299,17.313499
352137062,285.0324309,-75.16111085,0.0082197897,,17.4904,16.6766
352005993,283.4183405,-74.84033815,0.176544,,18.1929,17.258499
352005749,283.5692025,-74.51207811,0.102205,,18.243999,17.316999
352005914,283.5120754,-74.72710834,0.143957,,17.725201,16.930901
352077750,284.2878242,-75.80830279,-0.00522321,,17.855,16.971201
311175094,257.563345,-74.00214623,0.220172,,17.733,16.902201
311175159,257.4272435,-74.02450856,0.17859299,,17.5669,16.705999
352136583,285.2045122,-74.48344903,0.42405501,,17.455601,16.5368
352136785,285.2041532,-74.78439926,0.35975501,,18.208401,17.320499
352136970,285.030856,-75.04191645,0.25379801,,18.421,17.5089
352137058,284.9270446,-75.1518583,-0.068315201,,18.0965,17.2229
352137320,285.148538,-75.55050953,0.223415,,18.0571,17.1803
352136524,284.9429838,-74.39745008,0.136957,,18.3813,17.524599
352136668,285.0493328,-74.61959347,0.175558,,18.074301,17.146099
352137292,285.1188825,-75.50321703,0.242966,,17.447599,16.538401
352137316,285.1960653,-75.54679771,0.216675,,18.117399,17.248301
352005647,283.6548752,-74.38372314,0.053465199,,18.022699,17.1576
352005700,283.6221548,-74.46103577,0.40163901,,17.549801,16.695601
352006046,283.3659726,-74.92506308,0.25977299,,17.643101,16.7234
352024161,284.3173651,-74.30629901,0.40441501,,17.9251,17.053699
352136650,285.1016088,-74.59049602,0.11466,,18.0035,17.200701
352136743,285.1298474,-74.72751423,0.27998,,17.5536,16.660999
352136774,285.2591541,-74.77094709,0.207867,,17.7677,16.8298
352137018,285.1861901,-75.10185891,0.289244,,17.807301,16.939301
352137056,285.2860071,-75.14953067,0.35367399,,17.6838,16.7791
352137522,285.0311099,-75.84908001,0.452353,,17.698099,16.8067
352136478,284.9401982,-74.33650486,0.127382,,17.8197,17.011101
352136492,285.2461308,-74.35881587,0.216824,,17.347601,16.4783
352136573,285.2211871,-74.47295584,0.181114,,17.853901,16.916
352136661,285.2014563,-74.60110313,0.29280201,,17.507099,16.5968
352137087,285.2847823,-75.19525379,0.34999499,,17.6229,16.7355
352137239,285.1093706,-75.42161407,0.162193,,17.5688,16.7227
352137392,284.955061,-75.6449435,0.26438001,,17.472,16.5914
352005384,283.6554501,-74.04917305,-0.14374299,,18.441799,17.5056
352024123,284.3583801,-74.26445201,-0.0251872,,17.3948,16.546
352137334,285.0218631,-75.56643671,0.359175,,17.503599,16.6108
352136667,285.2160038,-74.6174097,0.434944,,17.841101,16.9526
311175128,257.4590503,-74.01724441,0.262961,,17.618099,16.769699
311175141,257.6616119,-74.02059727,0.14708599,,17.9174,17.0716
311175237,257.557799,-74.05122353,0.323412,,18.160801,17.309601
352136673,284.9346456,-74.62620299,0.26475799,,18.0378,17.140499
352136523,285.115655,-74.39676841,0.42886999,,17.712,16.774599
352136780,285.1695921,-74.78016131,0.18980201,,18.270599,17.3542
352136494,285.0672727,-74.35989221,-0.058777802,,18.2036,17.3568
352136537,284.9207028,-74.42258423,0.239034,,18.5343,17.6278
352136720,285.0005499,-74.69984203,0.31861499,,18.243799,17.300501
467931768,282.2535577,-75.43483016,0.522026,,17.634399,16.7882
1815626626,281.5385478,-75.92484114,-0.42186499,,19.9711,19.074499
1815627303,281.6158562,-75.86560429,-0.59950799,,20.0306,19.113701
1815627616,281.3695388,-75.83574551,-0.58034599,,20.2463,19.389799
1815642546,281.4058252,-75.69621091,0.0669671,,19.753901,18.786699
1815642623,281.442093,-75.66151564,0.29268599,,19.886101,19.0336
1815642630,281.4517169,-75.64783819,0.223993,,19.3943,18.4629
1815645477,281.4137002,-75.51777179,0.12753101,,19.191999,18.2404
1815644322,281.6412664,-75.58205476,0.045482501,,19.867599,19.0149
1815645493,281.5137169,-75.48218317,0.453179,,20.1714,19.256701
1815645640,281.6386404,-75.4079032,0.448387,,18.5963,17.680099
1815645957,281.3338861,-75.36653852,0.38245299,,19.6215,18.686199
1815645960,281.3984535,-75.35296551,0.142215,,20.150299,19.3036
1815648698,281.3588233,-75.27772532,0.38192299,,18.9874,18.1318
1815648833,281.4446918,-75.20334659,-0.14389101,,19.9844,19.055401
1815649114,281.5390249,-75.15234493,-0.189456,,19.6471,18.687901
1815649194,281.4022213,-75.11338794,0.127739,,19.860001,18.9196
1815650195,281.3991226,-75.06564607,0.27044401,,19.9632,19.067801
1815650200,281.372065,-75.06474214,0.400792,,20.198,19.2708
1815650502,281.0462305,-75.05528873,-0.042825501,,19.6353,18.7089
1815650687,281.3816331,-74.93186218,0.40812299,,18.5744,17.692301
1815650699,281.3954082,-74.91546878,-0.75641,,20.165501,19.209999
1815664416,281.3297225,-74.85599294,-0.38629001,,19.863199,19.038099
1815664627,281.4395212,-74.79829076,0.65378398,,19.8022,18.8678
1815664629,281.4800351,-74.79216882,0.0024340099,,20.1175,19.2875
1815664631,281.4345222,-74.78862953,-0.30691099,,19.8367,18.888201
1815664915,281.5044358,-74.75171123,0.42075399,,18.972601,18.1938
1815666013,281.4467626,-74.64811618,0.38934401,,19.5588,18.6038
1815666037,281.4318882,-74.64079047,0.523103,,18.889601,17.9676
1815666087,281.326343,-74.63718852,0.21626,,19.157101,18.312799
1815666501,281.3608179,-74.4809676,0.492414,,19.227699,18.3011
1815666554,281.5824022,-74.44178378,0.59813303,,19.234699,18.2763
1815666558,281.625746,-74.43349039,0.145753,,18.937,18.1486
1815668609,281.4394901,-74.40723456,0.44463101,,19.8848,18.9956
1815668641,281.4822781,-74.37032097,0.45431599,,19.308701,18.321899
1815668881,281.4485881,-74.34283014,-0.17969701,,20.182199,19.217699
1815669032,281.7490187,-74.39715203,0.26547,,19.1031,18.149
1815670031,281.4900109,-74.20771182,0.37568399,,19.2066,18.2176
1815671065,281.4599503,-74.04102574,0.41697699,,18.275801,17.349001
1815671066,281.4837129,-74.03236245,0.386085,,18.9589,18.148001
1815671072,281.5774426,-74.02787123,0.031565402,,19.923201,19.0327
1815684868,281.4809515,-74.02038035,-0.47370699,,20.5779,19.6709
1815684871,281.453919,-74.01110054,0.085683301,,19.8636,19.0371
1815665745,282.4365618,-74.50964448,0.240371,,18.969801,18.1448
1815665752,282.3668846,-74.50228186,0.148559,,19.9776,19.168301
1815667284,282.3851106,-74.29567436,0.0058545601,,19.242201,18.362499
1815669285,282.4991934,-74.2050136,0.48528901,,19.375799,18.5243
1815669624,282.4032008,-74.15601707,0.22075699,,18.876801,18.134501
1815677953,282.6682333,-74.06535001,0.37456101,,19.2495,18.316401
467931826,282.5014448,-75.3734856,1.90896,,12.5541,11.7565
345174986,281.6414599,-75.1000986,1.7656,,13.3301,12.4713
345175150,281.6288666,-75.3133549,1.8679,,13.7973,12.8878
345175215,281.3600561,-75.42825562,2.1521399,,11.7279,10.8962
467932329,282.3389769,-74.68705082,1.4790699,,13.1702,12.5096
467932451,282.2052779,-74.51680908,1.28248,,12.8761,12.0014
467931657,282.2607725,-75.62619004,0.44643,,16.2192,15.326
467931810,282.4742763,-75.39259481,0.45987999,,16.9657,16.066601
345174708,281.6221041,-74.67468072,0.78134298,,15.4499,14.5409
345175388,281.7380574,-75.68735914,0.54786998,,15.1259,14.2276
345174694,281.7351577,-74.65234924,0.39196301,,16.280001,15.3165
345175020,281.3655899,-75.14522197,0.87022901,,14.1021,13.1756
345175152,281.6976885,-75.31730469,0.758807,,15.2623,14.3215
467931613,282.3717465,-75.68316119,0.54113698,,15.9436,15.0317
467931766,282.4968037,-75.43678102,0.91749197,,14.9142,14.0311
467931877,282.3703646,-75.31767436,1.29116,,14.5234,13.6262
467932051,282.2572807,-75.09259249,0.59561998,,15.4739,14.544
467932080,282.4584987,-75.0470458,0.64861602,,15.6324,14.737
467932353,282.2733313,-74.66357989,0.59509498,,15.3626,14.4423
467932360,282.247451,-74.65060885,0.81095397,,15.0809,14.1461
467932674,282.463051,-74.23132367,0.936068,,15.7102,14.7593
467931748,282.3710566,-75.46392508,1.08843,,13.4821,12.7467
345174834,281.6255372,-74.8875576,0.55171102,,16.5208,15.6197
345174939,281.7151412,-75.02797144,0.481013,,16.885201,15.9361
345175021,281.7321294,-75.14527739,0.60162598,,16.8158,15.8869
345175482,281.4031354,-75.8262496,0.41476801,,17.059099,16.129601
467931638,282.275693,-75.64604589,0.91659701,,15.0952,14.1961
345174833,281.6314502,-74.88679288,0.39414299,,17.1604,16.1814
467932014,282.4040816,-75.14873209,0.61224401,,16.0833,15.1537
345174878,281.6254057,-74.93884011,0.23233999,,16.440901,15.4889
467931655,282.1980765,-75.62657779,0.39375901,,16.476999,15.5546
467931869,282.2075794,-75.3300932,0.34204701,,16.692301,15.7752
467931918,282.2788552,-75.27904354,0.365311,,16.381399,15.4481
467932269,282.1654308,-74.78268119,0.58210802,,16.3374,15.4151
345174956,281.7018849,-75.04659146,0.374612,,17.6418,16.7106
345174879,281.6417736,-74.93954655,0.331393,,17.2834,16.3335
345175370,281.5673846,-75.66595659,0.41978601,,17.1593,16.2661
345175470,281.6639026,-75.81038573,0.33281299,,17.399599,16.4526
345202620,281.9033918,-74.56489494,0.43276101,,16.9167,15.9629
467931806,282.2188484,-75.39632679,0.497466,,16.863501,15.9568
467931807,282.3842111,-75.39609593,0.20340499,,16.9589,16.038601
467932016,282.3923103,-75.14457899,0.27869299,,16.7658,15.891
467932270,282.4914899,-74.77991687,0.30375299,,16.983601,16.0383
467932515,282.1806948,-74.41965738,0.33853099,,16.9186,16.0942
467932649,282.2851788,-74.25559445,0.378012,,17.405001,16.4492
467931809,282.4708505,-75.39271042,0.300356,,17.017099,16.103201
345175591,281.707627,-75.98367613,0.10935,,18.4732,17.539499
345174830,281.7244996,-74.88469715,0.35197899,,17.906799,16.965799
345175015,281.4488361,-75.13502851,0.28003901,,18.3207,17.346201
345175082,281.4885887,-75.23049579,0.212244,,18.174,17.2174
345175154,281.4403543,-75.31833913,0.47281501,,18.010401,17.0702
345175159,281.7280373,-75.32956234,0.32965201,,17.7838,16.914
345175550,281.5946672,-75.92115491,0.52081603,,17.213499,16.2638
179998587,11.23909846,-75.20388327,-0.00576413,,18.091499,17.243099
467931443,282.1695212,-75.961683,0.25485399,,18.2131,17.359301
467931508,282.4479359,-75.85850584,0.29546401,,17.9207,17.0522
467931661,282.3756077,-75.6204066,0.176852,,17.6604,16.7365
467931805,282.1876777,-75.39865664,0.18833099,,18.080299,17.1861
467931872,282.3782473,-75.32292087,0.224829,,17.632299,16.721001
467931880,282.4109186,-75.3150248,0.222505,,17.804899,16.9517
467931990,282.5215587,-75.17092553,-0.0243806,,18.032301,17.098301
467932033,282.2811289,-75.12477595,0.297187,,17.420799,16.4753
467932300,282.4451233,-74.73961502,0.32699099,,18.2796,17.3559
467932449,282.5281565,-74.51958402,0.144445,,18.010599,17.060499
467932555,282.4915197,-74.36894749,0.133724,,17.788,16.842899
467932795,282.3260971,-74.0972189,0.49327001,,17.569,16.6098
467932867,282.253576,-74.0217637,0.27633101,,17.866899,17.0226
467931770,282.2334438,-75.4337023,0.15464,,17.995399,17.1138
345175022,281.7269078,-75.146118,0.20584901,,17.507601,16.555599
467931764,282.1329009,-75.43771547,0.175956,,18.017599,17.1217
467932218,282.1561905,-74.85737218,0.209635,,17.6297,16.707399
345174836,281.4838014,-74.89103613,0.27146801,,18.5114,17.549101
179997969,11.15421829,-74.51908221,-0.0195223,,17.5506,17.1922
467931804,282.3824366,-75.39891727,0.194876,,17.9856,17.100599
467931874,282.5059869,-75.32156434,0.28532901,,17.685801,16.7714
467932019,282.1061498,-75.1424755,0.160708,,18.188601,17.3566
1815627296,281.6201862,-75.86903909,0.151916,,18.258301,17.3547
1815627613,281.3931582,-75.83689142,0.108267,,18.6322,17.679399
1815627623,281.429299,-75.81013244,-0.0276099,,19.0413,18.1364
1815627633,281.5920036,-75.78246265,-0.076619402,,18.800501,17.903999
1815645869,281.4134068,-75.39231747,-0.042595901,,18.775,17.8419
1815648776,281.3162986,-75.24494039,0.0265754,,18.320601,17.4575
1815649107,281.4443798,-75.14768993,0.191825,,18.908501,17.9564
1815649185,281.5523962,-75.10418853,-0.470283,,19.382401,18.4142
1815650279,281.382389,-75.02507514,0.17332,,18.577,17.650801
1815650681,281.4195526,-74.93632762,0.24280301,,18.5916,17.710699
1815664395,281.3421358,-74.87735852,-0.152853,,19.077299,18.255501
1815664635,281.3969888,-74.79652826,-0.119066,,18.577999,17.6364
1815664536,281.4471549,-74.84707997,0.092265397,,18.8067,17.8615
1815664628,281.4643921,-74.79678517,0.22441401,,18.617399,17.6842
1815666134,281.4874173,-74.56503213,-0.0217179,,19.213499,18.291
1815666515,281.4867101,-74.48542022,0.151355,,18.3528,17.403999
1815666555,281.5733685,-74.44021807,0.0069973501,,18.5816,17.623699
1815668527,281.493952,-74.40027022,-0.077236697,,19.1668,18.2218
1815668516,281.5368522,-74.43480235,-0.327537,,18.999901,18.0758
1815668902,281.4241388,-74.32958885,-0.051346999,,18.6943,17.7491
1815669028,281.6867134,-74.40264474,-0.40264001,,19.611099,18.632999
1815669030,281.7179911,-74.40447795,-0.0837925,,19.251101,18.269501
1815670674,281.4619771,-74.14371886,0.051309701,,18.474899,17.511801
1815670683,281.6694497,-74.11498669,0.104896,,18.964001,18.079399
1815671059,281.4294961,-74.04529051,0.37686101,,18.580999,17.5979
1815684896,281.4547733,-74.0002843,0.324325,,18.576599,17.630501
1815665744,282.4457347,-74.51129202,0.166045,,18.7878,17.8703
1815665767,282.3964103,-74.49455579,0.094678402,,18.744301,17.802
1815665803,282.6289404,-74.44933842,-0.079045199,,18.766001,17.872499
1815666854,282.3254225,-74.43193673,-0.0242173,,18.501101,17.556
1815666896,282.4124252,-74.38301176,0.176957,,18.664801,17.7097
352000981,283.2029463,-75.81113612,0.073813803,,16.682301,15.9528
422139877,280.8814991,-74.88879196,0.38068101,,18.0511,17.2523
1815624596,282.7541961,-75.97009508,0.196025,,18.838699,18.1402
1815624602,282.8665727,-75.96225502,-0.91232699,,20.218399,19.377001
1815624688,282.6549484,-75.94986258,0.23395599,,18.784401,17.9785
1815624693,282.706458,-75.94020163,0.042228699,,20.0065,19.127701
1815627977,282.6540787,-75.90685297,0.30829501,,20.0261,19.1577
1815628080,282.5587317,-75.8553659,0.19074,,18.8286,17.9849
1815628419,282.6836084,-75.75317678,-0.45852399,,19.996799,19.187799
1815628425,282.6602685,-75.7478269,0.23384,,19.8363,19.049101
1815628450,282.9264157,-75.87368354,0.204597,,18.867701,18.0389
1815629513,282.6181707,-75.63199994,-0.207367,,19.7162,19.0161
1815629885,282.7109935,-75.68830159,0.215919,,19.249399,18.362499
1815629985,282.7454261,-75.62139672,-1.51328,,20.8311,19.9207
1815630245,282.6649387,-75.60222697,0.25330701,,19.0292,18.2194
1815630359,282.7239532,-75.50532566,-0.13778199,,20.2971,19.3967
1815644701,282.5337077,-75.50263222,0.32312199,,19.775801,18.9361
1815644731,282.5200128,-75.49066975,-0.167787,,19.505199,18.6998
1815644833,282.591204,-75.41954207,-0.139357,,19.9149,19.0271
1815644834,282.6068117,-75.41551665,-0.369138,,19.690001,18.792999
1815645154,282.6593885,-75.34634393,-0.61201298,,19.927401,19.172701
1815645206,282.6194881,-75.34428177,-0.615915,,20.091999,19.173201
1815645230,282.5316341,-75.3130881,-0.119349,,19.1217,18.32
1815645242,282.6494217,-75.32156804,0.23383699,,19.9116,19.0944
1815646285,282.6491086,-75.27861472,-0.75374901,,20.140301,19.255899
1815646287,282.6939356,-75.27914168,-0.033782501,,19.713699,18.8654
1815646390,282.674722,-75.20715948,-0.37958899,,20.2593,19.4086
1815646781,282.6305345,-75.10025202,0.30763,,19.2647,18.4046
422139106,280.7625205,-74.08565662,0.340251,,18.361401,17.375999
1815627978,282.7061994,-75.8999591,-0.070599802,,18.502001,17.586201
1815628082,282.5392929,-75.85954233,0.0384648,,18.295401,17.5382
1815628328,282.4305838,-75.81112988,0.247482,,18.7544,17.836599
1815629385,282.5146781,-75.72302948,0.169001,,18.513599,17.6287
1815629887,282.7508534,-75.68368084,0.0422015,,18.6717,17.761299
1815644827,282.6414298,-75.41915637,0.145814,,18.549,17.668699
1815646422,282.6904221,-75.18810136,-0.087142698,,18.687,17.818199
1815649478,282.6402036,-75.06937342,0.0143355,,18.9963,18.0504
1815627998,282.5856217,-75.89345485,0.0110173,,19.052601,18.1474
422140133,280.7679144,-75.15857637,0.24072801,,17.207001,16.438999
345175227,281.5283175,-75.44924123,0.41604701,,17.1427,16.233601
422139412,280.6887678,-74.37824225,0.35043401,,18.4349,17.455601
422139828,280.7687904,-74.84046621,0.29097101,,18.280199,17.3843
422139875,280.9614082,-74.887769,0.077390298,,18.5341,17.608601
422139486,280.9787013,-74.45718798,0.316861,,18.2206,17.2843
345175481,281.5120048,-75.82336204,0.442693,,17.6936,16.7446
345175535,281.3700256,-75.8944962,0.350198,,16.878901,16.055099
422139312,280.6200426,-74.28366053,0.72039801,,17.069799,16.0979
345175492,281.6172359,-75.83898785,0.52886897,,16.3892,15.4175
345175478,281.657104,-75.82139247,1.46452,,13.4603,12.6107
422139487,280.8558913,-74.45745493,,,12.283,11.4494
345175410,281.5388928,-75.71737229,0.99013102,,14.5159,13.6206
422139413,280.7700993,-74.37870854,0.31156999,,16.1196,15.3391
422139485,280.8773854,-74.45723947,1.0428801,,14.9084,13.954
345175574,281.3635925,-75.95030636,0.55803102,,15.2393,14.3429
1815642855,280.8182243,-75.64266768,0.495976,,18.4084,17.4319
1815663214,280.8299289,-74.98072424,0.28099999,,18.7225,18.0783
1815663594,280.8436365,-74.85775539,0.20089599,,20.069201,19.162201
1815663600,280.8479946,-74.85035428,-0.46900499,,20.1609,19.2652
1815627255,281.3879159,-75.90155778,0.069148399,,19.258499,18.2918
1815627601,281.2996292,-75.82048676,-0.071504198,,19.2924,18.451799
1815642520,281.3834516,-75.71409077,-0.468211,,20.050699,19.208599
1815642557,281.470634,-75.67284779,-0.35203099,,20.2607,19.330799
1815642989,281.3454764,-75.57772608,-0.687617,,20.1947,19.338301
1815642990,281.3372713,-75.57499562,-0.65604699,,20.526899,19.5854
1815642998,281.1604022,-75.58464522,0.23739199,,19.821501,18.8472
1815643482,281.2975654,-75.51125396,0.46893299,,19.439501,18.571899
1815643596,281.332988,-75.45434005,0.412388,,19.8836,19.034
1815643599,281.2453719,-75.45882408,0.190485,,19.602301,18.6509
1815645883,281.2979547,-75.39379592,0.0011193299,,19.1707,18.3605
1815645592,281.3754028,-75.46525829,0.018269399,,20.145901,19.2208
1815645603,281.5325908,-75.43897276,-0.170479,,19.5893,18.6588
1815648664,281.2796237,-75.32869365,0.33011901,,19.363501,18.537901
1815648681,281.4581177,-75.27548602,0.35157299,,18.753799,17.8622
1815648759,281.236688,-75.26781164,-0.252792,,19.682199,18.8909
1815649028,281.2681624,-75.22416913,0.17238399,,18.8881,18.0165
1815649066,281.3005886,-75.18488171,0.35437599,,18.7045,17.785999
1815649070,281.3013691,-75.17312251,0.14577,,19.632999,18.856199
1815649076,281.4193393,-75.19539983,0.134032,,19.0247,18.096001
1815649081,281.5034315,-75.18214193,0.29610699,,18.838301,17.877001
1815649169,281.348224,-75.11956138,-0.057669401,,20.1798,19.2547
1815650134,281.2620688,-75.11388336,0.19778401,,19.5602,18.646299
1815650211,281.4842497,-75.03585808,0.65017003,,19.4266,18.5368
1815650225,281.2178162,-75.07509432,0.14972401,,19.114799,18.2677
1815650571,281.4770248,-74.97464671,-0.229367,,19.783701,18.8218
1815650603,281.3962152,-74.95776676,0.63287503,,19.4737,18.5516
1815650607,281.456795,-74.95468015,0.39290699,,19.6672,18.692699
1815664392,281.4372917,-74.87034249,-1.0954,,20.5833,19.6691
1815664481,281.4182305,-74.83429915,0.127711,,19.226,18.2584
1815664798,281.3193129,-74.76679666,0.28981301,,18.930599,17.959299
1815665997,281.3185134,-74.67686129,0.064265102,,19.2682,18.313801
1815665998,281.3190141,-74.67193776,-0.23300999,,19.891701,19.123301
1815666357,281.2711352,-74.5893219,-0.19027101,,20.145,19.162901
1815668471,281.3183128,-74.48244314,0.22442301,,18.907301,17.9708
1815668572,281.2966875,-74.41879523,-0.64106101,,19.533899,18.741199
1815668850,281.3286219,-74.35761455,-0.31256601,,19.634399,18.685499
1815668912,281.4835693,-74.29792547,0.53583401,,18.562201,17.6287
1815668995,281.4625426,-74.28310152,-0.392259,,19.7197,18.8412
1815669000,281.5137584,-74.26756013,-0.55906999,,20.677401,19.7159
1815670010,281.4936737,-74.23235738,0.33435801,,18.5842,17.752001
1815670011,281.484382,-74.23205948,0.46658501,,19.519199,18.607599
1815670096,281.2634406,-74.22789284,0.322281,,19.388901,18.5128
1815670097,281.2713665,-74.22687105,0.12773,,20.4918,19.570601
1815670147,281.3466936,-74.16293568,0.423792,,18.950199,18.016199
1815670392,281.4210104,-74.14511356,0.36184999,,19.809401,18.969999
1815670393,281.4379957,-74.14224166,0.41442299,,20.3374,19.3645
1815670435,281.3890858,-74.10339315,-0.081598498,,19.5061,18.613899
1815670514,281.2175252,-74.10817239,-0.136031,,20.241699,19.268
352001220,283.3032806,-75.43695497,0.66589701,,18.0198,17.144501
352002171,283.3071107,-74.004941,0.55696702,,18.0432,17.135201
1815627567,281.1896073,-75.86124696,0.13771001,,18.5366,17.690901
1815627644,281.4145883,-75.79256233,-0.144345,,19.149799,18.287001
1815642903,281.2297859,-75.63696697,0.27096999,,18.4034,17.437799
1815645964,281.285531,-75.36251709,0.25630301,,18.3573,17.413601
1815648711,281.5285494,-75.27257227,0.14029001,,17.8004,16.8461
1815650129,281.2418971,-75.12250273,0.12689701,,18.277,17.4181
1815664507,281.3029958,-74.81687541,0.16361199,,18.7943,17.824499
1815664772,281.3054055,-74.77940161,-0.0221972,,18.761999,17.802999
1815664781,281.213994,-74.78527375,0.119474,,18.7108,17.7838
1815666405,281.569645,-74.5393921,0.254008,,18.4016,17.438999
1815668508,281.4178681,-74.45252647,0.181963,,18.3342,17.4133
1815668593,281.3110715,-74.3970705,0.16348501,,18.778099,17.8295
1815670146,281.3390547,-74.16648302,0.293504,,18.5863,17.6877
1815670372,281.1707047,-74.14890082,-0.19240101,,18.485399,17.528299
1815670971,281.672329,-74.07825819,0.0274511,,18.584,17.6647
1815671000,281.6793152,-74.06077084,0.18726701,,18.527399,17.6001
352001082,282.9972944,-75.65827825,0.305159,,17.858,16.9445
1815670525,281.3515149,-74.07989463,-0.20339701,,19.491301,18.5175
352005696,283.5523818,-74.45695962,0.41036299,,17.939899,17.131599
352001705,283.2857731,-74.67096276,0.075215697,,18.0179,17.082399
352001025,283.2305321,-75.76316151,0.180655,,17.3053,16.475401
352001093,283.1152651,-75.64231076,0.28027099,,17.650101,16.763399
352001684,283.0213759,-74.69933668,0.350429,,17.8668,16.9468
352001072,283.1352934,-75.68775824,0.109076,,17.216299,16.5282
352001124,283.2004204,-75.5956637,0.33672601,,16.933399,16.078501
352001125,283.3001598,-75.5951945,-0.191755,,18.216,17.310699
352001417,283.1744203,-75.12374308,0.35479999,,17.1138,16.2043
352001599,283.1234152,-74.85289232,0.39651799,,17.387199,16.4345
352001665,282.9476203,-74.74287128,0.29927999,,17.0646,16.1392
352001728,283.1216396,-74.64291713,0.22643401,,17.0744,16.225901
352001773,283.089572,-74.57741975,0.553379,,16.7187,15.8441
345088052,281.3169129,-74.87627456,0.109757,,18.0445,17.1056
179989899,11.11326224,-74.59862572,-0.0047756899,,18.1084,17.300301
352001152,283.2751455,-75.54527942,0.270715,,17.365499,16.599501
352001222,283.3034006,-75.43562127,0.39677101,,17.342899,16.4827
352001223,282.9474223,-75.43456275,0.25866899,,17.4167,16.533199
352001319,283.1660668,-75.27622035,0.375283,,17.7833,16.952999
352001383,283.0526447,-75.17152444,0.31571999,,18.156601,17.2239
352001569,283.0784415,-74.89050514,0.47185799,,17.2815,16.320299
352001704,282.9339799,-74.67225748,0.12985601,,17.927601,17.0364
352001729,282.9421948,-74.63918244,0.32863301,,17.6541,16.736401
352006060,283.3981977,-74.94815249,0.38715699,,18.2297,17.323299
352005421,283.5270257,-74.08042141,0.157922,,18.0632,17.171301
352006084,283.5133517,-74.98732929,0.350252,,17.941601,17.0254
352005659,283.6931659,-74.40295513,0.127316,,17.2381,16.306
352001815,283.0676237,-74.5311715,0.292997,,17.493299,16.635799
352005400,283.4734605,-74.0622924,0.23726501,,17.2139,16.2701
352005515,283.4902481,-74.2347798,0.3592,,17.197901,16.313
352006213,283.6789355,-75.15929996,0.27540299,,16.6565,15.9702
352005796,283.4023715,-74.57464897,0.37725499,,16.8561,15.9883
352001896,283.1488131,-74.39316426,0.223481,,17.8673,17.0023
352001952,282.9352905,-74.31312982,0.00507358,,17.5718,16.9053
352002055,283.1593007,-74.1722791,0.183365,,17.9508,17.073099
352002056,282.9376108,-74.17149864,0.20062201,,17.572399,16.703699
352002071,283.279837,-74.15402022,0.25709799,,17.799801,16.9174
352002098,283.1877002,-74.12166669,0.211565,,17.4965,16.6157
352001429,283.1517853,-75.10334405,0.33510199,,18.162701,17.2096
352006130,283.562963,-75.04501444,0.25956699,,18.457001,17.546301
352005527,283.6623485,-74.25351196,-0.20411099,,18.0294,17.184799
352001048,283.2453639,-75.71766144,0.147919,,17.5833,16.6737
352005667,283.4286398,-74.40862217,0.35773399,,17.721001,16.8125
352005693,283.4117609,-74.45035725,0.287828,,18.0327,17.1285
352005698,283.5049158,-74.45812247,0.20410199,,17.743799,16.859699
352005733,283.5281287,-74.49755659,0.151096,,17.701401,16.8978
352001094,283.040531,-75.64231077,0.268388,,17.1012,16.3291
352001743,282.9803432,-74.61351075,0.24268401,,17.266701,16.3514
352001092,283.165233,-75.6438068,0.25472599,,16.8134,15.9458
352005760,283.6359944,-74.52983448,0.36384901,,17.5277,16.606701
352005888,283.6493481,-74.6870442,0.289882,,17.7792,16.864599
352001096,282.9904282,-75.64071946,0.40448299,,16.5854,15.7345
352001976,283.0951375,-74.28713617,0.381145,,16.7251,15.8264
352006010,283.6967483,-74.86852288,0.197348,,18.09,17.166901
352006153,283.6202694,-75.0851721,0.13776401,,18.179199,17.279499
352002122,283.1193948,-74.0742624,0.237358,,16.6117,15.7158
352001511,282.9719788,-74.98239581,0.71849197,,15.0355,14.1337
352001415,282.9422892,-75.12629201,0.392326,,16.636999,15.6977
352001462,282.9231705,-75.05158559,0.488267,,16.278099,15.3156
352006064,283.569327,-74.95385393,0.0332155,,16.993401,16.3591
352005474,283.6779579,-74.17756998,0.276057,,17.523199,16.644501
352005509,283.4878791,-74.22921819,0.237234,,16.1145,15.5101
352005517,283.5372906,-74.23946738,0.62649798,,16.5247,15.6749
352005552,283.3286362,-74.27492738,0.49416199,,16.695299,15.8092
352005554,283.4730519,-74.27602409,0.26712,,16.9317,16.059
352005662,283.6412663,-74.40363891,0.394407,,16.815201,15.8831
352005730,283.4473139,-74.4947166,0.21002799,,17.1101,16.2481
352005919,283.6840709,-74.73548,0.343337,,16.646799,15.7295
352006083,283.4694107,-74.984795,0.380923,,16.439899,15.5213
352006204,283.4784599,-75.14554002,0.50195098,,15.938,15.1919
352005841,283.4038265,-74.63385407,0.48490599,,16.736601,15.802
352005579,283.4350842,-74.30096095,0.80160201,,13.3549,12.6942
352005626,283.3651738,-74.35777989,0.87293899,,13.8229,12.9155
352006131,283.4914246,-75.04504504,1.69392,,12.7559,11.9285
352005550,283.3858787,-74.27131873,0.306905,,17.4617,16.5881
352001825,283.1676015,-74.51979063,0.75822002,,12.9274,12.264
352005512,283.5460482,-74.23021408,0.67976898,,15.9779,15.0643
352005668,283.5446182,-74.40986324,0.48531801,,16.4261,15.5236
352005697,283.601616,-74.45759997,0.426424,,15.8722,15.0524
352005865,283.5169686,-74.66635811,0.654459,,16.380699,15.4729
352006011,283.4289629,-74.87012656,0.51741898,,15.677,14.7889
352002123,283.1058745,-74.07385625,1.1594599,,13.5908,12.8602
352001748,283.2252632,-74.60395169,1.54337,,13.9812,13.1156
352006224,283.3528779,-75.17439585,0.53643501,,15.9603,15.0955
352005627,283.5312316,-74.36128434,0.80188799,,14.5527,13.7434
352005422,283.6772385,-74.08035175,0.46678099,,15.7893,14.8463
352005535,283.3593046,-74.25953201,0.481576,,15.0199,14.269
352005663,283.4452982,-74.40371963,0.44521299,,14.7466,13.934
352005695,283.322129,-74.45493001,0.98702598,,14.3342,13.5113
352005864,283.6497208,-74.6661878,0.75426,,15.3886,14.597
352002121,283.158359,-74.07513453,0.40338099,,15.8693,15.0085
352001087,283.171711,-75.65041269,0.309351,,15.9125,15.0179
352001365,283.0129976,-75.19769267,0.84570599,,15.4569,14.5349
352001445,283.1787458,-75.07282579,1.07846,,14.9873,14.0412
352001586,283.2637172,-74.86429908,0.84711999,,14.7239,14.0123
352001600,283.1661332,-74.85166994,0.51108801,,15.795,14.9892
352001842,283.215306,-74.49403464,0.87706703,,15.1882,14.2757
352001973,282.9830123,-74.29219578,0.58579499,,16.0912,15.2349
345170707,281.2435175,-74.20287338,2.79972,,12.1677,11.3764
345170743,281.0967762,-74.14224041,2.01069,,11.8001,10.8631
345088083,281.3386753,-74.83948371,6.3488102,,11.3199,10.4351
467936634,282.8478327,-74.320715,1.87107,,13.28,12.4047
345087765,281.3402101,-75.28461278,0.70781499,,15.6939,14.7587
345087616,281.0239152,-75.50181509,0.83407903,,15.007,14.0785
345087619,280.9967838,-75.50002072,0.30127999,,15.7811,15.0392
345087459,281.1585371,-75.73473719,1.18716,,14.3835,13.51
345088180,280.9768211,-74.72435905,1.37893,,13.8356,12.968
345170758,281.0433056,-74.12421258,0.73716801,,15.7121,14.7222
467937282,282.6410176,-75.21081851,0.94210202,,14.0846,13.1537
345087366,281.1561663,-75.8749183,0.75809002,,14.8521,13.9845
345087387,280.9907544,-75.84547237,0.58306599,,15.7424,14.7687
345088080,280.9717364,-74.84290317,0.79605198,,15.7444,14.9023
345088181,281.0705635,-74.72440408,0.76620102,,15.5137,14.5625
467937297,282.8360552,-75.22957243,0.70175499,,15.6084,14.6686
345087380,281.0011396,-75.85968392,0.263704,,17.3412,16.504
345170460,281.0123671,-74.54409985,0.374143,,16.975,16.052299
345087954,281.2300221,-75.00570441,1.12483,,13.8287,13.0068
345087374,281.2444406,-75.8644156,0.390333,,15.1176,14.492
345170740,281.1011105,-74.14516951,0.69629502,,14.099,13.4118
345087349,281.070936,-75.90335804,0.37037301,,16.5874,15.6401
345087561,281.2673641,-75.58885334,0.404084,,16.5207,15.5762
345087494,281.0539886,-75.6894962,0.41637099,,16.466101,15.5258
345088008,281.2096721,-74.93845587,0.42659801,,16.2757,15.3135
345088105,281.0563191,-74.80471554,0.69677502,,16.5875,15.6214
467937550,282.653523,-75.61525339,0.34318101,,16.970501,16.0502
345087660,281.2612025,-75.45055287,0.3378,,17.170799,16.2931
345088011,281.3224335,-74.93413517,0.435323,,17.296301,16.3272
345088196,281.1326651,-74.6994168,0.46737799,,17.026899,16.1576
345087379,281.2749051,-75.86031493,0.203393,,17.790701,16.896299
345087384,281.2816345,-75.85208802,0.122188,,18.207399,17.2724
345087326,281.0860406,-75.94813209,0.27602601,,17.8032,16.881399
345087350,281.0561645,-75.90255762,0.157803,,18.023001,17.2019
345087581,281.2145882,-75.5589519,-0.098707199,,18.183901,17.238501
345087661,281.2780457,-75.45044565,0.19238301,,17.2896,16.4023
345087983,281.2033816,-74.96989514,0.31260899,,17.4877,16.586399
345088007,281.1904686,-74.93997393,0.302753,,17.947901,16.977699
345088112,281.0041868,-74.7974194,0.20728201,,17.9282,16.969601
345170533,281.0561276,-74.4460929,0.358345,,18.1915,17.2491
345170705,281.0189806,-74.20368451,0.198494,,18.058001,17.0756
467937279,282.6949071,-75.20565061,0.25350299,,17.6453,17.052099
467937549,282.8610573,-75.61492243,0.236938,,17.493999,16.585899
467937645,282.6681019,-75.7607519,0.25134099,,18.1852,17.296101
345087729,281.14584,-75.35511126,0.341519,,17.5875,16.6677
345087908,281.3092439,-75.07790481,0.222443,,17.809401,16.879499
345088155,281.09028,-74.75398303,0.266166,,17.327101,16.412001
345170458,281.2854666,-74.544544,0.0048304298,,17.999201,17.0467
345170535,281.3082537,-74.44249371,0.311169,,17.5152,16.552799
467936632,282.7151977,-74.31752195,0.27030799,,17.882,16.959101
467937295,282.8639272,-75.22487914,0.34545499,,17.7423,16.822399
345087405,281.3483498,-75.82569015,0.300917,,16.536501,15.6717
345087621,281.2563773,-75.49511955,-0.028766699,,17.6549,16.907301
345087327,281.0161966,-75.9469339,0.26108,,17.3601,16.449301
345088256,281.3205996,-74.62095299,0.37899199,,17.237301,16.2679
345170621,281.1975301,-74.324415,0.16729601,,17.4757,16.579399
467936636,282.6293134,-74.3225246,0.032640699,,17.781099,16.8584
345087781,281.0955733,-75.26790913,0.178462,,18.4251,17.4725
345087371,281.2781773,-75.87147657,0.20171399,,17.93,17.0033
345087575,281.190633,-75.56441784,0.102595,,18.041,17.1409
345088194,281.0567472,-74.70133094,0.349852,,17.8939,16.971001
345170531,281.271424,-74.44742495,0.245427,,18.327,17.380199
1815670047,281.1056087,-74.25806211,0.243361,,18.4869,17.608
1815643925,281.0034733,-75.38903302,0.097650498,,18.991301,18.072701
1815643923,280.9878804,-75.40710052,0.32476899,,19.100401,18.1646
1815643929,281.049023,-75.42081046,0.046052899,,19.718901,18.768101
1815643930,281.1170987,-75.41332791,-0.060819499,,19.73,18.798201
1815677825,282.9616104,-74.0777555,0.490648,,20.213301,19.3188
1815678115,283.0200519,-74.02527274,-0.212052,,19.923901,19.186199
345174639,281.6939501,-74.57734307,0.58750302,,17.0844,16.172501
345174891,281.4833939,-74.95766033,0.36967501,,16.905899,15.936
345175562,281.3991391,-75.93180312,0.28032601,,17.035101,16.0903
345174299,281.3828851,-74.13915211,0.273967,,18.388201,17.409
345174548,281.3739208,-74.4560366,0.291475,,18.046499,17.067699
345175362,281.550842,-75.65878339,0.185982,,17.7325,16.7882
345174888,281.6770548,-74.95343947,0.26050499,,17.6015,16.6653
345175098,281.7119358,-75.25584241,0.139704,,17.7992,16.880301
345174635,281.3349874,-74.5710398,0.224681,,18.3549,17.463499
345174736,281.3921695,-74.72198568,0.32533199,,16.8284,16.028
345175559,281.7482204,-75.93006535,0.297571,,16.8556,16.014099
352005799,283.385024,-74.57712814,1.03363,,14.7466,13.8608
1815627907,282.1957219,-75.9187405,0.209694,,20.2188,19.3169
1815628154,282.0711482,-75.91762145,-0.00013807201,,20.1259,19.1996
1815628179,282.0001359,-75.89039365,0.104825,,19.552799,18.618401
1815628188,282.1885695,-75.87963206,0.62212801,,19.387699,18.435499
1815628267,282.1721935,-75.82654559,0.30302301,,19.114201,18.216801
1815629212,282.048241,-75.81382318,0.57954401,,18.929199,18.1238
1815629308,282.1388619,-75.74215987,0.35740799,,19.3465,18.560699
1815629599,281.9999734,-75.71162004,-0.35817501,,20.1688,19.2484
1815629753,282.3296829,-75.63010502,-0.047414199,,20.181299,19.2474
1815629833,282.2337022,-75.59740781,0.12929,,19.781601,18.925301
1815644173,282.0619698,-75.56530488,0.25481799,,19.920099,19.002501
1815644176,282.1773186,-75.55482492,-0.88704997,,20.2943,19.4237
1815644249,282.0107481,-75.53825729,0.089425899,,19.4086,18.495899
1815644507,282.1359145,-75.48966459,0.130879,,19.3827,18.5002
1815644536,282.0986632,-75.45422792,0.186002,,19.382299,18.4925
1815644671,282.1680519,-75.38786763,-0.0201931,,19.1619,18.375601
1815645730,282.1356247,-75.36229892,-0.366142,,20.428101,19.5082
1815645848,282.1714803,-75.28856227,-0.51841599,,19.710501,18.926001
1815645854,282.2281592,-75.28434135,0.41236901,,19.8776,19.002001
1815646088,282.1278379,-75.26911767,0.049237501,,19.8972,18.9701
1815646196,282.2397988,-75.20142327,0.0069052102,,19.348499,18.5203
1815648906,282.1740818,-75.14950724,-0.0220256,,19.250401,18.4217
1815649264,282.1102263,-75.06416685,0.140963,,19.628,18.6849
1815649294,282.0351709,-75.04284091,0.0148413,,19.121901,18.2682
1815649767,282.250733,-75.02484946,0.426112,,19.7784,18.8393
1815649855,282.1394813,-75.00459196,0.29565901,,19.403299,18.5301
1815650896,282.1657082,-74.94772582,-0.931238,,20.4072,19.4874
1815650935,282.1760441,-74.92019512,0.0144765,,19.013201,18.114901
1815651011,282.0601633,-74.8916087,0.114864,,18.968901,18.1933
1815651377,282.0865747,-74.77099633,0.247162,,18.6593,17.797501
1815651382,282.0808734,-74.76548219,0.057310902,,20.3207,19.3936
1815665228,282.1903216,-74.65728738,0.29475001,,19.7068,18.794201
1815665255,282.1064419,-74.65604779,0.0512591,,19.1035,18.225201
1815665500,282.1047618,-74.6454199,-0.393222,,19.7691,18.8876
1815665504,282.0790342,-74.63532525,0.426166,,18.6894,17.891199
1815665527,282.1631374,-74.58368689,0.117981,,19.4519,18.5721
1815665531,282.2985316,-74.57504972,-0.186417,,20.4841,19.5924
1815665594,282.165267,-74.58070429,-0.238938,,19.943701,19.0509
1815666614,282.041451,-74.53535463,-0.36006001,,19.930799,18.965401
1815624581,282.8798534,-75.9809516,-0.61782801,,20.528601,19.5896
1815624586,282.9214587,-75.97518088,0.091938198,,18.850599,18.1334
1815624671,282.8470668,-75.94457947,0.186296,,19.2974,18.3636
1815624694,282.7408657,-75.930683,0.28577301,,19.547199,18.6574
1815624699,282.7545446,-75.92859316,-0.118989,,19.924999,19.1908
1815628802,282.7764385,-75.79410346,0.211908,,19.9216,19.061199
1815628807,282.8746436,-75.77205743,0.45239899,,18.627899,17.699499
1815628565,282.8763769,-75.80680293,-0.172518,,19.9387,19.017599
1815628480,282.9026623,-75.83920816,0.138399,,18.9226,18.0847
1815628481,282.9924513,-75.83174593,-0.052049499,,19.743601,18.9655
1815628915,282.7498454,-75.71283197,0.49406001,,18.9534,18.063601
1815630010,282.7715712,-75.60741093,-0.28070199,,19.872499,19.0569
1815630013,282.7822754,-75.60580721,0.16121601,,18.940701,18.1556
1815630261,282.6064904,-75.59062139,0.35308,,19.7516,18.8367
1815630309,282.9486318,-75.5172802,0.45280799,,19.6777,18.771299
1815644788,282.9456132,-75.39602512,-0.129961,,20.127501,19.223801
1815645181,282.7404052,-75.3363699,0.191975,,19.1036,18.4037
1815645416,282.9426004,-75.23536947,-0.148874,,19.5033,18.590799
1815646318,282.8134165,-75.2096488,0.38679799,,19.7059,18.837
1815646450,282.8632843,-75.21419822,0.25596201,,19.6945,18.815001
1815646452,282.8436216,-75.21095443,-0.843898,,19.746201,18.9072
1815646454,282.8572459,-75.20164468,-0.49527299,,20.073999,19.2549
1815646455,282.856761,-75.19620192,0.13299,,19.4004,18.556999
1815646796,282.8574213,-75.13673259,-0.26694599,,20.5828,19.7059
1815646826,282.8312316,-75.10486991,0.041793499,,19.6593,18.837
1815646908,282.804484,-75.08775157,-0.448212,,20.8323,19.885
1815646844,282.8881491,-75.08778664,0.140999,,19.6516,18.738001
1815649668,282.9220416,-74.99532915,-0.027355099,,20.1441,19.168301
1815651153,282.9164348,-74.77390919,0.024263,,19.205999,18.374201
1815651158,282.9132659,-74.75815049,-0.242008,,19.653,18.730301
1815651228,282.8402373,-74.74212166,-0.91795599,,20.4063,19.532499
1815651232,282.9119304,-74.73180002,0.048178699,,19.9575,19.0945
1815665341,282.7907848,-74.59209966,-0.571962,,20.4172,19.594101
1815671742,282.8802043,-74.47022354,0.0047187102,,19.932301,19.0264
1815671747,282.9733251,-74.46859355,0.200615,,20.239599,19.336901
1815671831,282.7565327,-74.43903699,0.25035501,,20.1707,19.3451
1815672953,282.8783688,-74.37157316,0.098985203,,19.9744,19.060301
1815672954,282.8979165,-74.36858911,0.192432,,18.8727,18.0637
1815672971,282.8037182,-74.36038481,0.209319,,19.1035,18.2654
1815672976,282.832743,-74.34707197,0.236791,,18.749599,17.9587
1815673054,282.7185187,-74.32588395,-1.29518,,20.853701,19.925301
1815673068,282.7610857,-74.31160079,0.295091,,19.7351,18.927601
1815673075,282.9238607,-74.31552242,0.14439701,,20.4095,19.4942
1815673427,282.9015133,-74.22392875,0.058161698,,19.396,18.5086
1815677532,282.6976611,-74.15345474,-0.0083005102,,20.3836,19.4792
1815677536,282.7252224,-74.15904243,0.226046,,18.736601,17.8895
1815677551,282.798054,-74.16252992,0.099729098,,18.8995,18.114901
1815677552,282.8335923,-74.15575701,0.218334,,19.133499,18.274799
1815677573,282.8193768,-74.15184739,0.139476,,19.248199,18.398199
1815677580,282.8372731,-74.12571062,-0.31560299,,19.500401,18.580299
1815677657,282.7709043,-74.12950201,0.52078402,,18.9666,18.047199
1815677969,282.7584543,-74.06794718,-0.168853,,20.2682,19.3608
1815627889,282.0746509,-75.94531585,-0.076169401,,18.354799,17.458599
1815628266,282.1805928,-75.82932523,-0.169808,,19.233601,18.324699
1815629464,282.3558277,-75.69070024,-0.115825,,18.8582,17.930099
1815629600,282.0430767,-75.70886771,0.12419,,18.5744,17.7906
1815644251,282.0972062,-75.52210335,-0.093225501,,19.181999,18.254299
1815646113,282.2583712,-75.21420689,0.19446599,,18.368601,17.446301
1815646115,282.2458296,-75.21519975,-0.119935,,18.333099,17.4149
1815648904,282.1232974,-75.1612294,0.0042478601,,18.556499,17.6724
1815649296,282.0762158,-75.03057092,0.31305,,18.5683,17.619301
1815649887,282.1914511,-74.95480238,0.069740199,,18.3545,17.4132
1815650945,282.3552302,-74.91471697,0.0189083,,18.410101,17.530199
1815651261,282.0536855,-74.86923462,0.34866101,,18.3608,17.3881
1815665607,282.2384628,-74.54424279,0.19259501,,18.5536,17.6395
1815624674,282.8766544,-75.94093349,0.13505401,,18.532,17.6133
1815624700,282.7806997,-75.9209164,0.16868199,,18.8689,17.974899
1815628808,282.889232,-75.76869524,0.17046501,,18.468399,17.5497
1815630275,282.7764937,-75.54976271,0.38185799,,18.354401,17.4426
1815644764,282.8268362,-75.44565874,0.151748,,18.371099,17.5905
1815644782,282.9311497,-75.42059488,-0.0308921,,19.134001,18.2279
1815651226,282.8635774,-74.76137335,0.087481,,18.444401,17.6059
1815651231,282.9221684,-74.73713079,0.14560901,,18.8431,17.9508
1815651574,282.7699061,-74.64982864,0.12560999,,18.403799,17.587999
1815665370,282.8220332,-74.56467291,0.20736399,,18.3694,17.450899
1815671739,282.8606473,-74.47638438,-0.26422,,19.3426,18.4783
1815671864,282.8038404,-74.40263907,0.0592467,,18.436199,17.512699
1815673055,282.7587836,-74.32370178,-0.120591,,18.930901,18.091
180001976,11.0294414,-75.81700309,0.32049701,,17.7875,16.961201
180002752,11.22101463,-74.58085784,0.33613101,,17.168501,16.3869
467937740,282.9485384,-75.89340083,0.449819,,18.561899,17.6786
1815628346,282.5602387,-75.81069531,0.42732999,,18.4986,17.6817
1815628347,282.5123459,-75.8137883,0.195934,,19.3582,18.5177
1815629379,282.4863464,-75.72271346,-0.47238699,,20.1409,19.2689
467936718,282.7955806,-74.41738295,0.104918,,17.908199,16.9881
467936859,282.6937341,-74.60825234,0.326087,,17.8029,16.901899
467937104,282.6644832,-74.95392945,0.208924,,18.187901,17.2915
467936684,282.8674559,-74.37220347,0.29070601,,17.321699,16.445299
467936716,282.6394747,-74.41505821,0.30453399,,17.162201,16.222601
467937045,282.9092481,-74.86495377,0.508506,,16.747801,15.7972
467937320,282.6879331,-75.26458571,0.38675699,,16.944901,16.0404
467937412,282.76223,-75.41067144,0.66416699,,16.717501,15.8025
467937738,282.6370917,-75.89142702,0.43930301,,16.9261,16.1541
467937774,282.5752617,-75.94307341,0.29889199,,17.034901,16.168699
467937778,282.8798266,-75.94888096,0.245938,,16.8384,15.9738
467937201,282.8914642,-75.0911583,0.101521,,18.3372,17.380301
467936493,282.6490383,-74.13423376,0.161801,,17.851,17.0051
467936531,282.8415946,-74.18278375,0.273783,,18.4121,17.5357
467936533,282.7128475,-74.18336392,0.30358899,,18.0644,17.204201
467936650,282.6000704,-74.34358756,0.28291899,,18.111601,17.1901
467936661,282.7909877,-74.35385204,0.267658,,17.848301,16.9245
467936746,282.7015306,-74.46558548,0.2437,,17.6616,16.7785
467936789,282.8194067,-74.52112697,0.34202099,,18.033899,17.107
467936904,282.8412924,-74.67621633,0.20436899,,18.116899,17.188999
467937040,282.6820887,-74.85837219,0.25833699,,18.2556,17.298401
467937185,282.534232,-75.06312356,0.336227,,17.74,16.7826
467937438,282.5444315,-75.4472253,0.320319,,17.4751,16.584101
467937501,282.8687102,-75.55476598,0.29434901,,17.527,16.6541
467937709,282.6467737,-75.8554889,0.241467,,17.638,16.7232
467937567,282.6966935,-75.63571778,0.265477,,17.151899,16.2376
467937503,282.8129039,-75.55615889,0.32502601,,18.2906,17.386801
467937781,282.8609855,-75.9519965,0.238965,,18.116199,17.195801
467936903,282.9921342,-74.67585341,0.188742,,18.3522,17.435699
467937742,282.5502446,-75.89600094,0.21020401,,17.8353,16.9312
1815624635,282.6315457,-75.9739149,0.057319801,,18.528601,17.719601
1815628093,282.6197449,-75.82987929,0.0235036,,18.5956,17.754299
1815628410,282.5938793,-75.76173017,0.219154,,18.638599,17.7264
1815629378,282.456854,-75.7299655,0.098553099,,18.468,17.5403
467936444,282.77034,-74.06508585,0.55834299,,15.8607,14.9649
467937042,282.74157,-74.86149547,0.556436,,16.3088,15.4666
467937138,282.7001257,-75.00038148,0.71422303,,14.6044,13.7161
467937187,282.6520123,-75.06393993,0.39253801,,16.507299,15.558
467937568,282.8764993,-75.63995235,0.35233101,,16.062401,15.1798
467936767,282.6148678,-74.49522277,0.50864798,,16.3295,15.4135
467937364,282.6978932,-75.3344902,0.50170398,,16.2649,15.4207
467936773,282.8687101,-74.5006811,0.036940798,,16.0098,15.5544
467937713,282.8619741,-75.86115599,0.43154499,,17.1966,16.281601
467936518,282.6993231,-74.16228119,0.297791,,17.268,16.3885
467936484,282.6002516,-74.11039378,0.43572801,,16.244499,15.3325
467936745,282.771587,-74.46489216,6.0130401,,10.2163,9.5384598
467936653,282.8870967,-74.34666632,0.988792,,14.8163,13.9886
467936924,282.9073654,-74.70565292,0.68111199,,15.4798,14.5425
467937588,282.6777237,-75.66459825,0.61529899,,14.8794,14.0037
467937775,282.7791118,-75.94519479,0.71337497,,15.1127,14.2299
467936840,282.6626797,-74.58231023,0.44253799,,16.7262,15.7894
467937723,282.6916974,-75.87068502,0.53311402,,16.1285,15.228
467936486,282.7148512,-74.11656686,0.72135901,,15.296,14.4216
467936513,282.5906455,-74.15826104,0.34367001,,15.6373,14.9801
467936703,282.6979502,-74.40159355,0.94244701,,14.8133,13.9474
467936787,282.6527373,-74.51769116,0.70406097,,14.8188,13.9152
467936790,282.837768,-74.52514809,0.59603101,,16.4401,15.5282
467937024,282.6370624,-74.8371758,0.77807897,,15.3047,14.4146
467937712,282.5370227,-75.86072978,0.69638097,,15.8473,14.9189
467937795,282.7276231,-75.98036838,0.97965801,,15.1012,14.1806
1815625193,282.9329052,-75.89587192,0.126219,,19.188999,18.3067
1815628904,282.9631001,-75.7097095,0.13629401,,18.9792,18.1714
1815628943,283.0045164,-75.6834572,-0.62589997,,20.501699,19.594601
1815629900,282.9067743,-75.65728328,-0.945108,,20.639099,19.806801
1815629904,282.9017419,-75.65098499,-0.45869601,,20.515301,19.5966
1815629906,282.9172639,-75.64145626,0.19649599,,20.429001,19.512501
1815630290,282.8946933,-75.54787426,0.45486799,,18.403099,17.5655
1815630377,282.8707056,-75.49531071,0.419038,,19.5819,18.7118
1815644859,282.9428183,-75.38269165,-0.23675001,,19.3458,18.4527
1815644860,282.8872124,-75.38973459,-0.040236399,,19.127199,18.3388
352001249,282.974981,-75.38990585,0.33510599,,17.315001,16.425301
352001292,283.2568676,-75.32186425,0.49279201,,16.4249,15.6058
352001721,283.2237583,-74.65199261,0.41315001,,16.9988,16.0735
352001765,283.1114871,-74.58780122,0.37492001,,17.2351,16.306499
352001608,282.9720152,-74.83233579,0.19586401,,17.380301,16.5271
352001770,283.2872445,-74.58477244,0.434899,,17.2616,16.521
352001250,283.036633,-75.3888075,0.214461,,18.046801,17.1472
352001002,282.974708,-75.79235689,0.256293,,18.187599,17.280899
352001040,282.922155,-75.72794957,0.098130397,,17.599199,16.687401
352001165,282.973719,-75.52572443,0.231411,,17.820299,16.924801
352001212,283.1733878,-75.44898204,0.193314,,17.827801,16.9767
352001461,283.0823374,-75.05272822,0.390955,,17.4729,16.6509
352001667,282.9692939,-74.73707436,0.094298199,,18.0427,17.1052
352002159,282.9769531,-74.01886483,0.29633701,,17.814199,16.9415
352001819,283.1727062,-74.5245077,-0.119811,,17.9596,17.1182
352001850,283.1310496,-74.47082731,0.473914,,17.759701,16.8466
352001724,283.2463026,-74.64740402,0.193675,,17.522699,16.6245
352001878,283.2735646,-74.41603261,0.44434199,,17.6686,16.803801
352001794,283.1455087,-74.55529492,0.38429499,,17.5681,16.856899
1815625083,283.0654929,-75.9581673,0.0576065,,18.531401,17.598499
1815644858,282.9744107,-75.38400581,0.148036,,18.2859,17.468
352001175,282.9425904,-75.5117475,0.221435,,16.925699,16.0525
352001117,283.1577157,-75.60542722,0.473416,,16.581699,15.7124
352001723,283.1353631,-74.6485544,0.41722599,,16.981899,16.0758
352001669,283.1878471,-74.72861717,0.30467099,,16.5469,15.7449
352002160,283.3003234,-74.01713614,0.59321702,,15.8616,14.9304
352001179,283.1498976,-75.50411871,1.10958,,13.219,12.4942
352001115,283.0021228,-75.61239939,1.61616,,13.6635,12.7946
352001288,282.9837811,-75.33307138,1.99913,,12.3255,11.7425
352001750,282.9344184,-74.60204336,3.3724201,,11.7757,11.0052
352001214,282.9756608,-75.44395997,1.54597,,14.354,13.455
352001216,283.0875994,-75.44158848,0.92150599,,13.9789,13.17
352001796,283.3020222,-74.55444965,0.92948103,,14.7861,13.8972
352001251,282.9295565,-75.385041,0.61255598,,15.9102,14.9922
352001769,283.1650718,-74.58511587,0.76560301,,15.6144,14.6934
352001882,283.2158586,-74.41267301,0.91066402,,15.5483,14.6384
352001949,283.3022731,-74.31376646,0.92260301,,14.7716,13.9076
352001997,282.9263148,-74.25143949,0.40740401,,16.368601,15.499
352001782,283.1669877,-74.56291647,0.85444099,,15.1481,14.3395
352001821,282.9704477,-74.52339997,0.96755898,,14.6035,13.7753
352001844,283.1462003,-74.49123557,0.44588599,,16.0578,15.1838
352001886,283.1657505,-74.40729682,0.85103202,,15.6904,14.8868
352001942,283.2705839,-74.32190213,0.66499299,,15.6455,14.7783
352001413,283.0531885,-75.13422194,1.17696,,15.6033,14.6803
1815625196,282.8632508,-75.89790335,0.109595,,19.1698,18.2619
1815625246,283.1553895,-75.84254475,0.042293701,,19.521,18.6133
1815628513,283.1526188,-75.80062243,0.46095601,,18.2724,17.446301
1815628531,283.3132079,-75.76619647,0.072204098,,19.4676,18.559999
1815628973,283.1886383,-75.63994776,0.26448399,,18.8769,18.0156
1815628983,283.2778033,-75.7015826,-0.046893399,,19.6677,18.8127
1815629948,283.1372178,-75.60743922,0.451114,,18.1936,17.298599
1815629973,283.099539,-75.58171162,0.101444,,19.746901,18.836901
1815630038,283.0544355,-75.56435665,0.262546,,19.234501,18.421499
1815630201,283.2995883,-75.51414582,0.40990499,,18.7024,17.7973
1815630522,283.1021029,-75.43034461,-0.39226601,,19.9884,19.307301
1815644910,283.0674869,-75.39926944,0.120599,,19.413799,18.5602
1815645035,282.9782592,-75.34590174,0.37362501,,18.842699,17.9568
1815645353,283.2565193,-75.2518824,0.081831403,,19.1057,18.3092
1815646504,283.1715987,-75.15364675,0.5729,,18.587,17.745001
1815646507,283.0734665,-75.15789539,-0.152628,,20.545799,19.604601
1815646508,283.1019764,-75.15215388,0.26779899,,18.9226,18.001801
1815646574,283.0648934,-75.13863309,0.130661,,19.7376,18.8386
1815646891,283.1881249,-75.04785451,0.152834,,19.3349,18.5347
1815646962,283.1129204,-75.01758954,-0.23300301,,19.535801,18.5798
1815646991,283.066857,-74.99509853,0.057721101,,19.7377,18.845301
1815649744,282.9300144,-74.92585689,-0.062648803,,19.9718,19.0397
1815657688,283.0607766,-74.83434414,0.44437301,,19.0417,18.135799
1815657661,283.0984971,-74.87460548,0.072028197,,19.217199,18.4195
1815657450,283.205883,-74.86320785,0.109153,,19.8209,18.997
1815658673,283.0657563,-74.75974433,0.2278,,19.851601,19.0515
1815658680,283.1362465,-74.75907488,0.517075,,18.6558,17.6999
1815658715,283.1205119,-74.72533172,-0.102724,,19.8321,18.920799
1815659228,283.2629538,-74.54791998,0.525787,,18.785299,17.9181
1815659233,283.2178007,-74.53389344,0.300594,,19.672701,18.7654
1815659236,283.2804797,-74.53030785,-0.67857599,,19.941401,19.1854
1815671385,283.0851892,-74.54643397,0.244322,,18.787701,17.954599
1815671410,283.0713912,-74.52231704,-0.17339399,,20.017599,19.2047
1815671414,283.0761206,-74.51001647,0.48717001,,18.316,17.4149
1815671805,283.0910721,-74.41130823,-0.441852,,20.1996,19.4198
1815671802,283.0159271,-74.43367953,-0.227924,,19.6971,18.859301
1815671923,283.0553649,-74.36132122,0.34333599,,19.565701,18.7395
1815671925,283.115212,-74.33617198,0.347027,,19.0849,18.272699
1815625148,283.3207883,-75.88843057,0.079446703,,18.9674,18.070101
1815625174,283.1283779,-75.89151699,-0.017537801,,18.9813,18.1406
1815625243,283.1434163,-75.84662184,0.085431904,,18.878799,18.0375
1815625244,283.1461473,-75.84012209,0.0170158,,18.4568,17.7062
1815628880,283.1463463,-75.68513312,-0.219071,,19.2391,18.349701
1815630061,283.0538328,-75.53544323,-0.22500899,,19.0516,18.197599
1815630064,283.2695931,-75.59338153,0.16856401,,18.535,17.739201
1815630405,283.1087462,-75.51801642,-0.0213001,,17.962999,17.0886
1815644927,283.2408176,-75.37132135,0.23100901,,18.326599,17.448601
1815645053,283.129862,-75.31413608,-0.0656268,,18.6647,17.754101
1815645437,283.274715,-75.21926972,0.203574,,18.603701,17.768
1815646849,283.0255359,-75.09623983,0.00790333,,18.3055,17.459299
1815646961,283.1506043,-75.02047555,0.0083208596,,18.060699,17.2253
1815657756,283.1357277,-74.81594815,0.0020199399,,18.393801,17.459801
1815659085,283.0111468,-74.63458119,0.141711,,18.5742,17.6448
1815671430,283.2711709,-74.47502795,-0.047994401,,19.076599,18.1931
1815671810,283.0730133,-74.40921687,0.114322,,18.6131,17.8186
1815673275,283.113661,-74.24308744,0.056346599,,18.8353,18.008801
1815673582,283.0943716,-74.19232665,-0.231187,,18.038799,17.275801
1815660296,285.3062191,-74.4488247,0.0658703,,19.089701,18.1422
345201708,282.1471152,-75.90950447,0.487551,,18.5208,17.5683
1815626521,281.5322921,-75.99798221,-0.0101393,,19.0439,18.215099
1815626642,281.6751674,-75.90627295,0.44766501,,19.1068,18.1409
1815629257,281.6881463,-75.82511351,-0.43806899,,20.0807,19.2363
1815629559,281.7748922,-75.74007438,-0.243762,,19.4196,18.615101
1815629654,281.6176769,-75.71977316,-0.213412,,20.4223,19.469999
1815643980,281.624456,-75.68206336,0.132219,,19.234699,18.312599
1815644001,281.5173949,-75.67273781,-0.13551199,,20.105499,19.1334
1815644003,281.5422019,-75.6572994,0.228058,,19.3764,18.427
1815644012,281.664409,-75.6578172,-1.14714,,20.8494,19.8689
1815644449,281.5565625,-75.50942457,0.135903,,19.9839,19.186899
1815644450,281.6375139,-75.49934031,-0.31915799,,19.9786,19.037701
1815645528,281.5054858,-75.45257844,0.16135,,19.542,18.6315
1815645668,281.7729732,-75.36970623,0.106088,,19.3181,18.389799
1815645934,281.7100683,-75.33740114,0.143122,,19.644899,18.799101
1815646006,281.6147252,-75.32440595,0.27491301,,18.874701,17.9244
1815648733,281.5035725,-75.25265093,0.435413,,19.8901,18.9757
1815648730,281.7145404,-75.2292098,-0.122711,,19.481001,18.666599
1815648811,281.5739396,-75.21375592,0.25191799,,19.445101,18.586399
1815648812,281.575246,-75.20134186,0.083699502,,19.915899,19.0002
1815648813,281.6081224,-75.1970693,0.51029801,,18.9366,17.9811
1815649095,281.5622004,-75.15352871,0.26981199,,18.771601,17.941099
1815649330,281.6497243,-75.06026839,0.34023401,,18.7493,17.820499
1815649331,281.6421478,-75.05615494,0.33988401,,19.211901,18.2771
1815649333,281.6695168,-75.05639303,-0.14475,,18.8445,18.0965
1815650309,281.7323124,-75.03046913,-0.49054,,19.7953,18.841101
1815650399,281.567573,-75.00732685,0.33106199,,18.9396,18.023899
1815650414,281.7042406,-74.98740162,-0.110124,,19.802799,18.896099
1815650420,281.7348401,-74.97610772,-0.41080299,,19.4252,18.5704
1815650751,281.7244729,-74.89913551,0.196362,,19.705601,18.7414
1815650753,281.6181896,-74.90912933,-0.0268558,,19.3186,18.4356
1815650755,281.649362,-74.89831315,-0.120091,,19.9564,19.141199
1815650819,281.7128198,-74.87689066,0.0461253,,20.1266,19.2335
1815650840,281.5820129,-74.85787553,-0.145503,,19.757099,19.011999
1815650841,281.6103299,-74.85323999,0.58474201,,18.7579,17.896999
1815664554,281.6323213,-74.80362202,0.211261,,18.9582,18.0051
1815664614,281.6522924,-74.78706594,0.369737,,18.8139,18.0408
1815664954,281.6378278,-74.71429161,0.027507,,19.9289,19.038601
1815664956,281.7235318,-74.70702817,0.29122999,,19.705299,18.785999
1815665041,281.7080065,-74.6523817,-0.28412601,,19.503799,18.6329
1815665070,281.7283929,-74.62016082,0.40220299,,18.8388,17.9034
1815666422,281.5946972,-74.51463669,0.46379599,,19.066099,18.1376
1815666423,281.6519854,-74.50542816,0.51530999,,19.2889,18.329201
1815666523,281.6599391,-74.4567376,0.29522699,,19.155399,18.2831
1815666561,281.8079416,-74.59237679,-0.10466,,19.6514,18.705601
1815666563,281.880785,-74.57931653,0.272203,,19.536301,18.5879
1815669147,281.6412874,-74.32647417,-0.195536,,19.570999,18.620899
1815669406,281.5890557,-74.2825745,0.52328801,,18.4086,17.453899
1815669409,281.5945677,-74.27110644,0.34456801,,19.433701,18.465799
1815669502,281.6903185,-74.22495957,0.175963,,19.3459,18.4228
1815670543,281.5432099,-74.21429635,0.52658498,,19.637501,18.6775
1815670941,281.5511473,-74.09843196,0.382718,,19.1646,18.245501
1815628032,282.4159594,-75.90510929,-0.35059899,,20.2001,19.338301
1815628274,282.3337575,-75.87873279,-0.34820199,,20.273899,19.430201
1815628281,282.3252087,-75.87010583,-0.069109097,,19.4895,18.555599
1815628369,282.2302869,-75.82535553,0.54988998,,19.441799,18.5014
345174454,281.364028,-74.3365124,0.37950799,,16.843399,15.8963
345174960,281.5864371,-75.06214817,0.42381901,,16.836,15.868
345175332,281.7007039,-75.60989308,0.31904799,,16.872,16.087
345175344,281.6285061,-75.62402501,0.18076301,,16.5448,15.7193
345174729,281.5782523,-74.71429128,0.56627601,,16.2048,15.2775
345174987,281.7429777,-75.10201555,0.82914102,,15.9093,14.9501
345174646,281.6694247,-74.58586956,0.29630899,,15.9014,15.135
345174735,281.6102914,-74.72064131,0.38159999,,16.273399,15.3598
345174759,281.5801312,-74.75988665,0.078779504,,16.124201,15.2781
345175533,281.5252757,-75.89373873,0.463943,,16.1675,15.2005
345201986,281.7492457,-75.48874234,0.54190898,,16.2335,15.3033
345174566,281.6761411,-74.47896591,0.084873497,,17.118,16.176001
345174784,281.5812458,-74.80520364,0.20541701,,16.9065,16.0776
345175467,281.6534534,-75.80605874,0.329606,,17.238501,16.2841
345202175,281.9923678,-75.17741212,0.27608201,,16.8566,15.9478
345201819,281.9171859,-75.71943484,-0.073156998,,18.560699,17.606899
345201935,281.6878259,-75.54995384,0.20303801,,18.549801,17.627701
345174567,281.4814831,-74.4799526,0.501158,,17.884701,16.903099
345175049,281.7566068,-75.18185041,0.257162,,18.1499,17.2728
345175266,281.6306948,-75.51472285,0.219007,,17.6166,16.8391
345175403,281.4051575,-75.70489666,0.25380799,,17.793501,16.8496
345201933,281.9158579,-75.55524801,0.38630301,,17.464001,16.5166
345202024,282.0830051,-75.43958299,0.37350699,,17.5816,16.669001
345201992,282.0243936,-75.48133824,0.28547099,,17.9384,16.995899
345202112,281.87903,-75.27866332,0.102912,,18.055799,17.121401
179990554,10.92634137,-75.85135448,0.272405,,17.940399,17.131599
345174846,281.6923343,-74.90186038,0.152908,,17.047001,16.214899
1815629254,281.7172687,-75.83300669,-0.44733801,,19.3906,18.488001
1815629638,281.6303792,-75.73194524,0.18878201,,18.6043,17.6595
1815644340,281.5551095,-75.55573707,0.075342,,18.4573,17.5221
1815645939,281.5435057,-75.35585713,0.057438999,,19.044901,18.089899
1815650304,281.6743411,-75.02785109,-0.14360701,,18.476,17.660299
1815650308,281.727945,-75.03392696,0.015604,,18.6444,17.8237
1815650429,281.7131166,-74.97132838,-0.36402601,,19.327299,18.367399
1815650448,281.6670176,-74.94588706,0.21982799,,18.3491,17.4272
1815664613,281.5941727,-74.78877059,0.355809,,18.3941,17.4935
1815665037,281.7582147,-74.65419646,0.189459,,18.940701,17.9809
1815666066,281.6308425,-74.60557238,-0.116871,,18.136101,17.2216
1815669511,281.7035232,-74.20399653,0.15832999,,18.9781,18.003401
1815670544,281.52585,-74.21068297,0.022978101,,18.0599,17.121201
1815670942,281.5656763,-74.09478046,0.105543,,18.2523,17.3223
1815628272,282.2888346,-75.87752951,0.0113268,,18.620001,17.727301
1815628370,282.2418268,-75.82307838,0.170285,,18.390699,17.5257
345175529,281.4712525,-75.88746036,5.1528502,,9.1304102,8.7399101
345175248,281.6148731,-75.48976781,1.15637,,13.6971,12.8454
345201769,281.7706386,-75.81031222,1.43805,,12.8524,12.0827
352002029,283.1278703,-74.20271843,0.53337198,,15.9583,15.0779
345174758,281.7218843,-74.75932471,0.71733999,,14.5857,13.6486
345175407,281.6128598,-75.71306558,0.415622,,16.459299,15.4875
345174337,281.4090527,-74.19223428,0.71737701,,15.0968,14.1354
345174488,281.6145492,-74.38949639,0.68756199,,15.774,14.8192
345174591,281.6956692,-74.5102968,0.80495399,,14.4971,13.6213
345174728,281.5837614,-74.71241431,0.78993899,,14.8249,13.8779
345174850,281.52695,-74.90514651,0.50752401,,15.8754,14.9651
345175465,281.7120034,-75.80383334,0.574678,,15.9429,15.029
345175532,281.7492608,-75.89153543,0.69489902,,15.5015,14.5486
345088263,281.0845033,-74.60924017,1.07639,,12.9422,12.1997
345087831,281.3261114,-75.21121553,2.1735001,,12.4159,11.5299
345087647,280.9704893,-75.46843644,1.28318,,12.7198,11.9911
345087669,281.2932244,-75.44073347,1.27802,,12.9108,12.2347
467931438,282.246789,-75.97352878,1.10076,,13.11,12.3503
345170724,281.2269112,-74.17240071,1.05422,,14.4087,13.5129
467932349,282.2324075,-74.66630919,1.05752,,14.2491,13.2937
345087482,281.3083733,-75.70322935,0.85932702,,15.4906,14.5246
345087528,281.2156238,-75.63940387,1.11036,,14.8154,13.8805
345087902,281.2975054,-75.08493531,1.19315,,14.3175,13.3946
345088137,281.3284859,-74.76607048,1.10783,,14.6229,13.6529
345088233,281.3355396,-74.6515696,1.07662,,15.2042,14.2408
345170658,281.1687961,-74.27191317,0.56344599,,15.5107,14.5463
345170606,281.3471799,-74.34341189,0.28578401,,16.9074,15.9573
345170608,281.1052628,-74.34024956,0.313054,,16.871799,15.9236
345088169,281.3401243,-74.7334187,0.30361301,,16.800501,15.8575
345087665,281.2011186,-75.44533483,0.64469498,,16.435499,15.4914
345088172,281.1162793,-74.73089011,0.26427501,,16.572701,15.6771
422139249,280.7033992,-74.22313578,0.32719901,,16.5257,15.6287
422139855,280.6467755,-74.86672362,0.489317,,16.4429,15.559
345087668,281.2033292,-75.44123125,0.257855,,16.241501,15.3223
345087773,280.9914664,-75.27580681,0.32666501,,16.6467,15.6741
345087849,281.2982888,-75.18537549,0.43340701,,16.4786,15.5547
422139252,280.6573604,-74.22337727,0.27666801,,17.1936,16.249701
345087859,281.2800517,-75.17583782,0.114765,,17.489,16.5466
467931442,282.3331985,-75.96230419,0.37090299,,16.885599,15.9926
422140675,280.7422322,-75.78732222,0.38406599,,17.040199,16.059601
467931436,282.0577575,-75.97641281,0.134247,,18.322599,17.396799
345087506,281.2275049,-75.66830712,0.0155376,,17.5919,16.680401
345087845,281.3507111,-75.19182749,0.226042,,17.800501,16.8526
345087931,280.9602109,-75.0350848,-0.135397,,18.3752,17.423201
345087935,281.4004222,-75.03227107,0.25029001,,18.1726,17.264999
345088171,281.1282276,-74.7319642,0.188696,,17.865499,16.972601
345170725,281.0320192,-74.17134415,0.119025,,17.991899,17.027201
345170789,281.0813942,-74.07647321,0.088185899,,17.7717,16.8211
467931441,282.3103299,-75.96314291,0.22333001,,17.740101,16.873301
345088170,281.0437204,-74.73251221,0.261756,,17.7868,16.836201
345087832,281.0537142,-75.2107981,0.196439,,18.142,17.229
1815665924,281.0329636,-74.68227085,0.016194301,,18.932301,17.9848
1815670055,281.1211737,-74.2465996,0.171335,,17.8195,16.8494
1815649283,281.9372665,-75.05394863,0.31515601,,18.3929,17.4436
1815650359,281.9097133,-74.99368981,0.108386,,18.684999,17.815001
1815666692,281.9310189,-74.48199701,0.163214,,18.445299,17.5457
1815667075,282.0147307,-74.3823454,0.34962901,,18.632999,17.663099
1815669430,281.8184067,-74.25315607,-0.0568395,,18.9858,18.0511
1815669432,281.9024403,-74.24547535,0.108156,,18.932199,17.992201
1815669555,281.9403839,-74.15460401,0.167739,,18.870001,17.896099
1815670768,281.951993,-74.09221673,0.14187101,,18.1668,17.276199
1815669210,282.1475692,-74.31547251,-0.033312801,,18.0214,17.336399
1815669235,282.1733052,-74.27493067,-0.079050697,,18.921101,18.0285
1815670848,282.0498641,-74.06242073,0.27440101,,18.4119,17.524401
1815629478,282.4873656,-75.69234121,0.0891442,,18.4041,17.647499
1815630331,282.6684261,-75.54335223,0.209711,,18.822701,17.9342
1815644817,282.4964643,-75.43061865,0.112318,,18.7645,17.9307
1815645194,282.4569285,-75.37445244,0.185845,,18.8228,17.9237
1815665769,282.3825191,-74.48466122,0.050291799,,18.6591,17.785299
1815677523,282.7344264,-74.16444565,-0.037094802,,18.294399,17.381701
1815679056,282.4916895,-74.03374817,-0.00950919,,18.3629,17.451599
1815651526,282.4568198,-74.72350616,-0.29563999,,19.09,18.2125
1815645127,282.6420368,-75.37200564,-0.196329,,18.9837,18.167601
1815649838,282.4307024,-74.95824486,-0.55564201,,19.2428,18.3461
1815649848,282.5218655,-74.94765094,-0.114065,,19.297899,18.3279
1815627456,280.9835968,-75.87612784,-0.099566899,,19.9494,19.0404
1815627549,281.0156718,-75.81753079,0.61811203,,18.7164,17.877001
1815642386,280.8763424,-75.77740683,-0.32159299,,19.945499,19.134701
1815642388,280.9972064,-75.76620325,0.207458,,19.673401,18.854099
1815642391,280.5465458,-75.8243415,0.244094,,18.8664,17.9189
1815664831,280.8614618,-74.80061838,0.222588,,19.821301,18.9876
1815642588,280.9839504,-75.72742053,0.051986601,,19.799601,18.903299
1815648132,280.9586979,-75.1632857,-0.36811599,,20.172001,19.331499
1815665923,280.9918167,-74.69092534,-0.0085931998,,19.573,18.6635
1815665925,281.0087643,-74.6788513,-0.86722797,,20.1737,19.3573
1815665927,280.8324236,-74.70758324,-0.36278,,20.5569,19.584299
1815670058,281.1075211,-74.23978663,0.338916,,19.5165,18.6014
1815644366,281.8720447,-75.53755329,-0.489654,,20.2187,19.4489
1815645689,281.9517899,-75.39748376,0.213543,,19.555,18.641399
1815645782,282.0060115,-75.35170066,0.45581299,,18.6467,17.712099
1815645788,282.0136231,-75.33517166,0.280476,,19.320101,18.4536
1815646144,281.9152562,-75.24998492,0.38633901,,18.6315,17.7159
1815646145,281.9677696,-75.24383262,0.036379602,,20.115499,19.3167
1815648975,281.9095701,-75.11816117,-0.31195599,,20.097799,19.2624
1815648986,281.9360852,-75.13526345,-0.032115299,,19.737,18.856199
1815649386,282.0409437,-74.99748377,-0.73609501,,19.844801,18.896999
1815650352,281.8826356,-74.99796216,0.27672699,,19.4702,18.510201
1815650778,281.9876207,-74.87485635,0.42337301,,18.542601,17.6306
1815650798,281.9633507,-74.86017987,-0.385865,,19.6742,18.8041
1815651356,282.169407,-74.79218112,0.14996,,19.1105,18.209
1815664572,281.8974175,-74.79095025,0.125752,,19.6915,18.793301
1815665173,282.0207641,-74.70360743,-0.185009,,19.2309,18.382799
1815665176,282.0437877,-74.69900189,-0.51180297,,20.2892,19.362101
1815665166,281.8951656,-74.73458759,0.186719,,19.4589,18.680901
1815665111,282.0336623,-74.72983499,0.44180399,,19.577,18.7174
1815665188,281.9138871,-74.69516096,-0.094220899,,20.398399,19.4256
1815665492,281.9766056,-74.63925388,-0.217806,,19.804501,18.9471
1815665552,281.8855608,-74.63473516,0.13149001,,19.079399,18.232599
1815666670,281.9638751,-74.5018328,-0.288845,,20.044201,19.2258
1815667014,282.0901956,-74.38773411,0.0272868,,20.1658,19.291901
1815669092,281.9656997,-74.32312951,0.40984401,,18.676901,17.713699
1815669097,281.9257962,-74.3232163,0.094950303,,20.0676,19.2022
1815669538,281.9812337,-74.18950553,-0.070639104,,19.904699,19.079
1815669550,281.8346311,-74.19358964,0.237267,,18.9321,18.024099
1815669554,281.8843068,-74.16375425,-0.108805,,20.1346,19.157499
1815669687,282.0682943,-74.13588125,0.164405,,19.704599,18.8493
1815670846,282.0675755,-74.06472556,0.101785,,19.3097,18.4412
1815666988,282.0787703,-74.42554167,0.36092299,,19.517099,18.7225
1815666991,282.0773199,-74.42343012,0.74819702,,19.0252,18.127399
1815669573,282.2344203,-74.18177853,0.17227,,20.047001,19.1828
1815669574,282.1823977,-74.19012715,-0.354211,,20.295601,19.438299
1815669577,282.2346255,-74.17787011,0.32257301,,19.3281,18.4097
1815669708,282.106537,-74.11622405,0.091654398,,19.7274,18.8321
1815670853,282.0419948,-74.05822087,0.12427,,20.0217,19.130301
1815630334,282.6032621,-75.54072251,0.147844,,18.911699,18.1444
1815645106,282.441742,-75.4198492,0.48498401,,19.610001,18.7906
1815645192,282.4187361,-75.38473592,0.157023,,19.32,18.4981
1815646247,282.5671855,-75.29461335,0.0414971,,20.240999,19.407499
1815646248,282.5795273,-75.29089103,0.215932,,19.67,18.763201
1815646250,282.5042009,-75.29809657,0.33276901,,18.7862,17.9603
1815646256,282.5664377,-75.27872945,-0.0271769,,19.3267,18.479799
1815646283,282.5216274,-75.25980064,0.39840099,,19.859501,18.9275
1815646362,282.5313826,-75.22783806,-0.128196,,20.4582,19.5947
1815646408,282.5751469,-75.20755707,-0.029832,,20.34,19.482401
1815646686,282.7068195,-75.15759157,0.036733702,,20.076099,19.121401
1815646691,282.7303468,-75.14033292,-0.162607,,19.7537,19.052401
1815649455,282.4155328,-75.07218568,-0.25838,,20.069901,19.118401
1815649492,282.4821773,-75.05972773,0.28936401,,19.612301,18.699301
1815649817,282.5011759,-74.99025441,-0.97121102,,20.240499,19.4146
1815649836,282.4282747,-74.96575931,0.111395,,19.575399,18.687599
1815649841,282.5223105,-74.95496522,-0.374529,,20.617201,19.6875
1815649847,282.4947149,-74.95107077,0.389516,,19.5376,18.7262
1815650052,282.5758767,-74.87511401,-0.070781,,20.091999,19.1978
1815650059,282.7360703,-74.86775238,-0.56863397,,19.929501,19.008301
1815650962,282.4568575,-74.87395487,0.18888099,,19.332001,18.5576
1815651049,282.4411308,-74.83321107,0.17024601,,19.7066,18.879101
1815651111,282.5665781,-74.83428976,0.305971,,18.7663,17.8409
1815651190,282.5688985,-74.78167728,0.223186,,19.5467,18.594999
1815651427,282.400779,-74.71378834,0.291596,,19.611799,18.668699
1815651456,282.6065125,-74.73857136,0.031401299,,19.111,18.323999
1815665282,282.5203567,-74.64740072,-0.21229801,,19.8186,18.9305
1815665314,282.5849066,-74.61416313,0.140604,,20.206499,19.367399
1815665397,282.4882335,-74.61003206,0.304012,,19.323299,18.4363
1815665447,282.5926745,-74.56698816,0.318771,,19.8442,18.9356
1815665706,282.5644729,-74.50611826,0.179984,,19.9027,18.9814
1815665712,282.6520587,-74.50018747,0.16372301,,18.9279,18.145
1815666909,282.617199,-74.3749918,-0.199663,,19.400299,18.8405
1815666912,282.5552435,-74.37432309,0.13411599,,19.577299,18.7145
1815667209,282.5527307,-74.29485001,0.44126099,,19.822599,18.8699
1815669348,282.4815334,-74.17667907,0.640221,,19.697901,18.7834
1815673490,282.6095336,-74.23496243,0.272109,,19.370001,18.596001
1815673495,282.7713059,-74.20640041,0.313853,,20.0737,19.1605
1815677913,282.5932172,-74.11754963,0.16954701,,19.349701,18.4172
1815677915,282.5173384,-74.1221521,-0.240264,,20.750401,19.808901
1815678009,282.4377594,-74.07681415,-0.130651,,19.796499,18.9513
1815678033,282.4489772,-74.05582565,-0.14312799,,19.599001,18.6849
1815627849,282.0032562,-75.97743885,0.0146007,,20.1315,19.213499
1815628137,281.7509632,-75.94657827,0.25628299,,19.108999,18.205799
1815628239,281.8902162,-75.86135205,0.218972,,19.9065,19.078699
1815629272,281.868496,-75.7821404,0.0388989,,18.8123,18.037201
1815629541,281.8339158,-75.73472302,-0.072242104,,19.482,18.729099
1815629570,281.8970692,-75.74090826,-0.46125799,,20.0285,19.254101
1815629582,281.9420214,-75.72483142,0.27473,,19.6215,18.742001
1815629585,281.9723382,-75.71137437,0.127207,,19.9189,19.1166
1815629645,281.8217103,-75.70553654,-0.42820799,,19.6996,18.8088
1815629672,281.7273768,-75.68167228,0.117299,,20.4226,19.4993
1815629712,281.9614882,-75.65394105,0.208294,,19.9135,19.0396
1815644021,281.7477391,-75.62206043,0.19296899,,19.6423,18.773199
1815644027,281.8946288,-75.64000129,0.14838301,,19.524401,18.7939
1815644029,281.8012588,-75.64527095,0.0256001,,19.1912,18.308701
1815644120,281.9003155,-75.57592305,-0.0568996,,19.7976,18.9305
1815648952,281.9370145,-75.15036381,0.188152,,19.2376,18.3134
1815649226,281.8852987,-75.10822919,-0.43038401,,20.053499,19.105
1815649228,281.8307314,-75.10829545,0.224729,,19.625099,18.7106
1815649340,281.8358016,-75.04054848,0.234854,,18.761999,17.886999
1815649342,281.7518394,-75.03606761,0.56288499,,18.808701,17.9214
1815650367,281.960375,-74.99152347,0.22484501,,19.0462,18.1068
1815650371,282.0085406,-74.97469035,0.60625798,,19.313299,18.380899
1815650462,281.7922039,-74.95933311,0.19995201,,19.113501,18.208
1815650850,281.7778775,-74.85708811,-0.17755599,,20.4135,19.4841
1815650857,281.8446252,-74.85410579,0.31656501,,19.902201,19.009899
1815650861,281.8824751,-74.8479282,0.403808,,19.0919,18.126699
1815650868,281.9210975,-74.81605311,-0.201709,,19.759501,18.878201
1815650883,281.8488293,-74.81865343,0.140411,,20.316601,19.4163
1815664583,281.709226,-74.79195536,0.018871799,,19.4652,18.5021
1815664603,281.8593456,-74.74839146,-0.19904999,,19.5187,18.6446
1815664980,281.8299933,-74.66533601,0.25172099,,19.079599,18.1875
1815665467,281.9195799,-74.67915511,0.193639,,19.808701,18.8603
1815665470,281.9555677,-74.66953666,0.046871401,,19.4242,18.758101
1815666602,281.9187756,-74.53226815,0.335888,,20.552999,19.5942
1815666938,281.801177,-74.49195849,-0.42151099,,19.926901,18.957701
1815666939,281.7890997,-74.49225924,-0.48612201,,20.6474,19.7537
1815666707,282.04542,-74.47480929,-0.070236698,,20.0082,19.1206
1815666956,281.7079142,-74.4794181,-0.210271,,19.2596,18.499399
1815667100,282.0096328,-74.35433687,0.19756401,,19.752001,18.9049
1815669395,281.73581,-74.28007141,0.205625,,19.2549,18.2768
1815670621,281.7895443,-74.13603797,-0.0578367,,20.5798,19.671499
1815670623,281.7725608,-74.12877913,-0.225082,,20.278299,19.494699
1815670614,281.72214,-74.16081534,0.067449801,,20.009501,19.0861
1815670693,281.7801862,-74.11810907,-1.0794899,,20.4622,19.590099
1815670994,281.8555477,-74.03271863,-1.01705,,20.8939,19.949699
1815628128,281.8761042,-75.94290444,0.0207971,,19.000601,18.071501
1815644041,281.8047213,-75.62198098,-0.064030997,,18.457899,17.6549
1815645651,281.7649514,-75.38403243,0.098788999,,19.134501,18.1842
1815646175,281.9273449,-75.22088503,0.186575,,18.634001,17.7031
1815648867,281.7867466,-75.21137113,0.226835,,18.816099,17.888
1815650792,281.7973545,-74.86687458,-0.238895,,18.804701,17.9701
1815666682,281.7843712,-74.50401144,-0.229635,,18.966299,18.1213
1815669154,281.785716,-74.30678951,0.26444799,,18.795601,17.809601
1815670618,281.826931,-74.13832854,0.15296701,,18.927601,17.987499
1815670734,282.0086227,-74.13039079,0.115508,,18.5476,17.5746
352019333,284.0945354,-74.00219302,0.304804,,17.0732,16.133101
1815626243,281.7667443,-75.98895602,-0.00099493098,,19.2929,18.470699
1815626513,281.7604516,-75.98090644,-0.086078502,,18.873301,18.244801
1815626541,281.6310327,-75.9688244,-0.00142093,,19.118299,18.489201
1815629175,281.913792,-75.8496305,0.40688199,,20.2362,19.3172
1815629631,281.6780305,-75.72636905,0.341034,,18.8132,17.9132
1815643994,281.7254962,-75.65121527,-0.46971199,,19.8046,18.9245
1815644466,281.8542908,-75.48120691,0.063261099,,18.292,17.7929
1815645549,281.7339248,-75.44339407,0.44813499,,19.754,18.926701
1815645570,281.6759852,-75.4335403,0.37284201,,18.9797,18.021601
1815645577,281.7529603,-75.42212897,-0.081682302,,20.3193,19.3689
1815645922,281.6468396,-75.35459056,-0.32762599,,20.115101,19.2808
1815645929,281.7539256,-75.34574682,-0.78432298,,20.213499,19.2528
1815646027,281.7257073,-75.28442612,0.313155,,18.3053,17.523899
1815649251,281.8273553,-75.07431358,0.0619849,,19.5159,18.671301
1815649312,281.7119916,-75.07220315,0.36491099,,19.877001,18.9519
1815649315,281.767029,-75.07602569,-0.24128801,,19.670601,18.725201
1815649318,281.8624647,-75.06029574,-0.31887299,,19.761499,19.0086
1815649347,281.8110461,-75.03485413,-0.119608,,19.493,18.723499
1815650323,281.6013266,-75.02999972,-1.33608,,20.4804,19.5674
1815650327,281.6882865,-75.01509471,0.110835,,19.285601,18.4168
1815650318,281.8170752,-75.00409754,0.51355398,,18.372999,17.4331
1815650349,281.8344325,-75.01388392,0.37068701,,18.4137,17.4981
1815650733,281.6509916,-74.92337011,0.25815201,,19.028,18.1168
1815664658,281.6963004,-74.77262639,-0.46930599,,20.059099,19.273399
1815664971,281.6236266,-74.69331851,0.72677398,,18.830299,17.909599
1815665059,281.6590019,-74.63661528,0.17704,,19.9291,18.993401
1815665065,281.718371,-74.62847536,0.27143699,,20.1117,19.1758
1815666061,281.5987599,-74.60301085,-0.49629501,,19.789801,18.957899
1815666188,281.7045754,-74.5182681,-0.060131501,,20.1658,19.199699
1815667026,281.7127515,-74.43620413,-0.058518901,,19.6768,18.689301
1815666943,281.7805151,-74.48224981,0.236672,,19.1926,18.2789
1815666948,281.9164746,-74.46799856,0.34529999,,19.196699,18.211399
1815669041,281.7596676,-74.39033143,0.406385,,19.627701,18.643801
1815669138,281.6248389,-74.33630253,-0.028876301,,19.9335,18.957399
1815669167,281.786112,-74.28790379,-0.169383,,20.0198,19.2729
1815669420,281.7507074,-74.26024604,0.0028095699,,19.020599,18.428499
1815669425,281.7497723,-74.25188432,0.56858999,,18.9921,18.106501
1815669486,281.6482007,-74.23721924,0.30702299,,19.332001,18.3332
1815669489,281.6783947,-74.22904809,0.146018,,19.888599,19.0623
1815670598,281.8832289,-74.15492916,-0.57715797,,20.121,19.1516
1815628366,282.2409526,-75.84243663,-0.28355399,,20.5693,19.626301
1815628310,282.3468354,-75.8317549,0.31175399,,19.323999,18.5
1815629348,282.4024349,-75.74635019,0.11277,,19.1565,18.2307
1815629426,282.1513078,-75.74512452,0.286497,,19.228001,18.3778
1815629366,282.3664685,-75.72701493,0.13858999,,19.5884,18.67
1815629442,282.3121123,-75.72319536,-0.037952598,,19.805,18.9585
1815629473,282.3319462,-75.67949333,-0.069444701,,19.8771,19.0487
1815629737,282.3152922,-75.67000096,0.248363,,19.072901,18.259899
1815629739,282.2771912,-75.66271845,0.358275,,19.129101,18.299101
1815629756,282.2641783,-75.63196244,-1.07903,,21.023199,20.112101
1815629839,282.2080233,-75.59468279,0.23813599,,19.6984,18.7561
1815629841,282.1958358,-75.59474453,0.094507799,,19.008101,18.173599
1815644289,282.4438017,-75.46540131,0.133922,,19.168501,18.3937
1815644552,282.2866661,-75.44319116,0.28163499,,18.5154,17.6814
1815644678,282.2819218,-75.38098524,0.29146099,,18.8965,17.9841
1815645841,282.2588551,-75.2895663,-1.77601,,20.7953,19.8983
1815646628,282.2862699,-75.22573768,-0.75969398,,19.7514,18.936001
1815646263,282.446182,-75.29316944,0.36034799,,18.5068,17.693399
1815646350,282.4175729,-75.23235295,-0.70810002,,20.681,19.7645
1815649401,282.2628924,-75.12243539,0.37164301,,19.208401,18.441999
1815649503,282.2221639,-75.09470602,0.164381,,19.4751,18.593
1815649785,282.2301599,-75.01722598,0.078985803,,18.811899,17.978701
1815649787,282.1510668,-75.01126596,0.405384,,19.8081,18.967899
1815649791,282.2205778,-75.00202474,0.101971,,18.7904,17.968
1815649878,282.3035714,-74.97870255,0.20439599,,19.388901,18.5152
1815650982,282.4200234,-74.85429207,0.092046201,,19.237,18.450701
1815665143,282.2700889,-74.69446873,-0.0167656,,19.694799,18.8067
1815665263,282.2116413,-74.63378059,0.38630199,,18.765699,17.896799
1815665264,282.2684287,-74.6211362,0.042883899,,19.646099,18.7826
1815665266,282.31052,-74.61198726,0.27680799,,19.961901,19.0485
1815665627,282.2276041,-74.52596179,0.156517,,20.3181,19.359301
1815665759,282.3156443,-74.50166404,0.26702201,,19.1077,18.2621
1815665727,282.3380171,-74.54621009,-0.033131801,,20.1577,19.248199
1815665733,282.3713115,-74.5266808,0.076301597,,19.559799,18.6826
1815666750,282.2546955,-74.49142215,-0.49323499,,19.8269,19.006001
1815667120,282.3162575,-74.39089947,-0.54342002,,20.3239,19.3515
1815669230,282.1382012,-74.28562337,-0.172032,,19.739201,18.837799
1815669274,282.4119706,-74.22708428,0.17253301,,20.175699,19.202299
1815669634,282.4292811,-74.12739979,-0.44524899,,20.216101,19.2652
1815670810,282.2417405,-74.05088673,0.135418,,19.4212,18.659401
1815670887,282.273806,-74.01929906,0.37107599,,19.319901,18.447001
345174341,281.4658722,-74.19576413,0.34768,,17.524799,16.545799
422140798,280.8872987,-75.95840278,0.39256099,,17.2237,16.240101
422140799,280.8314348,-75.95881191,0.24413601,,17.134001,16.215799
345174612,281.7391669,-74.53515341,0.42966199,,16.878099,15.9155
345174672,281.385262,-74.61516351,0.178422,,17.2178,16.255199
345174682,281.3685244,-74.63710546,0.240665,,18.4158,17.458
422140220,280.7248262,-75.24865728,0.433025,,18.0149,17.0585
345174357,281.4075233,-74.2148377,0.078173198,,17.618,16.6448
345174558,281.5121582,-74.46806622,0.28398401,,17.2339,16.296
422139760,280.8213867,-74.77496264,0.322703,,17.915701,16.978901
1815629172,281.9202803,-75.84903581,-0.1464,,18.3367,17.532801
1815629630,281.676125,-75.72929715,-0.238509,,19.349501,18.378901
1815629650,281.7545681,-75.70412734,0.050359599,,18.9666,18.0979
1815643997,281.6064356,-75.66026927,0.036649801,,18.5222,17.5765
1815644046,281.896033,-75.6151796,0.26808599,,18.2843,17.313
1815644498,281.9698557,-75.52242436,0.108353,,18.7691,17.852301
1815646128,281.7988352,-75.26971888,0.0680032,,18.7215,17.8682
1815648857,281.8250876,-75.21010397,-0.0118513,,18.759899,17.8972
1815649238,281.728342,-75.1055959,0.018071501,,18.656799,17.713499
1815650346,281.7146392,-74.99367009,-0.096004903,,18.8654,17.965401
1815650873,281.7748635,-74.83392351,0.214982,,18.570601,17.701099
1815650875,281.8063384,-74.82853717,0.214242,,18.244699,17.3041
1815664559,281.7312611,-74.81580585,0.30344701,,18.358601,17.432899
1815664563,281.7144391,-74.81068736,-0.30408499,,19.4048,18.436399
1815664687,281.6767139,-74.74958048,0.224378,,18.6758,17.7159
1815664972,281.6383889,-74.69029733,0.0325072,,18.8438,17.9573
1815667033,281.8977118,-74.4214651,0.0056882398,,18.7929,17.8592
1815666940,281.7397008,-74.48807035,0.144117,,18.787901,17.835501
1815666946,281.9219642,-74.46750853,0.102341,,18.5847,17.608101
1815669051,281.6846324,-74.37769677,0.0431097,,18.4128,17.6661
1815669130,281.791695,-74.32963539,0.226532,,18.7992,17.813499
1815670585,281.6661089,-74.16254947,0.039329499,,19.267099,18.3165
1815629862,282.38553,-75.57008599,0.096656002,,18.513901,17.662901
1815646258,282.3834005,-75.30552902,-0.639108,,19.1628,18.387899
1815646349,282.3916165,-75.24331882,-0.14231201,,19.0172,18.150499
1815649404,282.2548289,-75.12970035,0.32317799,,17.989599,17.1486
1815649542,282.2789776,-75.05187862,0.0902256,,18.674,17.8228
1815651033,282.2950408,-74.86623465,0.076308802,,18.328899,17.6182
1815651325,282.2438585,-74.79209313,-0.0315051,,18.5611,17.6991
1815651402,282.2606407,-74.75677409,0.051000901,,18.586901,17.732
1815665144,282.2843305,-74.69327244,-0.062038202,,18.684799,17.815901
1815665262,282.2844911,-74.6256283,0.058478199,,18.3491,17.436199
1815665644,282.4667016,-74.56161401,0.194216,,18.430099,17.5576
1815666875,282.2397511,-74.42530325,0.32538,,18.586201,17.621099
1815667291,282.3484073,-74.28421192,0.31345299,,18.2374,17.3671
1815670831,282.2903342,-74.02802713,0.35468701,,17.8381,16.891899
422140218,280.9158134,-75.24670432,2.4839599,,12.8008,11.9695
345174238,281.6218584,-74.05716458,1.0827301,,12.891,12.1108
345174441,281.6433403,-74.32030184,1.14867,,13.7413,12.776
345174559,281.4627656,-74.46832756,1.49587,,13.0462,12.2156
345174750,281.69463,-74.74691202,3.35499,,11.735,10.8807
345174279,281.4519612,-74.10971661,1.37486,,12.0186,11.0998
345174477,281.4956801,-74.38123693,3.33044,,11.3782,10.5426
422140217,280.7527099,-75.24536996,0.79136401,,15.6642,14.6978
422140550,280.7467145,-75.64988672,0.71520102,,13.7825,13.1441
345174664,281.4253626,-74.60805746,0.54898697,,16.4167,15.4608
345174282,281.7364885,-74.11498453,0.58774102,,15.7661,14.9338
345174355,281.5363475,-74.21440311,0.62443602,,15.6626,14.6768
345174667,281.4554997,-74.61044299,0.765845,,14.8499,13.9315
345174670,281.5231454,-74.61455754,0.70567298,,16.037701,15.08
1922160328,295.0258716,-74.36111534,-0.118858,,18.8461,17.951401
352001198,283.1385612,-75.47263746,0.27423301,,16.9725,16.076
352000898,283.0391752,-75.96650701,0.17557,,17.654499,16.7395
352000912,283.1119408,-75.93625581,0.132921,,17.5263,16.6255
352001248,282.9288092,-75.39936249,0.38184601,,17.5739,16.701
352000988,283.0528171,-75.80189646,-0.063491598,,17.563801,16.8911
352001006,282.9392453,-75.79130323,0.27877799,,17.9508,17.0273
352000929,282.9724905,-75.90727256,0.344349,,16.5387,15.6167
352001154,283.0104309,-75.54098441,0.246115,,16.869801,16.005501
352001133,283.2930965,-75.58815076,1.70608,,12.5386,11.5887
352000897,283.2437826,-75.96960602,0.93169498,,14.3775,13.5656
1815650902,282.1309536,-74.93887504,0.19475,,18.801901,17.948799
1815650911,282.1966518,-74.93513085,0.50826597,,18.4394,17.4897
1815650915,282.1896905,-74.93014404,0.000040501101,,19.590401,18.7068
1815650930,282.1183729,-74.91353287,-0.30447999,,20.298901,19.4405
1815650932,282.129579,-74.90833783,-0.244386,,19.4529,18.642099
1815651006,282.159559,-74.89479045,-0.55744702,,20.359301,19.393801
1815651269,282.1986431,-74.83198006,-0.036486201,,19.268,18.338301
1815651332,282.3865739,-74.77713011,0.221178,,20.214199,19.2983
1815651421,282.1684131,-74.74714915,0.087938197,,20.2693,19.3449
1815651423,282.2578161,-74.73447676,0.70680702,,19.403799,18.512501
1815665156,282.3124187,-74.6781909,0.18387599,,19.785801,18.921301
1815665215,282.2140959,-74.66761425,-0.420398,,20.6117,19.643999
422139203,280.6820977,-74.18475592,0.47915801,,19.088301,18.1474
1815626590,281.4059491,-75.95169973,0.16665301,,19.6665,18.804501
1815626603,281.5689125,-75.94930863,0.42915699,,18.562599,17.6157
1815626611,281.6835771,-75.94055708,0.47111201,,18.847401,17.965799
1815626636,281.6121641,-75.9074958,-0.17976101,,19.6726,18.752399
1815626638,281.6497155,-75.9111219,-1.54849,,21.0198,20.0735
1815644078,281.6257289,-75.61723723,0.19172899,,19.491301,18.6035
1815644079,281.7104275,-75.60891964,0.18716399,,19.0963,18.1637
1815644409,281.4744549,-75.55000337,-0.320355,,19.634001,18.7614
1815644406,281.4306742,-75.56975004,0.212524,,19.7661,18.917801
1815644407,281.4644473,-75.55439625,0.27709699,,19.310301,18.430799
1815644352,281.5678629,-75.54699907,0.24843299,,19.810699,19.018801
1815644438,281.4173056,-75.53869876,0.38874799,,19.477501,18.640499
1815645501,281.4226186,-75.48291004,0.56290901,,19.295401,18.348101
1815645531,281.5660136,-75.45191043,-0.323982,,20.256599,19.357401
1815645534,281.6802906,-75.47079718,-0.072218098,,19.4189,18.604099
1815645950,281.7754542,-75.31767718,0.33904701,,20.1973,19.308001
1815646019,281.7526006,-75.28830189,0.244573,,18.618601,17.785
1815648734,281.4973304,-75.24830263,0.65834498,,19.632999,18.684
1815648736,281.5569282,-75.23984497,0.240981,,18.7092,17.817101
1815648819,281.5901239,-75.19960378,0.24936201,,18.8589,17.927601
1815649084,281.431353,-75.18233641,0.0028929601,,19.388,18.540899
1815649092,281.6653461,-75.15564129,0.090894297,,20.562099,19.5998
1815650289,281.4417441,-74.99659551,-1.50552,,21.023001,20.110201
1815650807,281.5374771,-74.90987219,0.189227,,19.160601,18.3176
1815650812,281.5131727,-74.90000956,0.32304201,,19.250999,18.2761
1815650737,281.5852167,-74.92615258,0.138928,,19.3428,18.4263
1815650830,281.58112,-74.87714447,0.335787,,18.8461,17.948799
1815650833,281.5041766,-74.87689277,-0.087108001,,19.0266,18.191401
1815664513,281.4848764,-74.86265484,-0.83572102,,20.3381,19.4354
1815664543,281.5859509,-74.82613688,0.39075601,,18.7701,17.830299
1815664944,281.5675096,-74.70078244,0.30403599,,19.117399,18.267099
1815664945,281.5833233,-74.69879425,0.222012,,18.7997,17.9072
1815666162,281.711396,-74.5486873,0.29722399,,19.7992,18.921101
1815666416,281.6250589,-74.52141102,-0.228799,,19.5835,18.6276
1815668634,281.4164609,-74.38323409,0.25554001,,19.181,18.262699
1815670647,281.4717854,-74.16482784,-0.118339,,19.5089,18.5658
1815670656,281.6262006,-74.15276494,0.088314198,,19.5728,18.6661
1815671080,281.5839837,-74.02125024,-0.222067,,19.6681,18.7306
1815665520,282.1363731,-74.60504217,0.392077,,20.0107,19.142599
1815666787,282.4488004,-74.44395737,-0.034045398,,20.113199,19.2743
1815666878,282.2898242,-74.41966117,-0.0153286,,19.4366,18.603901
1815667135,282.2978708,-74.37528792,0.44432199,,20.3857,19.436399
1815669677,282.2033838,-74.12886314,0.0062929098,,19.511499,18.559999
1815669753,282.2556411,-74.09478551,0.56393802,,19.1707,18.2876
1815670779,282.0854737,-74.0710848,0.52925903,,19.643499,18.772301
1815670884,282.2519363,-74.00951731,0.34107301,,19.2925,18.4562
422140591,280.9501776,-75.69550995,0.3572,,17.039,16.1359
345174715,281.392191,-74.68175793,0.42120501,,17.350901,16.4391
345175078,281.6720042,-75.22424677,0.281881,,17.9585,17.053801
422140071,280.6487369,-75.09136917,0.234727,,17.394699,16.443399
422139336,280.786436,-74.30740049,0.217997,,17.531,16.573099
345174365,281.4708436,-74.23059072,0.068688102,,17.0105,16.4723
345174583,281.7042068,-74.49865705,0.56352502,,17.2826,16.3104
345174790,281.5895586,-74.81493162,0.332652,,17.440701,16.4904
345174795,281.7236308,-74.82806893,0.19157299,,17.009899,16.136499
345174990,281.5028163,-75.10565552,0.097949803,,16.643999,15.6791
345175039,281.6491152,-75.17045101,0.47617099,,16.7876,15.8188
345175080,281.4917253,-75.22591878,0.037633602,,17.5037,16.570601
345175128,281.637723,-75.28951291,0.32768101,,17.062099,16.101299
345175177,281.4952884,-75.36552311,0.43683299,,17.351,16.4506
345174700,281.3644127,-74.66416684,0.16685399,,17.120899,16.3776
422139346,281.0105554,-74.31701561,-0.0050610602,,18.303499,17.366501
422140068,280.5699145,-75.08886707,0.18438201,,18.3535,17.4214
422140171,280.8798119,-75.20397326,0.197235,,18.246799,17.3445
345088121,281.0176054,-74.78196818,0.237563,,17.890499,17.059401
345174215,281.3805611,-74.02876285,0.104911,,17.9408,16.968901
345174268,281.6002802,-74.09487826,0.26661,,17.7936,16.833
345174363,281.3835022,-74.22462922,0.37963101,,17.8064,16.8657
345174512,281.7473925,-74.4178734,0.148818,,18.146,17.268
345174528,281.4553938,-74.43704052,0.49366301,,18.069201,17.0968
345174603,281.4183213,-74.52290153,0.29484901,,17.586399,16.7208
345174696,281.393729,-74.6578404,0.27027401,,18.0387,17.101999
345174868,281.5155329,-74.92841721,0.14599,,17.882299,17.0672
345174869,281.5751893,-74.92971235,0.226154,,17.571501,16.607401
345174874,281.7395324,-74.93521993,0.232829,,17.923201,16.9778
345174969,281.6327028,-75.07479814,0.394777,,18.097601,17.1355
345174971,281.4892496,-75.08330815,-0.057440501,,18.0777,17.143299
345174995,281.578262,-75.11452659,0.27091801,,17.893999,16.9226
345174996,281.4200106,-75.11473265,0.294489,,18.091,17.1558
345175124,281.48027,-75.28733247,0.174133,,17.499901,16.5474
422140507,280.644474,-75.61000609,0.48886499,,16.949699,15.973
422140703,280.7920645,-75.82513951,0.32089901,,17.197399,16.295799
345174263,281.5102679,-74.08847698,0.25455701,,17.460501,16.5133
345174788,281.4410547,-74.81316351,0.41434899,,17.366899,16.474701
422139033,280.9222945,-74.00652623,0.21581499,,18.2488,17.314501
1815626614,281.6425897,-75.93027767,0.062015198,,18.3416,17.3871
1815627285,281.4406134,-75.8977205,-0.247968,,18.5196,17.5886
1815627365,281.4238686,-75.84995277,0.079358503,,18.690701,17.768299
1815645519,281.4927749,-75.47134357,-0.092117198,,18.210899,17.341101
1815645875,281.5381965,-75.38833477,-0.0499979,,18.971399,18.0495
1815645942,281.5323552,-75.34130075,-0.037298799,,18.775101,17.869699
1815648799,281.51776,-75.23225284,-0.089168198,,18.3983,17.6542
1815649088,281.5018448,-75.16263066,0.46225801,,18.2743,17.3036
1815650816,281.6557695,-74.88822071,0.33075601,,16.743799,15.7917
1815650738,281.5774426,-74.92592334,0.025113801,,18.959,18.0485
1815650829,281.4782334,-74.89207489,-0.072733097,,18.270901,17.305901
1815666540,281.5163275,-74.47122866,0.335509,,18.303801,17.337
1815665536,282.2291559,-74.58072275,0.17479999,,18.496099,17.5485
1815665537,282.2216227,-74.58063135,0.24897701,,18.0921,17.329
1815666747,282.2720586,-74.50195287,0.034510601,,18.705999,17.775299
1815669335,282.3335475,-74.21252812,0.103137,,18.778099,17.899099
1815671341,282.883384,-74.59546825,0.253445,,18.5513,17.676001
345174810,281.5888516,-74.85213548,0.549806,,16.339701,15.3658
422140174,280.6561924,-75.20581362,0.393231,,16.625299,15.6597
345174804,281.4282767,-74.84264985,0.309331,,17.2756,16.308399
345174910,281.4615224,-74.98836714,0.170416,,16.856501,16.052299
345087540,281.169251,-75.62551211,0.106502,,17.509399,16.572701
345174843,281.5310334,-74.89705324,2.31813,,12.9038,11.9687
422139108,280.8141488,-74.08628994,5.39362,,10.8151,10.113
422139731,280.682204,-74.74528857,3.40382,,11.8998,11.0768
345175105,281.7292312,-75.26724328,1.0661401,,13.8133,12.9245
345174766,281.4975863,-74.77157798,0.267611,,16.2013,15.3872
422139184,280.6407896,-74.16520831,0.901191,,14.6878,13.7133
345174266,281.3999783,-74.09328061,1.27433,,14.2543,13.361
345174721,281.6058054,-74.69852505,1.07008,,14.0273,13.1104
345175183,281.3944949,-75.37626727,0.53877503,,13.8702,13.0696
345175181,281.6227798,-75.36997142,0.58425599,,15.4834,14.5363
422139110,280.7710947,-74.08684885,0.54198098,,14.0721,13.5328
422140069,280.7134556,-75.08977768,0.42957801,,15.765,14.9056
345087537,281.0079076,-75.62726531,0.41858199,,16.3211,15.4855
345174216,281.6107489,-74.0308798,0.70391798,,14.1515,13.3477
345174332,281.4245346,-74.18487886,1.25401,,14.8784,13.906
345174427,281.5783676,-74.29840472,0.71142602,,13.5564,13.0038
345174716,281.5118609,-74.6826068,0.70178002,,14.8884,13.9651
345174809,281.3581276,-74.84772172,0.66854399,,15.2021,14.3228
345174767,281.7094891,-74.77200197,0.92131299,,14.74,13.8807
345175144,281.6829993,-75.30591597,0.943717,,14.81,13.8876
1815648985,281.9845994,-75.13288272,0.47468701,,19.254101,18.302299
1815649008,282.0321363,-75.10065415,0.37391299,,19.4517,18.6192
1815649364,282.0704557,-75.01783604,0.40213299,,18.403799,17.489599
1815649396,282.3183692,-75.1279605,0.199898,,18.8398,17.9203
1815649397,282.319272,-75.12874511,-0.31554401,,19.5411,18.6812
1815651290,282.1294578,-74.81848001,0.420174,,18.691601,17.767099
1815651375,282.0431196,-74.77651077,0.317525,,19.926399,18.987
1815651392,282.2802555,-74.76465496,0.22864901,,19.401199,18.569099
1815665487,281.8794962,-74.64648471,0.29319501,,19.477301,18.539801
1815665560,282.0118073,-74.60627538,0.153741,,19.580099,18.724501
1815666613,282.0093625,-74.5412937,-0.24545699,,19.9226,19.0432
1815666728,282.0745053,-74.45852652,0.344152,,19.847401,18.931499
1815666983,282.0424559,-74.43690742,-0.34434301,,20.2598,19.3498
1815666992,282.0531287,-74.42074129,0.168135,,19.538799,18.590099
1815667071,281.9407811,-74.39525485,0.51227403,,19.7078,18.815399
1815669560,282.031906,-74.22398835,-0.244239,,20.0506,19.0907
1815669702,282.1620318,-74.12119958,-0.539626,,20.808001,19.871901
1815669705,282.1241913,-74.11977222,0.41846001,,19.2241,18.327
1815670858,281.9554109,-74.06019512,0.243053,,19.396099,18.443501
1815670871,282.1261362,-74.02608519,0.33884099,,19.862801,18.9802
180000288,11.00268093,-75.34098308,0.27881601,,17.3409,16.499201
345202601,282.1180853,-74.59732011,0.123854,,17.6803,17.2777
1815646217,282.1190477,-75.19765596,-0.14653499,,18.7777,17.865801
1815649286,282.0219411,-75.05791755,-0.102989,,18.755301,17.923599
1815651292,282.176149,-74.81565049,0.035093501,,18.737,17.7827
1815651296,282.166483,-74.80705457,-0.20434301,,18.650101,17.9233
345201726,281.8120447,-75.88602948,0.26460001,,17.038,16.0898
1815665601,282.1397366,-74.56174749,0.140847,,18.790199,17.936399
1815666649,282.1964217,-74.47749807,0.019118,,18.644899,17.763901
1815667001,282.1443088,-74.40421376,-0.211132,,19.3897,18.4802
1815667073,281.9559601,-74.39407304,0.58547097,,17.6038,16.6516
1815669075,282.036618,-74.33773947,-0.0465759,,19.199699,18.220301
1815669111,281.9972176,-74.29929513,0.111146,,18.765699,17.7822
1815669440,281.9426201,-74.23558082,0.016064201,,19.070601,18.142799
345202957,281.7677643,-74.1161807,0.317765,,17.0117,16.084801
345201664,281.9860742,-75.98565199,0.36547199,,16.697201,15.789
345202323,282.0222045,-74.95386274,0.28309199,,14.9857,14.3447
345202523,281.7655051,-74.6893406,0.63734603,,16.3246,15.397
345202628,281.9610536,-74.55633514,0.26758099,,16.275101,15.6311
345201678,282.0989391,-75.96311863,0.232463,,17.7155,16.7787
345201730,282.0854014,-75.87891029,0.34659401,,17.063299,16.1273
345201735,281.8572511,-75.86595624,0.105241,,18.179199,17.252399
345201725,282.0045188,-75.88632447,0.220835,,17.119101,16.1994
345201795,281.8323703,-75.76790199,0.0796571,,18.270599,17.413099
345201797,282.0837941,-75.76498517,0.28559899,,18.087799,17.1943
345201836,281.7993217,-75.70105325,0.117304,,18.092501,17.1541
345201920,282.0069432,-75.56946952,0.30661601,,17.5252,16.569201
345201946,282.0878971,-75.54297914,0.42336401,,18.2307,17.296499
345201950,282.041482,-75.53774521,0.0330729,,18.222799,17.319599
345201998,281.9186107,-75.47238981,0.26354301,,17.477501,16.5681
345202121,282.008194,-75.26683664,0.279993,,16.8888,15.9582
345202154,282.0547368,-75.21825906,0.278878,,17.5436,16.5996
345202207,282.0768891,-75.13177321,0.132643,,17.785299,16.842699
345202226,282.0965684,-75.10754595,0.30851701,,17.129999,16.203501
345202386,281.9085978,-74.88538259,0.178763,,16.9091,16.041599
345202391,281.9423555,-74.88140877,0.301615,,17.374001,16.398701
345202439,281.9137507,-74.82121457,0.255934,,17.826,16.8608
345202557,281.7616988,-74.64855837,0.40966001,,18.045401,17.1089
345202742,282.0653195,-74.40081533,0.029845599,,17.380699,16.4471
345202859,281.9803285,-74.23489217,0.00439884,,18.0653,17.086901
345202934,281.9575029,-74.1509677,0.48902601,,16.8559,15.9081
345201667,281.8313843,-75.9785978,0.29668,,17.319401,16.532801
345202773,282.0396976,-74.36316017,0.103481,,17.779301,16.874001
345201661,281.8727763,-75.99505277,0.108101,,17.740601,16.790701
345202438,282.1252767,-74.82121951,0.048452199,,18.1026,17.1632
345202539,281.7975384,-74.67011282,0.275208,,18.155899,17.2232
345202646,282.1198317,-74.52742556,0.154438,,18.181801,17.3563
345202115,281.7990261,-75.274775,1.07686,,12.5953,11.873
345202245,281.8454337,-75.07752242,2.37866,,12.7401,11.8377
345202850,282.1109569,-74.2486204,1.4814,,13.6714,12.7092
345201729,281.874502,-75.88393455,0.97658801,,13.7996,13.0466
345201732,281.9385503,-75.87465139,1.00796,,14.6822,13.7499
345201891,281.976057,-75.61555888,0.78053701,,14.9364,13.996
345202101,281.7689657,-75.28946737,0.46018901,,15.7583,14.9767
345202380,282.0058675,-74.88936668,0.69294298,,15.2361,14.2951
345202554,281.9485698,-74.65015399,0.999327,,14.9408,13.9981
345202589,281.8863895,-74.61331188,0.61408198,,15.9132,15.0026
345202600,281.8493859,-74.59751857,0.53239298,,15.5943,14.6499
1815624640,282.4047352,-75.99695125,0.315911,,18.0833,17.3272
1815624641,282.4538503,-75.99038023,-0.13776299,,19.895399,19.0236
1815624643,282.4488472,-75.9867384,0.463819,,19.9662,19.031099
1815627958,282.5371023,-75.91444739,0.46630499,,19.563801,18.638
1815627927,282.4689069,-75.95066848,0.030558299,,19.4986,18.752899
1815627936,282.5591573,-75.92571697,0.192757,,19.3589,18.443899
1815628042,282.4426911,-75.89413397,-0.0033569599,,19.493299,18.626699
1815628440,282.5804613,-75.74603316,0.107331,,19.595301,18.757099
1815629337,282.3657801,-75.75752735,-0.048069,,19.0748,18.245001
1815629791,282.3956562,-75.6057737,-0.237101,,19.9788,19.074499
1815629849,282.4498838,-75.5806576,-0.4093,,20.011999,19.083
1815629874,282.5088672,-75.55281602,-0.3267,,19.8876,19.039
1815644215,282.3599244,-75.50904777,0.18918701,,18.496201,17.9095
1815644557,282.4096957,-75.43254624,0.28386101,,18.942301,18.089399
1815646266,282.3584876,-75.29322057,-0.139699,,19.8269,18.946699
1815646271,282.484551,-75.29076076,0.387117,,19.5119,18.6712
1815646634,282.4367405,-75.22154981,0.29967001,,18.7349,17.8958
1815646711,282.2692544,-75.18803752,-0.32078299,,20.456499,19.5219
1815646748,282.437194,-75.12807354,0.453825,,18.506901,17.6082
1815649414,282.4099484,-75.10856072,0.38201699,,20.0193,19.073799
1815649576,282.468196,-75.01921453,-0.338072,,19.389601,18.5947
1815649832,282.3573579,-74.97395106,0.28065801,,20.0504,19.2059
1815649929,282.3924498,-74.92714267,0.0375572,,19.544399,18.7202
1815649946,282.5008089,-74.88886653,0.30461499,,18.7827,17.846001
1815650969,282.3923781,-74.88074559,-0.46055901,,20.216299,19.375799
1815651407,282.3825165,-74.74301438,0.1019,,19.172701,18.210899
1815665272,282.4349787,-74.67264031,0.32172599,,19.548401,18.691
1815665306,282.5800347,-74.61978376,0.395291,,18.9256,18.118601
1815628295,282.4494363,-75.84260004,-0.27922699,,18.6621,17.8363
1815628296,282.2841206,-75.86172123,-0.024163799,,18.8393,17.996099
1815629335,282.253078,-75.76833529,-0.300616,,19.182699,18.2752
1815629475,282.4271688,-75.70069519,0.11422,,19.1091,18.1994
1815629793,282.4868789,-75.60787191,0.085669301,,19.078501,18.1737
1815645133,282.4984608,-75.38991048,-0.0175271,,18.9023,18.0835
1815646322,282.339596,-75.28927834,0.0036233801,,18.999001,18.0905
1815646619,282.4001985,-75.22401633,0.340067,,18.2967,17.396299
1815646367,282.4405325,-75.228527,0.035656199,,18.749001,17.830999
1815646368,282.4425045,-75.22430584,0.0854339,,18.499701,17.614
1815646751,282.5135755,-75.14871534,0.026366901,,19.126699,18.187201
1815649410,282.3722787,-75.12046929,0.22838999,,18.6126,17.6817
1815649450,282.4095223,-75.07303265,0.016637299,,18.9622,18.024
1815649824,282.592371,-74.95548333,-0.00747154,,18.9181,17.9639
1815649829,282.4210383,-74.97765129,0.25101399,,18.552999,17.602699
1815665381,282.3498679,-74.63149557,0.131412,,18.537701,17.778999
1815665391,282.5564292,-74.60504809,-0.0292123,,18.7348,17.864599
179992378,11.0155045,-75.1611782,0.5237,,16.6201,15.8217
179999139,11.17327429,-74.49745527,0.268776,,17.2344,16.381201
1815629297,282.0500027,-75.76221631,0.130411,,18.369699,17.427401
1815629617,281.8871806,-75.70924002,0.20085301,,18.634399,17.695299
1815629719,281.9937716,-75.62879715,0.179939,,18.6994,17.755199
1815644545,282.308649,-75.45607309,-0.0051527801,,18.6845,17.8738
1815645827,282.1315549,-75.31491643,-0.076169103,,18.806801,17.9251
1815627876,282.0040553,-75.94398721,-0.0030862,,20.1735,19.240499
1815627885,282.2671773,-75.92825165,0.038323499,,19.651899,18.748899
1815628165,282.2068327,-75.90260888,-0.0821805,,19.696699,18.9058
1815629310,281.9391305,-75.75757081,-0.046379399,,19.6299,18.757299
1815629314,281.9950115,-75.74768902,0.15915599,,19.7337,18.9431
1815629601,282.0146251,-75.70740243,-0.047542699,,19.7194,18.8976
1815629616,281.8547964,-75.71539139,0.35127699,,18.7108,17.7533
1815644050,281.9626243,-75.59149816,0.45017099,,19.402,18.512199
1815644163,282.2598081,-75.54976555,0.49198899,,19.1539,18.2666
1815644170,282.1385459,-75.56900307,0.48970401,,19.9228,18.977699
1815644230,282.0217211,-75.56024156,-0.27034199,,19.741699,18.7978
1815644260,282.1455958,-75.51108068,0.0510493,,20.372801,19.474001
1815644538,282.077129,-75.45854228,0.31488299,,18.969801,18.0399
1815644543,282.2294246,-75.4626839,0.48921901,,18.5793,17.6894
1815644607,282.1253301,-75.41786954,0.33591101,,18.8864,17.989599
1815644609,281.9774132,-75.43324048,0.178261,,19.8599,18.925301
1815644610,282.0219681,-75.42974742,0.431292,,19.7988,18.872601
1815645694,282.021226,-75.40770072,0.50825101,,19.306101,18.403999
1815645715,281.982339,-75.36413715,0.051506899,,19.8988,19.063801
1815645726,282.1997663,-75.36186791,-0.0835706,,19.469601,18.558399
1815645824,282.1867284,-75.31765628,0.11117,,19.263901,18.461901
1815628306,282.3079164,-75.8356266,0.47423601,,18.749599,17.8873
1815629726,282.1586433,-75.6879698,0.43743801,,19.1084,18.191999
1815629746,282.1630278,-75.67071275,0.178368,,19.445801,18.565901
1815644181,282.197463,-75.55673667,0.042929102,,19.6933,18.780199
1815644301,282.3685659,-75.45475081,-0.097234301,,19.1394,18.437599
1815644572,282.3008343,-75.43074351,0.387447,,19.319799,18.509199
1815644632,282.0942557,-75.39868341,-0.175731,,20.345699,19.578699
1815644636,282.1708818,-75.42134091,0.199884,,19.7069,18.9484
1815644666,282.2379806,-75.39349077,0.115303,,19.0989,18.251801
1815644670,282.2598833,-75.38362241,0.221635,,19.892401,19.059299
1815645736,282.1830115,-75.3586488,-0.94373399,,21.028,20.1033
1815645862,282.2964177,-75.25895737,0.225473,,19.219601,18.283501
1815649509,282.2705028,-75.06803512,0.350826,,18.736401,17.799999
1815649513,282.3529864,-75.07107538,0.39439201,,19.191099,18.2761
1815649426,282.2978571,-75.10641027,0.0300132,,19.9874,19.2218
1815649429,282.222229,-75.10658042,0.36850601,,18.401899,17.534401
1815649532,282.1597961,-75.07445924,0.189731,,20.0821,19.2479
1815649533,282.1974258,-75.05794511,0.077275798,,19.2377,18.400299
1815649778,282.3342888,-75.00601137,-0.146034,,19.5417,18.735399
1815649794,282.2594145,-75.01528625,-0.35115501,,19.582899,18.629601
179999551,11.22956858,-74.62294028,-0.13072699,,18.113501,17.2831
1815649780,282.3538826,-75.00367259,-0.124362,,18.9804,18.107401
180000044,10.99828932,-74.76017852,0.247302,,17.4181,16.565399
345203023,281.767887,-74.0162805,0.12926599,,16.8265,16.0068
467932212,282.1599013,-74.87053386,0.41267601,,18.542801,17.608
467931750,282.5117573,-75.46028355,0.205074,,17.7248,16.8414
467931986,282.4778449,-75.17652122,0.38244799,,17.427799,16.528299
467932315,282.3733968,-74.71119713,0.30985901,,17.763599,16.8018
467932440,282.4147193,-74.52501069,0.430132,,17.6467,16.747299
467932841,282.4009583,-74.04417199,0.32674399,,16.955299,16.026501
467931598,282.0867623,-75.71154469,-0.056931,,18.3244,17.4118
467931603,282.215362,-75.7007131,0.29455501,,17.4083,16.4839
467931539,282.3279595,-75.81541112,0.29973999,,17.466499,16.5436
467931931,282.3828453,-75.2554376,0.117272,,18.0711,17.155701
467931672,282.50093,-75.60279446,0.33887801,,16.7197,15.9726
467931895,282.271427,-75.30396748,0.157994,,17.3584,16.4977
467932266,282.3005314,-74.78719591,0.421119,,17.5065,16.550301
467932314,282.2542939,-74.71195256,0.48975199,,17.331499,16.362499
467931473,282.4002775,-75.92338171,0.20085999,,17.540701,16.626101
467931525,282.2543043,-75.83713336,0.221384,,17.592199,16.655199
467931627,282.1747721,-75.66468122,0.068102002,,17.367399,16.443701
467931631,282.2728133,-75.65868949,0.244844,,17.263399,16.3339
467932006,282.3016586,-75.15664708,0.13782801,,18.013399,17.158701
467932036,282.1513451,-75.1192711,0.14845701,,17.866199,16.939199
467932057,282.4499235,-75.0811349,0.107515,,18.236099,17.290501
467932060,282.2562255,-75.0773198,0.35276699,,17.221901,16.2771
467932091,282.1568428,-75.02955257,0.20333201,,18.0259,17.181601
467932138,282.5125007,-74.96633289,0.242833,,17.9321,17.142401
467932239,282.438809,-74.8232784,0.142132,,17.8029,16.9272
467932385,282.3008473,-74.6118944,0.115739,,17.735201,16.8081
467932445,282.249545,-74.52082706,0.21295799,,18.064501,17.1299
467932526,282.205799,-74.40504801,0.139947,,17.875601,16.989799
467932884,282.2329404,-74.00120604,0.27103099,,17.2143,16.3811
467932857,282.3172856,-74.02788495,0.108574,,17.6605,16.785801
467932458,282.4396762,-74.50300718,0.27670899,,17.719999,16.7631
467932702,282.1438634,-74.19189875,0.32098001,,17.123699,16.163099
467932830,282.2700682,-74.06136053,0.23880599,,18.1556,17.198999
467931561,282.3544036,-75.79078996,0.215488,,16.580601,16.1723
467932039,282.1038211,-75.11488155,0.050349802,,17.962799,17.361099
467931636,282.3280172,-75.65124892,0.50259602,,16.236099,15.299
467931862,282.1547837,-75.33708205,0.50169301,,16.5303,15.6645
467932008,282.2381909,-75.15438397,0.420295,,16.1896,15.284
467932237,282.4510395,-74.82592522,0.59988898,,15.9393,14.983
467932401,282.131215,-74.58343054,0.26181701,,16.313499,15.5486
467932725,282.2201575,-74.16872694,0.41933301,,16.6415,15.744
467931529,282.1899829,-75.8327824,0.387191,,16.782499,15.8875
467931530,282.5167701,-75.83056102,0.37017399,,17.306601,16.3692
467931968,282.4557915,-75.20346366,0.47636899,,16.6488,15.7321
467932159,282.1636858,-74.93805715,0.38066,,17.021099,16.0987
467931665,282.2823906,-75.61515892,0.61215502,,16.444401,15.5012
467932244,282.3598246,-74.81502301,4.8914599,,11.6365,10.8078
467931503,282.1325576,-75.8744603,2.18098,,12.7188,11.854
467931633,282.2752266,-75.65294048,0.88546401,,13.651,12.8265
467931788,282.486137,-75.41671215,0.84527302,,13.3259,12.5519
467931860,282.2795062,-75.33888011,1.7678601,,12.4391,11.7763
467932004,282.1928982,-75.15963323,3.00056,,11.8429,11.1167
467932283,282.148369,-74.76370601,3.05796,,12.2012,11.3583
467932236,282.2856058,-74.82842251,,,11.8217,10.9531
467932075,282.141102,-75.05572219,0.67509001,,15.489,14.5645
467931898,282.4219516,-75.30200689,0.82199103,,15.1429,14.2566
467932414,282.1626819,-74.56564366,0.67863601,,15.2671,14.318
467932613,282.3861098,-74.30264958,0.900015,,14.8377,13.9044
467932741,282.4298598,-74.15407923,1.5309401,,14.1731,13.2249
467932856,282.3255123,-74.02821725,0.38589501,,15.1976,14.694
467931476,282.1472757,-75.92048098,0.805273,,14.6685,13.7292
467931632,282.4327983,-75.65305997,0.39997599,,15.5689,14.8061
467931734,282.3523839,-75.48783699,0.559044,,15.7724,14.8869
467931966,282.2085072,-75.2064791,1.0925601,,14.6899,13.8044
467932044,282.4284002,-75.10482563,0.581433,,15.6501,14.7068
467932311,282.2887969,-74.71598721,0.489748,,15.346,14.5938
467932384,282.3504201,-74.61217471,0.43712899,,15.7419,14.7995
467932378,282.5027528,-74.62001468,0.89838201,,15.1936,14.3127
467932569,282.3947105,-74.35161732,0.77268499,,14.9242,14.0095
467932832,282.2883045,-74.05724462,1.2249,,14.3598,13.4176
345202685,281.8084918,-74.47768195,0.38745001,,16.493099,15.6245
345202694,281.9865982,-74.46578115,-0.043072399,,18.9489,18.0737
345202689,282.0296144,-74.47473174,0.25070801,,17.9972,17.037001
345202690,281.9606845,-74.47370507,0.50787699,,16.965401,16.004
345202764,281.9411636,-74.37090983,0.0148585,,18.494101,17.519501
345202794,281.75406,-74.33792274,0.0378571,,17.7731,16.8006
345202864,281.8942143,-74.22609123,0.222817,,17.124701,16.146799
345202888,282.0535039,-74.19552021,-0.0021907501,,18.1544,17.184401
345202974,281.9980638,-74.0906512,0.26075801,,17.3876,16.441299
345202806,281.95355,-74.32041954,0.031140201,,17.3999,16.4662
345202823,281.7958168,-74.28261572,1.62284,,12.5083,11.68
345203015,281.8381861,-74.03135506,0.117559,,15.5954,15.2088
345202687,281.8971884,-74.47653751,0.93453598,,14.8457,13.9133
345202716,282.1067902,-74.43692349,0.51722002,,16.457899,15.5373
352024739,284.0695847,-74.72595305,0.0148034,,18.4928,17.560301
352025375,284.1777213,-75.17048616,0.0426073,,18.1005,17.249399
1815641975,280.0943569,-75.94452665,0.30050099,,19.0602,18.024401
1815641977,280.0711223,-75.94990112,-0.314834,,19.5888,18.578899
1815642078,280.1276049,-75.88840312,0.39425799,,19.208799,18.191401
1815643207,280.1186516,-75.5855186,0.33521101,,19.919399,19.0165
1815647136,280.0568933,-75.36006604,0.021266701,,19.3608,18.495001
1815663429,280.1091421,-74.97596264,0.232124,,18.8144,17.9293
1815663772,280.0617498,-74.88518381,0.22687,,19.711201,18.837799
1815627181,281.0471938,-75.92254891,-0.343346,,20.410999,19.4639
1815668342,281.0823892,-74.52862198,0.58022797,,19.289,18.4128
1815668343,281.0729007,-74.52395579,0.0394582,,18.943501,18.0035
345201896,281.8707418,-75.60886287,0.279174,,17.905001,16.987301
345202916,281.8157721,-74.16687292,0.45775899,,18.223499,17.2395
345202942,282.0834359,-74.13735431,0.084105201,,17.883499,16.9387
345202991,281.922242,-74.06858213,0.19034199,,17.9863,17.1744
345202145,281.9374422,-75.23056135,0.157042,,16.6194,15.8105
345202485,281.8244904,-74.75009311,0.453798,,16.814899,15.8485
345202604,282.1089045,-74.58656923,1.03716,,13.5479,12.7659
345202084,281.8068516,-75.31828167,0.26047799,,16.957001,16.044201
345202990,281.8962164,-74.0700486,0.60445797,,14.0433,13.2403
345202605,281.8655761,-74.5803156,1.69728,,14.0543,13.1346
1815626842,280.5294411,-75.9972664,-0.333206,,20.635799,19.649799
1815642324,280.5589452,-75.84542817,0.044808902,,19.740299,18.798901
1815642414,280.5408893,-75.78868675,0.128484,,19.2605,18.260799
1815642417,280.5201665,-75.79373579,0.30361599,,18.448299,17.714199
1815642683,280.5917954,-75.75116545,0.43550301,,19.9238,18.9702
1815647940,280.5800752,-75.25400275,0.17389099,,19.527,18.7558
1815663159,280.5837418,-75.03075337,0.085555598,,19.1091,18.201401
1815664201,280.6115808,-74.70317428,0.43455201,,19.6262,18.7745
1815667466,280.677561,-74.58521848,-1.30892,,20.196301,19.225901
1815670164,280.5503232,-74.29824942,0.0989886,,19.094801,18.357599
345201972,282.0998301,-75.5016617,3.3171401,,12.6792,11.816
345202162,282.0917327,-75.20801319,2.1407199,,13.5998,12.6802
345202274,281.9838166,-75.02741788,1.6715699,,12.9417,12.014
345202465,282.0233537,-74.78678107,0.986467,,13.2798,12.5972
345201924,282.0583205,-75.56431696,0.45275399,,16.338301,15.4038
345201741,282.01176,-75.85653774,1.14952,,14.8915,13.9577
345202017,282.0048177,-75.45626929,0.62936002,,13.5003,12.9703
345202167,281.7604732,-75.20099405,0.74640697,,14.6132,13.724
345202169,282.0752493,-75.19722659,0.483073,,15.8999,14.9731
345202471,281.8969887,-74.77537567,0.52863902,,15.8595,14.9709
345202509,281.7666539,-74.70777651,0.36638001,,16.014799,15.1894
345202570,281.9902638,-74.63677813,0.809861,,14.8335,14.0054
345202565,281.7988998,-74.64229083,0.68265998,,14.4562,13.4992
345202271,281.9818466,-75.0331655,0.30731201,,16.8384,15.936
345201842,281.846367,-75.69252971,0.402536,,16.065001,15.1862
345202273,281.8293803,-75.02847021,0.64498103,,16.362499,15.4629
345202423,281.9809114,-74.84084553,0.68013102,,16.2451,15.2869
345202170,281.9390603,-75.19659272,0.44816399,,17.043699,16.1415
345087655,281.0059548,-75.45831298,0.30322599,,16.669399,15.8981
345201739,281.8330906,-75.85831007,0.39011401,,17.578501,16.748199
345201744,281.9997711,-75.85115809,0.212485,,17.0331,16.5825
345202062,282.0227159,-75.35841643,0.260896,,18.064301,17.237
345202250,281.9778659,-75.07044237,0.21252801,,17.554501,16.6684
345202512,281.7842334,-74.70279672,0.19142801,,17.8841,16.9457
345202513,281.7918706,-74.70117686,0.39659801,,17.6831,16.791
345202494,281.8210202,-74.73948204,0.44987899,,17.9231,16.999001
345202568,281.9139273,-74.63886837,0.47940201,,17.216101,16.2768
1815642410,280.4922907,-75.81800618,-0.00081378501,,19.2101,18.2059
1815663188,280.5357882,-75.01241773,-0.059517998,,18.9592,18.0355
1815667462,280.6111771,-74.60432628,0.0155902,,19.067101,18.1257
1815664890,281.1845444,-74.72877986,-0.105989,,19.1772,18.246401
1815668354,280.9331907,-74.52021011,0.120808,,18.6504,17.714001
1815670346,281.1950176,-74.17755896,-0.0163374,,18.9053,17.9433
1815627690,281.0775971,-75.79592647,0.264685,,20.260799,19.304001
1815627698,281.2114549,-75.78076856,-0.71297199,,19.9438,19.122
1815643946,281.0734196,-75.38993537,0.239145,,18.7833,17.9746
1815643949,281.0728528,-75.39084999,0.53206903,,19.203699,18.2654
1815649034,281.2870961,-75.21193408,0.097392298,,19.498301,18.528299
1815664889,281.1145138,-74.74078927,-0.123576,,19.5261,18.693001
1815665961,281.1758559,-74.66710074,-0.41791499,,19.488199,18.582001
179991285,11.21963408,-75.40765415,0.316322,,18.090099,17.2414
467937658,282.7873312,-75.78470144,0.108608,,15.3005,14.4228
1815642028,280.4220019,-75.89307237,0.43266201,,20.2911,19.293501
1815642029,280.5081708,-75.88226912,0.40265301,,19.140301,18.1322
1815642151,280.4108374,-75.83054039,-0.19488899,,20.2425,19.306499
1815648066,280.3496669,-75.19699804,0.084746301,,19.743799,18.8836
1815663644,280.4139594,-74.87365049,0.40736201,,19.104401,18.164
1815668267,280.4437424,-74.27359829,0.041423898,,20.0166,19.120001
1815647335,280.7604593,-75.40122168,-0.42551601,,19.631001,18.806801
1815647343,280.7452231,-75.38560596,0.33196199,,18.7652,17.811199
1815664013,280.7781133,-74.71455842,0.259321,,18.7012,17.833
1815668779,280.7359102,-74.40282065,0.57227999,,19.228001,18.2693
1815669803,280.7668489,-74.33709091,0.30951801,,19.447901,18.523899
1815670293,280.7764181,-74.21985036,0.170665,,18.958099,18.073999
1815643585,281.2023634,-75.47201533,0.37895799,,18.4991,17.6644
1815643586,281.1532111,-75.48868898,-0.476044,,19.6441,18.712
1815684318,281.1992576,-74.07923532,0.096468598,,19.644899,18.829
1815626576,281.3067549,-75.97417867,-0.063074201,,19.1661,18.270901
1815626580,281.2580576,-75.97169893,-0.085765198,,19.5334,18.708799
1815627211,281.231836,-75.95707049,0.061556801,,20.0959,19.117599
1815627317,281.3433158,-75.89868946,0.382566,,19.3293,18.3596
1815627561,281.1797274,-75.87236567,-0.79485101,,20.4307,19.466
1815627565,281.1161037,-75.86998034,-0.214054,,20.511801,19.560499
1815627659,281.1393807,-75.83086074,0.209106,,19.6394,18.692499
1815642616,281.2624267,-75.68322371,0.67258197,,19.367001,18.3936
1815642926,281.2381733,-75.6076324,0.36981601,,18.9006,17.923
1815642932,281.3342279,-75.58970294,0.27455199,,18.9548,18.123899
1815643004,281.2137518,-75.56534974,-0.45860201,,19.6078,18.6737
1815643008,281.330796,-75.55880373,-1.22192,,20.3874,19.458799
1815643455,281.1910527,-75.53711227,0.47043499,,19.139601,18.258101
1815643459,281.3330728,-75.53128368,0.33908299,,18.934099,18.0012
1815643492,281.3131944,-75.49702182,0.23494899,,19.098301,18.169201
1815643582,281.1603943,-75.48292362,0.59268397,,18.334,17.480101
1815643973,281.250445,-75.34530525,-1.09109,,20.2376,19.3419
1815647394,281.2149294,-75.30945524,-0.094512403,,20.1947,19.3699
1815648778,281.231441,-75.24259243,0.10859,,18.8873,18.0672
1815649060,281.3163738,-75.1881217,0.38355801,,19.0222,18.0732
1815649136,281.1446521,-75.17764909,0.22605599,,20.1961,19.343201
1815649161,281.3626821,-75.13221869,0.098868698,,19.893801,19.0418
1815649162,281.3458607,-75.12983342,0.50394201,,19.506599,18.541901
1815650115,281.1112061,-75.15605202,0.29333901,,18.934,17.9655
1815650147,281.1015695,-75.12235579,0.32864001,,19.037001,18.073601
1815650135,281.2717106,-75.10543634,0.42998999,,18.999399,18.0553
1815650218,281.0681781,-75.09680676,0.186731,,19.4118,18.6043
1815650180,281.4021873,-75.08619676,0.0723169,,19.4398,18.481899
1815650588,281.2577541,-74.97947887,-0.065268598,,19.3983,18.534901
1815650593,281.319431,-74.96568715,0.217933,,18.9119,18.010799
1815650596,281.3684854,-74.95588042,-0.69960999,,19.850599,18.8901
1815650641,281.1761799,-74.96162951,-0.34294701,,19.701599,18.8969
1815664760,281.150294,-74.8102636,0.123886,,19.604601,18.746599
1815664805,280.9370707,-74.82182609,0.145935,,19.4485,18.603399
1815664869,281.2718917,-74.74451227,-0.12531701,,20.1866,19.2409
1815664878,281.1892698,-74.7442841,0.32244399,,18.810301,17.8699
1815666339,281.1407159,-74.55858798,0.586981,,19.5471,18.6632
1815666492,281.4128224,-74.48740047,0.174945,,18.7736,17.939699
1815668487,281.2412956,-74.46091176,-0.168147,,19.882099,19.0303
1815668480,281.3650892,-74.45844834,0.386383,,19.0748,18.1054
1815668606,281.4078737,-74.4082377,0.64133698,,18.9543,18.017799
1815668941,281.2120085,-74.32384016,0.315005,,19.4832,18.5459
1815670423,281.3144415,-74.13148514,0.184543,,19.121901,18.176901
1815670531,281.3468136,-74.06458954,-0.051759101,,19.7771,18.878599
1815684327,281.197079,-74.07291592,0.406295,,18.992701,18.0777
1815684335,281.3592583,-74.05023353,0.387806,,18.6663,17.7377
1815684371,281.3026778,-74.01734637,-0.019045901,,20.037701,19.0749
345087979,281.0253523,-74.97287387,0.81272799,,16.233999,15.2987
345087975,280.9868918,-74.98207437,0.60186201,,15.0725,14.2125
345088004,281.2212597,-74.94420581,0.73458302,,15.2157,14.2484
345087998,281.0637778,-74.94999688,-0.170459,,17.9837,17.330299
345087594,281.3138484,-75.54124135,0.239581,,18.100901,17.1418
345087596,281.1281962,-75.53615983,0.153272,,17.7789,16.852501
344171928,280.4798752,-75.63937356,0.410548,,17.220699,16.2325
345175235,281.6740071,-75.46257309,0.28454599,,18.051399,17.2829
345087910,281.2487514,-75.07503307,0.22415701,,18.0625,17.1429
1815647336,280.7837924,-75.3971445,0.032562401,,18.668699,17.722099
1815668780,280.7529634,-74.39056107,0.0992098,,19.163099,18.1894
1815669802,280.7692993,-74.33654996,-0.132745,,18.9536,17.9842
1815669934,280.7893556,-74.27830134,0.084190398,,18.430401,17.7285
1815684313,281.0661968,-74.07136958,0.262757,,18.751499,17.810699
1815626575,281.2682327,-75.97804923,-0.065747,,19.063499,18.084499
1815627609,281.2635655,-75.81811063,0.17917401,,18.8687,17.955799
1815642512,281.3530752,-75.73826029,0.120677,,19.0275,18.061701
1815642928,281.2785668,-75.60536201,-0.0235397,,18.5762,17.752399
1815649131,281.2620117,-75.17418858,-0.032488801,,18.875,18.0597
1815650117,281.1598696,-75.14603557,-0.16964,,19.1598,18.2225
1815650672,281.3069913,-74.93736634,0.276021,,18.684799,17.730801
1815664497,281.2393948,-74.81692847,-0.109676,,18.780001,17.8081
1815664503,281.3821238,-74.81284693,0.222243,,18.381201,17.5021
1815666376,281.4504361,-74.54838125,0.186058,,18.1782,17.311001
1815668482,281.3923437,-74.44859735,0.145877,,18.5168,17.5711
1815668578,281.17767,-74.42285155,0.314345,,18.443701,17.479401
1815668946,281.2728747,-74.30970109,0.160357,,18.3717,17.434799
1815668947,281.2805376,-74.30928648,0.0645127,,18.9457,17.989599
1815668474,281.2909425,-74.46395742,-0.0051213498,,19.1376,18.221701
344181451,280.4937,-74.42108025,1.71044,,11.5024,11.0777
344172092,280.4178905,-75.37662842,0.62646598,,16.2992,15.3352
344181585,280.4342561,-74.24130356,0.602494,,15.1788,14.2096
344168957,279.9684429,-75.23108945,0.28715,,17.2973,16.439501
422139965,280.6618689,-74.97256545,0.355602,,18.398399,17.474501
344169290,279.7967212,-75.75533287,0.30279401,,18.285999,17.281
344169296,279.7338622,-75.77363975,0.26687101,,18.039101,17.062901
180000781,11.12014853,-74.59995746,0.34113899,,17.754101,16.931999
180001052,11.21602262,-74.5121785,0.34212601,,17.0909,16.2223
344168257,279.8613252,-74.20801818,0.119105,,17.6315,16.6199
344168628,280.0701497,-74.74759942,0.50598699,,16.8039,15.8868
180000846,11.03629714,-75.45557365,0.31415701,,16.9802,16.1474
344168126,279.8803112,-74.04490553,0.50196701,,17.936001,16.950701
422139611,280.9374932,-74.60255756,0.341629,,17.4286,16.450001
422140753,280.6174046,-75.89213987,0.372226,,17.7064,16.7066
345175277,281.3778233,-75.53135747,0.70223802,,14.8732,14.0892
422140096,280.6594342,-75.11294837,0.66200501,,16.352501,15.4351
344168627,279.8800955,-74.73946992,0.45977101,,16.4676,15.5798
344168127,279.9029623,-74.04517317,1.04584,,13.4652,12.6308
182292875,15.34351153,-74.46232593,1.59489,,13.879,13.0932
345087442,281.1900785,-75.7624114,0.68062401,,15.8414,14.8753
345088238,281.0645966,-74.64769976,0.299716,,16.865101,15.8914
345170708,280.9956009,-74.20257173,0.45457199,,16.178499,15.2091
344181371,280.5414168,-74.54273711,1.70271,,12.8221,11.9022
344181376,280.3826035,-74.52997273,1.15531,,12.709,11.9071
345087430,280.9954231,-75.78502033,1.08988,,13.7868,12.9868
344181441,280.5054232,-74.43213131,0.87141001,,14.5515,13.6562
344172135,280.3930721,-75.30807213,0.35668501,,15.9261,15.0666
344172021,280.3218849,-75.48799607,1.1234699,,14.9589,14.0242
345088162,280.959334,-74.74355491,1.13123,,14.8201,13.9113
345087827,281.2382732,-75.21378028,0.661955,,15.6406,14.6979
345170644,281.1938137,-74.29587242,0.66522598,,15.9659,14.9919
344181437,280.3946124,-74.43830913,0.30164799,,17.2216,16.262501
345087435,281.062078,-75.77629801,0.213195,,16.7819,16.068701
345170637,281.1277153,-74.30122014,0.178414,,17.853399,16.915501
345170524,281.1621744,-74.45626478,0.72765201,,15.5779,14.6407
344172370,280.4318131,-74.96812298,0.52043903,,16.2659,15.3454
344181515,280.497339,-74.3268784,0.498301,,16.582701,15.611
344172323,280.1845357,-75.02812386,0.36543599,,16.2568,15.3444
345087573,281.241908,-75.56665529,0.61885399,,16.2728,15.3048
345088175,281.1642197,-74.72980432,0.55481303,,16.3799,15.4147
422139930,280.7793061,-74.9352658,0.36813799,,17.5172,16.568501
345170526,281.2135338,-74.45480522,0.38940299,,17.931999,17.091299
422139990,280.6372932,-74.99523323,0.53369898,,17.128401,16.191401
422139841,280.944628,-74.85279179,0.26804301,,17.2472,16.290199
422139935,280.6364983,-74.94016742,0.245401,,17.163601,16.2276
422140027,280.5796849,-75.03677734,0.466618,,16.899599,16.024799
345087746,281.2542412,-75.31338163,0.52411997,,17.128,16.1616
422139582,281.007704,-74.56864937,-0.216419,,18.402201,17.4979
422140408,280.7512125,-75.47337018,0.168415,,18.250601,17.311501
344181443,280.4544367,-74.4306064,0.184168,,17.6803,16.7325
344181571,280.4089681,-74.2588655,0.30325699,,17.877001,16.889
422139072,280.839637,-74.04591177,0.29152301,,17.863501,16.8706
422140046,280.5425514,-75.0649205,0.14293399,,18.2341,17.3752
345087960,281.1467897,-74.99946196,0.120594,,17.5292,16.572001
345087437,281.2064816,-75.76880156,0.28624201,,17.523701,16.554399
345170550,281.0435731,-74.42082841,0.36007899,,17.915001,16.9825
345202769,281.7927299,-74.36872698,0.839737,,15.0979,14.1176
345202611,282.0988003,-74.57323036,0.63689202,,14.8923,14.2149
345202843,281.780342,-74.25695495,0.52901399,,16.4256,15.4271
345202340,281.9152593,-74.93757627,0.464376,,16.8381,15.9026
345202415,281.9473902,-74.84976064,0.34924901,,16.8053,15.9106
345202535,281.9654596,-74.67555735,0.47409499,,17.3878,16.4298
179994994,11.14242452,-75.68180264,0.43739,,17.531401,16.6735
345202711,281.8755433,-74.44998944,0.035901599,,17.791401,16.9275
422139645,280.6780829,-74.64599329,0.25903699,,18.1828,17.2314
422139985,280.6860488,-74.99055788,0.289141,,18.0361,17.084101
422140659,280.5708067,-75.76405725,0.298794,,17.3195,16.329201
345087745,281.0408125,-75.31740467,0.105686,,17.965799,17.0681
345087825,281.319216,-75.21515422,0.355977,,17.7691,16.864599
1815627398,280.6710138,-75.94313412,0.119405,,18.734699,17.7708
1815642833,280.6957068,-75.67511607,-0.0543143,,18.8472,17.896601
1815666318,280.9606442,-74.57812154,-0.16624101,,19.0168,18.138201
1815670235,280.7991832,-74.22250282,0.041652899,,19.3864,18.397301
1815627394,280.7977972,-75.93343648,-0.0210336,,19.646799,18.662201
1815642827,280.9200728,-75.65804382,0.204739,,19.182699,18.2246
1815642831,280.8997975,-75.65329564,-0.40623701,,19.3743,18.450399
1815643789,280.8163289,-75.51145515,0.27054501,,18.8288,17.936399
1815647351,280.8809574,-75.37068994,-0.34470901,,19.353201,18.562
1815648240,280.986237,-75.11690085,0.547925,,20.038,19.083799
1815668405,280.8856377,-74.46787749,0.058110099,,19.0811,18.2061
1815668413,280.9539905,-74.48860049,0.023425,,20.316999,19.372999
1815669920,280.9021755,-74.29124569,0.27551499,,18.994101,18.0732
1815627429,280.9131714,-75.9087471,-0.021651801,,19.7222,18.943399
422139543,280.5619368,-74.5168675,0.69443798,,18.4189,17.485201
345170677,281.1325154,-74.25313094,0.47565299,,16.5084,15.5558
1815626941,280.1767353,-75.99715073,0.0291549,,19.9391,19.020399
1815626945,280.2341722,-75.98703486,0.68690002,,19.4811,18.4653
1815643173,280.053427,-75.62861894,0.41489899,,19.631001,18.683399
345087526,281.0561798,-75.64097268,0.56942999,,15.7568,14.8091
422139522,280.8813273,-74.49122029,4.1101999,,11.4705,10.7137
344171874,280.4290571,-75.74785515,1.78943,,13.532,12.554
1815663006,280.0487187,-75.10288397,0.36944601,,19.711399,18.910801
1815664050,280.249338,-74.77741682,0.44493401,,19.0818,18.1448
422139499,280.5729776,-74.46609656,3.8020301,,9.7088699,9.2298002
422139501,280.8713453,-74.46939161,1.73111,,12.9926,12.0948
344172212,280.4552376,-75.21551667,0.75191802,,13.8615,13.0326
422140490,280.7427936,-75.57984766,0.85211802,,15.1335,14.1459
422139526,280.733767,-74.49895231,0.49351701,,13.9031,13.4786
422139528,280.8663858,-74.50002376,0.625714,,14.4834,13.7058
422139405,280.6094079,-74.37254217,0.56067002,,15.4623,14.6711
422139515,280.5828964,-74.48542223,0.786865,,15.1185,14.2245
345087549,281.0176049,-75.61321988,0.87635797,,15.2841,14.3379
345170573,281.2949238,-74.39053956,0.40678599,,17.009399,16.0504
422139503,280.5754279,-74.47136986,0.44994599,,15.7584,14.8369
344181711,280.31973,-74.08668189,0.27641001,,17.5849,16.591999
345170681,281.123396,-74.24716961,0.38410899,,17.143499,16.1765
344168802,280.1327345,-74.98431688,1.20724,,14.6072,13.7333
344181396,280.3456422,-74.49828083,0.93116701,,15.1116,14.1334
345088150,281.2583742,-74.76022575,0.329638,,16.805401,15.868
422139161,280.6099257,-74.13556907,0.448331,,16.396,15.4859
344168880,280.1332582,-75.1109524,0.14151201,,17.909901,17.0387
345087523,280.9690924,-75.64645336,0.277226,,17.613501,16.678301
345087524,280.9894192,-75.64424096,0.254904,,17.3925,16.485399
345087945,281.065629,-75.01351511,0.36183101,,17.6525,16.698799
344171871,280.4822874,-75.75328626,0.43165901,,17.310101,16.3146
345202005,282.1037048,-75.46335147,0.42826599,,17.149799,16.2432
345170674,281.0863257,-74.25675889,-0.0592876,,17.992399,17.0856
344181720,280.3563457,-74.07797065,0.253609,,17.823299,16.8409
422139880,280.8838715,-74.89026041,0.42440301,,18.076401,17.114201
422140076,280.6588813,-75.095284,0.157598,,17.8188,16.916599
422140770,280.9002279,-75.92099423,0.23707201,,18.181101,17.2248
422139496,280.8480357,-74.46405057,0.116287,,18.5121,17.555901
345087543,281.0608446,-75.62031601,0.109437,,17.479401,16.523001
345170680,281.0795283,-74.2494955,0.30935001,,17.370399,16.4097
422139881,280.7684498,-74.89266837,0.42736799,,18.027,17.2314
345174661,281.7472866,-74.60653296,0.54416102,,16.7976,15.8475
345174580,281.7014401,-74.49399395,0.271063,,17.7456,16.785801
345202133,281.7790873,-75.24838764,0.35420799,,18.230301,17.2717
345202454,282.0183501,-74.79948763,0.214487,,17.8936,17.013201
345087947,281.2926476,-75.01170508,0.48991299,,17.4137,16.4844
345170568,281.0180739,-74.39713818,0.077747099,,17.8752,16.9242
422139152,280.5863766,-74.12853954,0.279149,,18.097099,17.1637
422139408,280.6069409,-74.37389586,0.067717098,,17.8988,16.930799
1815626944,280.2556843,-75.9877782,0.29178101,,18.111601,17.2442
1815643178,280.1148577,-75.61013837,-0.092646703,,18.8627,18.033701
1815663712,280.1623963,-74.90456541,0.061161201,,18.9233,18.0075
1815664052,280.250356,-74.78095394,-0.020671699,,18.7283,17.7976
1815648037,280.4246687,-75.20809604,0.34017,,17.2579,16.378901
345088228,281.0021278,-74.65734062,0.40545499,,18.2439,17.2922
1815627227,281.1561516,-75.94971868,0.228902,,18.5688,17.6758
1815627235,281.1854084,-75.93560609,0.21983901,,18.693501,17.77
1815663050,280.2253499,-75.06913084,0.234339,,18.4624,17.564699
1815650516,281.2582307,-75.01920455,0.082067199,,18.7871,17.8895
1815662971,280.0283174,-75.14659687,0.0271792,,18.6707,17.740499
1815626952,280.1990569,-75.98557184,-1.00796,,20.1532,19.1751
1815647596,280.1566626,-75.35228578,0.296231,,18.532499,17.702299
1815663421,280.0372824,-74.98702554,0.056404602,,19.1481,18.372601
1815663731,280.3243411,-74.87111056,0.450578,,18.3573,17.523001
1815663737,280.1229865,-74.89331489,0.125374,,20.0986,19.2812
1815663815,280.2792743,-74.79279491,-0.28305101,,19.880899,18.948999
1815668122,280.1959635,-74.36661612,-0.53634298,,20.618099,19.6574
1815642229,280.022492,-75.8239875,0.20996501,,20.091299,19.2013
1815643713,280.4453821,-75.52237017,0.00578696,,19.503,18.522301
1815642141,280.3054537,-75.83262674,-0.84330398,,20.6241,19.621
1815642191,280.2252737,-75.82539385,0.042346299,,19.719801,18.937
1815648038,280.4873566,-75.21417361,0.33736601,,19.958099,19.0709
344168549,280.0078643,-74.62676356,0.308662,,16.7778,15.8131
1815663049,280.2267582,-75.07041373,0.35260299,,20.245001,19.3666
1815648344,280.4007537,-75.15077037,-0.870534,,20.621799,19.7579
1815663493,280.3137543,-74.90372293,0.27605399,,19.764099,18.866699
1815663496,280.2675527,-74.90145631,0.441214,,18.636101,17.821899
1815684584,280.5416232,-74.05612057,-0.54924399,,20.078501,19.267401
1815663384,280.3962305,-74.96988761,-0.418863,,20.0753,19.249399
1815667668,280.3533966,-74.5442829,-0.078369603,,20.334101,19.355499
1815667762,280.17896,-74.5128653,0.081300102,,20.000099,19.043301
1815627326,281.210525,-75.89848041,-0.65871,,20.1469,19.245501
1815643861,281.1501984,-75.41929222,-0.0891065,,19.7409,18.899401
1815643864,281.2179158,-75.42495211,0.245536,,19.4382,18.6793
1815627330,281.2365183,-75.87889668,-0.75247699,,20.519899,19.656799
1815647386,281.0377945,-75.33436716,0.29718399,,19.137899,18.176399
1815662969,280.0155621,-75.15080043,0.063497797,,19.450199,18.547501
1815650513,281.1070634,-75.0274636,-0.171689,,19.326799,18.4965
1815650550,281.1647329,-74.99101076,0.33242801,,20.1222,19.2276
345201952,281.8701479,-75.53156862,0.211968,,17.0856,16.1614
1815665863,281.1005367,-74.7356339,-0.352505,,19.656799,18.816
345201984,282.0497658,-75.49105935,0.34097201,,16.964199,16.0257
345202056,281.8316536,-75.36648777,0.34568599,,17.2593,16.3634
345202393,281.767113,-74.88087674,0.31259701,,17.428801,16.472401
345202429,282.0330245,-74.83271074,0.30593601,,17.4758,16.6689
422140261,280.5085082,-75.28940403,0.30668801,,17.7722,16.971001
345174516,281.5714382,-74.42308402,0.28861201,,17.575001,16.6353
345174517,281.6912635,-74.42397734,0.16893101,,18.0539,17.073
345174662,281.5682999,-74.607462,0.31293699,,17.469,16.5315
345201674,282.0419671,-75.966395,0.210517,,17.2132,16.365299
345201804,282.0629724,-75.75262185,0.32247701,,17.850401,16.9083
345201806,282.0762167,-75.74023498,0.190824,,17.729,16.809401
345201881,281.7667998,-75.63062918,0.25510001,,18.2656,17.4112
345201955,282.0027993,-75.52540741,0.243459,,17.802799,16.9286
345201979,282.1072212,-75.49641415,0.54904902,,17.3584,16.501301
345202077,281.8465052,-75.33207012,0.32603201,,17.424801,16.509001
345202138,281.8176443,-75.24514768,0.13401701,,17.5485,16.6721
345202176,281.7648213,-75.17268499,0.31913799,,17.539801,16.5874
345202204,282.0415212,-75.13440303,0.232126,,18.369301,17.426001
345202205,282.0946456,-75.13326152,0.0104475,,18.091801,17.180599
345202308,281.9441476,-74.9808214,0.40621099,,18.0917,17.202101
345202311,281.8387007,-74.97402115,0.225045,,18.304501,17.3577
345202356,281.8466211,-74.92086357,0.31146199,,17.942301,16.971201
345174221,281.5066779,-74.03923637,0.244718,,17.829,16.9921
345174627,281.4782593,-74.55647342,0.37779799,,16.216299,15.3469
345202515,281.8574846,-74.69705063,0.52761197,,16.555799,15.6178
345201954,281.8620744,-75.52910839,0.14572901,,16.5755,15.8328
345202287,282.0266315,-75.01400328,0.37389299,,16.873501,15.9895
345174241,281.6252097,-74.06016116,1.1036299,,14.3242,13.5119
345202305,282.1195611,-74.98211173,0.82298398,,14.6579,13.851
345202220,281.9703553,-75.11787069,0.395181,,16.7442,15.8662
345201980,281.9722677,-75.49502167,1.80748,,10.7782,9.9989004
345201958,282.0967789,-75.51686228,2.3103399,,12.6689,11.759
345202030,282.0017444,-75.4288632,1.17436,,13.2911,12.3862
345202425,281.947439,-74.83778715,2.42714,,13.146,12.264
345202547,281.8873007,-74.65815796,0.81304997,,14.6415,13.8573
345201758,281.7819187,-75.82134799,0.99075699,,14.9408,13.9807
345202195,282.0410061,-75.15160758,0.97918302,,13.9616,13.2105
345202200,281.9924805,-75.14505072,1.31058,,14.0333,13.167
345202431,282.0118973,-74.83194784,1.69475,,13.944,13.1103
344168761,280.1380675,-74.9333564,0.95909798,,13.6783,13.0955
344169155,279.9217221,-75.54862946,0.84491301,,14.2898,13.542
345174389,281.4145583,-74.25468609,1.09482,,15.1967,14.2386
345174522,281.3730295,-74.43120633,0.588085,,15.2462,14.3785
345201672,281.9182174,-75.96702092,0.94657999,,14.6246,13.6774
345201756,281.9049362,-75.828635,0.580715,,15.6675,14.7529
345201786,281.7605296,-75.776571,0.88455898,,15.0115,14.0506
345201805,282.0098144,-75.74756212,0.63258201,,15.4543,14.5698
345202179,281.8609432,-75.16927786,0.80356699,,14.9061,14.0696
345202202,282.0796735,-75.13894734,0.68115997,,15.2226,14.4053
345202496,282.0187918,-74.73623838,0.63690799,,15.54,14.5673
345087587,281.315035,-75.55256708,0.79767901,,15.4945,14.6068
1815627594,281.1618848,-75.83428002,0.200396,,20.455601,19.4902
1815643553,281.1122404,-75.51109333,0.31159401,,18.221399,17.4233
1815643557,281.1678735,-75.50851163,-0.230002,,18.9268,18.208401
1815647733,281.1148199,-75.24562049,0.54220599,,19.944201,19.023001
1815650544,281.2340076,-74.99404639,0.35765201,,19.285,18.356899
1815668930,281.2439163,-74.33553782,-0.20219401,,19.7292,18.7784
1815668937,281.2024189,-74.33089128,-0.157456,,20.2031,19.342199
1815669979,281.1282303,-74.27052655,0.567298,,18.9928,18.099899
1815669987,281.1714244,-74.25652388,0.15221301,,19.523001,18.8477
1815642954,281.1406127,-75.61290369,0.017344199,,20.4398,19.4785
1815642957,281.1653423,-75.60336482,-0.30226901,,19.3596,18.778601
1815664785,281.1473669,-74.79072638,-0.34250501,,20.106199,19.2115
1815668548,281.2638126,-74.44072349,-0.28412601,,20.5145,19.6562
1815670367,281.1386692,-74.1599665,-0.042016901,,19.332899,18.450899
345087752,281.2725183,-75.30366802,-0.18200099,,17.8197,17.0341
345087583,280.9581971,-75.55752636,0.27785599,,18.2181,17.2953
345087758,281.290681,-75.29872602,0.283876,,17.436199,16.5499
345170670,281.1543671,-74.25880076,0.21462999,,17.6252,16.676901
345170797,280.9736987,-74.0666097,0.351697,,17.535299,16.7183
1815642872,281.1616856,-75.66501775,0.377588,,18.4676,17.486601
1815668546,281.1933643,-74.44562613,0.058316901,,18.856501,17.8915
1815668552,281.1705861,-74.44703639,-0.229009,,18.871,17.9646
1815684292,281.114317,-74.08343061,-0.106952,,19.1458,18.2505
422140782,280.9482338,-75.94198681,0.33655199,,16.5557,15.6603
422140515,280.6871753,-75.61358567,1.22405,,14.8664,13.9114
422140727,280.731912,-75.85405197,0.75257802,,15.552,14.5903
422140730,280.6762229,-75.8580844,0.65099001,,15.709,14.8059
1815663285,280.5275471,-74.96438252,0.146394,,19.6719,18.817301
1815663518,280.6256026,-74.92507794,-0.25540999,,19.5452,18.746599
1815663520,280.5639144,-74.92226351,0.32615501,,18.8874,18.011999
1815667710,280.5084094,-74.51355039,0.439118,,19.2096,18.413799
1815684210,280.4560384,-74.14442778,0.33075899,,19.1194,18.1376
1815684509,280.4826858,-74.09714263,0.219726,,18.892599,18.01
1815643698,280.3161255,-75.56526633,0.30964401,,19.6644,18.669201
1815647948,280.4302236,-75.25488251,0.43142,,18.6106,17.6502
1815663061,280.4517565,-75.03920987,-0.16974901,,19.555901,18.730101
1815663956,280.4738932,-74.7604164,0.47081801,,19.193701,18.2789
1815663957,280.4748069,-74.75704236,0.386783,,20.0369,19.144501
1815667696,280.4494381,-74.54086729,0.31076899,,19.090401,18.2111
1815667697,280.4945091,-74.54122263,0.31207001,,19.3076,18.3948
1815643414,280.9516274,-75.58732022,0.078831598,,19.7537,18.862
1815643498,280.9382694,-75.55521727,-0.448138,,19.657101,18.6779
1815647820,280.8759686,-75.20368547,0.00423213,,19.309299,18.4151
1815664757,281.2284935,-74.81493096,-0.14160401,,20.0362,19.1047
1815665834,281.0234906,-74.73299554,-0.13722999,,19.3543,18.4419
1815666208,280.9976004,-74.64684505,0.19799601,,19.5613,18.628099
344181749,280.4126311,-74.04921709,0.65037501,,16.1824,15.2016
344172303,280.1802026,-75.06021566,0.51982701,,16.8298,15.9115
344181265,280.2859624,-74.69292762,0.41148201,,16.9142,15.9639
345087297,281.249413,-75.99891212,0.61712903,,15.5433,14.6402
344171960,280.5065763,-75.59281728,0.39452901,,16.7801,15.8012
344172145,280.211272,-75.29848377,0.44484499,,16.243999,15.2973
422140179,280.6761356,-75.20949931,0.413158,,16.7414,15.8232
422140384,280.629334,-75.44901519,0.572088,,16.263,15.3093
422140433,280.8349046,-75.51327188,0.361137,,16.856199,15.881
345087423,280.9859707,-75.79345513,0.397286,,16.7073,15.7498
422140123,280.7105881,-75.14999807,0.43525001,,16.8627,15.9089
345170509,281.1757025,-74.47800912,0.35138401,,17.708799,16.761801
344172061,280.5167779,-75.42685168,0.30307001,,17.197201,16.235399
344172385,280.5510132,-74.9492962,0.37603301,,16.7703,16.0273
345087854,281.3030584,-75.18041574,0.35283899,,17.1017,16.1684
344172101,280.3308977,-75.36137572,0.35695401,,16.8976,16.013201
422139701,280.853969,-74.71765877,0.236073,,17.0781,16.1714
422140389,280.8347675,-75.45430042,0.18694501,,16.656799,15.8467
422140153,280.8777896,-75.18174797,0.383183,,16.7731,15.8523
344172138,280.2322925,-75.30637637,0.33560899,,17.049,16.2169
422139166,280.9676376,-74.14367119,-0.105322,,18.551399,17.606199
422140586,280.6201763,-75.69166798,0.210813,,18.2841,17.405199
344181357,280.3882279,-74.56432903,0.12905601,,17.2714,16.377701
344181750,280.4714352,-74.04569478,0.15102801,,17.891001,16.9286
422140474,280.8306055,-75.56237402,0.235992,,17.7787,16.837
422140566,280.8963218,-75.66663156,0.37747899,,17.7528,16.807699
345087736,281.1235667,-75.34372679,0.233347,,17.513901,16.561899
422140155,280.7841847,-75.18341509,-0.0119645,,18.037399,17.158199
422139290,280.7386234,-74.26087626,-0.034811299,,18.3528,17.4641
345087354,281.3117312,-75.89802733,0.32134199,,17.9429,17.0592
344181288,280.4800872,-74.66851225,0.654755,,17.407801,16.473801
422140587,280.5708784,-75.69210041,0.00133066,,18.6581,17.687799
1815667546,280.4591538,-74.58714571,0.14951301,,18.916901,17.9606
1815667708,280.4756565,-74.5267011,0.33563101,,18.220501,17.239901
1815643700,280.3364591,-75.5595952,0.14829899,,18.816601,17.8253
1815663062,280.4599324,-75.03671713,0.070337102,,18.892599,17.989901
1815648641,280.8133979,-75.01190557,-0.00245473,,18.620501,17.7374
1815664854,281.1439524,-74.77508884,-0.0153684,,18.7663,17.8978
1815666203,280.9447724,-74.65240152,0.035705101,,18.677299,17.724199
1815670447,281.0223529,-74.15539771,-0.15316901,,19.295,18.3256
1815663543,280.5622119,-74.90825608,-0.43789101,,19.441799,18.5548
422139168,280.6895604,-74.14474941,1.35862,,13.711,12.7854
422139167,280.6698302,-74.14367696,2.3499401,,12.5918,11.7766
345088178,281.2794936,-74.72584111,2.1458399,,12.0437,11.2358
344171829,280.2800501,-75.82311579,1.8967299,,12.8305,11.9735
422140247,280.7024467,-75.27557867,1.8583699,,13.7303,12.81
344181266,280.2254989,-74.69160985,,,11.3513,10.5805
422139628,280.8217384,-74.61758272,0.31025699,,16.271,15.3697
345170507,280.9843727,-74.47948354,0.385212,,16.222099,15.4307
344172052,280.1973202,-75.43351185,0.70194203,,15.5649,14.6396
344172140,280.3411627,-75.30358434,0.44854099,,15.4254,14.5534
344172144,280.4389306,-75.30076338,1.22176,,14.469,13.5608
344181263,280.3023985,-74.69492879,1.16855,,14.4661,13.5511
344181596,280.5505791,-74.22971869,0.991175,,15.3316,14.3497
422139555,280.7709346,-74.5293301,0.84221601,,15.2726,14.3901
344168972,279.8379378,-75.25287793,1.25639,,12.9406,12.1813
344129989,279.0744556,-75.72334067,1.0444601,,15.3123,14.3549
422140534,280.601654,-75.62864827,1.05996,,13.933,13.1065
345087928,281.3336722,-75.03649225,1.4077899,,13.9468,13.0462
345088197,281.0486471,-74.6992609,1.68827,,14.3481,13.4027
345088202,281.3376761,-74.68847095,1.10219,,14.5084,13.5575
344129456,279.379326,-74.84480444,0.61644697,,13.7981,13.3374
344181625,280.2227717,-74.19343137,0.295744,,15.9261,15.0682
422139633,280.8897771,-74.62984727,0.55387199,,16.2068,15.2315
345088199,281.1044756,-74.69781474,0.648678,,14.793,14.0072
345088201,281.3088794,-74.68869701,0.66797298,,16.15,15.2071
422140318,280.6960272,-75.36660778,0.56186497,,16.3409,15.3827
344181408,280.5524568,-74.47439521,1.11322,,13.4806,12.7175
345087838,281.2732478,-75.20567931,0.234997,,17.280001,16.3783
345087874,281.0334131,-75.14000961,0.342329,,16.7652,15.9636
422140019,280.6688735,-75.0297365,0.444278,,16.067699,15.2507
344129457,279.2798531,-74.84625579,0.392187,,17.2579,16.3106
422140021,280.7778799,-75.03127234,0.420055,,16.836901,15.9182
422140823,280.7667065,-75.98130343,0.44062999,,17.0748,16.1073
345087700,281.08326,-75.40844045,0.213524,,17.007999,16.1887
345087701,281.0183593,-75.40439091,0.38692999,,17.4713,16.5114
345087840,281.0011279,-75.20191362,0.292088,,16.893,15.9601
345170748,281.2590988,-74.13785315,0.313833,,17.554701,16.5825
344129638,279.1556442,-75.14232133,0.39750201,,17.558901,16.6005
344133268,279.8135054,-74.63941182,0.0136409,,18.0378,17.188999
344168274,279.8022467,-74.22916155,0.22857299,,18.0467,17.098499
422140011,280.5884009,-75.02115103,0.365558,,18.1933,17.240999
422140717,280.6495455,-75.84107621,0.307686,,17.941401,17.0313
345087706,281.2664337,-75.39320808,0.18594,,17.9772,17.041901
422139895,280.6689393,-74.90520032,0.299777,,18.058701,17.216299
345170747,281.0879438,-74.13835357,0.304672,,17.3915,16.5277
1688365904,278.768122,-74.91753155,0.125929,,18.5434,17.6707
1688367141,279.2281645,-74.6481062,0.216281,,18.8102,17.8659
1688309952,279.4660007,-75.67536816,0.213589,,18.3748,17.467501
1688364579,279.6838344,-75.09708538,0.074308701,,18.4126,17.5476
1688368803,279.6426967,-74.36785606,0.137041,,18.8228,17.8048
1688310329,279.7853367,-75.56712359,0.13986801,,18.634199,17.6968
1688310330,279.830408,-75.55275285,-0.060042098,,18.393499,17.475201
1688311045,279.7273328,-75.32606005,0.244956,,18.170601,17.368299
1688311053,279.792196,-75.30355223,0.0174213,,18.2761,17.5096
1688309222,279.9660703,-75.94180392,-0.059732702,,18.600401,17.6129
1688309540,279.990472,-75.84388705,0.25326699,,18.264099,17.347601
1688368836,279.931646,-74.31989686,0.15923899,,18.8591,17.844101
1815642715,280.5884047,-75.7294345,-0.045928899,,18.7463,17.821501
1815663825,280.4000685,-74.8516334,-0.039584398,,19.1709,18.2363
1815663832,280.5630872,-74.84147767,-0.14686599,,18.6175,17.7435
1815667414,280.4278597,-74.63914704,0.204873,,18.3311,17.354799
1815667848,280.4967827,-74.44692608,0.36728901,,18.303801,17.3477
1815647196,280.709623,-75.43462475,0.206737,,18.640499,17.673901
1815648608,280.874653,-75.04109388,0.116754,,18.620899,17.7789
1688368800,279.6669637,-74.35855086,-0.065459996,,19.1863,18.2143
1688300510,279.3066756,-75.95304245,0.34450299,,18.9709,18.018
1688366548,279.189737,-74.72852016,-0.0604815,,20.2181,19.252001
1688367606,279.299934,-74.51119856,0.053399399,,19.6134,18.6434
1688364996,279.3234265,-75.00424413,-0.970254,,20.600401,19.759701
1688309859,279.5487697,-75.74074682,0.25731301,,19.1532,18.1968
1688309864,279.6582787,-75.72232524,-0.287763,,19.574499,18.615801
1688309978,279.6649171,-75.66892175,0.60707998,,19.322399,18.399
1688367857,279.6319712,-74.46756033,0.44527,,19.516899,18.495501
1688310015,279.7113725,-75.62548106,-0.18585999,,20.4282,19.518101
1688310018,279.8563955,-75.69256501,0.40467599,,19.1521,18.1635
1688311043,279.6549005,-75.32877658,-0.41272601,,20.2505,19.426201
1688311052,279.8063769,-75.30869136,0.13729,,18.8242,18.0207
1688365167,279.7135045,-74.93710175,0.42181301,,20.4046,19.475599
1688367828,279.6510821,-74.49383843,0.25173399,,19.7292,18.7262
1688311345,279.6421496,-75.29687224,0.31900001,,19.1824,18.286501
1688311347,279.6351557,-75.29281053,-0.0810996,,19.5079,18.6604
1688311374,279.8608154,-75.28182698,0.132229,,19.153601,18.3307
1688364752,279.853422,-75.00286282,-0.0801998,,20.633801,19.7255
1688367791,279.7589277,-74.4857116,0.379655,,18.943899,17.9368
1688309536,279.9751143,-75.84717483,0.314143,,18.8708,17.857901
1688309538,279.9497953,-75.85157279,-0.37848699,,20.172001,19.310801
1688310076,279.9647031,-75.60866069,-0.20208099,,20.3318,19.418501
1688364785,279.9320291,-75.04552968,0.098974198,,19.519699,18.5809
1688364789,279.9583285,-75.02661988,-0.45992699,,19.7125,18.8314
1688366724,279.8753201,-74.70425538,0.422582,,19.070101,18.1653
1688370459,279.9039614,-74.01000092,0.177862,,19.252701,18.2918
1688370463,279.9430002,-74.02171198,0.26146901,,18.893499,18.0208
1815647235,280.4052421,-75.44250204,-0.18278299,,20.4636,19.5005
1815663826,280.4671736,-74.84377798,0.35411701,,19.123699,18.3132
1815663933,280.5503812,-74.7716086,0.084113903,,19.8981,19.1047
1815667410,280.4566856,-74.6408847,0.20381799,,19.259399,18.444099
1815667415,280.4303316,-74.63471022,0.48695099,,19.9702,19.0285
1815667852,280.5774799,-74.4293488,0.248519,,19.3311,18.5156
1815667972,280.3806732,-74.41824305,0.56133002,,19.031601,18.0907
1815668181,280.4452214,-74.31668005,-0.035330102,,19.6042,18.691999
1815648075,280.7412949,-75.22155147,0.50218803,,19.2484,18.3267
1815648567,280.6215578,-75.08573105,-0.069551602,,19.373199,18.552401
1815648569,280.6044008,-75.07830592,0.072646201,,19.8111,18.8659
1815642839,280.6779838,-75.66749897,-0.107834,,19.8967,19.025299
1815647197,280.7094221,-75.43157193,0.0192078,,19.619499,18.6968
1815647202,280.7277414,-75.41969747,-0.085647203,,19.3997,18.5263
1815647783,280.6943013,-75.24996602,0.319159,,19.805901,18.8435
1815648612,280.8471855,-75.03501923,0.39689499,,19.000099,18.218599
1815647466,280.9665657,-75.309462,0.22820599,,18.479099,17.614599
1815642493,281.0367072,-75.76005144,0.68074298,,19.451799,18.5299
1815642897,281.2940587,-75.64570589,-0.195998,,19.959499,18.9841
1815650251,281.1787092,-75.0442069,0.050264999,,19.5779,18.646999
1815670486,281.101746,-74.1181662,-0.126747,,19.7178,18.7302
422139142,280.6358775,-74.11741007,3.49455,,11.5724,10.6193
344133735,279.6089944,-74.02012698,2.0885799,,12.0003,11.2356
344171936,280.5570487,-75.63043259,3.59377,,11.5721,10.7339
344168522,280.0724661,-74.57410399,1.04743,,14.6572,13.7048
422139139,280.7951358,-74.11201288,0.61669397,,13.8211,13.1273
422139748,280.8918357,-74.7606578,1.21909,,14.1644,13.2321
344133096,279.7378566,-74.87166261,0.50183302,,15.9278,15.0566
344133173,279.7108475,-74.76359588,0.65386599,,15.6601,14.731
344132382,279.4660288,-75.94736913,0.83095801,,14.9398,14.0424
344132582,279.6819438,-75.61058061,0.78562099,,14.4849,13.7174
344168519,279.9454158,-74.57065872,0.70036399,,15.8239,14.8498
344168521,280.1271326,-74.57288938,0.65086001,,15.599,14.6286
344169218,280.0007647,-75.62833197,0.832654,,15.4391,14.4509
344172436,280.388941,-74.87809054,1.0391099,,15.3338,14.4051
422139743,280.934313,-74.75807294,0.52615499,,15.5996,14.6317
422139813,280.7728535,-74.82239078,0.81555402,,15.5631,14.6508
344133178,279.6607616,-74.75487547,0.58101702,,16.716299,15.7972
344133302,279.463335,-74.60196674,0.35132101,,17.1691,16.225
344133175,279.6523078,-74.75987142,0.41240799,,16.615299,15.665
344168149,279.795414,-74.07769637,0.74572301,,16.486099,15.4696
344171941,280.3651892,-75.62197068,0.57607502,,16.257799,15.2682
422140652,280.6597577,-75.7567349,0.58863002,,16.0315,15.0887
344133098,279.4291208,-74.87055812,0.41020501,,17.320101,16.445
422140330,280.701021,-75.37879489,0.44838899,,16.862499,15.978
422139745,280.6327962,-74.75863784,0.38462299,,18.3762,17.4282
344132903,279.6445721,-75.14597174,0.150607,,17.9863,17.1022
344133079,279.545858,-74.89913477,0.264052,,17.8545,16.994101
344169220,279.8601378,-75.63416502,0.219188,,17.7097,16.8013
344172205,280.1845525,-75.23253314,0.245519,,18.1556,17.253
344172232,280.3979699,-75.17080099,0.350416,,17.9254,16.998899
344172391,280.171089,-74.94143083,0.239338,,17.2213,16.3389
344171935,280.367555,-75.63075737,0.38519001,,18.1416,17.1462
422139341,280.8899984,-74.31109997,0.19871099,,18.4027,17.433201
422139429,280.6164451,-74.39766151,0.0344317,,18.106001,17.150101
422139746,280.6588537,-74.75931019,0.101449,,17.981001,17.104401
422140658,280.7269226,-75.76305412,0.12837,,18.2463,17.2614
344132923,279.4143126,-75.11644189,0.192362,,17.6259,16.696199
344168199,280.11306,-74.14064983,0.172897,,18.1089,17.084101
344168175,280.1443805,-74.11675197,0.248363,,18.071199,17.1485
344168195,280.0566115,-74.13665655,0.156055,,18.260599,17.2915
344172443,280.1828233,-74.87304409,0.340711,,17.805,16.906601
344181250,280.2716037,-74.71039386,0.32209501,,17.4324,16.555201
1688311501,279.9688054,-75.1722255,0.293396,,18.6166,17.7125
1688365682,279.9986215,-74.89192594,-0.0205941,,18.8374,17.9251
1688366715,279.9903164,-74.69932264,-0.049054101,,18.778099,18.004
1815662992,280.0460676,-75.12158884,0.17451701,,18.504601,17.5837
1688310338,279.8998603,-75.54205718,0.27061999,,19.349199,18.4848
1688311495,279.8466125,-75.19099834,0.42071399,,19.753201,18.8887
1688365678,279.9187939,-74.8893458,0.0117062,,19.7164,18.771999
1688366710,279.9536823,-74.70538543,0.25268501,,19.3829,18.4786
1688366895,279.9174062,-74.5536825,0.075380802,,19.429899,18.590401
1815643147,280.078084,-75.65762575,0.110853,,19.727501,18.7223
1815647128,280.0053025,-75.38536556,0.15415099,,18.954599,18.243601
1815663071,280.0535736,-75.08347251,-0.359761,,20.16,19.3895
1815663365,280.1385746,-74.98283004,0.27361,,19.223801,18.4694
1815667872,280.0038251,-74.47349911,-0.32237199,,20.2024,19.225599
1815667879,280.0199927,-74.44704146,-0.44134101,,20.2346,19.279699
1815643318,280.819069,-75.59875825,0.303462,,18.996,18.1437
1815643666,280.8179392,-75.52552973,-0.251618,,19.2094,18.561399
1815663901,280.647808,-74.78605382,0.16831701,,19.213301,18.273399
1815663904,280.6882534,-74.77588211,0.42476699,,19.702801,18.900101
1815670211,280.7504997,-74.25908038,0.074506603,,19.525299,18.5916
344169306,279.9004339,-75.79155293,4.6640801,,11.1167,10.3782
344181480,280.3091884,-74.37018057,4.2144899,,11.7428,10.9483
344168799,279.8989938,-74.98162735,2.62409,,13.0191,12.1325
344168600,279.8236362,-74.71044064,0.80943298,,15.6355,14.6757
344168131,279.9323454,-74.05063039,0.64657903,,16.1859,15.2409
344168999,279.8066275,-75.31349496,0.50611103,,16.0861,15.2118
344181277,280.4342883,-74.68190621,0.88113499,,15.2707,14.3414
344168658,279.8588059,-74.80187625,0.67243701,,14.2695,13.5961
344168715,279.7835264,-74.88026122,0.570656,,15.9063,14.9693
344168735,279.9720512,-74.9047101,0.68042302,,14.1988,13.3747
344168774,279.8723936,-74.94699041,1.3482,,14.1196,13.2621
344181481,280.5007053,-74.36759112,0.183557,,17.5161,16.560699
344169000,279.987333,-75.31517258,0.316874,,16.5718,15.6447
344168974,279.840643,-75.25367628,0.81376201,,14.6503,13.7911
344168716,279.8662483,-74.882748,0.13033199,,17.778299,16.8395
344168982,280.1705945,-75.27020892,0.37196001,,17.170601,16.2892
344168976,280.1010483,-75.2609614,0.29511401,,17.375401,16.4666
344168796,279.8625813,-74.97469541,-0.0169024,,18.2516,17.365101
344133628,279.7479774,-74.17783469,0.232857,,18.0175,17.0385
344133697,279.5329888,-74.0688213,0.230538,,18.0222,17.0959
344133705,279.4202894,-74.05298172,0.266047,,18.061399,17.1457
344168603,279.8408648,-74.71156351,0.266269,,17.527599,16.747801
344168654,279.9848046,-74.79716194,0.42005599,,17.141199,16.206301
344168656,279.9154521,-74.80095143,0.150205,,18.385599,17.5016
344168722,280.1672531,-74.8899269,0.25610399,,17.462601,16.547501
344168724,280.0922894,-74.8918954,0.242318,,17.7269,16.8053
344181665,280.5068413,-74.13968921,0.20208199,,17.418699,16.4244
344181345,280.4793387,-74.5845816,0.200353,,17.6654,16.702299
1688366777,279.8539803,-74.64881332,0.0248261,,18.812099,17.933901
1815648637,280.821651,-75.01492993,0.068695098,,18.8645,17.9333
1688311000,279.9192224,-75.33078501,-0.116374,,19.874399,18.9466
1688367815,279.8992163,-74.47523621,0.28687501,,19.4533,18.4858
1815647923,280.3940947,-75.27578272,-0.15006199,,20.219601,19.323299
1815648232,280.9181601,-75.13756224,-0.139385,,19.935499,18.9876
1815664450,280.9995559,-74.87218266,0.425827,,19.523199,18.562599
1815664720,280.931421,-74.85626707,0.33312899,,19.897301,19.056499
1815670213,280.8478597,-74.23788864,-0.32758799,,19.826599,18.8654
1815648656,280.9232495,-74.98989661,0.095699102,,19.1828,18.321501
1815664744,281.0862004,-74.81632125,0.271909,,19.711599,18.808901
1815648251,281.055927,-75.09465032,0.141313,,20.2535,19.319099
1815666233,281.0464498,-74.6332974,-0.50722897,,20.2817,19.319799
1815684685,281.029703,-74.00691363,0.56864399,,19.8272,18.8489
1815643941,281.1486974,-75.39255984,-0.040036999,,19.389601,18.590401
1815647482,281.0964085,-75.27661665,0.218401,,19.684401,18.739401
1815664734,280.9457388,-74.8369816,0.61939001,,18.759001,17.809999
1815665893,281.1383968,-74.68842598,-0.020523099,,20.224501,19.304199
1815666266,281.0227031,-74.60796787,0.32030499,,18.941401,18.173401
1815668716,281.0197889,-74.41654494,0.092386097,,19.1381,18.3099
1815668720,281.0069493,-74.42548011,-0.038495,,19.4867,18.667999
344172423,280.2185816,-74.89797122,0.44042099,,15.8776,14.9879
422140349,280.6486131,-75.40915126,0.46190801,,16.5875,15.6704
344172422,280.2996759,-74.89808028,0.43280801,,17.441401,16.5072
422139265,280.7174446,-74.23385503,0.41381499,,17.547501,16.5849
422140350,280.7918955,-75.41093723,0.075840898,,17.646999,16.7589
1815627555,281.0082559,-75.81855644,0.066648602,,18.3668,17.630501
1815643423,281.122017,-75.56413084,0.0454126,,18.8769,17.9512
1815668361,281.0725959,-74.49733872,0.206477,,18.160299,17.228201
1815668369,280.7141204,-74.54650267,0.037737802,,18.567301,17.7363
344181470,280.3919744,-74.3853639,0.53395998,,15.838,14.9056
345088016,281.0499997,-74.91823629,2.1332099,,13.4612,12.5559
345088215,280.9965949,-74.67037867,1.06408,,15.1708,14.214
422139217,280.6867205,-74.19706359,0.47794601,,15.4343,14.7204
422139351,280.8502628,-74.32134484,0.59234297,,15.1061,14.147
422139475,280.7248815,-74.44621073,1.13937,,13.9711,13.0218
422140086,280.9055753,-75.10605117,0.76388901,,15.5328,14.5811
422140335,280.7625554,-75.39001258,1.00313,,15.3343,14.3767
345087493,281.296334,-75.69113075,0.64603603,,15.324,14.3462
345087814,281.2092838,-75.23457287,0.96036702,,15.0561,14.094
345088038,281.1885491,-74.89412419,0.19276699,,16.1929,15.3991
422139435,280.718132,-74.40536457,0.32735899,,17.183701,16.2239
422139438,280.6067717,-74.40829724,0.37764999,,16.3647,15.4273
422139470,280.7991402,-74.43970208,0.34893399,,18.192699,17.3116
422140278,280.9393798,-75.30628561,0.36698499,,17.8262,16.878401
422140338,280.9732548,-75.39688403,0.361269,,18.281799,17.318199
422140626,280.9217525,-75.73305213,-0.036776502,,18.517,17.558399
345170815,281.0732117,-74.04106217,0.179077,,18.229,17.2307
345087692,281.2719793,-75.41861906,0.27202201,,17.5797,16.697399
345088077,281.2246954,-74.84966555,0.260104,,18.351,17.386999
345088217,281.1509984,-74.6699043,0.28560099,,18.003599,17.070499
345170613,281.2178406,-74.33356895,0.27835101,,18.0753,17.1499
422140683,280.9568525,-75.79536154,-0.0377209,,18.253901,17.3473
345087637,281.0329508,-75.47518696,0.31378999,,18.335199,17.379499
1815648169,281.0470714,-75.14117887,0.33372301,,18.2057,17.3181
345088223,281.1362455,-74.66351861,0.39337599,,18.402399,17.5191
1815642743,280.8798692,-75.69954763,0.252029,,19.5373,18.6791
1815668712,280.977959,-74.42436963,-0.152161,,19.528601,18.587999
1815667731,280.4078225,-74.51149944,0.249689,,18.562799,17.835199
1815667988,280.5388535,-74.38041075,-0.54609501,,20.210501,19.3505
1815642694,280.4554549,-75.76290123,0.0308189,,20.243099,19.253099
1815642772,280.412149,-75.73905156,0.25240001,,19.4086,18.414
1815642773,280.4104903,-75.73581013,0.51770502,,19.6558,18.667801
1815648362,280.4385514,-75.13478757,0.107786,,18.974501,18.1224
1815663259,280.4991938,-74.99053145,0.239573,,19.748699,18.842699
1815684612,280.4632327,-74.03556748,-0.610241,,20.049299,19.2383
422139132,280.7534973,-74.10632118,0.214508,,17.5644,16.6187
1815663258,280.4660673,-74.99436728,0.26054499,,18.1476,17.299299
1815667471,280.497503,-74.6167819,0.34035501,,18.1598,17.210699
1815668290,280.39983,-74.2552143,0.0981806,,19.045099,18.0478
422139548,280.5838394,-74.52424345,0.42131901,,17.8936,16.9746
422139777,280.7448682,-74.79031561,0.22172,,18.4674,17.513901
422140266,280.7583819,-75.2941912,0.26244301,,18.0956,17.176701
422140270,280.6280689,-75.29738794,0.174922,,18.146299,17.280701
422139534,280.8014759,-74.50881487,0.26216501,,16.744699,15.9823
422139223,280.6712152,-74.20083745,0.30270201,,16.496,15.5821
422139452,280.6390338,-74.42375995,0.46803099,,16.688801,15.8233
422140688,280.8412534,-75.79932986,0.434944,,16.3356,15.3971
422139456,280.7679111,-74.42610576,0.89093,,13.6542,12.6871
422139793,280.7358834,-74.79915987,0.55734402,,17.9653,17.004999
1815647577,280.1790312,-75.35901832,0.338532,,19.5075,18.7073
1815663140,280.3903028,-75.0011408,0.54334003,,19.1346,18.209101
1815663369,280.2175116,-75.00871151,0.27531701,,19.145901,18.348101
1815664078,280.0055247,-74.75338632,0.198763,,18.381001,17.6385
1815664082,280.1460795,-74.76078395,0.321031,,19.1546,18.231701
1815647531,280.503926,-75.35437613,-0.33524001,,19.7743,18.8699
1815667951,280.5252852,-74.41928266,0.152861,,19.115499,18.211599
1815684519,280.566739,-74.0625866,-0.063483499,,20.382799,19.3916
1815627488,280.597211,-75.90199523,0.45803401,,19.873199,18.934
1815643690,280.6934813,-75.50085893,0.162366,,19.336599,18.4291
1815643691,280.7266501,-75.49981816,0.38324299,,18.581699,17.6087
1815648121,280.9246739,-75.19103752,-0.28026801,,19.598499,18.7171
1815664312,280.5471229,-74.65550776,0.260106,,19.851601,18.8918
1815666290,280.7334976,-74.62904928,0.34920499,,19.1994,18.3046
1815668659,280.7453038,-74.46689806,0.471176,,19.952499,19.0702
1815627585,281.1921682,-75.84448177,-0.016718,,19.511,18.781
422140527,280.6829089,-75.62105461,0.217794,,17.053301,16.1656
422139690,280.9207186,-74.69756857,0.355367,,16.862,15.9334
345087790,281.1238317,-75.2574255,0.0159516,,17.0077,16.571501
422140611,280.55477,-75.71004818,0.24728,,18.406,17.4401
422139783,280.9497601,-74.79239939,0.249621,,17.4261,16.520201
422140210,280.8693263,-75.23751357,0.089077599,,18.216,17.2586
422140211,280.7336007,-75.24004402,0.28111699,,17.761299,16.8542
422139693,280.6943627,-74.70808424,0.451103,,17.865101,16.900499
422139919,280.651066,-74.92453648,0.47863799,,17.9426,17.0077
422139971,280.8219299,-74.97490474,0.279062,,17.6332,16.7834
422140612,280.9333779,-75.71230256,0.130817,,18.167801,17.369801
345170775,281.3131348,-74.09271244,0.37771001,,17.916401,16.931299
345087796,281.3282965,-75.25159212,0.40447399,,17.5667,16.645399
422140117,280.673362,-75.14382428,0.103574,,18.434401,17.492399
422140291,280.6380041,-75.32369819,0.30614701,,17.568001,16.626499
345087340,281.1949174,-75.92360107,0.183597,,18.092899,17.118601
1815647971,280.1955529,-75.26536731,-0.14702401,,19.3888,18.4841
1815663655,280.7417193,-74.85266847,0.0211637,,18.525999,17.5987
1815667704,280.4376378,-74.53156921,0.095973603,,18.1248,17.2836
1815684517,280.5325704,-74.06842259,0.35245401,,18.4585,17.4692
1815648519,280.7300453,-75.08385867,0.18610901,,18.687201,17.737801
1815663327,280.8779629,-74.90217782,-0.113219,,19.130301,18.191299
422140214,280.9255074,-75.24234881,0.632182,,14.9769,14.1346
422139970,280.6557614,-74.97476029,0.425367,,16.0991,15.1753
422140118,280.6668212,-75.14590739,0.41369,,16.748899,15.8847
422140605,280.7801301,-75.70596612,0.90198898,,13.3619,12.6293
345170566,281.2877171,-74.40226496,2.08832,,12.4534,11.5532
422140524,280.9379776,-75.61855742,1.1068799,,14.3985,13.5273
422140045,280.8099594,-75.06046438,0.83153403,,15.1695,14.2299
345170567,281.1969088,-74.39917833,0.58851999,,15.3639,14.389
422140026,280.6128082,-75.03471087,0.81837898,,14.9692,14.1365
422139694,280.6026011,-74.70859134,0.70632899,,14.9571,14.0488
422140614,280.811131,-75.71855519,0.77081299,,14.3582,13.5219
422140615,280.8607883,-75.72049392,0.93169701,,15.8739,14.9115
345087332,281.3550938,-75.93400791,0.90416199,,14.9551,14.0793
345087566,281.2792345,-75.5814929,0.392986,,16.099199,15.1333
345087800,281.331319,-75.24718359,0.34170899,,15.4307,14.5074
422139277,280.6863336,-74.24950299,0.181576,,18.421801,17.517401
422140274,280.759569,-75.30204868,0.40278801,,17.026199,16.0979
344181173,280.3726431,-74.84166377,1.56003,,12.3144,11.6477
345175587,281.4896365,-75.98014932,3.04389,,11.629,10.9084
344168867,279.9618464,-75.09716656,1.70935,,13.6791,12.8217
344169141,280.124975,-75.53228419,1.5052,,13.5185,12.677
345175059,281.732069,-75.1990084,1.04348,,12.9474,12.069
344168862,279.9704344,-75.08892265,0.44216701,,16.658701,15.8408
345175421,281.6975893,-75.73940723,0.15602601,,15.9974,15.3097
344169143,280.0221316,-75.53406915,1.04671,,14.5178,13.5596
345174929,281.6998585,-75.01178855,0.76650798,,13.7649,12.9508
345175014,281.6820054,-75.13385502,0.72237599,,14.6408,13.7341
345175305,281.5119157,-75.57256393,1.13869,,14.5944,13.6512
345175451,281.6355887,-75.79049484,0.96481198,,15.1018,14.1676
345175515,281.7313905,-75.87323279,1.0988801,,14.3184,13.4658
344168622,280.167973,-74.73259214,0.49135399,,15.9768,15.0768
344168839,279.9886536,-75.05265087,0.68892598,,14.7669,13.8762
344169351,280.1043146,-75.87816518,1.30783,,14.6614,13.6609
344168407,279.965557,-74.41166024,0.68927199,,15.1274,14.1476
345174854,281.7027401,-74.91384096,0.438458,,15.2508,14.4127
345175239,281.6005776,-75.47715482,0.820481,,14.8414,14.0281
345175570,281.6580143,-75.94670957,0.36670399,,15.9368,15.1871
344169042,279.9715099,-75.39356684,0.341548,,16.670799,15.7776
344172292,280.4116452,-75.08648278,0.41513801,,17.0567,16.1537
344181171,280.2116592,-74.84264695,0.60486102,,15.7658,14.8349
344169115,279.9157591,-75.49182734,0.26958799,,16.4202,15.5065
344172024,280.1995128,-75.48374369,0.43577901,,16.530399,15.5706
345175236,281.4603914,-75.46313189,0.47841299,,17.4419,16.5019
344168623,279.9711478,-74.73552159,0.37908199,,16.9923,16.0756
344172027,280.5070665,-75.47728789,0.34529799,,17.028799,16.0721
344168787,280.1075321,-74.96422044,0.422277,,17.3515,16.4139
344168750,279.849549,-74.92194229,0.26049399,,17.6868,16.7453
344168844,280.0586014,-75.06558751,0.114086,,18.0126,17.0728
344169349,280.0542123,-75.87661672,0.25459,,17.411501,16.427401
344168411,280.117007,-74.41485566,-0.021855401,,18.258301,17.301201
344169422,279.8060572,-75.97968671,0.190369,,17.7297,16.697701
344172297,280.1827454,-75.07564052,0.28328601,,18.103399,17.192801
345174855,281.3866471,-74.91592072,0.271395,,17.808001,16.8557
345174974,281.6577755,-75.08676966,0.40269101,,17.7082,16.861601
345175008,281.5445537,-75.13038677,0.32121599,,17.465401,16.513201
345175174,281.4914313,-75.36249104,0.175313,,18.2199,17.3407
345175241,281.6261099,-75.48333567,-0.193122,,17.7061,17.2313
345175365,281.5121186,-75.6618401,0.23858701,,18.024401,17.0543
345175567,281.5444845,-75.94404526,0.206789,,18.2232,17.3018
344168752,279.8300872,-74.92386476,0.467363,,17.8953,17.007
1688311090,279.8914899,-75.28145121,-0.072859198,,18.627701,17.6917
1688311098,279.9611739,-75.26808001,-0.135585,,18.370701,17.4373
1688365702,279.9092562,-74.87070251,0.13160001,,18.2437,17.359301
1688309298,279.8339466,-75.94740069,0.103076,,18.9086,17.8873
1688310736,279.9153683,-75.39768387,0.27824801,,17.820601,17.0121
1688369171,279.9628274,-74.18110408,0.237699,,18.1852,17.164301
1815683945,280.308313,-74.00481643,0.171883,,18.583799,17.6485
1815648294,280.2417708,-75.20317735,-0.167574,,18.590099,17.761499
1815663490,280.2828956,-74.91589291,0.32251599,,18.354401,17.451
1815683672,280.3555897,-74.18745079,-0.141987,,19.0581,18.0427
1815683976,280.0071929,-74.00052442,0.0225781,,18.5956,17.7327
1815647895,280.1707812,-75.29678799,-0.0026764199,,18.8153,17.889601
1815648427,280.3004412,-75.13202908,-0.085557602,,18.608,17.832199
1815648432,280.3656395,-75.11570268,-0.0291967,,18.1196,17.6523
1815685646,280.4010579,-74.00756087,0.144272,,18.586201,17.6178
1815648099,280.6601707,-75.20304793,-0.089376897,,19.0005,18.063601
1815627672,281.3123763,-75.79813504,-0.071632303,,18.508801,17.658899
1815647472,280.9549638,-75.30139061,0.113162,,18.832701,17.9259
1688309308,279.7154734,-75.93448443,-0.953134,,20.2146,19.2213
1688310393,279.9326996,-75.48623279,0.22478899,,19.8251,18.9589
1688310711,279.8736381,-75.40790882,0.067780897,,19.711399,18.793301
1688365089,279.7289959,-74.96255395,-0.617688,,20.1709,19.2693
1688365762,279.8878722,-74.80444606,0.54150802,,19.648399,18.7197
1688310398,279.9573045,-75.50693562,0.37100899,,19.1451,18.2516
1688310400,279.9927282,-75.48316907,0.39823699,,19.5462,18.658899
1815642211,280.2041438,-75.81243635,-0.122958,,18.7418,18.221701
1815648415,280.2433826,-75.11324842,-0.28695899,,19.3967,18.5425
1815663390,280.1997369,-74.98400867,0.074639,,19.791401,18.9319
1815663447,280.1868241,-74.96059062,-0.123463,,19.5653,18.723801
1815668217,280.0896834,-74.32734189,0.32650399,,20.360901,19.3515
1815626983,280.3442906,-75.95207247,-0.628151,,19.085199,18.3323
1815626984,280.3761061,-75.9472353,0.454101,,19.726299,18.7341
1815642246,280.0941669,-75.76249,0.38024199,,18.9252,17.968599
1815667690,280.2707916,-74.53774467,0.30215499,,18.394899,17.5441
1815667780,280.2707948,-74.50124848,-1.88237,,20.7166,19.811501
1815627017,280.4453097,-75.91800604,-0.80613601,,20.331499,19.3158
1815643731,280.4215576,-75.51132216,0.281037,,18.8717,17.9832
1815647592,280.3784926,-75.32798331,0.13845401,,20.6362,19.680901
1815647285,280.6310689,-75.38283882,-0.126289,,19.782801,18.819
1815668681,280.7757433,-74.45965753,0.183522,,20.073,19.118799
1815668317,280.8861988,-74.55384875,-0.33364999,,20.2745,19.312401
1815684468,280.4994001,-74.11333115,-1.24111,,20.656,19.6651
1815627435,281.0007479,-75.89579061,0.22963101,,18.9135,18.011299
1815627439,281.0148019,-75.89059879,-0.0218495,,20.252001,19.325399
1815642861,281.0752298,-75.68498212,-0.326437,,20.5557,19.6401
1815642971,281.0148195,-75.59881852,0.234161,,19.2871,18.3626
1815647468,280.9721113,-75.30211855,-0.82384199,,20.7875,19.8619
1815669973,281.1158255,-74.28734616,-0.107634,,20.4179,19.4702
1815670320,280.9304216,-74.16580551,-0.065187603,,19.4519,18.555901
1815670326,281.0878,-74.21320638,-0.087135099,,20.1805,19.383499
422139709,280.6594647,-74.72065843,0.56077099,,15.8862,15.0232
422139902,280.7921147,-74.91283081,0.78711897,,14.6288,13.8672
422140304,280.664432,-75.34588447,0.70938098,,14.9406,13.978
422140143,280.6884344,-75.16958966,0.25261199,,16.940001,16.063801
344132526,279.4784128,-75.7122155,0.167542,,17.4571,16.4902
344133084,279.4017008,-74.88878618,0.44810101,,17.108101,16.256201
344172000,280.2675731,-75.53178724,0.36046401,,17.8696,16.889999
422139721,280.6890261,-74.73190299,0.48477301,,17.3578,16.4268
422139899,280.5804298,-74.91107688,0.34500501,,17.9282,17.0438
422140056,280.7857482,-75.07627708,0.241547,,17.4977,16.6682
422140140,280.702638,-75.16418043,0.41891599,,17.6164,16.6954
422140618,280.8022372,-75.72100153,0.38468599,,16.634701,15.742
422140788,280.5775397,-75.94721009,0.18300299,,18.1765,17.1805
422140791,280.7434449,-75.94870289,0.10895,,17.2943,16.6437
422139905,280.6999384,-74.91677637,0.24055099,,18.488001,17.547199
1815684553,280.6638448,-74.03945032,0.17496499,,18.2015,17.3174
1815627489,280.5694181,-75.9039437,-0.35261101,,19.2894,18.287901
1815669769,280.5904445,-74.41074722,-0.067476802,,19.262501,18.334
1815627490,280.5735268,-75.90209058,0.40704599,,18.673201,17.9298
1815663993,280.6930303,-74.75780233,-1.51194,,20.6238,19.668501
1815667484,280.6378281,-74.59039589,0.120609,,20.269699,19.374701
1815667485,280.6144114,-74.58498019,-0.106194,,19.670099,18.7092
1815667566,280.4280655,-74.57435756,-1.48155,,20.2328,19.3111
1815669770,280.6319485,-74.40723817,0.52180099,,19.452,18.4771
1815627130,280.7624623,-75.9823198,0.253977,,18.967699,17.993999
1815642821,280.813928,-75.68129955,-0.709351,,19.7437,19.0389
1815643304,280.8222213,-75.62931557,-0.85536301,,20.4165,19.5021
1815663293,280.6587707,-74.9491898,0.53118902,,19.809099,18.882299
1815663296,280.5643723,-74.95714903,0.46357,,19.538099,18.706699
1815663298,280.7321846,-74.95503117,0.255393,,19.176399,18.2904
1815663299,280.7471934,-74.95935213,0.191724,,19.5681,18.6134
1815669862,280.658225,-74.34474684,-0.38207,,19.8559,19.088699
179995252,11.25396766,-74.6426499,0.16938099,,18.166901,17.322701
422139388,280.651325,-74.35352629,0.53274602,,18.6306,17.658501
422139711,280.7945944,-74.72473292,0.29201001,,18.5245,17.6457
1815627003,280.3314082,-75.94839396,0.31242201,,19.7637,18.8197
1815648466,280.3961059,-75.10000774,0.24777301,,19.160101,18.2223
1815663472,280.2768832,-74.92358811,0.34834999,,19.008101,18.1192
1815683605,280.3860407,-74.20890397,0.24434599,,19.523001,18.5131
1815683692,280.3494003,-74.15815251,-0.13537499,,20.071501,19.127001
1815683771,280.317138,-74.13058992,0.31866801,,18.874701,17.927401
1815647664,280.6232127,-75.25945997,-0.27842599,,20.204901,19.276501
1815647674,280.7475711,-75.31593908,0.50689101,,19.166,18.226299
1815663468,280.2744956,-74.92922535,-0.055663999,,18.9156,18.0728
1815683772,280.3125509,-74.12487312,0.030743901,,18.9776,18.047001
344181540,280.3516795,-74.29251829,0.33545601,,16.315201,15.3299
344181497,280.2156557,-74.3473163,0.40999901,,16.9091,15.9806
344171990,280.2486638,-75.55072147,0.39170799,,18.032101,17.0516
344172032,280.4570681,-75.47045977,0.18093701,,17.6943,16.730101
344172427,280.3596188,-74.89343908,0.27277899,,17.458,16.5959
344181707,280.3279722,-74.08860397,0.227615,,17.189199,16.409599
344172038,280.419515,-75.46224821,0.21285699,,17.6924,16.7861
344181425,280.2275019,-74.45194067,0.32358199,,18.3969,17.426399
344181429,280.5561,-74.44912367,0.45265901,,17.252199,16.2735
344181496,280.4059815,-74.3475774,0.119219,,17.487801,16.493299
1688310792,279.4726241,-75.45182961,0.233383,,18.788,17.8452
1688370007,279.4247008,-74.22419903,0.1867,,18.937599,17.9471
1688370008,279.4415994,-74.22198148,0.068134703,,18.6558,17.7481
1815668158,280.3841365,-74.33179654,0.13935,,18.3064,17.420799
1688310893,279.4587217,-75.40844546,-0.096423,,19.0772,18.310499
1688367588,279.5333331,-74.4764957,0.33390501,,20.0179,19.001101
1815648022,280.3540025,-75.2430051,0.283571,,18.971701,18.033899
1815663614,280.4026726,-74.91074343,0.118374,,20.282,19.4132
1815663620,280.445939,-74.89668377,-0.26414299,,19.373699,18.518299
422139837,280.5805214,-74.84685068,1.11897,,13.3152,12.5023
344129861,279.2449507,-75.51231725,0.99277103,,15.2216,14.2838
422139836,280.8949401,-74.84502126,0.2402,,15.8207,15.1742
344077890,278.9447417,-74.67396228,0.223332,,17.9247,16.9709
344077895,278.7606963,-74.66738525,0.40015,,17.521099,16.607
344077757,278.9898228,-74.86658028,0.34563801,,17.4687,16.641001
1688367232,279.2026264,-74.6335979,-0.127242,,19.0756,18.0952
1815663038,280.3976577,-75.08184336,0.208132,,18.406601,17.502399
1815668249,280.3324947,-74.30881678,0.120112,,18.9118,18.031799
1815668254,280.3026068,-74.29328195,0.106332,,18.8183,17.8237
1815667906,280.3116406,-74.45513894,-0.085917301,,19.0954,18.1138
1688310786,279.2393039,-75.45506566,0.30794001,,19.132799,18.3265
1688310790,279.4169162,-75.46807091,-0.53654498,,19.4618,18.644501
1688369996,279.2948328,-74.06629995,-0.110329,,19.5369,18.5336
1815647491,280.3054247,-75.40476345,-0.50506699,,20.2861,19.511
1815667908,280.1169578,-74.48477715,0.26097,,19.349001,18.4417
1815667993,280.1629371,-74.44655385,-0.060623001,,19.4611,18.4638
1815683586,280.3163509,-74.23644767,-0.145845,,19.4865,18.6071
1815647640,280.6112916,-75.27694135,0.086792096,,19.9596,19.0499
1815648511,280.5874114,-75.10615186,-0.67005002,,19.6595,18.8358
1815664208,280.6838677,-74.6964329,0.39201799,,19.7509,18.926399
1815669894,280.6640965,-74.30523197,0.13255399,,19.582399,18.631201
1815684232,280.7242982,-74.12108767,0.40568501,,19.8256,18.898701
1815643770,280.5782917,-75.48318206,0.36679301,,19.705299,18.816299
1815648224,280.7365429,-75.13355779,0.218398,,19.8244,18.9298
1815668298,280.7494221,-74.57157666,-0.0109796,,19.4762,18.5415
1815684239,280.7466853,-74.10759819,-0.0086193802,,18.992001,18.038799
1688309486,279.4928567,-75.87667049,0.299382,,19.315901,18.405701
1688310593,279.5828962,-75.44983416,0.19696499,,19.0735,18.1329
1688364602,279.6448836,-75.07256301,-0.76326901,,19.8948,19.2055
1688368907,279.7211562,-74.30323709,0.37832701,,19.4552,18.554001
1815643039,280.217659,-75.73540867,0.25530601,,19.18,18.197201
1815647063,280.1346458,-75.46856558,0.25485301,,19.9095,19.104099
1815647064,280.1234508,-75.46604335,-0.022655601,,19.1516,18.2558
1815663708,280.1614697,-74.90785621,0.32210401,,18.4207,17.602301
1815643227,280.0693718,-75.57457528,0.0027171001,,19.7969,18.918501
1815663092,280.1578799,-75.04489848,-0.033520401,,20.1429,19.236
1815663439,280.0511186,-74.95880215,0.24225999,,20.194401,19.348
1815647508,280.2688554,-75.38844135,-0.157454,,19.881599,19.041901
1815667400,280.2323399,-74.67240377,-0.95703202,,20.4149,19.5707
1815668006,280.28633,-74.42245117,0.387458,,19.329201,18.379601
344181340,280.2323626,-74.5907902,0.381971,,17.4862,16.5268
344181341,280.5404702,-74.59051094,0.26916599,,17.4706,16.5119
344181342,280.2727615,-74.5901792,0.355654,,16.6936,15.7233
344172289,280.3119937,-75.09356722,0.278952,,16.7857,15.8362
344172412,280.3631855,-74.9112253,0.198295,,17.48,16.6129
344172248,280.2765511,-75.1575662,0.116373,,18.2304,17.3328
344172340,280.5057811,-74.99830345,0.119947,,17.844299,16.9305
344171882,280.33737,-75.73347074,0.147283,,18.405899,17.4006
1688364136,279.4916686,-75.22010159,0.142628,,18.4491,17.687799
1815643038,280.2476655,-75.72763647,0.29784301,,18.153299,17.1647
1815648286,280.1369554,-75.20931147,0.247602,,18.5354,17.7071
1815663095,280.1246159,-75.04097547,0.20152999,,18.4445,17.536501
1815648276,280.0607152,-75.23759407,0.042765498,,18.710199,17.8972
1815648423,280.3856558,-75.12945731,0.17529599,,18.2617,17.4032
1815663109,280.2774846,-75.04642226,0.29964399,,18.3095,17.369699
1815663477,280.1570734,-74.93439286,0.180509,,18.401899,17.488701
1815663481,280.1588735,-74.92360199,0.33962399,,18.495899,17.566601
1815663818,280.2768026,-74.79586244,0.15091801,,18.6392,17.749701
1815663822,280.4766754,-74.85609623,0.0099196704,,18.773199,17.834801
1815664147,280.2119915,-74.7108976,0.20524999,,17.8944,16.971201
344171879,280.2272585,-75.74126326,0.99580002,,14.929,13.9521
344172252,280.3427415,-75.15296973,0.61188298,,15.0094,14.079
344172283,280.2191018,-75.10516264,0.544101,,15.2159,14.3279
344168189,279.8766653,-74.13106992,2.63377,,12.3693,11.3008
344133243,279.4781481,-74.67645863,1.19175,,14.2053,13.3266
344168874,279.8235807,-75.10722628,1.10858,,14.1975,13.2937
344133256,279.6730846,-74.66239664,0.92107397,,14.2027,13.2917
422139480,280.6224704,-74.4541219,1.04019,,14.0521,13.134
344132749,279.5999708,-75.36585857,0.69809401,,15.8192,14.9345
344133552,279.7803833,-74.27912973,0.47291201,,15.2956,14.4384
422140455,280.8857,-75.53843348,0.79486197,,15.0445,14.1629
422140182,280.7055848,-75.21048766,0.35455501,,17.1593,16.2696
344168871,279.801611,-75.10302118,0.224833,,17.065201,16.251301
422140380,280.5063981,-75.4450106,0.22313,,18.6077,17.6555
344133182,279.7225174,-74.74685446,0.21029399,,17.6441,16.8409
344168878,279.9083571,-75.1096627,0.101016,,18.0646,17.1551
344169373,279.8625442,-75.90396486,0.46487099,,18.1432,17.136
422139052,280.6219147,-74.02723589,0.229764,,18.4231,17.475
422139053,280.6796139,-74.02738108,0.214004,,17.859301,16.898399
422140448,280.64448,-75.52693731,0.39980501,,18.862499,17.8883
422140376,280.6433029,-75.44172517,0.340947,,18.8134,17.862801
1815648186,280.6304883,-75.1818063,0.119214,,19.736401,18.917
1815663662,280.8379488,-74.83746001,0.0873385,,20.247,19.3965
1815663665,280.8011745,-74.82812317,0.034556501,,19.7815,18.8456
1815668376,280.7645515,-74.51531267,-0.446738,,19.8634,18.8941
1815647310,280.651714,-75.35224269,0.0090452302,,19.3857,18.4788
1815663310,280.8560362,-74.92828466,-0.0131286,,20.2929,19.435301
1815627387,280.7368856,-75.9487328,0.46023101,,19.3664,18.402901
1815642431,280.8349204,-75.77019527,-0.0866694,,19.591801,18.7299
1815647691,280.7041396,-75.29915669,-0.0054980698,,19.7824,18.8496
1815647803,280.9362003,-75.24057832,-0.059398901,,19.906401,18.9398
1815627079,281.0694893,-75.98575794,0.38799301,,19.4177,18.5397
1815627083,281.1513054,-75.97419571,-0.70379502,,20.162001,19.2649
1815643843,281.2529216,-75.43916239,-0.111273,,19.4531,18.601801
1815647460,281.1335543,-75.29371837,0.151667,,18.995399,18.1784
1815650161,281.1657053,-75.09940567,0.0122557,,19.367399,18.4023
1815668962,281.1332327,-74.32083458,0.31623101,,19.8892,19.0805
1815669990,281.1991313,-74.25231216,0.29626301,,18.987101,18.1234
1815669992,281.2526417,-74.24533009,0.096422203,,20.0837,19.245199
1815669994,281.2445424,-74.24367862,-0.445375,,20.4835,19.6222
344168875,279.8561949,-75.1086982,0.041026302,,18.549,17.610901
422140804,280.7060868,-75.96298376,0.041131999,,18.1164,17.2414
422140805,280.6295996,-75.96328459,0.33500999,,18.209999,17.246901
1688309530,279.9614343,-75.8636723,0.23150501,,18.292601,17.3255
1688364809,279.9085493,-74.98605626,0.21456701,,18.147499,17.339399
1815663457,280.1943461,-74.94511368,0.301458,,18.389099,17.491301
1815648083,280.7549992,-75.21702658,0.140357,,18.5865,17.682199
1815627095,280.950506,-75.98495748,0.27796301,,18.7878,17.8225
1815647827,281.0102952,-75.20183817,0.100038,,18.602501,17.6357
1815648306,280.1516849,-75.20022629,0.109487,,19.014,18.1075
1815663451,280.2475605,-74.94684637,0.060440201,,18.9471,18.036301
1815648215,280.5779642,-75.16290288,0.021864001,,19.0802,18.174101
1815663551,280.5832405,-74.89042723,-0.0242106,,18.8095,17.997499
344172180,280.3914189,-75.25883334,0.36683401,,16.911501,16.017799
422140447,280.837423,-75.52664245,0.334012,,16.8465,15.9333
422139822,280.5175268,-74.83498725,0.36976799,,18.3554,17.451599
1815667612,280.0512952,-74.58874807,-0.41774601,,19.159401,18.2218
422139320,280.6298785,-74.2903492,0.117209,,18.3255,17.3671
422139860,280.5471339,-74.87504152,0.38795599,,18.143299,17.249001
422140739,280.9060726,-75.87204286,0.17636999,,17.480301,16.589701
1815664325,280.7024776,-74.62875445,-0.0703061,,19.024099,18.131701
1688309200,279.9546528,-75.97255324,0.22530501,,19.1763,18.180901
1688309523,279.7662567,-75.82788204,0.638704,,18.6947,17.751801
1688364816,279.9953044,-74.95294749,0.16303501,,20.2931,19.3818
1815627464,280.5801957,-75.92408766,0.032942101,,19.2187,18.233999
344129934,279.0522999,-75.63748448,1.31984,,12.7552,12.0105
344181192,280.2613694,-74.80201248,1.14794,,13.7001,12.9053
344129724,279.0694308,-75.29805388,0.207525,,16.910801,15.9889
344168338,280.1041808,-74.31611499,0.62711799,,15.2539,14.2974
344181364,280.4617611,-74.55101445,0.80519998,,16.8092,15.9089
1688364811,279.9130516,-74.97959979,-1.0994,,19.7847,18.9279
1688365743,279.9108542,-74.83320869,0.078789398,,19.194201,18.3276
1688366669,279.9259138,-74.7507198,0.193386,,20.1378,19.252701
344172431,280.3688923,-74.89061393,0.696778,,15.7864,14.8622
344181360,280.4593368,-74.55845131,0.99470901,,14.4325,13.5686
1815642753,280.7131887,-75.70281524,0.23830201,,18.622,17.634001
1815643684,280.7731689,-75.500201,0.229404,,18.4729,17.553101
344078262,278.7453139,-74.15129162,0.634224,,14.0665,13.38
344168674,279.8350173,-74.82545149,0.72104597,,13.9198,12.9845
1815683806,280.1807922,-74.12653281,0.401696,,19.9848,19.0256
1815641981,280.1951835,-75.93920046,0.49416,,20.4387,19.415899
1815642101,280.1473226,-75.87189328,-0.092589103,,19.781,18.767099
344133333,279.7184106,-74.56432806,1.30366,,13.8012,12.8088
344168435,280.1161381,-74.45096543,2.5754299,,13.3379,12.3856
344181178,280.3158143,-74.83081819,1.40804,,13.3679,12.503
422140191,280.8878607,-75.2156311,1.01316,,13.6227,12.7014
344172435,280.2229352,-74.87851171,0.97110701,,14.364,13.5431
344129877,279.2652372,-75.53265991,1.1285,,14.3782,13.4964
344133383,279.7030616,-74.49168225,0.83214802,,15.5283,14.539
1815648307,280.153906,-75.20153422,-0.44802701,,20.3612,19.496401
1815650242,281.1813119,-75.06297971,-0.35981101,,18.8053,17.909599
1815650243,281.1886829,-75.06250014,0.260187,,18.4137,17.496799
344133459,279.7524892,-74.40433469,0.75249898,,15.4964,14.585
344168417,279.9239201,-74.41810706,0.65123802,,15.2645,14.3069
1815663455,280.1460915,-74.95874464,0.547939,,18.760099,17.8284
1815667608,280.1074303,-74.5844855,0.156949,,19.2335,18.288601
1815667615,280.0455816,-74.58109996,0.183056,,18.996099,18.1777
1815648084,280.7792966,-75.21468208,-0.235301,,19.0119,18.270201
1815648578,280.5332697,-75.06954333,0.162117,,20.535801,19.5842
1815669988,281.1919105,-74.24682709,0.0982816,,19.161301,18.1896
422139323,280.8261957,-74.29454069,0.363552,,17.3881,16.424
345087514,281.1699201,-75.66105618,0.277289,,16.7686,15.8434
344172181,280.1798009,-75.25728951,0.60890001,,16.2677,15.3369
422139826,280.6055586,-74.83949095,0.56777298,,16.486,15.5628
422140197,280.8799443,-75.22114307,0.61986202,,15.7719,14.8767
1815663556,280.7077663,-74.90570913,0.41528299,,19.1814,18.407801
1815663980,280.5944007,-74.76198997,0.40165499,,18.661501,17.890499
1815670182,280.5122477,-74.2975088,-0.129737,,20.182699,19.2778
344172328,280.2305535,-75.02068932,1.04882,,14.8615,14.0157
344129109,279.2996629,-74.28584876,0.49536899,,16.9235,15.9171
344168340,279.8385989,-74.32055801,0.30784801,,17.130699,16.126499
344129796,279.104565,-75.41693386,0.74964702,,15.0103,14.1023
344132782,279.5737581,-75.30715656,0.57158601,,15.5279,14.6075
344133462,279.7001633,-74.39850257,0.55199301,,16.0812,15.1357
422140161,280.8650266,-75.19421952,0.49154499,,15.8879,14.9549
1815627092,280.9196434,-75.99631681,0.13619401,,19.1796,18.263901
1815627101,281.1433443,-75.95489984,0.16644099,,18.6308,17.836599
1815627153,280.9270359,-75.95265722,-0.27253199,,19.9498,19.1171
344181239,280.2118074,-74.72680652,0.84736401,,15.4626,14.5654
344181217,280.2576896,-74.76389893,0.50476098,,16.4083,15.518
344133238,279.3933863,-74.67839292,0.52871698,,16.2034,15.2614
1815647326,280.9008193,-75.39196962,0.35249001,,19.316999,18.354
1815647329,280.8929197,-75.38131313,0.33343899,,19.2423,18.372
1815647332,280.9529268,-75.37144682,0.48891899,,19.124599,18.388201
422139861,280.5800684,-74.87517784,1.46074,,12.4171,11.7991
422140452,280.9255377,-75.5325366,2.1888399,,12.6551,11.7588
422140192,280.7105242,-75.21576833,0.804896,,15.2749,14.3206
422140255,280.6919535,-75.28496768,0.533364,,15.6698,14.7062
1815665854,281.0302772,-74.71866024,0.50058502,,19.1409,18.341101
1815665855,281.0398135,-74.71480252,0.090648197,,19.255501,18.4132
1815665857,281.0634284,-74.71726659,-0.28711101,,19.861601,18.921801
1815666191,280.8095734,-74.68624778,-0.33981001,,19.4949,18.591499
1815642739,280.9517961,-75.69875612,0.32805699,,19.593,18.777399
422139641,280.6050548,-74.64061738,0.62909597,,15.2326,14.3277
422139644,280.6929008,-74.64563673,1.39972,,14.1534,13.2578
1815643804,280.8536772,-75.4827793,0.320416,,19.570601,18.716999
1815647829,281.0392177,-75.17581539,0.13394099,,19.5021,18.536301
1815648242,280.9941041,-75.11824444,-0.143756,,19.767799,18.9028
1815664432,281.1017905,-74.87306756,0.509031,,20.0054,19.0889
1815684692,280.9030953,-74.0146677,0.34614599,,19.7367,18.7409
344133236,279.7432378,-74.68039115,0.246654,,17.208799,16.2528
344181183,280.2729256,-74.8247145,0.40404001,,17.0403,16.165199
344181220,280.5068817,-74.75700973,0.36471501,,16.557899,15.6716
344181226,280.3221633,-74.74720391,0.38123599,,16.8678,15.946
344129562,279.1440809,-75.03332252,0.725411,,15.2886,14.4447
422140250,280.7326652,-75.2771783,0.424027,,16.611,15.6733
344133376,279.5777157,-74.49898981,0.34781501,,17.417999,16.475401
344133382,279.561711,-74.49330998,0.48112699,,16.832399,15.8262
344132825,279.4703999,-75.25330247,0.457744,,16.4468,15.5599
344129229,279.011905,-74.46254577,0.142123,,17.896099,16.931601
344133568,279.5776101,-74.24552252,0.20477401,,17.681999,16.6541
422139058,280.6714564,-74.03096906,0.48383,,17.1623,16.341101
422140248,280.8691299,-75.27567911,1.30439,,14.1287,13.2291
344168159,280.006147,-74.09241213,0.422106,,16.9603,15.9438
344129532,279.1052802,-74.98586395,0.68845898,,15.4593,14.6143
344168670,279.8339995,-74.82066103,0.44597501,,17.6115,16.716499
344169336,280.1276564,-75.85961419,0.120102,,17.777901,16.8526
344172329,280.4939966,-75.01848625,0.210016,,18.0854,17.202
344181185,280.5412142,-74.81131138,0.23372801,,17.9888,17.103201
422140393,280.8193417,-75.45764189,0.95153302,,15.243,14.3153
344133469,279.5219283,-74.38582382,0.223754,,16.405701,15.4317
422140258,280.6601557,-75.28737264,0.52170998,,16.501301,15.5778
344078261,279.005986,-74.15240254,0.639893,,17.990601,17.0359
344129722,279.0375739,-75.29556461,0.130597,,17.7649,16.8592
344168671,280.1277832,-74.82194469,0.109738,,18.0804,17.201099
1688306264,278.8374634,-75.77312166,0.114708,,18.6087,17.738701
1688328249,278.6737291,-75.38146224,0.28452301,,18.1674,17.2652
1688365948,278.8655265,-74.87558942,-0.186474,,18.934401,17.975
1688367054,278.7172863,-74.67936989,0.205908,,18.3694,17.518499
344129358,279.0344815,-74.70050781,0.32848999,,17.2038,16.2495
1688302184,278.8860282,-75.81252735,0.064962998,,18.3964,17.460699
1688301827,279.0194688,-75.85314746,0.181668,,18.532499,17.684
1688365985,278.9988101,-74.8478383,0.051224802,,18.751801,17.924601
344129677,279.3471144,-75.19550905,0.280166,,17.299,16.3729
1688369540,279.1005524,-74.2044273,0.21276399,,18.0292,17.0952
344132947,279.7124531,-75.08233673,0.43484399,,17.055799,16.141199
1815663096,280.094797,-75.03619017,0.17595699,,18.485901,17.654301
344132827,279.5046998,-75.24722999,0.37218201,,16.9755,16.0751
344132823,279.5477904,-75.2538703,0.310498,,17.5742,16.6873
1815665908,280.820235,-74.72277092,-0.124872,,19.1775,18.232401
344130134,279.38397,-75.98675319,0.443791,,18.1492,17.154499
422139567,280.9230106,-74.54827468,0.20531499,,18.032,17.087299
344129412,279.2671421,-74.7858867,0.245841,,17.7152,16.747299
344129660,279.1190644,-75.17145686,0.234468,,17.8141,16.968
344129879,279.3640961,-75.53817984,0.32324699,,17.5548,16.656
344129320,279.3744662,-74.63089194,0.114691,,18.180201,17.226101
344132943,279.4813396,-75.08483492,0.186765,,17.701099,16.7838
344168665,279.9140937,-74.81578964,0.211008,,17.4702,16.5938
1688301964,278.6682704,-75.87023543,0.37426499,,18.591101,17.6838
1688302176,278.7456455,-75.82173817,-0.27897799,,20.2323,19.2698
1688307957,278.7956651,-75.49911707,-0.29912901,,19.899599,19.003901
1688308267,278.6950698,-75.42659514,0.36903,,19.426201,18.570601
1688328802,278.6509233,-75.21651346,-0.66364199,,20.9118,19.951
422139573,280.8352333,-74.56295989,0.36805099,,18.072201,17.1866
422139662,280.9277457,-74.66352535,0.35115999,,17.92,16.972401
422140196,280.8492889,-75.21911895,0.106758,,18.1668,17.2465
422140259,280.864352,-75.28772833,0.27054,,18.183701,17.226299
1688370611,278.7456086,-74.14730208,-0.085556,,19.305799,18.412001
1688302188,278.8630662,-75.80723335,-1.3609101,,20.110399,19.245199
1688369914,278.8622332,-74.16688773,-0.20078699,,19.6812,18.8153
422139057,280.7335301,-74.03096789,0.270841,,17.7493,16.7782
422139601,280.8755181,-74.594366,0.223727,,17.545,16.5839
1688370877,278.8586777,-74.05834528,0.33093399,,18.9512,17.953699
344133119,279.6947267,-74.8392241,0.414419,,17.7882,17.0348
422139569,280.9443035,-74.55032894,0.498748,,18.1056,17.1502
1688311229,279.0399528,-75.34613985,-0.26462799,,20.0511,19.214701
422139604,280.9549693,-74.59784747,0.50960797,,17.816299,16.9175
1815647053,280.034876,-75.48626585,0.33301601,,18.0138,17.2712
1815667331,280.0870617,-74.68929936,0.083503,,19.7728,18.846001
1815647959,280.6038671,-75.22513199,0.64050502,,18.8496,17.9837
1815663550,280.6100095,-74.89494807,0.31406099,,20.0837,19.1537
1815664227,280.5455541,-74.69100541,-0.28606001,,20.0641,19.114799
1815670280,280.5907729,-74.22284976,0.177439,,19.923901,18.934999
1815648257,280.9251031,-75.11186489,-0.78413498,,20.2715,19.3724
344132944,279.6750638,-75.08368954,0.071948402,,17.611601,16.6905
1815663322,280.7249492,-74.9209543,0.081554301,,19.2437,18.298201
1815663574,280.8513471,-74.8735535,0.36993,,18.8925,17.991501
344181182,280.3216593,-74.82700978,0.394476,,16.997101,16.059299
344181244,280.2928765,-74.71979383,0.45443201,,17.6418,16.693701
422140397,280.8600223,-75.46035522,0.13430101,,18.4067,17.497601
1815665909,280.837984,-74.71525852,0.21322399,,19.903,18.9916
1815666219,280.85934,-74.64792774,0.070325099,,20.6947,19.720301
1815668692,280.7778539,-74.44117517,0.202482,,19.121599,18.167101
344168529,280.1881368,-74.58584823,0.081801496,,18.407,17.473499
1688366266,278.8838354,-74.80994917,0.0250993,,17.980101,17.101999
1688366399,279.0385886,-74.73271642,-0.122036,,19.0686,18.150801
1688364990,279.3274396,-75.01832257,0.017428599,,18.5005,17.643499
1688310804,279.5065042,-75.43798192,-0.032432001,,18.459,17.5616
1688310938,279.694134,-75.41976176,0.250512,,18.185301,17.309799
1688364219,279.5108807,-75.19418807,0.130622,,18.1604,17.340599
1688370342,279.7874612,-74.02908262,0.114318,,18.877199,17.928301
1815647987,280.2391489,-75.25382062,0.14550801,,18.5401,17.604099
1815663458,280.1747305,-74.94399804,0.17722601,,18.080799,17.396
1815663718,280.2555233,-74.89513466,-0.058925901,,18.292601,17.415501
1815647645,280.4582156,-75.30278013,0.11447,,18.230499,17.306801
1815663507,280.4168521,-74.95575428,0.32511199,,18.597601,17.6679
1815684135,280.618135,-74.16861604,0.129079,,18.7757,17.846399
1815642746,280.7225672,-75.72364637,-0.036160201,,18.798901,17.8577
1815665828,281.0630897,-74.74056211,0.723324,,14.3246,13.3669
1688301752,279.3156288,-75.88166973,0.068153299,,18.8897,17.9839
1688370338,279.6451589,-74.03779811,0.0039955298,,19.237,18.246901
1815685639,280.4624636,-74.0169211,-0.094738498,,19.4669,18.480101
1688328697,278.8562416,-75.26215483,0.49462101,,19.533899,18.6292
1688368402,278.5187679,-74.48573863,0.198799,,18.829,18.058599
1688368548,278.7743217,-74.36910004,0.164753,,20.1733,19.268101
1688365958,278.9243044,-74.85165712,0.0105458,,19.479799,18.5742
1688365373,279.2644096,-74.92045985,-0.091433898,,20.0902,19.3158
1688365415,279.3584042,-74.95372788,0.192403,,18.8601,18.0007
1688365981,279.1847936,-74.83050313,-0.100961,,20.0324,19.135099
1688366571,279.1692268,-74.70412726,0.173195,,19.436199,18.4944
1688368217,279.2452301,-74.4442079,0.202932,,19.954,18.976601
1688368223,279.1912263,-74.43612152,-0.15168899,,19.374701,18.5294
1688368717,279.2836376,-74.30353269,0.337915,,19.5951,18.6451
1688310217,279.4454732,-75.61883583,-0.067168199,,19.3965,18.528
1688364075,279.2927782,-75.20256711,0.090678498,,20.5847,19.660601
1688369980,279.2905761,-74.08965068,0.52775902,,19.702999,18.7404
1688310287,279.6845225,-75.53909007,0.35218,,18.9202,17.980801
1688310802,279.6044518,-75.4243989,-0.47340599,,19.819799,19.0721
1688311424,279.7669812,-75.24700789,0.387418,,19.7619,18.860901
1688364223,279.5393151,-75.1867754,0.23722699,,20.0882,19.185801
1688366087,279.6785617,-74.7968224,0.28366199,,19.3995,18.481899
1688370336,279.6743689,-74.03081941,0.30350101,,19.538601,18.5385
1815648318,280.204728,-75.17310956,0.49974799,,18.776699,17.9767
1815663462,280.282369,-74.94263161,0.102134,,19.428101,18.676399
1815667419,280.3249964,-74.64236617,0.42553601,,19.1231,18.235201
1815667496,280.2098128,-74.64759704,0.57115501,,19.4363,18.525801
1815647644,280.4347547,-75.29983726,0.054859199,,18.805799,18.0037
1815647649,280.4194841,-75.29612214,0.58551699,,18.862301,17.9786
1815663940,280.3952634,-74.79324118,-0.38736799,,18.955,18.507401
1815663941,280.3739566,-74.78802958,0.53564101,,18.57,17.743601
1815663944,280.3328655,-74.79208013,0.23444,,19.289101,18.3974
1815684138,280.596017,-74.15668136,0.50163198,,19.371799,18.4037
1815643320,280.8289471,-75.58997368,-0.37072599,,20.305799,19.4412
1815643537,280.9858557,-75.51986578,0.426034,,19.5805,18.654301
1815643905,280.7743578,-75.4377247,0.20329,,19.422001,18.470699
1815665826,281.0173711,-74.74741845,0.64014602,,19.3643,18.4151
1688365785,279.9904736,-74.75858957,-0.094663501,,18.6133,17.700899
1688364161,279.8407957,-75.18295622,0.074203402,,18.6222,17.7124
1688366656,279.7675036,-74.76361507,0.016722601,,18.4748,17.568001
1688369057,279.9052436,-74.2077874,0.21121299,,18.5644,17.5168
1688311474,279.9522923,-75.19950067,0.161742,,18.737101,17.876699
1815663762,280.2549726,-74.85845421,0.115522,,18.6558,17.781
1815642804,280.4812213,-75.69550045,-0.0395541,,18.594601,17.591
1815667720,280.4803624,-74.51591401,0.017468501,,18.008801,17.374599
1815670192,280.5131066,-74.28455849,0.062375799,,18.6693,17.7787
1815642481,281.2366657,-75.74919835,0.177123,,18.3025,17.4298
1815648150,281.0883324,-75.14682726,0.060726199,,18.620199,17.695
1815664359,281.0819324,-74.92352704,-0.097434297,,18.840599,18.0096
1815668444,281.0259189,-74.45362318,0.23705301,,18.684299,17.740499
1815668448,281.1205882,-74.43468791,0.072658397,,18.320499,17.353701
1815670335,281.1246498,-74.20627142,0.2049,,18.081699,17.2015
1688310945,279.7231011,-75.39348014,0.27719501,,19.618,18.786301
1688310947,279.7492504,-75.40303657,-0.056256101,,19.4743,18.620199
1688367842,279.7597644,-74.47093352,0.0055324398,,19.784901,18.785801
1688370350,279.7594638,-74.01846314,0.357398,,18.552601,17.632401
1688309766,279.8710609,-75.77807253,0.38367301,,19.2803,18.3074
1688364162,279.8029086,-75.17884252,0.29261199,,19.888901,19.055901
1688364164,279.8160739,-75.17613997,0.79873699,,18.549,17.618601
1688364203,279.8206884,-75.14611386,-0.26785499,,19.850201,19.0798
1688368937,279.7268387,-74.30061157,0.150491,,19.320801,18.3549
1688370238,279.8892895,-74.04125369,0.46786401,,19.73,18.792801
1688310049,279.8783171,-75.6548297,0.44484699,,20.0667,19.076
1688310299,279.8233456,-75.59542288,-0.182235,,19.673599,18.735901
1688365673,279.8834452,-74.89976784,-0.90014797,,20.6719,19.729601
1688369026,279.8378142,-74.25285903,-0.71618301,,19.8437,18.866501
1815663915,280.3449175,-74.80798526,0.36031201,,19.685801,18.770201
1815663920,280.4360484,-74.79699158,0.46064499,,18.843399,17.936399
1815667790,280.3515522,-74.47750295,0.34356901,,19.6721,18.6999
1815667792,280.4200369,-74.50281112,-0.44703001,,19.6919,18.950001
1815668036,280.2232457,-74.39501038,-0.072333001,,20.395,19.4361
1815642808,280.6330559,-75.67270463,-0.040373798,,20.561199,19.5989
1815648113,280.7482285,-75.17469784,0.2226,,18.7185,17.921
1815670197,280.6096006,-74.26527203,0.107869,,19.125401,18.2654
1815647416,280.8726388,-75.35585343,0.21198399,,19.7474,18.8634
1815648649,280.9709664,-74.99332048,-0.025650401,,19.583599,18.7472
1815665846,280.841795,-74.73803275,0.41371301,,19.385599,18.591801
1815665850,280.8928089,-74.72956696,0.043700501,,19.1236,18.228701
1815643828,281.0983961,-75.47353751,0.26057401,,18.771601,17.912901
1815648182,280.593236,-75.20112125,0.28832099,,18.8242,17.8915
1815666331,281.0061525,-74.58804105,0.27319601,,19.123301,18.195499
1815627248,281.3609612,-75.91303294,0.039596599,,19.6336,18.665501
1815643437,281.0295967,-75.5556413,0.049141601,,19.2325,18.3263
1815643953,281.0584025,-75.38562277,-0.0395464,,19.9583,19.0979
1815650526,281.0459826,-75.03202999,0.0155346,,20.057199,19.261101
1815665985,281.1924099,-74.63013591,0.304239,,19.3249,18.4065
1815668452,281.0219301,-74.43928434,0.364135,,18.710899,17.800699
1815668925,281.1250104,-74.34045799,0.091568798,,19.661301,18.813499
1815670465,280.9838062,-74.13583043,-0.44033399,,19.872299,18.9174
1815670474,281.0799553,-74.12703706,-0.181364,,20.128,19.2659
344181311,280.2087125,-74.64135123,0.83397698,,14.6903,13.7629
344168954,279.9356101,-75.22973411,0.594845,,15.7119,14.787
344171836,280.5429728,-75.81263109,0.69656003,,15.3936,14.3995
344168206,280.0947784,-74.14697695,0.26872301,,16.924101,15.8941
344168422,279.8935082,-74.42314821,0.37629601,,17.3244,16.2995
344168425,279.8832962,-74.43137158,0.33774301,,18.1402,17.117599
344168950,279.992349,-75.22216879,0.336597,,17.260099,16.321199
1815647860,280.0574949,-75.24914001,0.221883,,18.158501,17.3095
1815667619,280.0963375,-74.56968397,-0.072043397,,18.7925,17.993601
1815647018,280.052973,-75.51719516,0.0143951,,19.9757,19.188299
1815647023,280.1796056,-75.49995792,0.53276402,,18.783001,17.815599
1815647025,280.1135795,-75.50220433,0.35627401,,20.5802,19.614799
1815663002,280.0490179,-75.10739015,0.158996,,19.2073,18.485901
1815664132,280.1140374,-74.72846803,-0.184213,,19.603001,18.726999
1815663780,280.0566716,-74.85803153,0.31478101,,18.963499,18.0257
1815667362,280.1028057,-74.66669657,-0.301579,,20.2013,19.2836
1815683724,280.1411081,-74.16078825,0.30126899,,20.023899,19.013399
1815643097,280.1091081,-75.68437874,0.000061541701,,18.8444,17.900101
1815647612,280.2821574,-75.31350742,0.33511499,,18.411699,17.4772
1815663413,280.395357,-74.95061995,-0.00119674,,18.710899,17.842199
1815663414,280.2842261,-74.94981525,-0.18465,,18.370001,17.517
1815642039,280.3074611,-75.8936577,-1.01757,,20.0368,19.116301
1815647571,280.2226871,-75.36935371,0.075991802,,20.3081,19.3859
1815647610,280.3008246,-75.32048251,-0.0238313,,20.082001,19.227501
344133192,279.4641004,-74.73165482,0.76783103,,15.1828,14.246
344132391,279.5467249,-75.93258506,0.483264,,16.5026,15.5862
344132470,279.6877846,-75.8023256,0.27400401,,16.891701,15.929
344132953,279.6404769,-75.07582709,0.32334301,,17.962299,17.0959
344133106,279.4413866,-74.85456494,0.25225201,,17.4217,16.471901
344168903,279.9629012,-75.14316007,0.19635201,,17.4063,16.520599
344168907,280.1323502,-75.15858741,0.32625899,,16.9254,15.9969
344168849,280.109324,-75.07108672,0.46485201,,17.0441,16.1129
344132954,279.6921839,-75.07337272,0.20780601,,18.058599,17.1217
344168853,279.8257156,-75.07583712,0.034457501,,18.309601,17.376801
1688301871,279.1993487,-75.81928206,0.114966,,18.7953,17.902901
1688302240,278.9912987,-75.7580085,0.19562601,,18.539301,17.645599
1688311242,279.2508764,-75.31821918,0.121441,,18.607599,17.776199
1688363932,279.2173732,-75.25016082,0.097779602,,18.809601,17.8759
1688364519,279.4096575,-75.10816965,0.0160912,,18.4506,17.5364
1688371366,279.3102602,-74.03763598,-0.038520198,,19.0287,18.121401
1688309384,279.6444311,-75.9138085,0.264961,,18.353001,17.3978
1688309691,279.5190902,-75.78697457,0.114977,,17.9888,17.040899
1688311435,279.5456833,-75.24971235,0.218197,,18.522301,17.622499
1688364574,279.5841927,-75.10703781,0.25740099,,18.093,17.194901
1688364683,279.4871714,-75.05960227,0.123513,,18.823601,17.959
1688366171,279.5678043,-74.77130662,-0.0391169,,19.258301,18.321199
1688311442,279.6011634,-75.23379909,-0.13504501,,19.200001,18.2605
1688367831,279.6605872,-74.48592969,0.087772898,,18.648701,17.6803
1688369120,279.7064697,-74.21106463,0.214534,,18.8862,17.907801
1688365722,279.8895037,-74.86122981,0.0108141,,18.7801,17.842199
1815647498,280.4256685,-75.38710704,0.0034457201,,18.7136,17.750799
1815663045,280.3274273,-75.06622147,0.205007,,18.053301,17.1716
1815663047,280.3242557,-75.06583451,0.253712,,18.732201,17.7967
1815663120,280.4548302,-75.01891378,0.191544,,18.4977,17.593901
1815663726,280.3364387,-74.88234593,0.31089699,,18.141899,17.242901
1815667521,280.2443583,-74.60586451,-0.106733,,18.162399,17.3265
1688301875,279.2654849,-75.81347781,0.124557,,19.2505,18.2831
1688302242,279.0491811,-75.74863797,0.179141,,20.120001,19.245199
1688311244,279.2327718,-75.31621635,0.33454001,,19.357,18.5133
1688311248,279.2015716,-75.30455619,0.435891,,19.2101,18.488501
1688363927,279.1083942,-75.28195296,-0.35652599,,20.825899,19.875299
1688363929,279.1171793,-75.26959972,0.610717,,19.3673,18.499001
1688364511,279.2726037,-75.12394494,-0.0099216001,,20.4795,19.5891
1688309381,279.5992414,-75.92482412,0.445941,,18.5546,17.611
1688311357,279.5977213,-75.28553991,0.40690601,,19.3276,18.5604
1688364569,279.6025577,-75.11618046,0.131419,,19.4165,18.499599
1688365152,279.5230632,-74.9414522,0.43937099,,18.481001,17.6359
1688366489,279.5309371,-74.71696496,-2.6057301,,20.813101,19.9268
1688309354,279.5669598,-75.94785512,0.29574201,,20.1635,19.2523
1688310183,279.6583711,-75.59889498,0.080304697,,18.964001,18.138901
1688310635,279.6964667,-75.4832384,0.37000901,,18.615299,17.724899
1688311019,279.7253263,-75.35741676,-0.52700299,,19.976299,19.2197
1688311337,279.778215,-75.29312931,0.159532,,19.2658,18.359501
1688311443,279.6261457,-75.23311898,0.426323,,20.2764,19.344999
1688365101,279.8607511,-74.94780828,0.103373,,18.4806,17.811399
1688366650,279.7598459,-74.77990215,-0.199597,,20.555799,19.665701
1688366651,279.7699945,-74.77750474,0.114865,,18.693399,17.9559
1688366652,279.8211383,-74.77198592,0.035596799,,19.581699,18.778601
1688365076,279.6270079,-75.00619689,0.446087,,18.586399,17.759899
1688365080,279.8327228,-74.97425204,-0.137161,,19.677401,18.7876
1688309123,279.9617517,-75.99375264,0.077841602,,20.257799,19.2838
1688309435,279.8571074,-75.86537265,0.29820299,,18.769899,17.867701
1688370453,279.8674356,-74.0232301,-0.73974597,,20.392799,19.487499
1815642295,280.5738682,-75.87588146,0.24752,,18.995001,18.161501
1815647255,280.3285587,-75.4225649,0.50582701,,19.566799,18.6315
1815663046,280.3498688,-75.06111206,0.234621,,19.254,18.319099
1815668050,280.4297459,-74.38066778,0.34584099,,19.617901,18.7159
1815683564,280.2663146,-74.2526235,0.023196699,,19.941099,18.9667
1815683570,280.3888677,-74.23964841,0.0434388,,19.6849,18.941999
1815683600,280.4442533,-74.20727908,0.0718541,,19.753,18.959
344133559,279.5823758,-74.27326197,2.4332199,,11.2552,10.4836
344077617,278.7927546,-75.0463954,1.21885,,13.6761,12.8456
344077170,278.6593537,-75.63977843,1.6035,,14.0737,13.165
344132858,279.7495988,-75.20760835,0.53376698,,15.7494,14.8417
344132861,279.3942665,-75.20416852,0.51277101,,15.9641,15.0715
344133205,279.5919808,-74.716027,1.24691,,14.9959,14.0469
344133290,279.4367049,-74.61307324,0.57452399,,15.7201,14.8266
344132367,279.6684227,-75.96739294,0.431411,,15.0428,14.0306
344077790,278.7611189,-74.83234004,0.140543,,17.0369,16.210699
344133029,279.5607886,-74.9635304,0.397111,,17.0844,16.160999
344073060,278.5318807,-74.04757255,0.67754,,15.9953,14.9963
344073061,278.5042365,-74.05125194,0.374937,,16.7397,15.7478
344073683,278.3287466,-74.85776273,0.30136001,,16.437099,15.5863
344133036,279.5778995,-74.95528264,0.138926,,16.826401,15.8794
344132455,279.5030089,-75.82029282,0.43289301,,16.436001,15.4746
344132862,279.6171352,-75.20347898,0.30012301,,17.853201,16.947701
344132761,279.5039827,-75.33467371,0.378939,,17.2854,16.3671
344133209,279.4535246,-74.71174001,0.30461901,,17.3612,16.4018
344073056,278.386143,-74.03465788,0.43749601,,17.436399,16.466101
344073366,278.2743648,-74.44215131,0.234212,,18.064199,17.2265
344073114,278.3920859,-74.12004327,0.393931,,17.121599,16.2085
344074341,278.5559791,-75.70502739,0.107104,,17.781401,16.825399
344077171,278.6856988,-75.63970102,0.38982001,,17.486401,16.528299
344133032,279.4950713,-74.95845405,0.111024,,17.8214,16.9188
344133035,279.7330654,-74.95727193,0.261893,,17.770399,16.846901
344133206,279.5646373,-74.71517316,0.30833,,17.6964,16.7791
344133028,279.7498575,-74.96661279,0.139533,,17.8419,17.027599
344132505,279.4355013,-75.74208826,0.178233,,18.2038,17.250299
344133211,279.4007628,-74.70791281,0.276337,,17.774,16.805901
344133296,279.6294488,-74.60627952,0.31771001,,18.316401,17.3155
1688330228,278.3050148,-75.11079317,0.24487901,,18.392401,17.418501
1688334591,278.4548862,-74.96884738,0.134501,,18.365999,17.4603
1688328693,278.7453741,-75.26268838,0.182007,,18.478901,17.5471
1688368518,278.8058484,-74.39577661,0.14569201,,18.646601,17.6602
1688367265,279.2560837,-74.58945959,-0.087024502,,18.601999,17.6516
1688310236,279.2371617,-75.61443459,0.171969,,18.437401,17.5639
1688310420,279.3020631,-75.58416915,0.20041201,,18.292101,17.339001
1688364115,279.5772087,-75.21720449,0.20292,,18.692101,17.774401
1688364119,279.6088664,-75.20654669,-0.048346002,,18.6315,17.754601
1688364231,279.5769521,-75.17010838,0.381273,,18.371901,17.430799
1815683953,280.1013285,-74.01664972,-0.101098,,18.6429,17.6789
1688334916,278.2934937,-74.92798364,-0.151438,,18.9552,18.062901
1688367633,279.2782815,-74.48843495,-0.31415501,,19.1005,18.146299
1688308182,278.7825508,-75.46774552,-0.103694,,18.8822,17.9324
1688369812,278.8299679,-74.1581464,-0.64092797,,19.6082,18.6061
1688336750,278.3126078,-74.70064281,0.0433315,,19.273899,18.461201
1688336774,278.3039724,-74.67075582,0.230582,,19.036501,18.0889
1688306241,278.4816828,-75.76093032,0.20261601,,19.910999,19.037901
1688329955,278.3841435,-75.1793384,0.275161,,19.6159,18.7651
1688306300,278.798417,-75.73506666,0.23712599,,18.753099,17.8908
1688330399,278.758968,-75.02230811,0.41602099,,19.702801,18.738501
1688371023,278.7608549,-74.05549241,0.0089429803,,20.1602,19.2675
1688371137,278.5693939,-74.00668234,0.36168599,,18.9652,17.9995
1688309905,279.2626015,-75.73546496,-0.045114201,,20.7286,19.758301
1688310757,279.2731437,-75.48781108,0.35037801,,18.737801,17.844801
1688365380,279.2337889,-74.91437198,0.40922201,,19.307899,18.365499
1688366294,279.2114671,-74.78811165,0.32790899,,20.0914,19.162901
1688367638,279.2674267,-74.48208598,-0.173389,,19.992701,18.9811
1688369589,279.2852266,-74.1675714,-0.0026278801,,19.5909,18.6015
1688309887,279.5364658,-75.71083509,-0.040737402,,20.069201,19.183201
1688310933,279.5599596,-75.35174177,0.35108799,,18.8426,17.9909
1688310934,279.5542141,-75.3466369,0.15460899,,18.9618,18.113701
1688364116,279.5692953,-75.21273319,0.287945,,20.015699,19.139999
1688364118,279.6071712,-75.21282314,0.39620599,,20.521,19.585899
1815683958,280.1483435,-74.0019144,0.12904701,,20.6985,19.7159
1688300500,279.1884215,-75.97746499,0.439446,,19.738701,18.848
1688310519,279.1563916,-75.53567531,-0.0059023499,,19.571199,18.733801
1688311142,279.1569883,-75.37063826,0.24742401,,19.030701,18.080999
1688363919,279.0487104,-75.28185089,0.094400197,,19.9671,19.103901
1688365281,279.139944,-74.97596907,0.42901501,,19.6329,18.748199
1688368211,279.1197846,-74.44835377,-0.0205283,,19.308399,18.3645
1688309555,279.9682604,-75.80076772,0.67407501,,19.358601,18.379499
1688309559,279.9861408,-75.78284783,0.158562,,20.156799,19.157101
1688310649,279.9651209,-75.45392343,0.342509,,19.4093,18.546801
1688310656,279.9242348,-75.44618532,0.266541,,19.916599,19.0242
1688364209,279.8966573,-75.14825537,0.37091601,,18.759001,17.860701
1688366759,279.9964032,-74.63934021,-1.13659,,20.4533,19.5072
1688367742,279.998473,-74.50399111,-0.42751601,,20.1047,19.124201
1815642165,280.0873642,-75.8562713,-0.077754997,,19.9484,18.989901
1815663742,280.1893314,-74.87725205,0.58996201,,19.5429,18.6339
1815664069,280.2357869,-74.77021478,0.158326,,20.2943,19.372601
1815664096,280.1398067,-74.74886766,0.19585299,,18.664301,17.863199
1815667777,280.2246677,-74.49178101,-0.459409,,19.798901,18.827299
1815683534,280.0174119,-74.28822012,0.266222,,19.3148,18.290701
1815683640,280.1509683,-74.20922778,0.339266,,19.281799,18.3566
1815683828,280.1203491,-74.0966141,0.49063301,,18.869801,17.937099
344133342,279.7806092,-74.55034946,0.432834,,17.4485,16.52
344133345,279.4359666,-74.54490067,0.27884701,,17.271299,16.2757
344133228,279.6906426,-74.68678709,0.14105999,,16.897301,16.0769
344133232,279.4757836,-74.68243339,0.29504099,,17.346001,16.3696
344133338,279.4543472,-74.56058341,0.48694301,,17.121799,16.1243
344077991,278.9106151,-74.53823286,0.39472499,,17.888901,17.0173
344077995,278.7232739,-74.53299708,-0.168403,,18.331301,17.456499
344132590,279.3707723,-75.59443563,0.276328,,18.2726,17.307501
344133075,279.4000925,-74.90291391,0.440593,,17.720301,16.7866
344133341,279.3986379,-74.55182676,0.306766,,17.710899,16.7085
344132633,279.5129004,-75.53003885,0.19342799,,17.3318,16.4298
344181460,280.3877296,-74.39748733,0.228687,,18.211,17.242201
344077464,278.7539311,-75.25137344,0.26633799,,17.352301,16.442301
344133337,279.6859063,-74.5613788,0.326534,,17.928301,17.0867
344077996,278.6385476,-74.53161702,0.150434,,18.0061,17.017099
344168648,280.1605087,-74.78312173,0.143363,,17.7967,16.8675
1688301767,279.1261072,-75.88481103,0.10017,,18.2519,17.362801
1688365287,279.0700057,-74.97756451,0.122382,,18.603701,17.6467
1688367235,279.1605888,-74.6271574,0.24618199,,18.460899,17.489
1688367538,279.0980572,-74.55924258,0.178957,,18.438499,17.5161
1688367541,279.1887271,-74.53982002,-0.077825002,,18.7638,17.752701
1815667637,280.1194365,-74.5428017,-0.137457,,19.2421,18.318199
1815683750,280.3786755,-74.14057593,-0.00171207,,19.1826,18.2565
344077467,278.9329272,-75.24706492,0.49143001,,16.0439,15.1416
344132731,279.767548,-75.39297779,0.56002098,,15.8925,15.0148
344171917,280.4710593,-75.66226464,0.57439601,,15.9282,14.919
344132732,279.7357742,-75.39284008,0.45193201,,16.395399,15.5985
344133200,279.5641912,-74.72271176,0.43554899,,16.575399,15.6964
344181384,280.2058235,-74.51837619,0.187604,,17.3298,16.3524
344168489,279.9908384,-74.52904566,2.1740601,,12.1673,11.3428
344181382,280.4397902,-74.52374807,2.44803,,11.4833,10.661
344132974,279.4796647,-75.04381361,0.52785999,,16.215799,15.276
344133535,279.5854893,-74.30403686,0.76467502,,15.6139,14.5882
344132379,279.7426543,-75.9523509,0.723517,,14.8188,13.8143
344181421,280.534404,-74.46030438,1.04316,,14.064,13.1315
344132730,279.7097872,-75.39385189,0.40186301,,16.336399,15.449
344133230,279.5451496,-74.68452148,0.63958198,,15.3976,14.4953
344133336,279.6270088,-74.56242666,0.32518101,,15.479,14.7406
344168650,279.9783011,-74.79026477,1.03618,,15.1912,14.2821
344077953,278.8650478,-74.59217287,0.49527201,,18.056,17.201
344132466,279.7076753,-75.8080227,0.807078,,17.912201,16.9291
1688366949,278.8414541,-74.7131963,-0.41829199,,19.8582,18.952101
1688302164,279.2607733,-75.76273613,-0.325712,,19.300699,18.4314
1688310143,279.3724094,-75.65517922,-0.429681,,20.135,19.2036
1688310145,279.4281816,-75.64755871,0.32775599,,19.468,18.647699
1688368324,279.1365655,-74.39338876,-0.086829901,,19.453899,18.506599
1688368329,279.2395183,-74.37742361,-0.49773601,,20.4377,19.4881
1688300578,279.3412925,-75.93376898,0.421974,,19.247601,18.3818
1688300587,279.3100406,-75.93211888,0.078383803,,19.518,18.631901
1688309603,279.5069171,-75.83013553,0.022787901,,19.007799,18.1877
1688365456,279.4696716,-74.91088847,0.14606801,,18.773701,18.1397
1688368757,279.3298467,-74.27035983,0.108294,,19.2855,18.294001
1688369870,279.2640294,-74.14763963,0.034470499,,19.5422,18.633699
1688300620,279.2419102,-75.92114051,0.54197502,,20.007299,19.0709
1688364408,279.3810048,-75.14794837,0.23693401,,19.2215,18.3424
1688311035,279.6214067,-75.33271741,0.28634301,,19.163799,18.299601
1688365472,279.6569054,-74.90298158,0.178634,,20.258301,19.382999
1688365524,279.3152312,-74.9178641,0.42033601,,19.483999,18.590799
1688368880,279.6293247,-74.33253007,0.0113025,,19.6882,18.747999
1688370318,279.7529687,-74.04764595,0.45695001,,20.282301,19.2896
1688369034,279.8912207,-74.23749999,-0.00381187,,19.362,18.370701
1815642395,280.4763984,-75.82804264,-0.85540098,,20.6499,19.6859
1815642403,280.7136811,-75.80151947,0.17410401,,19.874701,18.906099
1815642404,280.7200885,-75.79718272,0.34793299,,19.3347,18.370701
1815663157,280.516393,-75.03721109,-1.4493901,,20.419701,19.516701
1815664001,280.5497783,-74.75390343,-0.23696201,,19.9184,19.1087
1815664194,280.595988,-74.72689309,0.145951,,19.062201,18.1518
1815667724,280.4910369,-74.50361239,0.526012,,19.8153,18.9443
1815667807,280.4752811,-74.46760666,-0.36090499,,19.604099,18.7428
1815647404,280.8251928,-75.35906583,0.105678,,19.379801,18.607901
1815663240,280.9362892,-74.94826842,0.36478901,,19.342501,18.4592
1815666303,280.7734603,-74.60723461,0.0629787,,18.916201,18.172199
344129434,279.1704955,-74.8122372,1.90669,,13.0173,12.1226
344168701,279.9646322,-74.86350069,0.87949198,,13.5718,12.7672
344169127,279.91038,-75.51378616,1.44815,,13.2362,12.4739
344129429,279.1395022,-74.80606271,0.51298201,,16.673201,15.7394
344168695,279.9877601,-74.85811182,0.59017199,,16.2059,15.3087
344073507,278.5095798,-74.6265664,1.65476,,13.6324,12.7231
344169128,279.9922819,-75.51482309,0.38139001,,16.5588,15.6005
344073550,278.3650078,-74.67572222,0.339302,,16.4881,15.6137
344073622,278.2870554,-74.76940158,0.47084901,,17.5481,16.590599
344077683,278.7871161,-74.97181874,0.54968399,,15.5345,14.5605
344129844,279.2788992,-75.48349326,0.25953099,,17.238899,16.2992
344129845,279.184243,-75.48537919,0.43883801,,17.2038,16.346001
344169064,279.8820353,-75.42322391,0.30296201,,17.277901,16.360901
344169131,279.8166751,-75.51660673,0.25488499,,17.188801,16.3501
344171750,280.5073616,-75.96129325,0.170169,,17.302,16.308701
344132522,279.6965426,-75.71999403,0.47933,,16.6397,15.7045
344073815,278.530589,-75.01493913,0.184396,,18.1357,17.1971
344130050,279.3351531,-75.83237924,0.215477,,17.2402,16.295
344181741,280.4468689,-74.05506959,0.276214,,17.183201,16.235201
344172346,280.3386848,-74.99435045,0.31209499,,16.3881,15.557
344169062,279.9692389,-75.4171155,0.27956599,,18.150999,17.336201
344169070,279.9464658,-75.43179883,0.412936,,17.7663,16.840599
344132523,279.7231489,-75.7194175,0.58679599,,15.7118,14.7325
344133067,279.7198736,-74.91796919,0.48919201,,16.3736,15.4654
344132546,279.6600492,-75.67314083,0.244305,,18.0196,17.100599
344077604,278.7216829,-75.06286637,0.169982,,17.0319,16.134399
344132460,279.6883439,-75.81700694,0.359391,,17.058901,16.098301
344181704,280.4854447,-74.09590979,0.32029,,17.2815,16.341299
344077600,278.8406866,-75.06723668,0.39534599,,18.424299,17.450399
344077684,278.9565832,-74.97047356,0.199146,,17.682899,16.829
344077686,278.8802273,-74.9635696,0.343054,,17.671301,16.6896
344132520,279.6046938,-75.72436094,0.17158499,,17.847099,16.868601
344133060,279.5009298,-74.93028931,0.17157599,,17.8939,16.9681
344132703,279.372539,-75.43306794,0.13026799,,17.906601,16.9683
344077839,278.6522491,-74.74794327,0.37950999,,17.405199,16.493999
344181740,280.441762,-74.05545671,0.37650201,,17.616301,16.6217
422139752,280.5848442,-74.7629224,0.36583599,,17.5439,16.5877
1688306120,278.5900557,-75.80924241,0.12990899,,19.067101,18.125601
1688308171,278.6571246,-75.48858171,0.0545878,,18.442101,17.5296
1688308172,278.7251438,-75.48207767,0.26924101,,18.382299,17.537001
1688307992,278.8600245,-75.47248039,0.30067,,18.533001,17.5933
1688328285,278.8742491,-75.36025893,-0.065870203,,18.073799,17.4104
1688330021,278.7959494,-75.09802247,0.038354699,,18.893,17.9382
344077602,278.8719958,-75.0650574,0.224957,,18.183001,17.3472
344132553,279.422355,-75.66530472,0.32456499,,18.299801,17.362499
344132614,279.5620468,-75.55584606,0.292914,,18.0793,17.147301
1688306280,278.9625754,-75.75058301,0.35666001,,18.231899,17.301001
1688306282,278.9612524,-75.74732386,0.100371,,18.726,17.8757
1688306284,278.8835933,-75.75107794,0.24121401,,18.2616,17.4112
1815664250,280.2747947,-74.72101616,0.192302,,18.3013,17.399
1688364040,279.2881285,-75.22821125,-0.00074560498,,18.870199,18.046801
1688365299,279.2977285,-74.94078822,0.148471,,19.111799,18.147301
1688370821,279.2831802,-74.03734418,-0.097640797,,18.5564,17.5504
1688307943,278.6147627,-75.53105633,-0.068545297,,19.0193,18.087999
1688308173,278.6731097,-75.49873809,-0.12955999,,18.989401,18.0756
1688309682,279.4891993,-75.8176062,0.15232299,,18.472,17.496401
1688311305,279.469334,-75.28047016,0.251845,,18.3414,17.426001
1688309622,279.6765054,-75.82978299,0.22192501,,18.661501,17.681299
1688364606,279.6450585,-75.06857799,0.158241,,18.437599,17.508101
1815663154,280.5085692,-75.04615483,0.231617,,18.3421,17.562099
1815667811,280.5399642,-74.47678193,-0.29893899,,18.503901,17.6045
1815667816,280.5687133,-74.46979288,-0.28876701,,19.2645,18.3034
1688306118,278.6943976,-75.79778933,-0.142664,,19.2237,18.2605
1688300577,279.2980796,-75.9499022,0.034170002,,18.822201,17.936001
1688306253,278.6234371,-75.73168843,0.19878,,19.2057,18.371901
1688307941,278.5900096,-75.53822296,-0.251459,,19.677099,18.832701
1688309191,279.9914776,-75.98175977,-0.114097,,19.186701,18.168301
1688369037,279.8692901,-74.22876993,-0.0036086999,,19.054399,18.025801
1815647933,280.5075628,-75.26547233,-0.073058598,,19.3267,18.3701
1688308176,278.7727181,-75.48349352,0.062550701,,19.5249,18.5751
1815684683,280.9850755,-74.02511062,-0.46744499,,19.3291,18.3403
1688334629,278.627145,-74.9476171,0.350995,,18.6299,17.7407
1688371014,278.5571497,-74.07677841,-0.27699301,,19.9114,18.946699
1688364317,279.8389332,-75.1077998,-0.069538698,,19.2321,18.325701
1688371019,278.6819458,-74.06946675,0.34887001,,19.969801,19.014601
1688306685,278.7409868,-75.67157424,-0.41108,,19.5212,18.678301
1688306691,278.8764779,-75.65965511,-0.46432,,20.031099,19.1126
1688330016,278.7844625,-75.10121467,-0.020096,,19.486,18.622601
1688366333,278.7852439,-74.80550021,0.349996,,18.213699,17.389099
1688368447,278.7450402,-74.43202952,0.0706205,,19.8036,18.9884
1815648012,280.1992906,-75.23495861,0.130868,,18.997601,18.123301
1815664103,280.2099359,-74.75013451,-0.27993199,,19.252501,18.443899
1815667931,280.2227183,-74.44479561,-0.75415403,,20.4471,19.5793
344133679,279.4176507,-74.10172311,1.15698,,13.3551,12.5281
1815667934,280.4029476,-74.45092456,-0.49609199,,19.7264,18.777201
1815668030,280.2986074,-74.39487848,0.194399,,18.8466,17.943701
1815668035,280.1771766,-74.39624273,0.329005,,19.6686,18.702999
344129247,279.3261702,-74.50488257,0.91440398,,13.3565,12.4512
344132465,279.6982341,-75.80942069,0.91062301,,12.9844,12.127
344132702,279.7664043,-75.43415492,1.89939,,12.8999,12.0245
344129104,279.2794434,-74.27854288,0.70858502,,15.3699,14.3979
344132619,279.609098,-75.54837624,0.520078,,15.9618,15.0326
344133152,279.3953661,-74.79179569,0.61764503,,16.5858,15.6495
344133154,279.6418542,-74.78997509,1.2488101,,13.7832,13.0136
344172196,280.4461472,-75.23695849,1.62928,,12.6101,11.8043
344181196,280.3586072,-74.79220795,0.68772399,,12.8055,12.3539
344172080,280.5623005,-75.39936766,0.73334599,,15.4338,14.5253
344172082,280.5260128,-75.39637463,0.60909301,,15.6948,14.778
344172193,280.4619359,-75.23960391,0.62137997,,15.8402,14.8929
344172081,280.2007783,-75.397709,0.448733,,16.4205,15.4871
344172083,280.5165331,-75.39587727,0.57572699,,16.483101,15.5244
344181197,280.4052477,-74.79180942,0.39605799,,17.8995,16.9692
344172188,280.2006509,-75.25126241,0.48810801,,16.7796,15.9127
344181502,280.5539511,-74.34444065,0.057222899,,18.1227,17.132601
344181504,280.2183328,-74.34268642,0.186459,,17.8682,16.9716
1815647886,280.3511335,-75.29269679,0.027133301,,19.232,18.2803
1815647888,280.2939396,-75.28646508,0.29615501,,18.7586,17.806299
1815667688,280.3970429,-74.53153713,0.052531999,,18.5392,17.6919
1815668236,280.2213929,-74.30763963,0.087072499,,18.9485,17.986099
1688309753,279.7421854,-75.72402061,0.46595901,,19.700199,18.771601
1815647997,280.1752125,-75.24306168,0.236192,,19.025299,18.1749
1815664128,280.1203091,-74.72800857,0.380992,,19.0333,18.246599
1815667677,280.1617269,-74.56482367,-0.164453,,20.5242,19.5411
1815668235,280.2462106,-74.30111887,0.32612199,,18.693899,17.7274
1815683875,280.1303995,-74.07129589,0.49425599,,19.2896,18.2857
344133044,279.3433643,-74.94561035,0.47638601,,18.1334,17.252501
422139949,280.615866,-74.9553601,0.347552,,18.5361,17.6329
1688307892,278.8610446,-75.52922258,0.23464601,,19.9629,19.058399
1688308250,278.5831578,-75.46152241,-0.60909998,,20.1014,19.362
1688365931,278.9830084,-74.86852504,0.211585,,20.204399,19.233101
1688366264,278.8487825,-74.80992667,0.22329199,,18.893801,17.9792
1688368099,279.0181215,-74.47134404,0.0227689,,20.115299,19.165199
1688368459,278.8100642,-74.40767346,-1.01359,,20.381201,19.481701
1688368462,278.9267177,-74.4028258,-0.039733499,,19.946501,19.0247
1688309259,279.4194558,-75.98627163,0.33658999,,18.982201,17.9856
1688309260,279.4536693,-75.98227514,-0.172142,,20.365499,19.4779
1688309592,279.3682532,-75.85443938,-0.39862701,,20.0921,19.310101
1688309596,279.4543709,-75.83933782,0.58661801,,19.329,18.363001
1688364433,279.3489355,-75.1247841,0.31084999,,18.3085,17.511801
1688364666,279.4471411,-75.08305893,-0.55946702,,20.398399,19.5667
1688364668,279.4960168,-75.08203737,-0.0570498,,20.1511,19.329901
1688364669,279.4971023,-75.07955098,0.48063999,,19.2812,18.459801
1688364676,279.6171162,-75.06630571,0.51207203,,18.4219,17.569901
1688366033,279.4923325,-74.83601231,0.29472601,,19.4387,18.5077
1688366147,279.2653599,-74.79101894,-0.031778298,,19.740299,18.902599
1688309652,279.7641621,-75.79367897,0.123971,,19.610201,18.762899
1688309871,279.7678221,-75.7090125,-0.638946,,19.685301,18.8927
1688310070,279.955116,-75.62489324,0.118756,,19.570999,18.6891
1688364126,279.7316358,-75.19356742,-0.441026,,20.619699,19.766001
1688364134,279.7070272,-75.19648131,0.38166499,,18.814301,17.8951
1688364244,279.6235599,-75.15954351,-0.205208,,20.0748,19.264
1688366721,279.8090133,-74.70260173,-2.58464,,20.992701,20.079399
1688366805,279.8696998,-74.63107567,0.30615899,,19.712299,18.747999
1688367706,279.679131,-74.55841395,-0.18208399,,19.5285,18.5422
1688368953,279.9323661,-74.25436894,0.299712,,19.894199,18.996599
1688368954,279.9452907,-74.24706472,0.64532101,,19.6723,18.6504
1688370077,279.6581364,-74.1488198,0.30420199,,19.5422,18.5179
1688370082,279.7367292,-74.13063887,0.25387001,,19.549801,18.541901
1815642310,280.6474754,-75.86048042,0.24081101,,19.288601,18.2987
1815647191,280.558139,-75.4507555,0.140323,,18.859501,17.9823
1815663962,280.4582687,-74.76142466,-0.13304099,,20.259899,19.3452
1815669781,280.7612777,-74.37845744,-0.0127935,,19.677299,18.707899
1815669783,280.729359,-74.37003572,0.38836199,,19.3675,18.499599
1815626911,280.4784711,-75.98119052,0.52159601,,19.250999,18.254499
1815626915,280.559223,-75.97612938,0.077420898,,19.5385,18.6651
1815641972,280.0006471,-75.97145521,0.46801001,,18.8263,17.8543
1815643613,280.4743491,-75.5855675,0.0383946,,19.609501,18.6747
1815663923,280.4863991,-74.79327248,0.283485,,19.108101,18.2743
1815667960,280.5204727,-74.40884443,-0.121888,,19.116501,18.292101
1815669885,280.6079341,-74.3202913,-0.0342202,,19.9758,19.0742
1815642718,280.5890539,-75.72537126,0.14753599,,19.9977,19.0609
1815643345,280.5678965,-75.5994663,0.63703299,,19.683399,18.687901
1815647280,280.6688247,-75.39447216,-0.037060302,,19.139799,18.292101
1815663607,280.4408743,-74.90790056,0.25442299,,19.791,18.8873
1815667450,280.5636909,-74.61150969,-0.038967799,,19.7024,18.7365
1815627447,280.8769437,-75.90509232,-0.25822201,,20.139799,19.166599
1815627448,280.9472229,-75.8930516,-0.203724,,19.9041,18.9473
1815643540,280.9908056,-75.51690433,-0.22688501,,19.282801,18.4002
1815647716,281.0129373,-75.27812787,0.34171399,,19.810301,18.8571
1815647813,280.906374,-75.2129378,-0.53972298,,19.345301,18.539499
1815648129,280.9563524,-75.17178258,-0.199756,,20.153999,19.319401
1815648131,280.937418,-75.16411521,-0.64020598,,20.478201,19.602501
344078214,278.6258697,-74.22425952,0.26580101,,18.091801,17.0889
344130079,279.2553875,-75.87365503,-0.00309458,,18.1273,17.306499
344077655,278.9927257,-75.00390258,0.35047501,,18.3647,17.3915
344078361,278.7838593,-74.01994155,0.37496901,,18.2651,17.291901
344172275,280.5077524,-75.11334617,0.321233,,18.0644,17.123699
1688364658,279.417666,-75.10092051,0.18448099,,18.309601,17.3757
1688366449,279.2175699,-74.75167962,0.216602,,18.5616,17.6085
1688370136,279.5547977,-74.10738116,0.44982201,,17.989201,17.025299
1688310195,279.7140687,-75.57772871,0.116235,,18.753401,17.8253
1688310977,279.7796797,-75.35643888,0.142563,,18.3433,17.416
1815647549,280.4140886,-75.35018457,0.23744699,,18.4263,17.6035
1815648049,280.4914999,-75.19729687,0.158951,,18.3936,17.640699
1815663528,280.4066638,-74.94226348,0.0668457,,18.204201,17.291201
1688364469,278.8996545,-75.17206844,0.043130599,,18.982901,18.0233
1815642307,280.5384353,-75.87624601,-0.247436,,18.7125,17.7335
1815626912,280.4678185,-75.98514577,0.173043,,18.619101,17.760099
1815647276,280.5360339,-75.40133697,-0.212126,,19.0189,18.106501
1815642963,281.0100893,-75.61107788,-0.31089699,,18.751101,17.8034
1688366869,279.7384926,-74.58992578,-0.054640699,,19.1085,18.117599
1815667445,280.5740853,-74.62939045,-0.163497,,19.055799,18.198799
344129346,279.2820779,-74.67244891,0.41514301,,17.002399,16.039
344132781,279.6505623,-75.31123363,0.445104,,16.9781,16.0674
344132914,279.6602478,-75.12799545,0.22332101,,17.4249,16.5383
345087899,281.0145776,-75.09291476,0.273049,,16.8538,15.9783
344077882,278.6067039,-74.67943286,0.41803101,,18.158199,17.195101
344078050,278.8918577,-74.44938694,0.27115601,,18.5835,17.5777
422139767,280.8505095,-74.77845725,0.190175,,18.5198,17.592899
422140232,280.8865519,-75.25810248,-0.0433046,,18.464899,17.516199
344129291,279.1709128,-74.57703514,0.127176,,17.9382,16.961
344130078,279.1231664,-75.87173246,0.303689,,17.531401,16.582399
344171980,280.4071967,-75.56243002,0.213476,,18.061199,17.1099
344172273,280.5323887,-75.11620729,0.29983601,,18.046801,17.1479
422139773,280.8041205,-74.78710096,0.0420256,,18.060301,17.165199
345087395,280.9940154,-75.83959386,0.35787901,,18.1348,17.1668
345087400,281.1565741,-75.83319089,0.26324299,,17.3328,16.420799
344077657,278.9911849,-75.00120375,0.36588699,,17.7957,16.844101
344129707,279.3326775,-75.2618404,0.0840616,,17.745899,16.8552
344171976,280.5609999,-75.57040404,0.26474601,,17.9359,16.944901
344181297,280.5658806,-74.65272343,0.13360199,,18.205299,17.264099
422139509,280.8204426,-74.47556863,0.196638,,17.9932,17.036501
422140234,280.7582389,-75.26114608,0.274443,,17.5361,16.5986
345087472,281.020234,-75.7145653,0.075436197,,17.922701,17.062901
344133190,279.4831616,-74.73564958,0.23183499,,17.238001,16.2988
422139381,280.7342102,-74.34848492,-0.048681598,,18.456499,17.593201
344129704,279.0109088,-75.25375129,-0.160074,,18.159,17.3577
344130094,279.2223706,-75.89506066,0.269633,,17.795099,16.840599
345087769,281.3440024,-75.27972511,0.41286501,,17.7861,16.919901
344130077,279.0113063,-75.87069679,0.30248299,,16.766899,15.8108
344130095,279.3515137,-75.89606855,0.26269901,,17.2883,16.3358
345170472,281.0952197,-74.52186844,0.35974699,,16.9536,16.0292
344132443,279.4451128,-75.84208252,0.72088802,,16.051901,15.0689
422139942,280.7193438,-74.94936782,0.59230298,,14.6413,13.8535
344077653,278.8070279,-75.0046935,0.43173501,,16.569,15.5843
344078216,278.6315185,-74.22003532,0.492926,,16.212099,15.2047
422139510,280.6942171,-74.47706057,0.179038,,16.6166,15.7255
345170635,281.1042516,-74.30471522,3.70667,,11.3034,10.4563
344128972,279.0984286,-74.08647886,1.30467,,12.9999,12.1765
344129727,279.2348689,-75.30620515,2.1540899,,13.1374,12.27
344133370,279.4880607,-74.51244951,1.17021,,13.4601,12.729
422139376,280.6054324,-74.34325323,1.12602,,13.5291,12.5987
344171780,280.5259886,-75.9257284,0.47317699,,15.6389,14.7912
422140239,280.8253697,-75.26507814,1.1550699,,14.7754,13.8765
345170689,281.170906,-74.23372008,0.13872799,,16.359301,15.6201
345087766,281.0225106,-75.28341963,0.0576596,,16.1071,15.2998
344132625,279.4865579,-75.54301695,0.41957101,,16.357599,15.536
344132723,279.5683538,-75.40896826,0.61924201,,15.6326,14.7261
344181290,280.4738806,-74.66600783,0.989133,,14.9032,14.0312
344077163,278.8412373,-75.65074015,0.067444697,,15.976,15.075
344077527,278.6784857,-75.16091793,0.87714601,,14.2901,13.4779
344129706,279.1452039,-75.25867333,1.4573801,,14.0175,13.1082
344129950,279.3859792,-75.66498468,0.58268601,,14.8357,14.054
344181208,280.2120536,-74.77888489,0.517156,,15.7327,14.8029
345170474,281.1298209,-74.52099026,0.66923797,,14.8266,14.0103
345170736,281.0346336,-74.14876083,1.33815,,14.554,13.623
344168765,279.9420926,-74.93911865,0.43474099,,16.5161,15.578
344132659,279.5741862,-75.50021707,0.24602,,16.8111,15.8659
344168892,279.8415566,-75.12979827,0.55713898,,16.134899,15.1957
344169161,280.0921729,-75.55590688,0.585859,,16.4685,15.5011
344168768,279.887993,-74.94105438,0.667211,,16.009199,15.0667
344132630,279.7005331,-75.53866521,0.108716,,17.622601,16.6973
344168635,279.9928739,-74.76135262,0.26051599,,17.1113,16.207701
344168731,280.1608637,-74.90286606,0.36790201,,17.3368,16.474501
344168680,279.8839469,-74.83120605,0.233468,,17.3118,16.4121
344132422,279.4698271,-75.87579166,0.233917,,17.5446,16.666
344132652,279.5218289,-75.50789109,2.11378,,13.6685,12.7496
344168937,280.014445,-75.19655098,0.54837602,,15.5633,14.6683
344132706,279.416364,-75.42551017,1.77351,,14.0115,13.1216
344132936,279.5533574,-75.09599162,1.19657,,13.9194,13.1065
1688309910,279.362298,-75.7166717,-0.039372399,,18.643801,17.7715
1688309912,279.4323723,-75.72197345,0.25727299,,19.540199,18.5604
1688310446,279.3267348,-75.53861454,-0.081544802,,19.7906,18.9196
1688364095,279.3365767,-75.1797352,0.29543099,,19.340799,18.4587
1688367572,279.4205215,-74.50836206,-0.248953,,19.3207,18.3692
1688369569,279.3782978,-74.17584006,0.24869099,,19.8043,18.786699
1688369572,279.1480543,-74.21045306,-0.0092468197,,19.7962,18.897301
422139776,280.6660698,-74.79017429,0.60597402,,15.5856,14.7464
344073826,278.578124,-75.0253685,1.93616,,12.3197,11.5507
344172377,280.4345114,-74.95853925,1.05915,,13.1713,12.4127
344172255,280.4086206,-75.14576889,0.80795503,,14.8371,13.9724
344172447,280.4968954,-74.86677897,1.42777,,13.94,13.0365
344074527,278.3006812,-75.99452494,0.67122698,,15.1372,14.2199
344172254,280.3140277,-75.14644976,0.66942102,,14.9727,14.1196
344172159,280.2795703,-75.28463994,0.36245999,,16.970501,16.0326
344073226,278.2949536,-74.26385371,0.73611802,,14.9763,14.011
344074511,278.3250163,-75.97413323,0.28341201,,16.4403,15.4965
344171821,280.4733779,-75.83930326,0.86362302,,15.4609,14.5542
344172372,280.4118828,-74.96487552,0.402917,,15.8691,15.0898
344172373,280.5447877,-74.96276143,0.63398099,,15.8995,15.0444
344172376,280.4483542,-74.95878179,0.80324697,,15.615,14.697
344172160,280.4789727,-75.28431481,0.30141699,,17.1106,16.1784
344074532,278.4874638,-75.99879436,0.22243901,,18.2306,17.251801
344171860,280.3909747,-75.76959245,0.52641398,,17.1255,16.201799
344172163,280.4368796,-75.28251292,0.212309,,17.5263,16.5916
344172263,280.4304453,-75.13585056,-0.479011,,17.713301,16.802099
344181623,280.2096953,-74.19645937,0.103609,,18.440201,17.4111
344074043,278.5090013,-75.32288407,0.471369,,17.3158,16.3529
344172444,280.3254842,-74.87185084,0.14704999,,17.5483,16.615101
344073938,278.5426763,-75.19825406,0.224381,,17.648199,16.685301
344073655,278.5389658,-74.81253864,0.164103,,17.747,16.9214
344074530,278.5576774,-75.99713994,0.216069,,17.527201,16.878599
344169086,280.1495958,-75.44782854,0.17914499,,17.636801,16.730301
1688330152,278.2042014,-75.13778405,-0.092550203,,18.9849,18.056801
1688330252,278.2833328,-75.08386761,-0.202674,,18.7551,17.800501
1688355472,278.1401226,-74.54370262,-0.105221,,18.7043,17.8813
1688328354,278.670031,-75.31399797,0.156294,,18.4743,17.556601
1688329994,278.6681385,-75.14561632,0.31111401,,18.361,17.424299
1688335102,278.587998,-74.80783027,-0.073821597,,18.799601,17.954599
1688336272,278.5933305,-74.78527791,-0.34562901,,18.9716,18.0396
1688307850,278.6429446,-75.55946118,-0.111634,,18.6036,17.656401
1688307920,278.6010281,-75.54865822,0.0803129,,18.4578,17.5751
1688334969,278.6559606,-74.86968425,-0.057090301,,18.961599,18.0194
1688369215,278.6631625,-74.35790085,-0.125801,,19.0672,18.1518
1688334634,278.6265121,-74.94181906,0.062816396,,19.021,18.0975
1688366932,278.7571286,-74.73547766,0.140715,,18.3925,17.452101
1688368122,278.5393608,-74.52707917,0.220089,,18.6154,17.631201
1688300598,279.2143328,-75.94267206,0.26035601,,18.302799,17.366199
1688306458,279.0915532,-75.65497293,0.158755,,17.7948,16.9412
1688309340,279.4886827,-75.96121996,0.19556101,,18.4585,17.458599
1688366442,279.4367791,-74.72564294,0.122303,,18.7418,17.788
1688366501,279.6127887,-74.70169857,0.216886,,18.225599,17.3228
1688309665,279.3345712,-75.83482686,0.223952,,18.7915,17.8272
1688365514,279.6853313,-74.87290056,0.074100599,,18.563499,17.7022
1688369102,279.57582,-74.22567804,-0.189025,,18.5383,17.6882
1688310642,279.7965028,-75.46065745,-0.033726498,,18.5077,17.5763
1688330405,278.7133262,-75.01162776,-0.0100942,,19.1518,18.198601
1688368390,278.677684,-74.4712093,-0.38251001,,19.266399,18.2862
1688309813,279.4076485,-75.77151599,0.226302,,18.9016,17.930599
1688309805,279.9945341,-75.68295378,0.107264,,19.0644,18.0522
1688307924,278.6650794,-75.53262508,-0.41650799,,19.256701,18.3594
1688370045,279.4816354,-74.18309783,-0.56656301,,19.409599,18.4328
1688301486,278.1226887,-75.90429929,0.217924,,19.021601,18.0798
1688306188,278.2295392,-75.79687426,0.058303598,,19.6343,18.782801
1688306190,278.170092,-75.79785715,-0.179281,,20.307899,19.4874
1688306192,278.1677671,-75.80053301,0.131285,,20.2736,19.3624
1688307745,278.2311716,-75.6307496,0.029548399,,19.5844,18.637899
1688328085,278.31861,-75.45327212,0.0315325,,18.989901,18.121201
1688330246,278.1056629,-75.10080151,0.21302401,,19.9708,19.0439
1688356820,278.3791346,-74.36596439,0.223657,,19.822001,18.857901
1688357121,278.1573953,-74.33699705,0.139799,,19.532301,18.6514
1688301928,278.6279735,-75.91649008,-0.148467,,20.0734,19.299101
1688328352,278.5373387,-75.33018459,-0.219659,,19.813299,19.0336
1688328353,278.6909677,-75.31287196,0.27113199,,19.2197,18.400801
1688336277,278.635304,-74.77942286,-0.223444,,19.8932,19.007999
1688301675,278.6996498,-75.91753126,0.355353,,19.4608,18.549601
1688302050,278.6712343,-75.83831856,-0.36522999,,20.2946,19.334499
1688307953,278.5693565,-75.52433648,0.145089,,19.1528,18.3211
1688368018,278.7288664,-74.56114241,-0.29430899,,20.005501,19.097099
1688306399,278.7430478,-75.69463414,0.53499401,,18.789101,17.8543
1688306718,278.7228683,-75.65596905,0.13016,,19.481501,18.7183
1688368394,278.6911937,-74.46103331,-0.397084,,19.5762,18.587099
1688306796,278.7387997,-75.63295441,0.494124,,19.689501,18.780899
1688308228,278.8679664,-75.42595982,-0.17565501,,19.4762,18.6213
1688328362,278.8097167,-75.32285532,0.25230601,,19.617901,18.698999
1688366922,278.8196478,-74.76043945,0.58745801,,19.1854,18.231199
1688366927,278.9102235,-74.73062889,0.425529,,19.056999,18.1539
1688368126,278.5956778,-74.50468972,0.0045484598,,19.431101,18.469801
1688370636,278.7163023,-74.13641423,-0.146625,,19.567499,18.5956
1688300592,279.1306082,-75.95038639,0.28722799,,19.312,18.3461
1688302149,279.0918961,-75.80771193,-0.320898,,20.380699,19.507401
1688309343,279.4417059,-75.95940191,0.57219303,,19.846399,18.9259
1688309437,279.441304,-75.92170508,0.54506701,,19.8624,18.9242
1688311187,279.4241516,-75.33919626,-0.0185207,,19.138599,18.3382
1688364266,279.5533169,-75.14007431,-0.26596799,,19.863701,19.178499
1688366439,279.3797184,-74.73237152,-1.05796,,20.2416,19.420401
1688368372,279.4489558,-74.33939686,0.47617099,,19.9123,18.9681
1688370046,279.4707253,-74.18093244,0.24029499,,19.0877,18.193399
1688370048,279.5231526,-74.18361662,0.00773165,,19.493601,18.4951
1688368796,279.6085206,-74.37416092,0.0555568,,19.570601,18.613899
1688309802,279.9968444,-75.69942028,0.169093,,19.4144,18.466299
1688310080,279.7930755,-75.6230563,0.018037099,,19.5725,18.630699
1688310086,279.7702672,-75.63032807,-0.302937,,20.284401,19.4494
1688310302,279.8237681,-75.59103018,0.45904601,,18.600901,17.622801
1688310336,279.9780064,-75.54162977,-0.154875,,19.8449,19.008699
1815641997,280.0363578,-75.92833842,-0.13798299,,19.500299,18.580601
1815647865,280.0042917,-75.21800586,0.207838,,20.089001,19.1791
1815662978,280.038945,-75.12419089,0.393233,,19.757,18.908501
1815667365,280.0944472,-74.66315493,-0.69138598,,20.416,19.465099
1815667371,280.1993998,-74.64711185,0.39316499,,19.823799,18.8839
1815667586,280.0801306,-74.61335138,0.43839601,,19.5506,18.718
1815667645,280.1115247,-74.52218232,-0.094574697,,19.7631,18.853701
1815683518,280.0461804,-74.30239743,0.21644001,,19.125,18.110001
1815683610,280.0652151,-74.24491153,-0.0118541,,18.417,17.914101
1815683795,280.1168296,-74.13241317,-0.186312,,19.110201,18.242599
1815683922,280.0145275,-74.04103254,0.247563,,19.347401,18.4004
1688368705,279.1032623,-74.29650286,0.69866103,,19.4569,18.473499
1688311419,279.6404822,-75.24930522,-1.18926,,20.289,19.397499
1688364588,279.6071325,-75.08943182,0.395309,,19.712099,18.7829
1688365036,279.5361972,-75.0120609,0.52156299,,18.444099,17.590599
1688366508,279.6332422,-74.68744296,0.14335801,,19.428301,18.5289
1688366513,279.4758906,-74.70064694,0.552737,,19.303301,18.4867
1688366516,279.4702615,-74.6955926,0.51474297,,18.775999,17.924801
1688367918,279.6442031,-74.43694969,0.12759601,,19.7267,18.710699
1688370057,279.5455397,-74.16435458,0.058446601,,19.5646,18.603701
344077278,278.7108903,-75.50809021,0.34012201,,17.1257,16.240601
344129669,279.1368699,-75.18164638,0.42009801,,16.8708,15.9309
344133642,279.7485197,-74.1521584,0.38550699,,17.268101,16.242001
344077281,278.9453097,-75.50500663,0.37767401,,16.625601,15.7406
344077638,278.7954049,-75.02026783,0.113104,,15.6547,14.9175
344133167,279.5585509,-74.7764426,0.48446,,15.8308,14.8862
344077341,278.902419,-75.40554169,0.33643499,,17.558201,16.6113
344077640,278.77643,-75.01888939,0.27875501,,17.635401,16.657801
344077814,278.8729834,-74.79681791,0.390304,,17.378099,16.4023
344129821,279.0152698,-75.45892594,0.26109499,,17.212999,16.271
344129663,279.252763,-75.17438674,0.41107401,,16.6348,15.7166
344129671,279.2513794,-75.18554771,0.289078,,17.398701,16.514099
344133166,279.646199,-74.77643784,0.342215,,17.0366,16.099701
344077642,278.9868159,-75.01714773,0.239573,,18.028099,17.056499
344132845,279.5827518,-75.21872322,0.26959401,,17.4566,16.650499
344133128,279.5813307,-74.83202303,0.181881,,18.0797,17.136499
344133614,279.3572107,-74.19730417,0.112082,,18.326599,17.3016
1688369414,278.9374267,-74.28767235,-0.288822,,18.9368,17.948601
1688364586,279.5640569,-75.10844634,0.28380299,,18.3111,17.4098
1688365041,279.5973035,-75.00838036,0.44329399,,18.013201,17.0728
344129186,279.0804222,-74.394425,0.242201,,16.279301,15.566
344129490,279.3738317,-74.91015629,0.888704,,14.605,13.7374
344132842,279.549995,-75.22416919,0.703897,,15.9449,15.0131
344133126,279.6767983,-74.83394786,0.75562501,,14.2905,13.593
344074116,278.3009103,-75.41114343,3.20368,,10.901,10.1405
344074506,278.5931561,-75.96962569,1.87555,,10.8475,10.0294
344044346,277.8295877,-74.22695286,2.63026,,11.3169,10.6119
344073033,278.43671,-74.00434052,1.54958,,12.3825,11.6266
344044494,277.9126098,-74.04473972,1.50791,,13.105,12.1551
344043105,277.9305928,-75.96820502,0.48967001,,15.9162,14.975
344132835,279.5645071,-75.23921583,0.89153099,,14.6027,13.7821
344074312,278.2687866,-75.65758499,0.69045299,,14.6874,13.8068
344073644,278.3304565,-74.80447572,0.39862001,,14.8547,13.9845
344043200,277.8672238,-75.80480151,0.70399499,,15.429,14.4788
344044108,277.8471067,-74.55538687,0.76834798,,14.9946,14.1825
344074117,278.4941005,-75.41139815,0.457793,,15.8325,14.908
344074118,278.4248242,-75.41188685,0.55634803,,14.7859,13.8852
344074136,278.3346985,-75.42867213,0.83563,,14.6905,13.8954
344132836,279.4477445,-75.23804943,0.72825599,,14.3543,13.6096
344133663,279.4995274,-74.11927225,0.384341,,15.3181,14.584
344040410,277.4716984,-75.53267183,0.74392402,,15.0036,14.0099
344044111,277.9904094,-74.55303035,0.221726,,17.8512,16.9655
344040408,277.5407935,-75.53185339,0.48377499,,15.7632,14.8936
344040409,277.4336686,-75.53240724,0.40748799,,16.791599,15.8409
344043202,277.9390008,-75.80137648,0.35917699,,16.4041,15.459
344043580,278.1940024,-75.29138224,0.49825901,,16.1728,15.2414
344043776,277.8268243,-75.03305654,0.44574299,,16.376699,15.4836
344133001,279.5495756,-74.99978047,0.36155599,,16.571199,15.6312
344043102,277.845783,-75.97190003,0.847507,,15.2941,14.3477
344044490,277.8411703,-74.04883222,-0.00410676,,16.586,15.6592
344074365,278.2991417,-75.73639632,0.28099099,,17.7209,16.768
344132401,279.4447618,-75.9189987,0.145276,,17.322201,16.536501
344074373,278.2968992,-75.75387783,0.37672001,,17.218599,16.299299
344132736,279.4013434,-75.38858176,0.38487399,,17.0646,16.2052
344132741,279.765365,-75.38010698,0.42489401,,16.7896,15.8974
344043579,278.2124895,-75.2915526,-0.19617601,,18.2321,17.294701
344043583,278.0010054,-75.29023056,0.294209,,17.925699,17.042299
344044020,277.8719286,-74.68091834,0.25410199,,17.576599,16.599199
344073853,278.3493428,-75.07199203,0.237166,,18.3405,17.3699
344074211,278.5330787,-75.52429277,0.56451499,,17.399,16.437401
344073032,278.3130106,-74.00352035,0.25362399,,18.036301,17.078501
344073219,278.3125776,-74.25627835,0.112898,,17.849199,16.9119
344074101,278.2586152,-75.39221214,0.092665203,,17.8999,16.972
344077535,278.6885104,-75.14648652,0.28637299,,17.4757,16.5476
344132395,279.410887,-75.92434667,0.088463597,,18.1511,17.191299
344132399,279.5041424,-75.9198977,0.33626601,,17.5602,16.567301
344132742,279.4431961,-75.37963064,0.256704,,17.298599,16.3864
344133002,279.748569,-74.99910621,0.123551,,17.925699,17.1241
344133457,279.6265366,-74.40741141,0.2904,,17.9984,16.9762
344073222,278.4453554,-74.258297,0.110526,,17.4419,16.455
344074099,278.2413236,-75.38843747,0.280772,,17.314899,16.350599
344132743,279.4030695,-75.37885326,0.361258,,17.662701,16.790501
344133010,279.7317091,-74.9930721,0.25742501,,17.354099,16.4534
344073388,278.223004,-74.47069996,0.17480101,,17.086,16.3381
344073268,278.5957777,-74.31804099,0.16407999,,18.1719,17.2633
1688302233,279.2051005,-75.75134481,0.0275071,,18.937,18.0263
1688367106,279.1954839,-74.67666105,-0.14519601,,18.6605,17.810801
1688366596,279.4320576,-74.67530701,0.069424801,,17.698999,16.7719
1688366396,278.9492196,-74.75533468,-0.30928999,,19.278999,18.3193
1688310438,279.3139859,-75.56002986,-0.34158999,,19.3724,18.488001
1688307721,278.4640419,-75.59198188,0.17725199,,19.073799,18.264799
1688328672,278.5758143,-75.28294203,-0.34173,,19.3999,18.4977
1688329877,278.5671155,-75.18189851,0.36491999,,18.7498,17.7878
1688336714,278.4356874,-74.68569431,-0.390733,,19.670799,18.7013
1688336718,278.5469354,-74.68374719,-0.116573,,19.0854,18.4165
1688369629,278.4368168,-74.27347275,0.200856,,19.2152,18.279699
1688310527,279.2021854,-75.5176537,0.186287,,18.6066,17.988001
1688364029,279.1710814,-75.23053861,0.187286,,20.059601,19.1273
1688364496,279.0949348,-75.12072408,0.420028,,19.3731,18.5984
1688364882,279.1653857,-75.08663577,0.41379201,,18.158701,17.292601
1688366394,279.1403706,-74.73829497,-0.065444604,,19.8582,19.0389
1688365015,279.4342663,-75.05515056,-0.0180951,,19.3876,18.536501
1688365019,279.4587699,-75.042129,0.084775202,,19.9771,19.0336
1688365023,279.4132305,-75.04645826,-0.104331,,19.4503,18.7344
1688366482,279.4739392,-74.73581663,-0.129565,,19.829399,19.013599
1688366599,279.5739688,-74.66297846,0.114983,,18.232599,17.7889
1688370367,279.3994631,-74.06485393,0.288131,,20.096001,19.178699
345087801,280.978923,-75.24711526,0.55073601,,15.5455,14.5823
1688300491,279.1611095,-75.9951741,0.109394,,19.5986,18.746099
1688309674,279.368847,-75.81829783,-0.19775,,19.7057,18.7873
1688364546,279.3154758,-75.08709297,-0.00049795298,,19.3887,18.6007
1688364897,279.1212738,-75.08008314,0.36723799,,19.427601,18.493299
1688365271,279.3062341,-74.96675255,0.42567101,,19.544901,18.6485
1688365273,279.2959282,-74.96914415,-0.19503801,,19.573601,18.651699
1688365274,279.1996617,-74.98089043,0.00739128,,19.997101,19.0858
1688365421,279.4294678,-74.93676859,0.087717198,,19.768299,18.8162
1688367128,279.328772,-74.64546163,0.157279,,18.9545,18.116199
1688367158,279.2728301,-74.63079729,-0.0129686,,19.750799,18.8009
1688364262,279.4596354,-75.15880763,0.123431,,19.118,18.2101
1688364691,279.499952,-75.04545985,-0.060711101,,20.106001,19.2173
1688365128,279.546992,-74.96439744,0.46321499,,19.6,18.783199
1688365129,279.5714286,-74.95548251,-0.030796999,,19.9571,19.0135
1688365131,279.447632,-74.97296149,0.43093401,,19.454599,18.558701
1688367191,279.4305849,-74.6169673,0.55086601,,18.5681,17.5839
1688370333,279.6118779,-74.04848149,-0.043116201,,19.2278,18.348801
1688365275,279.2573816,-74.97179651,-0.060756199,,18.3328,17.382299
1688365417,279.3828392,-74.94724887,-0.63823199,,19.3538,18.466299
1688370364,279.4389066,-74.06358579,-0.089292198,,19.3134,18.3482
344129314,279.3194393,-74.6220086,1.64621,,11.2355,10.4096
344073866,278.3873926,-75.0863835,1.94894,,13.3127,12.3963
344129647,279.1324295,-75.15631124,1.02184,,13.0008,12.1811
344129893,279.1799601,-75.55819988,0.94964802,,12.8053,12.0074
344133306,279.7136763,-74.59912333,1.59671,,13.8126,12.9332
344169031,280.1219239,-75.38637601,0.42607301,,16.687,15.7653
344169038,279.9024741,-75.3902395,0.42715001,,16.6731,15.7481
344133591,279.4142063,-74.22362111,0.024224401,,16.245501,15.3292
344129642,279.0554736,-75.15095978,0.70081103,,15.3515,14.4072
344130024,279.320109,-75.78574525,0.68875003,,15.9599,14.9908
344073563,278.5100428,-74.69013569,0.75732702,,14.4339,13.5223
344077217,278.8578204,-75.58546943,0.87407702,,14.3383,13.5122
344077291,278.6614708,-75.49362052,0.53523397,,16.2258,15.3094
344133474,279.3995692,-74.3783978,6.2476602,,9.1519899,8.6457996
344168322,279.9655272,-74.29191441,0.61612201,,15.5533,14.5254
344169276,280.0326537,-75.73060918,1.30075,,11.9896,11.0189
344133047,279.3970176,-74.94282598,1.4852999,,13.5713,12.7075
344077856,278.9896075,-74.71134848,1.62976,,13.4609,12.5368
344168994,279.9294846,-75.30474528,2.87377,,12.7616,11.8772
344133478,279.7279574,-74.37121989,1.31542,,14.2118,13.243
344077144,278.64615,-75.68011908,0.62325901,,14.8551,14.1953
344077208,278.9507508,-75.59409411,0.72237402,,15.1159,14.1594
344077923,278.5938463,-74.6320104,0.464109,,15.9007,15.1245
344077062,278.7661736,-75.80236796,0.55654502,,15.6159,14.7358
344132847,279.397981,-75.21455662,0.57351899,,15.645,14.7004
344168836,280.0768838,-75.04290214,0.83342898,,14.9139,14.0594
344168553,280.1759497,-74.63575208,0.88007498,,16.188299,15.2194
344076964,278.9894555,-75.94444481,0.251416,,16.4767,15.8333
344074411,278.5866923,-75.81569713,0.552549,,16.033701,15.2221
344133385,279.4390913,-74.48846343,0.217977,,17.6401,16.625401
344077715,278.7371126,-74.92958829,0.90038198,,15.3679,14.3881
344133146,279.5056676,-74.79616456,0.87364697,,15.2025,14.3466
344132774,279.4848374,-75.31621183,0.35259199,,16.364401,15.4669
344168281,279.8788981,-74.2418819,0.31049401,,16.962799,15.942
344168825,280.0849307,-75.020846,0.233996,,16.5446,15.6441
344169005,279.8653735,-75.32275635,0.460825,,15.7987,14.9215
344168606,280.0364524,-74.71807322,0.76499599,,16.078199,15.1815
344168828,280.0078757,-75.02517958,0.74895501,,15.4736,14.6004
344171760,280.4574578,-75.95241988,0.42154101,,16.5189,15.512
344077097,278.8080366,-75.75271851,0.35874501,,18.157101,17.209499
344077148,278.8917603,-75.67692493,0.39687201,,16.8421,15.8964
344168589,280.0606374,-74.6860357,0.19479001,,17.402399,16.506901
344168590,279.8341611,-74.69048101,0.31019601,,17.046101,16.1408
344168941,280.0429555,-75.20991904,0.239737,,17.3992,16.5098
344132770,279.6627583,-75.31932062,0.16633099,,17.2649,16.3612
344073128,278.4693897,-74.14230964,0.15079699,,17.119801,16.1381
344074065,278.5169365,-75.34952162,0.170358,,16.802401,15.8616
344077219,278.8382587,-75.57926096,0.33925501,,16.947399,16.0203
344077714,278.7250115,-74.93097098,0.28771701,,17.062901,16.077101
344078336,278.9353549,-74.04613911,0.388879,,17.107901,16.129801
344129309,279.0887102,-74.61120554,0.30038401,,17.4058,16.520201
344129643,279.3707763,-75.15309852,0.20421,,17.001301,16.087299
344168567,279.8357499,-74.65370347,0.677876,,17.1544,16.183901
344132820,279.6192739,-75.25829911,0.32136399,,17.2006,16.328199
344077211,278.9069332,-75.59152046,0.45944101,,18.067801,17.124901
344169133,279.9784514,-75.51812975,0.57722998,,17.0079,16.073799
344073869,278.4883502,-75.09313788,0.21643899,,18.6796,17.762699
344077095,278.889508,-75.75385624,0.231433,,17.7939,16.880899
344077147,278.7798199,-75.67713678,0.176753,,17.709801,16.949301
344077209,278.7672621,-75.59335834,0.29762399,,17.561701,16.610001
344077210,278.8475631,-75.59259413,0.32214001,,17.683901,16.7759
344077364,278.7999189,-75.37229608,0.28209299,,17.4137,16.503099
344077369,278.6091521,-75.36905328,0.43156999,,17.4755,16.5235
344132493,279.4939534,-75.75244723,0.36814401,,17.4333,16.4575
344073394,278.4234013,-74.48391244,0.25596699,,17.728201,16.760099
344073559,278.2395693,-74.68872132,0.34992599,,17.9433,17.0305
344074322,278.5653964,-75.68630834,0.126055,,18.202499,17.2453
344078322,278.9603205,-74.06416255,0.28866401,,17.268801,16.3895
344168561,279.9921807,-74.64766858,0.326213,,17.962601,17.030001
344168591,280.0002505,-74.69542135,0.315153,,18.0163,17.0874
344168607,280.0162155,-74.71861745,0.247677,,17.527399,16.5861
344168576,280.0754238,-74.66627631,0.162917,,17.856899,16.9867
344168579,279.998882,-74.67379038,0.18945201,,17.8482,16.971399
344132536,279.5182403,-75.69164319,0.225297,,17.570499,16.624001
344169198,280.0026151,-75.60545646,0.108863,,18.3354,17.435101
344132772,279.7816905,-75.31744002,0.165718,,18.157301,17.239901
344181654,280.4655514,-74.15381129,0.25528499,,17.6415,16.648701
344132607,279.7737608,-75.56214426,0.363832,,17.159901,16.206301
344128962,279.0098346,-74.06718666,0.64004302,,17.278999,16.2941
1688307689,278.4567501,-75.62321195,0.144265,,18.7073,17.8489
1688336353,278.400032,-74.77565326,0.116649,,18.1539,17.261299
1688328682,278.6401979,-75.25820437,-0.108656,,18.9382,18.084801
1688306815,278.8687817,-75.60527571,-0.086233698,,18.550699,17.7596
1688368454,278.8357104,-74.41675259,0.072210997,,18.411301,17.591
1688369911,278.984102,-74.16551763,0.073653802,,18.7059,17.813101
1815667323,280.2208964,-74.6956688,0.0229112,,18.1031,17.1766
1815683935,280.1638355,-74.02351714,0.300549,,18.319,17.4578
1688335085,278.5033078,-74.84443642,-0.0866661,,18.948099,18.048401
1688369382,278.8481593,-74.24400986,-0.220329,,19.4529,18.437401
344168557,279.9088798,-74.64404295,0.38198799,,17.175301,16.301701
344168608,280.152559,-74.71939688,-0.0521309,,18.153,17.2694
344077855,279.0359831,-74.71425278,0.193726,,18.082001,17.230499
344168837,280.1153908,-75.04343209,0.25907499,,17.839899,17.054501
1688306133,278.4428034,-75.80137869,0.347536,,18.447599,17.6364
1688307709,278.4343829,-75.60273638,-0.75297999,,20.112,19.1905
1688307710,278.4579102,-75.60972241,-0.098646902,,19.233,18.342199
1688308142,278.4924218,-75.46309474,0.218859,,19.4776,18.5282
1688307693,278.5886647,-75.61336832,0.38595,,18.8258,17.9132
1688307699,278.5849762,-75.59791768,0.180705,,18.6793,17.886101
1688307819,278.5135534,-75.5407468,0.12841301,,19.3169,18.3843
1688334540,278.7356504,-74.97841067,-0.94108099,,19.9799,19.1113
1688368480,278.6058769,-74.42843277,-0.111331,,18.883699,18.1308
1688301554,278.6913306,-75.98623579,0.184374,,19.853201,18.8769
1688306151,278.1861669,-75.83698313,-0.32655001,,20.0369,19.0912
1688328756,278.598525,-75.23871599,0.44675401,,19.832899,18.8783
1688328758,278.4833664,-75.2541141,0.33395201,,19.227501,18.317499
1688335103,278.6768798,-74.79286105,0.25637099,,19.091801,18.4055
1688336285,278.6161864,-74.77494275,0.136779,,19.5,18.5513
1688368426,278.8668112,-74.44039243,-0.182925,,19.165501,18.270599
1688368487,278.6805622,-74.42348753,0.27241999,,19.3535,18.3514
1688368489,278.670532,-74.40981618,0.54399902,,19.466299,18.4746
1688306407,278.8434001,-75.6820492,0.129077,,19.6133,18.681299
1688306809,278.8141379,-75.62634746,-0.0126066,,19.404699,18.536501
1688308313,278.8775103,-75.40888617,-0.242819,,19.8342,18.977501
1688366335,278.8032174,-74.79079322,0.056485198,,20.190201,19.245399
1688369696,278.7593973,-74.21531488,0.28842601,,19.5966,18.6689
1688369702,278.8690946,-74.19715851,0.058763299,,19.323799,18.4093
1688369909,278.8721707,-74.18628434,0.43184501,,18.5686,17.5639
344168995,280.0851889,-75.30486991,0.248008,,17.2967,16.4125
344172165,280.1981521,-75.27813242,0.40690199,,17.6523,16.754801
1688336292,278.4516565,-74.78739565,0.0763271,,18.900299,17.973
1688366284,278.9976834,-74.80378535,-0.0759506,,18.969999,18.0777
1688368175,278.7829994,-74.47145454,0.167851,,18.705999,17.710899
1688369399,279.1048081,-74.28587455,0.364593,,18.559,17.5781
1688370781,278.9075563,-74.08728101,0.241422,,18.2988,17.344801
1688363991,279.0064251,-75.28798333,0.0112454,,18.506701,17.6401
1688367591,279.0895301,-74.54307937,-0.36747199,,18.873199,18.0333
1688306792,279.1320341,-75.57593097,0.092350297,,18.353399,17.692499
1688364016,278.9856643,-75.2525406,-0.32023299,,18.888901,18.0362
1688364835,279.0839088,-75.09625039,0.0527808,,18.353399,17.503901
1688309914,279.4376881,-75.71713052,0.129361,,18.431801,17.4793
1688309924,279.4583656,-75.69964107,0.24370299,,18.634899,17.684401
1688310454,279.4379212,-75.56845378,0.24352799,,18.5588,17.685801
1688310605,279.6757263,-75.5099119,0.30966401,,18.323799,17.403601
1688310607,279.7104043,-75.50105366,-0.023481,,18.5681,17.7871
1688301621,278.3919111,-75.96993854,0.12575699,,18.922199,17.9373
1688357146,278.372208,-74.31134368,-0.178341,,19.086901,18.122801
1688372017,278.481299,-74.00100719,-0.045375898,,19.178301,18.234301
1688366409,279.0831753,-74.72901439,-0.27635601,,19.138901,18.2227
1688301596,278.2875689,-75.9946513,0.0204897,,19.281799,18.2953
1688307898,279.0442664,-75.50930258,-0.42438799,,19.400101,18.530001
1688301598,278.3566408,-75.98685038,0.044726301,,19.8881,18.9842
1688301602,278.2637398,-75.99003308,0.166234,,19.359699,18.481501
1688301996,278.3709241,-75.89582681,0.276436,,20.157801,19.2808
1688301999,278.4326669,-75.88124858,0.52358502,,20.050501,19.1161
1688328668,278.50578,-75.28150126,0.14125399,,19.246901,18.326599
1688329962,278.4659029,-75.16149508,0.135906,,19.9849,19.1353
1688336291,278.4817288,-74.79229838,0.19902299,,19.376101,18.428301
1688336386,278.5297317,-74.72957826,-0.236597,,19.746799,18.953899
1688336390,278.629193,-74.71748105,0.034738801,,19.8909,18.953699
1688369605,278.5088632,-74.28969025,-0.15033101,,19.9445,18.9494
1688328301,278.7661336,-75.3542016,-0.55438,,19.9972,19.2763
1688364346,279.0174696,-75.22220541,0.31301501,,18.265699,17.479
1688364843,278.9779468,-75.1128762,0.45270801,,19.410801,18.5672
1688364844,278.9952429,-75.10870646,-0.39078301,,20.084101,19.210501
1688367378,279.0814107,-74.60277474,0.72713798,,18.847099,17.937901
1688368176,278.7988941,-74.46614952,-0.41720599,,19.4814,18.615999
1688370780,278.8990869,-74.08806437,0.143831,,19.7052,18.7686
1688370784,278.9618714,-74.08984426,0.41257599,,19.4417,18.467501
1688370785,278.9492492,-74.08798948,0.28598499,,18.7987,17.952801
1688302222,279.091039,-75.76142695,-0.306867,,19.6719,18.7668
1688308000,278.9900669,-75.45760311,-0.16632,,19.2498,18.383499
1688308002,279.0267136,-75.4467222,0.47016501,,20.181801,19.2666
1688363904,279.2050143,-75.28970083,0.427084,,18.296101,17.4105
1688367592,279.1852351,-74.52861232,0.41283301,,19.433201,18.433901
1688367595,279.0736014,-74.53865399,0.033686701,,20.0152,19.027599
1688368076,278.9533614,-74.51262356,0.370837,,19.479401,18.631599
1688309378,279.4544381,-75.92862742,-0.29583001,,19.9126,18.9697
1688310550,279.5146212,-75.49339032,0.342076,,18.7363,17.875
1688364393,279.3200072,-75.16746333,0.200399,,20.0882,19.1453
1688364398,279.4180726,-75.15048608,0.15936901,,19.9683,19.1063
1688309288,279.7771493,-75.94799168,0.087924302,,19.9617,18.9991
1688310489,279.6334528,-75.49934657,-2.4048901,,21.1124,20.1654
1688311010,279.6830799,-75.36526154,0.307641,,19.4547,18.617001
1688365200,279.7577121,-74.89944653,0.56357503,,19.2568,18.3221
1688365502,279.5763451,-74.89855244,-0.49384999,,20.1141,19.2162
1688365508,279.6077842,-74.87429545,0.038789202,,19.166201,18.287001
1688366104,279.6661858,-74.77236104,0.165837,,19.2799,18.5168
344129589,279.0130526,-75.07529823,2.51758,,11.856,10.9329
344129357,279.3136532,-74.69736241,1.19924,,13.448,12.5167
344073624,278.3186555,-74.7707914,0.57526201,,14.6014,13.7303
344076991,278.8550541,-75.90680898,0.977772,,14.1269,13.3039
344077557,278.6439014,-75.1169032,0.72647703,,14.5102,13.5399
344129388,279.0551722,-74.74501672,0.81069899,,14.6151,13.7305
344129635,279.3787625,-75.13491132,1.23444,,14.3664,13.5286
344129832,279.2112628,-75.47077914,0.94479698,,14.0006,13.1782
344043397,278.1608201,-75.53477183,0.67860597,,15.903,14.9975
344077558,278.7698053,-75.11640679,0.44029,,15.8856,15.0642
344129207,279.3857749,-74.42866053,0.770814,,14.9206,13.9526
344129828,279.0824808,-75.46718494,0.473627,,16.0303,15.146
344043394,277.9143032,-75.5374221,0.457463,,17.0658,16.091999
344043758,277.8563705,-75.06085561,0.184149,,16.492399,15.7354
344044045,277.9841403,-74.64819925,1.07683,,15.1538,14.2058
344044047,277.8358566,-74.64406934,0.50627202,,16.750799,15.7945
344077554,278.6973816,-75.11873647,0.39558101,,16.053699,15.1332
344078143,278.711595,-74.32413836,1.09939,,14.8092,13.8439
344044475,277.9925487,-74.05945142,0.36396599,,17.2526,16.2855
344077425,278.9686463,-75.29890076,0.194584,,17.2824,16.337099
344078042,278.982958,-74.45976985,0.53587502,,16.928699,15.9228
344043396,278.1991734,-75.53566253,0.34193599,,17.563101,16.591
344043401,277.9683424,-75.53114895,0.216571,,17.5758,16.607
344044041,277.8825759,-74.65346835,0.254576,,17.9811,17.0151
344077998,278.677933,-74.52422839,0.266954,,17.533501,16.5837
344132354,279.4649756,-75.99287486,0.183072,,17.9715,17.021099
344129632,279.3955442,-75.13269778,0.0322382,,18.086399,17.1745
344129826,279.106565,-75.46638357,0.334411,,17.426201,16.4858
344043118,277.8967599,-75.94818157,0.25972399,,17.513901,16.5686
344078037,278.6851448,-74.46450408,0.070217997,,17.6537,16.667
344132353,279.504585,-75.99303685,0.216408,,17.251101,16.2885
1688329896,278.6434866,-75.18097255,0.043701801,,18.693001,17.8517
1688367371,278.9106128,-74.61932065,0.173088,,18.5991,17.618799
1688309268,279.5798722,-75.96920942,0.28519601,,18.5863,17.6084
1688309641,279.591414,-75.80153719,0.35851499,,17.656,16.758301
1688309716,279.6725729,-75.77792713,0.189035,,18.1721,17.1798
1688311488,279.7534115,-75.2029668,0.173526,,18.846399,17.929501
1688311076,279.8790385,-75.30815892,0.252812,,18.203501,17.360001
1688311384,279.9231694,-75.25260116,0.330102,,18.3374,17.4678
1688310620,279.6867209,-75.4879208,-0.13245501,,19.119101,18.2626
1688307831,278.8471213,-75.56524244,0.11817,,20.1465,19.284201
1688308277,278.517949,-75.44391313,0.50384098,,19.009501,18.1826
1688330045,278.6887296,-75.09771991,0.221809,,19.650801,18.7789
1688365916,278.8185939,-74.89483097,0.46933001,,18.923401,17.9499
1688369251,278.780523,-74.35082569,-0.484869,,19.768999,18.7733
1688369255,278.7660578,-74.34165963,0.39923599,,19.1007,18.1035
1688369679,278.7054949,-74.23025363,-0.426651,,20.625799,19.6576
1688369682,278.7630482,-74.22926144,0.091057301,,19.8048,18.8221
1688309267,279.5610502,-75.98510087,0.15769599,,18.9618,18.0287
1688309646,279.7020665,-75.78972453,0.154209,,19.278,18.2936
1688309214,279.9330699,-75.96101309,0.46203899,,19.916201,18.947399
1688310626,279.7479877,-75.4804445,0.308231,,19.445499,18.5492
1688311484,279.7577404,-75.20581583,-0.51698601,,19.943199,19.0142
1688311485,279.7649727,-75.20258457,-0.193077,,19.4877,18.6483
1688365625,279.6915582,-74.81557706,-0.240311,,19.8927,19.0133
1688310372,279.7683002,-75.52923181,0.34135401,,19.106199,18.1513
1688311077,279.8249849,-75.30685638,0.38449201,,18.547001,17.799299
1688367719,279.8580724,-74.52454242,0.21579801,,19.9736,18.9604
1688367809,279.9776082,-74.46525891,-0.0868662,,19.8897,18.8974
344168584,280.0460484,-74.68039516,1.71112,,12.6848,11.7788
344129901,279.1392948,-75.57122903,0.73340499,,15.133,14.2747
344169355,279.87661,-75.88365757,0.59119701,,15.5344,14.5651
344074311,278.3191563,-75.65595241,0.28545499,,16.164301,15.383
344132930,279.4517674,-75.10843516,0.58473599,,15.6363,14.7037
344169268,279.8135908,-75.71884225,0.69858402,,15.9658,14.9631
344129897,279.1760378,-75.56247667,0.96417099,,14.3744,13.5963
344172266,280.3049838,-75.13097903,0.20413899,,15.6483,14.8437
344181583,280.3311144,-74.24311991,1.10508,,14.414,13.4812
344181609,280.5499933,-74.20988444,0.465251,,16.759899,15.7874
344132929,279.6622527,-75.10863367,0.41809699,,17.194901,16.323
344169269,279.8603408,-75.71903703,0.42871401,,18.370001,17.372601
344073896,278.5395293,-75.14573198,0.30515599,,18.024099,17.1157
344074305,278.222044,-75.65030939,0.31003499,,17.937201,17.058399
344168498,280.05549,-74.5422649,0.352045,,17.7938,16.7918
344169126,280.0683159,-75.51059539,0.20841999,,18.0511,17.0965
344181612,280.4705106,-74.20743239,0.36356699,,18.1217,17.163401
344181616,280.3753529,-74.20593812,0.171019,,17.943501,16.988501
1688336322,278.3072234,-74.7887995,0.292777,,18.231199,17.258699
1688336646,278.3705286,-74.7317285,0.113631,,18.517099,17.688499
1688365260,279.0734474,-74.99573977,0.115639,,18.7808,17.8566
1688300557,278.9698598,-75.9819881,0.14979801,,18.359699,17.436199
1688311230,279.0479562,-75.33384859,0.0209867,,18.560301,17.6597
1688301777,279.2307026,-75.87060098,0.25267899,,18.436899,17.599899
1688309695,279.2994611,-75.80756188,0.217683,,18.527,17.554001
1688310444,279.3240961,-75.53916455,0.038664199,,18.796499,17.851801
1815647049,280.1313762,-75.47097904,0.35145199,,18.3048,17.402399
1815647146,280.2779806,-75.50675393,0.35809699,,18.1241,17.1513
1815663030,280.3476499,-75.07901437,0.0292404,,18.653099,17.708099
1815662986,280.2316972,-75.10449358,0.113567,,18.5779,17.636999
1688306203,278.3014985,-75.786579,-0.42610499,,20.386999,19.4863
1688306512,278.3016941,-75.72350526,-0.094783299,,20.157499,19.238899
1688330296,278.3290968,-75.10865628,-0.15767001,,19.453899,18.608601
1688334608,278.3737632,-74.96461657,-1.02917,,20.6385,19.7328
1688336319,278.3773532,-74.78204208,-0.021183901,,19.836599,18.8652
1688336644,278.3359748,-74.74235343,-0.095335104,,19.5245,18.552099
1688336651,278.3181938,-74.7298896,0.46274099,,19.2708,18.3552
1688355120,278.4499868,-74.58273247,0.44394499,,19.9972,19.045601
1688370574,278.3993337,-74.19170747,-0.00501975,,19.089899,18.2153
1688311104,279.0842691,-75.41605109,0.224142,,19.4396,18.6299
1688311109,279.0780957,-75.40416781,-0.26267299,,19.399599,18.5432
1688364912,279.1969585,-75.05411993,-0.141523,,19.9604,19.0623
1688365970,279.0819279,-74.84996481,-0.825822,,20.3318,19.521999
1688366020,279.360974,-74.85701951,0.21929599,,19.411301,18.5261
1688368182,278.9832158,-74.43388972,-0.78763902,,20.1455,19.2764
1688366991,279.0596347,-74.68936423,0.40876999,,18.8188,17.851
1688366997,279.0325802,-74.67966707,-0.30066299,,19.7703,18.8276
1688368287,279.0534769,-74.43837275,-0.00082435203,,19.737499,18.7474
1688369833,279.0376122,-74.18763998,0.41407901,,18.5051,17.5257
1688369834,279.0323494,-74.19254622,0.234549,,19.1381,18.1724
1688309705,279.4856775,-75.77116037,-0.393583,,20.3857,19.4562
1688310443,279.2768813,-75.54782817,0.318082,,19.4048,18.5121
1688310925,279.5261224,-75.3714103,0.39268601,,18.8766,18.058701
1688364522,279.3793304,-75.09398109,-0.265953,,19.754601,19.0173
1688366135,279.4394958,-74.7920463,0.171491,,19.0382,18.2197
1688366138,279.4108844,-74.78413806,0.75712299,,19.475401,18.5187
1688368647,279.3447825,-74.31866949,0.21247999,,20.0184,19.1469
1688369561,279.3274947,-74.18980321,-0.117581,,19.4673,18.5387
1815647041,280.1811395,-75.48286901,0.25851399,,18.695601,17.8388
1815647047,280.1037683,-75.4874405,-0.31139201,,19.966101,19.07
1815647050,280.205783,-75.45834639,-0.309342,,20.068399,19.2796
1815663698,280.0041644,-74.91272239,-0.150287,,19.6278,18.7178
1815667859,280.0641933,-74.50713579,0.307814,,19.302799,18.3141
1815668195,280.0378466,-74.36867013,0.298145,,18.577801,17.730101
1815668197,280.0982295,-74.34709184,0.077362999,,19.100901,18.1866
1815643083,280.0296342,-75.68347969,0.072785102,,19.691099,18.696501
1815663686,280.046193,-74.93220162,0.310058,,19.162399,18.2236
1815643183,280.1839377,-75.60303194,-0.094237097,,19.1901,18.302999
1815643188,280.1677806,-75.59585821,-0.82550597,,19.5917,18.7379
1815647112,280.1424232,-75.39080756,-0.071465701,,19.1852,18.312901
1815647120,280.121533,-75.38326769,0.40837401,,19.3929,18.593399
1815663358,280.0669771,-74.99202054,0.187815,,19.3818,18.465599
344077028,278.9429608,-75.85293532,5.4397898,,9.9625902,9.2855597
344077450,278.7110429,-75.26618205,1.0514801,,12.4606,11.6909
344077274,278.72837,-75.51070503,1.8814,,12.7383,11.9489
344077076,278.8822903,-75.77947242,0.260281,,17.2631,16.311899
344077073,278.6458137,-75.78578775,0.64231497,,14.9007,14.0245
344077075,278.9207906,-75.78024476,0.35044,,16.434299,15.531
344077078,278.6772459,-75.7764206,0.221237,,17.8857,16.936501
344077114,278.7980369,-75.72989318,0.32734501,,17.6595,16.691601
344077276,278.9699494,-75.50931954,0.337201,,17.847,16.931299
1688369239,278.6072072,-74.35343889,-0.0198422,,18.4788,17.607401
1688301540,278.6602475,-75.99131554,-0.35787901,,20.4202,19.509001
1688308186,278.541261,-75.49309815,0.043557901,,19.410601,18.492599
1688308256,278.6207958,-75.45021896,-0.016100399,,19.982599,19.0938
1688330324,278.804548,-75.05031726,0.0249843,,19.983601,19.002001
1688335069,278.696188,-74.83326428,-0.057252601,,20.494699,19.568001
1688367433,278.614268,-74.61049449,-0.26558,,20.220699,19.2614
1688327478,277.5015037,-75.54983022,-0.079075903,,19.490999,18.5567
1688327544,277.7024874,-75.48616951,0.073126897,,19.7209,18.885799
1688301625,278.495758,-75.94541034,0.079171702,,19.909401,18.962601
1688307680,278.3615265,-75.6395204,0.057135802,,19.2808,18.358
1688328201,278.3838926,-75.37798283,0.17606799,,19.035601,18.0716
1688328211,278.3116283,-75.37780982,0.49977401,,19.8957,18.992201
1688328212,278.2234833,-75.37959042,-0.184104,,19.177999,18.378799
1688329836,278.4776164,-75.22957775,-0.13995799,,19.7435,18.977699
1688301589,278.4487456,-75.97541557,-0.057677601,,19.643999,18.6812
1688306101,278.5310597,-75.82075219,0.40947601,,19.122601,18.2745
1688335025,278.4162675,-74.87327067,-0.067720897,,19.624201,18.733999
1688356728,278.382345,-74.41315958,-0.057410602,,19.911699,18.935301
1688302031,278.6007556,-75.86573597,0.39226699,,18.5891,17.623699
1688336268,278.6417763,-74.79196888,0.406185,,19.6544,18.832199
1688369637,278.5686899,-74.26515637,0.585352,,19.256901,18.302601
1688369765,278.5932071,-74.1914815,-0.0184856,,19.468901,18.5252
1688370555,278.5597519,-74.19458146,0.716878,,18.2985,17.305799
1688370563,278.5010358,-74.18649959,-0.67620301,,20.0056,19.215
1688371012,278.6468223,-74.07520641,0.102871,,19.599899,18.695299
1688302189,278.8728552,-75.80170743,-0.21466599,,19.5285,18.655899
1688302198,278.8310096,-75.79603054,0.322721,,18.688801,17.815001
1688367028,278.8293272,-74.68504592,-0.00035443899,,19.430201,18.485399
1688367029,278.8661095,-74.68021527,0.093662903,,19.397301,18.496799
1688364445,279.0083404,-75.17873124,-0.30331299,,20.059799,19.171
1688366957,278.9225896,-74.72468366,0.29778799,,19.257401,18.397301
1688366967,279.0415091,-74.69557604,0.15976299,,19.3731,18.451099
1688369828,279.0477475,-74.19700662,0.40780699,,19.3323,18.4331
1688310285,279.6576233,-75.55476582,-0.16718499,,19.704901,18.7707
1688365435,279.4787298,-74.92787308,0.334488,,18.902599,17.986601
1688366056,279.4485381,-74.8133633,-0.077738397,,19.4013,18.5396
1688366057,279.4739392,-74.81004284,0.196835,,19.2908,18.3554
1688366060,279.4623097,-74.80964361,0.47480199,,18.882099,17.9702
1688366624,279.4656894,-74.64940023,-0.870987,,20.378201,19.589399
1688366625,279.4486999,-74.64406824,0.026690001,,19.184799,18.2624
344043193,278.1006426,-75.82085891,0.62021899,,17.195499,16.2465
344044260,278.1059316,-74.3529707,0.32833201,,17.1682,16.2094
344130098,279.0199852,-75.90220521,0.56937701,,16.823299,15.8814
344129926,279.2813104,-75.61322337,0.28388,,17.5133,16.744301
344129572,279.3430872,-75.05855376,0.46420401,,16.0429,15.1744
344129575,279.182869,-75.0645231,0.51850301,,16.438801,15.5118
344043116,277.9677195,-75.94938667,0.43788701,,16.3332,15.4251
344043194,278.0630579,-75.82084669,0.26079601,,17.384501,16.457701
344077346,278.9318156,-75.39536573,0.31407499,,16.9352,16.014999
344129605,279.1546512,-75.10003785,0.340839,,16.9387,15.9801
344043235,277.9148428,-75.76059158,0.230096,,17.9044,16.991301
344129566,279.1908999,-75.04910498,0.0273421,,17.7645,16.839399
344129568,279.2045776,-75.05016598,0.18196499,,17.6036,16.6728
344129159,279.2388094,-74.35030487,0.37535599,,17.9506,16.976999
344129306,279.1669055,-74.60509194,0.224556,,18.0345,17.101101
344129625,279.3394474,-75.1239421,0.14654,,17.623301,16.673401
1688328000,277.8361793,-75.38205824,-0.27039501,,18.4189,17.515301
1688354825,277.8263662,-74.74127879,0.26199999,,18.639099,17.6737
1688354827,277.7421552,-74.74313275,0.177267,,18.501301,17.5907
1688363677,277.8262363,-74.01675714,0.045297999,,18.380501,17.6147
344181331,280.2218122,-74.60569323,1.22938,,13.1235,12.2866
344172151,280.4428466,-75.29044278,0.45662501,,15.5306,14.6132
344181319,280.5078465,-74.62887998,0.469271,,16.229401,15.3181
344181332,280.2661267,-74.60437774,0.93269998,,14.118,13.1986
1688306657,278.5330444,-75.64521261,0.205744,,18.3899,17.536301
1688371005,278.5123279,-74.05977673,0.25120899,,18.8435,17.8612
1688328303,278.8141168,-75.34502293,0.27847099,,18.632299,17.690701
1688301717,278.9600364,-75.91505946,0.0119523,,18.856701,18.0266
1688301720,279.0191268,-75.9078197,0.104319,,18.810801,17.895599
1688306452,279.0441484,-75.65016534,0.225896,,18.582001,17.696501
1688365878,279.0105873,-74.88347303,0.261841,,18.906401,17.959
1688365879,279.0423271,-74.87931877,0.0096163899,,18.716999,17.774599
1688366961,279.0158342,-74.70197274,0.26276299,,18.8808,17.906799
1688368349,279.378647,-74.38326022,0.48664999,,18.125799,17.106001
1688369827,279.053549,-74.2028965,-0.0317122,,19.320299,18.346201
344172039,280.3306677,-75.46154201,0.53867102,,15.9886,15.0438
1688301725,279.0939365,-75.9359132,-0.199325,,19.042101,18.128599
344043236,278.1992027,-75.76054612,0.118972,,14.8405,14.2226
344129055,279.0619111,-74.19386264,0.18057001,,16.117599,15.5573
344181433,280.2444166,-74.44545421,0.38417101,,16.9949,15.9878
344130105,279.2885737,-75.91628817,0.73471701,,15.6866,14.7519
344129603,279.1909049,-75.09758198,1.1207401,,13.9039,13.0555
344077111,278.6054658,-75.73345966,0.80769002,,15.4595,14.5523
344172148,280.2523424,-75.29409609,0.489391,,17.506901,16.636499
344181322,280.3318309,-74.62685061,-0.0048602698,,17.704599,16.7924
344181323,280.2177305,-74.62369665,0.064326398,,18.0392,17.198
344181335,280.5637405,-74.60103301,0.34786499,,17.726601,16.8318
1688365188,279.5811406,-74.9265602,-0.36305901,,19.184799,18.2596
1688309544,279.9332197,-75.83122688,0.34430099,,18.1807,17.223801
1688309794,279.8180633,-75.71803693,0.0086010201,,18.740299,17.893299
1688364795,279.9906817,-75.01434091,0.095376901,,17.9391,17.187401
1688366680,279.7948714,-74.74492212,-0.097540602,,19.0846,18.1625
1688309747,279.6339288,-75.7481306,0.238212,,18.8988,18.014099
1688365181,279.6459158,-74.93826836,-0.186409,,20.3302,19.4841
1688367184,279.5887195,-74.60031296,0.252408,,19.429199,18.487801
1688367921,279.5764317,-74.44527263,0.322725,,19.504499,18.5707
1688370305,279.6415566,-74.08092067,0.63115501,,19.107401,18.1952
1688364295,279.9337754,-75.10621045,0.26312101,,19.4685,18.5979
1688364303,279.9471145,-75.09265165,-0.073395602,,19.869499,19.057899
1688366683,279.7437795,-74.75686573,0.098340496,,20.245399,19.377701
1688366706,279.9461224,-74.71732324,0.360277,,19.214001,18.292101
344168219,280.0904391,-74.16735219,1.90394,,11.3266,10.6696
344169177,279.8573433,-75.5784309,1.4630899,,13.0127,12.1334
344168210,280.0502233,-74.15023424,1.00376,,14.1367,13.2419
344169180,279.8158153,-75.58135197,0.49663499,,16.4151,15.5473
344133689,279.6471853,-74.08702648,0.366882,,16.905001,16.0051
344168793,279.9921572,-74.97307456,0.74905902,,15.4237,14.5207
344132685,279.7778066,-75.45191993,0.116394,,16.666,15.9875
344168896,280.042591,-75.1387477,0.285303,,17.2363,16.2939
344169023,279.9958993,-75.37332434,0.29661301,,16.9981,16.117701
344073072,278.4599742,-74.06862217,0.93832999,,15.9674,14.9652
344168475,279.9829059,-74.51048385,0.356646,,16.7841,15.7878
344073073,278.3019766,-74.06904984,0.30776301,,17.250799,16.280001
344168897,280.0973826,-75.13929913,0.35712001,,16.9541,16.017599
344169317,280.1040217,-75.81641102,0.23637199,,16.750999,15.9302
344133139,279.407142,-74.82197411,0.227007,,17.012699,16.5742
344073246,278.3316092,-74.2863615,0.23287401,,17.9578,16.9813
344074299,278.2585005,-75.64372943,0.233687,,17.6889,16.7925
344074300,278.3218397,-75.64462019,0.021211199,,17.9419,17.003799
344132643,279.675625,-75.51922429,0.252621,,17.672701,16.745899
344133556,279.3901185,-74.27640593,0.0173412,,18.0355,17.029499
344133685,279.6580632,-74.08998639,0.337145,,17.792801,16.778299
344133688,279.500963,-74.08762719,0.27649999,,17.660801,16.6873
344133140,279.5558866,-74.81963461,0.457001,,18.0788,17.164499
344168471,280.1062252,-74.50891463,0.136355,,17.8165,16.9571
344169323,280.1309948,-75.8251481,0.288158,,17.6796,16.724501
344077284,278.8985955,-75.4987422,1.70673,,13.435,12.534
344043151,278.0421753,-75.89540702,0.87512898,,14.5477,13.5966
344074428,278.3191516,-75.8406843,0.62936997,,15.2322,14.3204
344077383,278.8012496,-75.34770838,0.96668702,,14.7654,13.8165
344073460,278.4760886,-74.57798615,0.130804,,15.493,14.9955
344044251,277.8553679,-74.36637013,0.65919298,,15.0515,14.0904
344132648,279.6138087,-75.51082208,0.32801101,,17.7631,16.8526
344073773,278.502361,-74.97503227,0.99459797,,14.9681,14.0488
344169238,279.8157851,-75.67274571,0.29622301,,17.813801,16.818001
344168710,279.875674,-74.8756336,0.13218901,,17.2859,16.3871
344073775,278.4365309,-74.97514831,0.70864099,,15.7728,14.7982
344169319,279.8454901,-75.81884492,0.18953601,,17.894501,17.0298
1688301922,278.4461905,-75.89981361,0.141826,,18.737301,17.784599
1688355113,278.4038148,-74.5924735,0.28999901,,18.408501,17.515499
1688311236,279.0923434,-75.32419917,0.185306,,18.3862,17.445999
1688364901,279.1408836,-75.07563235,0.244902,,18.3358,17.4646
344073379,278.569468,-74.46203548,0.307403,,17.410601,16.5509
1688365633,279.8987912,-74.96524976,0.220311,,18.268801,17.3811
1688365693,279.869073,-74.88773736,0.083641,,18.3694,17.4685
1688367724,279.9615357,-74.5396244,-0.118839,,18.868601,17.873699
344043149,277.8148236,-75.89565631,0.28563201,,18.081301,17.297701
344043805,277.923973,-74.98836011,0.223268,,18.2101,17.246201
1688367131,279.3759037,-74.63348471,-0.49713701,,19.165501,18.324499
344073777,278.2218525,-74.97725837,0.309717,,18.0804,17.119699
344074328,278.4624247,-75.69266713,0.313759,,17.6597,16.752701
344074329,278.299755,-75.69290141,0.35540801,,18.167101,17.218901
344073204,278.2558854,-74.23380511,0.224383,,17.3314,16.5396
344076956,278.9438824,-75.95414669,0.275271,,17.682899,16.7204
344073576,278.4907191,-74.70401276,0.36331299,,17.695101,16.783199
1688301920,278.3957497,-75.91259416,0.17039301,,19.537901,18.604
1688302062,278.4924963,-75.85111526,0.00187188,,20.0989,19.156401
1688307799,278.3280834,-75.58864695,-0.278485,,19.527,18.657
1688329945,278.3789602,-75.19645346,-0.190249,,19.534401,18.683001
1688330396,278.6864931,-75.03248346,0.0077597699,,19.943001,19.0194
1688355106,278.3264539,-74.59991243,-0.32556501,,19.971399,19.156799
1688302217,279.0904619,-75.77919414,0.40971699,,19.003201,18.1404
1688306759,279.0507615,-75.61982888,0.28204,,19.1423,18.2761
1688310748,279.1485063,-75.49563525,-0.050560601,,19.7138,18.771
1688310377,279.7647728,-75.51987051,0.435146,,19.612801,18.7819
1688364766,279.7988884,-74.9950424,-0.0275783,,20.040701,19.1033
1688365173,279.8313369,-74.91564739,0.510665,,19.2586,18.325899
1688366871,279.7352257,-74.58789889,0.26472399,,19.506599,18.528601
344043393,277.9171514,-75.54065023,0.056077801,,17.73,16.783001
1688365669,279.9422181,-74.90482211,0.49525899,,19.194599,18.396799
1688368934,279.8837368,-74.27847198,-0.13948099,,20.1959,19.172001
1688370212,279.9311857,-74.07164473,0.037996601,,19.250401,18.450899
1688370216,279.8519803,-74.07710013,-0.087942198,,19.7134,18.766399
1688357228,278.1702018,-74.30603865,0.096491799,,18.545099,17.692801
1688308133,278.4483715,-75.48309882,0.0250933,,18.4792,17.664801
1688336826,278.4410609,-74.63670312,0.136858,,18.7796,17.8743
1688355096,278.4707753,-74.60515804,0.40181199,,18.4487,17.4725
1688328278,278.8116467,-75.36311477,0.20936599,,18.4746,17.5261
1688329929,278.7996864,-75.14533423,-0.0010265,,18.306801,17.426901
1688369348,278.8348833,-74.28984472,-0.125788,,19.201401,18.2384
1688307889,278.925362,-75.52764118,-0.67011201,,19.225401,18.400101
1688364826,279.020052,-75.12455377,0.0146429,,18.519199,17.7612
1688364830,279.1320884,-75.11051302,0.15437099,,19.014299,18.0723
1688308046,278.3526236,-75.5569523,0.0056833802,,18.8867,18.033501
1688308047,278.2861943,-75.55138415,-0.25447801,,20.110001,19.2388
1688329706,278.1766766,-75.25665278,0.177224,,18.9065,18.1217
1688336824,278.3796766,-74.64530471,0.203503,,19.8957,19.065701
1688355223,278.3788643,-74.54315312,-0.13676199,,19.827999,18.983999
1688301644,278.6695616,-75.94765512,0.45600399,,19.9333,19.0364
1688301654,278.5671049,-75.94491886,0.56207502,,19.4317,18.494801
1688306291,278.7261476,-75.76017101,0.221853,,19.287701,18.383301
1688306681,278.7306057,-75.67662073,0.32776901,,19.193199,18.3377
1688366915,278.7367558,-74.75393889,-0.016537501,,20.122,19.1677
1688366916,278.7777927,-74.75011696,0.264559,,19.302299,18.5177
1688366918,278.7783882,-74.74951727,0.32272699,,19.9669,19.063999
1688329926,278.6536486,-75.16107985,-0.0053251898,,19.495001,18.6376
1688364023,279.0178041,-75.23777867,0.034614701,,19.815599,18.910601
1688367390,278.8748487,-74.61402166,0.27836201,,20.1688,19.215
1688370794,279.0863979,-74.09447107,-0.294736,,19.919701,19.129101
344074018,278.2610176,-75.30279633,1.88278,,13.0578,12.1575
344043421,277.996235,-75.50463607,1.33086,,12.8618,11.9406
344043139,277.954622,-75.91413528,2.8196599,,12.8346,11.9095
344077561,278.8137355,-75.11317273,-0.191098,,18.0923,17.1735
344043753,277.9723958,-75.06752903,0.71216601,,15.0438,14.2543
344043754,277.833227,-75.06689827,0.68318099,,15.5804,14.7187
344043134,278.0387311,-75.91808443,0.26691401,,16.5665,15.6049
344074113,278.3642091,-75.40236012,0.83463699,,14.8694,13.9782
344073503,278.3723357,-74.61940296,1.4789701,,14.0424,13.0899
344044268,278.0104143,-74.33001245,0.59744501,,15.6901,14.7149
344043481,278.1447557,-75.4269668,0.28947499,,16.9412,15.978
344002990,277.7284499,-75.40143631,0.62139302,,16.7927,15.8231
140897032,76.65091987,-75.42520201,0.30601001,,16.764999,15.8607
344074270,278.4488777,-75.60941582,0.410694,,17.074699,16.1565
344044272,277.952992,-74.32721057,0.146594,,18.524599,17.5896
344073536,278.6074147,-74.6580395,0.14567199,,18.296801,17.3328
344073541,278.2128952,-74.6629625,0.177339,,18.4149,17.4886
344073537,278.3113447,-74.65974362,-0.0488762,,18.4734,17.5303
140900999,77.16877048,-75.29123177,0.253966,,17.936199,17.142099
344002731,277.8119611,-75.06280244,0.25907001,,17.957701,17.0224
344043138,278.1034168,-75.91449327,0.19176801,,18.053301,17.117201
344043539,277.8526017,-75.34804605,0.338072,,17.3619,16.461901
344044271,277.8245361,-74.32733074,0.206698,,18.1024,17.1738
344073322,278.4397552,-74.38298704,0.026971599,,18.1996,17.281
344073499,278.4626536,-74.61483858,0.39674601,,17.8922,16.9939
344074419,278.1309785,-75.82571765,0.14137,,17.994101,17.1119
344074421,278.3496436,-75.82740259,0.0865767,,17.6273,16.804501
344078200,278.8558664,-74.24281225,0.22499301,,17.780001,16.779499
344043602,277.9114136,-75.26158547,0.29819399,,17.7617,16.834101
344073911,278.6024096,-75.1733304,0.43749899,,17.580099,16.6141
344077140,278.7338414,-75.685583,0.130016,,18.025,17.098499
344078201,279.041509,-74.24136391,0.13761701,,18.592501,17.584101
344043133,277.8504434,-75.91851961,0.169029,,18.1752,17.2253
344043135,278.0057353,-75.91709025,0.47759601,,18.0117,17.0837
344077510,278.9959196,-75.18320813,0.35453999,,17.9231,17.118401
344044338,278.2148547,-74.2415719,0.484478,,18.081699,17.2239
1688305393,277.5186199,-75.94731708,0.113683,,18.590099,17.635799
1688336472,278.1025232,-74.77866016,0.191451,,18.8442,17.8841
1688308128,278.3566978,-75.4834628,0.039086498,,19.0403,18.0723
1688334152,277.3349627,-75.0885727,-0.40865999,,18.841101,18.0354
1688336193,277.9278099,-74.82968284,-0.30742201,,19.5441,18.5917
1688305305,277.3871226,-75.99824706,0.18433,,20.545601,19.6042
1688305390,277.4682493,-75.94468591,-0.0415054,,19.561199,18.7423
1688327386,277.3014962,-75.54689133,0.046639599,,19.7094,18.7138
1688334151,277.3892319,-75.08790933,-0.26223901,,20.002399,19.1555
1688354763,277.3211465,-74.66221485,0.095970303,,18.8183,18.026699
1688354767,277.3893957,-74.65660347,0.46143401,,19.916,19.014999
1688361471,277.4513166,-74.34538624,-0.34309399,,19.4545,18.625401
1688361915,277.3624458,-74.26435923,-0.645217,,20.5093,19.5452
1688301349,278.0812373,-75.99072296,-0.094322003,,19.2897,18.585899
1688336469,278.1158829,-74.77636883,0.246488,,19.8304,18.948799
1688355030,278.160767,-74.68121459,-0.42847201,,20.619699,19.685699
1688355307,278.0256966,-74.58878186,0.182044,,19.0228,18.1287
1688363304,278.1201692,-74.07118045,-0.88901103,,20.4056,19.4494
1688328223,278.313451,-75.36781395,-0.086286098,,19.282101,18.391001
1688334574,278.2890169,-75.00718762,0.26121899,,18.979799,18.0473
344129651,279.372959,-75.15840877,1.60369,,12.6479,11.7492
344077969,278.6753571,-74.56716969,1.2384,,13.7518,12.9153
344077606,278.7779026,-75.06095216,0.56013399,,15.5947,14.741
344077251,278.896179,-75.53715502,1.25126,,14.1863,13.322
344077455,278.6284842,-75.25762968,0.605102,,15.8446,14.9033
344077522,278.9359409,-75.16450826,1.04889,,14.5976,13.6954
344077595,278.7533815,-75.07114943,0.75510401,,15.3033,14.336
344077836,278.9687633,-74.75477971,0.92759001,,15.4456,14.5036
344073409,278.3052756,-74.5092955,0.23088799,,16.753599,15.8204
344073478,278.5712254,-74.59443106,1.01256,,14.5293,13.6789
344077626,278.8472284,-75.04024226,0.43999901,,16.2495,15.3293
344129654,279.3685187,-75.16664817,0.157823,,17.313,16.4119
344073479,278.444519,-74.59493536,0.269162,,17.1791,16.275
344077591,278.839078,-75.07906036,0.241703,,18.030399,17.069799
344077605,278.8005953,-75.06109808,0.31364301,,17.6415,16.819799
344077628,278.8535492,-75.03605204,0.28032899,,18.334499,17.3964
344077966,278.8586645,-74.56956755,0.18602499,,17.561199,16.796801
1688363965,279.4285741,-75.24066365,-0.056678101,,19.159901,18.2537
1688367200,279.4649375,-74.60131703,0.25632301,,17.693899,16.7362
1688368627,279.4170364,-74.33122341,0.276986,,18.585501,17.5585
344077594,278.8984467,-75.07530171,0.23793501,,18.121401,17.1462
1688310154,279.4478194,-75.62774122,-0.0016363401,,20.176701,19.329
1688310481,279.4879986,-75.51732667,0.027998701,,19.0525,18.2297
1688311198,279.4780261,-75.31289582,-0.10115,,19.3659,18.5089
1688363969,279.3442266,-75.24652785,-0.40018699,,20.044701,19.168699
1688364071,279.2155361,-75.21753571,-0.165131,,19.970501,19.169001
1688367297,279.4167778,-74.56597576,-0.21692701,,20.111601,19.1059
344073424,278.4094538,-74.53483463,1.6202101,,13.6321,12.7299
344074162,278.3509298,-75.47419921,0.53249502,,14.9642,14.1016
344043847,278.1103638,-74.91149893,1.22199,,14.0806,13.2198
344073121,278.2893791,-74.1328086,1.08277,,14.5642,13.6341
344043237,277.9353809,-75.75799934,0.69086802,,15.5497,14.6439
344074289,278.3472827,-75.6290376,0.910438,,15.2253,14.2807
344129419,279.1316978,-74.79056804,1.15747,,14.0697,13.2703
344077445,278.7527769,-75.27369845,1.2077399,,15.1983,14.2473
344077516,278.8070628,-75.16974304,0.96986097,,13.8649,13.1594
344077517,278.746826,-75.16822342,0.41706201,,15.9995,15.0769
344129110,278.9994155,-74.28700446,0.67822403,,15.7873,14.7708
344129421,279.2276729,-74.79593584,0.36081699,,16.3025,15.3459
344128978,279.2377808,-74.0919901,0.56549901,,15.8028,14.8416
344129753,279.1241012,-75.33771841,0.51051199,,14.8499,14.0093
344129954,279.2716365,-75.66764324,0.45726299,,15.5829,14.7055
344044293,278.0874626,-74.30074902,0.35706699,,17.020901,16.052099
344074156,278.3807727,-75.46859989,0.27283299,,16.7363,15.8588
344001867,277.6993107,-74.00010117,0.52622801,,16.0028,15.0653
344044088,278.1492682,-74.58358775,0.345079,,15.4134,14.99
344073425,278.3580524,-74.53537303,0.66907001,,16.0734,15.1163
344073429,278.562744,-74.54010835,0.894705,,15.8145,14.844
344073927,278.5068714,-75.18852598,0.35862401,,16.808701,15.8431
344073469,278.5556299,-74.58512003,0.63953799,,14.8896,13.9977
344073570,278.316156,-74.69878105,0.86769998,,14.6527,13.778
344077644,278.9569865,-75.01603139,0.54508799,,15.4162,14.4609
344077649,278.947394,-75.00871038,0.74056602,,15.167,14.2305
344043827,278.0692218,-74.94397005,0.23949499,,16.519501,15.615
344073567,278.2607278,-74.69585153,0.84748602,,15.8901,14.9166
344043826,278.2133395,-74.94583599,0.25547001,,17.2791,16.311899
344129371,279.1420323,-74.72464753,0.32945499,,17.3207,16.563499
344130009,279.2224884,-75.7681471,0.41848001,,17.298201,16.329201
344129952,278.9965876,-75.66608335,0.209874,,16.805401,16.2285
344044090,277.8452676,-74.58295485,0.32888001,,17.1786,16.2211
344077036,278.8387254,-75.83861198,0.38774401,,18.199499,17.250999
344130110,279.0356929,-75.94199382,0.282065,,18.200701,17.2236
344074524,278.5491579,-75.98821745,0.16727801,,17.814199,16.826401
344129804,279.2966665,-75.43704631,0.375743,,17.265499,16.436899
344128975,279.2597974,-74.08928599,0.140081,,17.824499,16.849501
344043664,278.1676395,-75.17722233,0.22862101,,17.251301,16.3827
344129602,279.1255591,-75.09712108,0.190779,,18.1222,17.166201
344074164,278.3691441,-75.47475767,0.38719001,,17.242201,16.274799
344077437,278.9776984,-75.28391274,0.29728499,,17.925699,16.985901
344130035,279.320119,-75.79969554,0.25061601,,17.321899,16.527201
344129418,279.13704,-74.78930723,0.26791599,,17.950899,16.9778
344073574,278.4454464,-74.70340803,0.27665001,,17.3822,16.458599
344074159,278.538282,-75.47240264,0.107668,,18.4041,17.448601
344002577,277.6631154,-74.86733189,0.35619599,,17.583799,16.6604
344044295,277.9137769,-74.29828999,0.32598901,,17.764999,16.7883
344044296,278.0732281,-74.29806958,0.305035,,17.7346,16.789101
344044300,278.0625889,-74.29183703,0.36779299,,18.0028,17.0364
344043245,277.8219439,-75.74764528,0.25487801,,17.203501,16.684601
344074160,278.5104565,-75.47350005,0.100002,,17.945101,17.0275
344074219,278.4832339,-75.53631621,0.29148701,,17.3416,16.471001
344077155,278.7414465,-75.65764608,0.45872799,,17.7785,16.8293
344077156,278.6327901,-75.65742787,0.40288401,,17.8027,16.853001
344129600,279.2387413,-75.09542175,0.37852401,,17.7621,16.815701
344073470,278.2570723,-74.58538446,0.233253,,18.1724,17.3741
344077502,278.7668604,-75.19264621,0.079359204,,18.0354,17.069599
1688355546,277.9982134,-74.52834013,0.24607299,,18.6563,17.740999
1688306472,278.1780158,-75.76826719,0.20919199,,18.479401,17.615999
1688336303,278.633574,-74.74780221,-0.078395396,,18.983601,18.1448
1688366941,278.9010845,-74.71458006,0.057894599,,18.537701,17.621401
1688368554,278.8926057,-74.3538915,0.113704,,18.8078,17.791599
1688368557,278.8885802,-74.35773853,0.50313997,,16.561501,15.5555
1688310910,279.5262908,-75.38028407,0.045074999,,18.5797,17.744101
1688311319,279.6340723,-75.31911811,0.18144099,,18.5285,17.7157
1688365615,279.5452194,-74.83067346,0.14564,,18.3573,17.4681
344001871,277.4890228,-74.00502548,0.352873,,17.593201,16.6357
344002574,277.5921558,-74.86501851,0.303689,,17.9575,16.99
344044091,278.0009502,-74.58264404,0.36432299,,17.945101,16.9673
1688370300,279.5276456,-74.0666558,-0.453026,,19.3543,18.383499
344043660,278.0139348,-75.18671377,0.241255,,18.624701,17.6952
344043722,278.0617374,-75.10718025,0.15546399,,18.3557,17.3804
1688327861,277.6739775,-75.46490472,0.051361199,,18.8603,17.943899
1688336120,277.8778778,-74.87764059,0.042467501,,18.447201,17.507099
1688329613,277.7268476,-75.19422462,0.099876702,,18.583599,17.628099
1688354816,277.64595,-74.75345906,0.208398,,18.4286,17.527201
1688363243,277.803158,-74.13734937,0.107519,,19.096201,18.1462
1688328177,278.1044481,-75.40164766,0.18565799,,19.955099,19.1444
1688329815,278.1340802,-75.19308189,0.365089,,19.563999,18.696899
1688329818,278.1697914,-75.18678838,0.708974,,19.672701,18.735001
1688336213,278.3274022,-74.84642896,-0.206544,,20.032,19.215401
1688355548,278.1050056,-74.50275385,0.048727799,,19.648899,18.7679
1688356662,277.8401838,-74.45164635,0.38427201,,18.157801,17.2437
1688306058,278.3159945,-75.85986184,0.42405501,,19.8645,18.996
1688306060,278.3669287,-75.85095828,0.042368699,,19.5093,18.552601
1688306517,278.4469869,-75.73414471,0.54824698,,20.126699,19.1926
1688306654,278.4320955,-75.65129985,0.275148,,19.313499,18.4739
1688306319,279.1597761,-75.7110269,0.066807702,,18.714399,17.7686
1688336699,278.5927583,-74.69423224,0.50799799,,20.368299,19.396601
1688336836,278.4712455,-74.63425387,-0.0135137,,19.677999,18.8549
1688355234,277.575529,-74.68827429,-0.61214298,,20.6222,19.6493
1688365407,279.1881013,-74.89623411,-0.085262902,,18.6926,17.7805
1688370565,278.5031029,-74.18454023,0.29856801,,19.5847,18.700899
1688306724,278.82024,-75.65270339,-0.24545699,,20.210501,19.368299
1688364822,278.8929822,-75.14250446,-0.0042660502,,18.0914,17.139099
1688366115,279.2711521,-74.82527819,-0.065264598,,19.283199,18.357401
1688367170,279.511906,-74.62304074,0.0057456102,,18.7421,17.8211
1688310427,279.2088017,-75.57395627,0.136628,,18.066401,17.261999
1688310430,279.2693057,-75.5647895,0.18121301,,18.328899,17.3689
1688310809,279.3741446,-75.44590234,0.33117199,,18.5357,17.5879
1688370754,278.9375631,-74.1234667,0.142922,,19.9093,19.0329
1688370756,278.854462,-74.1158199,0.104366,,19.4575,18.496
1688310825,279.5773886,-75.41367242,0.0122153,,19.4042,18.6602
1688364566,279.5897303,-75.1241659,-0.153614,,20.1499,19.3295
1688364567,279.6101225,-75.12345305,-0.21862601,,19.552299,18.6828
1688365140,279.421997,-74.9593131,0.109077,,19.7847,18.8678
1688365143,279.5643932,-74.94127598,0.0027554,,19.156099,18.293501
1688366636,279.6000919,-74.63528109,-0.49208799,,20.0858,19.3248
1688367291,279.5571638,-74.56166341,0.0869468,,19.2318,18.283199
1688367293,279.5008899,-74.56204967,0.213762,,19.0676,18.0735
1688367688,279.7108562,-74.58405598,0.12576,,18.9333,18.082399
1688370299,279.5161737,-74.06953907,0.24337301,,20.191299,19.195801
1688370378,279.4655405,-74.0463564,0.033488799,,19.248899,18.265301
1688355046,278.3078689,-74.64199206,-0.15493099,,19.1215,18.1999
1688336115,277.8016739,-74.88829081,-0.372354,,19.5177,18.5434
1688301403,277.7308137,-75.99998675,0.639328,,18.973,18.0765
1688327859,277.7578101,-75.45744795,0.25987199,,19.678101,18.741199
1688334668,277.7865686,-75.03119486,-0.106824,,19.5168,18.698999
1688356626,277.66281,-74.47714655,-0.50764298,,19.983601,19.232201
1688361554,277.7536457,-74.27583119,-0.0454809,,19.400299,18.5326
1688361561,277.8350634,-74.25040005,0.20806099,,20.101801,19.227301
1688361898,277.8062797,-74.21587672,0.40220699,,19.0926,18.1984
1688363131,277.706508,-74.11830077,0.236701,,18.997801,18.091
1688363132,277.7226832,-74.11215487,-0.078463502,,20.049299,19.170799
1688363560,277.6850623,-74.01717793,-0.0835042,,19.970301,19.0378
1688305993,277.7445697,-75.77762426,0.0293695,,19.2826,18.3582
1688305995,277.7947442,-75.76315589,0.26593101,,18.6005,17.808901
1688336563,277.755326,-74.76293644,0.26930901,,19.222799,18.2491
1688336564,277.7473639,-74.76019106,0.084924698,,19.499599,18.6364
1688354960,277.7520301,-74.66982396,0.206708,,18.657499,18.0467
1688356541,277.7278442,-74.51410215,0.111381,,19.444401,18.6133
1688356911,277.8038236,-74.4326563,0.331873,,19.492399,18.699499
1688356915,277.8270898,-74.44028657,-0.31224799,,20.0851,19.218399
1688357009,277.6731821,-74.40640198,-0.0084220702,,19.871401,19.000999
1688363242,277.7230794,-74.06008601,-0.289911,,20.102699,19.203699
1688363246,277.8567018,-74.13138175,-0.19780999,,19.481899,18.571899
1688330174,277.8064874,-75.18320121,0.12655701,,20.0886,19.254801
1688356658,277.7300552,-74.47100759,-0.31255901,,19.628599,18.7061
1688361455,277.8134704,-74.30207408,-0.137198,,20.193199,19.2561
1688361456,277.8135196,-74.30009047,0.31022301,,18.7784,17.9951
1688362143,277.8481359,-74.13562801,0.61931002,,19.2164,18.240499
1688306585,278.2834019,-75.72174647,0.064536102,,19.4293,18.5028
1688355049,278.2347952,-74.65270834,0.14542,,19.533001,18.6756
1688355051,278.2757167,-74.64113383,0.090787902,,18.4972,17.8356
1688355052,278.2938283,-74.63658557,0.43707401,,19.608601,18.6574
1688355173,278.2041926,-74.58847955,0.51747102,,19.540899,18.665001
1688356719,278.3160324,-74.43142734,-0.584108,,19.7176,18.8526
1688306317,279.0270907,-75.72649111,-0.038793098,,19.3664,18.566
1688306358,279.1098509,-75.69778165,0.28589901,,19.766399,18.960699
1688311208,279.0494786,-75.35924362,-0.456045,,19.049,18.6103
1688311213,279.1916674,-75.35662598,-0.041573901,,20.1474,19.2286
1688368300,279.1544538,-74.42562876,-1.2882,,20.664301,19.659599
1688370828,279.1327081,-74.05506109,0.40879101,,19.515699,18.560301
1688370832,279.169191,-74.04781506,0.188513,,19.409901,18.409599
1688309931,279.2459092,-75.71115938,-0.292375,,20.347799,19.467699
1688367168,279.4109701,-74.64410802,-0.096726798,,19.6273,18.649401
1688367664,279.5417611,-74.44834411,-0.67000502,,19.8615,18.913601
1688309447,279.4981773,-75.89989224,0.472204,,18.6947,17.748301
1688309834,279.3387438,-75.76505305,0.190678,,19.0786,18.1513
1688310425,279.1662084,-75.58856145,0.21689799,,19.382601,18.461
1688310577,279.4164097,-75.47582688,-0.321134,,20.401199,19.485399
1688363952,279.4141815,-75.26197179,-1.56593,,20.604099,19.7477
1688363954,279.4001759,-75.25774903,-0.280498,,20.052799,19.1264
1688366578,279.3455229,-74.68584025,-0.215418,,19.643101,18.8162
1688368268,279.3018307,-74.41663815,-0.196344,,20.134399,19.124001
344073982,278.2818887,-75.25677388,0.221028,,15.7941,15.2698
343997035,277.2249664,-75.55648954,1.53732,,14.1681,13.1925
344043700,277.8844861,-75.13847656,1.37555,,14.0787,13.156
344077430,278.9880889,-75.29286964,1.2234499,,14.2073,13.2946
344043310,278.109105,-75.66245947,0.73711199,,15.3973,14.4716
344043524,277.8492304,-75.36646724,1.20443,,14.6736,13.7237
344043701,277.8363988,-75.13579215,0.40084401,,14.9613,14.256
344073980,278.2309656,-75.25557591,0.68469602,,14.4138,13.4816
344074486,278.2925385,-75.93541664,0.81564301,,15.3582,14.3859
344044456,277.9839357,-74.08716211,0.98009598,,13.8331,12.9222
344073834,278.3342573,-75.03308004,0.98206502,,13.4336,12.5296
344073441,278.3915318,-74.55488869,0.796278,,14.0152,13.0798
344073292,278.2552176,-74.34708933,1.72341,,13.9376,12.984
344043563,278.1866096,-75.31466093,0.23334999,,16.5758,15.7102
344043817,277.8683013,-74.96968116,0.442651,,15.7767,15.0677
344078268,278.791267,-74.13643317,0.40982699,,16.987301,15.9922
344043159,277.8196687,-75.8786647,0.417593,,17.3615,16.416599
344073298,278.2439446,-74.35905958,0.64569402,,15.8646,14.8748
344073526,278.49672,-74.65012537,0.46774799,,16.1304,15.1569
344078078,278.9817315,-74.40431179,0.40133899,,16.142599,15.1654
344043165,277.8731535,-75.87032277,0.319287,,16.4804,15.5614
343997416,277.2179901,-75.01654894,0.42466801,,16.851999,15.926
344078083,278.7546492,-74.39872273,0.14183301,,17.7887,16.8216
344073439,278.2902802,-74.55418259,0.359779,,18.190701,17.254601
343997041,277.2644926,-75.54887427,0.45411301,,17.313801,16.379101
344043157,277.92307,-75.88610625,0.217584,,17.520599,16.627899
344043699,278.0318572,-75.13900782,0.34818599,,17.3878,16.4641
344044451,277.9140567,-74.09836975,0.22735199,,17.4384,16.462299
344073615,278.216088,-74.75789702,0.35534799,,16.9496,16.006701
344073660,278.5573487,-74.82179958,0.298913,,17.067699,16.3337
344074008,278.3659939,-75.29050615,0.247719,,17.1236,16.1999
343996778,277.3773592,-75.95211387,0.113073,,18.0242,17.212601
343996782,277.1028787,-75.94689824,0.27174699,,18.1476,17.1749
343996871,277.2224648,-75.8109717,0.15604401,,17.8412,16.893101
344043386,278.0494947,-75.54925957,0.18887,,17.762699,16.8326
344043556,278.1564856,-75.31847824,0.025760701,,18.071301,17.1243
344073097,278.6051194,-74.10774735,0.246967,,17.7274,16.736601
344074487,278.4053559,-75.9357624,0.138524,,17.6779,16.7269
344073041,278.3846369,-74.01335812,0.35609701,,17.746,16.759199
343996868,277.1110688,-75.81357674,0.297297,,18.02,17.176399
344073093,278.2483213,-74.10067554,0.404392,,17.0758,16.183599
344073303,278.2328017,-74.36391025,0.20037401,,17.0485,16.206499
1688305899,277.9355571,-75.81784474,0.25097299,,18.2264,17.3293
