396250606,302.9110586,-75.87914695,0.27645999,,17.5268,16.6455
396250621,302.9052862,-75.84489542,0.26175401,,17.1647,16.228701
340899691,293.9839518,-74.81633066,0.95250499,,14.666,13.8002
404190834,295.1000447,-74.04132456,0.92441398,,15.1281,14.2697
423266904,299.03048,-74.16461023,0.52701098,,16.056499,15.1913
469821357,300.8631529,-74.90678302,0.68133903,,16.2831,15.3548
396251270,302.6174081,-74.78660453,1.0543,,14.3427,13.4689
407924015,290.6981834,-74.29550244,0.26244399,,16.894699,16.033199
466695539,296.8143212,-75.6660595,1.19525,,14.0135,13.1836
327305625,310.9672263,-75.64973438,0.33829001,,17.443399,16.605801
340899344,294.1642418,-75.36161653,0.43309399,,17.0296,16.1227
1988024155,307.5440905,-74.89413266,0.0239645,,18.129801,17.448799
396247235,301.8901523,-75.36627455,0.85374302,,14.2832,13.3891
469828154,302.2216063,-74.17203869,1.69487,,14.334,13.4333
469828244,302.2926438,-74.00636283,1.0932,,14.2336,13.3686
407924115,290.5503441,-74.1692529,0.78912503,,14.938,14.0868
469827511,302.4726778,-75.37842279,0.052248601,,15.707,15.2143
340787398,292.0348699,-74.29220734,0.32477301,,18.1458,17.2453
340777401,291.6860194,-75.83171526,0.58780199,,16.2827,15.4236
340899075,294.0242051,-75.78967038,0.30059299,,16.200701,15.4284
469812275,299.9384109,-75.12708565,0.39006701,,17.265499,16.380699
469820931,300.8111194,-75.78226149,0.101988,,17.721701,16.8197
396251203,302.6685973,-74.86865187,0.68028098,,15.5934,14.7144
340900254,293.9597306,-74.04326741,0.40273499,,16.6495,15.7599
340791701,292.4718766,-74.66699496,0.17264301,,18.036501,17.324301
396247269,301.873292,-75.30836558,0.91549098,,14.6017,13.6978
396247341,301.9960868,-75.2082679,1.09078,,14.3429,13.4703
469827637,302.2277437,-75.11815656,0.40033701,,17.7372,16.831499
469828146,302.2726258,-74.18094681,0.23731899,,17.442101,16.539801
265124859,293.6321759,-75.97472424,0.649652,,15.8283,14.9386
469821562,300.7170614,-74.49580113,0.71102798,,16.3361,15.4234
340899145,293.978627,-75.66720689,0.043565601,,17.4114,16.7507
469825305,301.4546483,-75.81335312,0.079605401,,17.5777,17.1119
340900103,294.0517362,-74.21950645,0.170597,,17.7778,17.0501
469824822,301.6637787,-74.92730996,0.694022,,15.9518,15.0139
469825000,301.4233047,-75.19575455,0.42480099,,16.378901,15.5149
340849158,293.2234208,-75.20788965,0.24484,,18.0329,17.173401
340849653,293.4638761,-74.36239299,0.086743698,,17.3531,16.8487
469827937,302.325824,-74.55435802,0.19562399,,17.2068,16.2896
469828105,302.2592514,-74.24334872,0.295064,,16.2069,15.4703
469820945,300.9555599,-75.76065955,0.700939,,14.6019,13.7262
401537994,310.3874646,-75.9894753,0.188513,,18.003099,17.2134
401569419,310.1548034,-75.29756358,0.322216,,17.6745,16.820499
469820947,300.7460503,-75.75790157,1.4022,,13.8078,13.0269
469821425,300.9014459,-74.77855986,1.07704,,14.6691,13.7726
469821807,300.8001233,-74.07398885,1.38744,,14.1564,13.2773
396248053,302.1186909,-74.09716446,0.89686197,,13.9574,13.1761
407923290,290.5837131,-75.36308749,1.2534699,,14.3357,13.5035
407923425,290.7524229,-75.15254818,1.06119,,14.5978,13.7798
466694610,296.9045796,-74.12040997,1.19604,,13.8298,13.0289
466694860,296.8199218,-74.47953968,1.03157,,14.0146,13.1368
466695509,296.9816847,-75.60404845,1.44092,,13.8769,13.0669
466695570,296.8857119,-75.74762996,0.83517098,,14.8692,14.0588
466695573,296.8009292,-75.75511793,1.5204999,,14.0964,13.1815
401569694,310.4103188,-74.73782666,0.300825,,17.9937,17.1362
469825039,301.5627347,-75.29370652,0.317965,,16.9645,16.1054
396247166,301.9827345,-75.50199587,1.05419,,14.3398,13.4463
396247200,301.7693983,-75.44019396,0.50473303,,16.2085,15.3233
396247447,302.1140636,-75.04978859,0.557154,,14.1615,13.3765
469825124,301.5337582,-75.45360827,0.035064001,,18.023701,17.2108
396211935,300.2349215,-74.3328992,0.213596,,17.3379,16.457701
396215862,301.2952955,-74.13131151,0.14680099,,17.5935,16.683001
469811780,300.0775732,-74.10677097,0.89968997,,14.8745,13.9795
469812152,300.0199957,-74.89026395,1.04073,,14.397,13.5759
469825158,301.718308,-75.5132889,0.26287001,,17.4219,16.518801
469825160,301.4649808,-75.51694212,0.217485,,17.231199,16.4531
401569905,310.4571122,-74.33482819,0.28590301,,18.239799,17.377501
469825167,301.4690303,-75.52517439,0.37524301,,17.507799,16.672701
469825183,301.4807054,-75.55566729,0.37265199,,17.4412,16.5373
396247909,301.8094304,-74.29402543,1.40558,,14.1318,13.2638
396247993,301.840151,-74.16420521,1.64631,,13.9869,13.2237
396248032,302.0739526,-74.12200288,1.33193,,13.9207,13.1455
396248083,301.7730538,-74.04383641,1.51907,,13.8153,12.9485
404219130,303.308014,-74.72081855,1.01515,,13.8816,13.1597
469827464,302.3145187,-75.46932008,0.71404898,,15.3657,14.5001
469828005,302.2618474,-74.4275641,1.12731,,15.0286,14.1592
469828063,302.352068,-74.32277544,0.78831202,,15.5095,14.6056
396250735,302.7323259,-75.64007408,0.26767999,,17.1236,16.581301
469828165,302.5383776,-74.16019664,0.75780201,,15.2527,14.3866
469825283,301.7416215,-75.78073314,0.316264,,17.7404,16.950899
407923976,290.4848987,-74.36253809,0.355481,,15.124,14.4368
340787330,292.2242743,-74.20275505,0.026852399,,18.1691,17.2731
340791192,292.3463659,-75.42735577,0.243058,,18.427799,17.5413
340791644,292.4797383,-74.76085238,0.023511,,18.130699,17.2682
401570039,310.021715,-74.09631415,0.25604501,,16.839399,15.9631
469825363,301.5055796,-75.95556425,0.34789401,,17.347601,16.427401
404219369,303.3840562,-75.15379418,0.77778101,,15.2579,14.381
404219439,303.6931722,-75.30235219,1.13541,,13.9771,13.1183
407924114,290.5243564,-74.1712414,0.91531801,,14.8622,13.9828
407924172,290.5757052,-74.09351903,0.48206499,,15.0477,14.4776
407935061,291.1520193,-75.94857912,0.448479,,16.039301,15.1413
469825356,301.6679379,-75.94025801,0.289599,,17.320601,16.398199
469824938,301.4497676,-75.09503756,0.313575,,17.5229,16.587799
469825007,301.4285527,-75.21458206,0.28784001,,17.5366,16.6376
469825038,301.5959659,-75.28616992,0.246978,,18.0149,17.123199
340845683,292.9182131,-74.78421827,0.76625597,,14.8705,14.0286
340846421,292.8358462,-75.84891302,0.85526401,,14.8189,13.9434
466694645,297.0100698,-74.15897193,0.86004198,,15.344,14.4485
466694883,296.8386266,-74.53365209,0.74301302,,15.6593,14.8047
466695216,296.863098,-75.07644796,0.455405,,15.427,14.5539
396251329,302.5877361,-74.69330092,0.81548297,,15.0626,14.2214
469825184,301.7229857,-75.55959174,0.288183,,18.3302,17.443399
469825238,301.3863701,-75.67108337,0.153679,,18.0198,17.198
327305580,310.8014516,-75.74985731,0.23069499,,17.7973,16.975901
327305800,310.9148745,-75.27248903,0.38038999,,18.0443,17.1721
396251556,302.9113462,-74.32954274,0.86475301,,14.4217,13.6432
396289822,302.6516208,-74.15586863,0.52529901,,15.7005,14.7977
261396254,303.8023405,-74.84718944,1.09224,,14.2402,13.3666
261396339,303.8149811,-75.00530979,1.28536,,14.2901,13.4035
469825282,301.4141726,-75.77872572,0.380844,,18.305201,17.412399
469825317,301.3794836,-75.85280351,0.24437501,,18.468599,17.5982
261396552,303.9867433,-75.39015756,0.43083,,15.0181,14.3411
331636455,305.7429313,-74.41034503,0.64185703,,15.1707,14.407
331636457,305.704415,-74.4142613,0.197694,,15.6052,14.7074
261396602,303.9943139,-75.47832402,0.47799799,,14.5799,13.8957
261396606,304.0670172,-75.49114906,1.68899,,13.8472,12.9848
396211968,300.2520149,-74.26834531,0.29462299,,18.248501,17.3641
261424597,304.4990375,-75.08585731,0.65663898,,14.4553,13.6422
261424988,304.1691385,-74.37359695,0.77275002,,14.7616,13.8729
404191596,294.8777051,-75.33479696,0.59462702,,16.139601,15.2296
396247500,301.9887401,-74.95005034,0.65865803,,15.4877,14.5631
407923313,290.6549324,-75.33197677,0.86137903,,13.9645,13.1443
407923626,290.6728766,-74.86878883,0.81178802,,14.0262,13.2854
407923987,290.4186858,-74.35027215,1.10221,,14.4246,13.3843
407923863,290.4610312,-74.52169759,1.17619,,12.1245,11.4438
407924016,290.7441414,-74.29528679,1.37877,,13.0983,12.3947
469827512,302.3035647,-75.3772002,0.234501,,17.416599,16.579
469827558,302.3855429,-75.28301691,0.21757001,,18.189301,17.299601
469812643,299.8380735,-75.95021681,3.82195,,10.9034,10.0185
466681392,295.3875213,-74.73840868,2.1111701,,11.9651,11.3462
466694839,296.6961728,-74.44930408,1.5760601,,12.4594,11.8003
466695665,296.910256,-75.9337337,0.68544602,,12.5196,12.0999
469827525,302.4199196,-75.35779607,3.0700901,,12.2611,11.4589
396251205,302.5787609,-74.86765021,2.3238299,,12.3081,11.4543
340927519,294.4317454,-75.20781273,0.181015,,18.5292,17.6033
396251512,302.6776866,-74.39349484,2.13325,,12.837,11.9657
396250713,302.9779028,-75.68471967,0.210887,,18.300699,17.359501
364136103,289.6357025,-75.08551318,0.70169699,,15.2027,14.3177
364136473,289.8425421,-75.7028155,0.72270298,,14.3014,13.6239
340845518,292.7376643,-74.53183462,0.61566198,,15.3545,14.5639
340845993,293.0905968,-75.2315698,0.568519,,15.3263,14.4844
396251307,302.6267036,-74.73502222,1.26595,,13.0764,12.3496
396251576,302.9245327,-74.30266148,2.20715,,13.5693,12.7032
469812198,299.8675573,-74.98716322,2.1178801,,12.6181,11.7653
340900252,293.9370873,-74.04474096,0.236479,,17.2131,16.372999
340846334,292.8538622,-75.73881467,0.58163899,,15.9994,15.1226
340899288,293.9795979,-75.44659034,0.44917801,,14.7222,13.8097
396250603,302.4977158,-75.89325504,0.333581,,18.306999,17.4111
396250914,302.8319511,-75.3154514,0.37020499,,18.071899,17.1936
469828094,302.3604305,-74.27561923,-0.093167298,,18.526899,17.6339
469828030,302.3320402,-74.37975792,0.22767,,18.025,17.1133
407922998,290.5239813,-75.83858345,2.3900399,,13.3634,12.4587
340845308,293.0835064,-74.25865007,1.35206,,13.7498,12.8696
340845310,293.0318539,-74.26018597,0.93725002,,13.4767,12.7759
340899789,293.9803144,-74.68978804,0.85989797,,15.0578,14.2014
396251008,302.6953883,-75.17224845,0.065132998,,17.940001,17.292
469821413,300.7079964,-74.79537178,0.169938,,18.403999,17.501699
466694751,296.6723358,-74.32868783,2.50248,,13.0113,12.1862
466691095,296.4055393,-75.41873939,0.313178,,17.2223,16.372
340900235,293.9530361,-74.06468795,0.275433,,16.2008,15.3179
340900263,294.2924456,-74.03632475,1.13451,,14.6037,13.786
340900267,294.0008082,-74.02960079,0.69384301,,14.9898,14.1108
404190844,294.892307,-74.05378853,0.64065498,,15.2376,14.3735
340899079,294.2191973,-75.78550284,0.327218,,17.657101,16.7367
340899527,294.0140045,-75.06797326,0.16452999,,17.9825,17.108801
340899590,294.1237254,-74.9747979,0.228383,,17.271799,16.5734
340899665,294.1270167,-74.84841795,0.34446299,,17.474701,16.5466
340899941,294.061866,-74.45798759,0.0717116,,17.83,16.916
404191311,294.7609541,-74.83454489,0.711568,,14.7488,13.9511
404191608,294.982284,-75.34954905,0.35468701,,16.013,15.1152
466691799,296.4805876,-74.15325583,0.21289501,,18.130699,17.2899
404193914,298.5588484,-75.92003233,0.35890001,,17.683001,16.747999
423266706,299.0338181,-74.59062095,0.32362601,,17.4494,16.5805
469827523,302.5025151,-75.36188953,1.21635,,13.6817,12.8767
396289897,302.9245446,-74.05250198,1.2401299,,13.0158,12.1474
1922123023,296.3921725,-75.86322628,0.14311001,,18.260799,17.366899
398447687,297.937321,-74.48764488,0.62893897,,15.2327,14.3269
1922145393,296.2363932,-75.18175383,1.0376199,,14.7365,13.8555
396251276,302.7652132,-74.7800595,1.21675,,13.515,12.6998
398448017,297.931795,-74.00152892,0.88307297,,14.5394,13.6499
1988029179,306.0035444,-74.17795135,-0.12950701,,19.0748,18.2194
1987966163,307.5677635,-75.24612495,0.134572,,18.849501,17.9522
1987966874,307.5345412,-75.10132366,-0.067419,,19.241199,18.3556
466691797,296.6142977,-74.15760552,0.288371,,17.7761,16.930599
396246981,301.7815107,-75.78992049,1.00694,,14.6231,13.7812
396247172,302.0473748,-75.48981041,0.87781298,,14.3444,13.4565
423266518,298.8273373,-74.96880857,0.367201,,17.662001,16.709299
261458744,304.6667771,-75.43228921,0.28953001,,17.671301,16.8048
1922170711,296.3120584,-74.70168723,0.057600498,,18.2283,17.4142
396247212,301.9287516,-75.41755185,0.51183999,,15.2847,14.5136
396247323,302.1203867,-75.23849767,0.52149999,,16.0287,15.4281
1987900491,300.0949629,-74.49460511,0.27936301,,18.2141,17.3356
1922174324,299.7512157,-74.18538526,0.25395501,,17.966299,17.101999
1987875871,305.4873652,-75.97970719,0.142609,,18.0877,17.2297
1988023860,306.0839508,-74.85589263,0.101467,,18.3561,17.5333
1988023695,306.0855547,-74.88866542,0.073806003,,18.1189,17.441401
1988038938,305.8910598,-74.09724068,0.119869,,18.2437,17.4709
1922171225,296.4306598,-74.48895342,0.089783601,,18.3943,17.5438
396247521,301.907576,-74.91659,0.501531,,15.8318,14.9442
396247523,302.0096354,-74.91117432,0.379114,,15.7528,14.8471
396247595,301.9311002,-74.78011625,1.09277,,14.8435,13.9794
396247691,302.0179503,-74.59266117,0.94116002,,15.2098,14.2891
261458860,304.7040134,-75.65405663,0.392584,,17.4009,16.5121
1922124112,296.3080461,-75.6203732,-0.038886499,,18.385,17.503401
1987962847,307.3754812,-75.70574144,0.0196131,,18.4021,17.513901
1987884311,303.9616614,-75.58597696,0.022512,,18.559099,17.648199
466690964,296.2783024,-75.66893633,0.205887,,17.3794,16.467899
396247813,301.9879939,-74.42763757,0.78871,,15.3572,14.4552
396246960,301.8105141,-75.824117,0.53082198,,16.1432,15.2219
396246999,301.8838085,-75.75303132,0.78872299,,15.0629,14.1156
396247055,302.0970386,-75.68436183,0.71785301,,14.2693,13.637
1987889128,304.0649296,-75.24095469,0.18977,,18.305099,17.5774
1987890191,303.6779084,-75.00184819,0.30379099,,18.3699,17.493799
398461535,299.3422688,-75.35436625,0.308658,,17.4715,16.569599
396247163,301.885593,-75.50571207,1.07038,,13.9044,13.199
396247245,301.8048669,-75.35199693,0.82596099,,15.7884,14.9048
396247311,301.8955916,-75.25184092,0.84048402,,15.5013,14.6189
396247365,302.0304488,-75.16956703,0.82794797,,15.0962,14.2282
1922169561,296.2791577,-74.92126079,0.065212898,,18.176901,17.351999
1988027604,305.2789465,-74.46354734,-0.114007,,18.5884,17.7342
1988027790,305.44494,-74.33345573,0.0356558,,18.260599,17.396799
1988037810,305.2950419,-74.10589122,0.134821,,18.632999,17.7805
340899700,294.2433346,-74.79607145,0.22309899,,17.465599,16.5737
1922176975,296.3650756,-74.21313229,0.29802099,,18.2749,17.391199
1988029342,306.5832644,-74.13136243,-0.15277401,,18.712299,17.950001
1987873362,306.4072175,-75.96154437,-0.078939296,,18.304399,17.452999
1987876567,305.8036863,-75.71918917,0.159096,,18.451799,17.558001
396247784,302.0280502,-74.45844842,0.41704401,,15.0505,14.4004
396247980,301.9188656,-74.19410225,0.59991997,,15.7026,14.7811
396248061,301.7993103,-74.08941871,0.93707502,,14.4849,13.6799
1987877375,306.2702347,-75.56667306,0.093933702,,18.4846,17.725
1987877598,305.8925246,-75.45309875,0.192514,,18.524799,17.6868
1988022214,306.1246507,-75.30460216,-0.065039903,,18.5509,17.7271
1988022240,306.0986526,-75.25366513,-0.0141716,,18.5728,17.842699
1988022288,306.0896672,-75.22701197,0.113793,,18.462601,17.5958
1988022392,306.3263745,-75.15664369,0.130178,,18.191601,17.3862
1988030959,308.0048411,-74.22889059,0.34751901,,18.2309,17.356199
404219339,303.7261443,-75.09389231,0.70036602,,15.5486,14.6625
398461403,299.1554686,-75.09846228,0.43850899,,17.3547,16.425301
1988033488,307.867953,-74.06269888,0.035665698,,18.555201,17.764
1988033777,308.2706042,-74.04539548,-0.034905698,,18.726601,17.9259
1987963023,308.1256737,-75.68444547,0.284181,,18.380199,17.5056
404219550,303.501528,-75.56090645,0.56879902,,15.9868,15.0647
1987972783,309.251703,-74.74749416,0.29994801,,18.1852,17.360399
404219675,303.6462611,-75.81287638,0.77279902,,15.081,14.2278
261396093,304.0852689,-74.51933105,0.788894,,15.3465,14.523
1987965752,307.5593658,-75.48281232,0.215232,,18.5354,17.7013
1987966155,307.6523226,-75.23442619,-0.0222269,,18.3186,17.445299
1987966805,307.537037,-75.17011293,0.14703999,,18.423401,17.6276
1987966806,307.5940431,-75.1648895,0.21101899,,18.5504,17.6929
261396222,303.9943389,-74.77656819,0.61261398,,15.8861,15.0194
261396270,303.9608811,-74.87584567,0.61433202,,15.3789,14.5348
261396322,303.8452002,-74.95979381,0.405956,,15.8862,15.0109
261396366,303.9801359,-75.06684217,0.67958701,,15.608,14.761
261396532,303.8400575,-75.35495013,0.42802799,,16.240801,15.3414
1988037644,305.3985403,-74.16428081,0.051814299,,18.9443,18.0679
469827989,302.5128971,-74.45443004,0.16407301,,17.8398,16.935801
407923146,290.4385189,-75.60721666,0.244606,,17.272499,16.372299
261396686,303.9031254,-75.62898503,0.365152,,15.6532,14.7349
261422052,303.9984508,-75.74135208,0.56317198,,16.2778,15.3726
261424268,304.3712337,-75.67672979,0.63143098,,14.3006,13.4275
340846106,293.0063971,-75.37633378,0.30409801,,17.410999,16.655701
466695311,296.9239932,-75.25377006,0.44238901,,16.6133,15.7465
1987954439,309.4240044,-75.66166681,0.209123,,18.2381,17.4855
261424513,304.3104862,-75.23661752,0.88503301,,15.4133,14.5408
261424588,304.1853715,-75.10021237,0.55460501,,15.3534,14.4942
261424887,304.2286397,-74.58162215,0.72294003,,14.1573,13.4528
261424890,304.4565419,-74.57608767,0.46379399,,15.611,14.7536
466694836,296.6926564,-74.43687954,0.183823,,17.780399,16.9361
466695217,296.9224759,-75.07654339,0.176972,,16.756901,15.9927
423263911,297.5523068,-74.92137256,0.26168901,,16.9119,16.0418
423264215,297.6726916,-75.55575622,0.86548603,,14.275,13.3593
396251305,302.6300072,-74.73620298,0.50325298,,16.1779,15.3064
331637068,306.0133411,-75.71487092,0.38319299,,17.149401,16.2544
407923571,290.7800325,-74.93739234,0.415434,,16.798599,15.905
340845222,293.1241302,-74.13927954,0.41619,,16.910101,16.0147
466695424,296.781658,-75.4561064,0.31291199,,16.777201,15.9063
469824692,301.6857208,-74.68654477,0.254682,,16.6129,15.7213
261425147,304.4917168,-74.06954391,1.19586,,13.9798,13.2195
331637004,305.7013236,-75.590672,0.42951199,,17.018801,16.1462
340846329,293.0988022,-75.73252287,0.288876,,16.982,16.0606
340899994,294.2458147,-74.3807839,1.33461,,12.6857,11.9461
396247786,301.8526091,-74.45827265,2.07407,,12.2452,11.4215
261395967,303.8904872,-74.28243374,1.17137,,13.3685,12.6189
261396075,303.9960704,-74.48506308,1.625,,13.036,12.2576
469821161,300.7089683,-75.34936443,11.2937,,8.3829603,7.6868801
469827983,302.4046083,-74.46408359,0.89189303,,15.7546,14.8632
261396692,303.7695781,-75.63272054,0.26344699,,16.8582,15.9406
404194014,298.6268079,-75.72111132,0.291035,,16.8922,15.988
1987962966,307.7346664,-75.59093722,-0.142554,,18.9564,18.042801
1987965850,307.9511191,-75.41956962,-0.211301,,19.0375,18.260201
396247703,301.9198139,-74.58087394,3.6456699,,10.3259,9.6882496
1987972889,309.5374411,-74.66352203,0.25102001,,18.278799,17.4697
396251219,302.9107858,-74.8519503,0.197851,,16.653999,15.7517
396251451,302.5898959,-74.48269589,0.498896,,16.6826,15.7782
1987966836,307.2276918,-75.15624613,-0.209435,,19.3102,18.4526
396215911,301.295093,-74.05782872,0.37581599,,16.713301,15.8588
396251653,302.810151,-74.19460878,0.426128,,16.760799,15.8579
331636359,305.9852288,-74.24794662,0.60648298,,16.596201,15.7054
1922133113,299.9028567,-74.66527284,-0.071715601,,19.0518,18.1661
1922174114,299.7777175,-74.26442185,-0.177348,,19.0299,18.1733
407923806,290.7614339,-74.60892292,0.38019001,,15.9606,15.0877
466695221,296.9088129,-75.08584225,0.88308299,,14.955,14.1465
469812153,300.1919366,-74.89366621,0.56573701,,16.2206,15.3098
1922165337,297.3400903,-75.20931381,-0.105612,,18.7575,17.9729
1987966698,307.2872134,-75.23512159,0.072513796,,19.085699,18.195601
469827894,302.3563532,-74.62551454,0.54788601,,16.0116,15.2635
396251373,302.5920557,-74.60903122,0.52478099,,15.4485,14.7141
396251423,302.5736164,-74.53370767,0.75306201,,15.3029,14.3991
396251607,302.7901985,-74.25867771,0.68694401,,15.7771,14.9302
1922133112,299.9097508,-74.67630134,0.223083,,18.629999,17.783199
340899560,294.0524203,-75.0239035,0.14410301,,18.291201,17.367201
1987889503,303.756452,-75.05131994,0.053146601,,18.694901,17.944
1988031654,309.7151505,-74.12043157,0.31379601,,18.2509,17.3915
1988031864,309.3617995,-74.04900266,-0.0048611499,,17.9795,17.2607
407924166,290.5659927,-74.09901746,0.62352002,,16.2391,15.3697
340846423,292.9382448,-75.84952122,0.47973099,,16.166599,15.2684
466695041,296.8592873,-74.80530903,0.54567599,,16.1196,15.2664
423264271,297.5090039,-75.68062761,0.62673497,,16.4027,15.4579
340900076,293.9286765,-74.2558577,0.108563,,18.186199,17.2861
466695331,297.1074422,-75.29137105,-0.0140834,,18.206699,17.330099
1988028929,306.4463794,-74.25825615,-0.023770399,,18.6639,17.846001
469812650,300.0240428,-75.95928584,0.52238297,,16.729,15.7786
1988023859,306.0199039,-74.83707977,-0.125357,,18.7698,17.911501
1988023694,306.0885882,-74.88993068,0.249551,,18.495501,17.632401
1988023701,306.1359602,-74.86429587,-0.25959501,,18.686501,17.938
1988026529,306.0462091,-74.64305151,-0.121951,,18.492701,17.631399
396289895,302.7265392,-74.05289585,0.46582401,,16.4729,15.6372
396289919,302.6003105,-74.0362117,0.36596099,,16.539499,15.664
1988026811,306.1124679,-74.49784656,0.064418502,,18.5798,17.7239
1988026817,306.0396298,-74.48721414,0.0262428,,18.586399,17.7558
1988028161,306.1333676,-74.41808717,-0.087880999,,18.112801,17.3631
1988029233,306.1075847,-74.10338059,0.177917,,18.202299,17.318899
1987872901,307.3817725,-75.99281185,0.128471,,18.631399,17.7369
261458683,304.6924286,-75.31598418,0.356527,,17.947901,17.1113
261458733,304.7736983,-75.40754948,0.29559499,,17.884899,17.049801
1987877459,306.1622482,-75.4911276,0.097229198,,18.7192,17.873501
466695547,296.7044991,-75.68935409,0.29062599,,16.7388,15.8209
466695592,296.6716809,-75.78783311,0.43949401,,16.701401,15.7855
1987962683,307.4043733,-75.78265969,0.228055,,18.5965,17.7537
1987962986,307.4737275,-75.6119306,-0.098163299,,18.4391,17.5697
1987965402,307.3865727,-75.58040692,0.171434,,18.563101,17.677601
1987965494,307.4176244,-75.46639491,0.19954599,,18.294201,17.405899
396251253,302.7038842,-74.80610669,0.28032601,,16.585699,15.7079
407923657,290.5739095,-74.82286652,0.0371438,,17.735201,16.8818
331636459,305.9987408,-74.41749799,0.286845,,17.2251,16.3571
1988022416,306.2277117,-75.12903309,-0.0136134,,18.642599,17.8062
340899368,294.0899451,-75.32543069,0.0451959,,17.5602,16.707199
1987965742,307.5965897,-75.50391713,0.019357,,18.5063,17.8398
1987961784,308.0061155,-75.96147975,-0.074482597,,18.412001,17.533701
1988031079,308.0997238,-74.18165604,-0.13789,,18.3617,17.795799
1987953423,310.5915731,-75.91128324,0.075768799,,18.5366,17.674
1987953718,310.9382709,-75.86131766,0.21767101,,18.3374,17.450001
1987962768,307.7496215,-75.70136953,0.15255401,,18.814301,17.9223
1987966027,307.4343872,-75.33910965,0.102812,,18.6127,17.820999
1987966033,307.574133,-75.29664499,0.096200399,,18.657801,17.7967
340899203,294.0150994,-75.60077157,0.0561205,,17.7293,16.798599
1987953811,310.9486226,-75.72588694,0.17270599,,18.576099,17.664301
1987953984,310.5570037,-75.72072152,0.40065899,,18.3265,17.4137
261458708,304.6114892,-75.35552275,0.32548499,,17.690599,16.8801
466695408,296.6741274,-75.42762566,0.23968901,,17.9524,17.114201
1922195449,292.3279887,-74.28329412,-0.22788,,18.8454,17.951
1922196649,292.3241199,-74.09913603,-0.20339601,,18.7304,17.8377
1987883222,301.009687,-75.48712082,0.0281961,,18.7313,17.879299
1987896781,301.0254412,-74.83837472,0.127836,,18.946301,18.029499
396289907,302.5401388,-74.04330268,0.199182,,17.5455,16.6798
331636275,305.7283944,-74.08564449,0.42361701,,16.922001,16.0366
404193972,298.507595,-75.78716882,0.26487699,,17.5891,16.7428
398461454,299.264165,-75.179123,0.28672799,,17.7068,16.8472
1988022690,306.2416135,-74.98461559,-0.142166,,18.8993,18.0289
1988026425,305.9668532,-74.72506961,0.085896596,,18.878201,18.0397
1988026518,306.2318383,-74.64567199,-0.0062535899,,18.825899,17.9412
469821391,300.8049957,-74.82851713,0.338552,,16.9221,16.0245
340899843,293.9766097,-74.62097751,-0.077451497,,18.535101,17.641399
340899374,294.0595681,-75.31574975,0.346046,,18.2642,17.410299
1987965664,307.2356267,-75.40924316,0.19097,,18.847099,17.9517
1987954701,310.7412919,-75.52819919,-0.0101735,,18.7644,17.889299
340899375,294.0430871,-75.30612841,0.0099878404,,18.222799,17.497
423239691,297.4273216,-74.23201503,0.11608,,18.1665,17.284599
1987959313,310.7939804,-75.43189783,0.143123,,18.670799,17.7747
469827378,302.2566238,-75.6275985,0.346894,,16.683599,15.8504
261458764,304.5838975,-75.470281,0.37190199,,18.213301,17.3671
469824992,301.4857312,-75.18944238,0.070625499,,18.226601,17.3458
469827478,302.24522,-75.45300224,0.35650501,,17.2225,16.3757
469827536,302.4005299,-75.3280818,0.32868701,,16.729099,15.8557
423266519,298.947103,-74.96329358,0.111311,,18.4244,17.5382
398461573,299.4008358,-75.41980088,0.223958,,17.469601,16.542601
466690973,296.5039945,-75.65349759,0.29420799,,17.5303,16.6938
469825042,301.4007667,-75.29490457,0.114998,,18.284599,17.4352
469825176,301.5298605,-75.54382724,0.180434,,17.899,17.016399
469825318,301.4041258,-75.85320267,0.187985,,18.1544,17.2714
469828009,302.4113818,-74.4175423,0.038709,,17.0327,16.265499
340900075,294.1653177,-74.25751905,0.033755399,,17.7082,16.8081
261458853,304.8152723,-75.64091512,0.33800501,,17.8631,17.038601
404193921,298.6133311,-75.90911269,0.110312,,17.7304,16.8701
469828167,302.2169562,-74.15170583,0.33687499,,17.002199,16.162701
1988028838,306.2168798,-74.29189598,-0.17353199,,18.961201,18.1691
1987962630,307.6278634,-75.82906775,-0.101711,,18.9541,18.1043
340900079,293.9674574,-74.2494943,0.37540099,,17.0158,16.122299
469825269,301.4545504,-75.75741197,0.23847,,17.884399,16.9848
340899501,293.9093281,-75.10396973,-0.033523601,,18.006201,17.1457
340899558,294.2249058,-75.02986292,0.21029399,,18.0651,17.157499
340899618,294.1011389,-74.92190445,0.30666101,,17.745199,16.838699
423266517,299.016646,-74.97279632,0.335022,,17.839701,16.8885
1815705939,289.8742306,-74.73702026,0.073537901,,17.687901,16.798901
1922137235,292.6766507,-75.96429275,0.0090455003,,18.832199,17.934999
1922144082,296.209423,-75.47705531,-0.065309502,,18.7806,17.9142
1922144345,296.150567,-75.38077949,-0.28002501,,18.604,17.725401
1815709757,289.9156134,-74.31159117,0.13701899,,18.110901,17.336201
1922177759,296.2230627,-74.18567647,0.13056,,18.903999,18.031601
1922140516,291.4675633,-75.71780961,0.27116001,,18.2181,17.318199
1922124106,296.2137955,-75.63666465,0.225086,,18.5317,17.649799
1922148681,296.3014094,-74.96058118,-0.10422,,18.9084,18.052999
1922169516,296.4301694,-74.93176749,0.071482599,,18.6936,17.8244
1922171249,296.4044285,-74.44134377,0.14690401,,18.233299,17.4146
1922151163,291.4179701,-75.51903856,-0.12587,,18.3563,17.525499
1987901233,301.0706272,-74.17874466,0.151783,,18.647699,17.7467
1987901237,301.0263468,-74.16201678,0.0083272597,,18.5301,17.729799
1988022519,305.7124364,-75.17992354,0.229831,,18.5499,17.7201
1988023134,305.5967862,-75.12057393,0.29228801,,18.482401,17.6136
1987972518,309.4511953,-74.86300682,-0.058671098,,18.750799,17.9708
1987972700,309.267787,-74.8129626,0.165574,,18.598801,17.731701
1987954365,309.5191021,-75.7783636,0.29136401,,18.304399,17.455
1987954386,309.5576257,-75.73455641,-0.019546101,,18.655399,17.7658
1987954442,309.5324437,-75.66022082,-0.077840798,,18.3374,17.6306
1987963609,309.4456935,-75.53933925,0.16114201,,18.5261,17.636299
1987963587,309.6711933,-75.5353065,0.166228,,18.462,17.578899
1987964127,309.754591,-75.34801079,-0.117057,,18.3799,17.621401
1922145527,295.7322983,-75.14776953,0.25987801,,17.9956,17.1348
1922149017,295.6785724,-74.90211529,0.22036099,,18.194099,17.3552
1987965186,309.7233162,-75.06673698,0.048471499,,18.4639,17.6672
1987972806,309.6464714,-74.76433217,-0.0687913,,18.675501,17.9349
1987972840,309.7619404,-74.69906626,0.106995,,18.3298,17.606701
1987973796,309.5748828,-74.55111394,0.100426,,18.4767,17.7195
1987974189,309.6309562,-74.31030894,-0.0105276,,18.451799,17.691401
1988031850,309.3875279,-74.07694862,-0.082309797,,18.6276,17.873501
1988031826,309.554519,-74.05673232,-0.058085099,,18.4744,17.7089
1988031640,309.6994824,-74.13848869,0.349886,,17.9541,17.165899
1988031642,309.759163,-74.1332346,0.082594901,,18.337299,17.607201
1922170879,296.4169512,-74.61734532,0.095348701,,18.320499,17.5933
1922171189,296.510351,-74.50428992,-0.107801,,17.7556,17.3591
1922171168,296.5199391,-74.51262824,0.23136701,,18.3444,17.464199
1922169564,296.2863535,-74.89148348,-0.444168,,19.350901,18.5494
1987882516,300.8006539,-75.79313978,-0.410936,,19.023899,18.247601
407924051,290.654495,-74.24715431,0.28347501,,17.198799,16.308901
331636621,305.7418514,-74.75346088,0.31701899,,17.059999,16.2085
1922165694,297.1272773,-75.06346487,0.28286099,,18.084,17.198099
1987965014,309.7090936,-75.07828417,-0.450066,,19.1488,18.298599
1922136459,293.1395998,-75.95572108,0.00079434301,,18.848,17.9277
407923664,290.4325452,-74.81248052,0.29338601,,17.2906,16.413
1922123080,296.3207177,-75.82206324,-0.182569,,19.0646,18.211201
1987891115,300.5741054,-75.50873937,0.120969,,18.982401,18.0588
1988022479,305.8124553,-75.19969158,-0.27019501,,18.981501,18.225201
1922137608,292.9013905,-75.81692284,0.042017698,,18.9415,18.028799
1922124213,296.1020003,-75.57647787,-0.024282301,,18.982401,18.158199
1922176487,296.0813918,-74.34063136,0.081257403,,18.635401,17.8048
1922144543,296.3369574,-75.27447451,0.14336599,,18.464899,17.7157
1922170826,296.3998394,-74.65068975,-0.144951,,18.8151,17.9512
1922171148,296.2952319,-74.5323769,0.043743901,,18.776899,18.007099
396251611,302.8609123,-74.25254454,0.26857799,,17.2173,16.3825
407924112,290.6590129,-74.1753314,0.253526,,16.6733,15.9169
407934189,291.1058812,-74.50914398,0.36779699,,17.2705,16.415199
1987967888,309.2893918,-74.90356935,0.195814,,18.688999,17.8263
1987974018,309.5407998,-74.44951377,0.079322398,,18.887199,18.0151
1987953027,309.5529026,-75.86874239,-0.0860053,,18.831699,18.0089
407923670,290.7355746,-74.80872071,0.12587599,,17.069799,16.216101
364136563,289.94421,-75.83792583,0.33834401,,17.242599,16.3724
340845191,292.8408758,-74.09561318,0.404378,,17.5135,16.6387
340846403,292.8705924,-75.83089486,0.33593601,,17.087299,16.263399
340846512,292.846105,-75.99436217,0.339892,,17.5516,16.6374
1987973496,309.5096896,-74.59499594,-0.49260899,,18.8769,18.013901
423263536,297.7098601,-74.18353881,0.32544801,,16.9583,16.082199
423263893,297.7086278,-74.89269501,0.202896,,17.7665,16.8836
396248115,301.8042318,-74.0094738,0.27571899,,17.7022,16.7941
466694724,296.7762354,-74.2803128,0.36891001,,17.1355,16.2808
466695406,296.9337547,-75.42381764,0.160947,,17.086399,16.2442
261424655,304.187148,-74.98235009,0.18398,,17.2652,16.383499
340846220,292.9880789,-75.56159861,0.25485399,,17.0487,16.273001
404190980,294.7591785,-74.24544893,0.340693,,17.183701,16.3267
423264058,297.5772289,-75.21375212,0.30352399,,17.0641,16.224199
396251610,302.7698183,-74.25468133,0.262703,,17.3011,16.473
423263669,297.7003713,-74.44995585,0.434701,,16.8325,15.9635
423263743,297.5291107,-74.5911171,0.369203,,17.333401,16.464399
396248089,302.0452916,-74.03886796,0.20724399,,16.823999,16.093399
404219057,303.4779366,-74.59995168,0.24671499,,16.797001,16.021601
261422119,304.0944776,-75.87697309,0.326983,,16.9013,16.101101
340846295,292.9489214,-75.66974315,0.26876301,,16.8092,15.9639
340899993,294.2185356,-74.3811959,0.56300598,,15.5954,14.7156
423263901,297.6294035,-74.90849298,0.295921,,16.601801,15.9238
404219354,303.5943916,-75.12110335,0.48100901,,16.112801,15.2447
340899195,294.1587067,-75.61340744,0.496259,,17.029499,16.1094
404191612,294.9323316,-75.35365343,0.28366899,,16.868799,15.9762
423263627,297.8166424,-74.3744117,0.48292401,,16.512199,15.6252
396247221,301.9294559,-75.38609191,0.49033499,,17.167,16.2778
396247603,301.7730231,-74.7694676,0.307051,,16.8396,15.9278
404218987,303.5320879,-74.47525978,0.269631,,17.0912,16.2257
407923293,290.786923,-75.3575214,0.59984899,,16.434799,15.5397
261396421,303.7688341,-75.16287407,0.224297,,17.2314,16.3459
364135417,289.8028567,-74.16950911,0.44046301,,16.6616,15.782
407923326,290.5716197,-75.31727572,0.56870198,,16.511801,15.6163
340899958,293.9327395,-74.42733936,0.38822201,,17.1619,16.268999
396247710,302.0029399,-74.56781006,0.38061899,,17.193399,16.2733
396247763,302.0853922,-74.48319529,0.116927,,16.712601,15.8857
396247764,301.9043376,-74.48260677,0.26319799,,16.424601,15.7832
396248037,301.9116095,-74.11668146,0.492194,,16.494699,15.7143
404218985,303.3914899,-74.47162402,0.29962999,,16.645,15.7837
404219283,303.6535725,-74.98556017,0.31655401,,16.830601,15.9689
261424891,304.3649694,-74.57294783,0.354487,,16.958401,16.0888
261425088,304.3580622,-74.18792912,0.431811,,16.7701,15.9368
396289847,302.7975485,-74.12696786,0.57353598,,16.6478,15.7612
407923839,290.5023907,-74.55739956,0.40873301,,16.731501,15.8483
398447740,298.1747291,-74.41665218,0.39839801,,16.576099,15.7105
396251470,302.8513897,-74.45239035,0.27162901,,17.1835,16.3906
261396180,303.9192331,-74.7039249,0.47549,,16.3232,15.4538
364135651,289.6024668,-74.48700478,0.912673,,15.0648,14.154
396247689,302.101499,-74.59433099,1.24946,,14.0509,13.1363
396247810,301.8531813,-74.43142032,1.0402,,14.5827,13.7389
1922139514,291.5412442,-75.84935092,0.134983,,18.7031,17.8557
1922139627,291.5493832,-75.82938616,0.0924813,,18.6745,17.767799
1922153070,291.580058,-75.1584986,0.132562,,18.5951,17.6905
396251215,302.688073,-74.85883143,0.367973,,16.9559,16.059401
1922196422,291.4186691,-74.17142291,0.13507,,18.671101,17.807699
1922123751,295.7376599,-75.80056833,-0.066716999,,18.773399,17.865101
1922123755,295.6322902,-75.79721341,0.068888798,,18.4814,17.597
466695464,296.8602619,-75.52885317,0.20766599,,17.4606,16.587601
396247265,301.8618738,-75.31262745,0.31291801,,16.676701,15.7882
404219335,303.6765857,-75.08573505,0.32896599,,16.703899,15.8375
396246992,301.8016543,-75.76464511,0.377094,,16.677299,15.806
1922143544,295.6279522,-75.62633616,0.041974202,,18.692301,17.806499
1922143570,295.668644,-75.5828362,-0.0315472,,18.7617,17.933901
1922144014,295.7070346,-75.44152778,0.209737,,18.384199,17.4832
1922145546,295.8421906,-75.14875373,0.13952699,,18.1598,17.2691
1922124588,296.4134815,-75.5178952,0.208149,,18.3554,17.6129
1922166669,296.4914095,-74.95210632,0.23647401,,18.3288,17.5425
1922169859,296.3781081,-74.78860895,0.17170499,,18.546499,17.6936
1922176934,296.4915059,-74.24995655,0.069197297,,18.400999,17.503401
1922123558,297.0911758,-75.6818036,0.179245,,18.662201,17.7976
396247042,301.9950145,-75.70418226,0.49043801,,16.827299,15.9246
404219696,303.5407269,-75.86977728,0.128273,,15.3999,14.525
1922165576,297.1166861,-75.10386187,0.325782,,18.1157,17.2876
1922165698,297.2541575,-75.04535815,0.168116,,18.367599,17.4813
1987880471,301.5340611,-75.92390155,0.213568,,18.1304,17.213499
1987880724,301.782613,-75.94140091,0.042587999,,18.6397,17.8004
1987880824,301.7962378,-75.84107869,-0.29551601,,18.520901,17.7257
469827201,302.3947065,-75.97872956,0.33934301,,17.2335,16.3116
340846300,292.7991493,-75.68217193,0.96641499,,14.8416,13.9485
1987882274,301.7661634,-75.67308437,0.124173,,18.542101,17.7838
1987888482,301.8544033,-75.25637042,0.147956,,18.523399,17.630501
1987888216,302.0169377,-75.37324592,0.167366,,18.549801,17.638201
407923556,290.5663307,-74.95112711,0.114031,,17.995001,17.1315
396247342,302.0161251,-75.20698891,0.434605,,15.7428,14.8767
396247995,301.9852857,-74.1636156,0.35293201,,16.390699,15.5478
407924174,290.7818562,-74.0881083,0.25257301,,17.226601,16.392799
340845218,293.1136473,-74.13086418,-0.0191231,,18.0406,17.247601
396248046,302.0078139,-74.10236282,0.78229302,,15.3825,14.4675
404218978,303.4612997,-74.44975084,0.67268199,,15.126,14.3245
404219101,303.3672584,-74.67567841,0.706554,,15.3245,14.5394
261395949,303.7747988,-74.24984349,0.93332398,,14.5667,13.7594
261395966,303.9961525,-74.27959049,0.28669301,,16.1616,15.4045
261396040,303.964784,-74.40789393,1.46112,,13.8593,13.048
466694612,296.938807,-74.12371696,0.25137299,,17.6,16.7323
466695036,296.9496568,-74.80036256,0.22457799,,17.0401,16.194201
466695309,296.8449922,-75.25205605,0.126321,,18.2197,17.3629
261424200,304.4883942,-75.79538497,0.61667001,,16.0979,15.2083
261425114,304.1438797,-74.14264693,0.370756,,16.049801,15.1769
340845872,292.8241411,-75.04467925,0.481736,,16.4107,15.558
404219554,303.5991561,-75.56886147,0.414307,,16.5184,15.6607
396251256,302.6663031,-74.80162008,0.29513201,,18.0235,17.1492
261396371,303.7937032,-75.08096321,0.26366299,,16.483,15.6142
364135379,289.8121004,-74.11778946,0.510638,,15.9886,15.0828
364136106,289.6450303,-75.09031027,0.58677202,,15.8504,15.0271
364136146,289.6830798,-75.14816022,0.63602197,,15.5296,14.7409
364136151,289.6959633,-75.15588036,0.519557,,16.1506,15.309
340899296,294.2629643,-75.43020347,0.61776203,,16.202499,15.2833
396251550,302.6766522,-74.33449833,0.123738,,16.9415,16.527399
331636276,305.9602732,-74.08920147,0.466212,,17.3085,16.441999
404191445,295.0146937,-75.09980244,0.412954,,16.109501,15.3296
404191500,294.8829432,-75.20258175,0.548235,,16.1486,15.2514
331636525,305.8391179,-74.53436158,0.30504999,,17.167801,16.413799
404194305,298.2694054,-75.17492453,0.29095799,,16.520599,15.6753
396247657,301.8966915,-74.64897368,0.38181701,,16.4806,15.637
261396001,304.106811,-74.35109701,0.291531,,16.605,15.7129
261396092,304.0377513,-74.51886462,0.38652301,,16.613899,15.7185
1922139140,291.5658203,-75.98888639,-0.38920099,,19.1479,18.316299
340845856,292.8114079,-75.02088357,0.42547801,,16.541401,15.6723
340846337,292.7928746,-75.74417483,0.31993699,,16.635201,15.938
340846408,293.1254691,-75.83766718,0.301525,,16.596201,15.6847
340900062,294.2468305,-74.26961005,0.36660701,,16.5989,15.7395
466695572,297.0477162,-75.7535808,0.26656201,,18.000099,17.1126
396247636,301.8641225,-74.70559896,0.51808399,,16.562201,15.7016
396248010,302.0433395,-74.14421793,0.381412,,16.569,15.701
396251347,302.8266395,-74.65688194,0.30551699,,17.8946,16.993999
396251552,302.5410889,-74.33419285,0.081131399,,17.7815,16.9133
404219158,303.7279789,-74.75955445,0.57660198,,16.396601,15.5822
404219331,303.4906809,-75.08131064,0.44739199,,16.439699,15.5949
331636623,305.7023577,-74.75671241,0.36329401,,17.785999,16.9109
261395924,303.8329718,-74.20585916,0.36141101,,16.5515,15.6864
261425150,304.4223029,-74.06575959,0.42560199,,16.357901,15.48
340845121,292.8581339,-74.00496446,0.121949,,17.651501,16.7465
340899136,294.217677,-75.68186899,0.263818,,18.074699,17.131701
261396199,303.7678807,-74.72456799,-0.088168301,,18.205601,17.4541
364136503,289.9409331,-75.74428834,0.309021,,17.286501,16.377701
396247458,301.9015303,-75.02468282,0.11803,,17.146099,16.208099
469812488,299.9819191,-75.60936461,0.258333,,17.633699,16.709801
261396165,303.8532804,-74.68179678,0.17143901,,18.334,17.491199
364135363,289.9874655,-74.10227691,0.19877601,,18.0093,17.1999
469827379,302.3130613,-75.62739361,0.29762301,,17.7027,16.7899
469827527,302.3783809,-75.35448675,0.38718799,,17.612301,16.732401
469828106,302.2004772,-74.23736959,0.242026,,17.599501,16.722099
407923328,290.646657,-75.31647606,0.191604,,17.455799,16.5555
407923426,290.6975904,-75.15217036,0.350151,,17.6922,16.7999
407923557,290.6351514,-74.95018481,0.230554,,17.628099,16.727501
1922194743,291.5453933,-74.57286571,-0.043507501,,18.790899,17.968901
396246967,301.8905398,-75.81185022,0.395197,,17.7771,16.9037
396247403,301.9910119,-75.10226894,0.267683,,17.340599,16.421101
466694544,296.9144115,-74.00507462,0.131786,,18.142,17.301201
1922169570,296.4227675,-74.88588769,-0.30572599,,19.246799,18.3715
396248111,302.13045,-74.01360016,0.34872901,,17.4795,16.5741
466695404,296.8207778,-75.42197979,0.31510001,,17.875799,17.010201
423264043,297.5547697,-75.18494705,0.224132,,17.667,16.7813
423264083,297.5996545,-75.27205403,0.326087,,17.185301,16.290701
396247639,302.1329785,-74.69649271,0.42562699,,17.6574,16.7794
1922165238,296.9151364,-75.28399329,-0.108785,,18.7458,17.958401
396251202,302.6002101,-74.868666,0.40317601,,17.599199,16.761499
396251250,302.8264023,-74.81355627,0.26456499,,17.5853,16.7367
396251310,302.768718,-74.72659578,0.467949,,17.6523,16.7719
396251372,302.8415278,-74.61227294,0.061684199,,17.872299,16.982901
404219213,303.3910615,-74.85223964,0.216177,,18.1087,17.268299
396251450,302.9006273,-74.48366051,0.15755101,,17.6427,16.7348
396251506,302.8426422,-74.40126213,0.204097,,17.622999,16.7705
396251636,302.7001075,-74.21903769,0.25386199,,17.460199,16.577499
261395909,303.9379329,-74.18426022,0.39543101,,17.7717,16.9146
261396496,303.8290804,-75.2848692,0.40257299,,17.918301,17.027399
261424383,304.2711106,-75.44484373,0.36514801,,16.580999,15.7121
469827291,302.4823258,-75.77185827,0.314183,,17.311001,16.3424
469812489,299.8554838,-75.60941758,0.24297,,18.0331,17.1653
407923575,290.3933658,-74.93192304,0.42036599,,17.8291,16.941099
340846163,292.8888226,-75.47714671,0.423774,,17.9445,17.0494
466695022,296.8940725,-74.78765498,0.216516,,18.358101,17.4872
1815710569,289.8386919,-74.13324111,-0.136638,,18.950701,18.0485
1815710594,289.8582218,-74.10458976,0.074941397,,18.709,17.8244
396215908,300.9739076,-74.06026678,0.26901799,,17.475201,16.5907
396251526,302.7408699,-74.36540181,0.18848,,17.312099,16.438601
331636526,305.8296466,-74.53858617,0.370056,,17.372,16.606501
1922152775,291.4968879,-75.24437077,-0.18944301,,19.0306,18.131001
1922195941,291.5345071,-74.33696473,0.013195,,18.8473,18.011
466694884,296.9359689,-74.53459454,0.242339,,17.459,16.592199
1922148998,295.787191,-74.89632248,-0.14338601,,18.731001,17.848499
1922122802,296.4515608,-75.9231022,-0.055301499,,18.6007,17.681101
1922145637,296.3627251,-75.0353733,0.229949,,18.669399,17.798599
1922178152,296.4509609,-74.01103107,0.0048339199,,18.6658,17.8971
1922165580,296.9117094,-75.12557326,-0.20009699,,18.59,17.7864
396251186,302.6040436,-74.89315924,0.20032001,,17.815701,17.019899
396251213,302.8887868,-74.86010507,0.19650801,,17.424101,16.750299
396251277,302.9201083,-74.77849459,0.234081,,17.801901,16.9277
396251354,302.8546106,-74.64616699,0.34976101,,17.8027,16.9303
1987887476,302.0996445,-75.49172199,-0.138041,,19.0016,18.1525
1987887403,302.0705185,-75.55469144,-0.24793699,,19.0257,18.2437
407923654,290.7096819,-74.83515833,0.27685899,,17.6297,16.7547
340846488,292.7675455,-75.94957934,0.40769801,,17.481701,16.747499
396251549,302.6160692,-74.33493206,0.261464,,17.755199,16.8773
469827331,302.3257983,-75.70018524,0.41622299,,17.487,16.542999
261424851,304.434749,-74.65892836,0.23684201,,17.0704,16.198999
466681935,295.3559694,-75.68829065,0.270403,,18.182301,17.2451
398446866,298.0822067,-75.828499,0.212514,,17.360201,16.406601
396289850,302.9169293,-74.12396554,-0.088369898,,18.2985,17.4547
469827383,302.5077852,-75.62008261,0.24089,,17.7206,16.8407
466694748,296.8500699,-74.3223346,0.137925,,18.1866,17.3384
466695400,296.8088474,-75.41688563,0.062481299,,18.053499,17.1651
396251424,302.6035322,-74.53079321,0.151232,,18.2439,17.4646
407923805,290.4953427,-74.61051418,0.201693,,18.5086,17.677999
340899299,294.2988796,-75.42754929,0.38375899,,17.334999,16.4853
261422012,303.9555958,-75.67015721,0.134453,,17.3234,16.4958
423264177,297.6497978,-75.47899789,0.24522001,,18.1073,17.316799
469827589,302.3975855,-75.19846956,0.19439501,,18.054501,17.1752
469821565,300.8959161,-74.49208639,0.31622201,,18.0117,17.108
469827365,302.359193,-75.64681725,0.360614,,17.677401,16.8125
340845274,293.07458,-74.20533967,0.352483,,17.9303,17.095301
466694640,296.7555677,-74.15137349,0.28966501,,17.842501,17.020399
404219072,303.4135752,-74.63396323,0.29399699,,17.042101,16.194201
396289842,302.8324662,-74.13105307,-0.225889,,18.508699,17.7479
404219603,303.4527961,-75.65263488,0.41466099,,17.0812,16.1952
407923663,290.6202861,-74.81319247,0.16411699,,18.053301,17.165001
469828118,302.3796121,-74.22591532,0.19144601,,17.8515,16.9608
340845735,293.0727375,-74.85487247,0.145356,,18.1681,17.2862
340900207,293.9244734,-74.09689113,0.063675903,,18.219101,17.368601
407924053,290.5891156,-74.24496855,-0.046995599,,18.192101,17.326799
466695128,296.7942551,-74.92992086,0.29683599,,18.001101,17.1432
396251558,302.9209117,-74.32786577,0.175144,,18.4487,17.5508
265126096,293.4785248,-74.0497821,0.0119201,,18.451599,17.6621
396247941,301.9501712,-74.25754854,0.29345599,,18.406799,17.5487
404219260,303.7246635,-74.94513952,0.13403399,,18.230101,17.3368
404219674,303.3571418,-75.81214304,-0.092992596,,17.9965,17.153099
469827608,302.2034129,-75.16506162,0.058561102,,18.362801,17.4636
469827932,302.2851109,-74.55908239,0.0209287,,18.4098,17.5418
261396330,303.7966151,-74.99243869,0.20181,,18.2642,17.3864
364135415,289.7675205,-74.16618219,0.282262,,17.008301,16.1402
340845126,293.0492458,-74.01236567,0.228718,,17.082399,16.2801
466695512,296.7536107,-75.60950079,0.48444301,,16.9384,16.050699
469811904,299.9792838,-74.35635277,0.21741401,,18.050501,17.1385
469824771,301.656328,-74.8481764,0.381522,,18.0555,17.139601
469828245,302.1619965,-74.00618952,0.398386,,16.778601,15.9284
407923028,290.5539776,-75.80091089,0.176855,,17.890499,16.9802
396246864,301.7715203,-75.96268842,0.181556,,17.3622,16.430901
396246923,302.1428649,-75.88064984,0.234163,,17.1418,16.220501
340845307,293.0953419,-74.25749688,0.278929,,17.345301,16.6099
404219420,303.3433963,-75.25737634,0.27844599,,17.021999,16.119499
466695171,296.8927067,-75.00564959,0.198571,,17.9653,17.1035
396215909,301.1565319,-74.06030257,0.30054599,,17.805099,16.893101
396251265,302.8047859,-74.79047612,0.38148099,,17.427299,16.626499
396289862,302.6911749,-74.10054064,0.38482901,,17.6726,16.792299
396247736,301.841621,-74.53034228,0.40703201,,17.383301,16.459999
331636796,305.7114608,-75.10978583,0.24314401,,17.120001,16.2691
1922140700,291.0697271,-75.70086531,0.058007602,,18.242201,17.3148
1922153226,292.046945,-75.06405207,0.188418,,18.2425,17.3755
404219048,303.6719278,-74.58622219,0.27427301,,17.372499,16.475201
404219103,303.5763304,-74.67662308,0.28561801,,17.2307,16.4641
404219567,303.723492,-75.59583051,0.47405899,,17.2453,16.318701
261395910,303.8073911,-74.18562907,0.110284,,17.150801,16.353701
261396206,303.912931,-74.73417444,0.25141299,,17.2309,16.5191
1922194881,291.8352997,-74.49315615,0.197724,,18.3202,17.5221
1922194884,291.8834291,-74.48035527,0.28093499,,17.775499,16.934099
1922196153,291.8258111,-74.18206399,0.20737199,,18.037001,17.1577
1922156681,293.6453531,-74.97530164,0.154608,,18.290199,17.4165
1922147416,293.9492291,-75.22180349,0.11083,,18.3554,17.445299
396248055,301.8112149,-74.09484732,0.49327099,,16.726999,15.8161
1987892056,300.7312294,-75.23886382,0.104589,,18.395201,17.490801
396247925,301.8670004,-74.27388475,0.45150301,,16.868,15.9576
1987900870,300.5978331,-74.34450805,1.69963,,13.9991,13.1008
1987887495,302.1529529,-75.49661367,0.27984601,,17.522699,16.6437
398447689,298.0086508,-74.48736196,0.42313001,,16.8151,15.9187
1987887560,302.364715,-75.44965028,0.23679601,,18.1299,17.3932
404219135,303.618329,-74.72854957,0.322045,,16.422899,15.5924
261395922,303.8028652,-74.20454092,0.344933,,16.8069,15.938
261395925,303.8525027,-74.20656568,0.36693099,,16.6775,15.8128
261396148,303.8082334,-74.65762159,0.37331599,,16.487,15.6684
364135328,289.8918663,-74.05976682,0.28140599,,16.992599,16.115299
340845816,292.7517423,-74.96096203,0.179877,,17.153799,16.2425
340899303,294.1916841,-75.42188409,0.14444099,,17.528299,16.6071
340900234,294.1465958,-74.06569594,0.403249,,17.1408,16.253799
396246990,301.927432,-75.76729578,0.21994799,,17.0133,16.0786
396247295,302.1447242,-75.2762862,0.35846499,,17.2635,16.376499
396247709,302.0179362,-74.56841108,0.41894501,,17.125999,16.198999
396246848,301.957461,-75.99121748,0.33881199,,17.0516,16.179399
396247495,301.8848,-74.95439248,0.219126,,17.2362,16.2938
1987876424,306.7520103,-75.71167582,0.28528601,,18.041201,17.299299
261396014,303.8155605,-74.36505654,0.354718,,17.0714,16.2356
1987876490,306.622175,-75.64479836,0.177801,,17.883101,17.303301
261396130,304.0934432,-74.62978977,0.55894399,,16.5555,15.7213
364135986,289.7357997,-74.91677893,0.55191702,,16.672001,15.797
340846304,292.9578312,-75.68594334,0.43062401,,16.910299,16.0228
404191585,294.7903687,-75.32039149,0.35013601,,16.971001,16.087099
404219114,303.598108,-74.69715473,0.279506,,16.8367,15.9693
261396041,303.814432,-74.40967909,0.257664,,16.799101,15.9125
261396423,303.7629781,-75.16407138,0.50687498,,17.017,16.1227
364135763,289.8829537,-74.63047728,0.27436399,,17.0299,16.186199
340846052,293.0778313,-75.2973711,0.258452,,17.0865,16.2218
396247604,301.8358835,-74.7680478,0.49478999,,17.090599,16.223101
404219060,303.7335159,-74.60417824,0.263522,,17.0245,16.182199
340846350,292.8396993,-75.75937785,0.56517202,,17.0161,16.203501
396247584,302.0335562,-74.79174195,0.415986,,17.427299,16.511
404219104,303.7001567,-74.67683679,0.46094701,,17.395399,16.638201
404219177,303.7159212,-74.79725702,0.27479401,,17.0525,16.187
265125466,293.8722899,-74.95383891,3.88288,,10.2728,9.5522604
265125368,293.8462218,-75.1071604,6.1459699,,11.4222,10.5709
396211709,300.206375,-74.67187649,2.3919499,,12.1684,11.296
469824866,301.6130115,-74.98770445,1.02264,,12.456,12.0851
261396405,304.0807573,-75.13926449,0.428532,,17.260799,16.368299
261396407,304.043584,-75.14397347,0.43360701,,17.3342,16.4666
265125213,293.6993602,-75.36977221,4.10601,,11.6531,10.8032
466691253,296.5090595,-75.11399301,1.4445601,,13.4861,12.7184
396212021,300.4306337,-74.19903453,1.14224,,13.3592,12.5041
364135985,289.8773832,-74.91539517,0.374953,,17.379601,16.6134
469825342,301.5102123,-75.91236534,1.00028,,13.3829,12.5539
265124928,293.8978544,-75.84440188,1.48318,,13.6717,12.7436
265125937,293.6983437,-74.27260915,1.11008,,13.8009,12.9177
340846398,292.8591703,-75.82679366,0.27628499,,17.3892,16.479601
466691652,296.5835102,-74.38518078,1.63387,,12.8806,12.0686
466691635,296.6435673,-74.41949946,1.0309401,,13.03,12.2769
469824774,301.6503504,-74.85024794,1.74448,,13.2938,12.453
340899577,294.0628918,-74.99405884,0.251901,,17.382999,16.5063
340900022,293.988088,-74.33790943,0.199108,,18.037901,17.140499
469824884,301.6511894,-75.00636542,1.3432699,,13.701,12.8926
466691683,296.6518963,-74.33211347,0.28179201,,16.5914,15.8434
265125615,293.8145007,-74.73665596,0.49154699,,16.8346,15.9803
404190822,295.0203577,-74.02258209,0.32426199,,17.621401,16.744699
404191193,294.7494499,-74.59640089,0.244137,,17.3447,16.5439
265125644,293.6635161,-74.68870785,0.55717999,,15.8141,14.9431
466691632,296.3038509,-74.42330226,0.33665699,,15.3593,14.7476
398447566,298.1651318,-74.69955183,0.34446201,,17.517599,16.631701
396215243,301.3036601,-75.09932012,0.566944,,16.0075,15.0729
396215929,301.0411662,-74.02904367,0.70224702,,15.8716,14.9666
469824333,301.7004345,-74.00929498,0.61237001,,15.5758,14.7295
265125721,293.6083283,-74.56711229,0.31776899,,16.500999,15.6828
404194563,298.6328668,-74.76727459,0.29524001,,17.4676,16.535999
396247157,301.9747256,-75.51655851,0.228572,,17.375401,16.5077
396247256,302.0953488,-75.3260786,0.25659999,,17.305201,16.6992
469824545,301.4760188,-74.38591747,1.13713,,14.4066,13.5374
396247834,301.9590324,-74.39642847,0.247264,,17.6609,16.875999
469824831,301.6421236,-74.94190083,1.19478,,14.5935,13.6799
396247874,301.8265987,-74.34877004,0.213985,,17.2621,16.4673
265124961,293.6798517,-75.77106503,1.22519,,14.0263,13.1989
265125596,293.6832607,-74.76098938,1.52525,,13.9729,13.0791
265125612,293.5632025,-74.73991421,0.59355998,,15.8429,14.9375
396247032,301.9274838,-75.71610553,0.39809901,,17.9356,17.024599
396247220,301.9603551,-75.38751602,0.364079,,18.202,17.2978
466691135,296.380678,-75.33839504,0.904589,,14.241,13.4346
466691180,296.3519193,-75.24997383,1.07696,,13.7975,12.989
466691351,296.6488206,-74.92090573,1.15107,,14.1568,13.2704
466691478,296.5924093,-74.68344449,1.27903,,14.4341,13.6204
396247276,302.0878124,-75.29868586,0.230453,,17.2134,16.4984
396247282,301.9900824,-75.28826132,0.30437499,,17.7208,16.8529
396247450,302.0255451,-75.0397132,0.34427601,,17.542601,16.6245
396247547,301.8437793,-74.85728315,0.31057,,17.2192,16.374901
1987894412,302.4461573,-74.76954633,-0.32368699,,19.2288,18.3491
396247661,302.1456487,-74.64006529,0.068071097,,17.5392,16.6616
469824348,301.4254725,-74.03474032,0.80433899,,14.6382,13.8004
469824498,301.7164069,-74.2972744,0.83967698,,15.4228,14.5088
469824656,301.5811798,-74.59866025,0.62862098,,14.8028,13.8766
396247991,301.963128,-74.16779866,0.19333,,17.494499,16.589399
404218981,303.4574322,-74.46209702,0.197329,,17.3978,16.6854
469824674,301.5152906,-74.63687243,1.03914,,14.0566,13.2426
469824736,301.696099,-74.78724816,0.54657799,,15.6971,14.7971
404219156,303.4555684,-74.75649122,0.50406802,,17.687,16.8428
404219258,303.649169,-74.94370909,0.254058,,17.119301,16.2215
265124954,293.5870266,-75.78446541,0.81563598,,15.5146,14.7052
265125090,293.5947966,-75.56320298,1.10633,,14.5852,13.6916
404219605,303.5993107,-75.65651354,0.29760501,,17.544901,16.634199
1922159625,293.9220497,-74.63209199,-0.102292,,19.1082,18.201
265125506,293.7992553,-74.89189266,0.086623102,,15.8639,15.1358
265125719,293.7078698,-74.56885986,0.55594897,,15.4501,14.598
466690998,296.4090858,-75.61177523,0.75443703,,15.7446,14.8461
466691087,296.2764313,-75.43158139,0.68700802,,15.6137,14.8142
466691383,296.2858445,-74.85930639,0.65600598,,14.3086,13.4493
466691378,296.6229596,-74.86983528,0.720505,,15.1221,14.3211
466691517,296.6381788,-74.61450663,0.437388,,15.6223,14.7745
261395972,304.0453137,-74.29770608,0.31029299,,17.676399,16.815001
261396285,303.7787545,-74.90529396,0.24917001,,17.431499,16.556101
466691738,296.3036528,-74.2451468,0.624699,,16.078199,15.1952
466691741,296.5343647,-74.24087351,1.05322,,14.3814,13.5176
261396448,303.7599803,-75.20045975,0.27892399,,17.457899,16.6537
261396513,304.0191656,-75.31073849,0.222849,,17.296101,16.4622
265125933,293.7944986,-74.27681916,1.33891,,13.6053,12.8421
364135435,289.7369165,-74.19709581,0.310305,,18.3587,17.4513
1922139500,291.1682256,-75.867005,0.127142,,18.743799,17.822901
1922140303,291.057969,-75.85220536,0.17756499,,18.745399,17.896601
1922151006,291.1019949,-75.58179725,0.15374,,18.616501,17.796499
340845641,292.9203518,-74.72688702,0.265596,,18.101299,17.240601
1922137043,291.9077506,-75.98382976,0.19117901,,18.5676,17.695801
1922151693,291.9154316,-75.38518184,-0.100566,,18.554899,17.6654
1922160576,292.0415128,-74.87526485,0.150911,,18.436399,17.670401
340899729,294.2863091,-74.7685485,0.46352199,,17.966101,17.0466
1922194905,291.8214569,-74.45804004,0.071218103,,18.6593,17.7925
398447779,298.0687003,-74.35781873,0.13146301,,17.699499,16.7978
1922145954,293.5571733,-75.48713013,0.164095,,18.774599,17.9314
1922147495,293.7976393,-75.18390683,0.27585801,,18.212299,17.442801
1922163302,293.7215872,-74.35971216,-0.148305,,18.7071,17.845301
396246973,302.0019953,-75.79950278,0.0257945,,17.8244,16.869499
396248039,301.9964759,-74.11511308,0.22920699,,18.0243,17.146
1922164584,293.6617189,-74.10622932,0.0060017798,,18.819201,18.0298
1922164588,293.6606482,-74.08511887,0.240116,,18.4147,17.547199
1922156648,294.0432484,-74.95104448,0.186463,,18.424601,17.5156
1922159715,293.9729691,-74.56629104,-0.036864299,,18.663601,17.9149
1922163331,293.9715761,-74.35481112,0.14673901,,18.486,17.579399
1987898180,300.996563,-74.48871416,0.22757401,,18.6175,17.704599
1987900980,301.1990273,-74.26204016,0.096708097,,18.4867,17.705799
340845120,292.7495554,-74.00358569,0.26095399,,17.8125,16.980301
364135716,289.632435,-74.56110991,0.46924001,,17.5977,16.7047
1987887239,302.3330648,-75.56022055,0.140213,,18.731501,17.862301
1987888259,302.4334394,-75.37042696,0.042941101,,18.303699,17.524401
1987888352,302.3951924,-75.2664814,0.234194,,18.605101,17.748301
340845153,292.9312586,-74.04855028,0.219816,,17.4979,16.6684
340845232,293.0940393,-74.15108425,0.13855299,,17.7152,16.9536
340845277,292.9191021,-74.20881281,0.305787,,17.5028,16.621201
340845623,292.7618865,-74.69423465,0.29113099,,17.804501,16.907
340845661,292.7444428,-74.76135795,0.181765,,17.323099,16.4799
340845726,293.0405132,-74.84183096,0.218528,,17.620199,16.754101
340845916,292.744427,-75.12332832,0.31615701,,17.6528,16.7528
340846257,292.8159554,-75.62340614,0.148431,,17.750999,16.9531
404190949,294.9323656,-74.20380558,0.207414,,17.627001,16.755699
1987876608,306.5112377,-75.66388481,0.024731001,,18.6476,17.779301
1922139277,291.9972746,-75.93462415,0.184177,,18.9347,18.0306
404191583,294.9208263,-75.31827855,0.27855399,,17.454599,16.542299
398447567,298.0032278,-74.69896473,0.222716,,17.368099,16.467199
398447941,298.1776799,-74.106985,0.062218498,,17.987,17.1122
404194188,298.4595872,-75.36797983,0.121249,,18.039499,17.1376
396247044,301.7711528,-75.69377299,0.31654599,,17.253401,16.385799
396247291,302.039832,-75.27858895,0.31338301,,17.9286,17.0867
396247345,301.8103527,-75.2009427,0.199128,,17.641001,16.783899
396247390,301.7796757,-75.12527191,0.44550499,,17.655701,16.741501
396247421,301.7815849,-75.07506955,0.29924101,,17.388,16.518
396247537,301.9555768,-74.88117283,0.49739,,17.5555,16.632999
1922153304,291.9384231,-75.01823964,0.041025002,,19.022301,18.155001
1922146274,293.9257942,-75.51629369,-0.193106,,19.123699,18.250401
396248107,302.0850312,-74.01626572,0.20063899,,17.7974,16.882
396246869,301.8240686,-75.95867721,0.255283,,18.002199,17.0863
396246879,301.8967215,-75.9422543,0.350003,,17.698,16.755899
396247135,301.8004557,-75.55804336,0.232528,,17.752501,16.874201
396247506,301.8219772,-74.94319712,0.112933,,17.6737,16.7847
396247511,302.002224,-74.93621941,0.31124401,,17.800501,16.8899
396247701,302.1082061,-74.58353769,0.16397101,,17.642099,16.7812
1922141882,294.0116676,-75.81235701,0.063936204,,18.961201,18.0214
396247885,301.8988017,-74.3276968,0.25321701,,17.434401,16.527201
396248013,302.102558,-74.14326451,0.20020901,,17.540501,16.737499
396248044,301.983616,-74.10581871,0.17220201,,17.582399,16.7092
396248124,302.0078008,-74.00035348,0.096271597,,17.758699,16.853901
404218959,303.4865959,-74.40782505,0.112053,,17.885799,17.0277
404219285,303.6793509,-74.98870053,0.106744,,17.607,16.7073
404219310,303.682377,-75.0349512,0.29784101,,17.981701,17.129101
404219330,303.5032601,-75.07997515,0.32227299,,17.380699,16.5165
404219626,303.4724675,-75.72098155,0.315929,,17.2619,16.420401
469824552,301.5292515,-74.39470176,0.240005,,17.5567,16.651501
469824614,301.6188592,-74.51348972,0.263547,,17.6017,16.712
469825053,301.7592998,-75.31510514,0.367706,,16.708099,15.9269
265125225,293.6171809,-75.35223323,0.290456,,17.064301,16.1861
404219703,303.3346861,-75.8949118,0.52141398,,17.7451,16.813499
404219738,303.6352039,-75.95533112,0.149266,,17.181299,16.323299
261395870,303.8014756,-74.11263408,0.27986401,,17.7756,16.910999
261396357,303.8251882,-75.04800934,0.0412907,,17.7484,16.879
261396424,303.9517666,-75.16553197,0.084263802,,17.884701,17.039101
261396556,303.8196522,-75.39669685,0.165548,,17.849199,17.061199
261422023,303.7539236,-75.69150456,0.208554,,17.6355,16.7421
265125389,293.842009,-75.07661793,0.24215899,,16.943501,16.1464
265125367,293.8362845,-75.10786082,1.11104,,14.2012,13.4094
469824655,301.4747515,-74.59378776,0.477043,,16.8461,15.953
261422072,303.8435592,-75.78203344,0.184439,,17.412399,16.664801
261424380,304.2146199,-75.4544933,0.22213601,,17.6408,16.746099
261425037,304.2480632,-74.26470925,0.20025299,,17.6695,16.8015
265125227,293.8552301,-75.34552673,0.24487001,,17.0529,16.161699
265125905,293.8855895,-74.31636375,0.372311,,16.9613,16.098499
466690899,296.4218831,-75.83214625,0.36713001,,16.904699,15.9747
466691305,296.4013853,-75.01846076,0.45631799,,16.7661,15.8987
265124978,293.7065778,-75.73169407,0.284172,,16.994699,16.069
396214733,301.2084124,-75.93913349,0.48710001,,18.7241,17.8193
404266590,308.8014284,-74.52293462,0.498023,,18.056999,17.1731
466691251,296.2768356,-75.11708656,0.38752899,,16.7887,15.9122
466688955,295.9188126,-75.99670547,0.48128501,,16.557199,15.5924
1922140653,291.2271751,-75.69972119,0.0126709,,18.980801,18.0536
396211870,300.3665587,-74.42617733,1.50221,,14.1136,13.2375
1922161812,291.8873909,-74.67863696,-0.168924,,18.626101,17.7384
1922196596,292.0322595,-74.11440019,0.095975198,,18.6943,17.8585
404191096,294.7854722,-74.43050119,0.457937,,17.7089,16.8078
398447894,298.1459526,-74.18187012,0.124553,,17.1471,16.7607
1922147768,293.6952882,-75.0987331,0.181766,,18.795401,17.9286
1922156657,293.7112507,-74.99549495,0.034152798,,18.811001,17.9039
1922159704,293.7253463,-74.57556715,-0.067038402,,18.4202,17.566
396211663,300.6372993,-74.74781311,0.121815,,17.8909,17.443001
469824452,301.4606533,-74.19834594,0.33657899,,16.313999,15.4692
404219366,303.6433494,-75.14318101,0.30616,,18.315201,17.473
261396251,304.1891432,-74.84314573,0.241946,,18.3158,17.4611
1922164937,294.1984694,-74.06982848,0.0632765,,18.7479,17.9354
404266645,308.455291,-74.60237866,0.43112299,,18.1168,17.307899
469824801,301.7032759,-74.9002782,0.83052301,,15.7389,14.8091
265125137,293.5305948,-75.48685047,0.75737,,15.8741,14.9853
265125194,293.6493572,-75.41115641,0.749026,,15.7813,14.8721
265125513,293.8072206,-74.88102483,0.494313,,16.3407,15.4296
265125850,293.6681069,-74.39513307,0.46864301,,14.2907,13.9435
404267269,308.5826191,-75.99225225,0.195308,,18.6726,17.873699
261425152,304.2868706,-74.06287901,0.186984,,18.156799,17.430201
466691032,296.5596657,-75.55601887,0.55649298,,16.3902,15.4928
1987881710,300.6309752,-75.87032564,0.015935199,,18.690001,17.8365
1987892593,300.448318,-74.90527272,-0.095689602,,18.739599,17.803499
1987900874,300.7159208,-74.33374688,-0.052821498,,18.8386,18.042299
1987880611,302.5706758,-75.91830015,0.185508,,18.8118,17.9186
401603399,313.8522266,-74.74177239,0.33995199,,17.9965,17.2903
401603576,313.8588104,-74.35815854,0.42505601,,17.7374,16.9884
331633754,305.4262501,-74.11601045,0.462396,,17.900101,17.188101
401575094,313.5921109,-75.94101066,0.400471,,18.426901,17.5989
401603285,313.7958516,-74.97256073,0.30675101,,18.4496,17.5963
1987887414,302.2994024,-75.53853618,0.127976,,18.862499,17.968599
1987887577,302.3494411,-75.43100363,-0.022054801,,18.7878,18.012699
1987888232,302.3437438,-75.39823184,0.0114038,,18.863899,18.0333
1987888524,302.3115287,-75.25555421,-0.090179697,,18.7815,17.9788
1987888910,302.3425869,-75.17330187,0.0221308,,18.9219,18.0938
1987873519,306.7080537,-75.97212799,-0.205992,,18.804701,17.9998
1987873765,306.5542703,-75.88464928,-0.150346,,18.816099,18.0128
469824698,301.5517595,-74.70369622,0.43867701,,16.8647,15.9389
340846411,292.7894239,-75.8389785,0.183191,,18.0669,17.156099
265125209,293.698278,-75.37476225,0.317379,,16.297899,15.42
466690934,296.2746552,-75.73792395,0.39939299,,16.6714,15.7656
1922169815,296.1466435,-74.83058927,0.292054,,18.6138,17.8876
404219045,303.6849131,-74.58352202,0.188228,,17.723101,16.9186
396215304,301.364581,-74.99047207,0.36912599,,16.7987,15.9101
364115459,289.5047902,-74.83800946,0.40681601,,18.2272,17.402599
340787499,292.1107571,-74.40818907,0.60457498,,18.005501,17.1404
1922171013,296.0249052,-74.59911468,0.291583,,19.586599,18.8463
1922171207,296.3398632,-74.50503074,-0.169811,,19.793301,19.123699
265125936,293.8064967,-74.27341168,0.25032401,,16.7229,15.8267
396211904,300.2098759,-74.37811823,0.34782299,,17.9846,17.2616
466691407,296.3602739,-74.81343412,0.40220401,,16.3517,15.6353
396211900,300.5206182,-74.38805523,0.36301401,,16.4793,15.6259
396215466,301.1572675,-74.72382064,0.51843202,,16.094299,15.2936
1922177817,296.2417081,-74.12593222,0.108084,,18.775801,17.9792
340846428,293.0291741,-75.86194162,0.289848,,17.752501,16.8729
404191058,294.7897578,-74.36946791,0.34918401,,17.481899,16.6399
423263546,297.4835487,-74.201011,0.17147499,,17.7272,16.862101
469824544,301.6050395,-74.38359801,0.35565799,,17.047899,16.2162
1922120252,297.5470599,-75.7685647,-1.1733299,,20.403799,19.482
1922130630,297.5907355,-75.35501894,0.47581401,,18.332001,17.3951
466691739,296.5824221,-74.24501242,0.44357899,,17.036699,16.1672
396248048,301.9779475,-74.10206838,0.093497999,,17.9522,17.0578
1922165360,297.6858666,-75.15932219,0.53576201,,17.996401,17.190599
1922165808,297.7689908,-75.06327693,-0.26019299,,20.1534,19.3361
396247368,302.1300572,-75.16123585,0.13984101,,18.0921,17.2589
466690902,296.4781134,-75.82962815,0.34924299,,17.1896,16.3435
466691677,296.2714083,-74.34111636,0.119803,,17.9426,17.0571
261395857,304.0571511,-74.09558628,0.249176,,17.587601,16.8946
261395914,303.7620965,-74.19449007,0.391119,,17.4951,16.682699
1922167106,297.8349,-74.75037395,-0.41567701,,20.239401,19.4597
1922167299,297.6925271,-74.76222239,0.180904,,19.8979,19.0026
469824386,301.5760924,-74.08576568,0.184265,,17.376801,16.4578
261396464,303.8961099,-75.22605849,0.34748501,,17.820999,16.928301
261396557,303.8689314,-75.39771467,0.34890699,,17.6157,16.8626
364135960,289.7478293,-74.88772649,0.107972,,17.1646,16.2882
469824524,301.4762552,-74.3557464,0.36888799,,16.5399,15.6595
469824564,301.6347479,-74.4118022,0.198364,,17.192801,16.352301
469824587,301.7205562,-74.45638097,0.28136399,,16.904499,15.9845
469824589,301.7167729,-74.46123557,0.43608901,,16.913799,16.091
469824678,301.7334926,-74.64362835,0.46547499,,16.8869,15.9693
1922173266,297.7264655,-74.10426674,-0.17839999,,20.295601,19.4727
469824702,301.7213591,-74.70759071,0.238537,,16.7432,15.9143
1922127182,298.4616691,-75.83770865,-0.15486901,,20.1805,19.349001
1922127964,298.46746,-75.78281103,0.35570401,,18.7271,17.877399
1922128037,298.4957666,-75.68065107,-0.61545801,,20.2237,19.403799
469824799,301.6838736,-74.89785104,0.34275201,,17.0117,16.1553
469824786,301.5605011,-74.87619429,0.42912301,,17.0151,16.084801
1922130217,298.4906428,-75.33668782,-0.65269703,,20.4161,19.492399
1922131010,298.403676,-75.24825992,-0.26109701,,20.4391,19.521799
364136256,289.6097089,-75.32922686,-0.192489,,17.8102,16.9508
364136497,289.8335694,-75.73435983,0.35971501,,17.5292,16.6257
340845855,293.0158971,-75.01890837,0.31780499,,17.478901,16.5966
340846195,292.7623634,-75.53336409,0.28310001,,17.6929,16.7864
1922167750,298.5844954,-74.81561402,0.179998,,20.3046,19.358299
265124956,293.7799137,-75.78359804,-0.030549999,,18.262501,17.3482
340846514,292.8394621,-75.99719756,0.16999499,,17.462799,16.829599
396247559,301.8856988,-74.83695163,0.0430432,,17.8146,16.9011
396247797,301.8804582,-74.44583722,0.26981899,,17.934601,17.1159
396246850,301.7700033,-75.98728652,0.402266,,17.909401,17.018499
265125280,293.8655708,-75.25937259,0.036763199,,17.3234,16.5749
396247216,301.8068593,-75.41189988,0.37954399,,17.385599,16.594101
396247890,301.7960493,-74.3225332,0.0790103,,17.884501,17.099199
404218972,303.4828169,-74.44104552,0.20235801,,17.4189,16.552
1922172585,298.490633,-74.22174689,0.060355,,19.864799,19.065701
1815615773,289.316897,-75.78322634,0.39826199,,19.500601,18.6022
1815616152,289.3184474,-75.74909922,0.41598299,,19.339701,18.4639
404219599,303.4327475,-75.64700893,0.086278297,,17.325001,16.593399
261395979,303.890146,-74.31087058,0.267903,,17.7425,16.8451
261396104,303.7556791,-74.54695449,0.16858099,,17.2365,16.5604
1922173352,298.4337607,-74.12997643,-0.0457801,,20.206499,19.3556
1815616638,289.7002365,-75.68185025,0.096969001,,18.771099,17.9958
261396659,303.7896105,-75.57659757,0.348883,,17.354601,16.439301
261424818,304.1520895,-74.72929051,0.156938,,17.791,16.9083
364135723,289.938276,-74.57028016,0.044162299,,17.9725,17.133499
1815617230,289.1060445,-75.54303305,0.61500001,,19.4431,18.547199
1815617232,289.1237902,-75.54108646,-0.43004799,,20.5105,19.724001
1815617781,289.4482531,-75.44749279,0.34427199,,19.8664,19.036301
1987883351,301.5301866,-75.35595919,0.190447,,18.1353,17.630501
1987898121,301.3558558,-74.51885078,-0.134275,,20.0252,19.1646
396215699,301.2081068,-74.35635591,-0.186735,,17.987,17.336599
364136143,289.5392021,-75.14006204,0.19223601,,18.086201,17.233
340899479,293.9103752,-75.14164135,0.021374,,18.0075,17.1388
340900023,293.9295509,-74.33335499,0.108294,,18.2101,17.3004
404191595,295.0326981,-75.3334849,0.25457701,,18.080799,17.1618
1815618009,289.4837704,-75.3684209,-0.62061101,,19.8552,19.201799
1988031458,308.8426436,-74.01583731,-0.090175197,,20.5105,19.665501
423263541,297.698157,-74.19061248,0.29330501,,17.622601,16.774
396247228,302.2019208,-75.37254909,-0.1152,,18.3326,17.450399
1922176168,296.207319,-74.46796734,-0.00133947,,19.7586,18.943899
1922177998,296.0287486,-74.13588457,0.172469,,19.9865,19.099501
1815619029,289.5127788,-75.23901263,0.3159,,19.3249,18.4725
1815619101,289.4088165,-75.20871385,0.50449699,,18.982901,18.135
1815619333,289.212071,-75.18098274,0.183852,,19.011101,18.2565
1815619334,289.2442006,-75.17139588,0.054982301,,19.707899,18.8503
1922167400,297.6828546,-74.65778039,0.174593,,20.0187,19.137199
1815619354,289.2923591,-75.15473388,-0.227668,,19.7407,18.9662
1815619355,289.2820323,-75.15480325,-0.21933199,,19.7278,19.059099
1815619447,289.2696052,-75.1221276,0.29317999,,19.554399,18.7493
396248000,301.7373497,-74.15584056,0.019429401,,18.4482,17.5986
396247272,301.9409982,-75.30718249,0.122464,,18.7325,17.8764
1922171094,296.1341568,-74.54404705,-0.633609,,19.5961,18.733299
1922176161,296.1698401,-74.47916676,0.16129801,,19.5455,18.8361
1922176178,296.1110046,-74.46845733,0.0519026,,19.752001,18.909
1815619471,289.285361,-75.08465021,0.46215299,,18.584499,17.7423
1815619596,289.5093421,-75.05030274,-0.65046698,,19.945101,19.121901
1815619597,289.5344334,-75.04035019,-0.14982501,,19.0613,18.340599
404219022,303.6857911,-74.54881798,0.051689699,,17.9527,17.1089
404219077,303.3776324,-74.64053106,0.36486101,,18.088301,17.2344
1922177338,296.0993786,-74.20650849,-0.021685701,,19.705099,18.819901
1815703760,289.3178007,-75.00833995,0.19987699,,19.077999,18.246099
1815703752,289.4910108,-75.00487507,0.159694,,18.718399,17.9307
1815703835,289.4647455,-74.97337997,-0.48163801,,19.753599,18.932199
404219134,303.4055793,-74.72769278,0.246235,,18.232401,17.4471
404219464,303.5476462,-75.34783198,0.391653,,18.0688,17.184401
404219615,303.7016621,-75.68846138,0.30837199,,17.761101,16.9732
1922166119,297.754051,-74.94208852,0.46809199,,19.6175,18.796499
1922170261,297.7134796,-74.63232527,0.115023,,19.709299,19.0378
1815703850,289.3538093,-74.9570883,0.075253896,,19.322201,18.4321
1815704078,289.3854896,-74.91693428,-0.21225999,,19.521099,18.6873
261422125,303.8666502,-75.88784003,0.096756503,,18.136801,17.245399
261422150,304.1030267,-75.9394119,0.14994501,,18.053301,17.2715
1922167536,298.3977536,-74.87980743,-0.058352102,,19.706699,18.768499
1922167541,298.5528135,-74.85264526,-0.25695699,,19.812401,18.863001
1987883349,301.439071,-75.37589221,0.44369,,19.5933,18.793301
1987901987,301.427455,-74.19570982,0.081270903,,19.5812,18.6849
1815704180,289.4590023,-74.85104453,0.0771164,,19.9139,19.166201
1922148982,296.1509024,-74.86521504,0.38968599,,19.7582,18.894699
1922170672,296.1028105,-74.74968461,-0.0272836,,19.4984,18.907499
1922176225,296.0964679,-74.41779546,0.57172298,,19.589199,18.7125
1922178058,296.1669093,-74.0488302,0.15787099,,19.847099,19.032101
469820857,300.6515158,-75.91245138,-0.038636301,,18.613501,17.719299
1815705206,289.3529821,-74.81454539,0.117382,,18.8678,18.1085
1815705214,289.3832096,-74.79586994,0.16085,,18.728001,17.9643
1922166928,297.7714449,-74.85665311,0.37573299,,19.7904,18.881201
1922178855,297.9168089,-74.02389982,-0.19539399,,19.468599,18.6504
1815705312,289.3269156,-74.72983488,0.32796299,,18.7421,18.026501
1922171948,298.5208135,-74.41416063,-0.38040999,,19.636499,18.826401
1987883052,301.4274533,-75.53819711,0.042914402,,19.553301,18.818501
1987975729,310.7805807,-74.03852881,0.060011201,,19.4846,18.8153
1922176274,296.2076883,-74.36308665,0.43502599,,18.9881,18.2286
466691513,296.364844,-74.62439125,0.53873098,,16.5247,15.6609
404191591,294.9672202,-75.32907722,0.10067,,18.1623,17.379801
423263663,297.5395113,-74.4369764,0.113704,,17.7988,16.945499
423263837,297.6150202,-74.75495996,0.147983,,17.746599,16.9946
1815709328,289.3372048,-74.52009944,0.433162,,19.1164,18.2103
1922167294,297.6678318,-74.76824205,0.25172001,,19.0753,18.2798
1922130164,298.410713,-75.40286422,0.32778099,,18.916599,18.052999
1922168860,298.5211783,-74.53830626,0.163146,,18.977501,18.1
1922178064,296.295975,-74.03294215,0.26831901,,19.496,18.676901
396247207,302.0371487,-75.42932857,0.093878701,,18.6429,17.7796
466691785,296.2938672,-74.17359794,0.35932299,,16.6297,15.7912
1815709577,289.3701644,-74.45600355,0.183301,,20.0163,19.134199
1815709601,289.344817,-74.41774798,0.375866,,19.757099,18.880899
1922168623,298.616718,-74.6361273,-0.583534,,19.6483,18.765499
1922168698,298.5506413,-74.5774465,0.063362598,,19.686501,18.888901
396247077,302.134804,-75.66032939,-0.049935501,,18.509399,17.591299
396247356,301.8201046,-75.18608662,0.195801,,18.153099,17.3311
396247548,302.1901821,-74.85636405,0.126674,,18.4526,17.5714
396247751,301.8976884,-74.50600093,0.239998,,18.6255,17.7318
396247865,301.9048445,-74.3602147,-0.0566778,,18.4482,17.7134
265125347,293.7739468,-75.13836819,0.343427,,16.873899,16.025299
1815709680,289.420827,-74.34615179,0.22352199,,19.4858,18.5734
1987882219,301.2088775,-75.70853925,-0.174069,,19.4613,18.6565
1922148694,296.2309182,-74.96439116,-0.395789,,19.1796,18.497101
1922170670,296.1661685,-74.7441617,-0.113878,,19.1992,18.3941
1922177842,296.2791495,-74.11582615,-0.25373799,,19.207199,18.450199
1922178110,296.1996475,-74.01776081,0.284188,,18.8699,18.1542
1922166060,297.7171765,-74.97155313,-0.037733,,19.0933,18.333401
1922166127,297.820984,-74.91923374,0.20961601,,19.072399,18.2013
1922167425,297.8155782,-74.64051947,0.215762,,19.4093,18.510201
1922172031,297.6653657,-74.49042044,0.40449801,,18.768801,18.0546
404218983,303.4162945,-74.4629114,0.38737801,,18.1682,17.288601
404219155,303.6208336,-74.75604757,0.27590099,,17.971901,17.1791
1815710469,289.3180757,-74.12976401,-0.024436999,,19.4335,18.5921
1815710472,289.3490983,-74.11984472,0.123189,,19.6355,18.765301
1815710487,289.5450121,-74.13078195,-0.40297499,,20.0732,19.247299
1815713703,289.3503134,-74.06892391,-0.96117598,,20.832399,19.954201
1815713775,289.2481874,-74.04177353,-0.0133928,,19.5033,18.6943
1815713991,289.3047638,-74.00173923,0.091337599,,19.3022,18.416201
1922173715,298.4903989,-74.01176942,0.02513,,19.0926,18.3097
1987897450,301.5894664,-74.58021102,0.16508099,,18.8822,18.069099
1987902338,301.2513797,-74.01483639,0.46031299,,18.909901,18.118799
404219380,303.5091016,-75.1699953,0.37260699,,17.934,17.136801
261395929,304.0684892,-74.21672787,0.174876,,18.530001,17.6646
261396447,304.150726,-75.20025505,0.17913701,,18.4181,17.617001
469824650,301.7542745,-74.58239507,0.417265,,17.341499,16.436701
1922170276,297.808618,-74.58573162,-0.157794,,19.3997,18.494499
1922172033,297.6919057,-74.47873112,0.230812,,19.334999,18.537201
1922172131,297.7073132,-74.38169698,0.34698799,,19.1994,18.392401
1922149555,294.9269117,-74.86689736,-0.154378,,20.2085,19.4209
1922149608,294.9436821,-74.84390207,0.117163,,20.375601,19.4827
261424722,304.4483104,-74.88556546,0.235039,,18.2953,17.4753
1922172837,297.7361431,-74.3158204,0.43928301,,19.053499,18.1957
1922131434,298.3465383,-75.05984135,0.052447598,,19.421301,18.549601
1922167535,298.3981893,-74.88292356,-0.047890101,,19.4384,18.627199
1922168618,298.4860065,-74.64783652,0.35836801,,19.4044,18.527399
1922171943,298.5657679,-74.41312538,0.35997099,,19.175301,18.3463
364136262,289.5521631,-75.34293925,0.16895001,,18.365999,17.5193
340845320,293.0809574,-74.26754749,0.197087,,18.3699,17.497101
1922149610,294.9864633,-74.8335316,-0.067307003,,19.0355,18.208599
1922149613,294.9679009,-74.81890474,0.0295157,,20.2423,19.3857
265124960,293.768231,-75.77347828,0.28668001,,17.5466,16.6257
265125136,293.7931955,-75.48726018,0.108239,,17.6292,16.845301
265125206,293.7882775,-75.37879784,0.153574,,17.8263,16.936899
1922159009,294.8948967,-74.66328645,-0.108578,,19.070801,18.2918
1922159102,294.9367563,-74.59119522,-0.58683503,,19.7794,19.152399
396247372,302.074226,-75.15625434,0.0327354,,18.3892,17.5394
396247871,301.9742653,-74.3496639,-0.035481401,,18.599501,17.735701
1922159947,294.8382162,-74.50694123,-0.237093,,20.525499,19.6402
1922159948,294.8212835,-74.50546483,0.00622109,,19.1665,18.5387
1987883346,301.4209736,-75.37578796,-0.20076901,,19.1359,18.369801
340900120,293.9462474,-74.19940799,0.130807,,17.8556,16.990499
404191609,294.7683908,-75.3496729,0.37259799,,18.0404,17.1299
1922159938,294.9865551,-74.49472829,0.17873199,,19.25,18.447399
1922159956,294.9873258,-74.48940442,-0.33755201,,19.9645,19.1008
1922160218,294.8301187,-74.43033783,-0.051888701,,19.799299,19.075899
1922160220,294.8767958,-74.41913337,0.367558,,19.3298,18.4433
398447099,298.202635,-75.41228129,0.20665701,,18.359301,17.409201
396247536,302.0118679,-74.88169485,0.221854,,17.906601,17.0236
261396264,304.0745257,-74.8659967,0.26891801,,18.2355,17.345501
1922129498,297.7013654,-75.60814946,0.33833599,,19.457001,18.510799
1922166065,297.8525372,-74.95973783,-0.040312599,,19.678699,18.8708
1922163618,294.8174997,-74.26391194,-0.031765699,,19.5131,18.6311
1922163622,294.7661295,-74.25912804,0.184806,,19.882299,19.0844
364135761,289.7261156,-74.62999281,0.036774401,,17.319201,16.6696
1922163914,294.9313991,-74.12212033,0.220171,,19.464001,18.611401
1922163924,294.8662692,-74.12538429,-0.90772903,,19.3258,18.847799
364136662,289.6987306,-75.97336364,0.2854,,17.844101,16.93
396211783,300.56867,-74.54471349,0.39989799,,17.613899,16.7281
396211871,300.4613185,-74.42426195,0.35697499,,18.279699,17.3904
1922163926,294.906653,-74.11533827,-0.030606801,,19.3964,18.5958
1922163934,294.8680469,-74.11735773,0.188563,,19.805,19.033701
1922171944,298.5119697,-74.41891853,0.16354699,,19.4009,18.5376
1922181814,294.778152,-74.00777161,-0.38844699,,19.4326,18.6418
1922181797,294.86193,-74.01481146,-0.364786,,20.4109,19.5445
1922181800,294.9281017,-74.01601141,0.186248,,19.462,18.684799
396211892,300.1961611,-74.3931101,0.34352601,,17.129499,16.241199
340846259,292.9107478,-75.62499624,0.31637999,,17.8915,17.054199
1922122684,296.075065,-75.98858198,0.37139499,,18.947701,17.983999
1922122685,296.1344469,-75.97665782,-0.43601799,,19.8603,19.1175
265125722,293.8422715,-74.56690693,0.25690699,,17.744101,16.865601
1922123001,295.958107,-75.8492112,-0.184641,,19.776501,18.9046
466691382,296.5697787,-74.86311263,0.181107,,17.783501,16.91
1922123819,296.1541406,-75.75178562,0.35826299,,18.1952,17.3981
404191098,295.0252858,-74.43381765,0.28601101,,17.9086,17.0385
1922123884,296.0254658,-75.72533161,0.075894497,,18.6085,17.942699
1922123887,296.0394613,-75.70856926,-0.162488,,19.4452,18.6887
1922144144,296.0818531,-75.44962065,-0.726713,,19.912901,19.070299
469824530,301.4299737,-74.36010189,0.14781199,,17.4881,16.597
469824624,301.6000381,-74.52904821,0.21571399,,17.8475,17.0119
1922144350,296.0488266,-75.38695569,0.47100201,,18.461201,17.5718
1922144438,296.2330086,-75.31904507,0.55497402,,19.8787,19.000299
1922144442,296.1759564,-75.31979912,0.113566,,19.5096,18.7868
396247208,301.8521392,-75.42719183,0.0341633,,18.1674,17.3486
396247937,302.1978195,-74.26132711,0.155994,,18.137199,17.3433
1922145253,296.1625419,-75.22226423,0.060385101,,19.679501,18.8687
1922145415,296.3043806,-75.1431075,0.27963701,,19.719601,18.975901
396248087,301.7376391,-74.04043726,0.25591001,,18.1714,17.2962
265125425,293.7217662,-75.01690038,0.52900201,,17.6385,16.753099
466691157,296.4255449,-75.29862871,0.30163199,,17.674101,16.806999
466691181,296.5012776,-75.24983589,0.222341,,17.2742,16.4431
1922145670,296.1199639,-75.04175869,0.148477,,18.563801,17.8274
1987891046,300.0868309,-75.56136318,-0.0059643099,,19.825399,19.035101
396211583,300.2310265,-74.88779112,0.201434,,17.7428,16.8461
396215664,301.015191,-74.42009481,0.226522,,17.666,16.7941
1987891193,300.0902159,-75.50739236,0.27243999,,18.5077,17.66
1987891195,300.0191338,-75.50916487,-0.28040501,,19.305799,18.4673
1987892257,300.0538859,-75.15182968,0.136594,,19.3657,18.4359
1987892424,300.1065351,-75.10934736,0.39291501,,18.8806,17.974501
404219132,303.5338775,-74.72516128,0.41037101,,18.139601,17.269501
1987892577,300.4523373,-74.94098668,-0.30229399,,19.6126,18.7355
1987892765,300.1387844,-74.80038152,-0.094133496,,19.382999,18.5077
1987897891,300.0344495,-74.60197638,0.441246,,18.5784,17.671499
1987900654,300.1003995,-74.38755256,0.265782,,18.7509,17.843399
1987881500,301.0521224,-75.93377124,-0.65143102,,20.2556,19.322599
404219337,303.3502933,-75.0917694,0.320389,,18.040501,17.139099
469824623,301.4688069,-74.5279106,-0.0635489,,18.466101,17.5604
1987898170,300.9202249,-74.51181939,0.42817399,,19.948099,19.054001
1987900822,300.6871558,-74.38756618,-0.154415,,20.3477,19.436001
404219659,303.4147871,-75.78177984,0.47806501,,17.792,16.882799
1987900855,300.9885738,-74.31191894,0.336968,,19.1833,18.3451
1987900903,300.8840238,-74.29861206,0.167247,,18.8638,18.004499
1987901200,300.9552138,-74.20961123,-0.0209633,,19.812599,18.9974
469824709,301.4082258,-74.71983229,0.19298001,,17.8083,16.9757
265125548,293.887736,-74.83321949,-0.100622,,18.3339,17.43
261396340,304.0227753,-75.00865334,0.35031399,,18.049,17.1766
466691681,296.6560856,-74.33719729,0.336519,,16.9132,16.0828
1987901211,300.8231193,-74.19515352,0.225512,,19.8424,19.0037
261424083,304.1331591,-75.98378207,0.36844999,,18.1668,17.266399
261424120,304.3285842,-75.92581536,0.244459,,18.019699,17.2169
261424467,304.1730774,-75.33645487,0.35045201,,17.973801,17.1315
1987901271,300.9010313,-74.13382274,0.24042299,,19.6397,18.7679
1987901278,300.8008606,-74.13909442,0.26747301,,18.746599,17.8501
1987901625,300.8534278,-74.07215471,-0.0068054199,,19.2407,18.3678
1987881736,300.6382035,-75.84091744,0.167505,,18.919901,18.076099
261424794,304.2871256,-74.76571078,0.34185001,,17.8452,17.0487
1987891100,300.6922359,-75.54144298,0.16505399,,19.1185,18.180401
1987891400,300.768518,-75.42697832,0.174371,,19.8165,18.8976
1987891682,300.7746491,-75.26632458,0.0614882,,19.209499,18.302
1987892329,300.8134913,-75.08212621,0.082099997,,19.1367,18.2372
396247061,302.150039,-75.68007926,0.110688,,18.705,17.779699
396247152,302.045806,-75.52582328,0.13679101,,18.102301,17.2059
396247155,301.8427477,-75.5179058,-0.14890701,,18.2432,17.463301
1987892527,300.6685874,-74.97788759,0.300951,,18.7481,17.8197
1987897951,300.6202035,-74.5696785,-0.72762501,,20.458401,19.6094
1987898067,300.637976,-74.46697158,-0.35811299,,19.5408,18.795601
261395982,303.8305323,-74.31997042,-0.0506837,,17.937201,17.1511
469824703,301.7498431,-74.70820151,0.123428,,17.8109,16.9191
469824837,301.441683,-74.94637444,0.29378301,,17.4984,16.6814
1987901070,300.5891925,-74.29700062,0.190248,,19.753201,18.962099
1987881768,300.9177932,-75.84419875,0.57260102,,19.3937,18.551399
469825277,301.7430057,-75.77004663,0.37741101,,17.581301,16.695499
265125279,293.5332208,-75.26085594,0.020306,,17.7264,16.9554
265125376,293.6637389,-75.09901348,0.35596901,,17.663,16.748501
1987891350,300.763706,-75.4718288,-0.160978,,19.771999,18.870001
398447945,298.1264416,-74.09791675,0.28924999,,17.8918,17.0644
1987896682,300.9654657,-74.88307153,0.30095899,,19.5741,18.758699
1987897067,300.7983526,-74.69977044,-0.00140041,,19.5909,18.699301
469824852,301.47316,-74.9703736,0.29696199,,17.2918,16.4419
265124933,293.611905,-75.83879094,0.2157,,17.6021,16.707899
1987897998,300.6754826,-74.51799059,0.27474701,,18.999701,18.072901
1987898348,300.8350298,-74.45611581,0.29588801,,18.963301,18.0383
1987898393,300.8699375,-74.4167626,0.136528,,19.162001,18.266199
396247969,302.1966036,-74.20943584,0.191278,,18.360901,17.4499
396246906,301.9287632,-75.90251218,-0.198899,,18.352699,17.439699
396247006,302.0274329,-75.74792765,0.075492702,,18.165001,17.296499
466691151,296.4953196,-75.30803957,0.23630901,,17.379101,16.558599
396212022,300.5121649,-74.19844248,0.262503,,17.5783,16.7353
396247789,302.1382535,-74.45173122,-0.0933754,,17.2887,16.580999
396247926,302.1353705,-74.27248106,0.097865,,18.183599,17.3339
1987901287,301.0055936,-74.12211201,0.0188282,,19.325001,18.580601
1987888886,302.6422968,-75.17149448,-0.27469799,,20.357201,19.4552
469824593,301.5621655,-74.47166723,0.111178,,17.847401,17.040199
1987888943,302.3423533,-75.13299448,0.50976199,,19.306499,18.502001
404219214,303.6926273,-74.85475019,0.163995,,16.9618,16.6092
1987888992,302.8487242,-75.09575709,0.599958,,19.687401,18.8234
265124848,293.5707663,-75.99240629,0.17935599,,18.4422,17.525
466691054,296.5286749,-75.5058566,0.28938499,,18.0828,17.2001
466691405,296.2790835,-74.81759898,0.25798199,,17.9433,17.0769
261396687,304.0622834,-75.62986027,0.254053,,18.0131,17.129801
261424796,304.2817909,-74.76434599,0.161533,,18.0842,17.234301
1987893369,302.4396044,-75.04029679,0.31133401,,19.435301,18.505199
1987893435,302.539494,-75.04260308,-0.57792002,,20.4685,19.570101
469824339,301.6892914,-74.01915888,0.113574,,18.1022,17.2388
1987893443,302.6344712,-75.02480313,-0.55679101,,20.366899,19.5569
1987893495,302.4796491,-74.99749222,0.40223199,,18.4242,17.5879
1987893512,302.4536686,-74.96055447,0.59836799,,18.837799,17.931999
466691155,296.5173001,-75.30369357,0.39421001,,17.9011,17.1008
466691182,296.2347495,-75.24719798,0.36284599,,18.1649,17.287001
404219733,303.5161797,-75.94952336,0.36826599,,18.1532,17.251101
1987893516,302.5430862,-74.94811165,0.166631,,20.0564,19.225
1987893525,302.6571321,-74.9606966,0.266233,,18.823799,17.9517
466691569,296.4740114,-74.5247533,-0.064126998,,18.117399,17.302999
466691854,296.4915932,-74.05680813,0.310065,,17.9196,17.0854
396211509,300.4069808,-75.01174116,-0.177155,,18.6598,17.7243
1987893534,302.735695,-74.94006894,0.089792497,,19.0383,18.187201
261422005,304.042967,-75.65264269,0.24132299,,18.380501,17.536501
404194644,298.3139278,-74.63707237,0.191682,,18.119101,17.2971
340900279,293.9713665,-74.00959712,0.226152,,18.3825,17.5228
265125422,293.6078225,-75.02309442,-0.050916001,,18.552999,17.6418
404191586,294.9682905,-75.32139874,0.155633,,18.0275,17.1306
396248110,301.7666094,-74.01356884,0.186737,,18.1847,17.448999
396247164,302.1901143,-75.50405869,0.042389601,,18.4576,17.6681
261396629,303.9434587,-75.52722303,0.031477701,,18.3405,17.469
469824681,301.4547289,-74.65053775,0.242016,,17.9837,17.098
469824780,301.7299801,-74.85786601,0.085359998,,17.7176,17.0417
469824881,301.5318302,-75.00232761,0.084758103,,18.073099,17.1975
265125379,293.6842156,-75.09117239,0.0428822,,18.4555,17.5494
1987893770,302.5820527,-74.83384894,0.39026099,,18.6007,17.6975
1987893786,302.4736189,-74.83739085,0.45769399,,20.211201,19.293699
466691531,296.3946295,-74.58057611,0.204817,,17.793501,16.9065
466691572,296.4642352,-74.5181745,0.107077,,17.9112,17.0226
1987895733,302.575198,-74.72387632,0.0433967,,18.6509,18.1476
340845491,293.0652923,-74.49920746,0.238043,,16.997299,16.266001
1987895066,302.8640141,-74.76869616,0.239572,,18.822001,17.9396
1987895737,302.6383719,-74.71256534,-0.0126275,,19.1224,18.2609
265124992,293.7065814,-75.70709532,-0.103874,,18.4249,17.5226
265125228,293.5145425,-75.33849709,0.189156,,18.1681,17.4116
265125599,293.8542195,-74.75765809,0.120209,,17.921,17.1092
265125510,293.7025195,-74.88564233,0.27512801,,17.938601,17.0355
466691648,296.2384032,-74.39118833,0.197576,,17.8596,17.056101
1987895759,302.8258216,-74.67431103,0.118427,,19.628201,18.8836
340846468,292.7448606,-75.92005528,0.176643,,17.426001,16.539101
466688945,296.1090198,-75.98993604,0.35665801,,17.414301,16.4685
404191233,294.889724,-74.68673749,0.36848801,,17.8874,17.024799
469824835,301.6409576,-74.944333,0.27237499,,17.8067,16.8738
1987895815,302.68,-74.65662194,0.48498699,,19.521,18.689301
1987895818,302.684626,-74.65007132,0.057366598,,20.224199,19.345501
1987895819,302.7168695,-74.63641741,0.32161501,,19.745001,18.9347
466691629,296.5256898,-74.42461942,0.40815699,,17.0854,16.2204
396247232,301.89341,-75.37013846,0.13243,,16.7136,16.117201
396247189,301.7768278,-75.45917395,0.18951499,,17.0854,16.4806
1987896070,302.3880105,-74.54428185,-0.362331,,20.426399,19.6031
1987896077,302.5134894,-74.53739362,-1.42994,,20.203699,19.3806
1987896067,302.372423,-74.56546526,-0.063841097,,19.253401,18.3958
1987896068,302.4165521,-74.56562097,-0.41999701,,19.7868,18.8888
1987896099,302.6648811,-74.56508645,0.14727201,,19.115299,18.204599
396247692,302.1086553,-74.59186764,0.16959,,18.252199,17.436701
396247695,301.9062119,-74.5888228,0.163214,,18.313101,17.4345
1987896163,302.6971639,-74.50642207,0.369793,,19.2635,18.5128
1987896167,302.5883846,-74.50371254,-0.049531098,,19.3536,18.5916
1987896173,302.676719,-74.49528281,0.0074068098,,19.218,18.3515
1987896176,302.6255673,-74.47498281,0.53849202,,20.071899,19.172899
1987896183,302.8789785,-74.46708663,0.223244,,19.4842,18.596399
396247100,301.9927908,-75.62258648,0.40276599,,17.7244,16.818399
1987898713,302.3952162,-74.46369726,-0.0767937,,19.9965,19.1668
1987898733,302.6214027,-74.44598877,0.113053,,19.5366,18.753099
396247309,302.109453,-75.25543281,0.22062799,,17.9352,17.103901
1987899131,302.726768,-74.32868527,-0.108644,,19.232901,18.468599
1922194432,290.6537254,-74.02218629,0.031928699,,18.3288,17.503401
1922138945,290.6369812,-75.85397641,0.205824,,18.341999,17.484699
1987899294,302.5721146,-74.28898669,0.13890199,,19.577101,18.836201
1987899308,302.8362887,-74.2528362,0.078686602,,19.178801,18.2812
1987899314,302.9485115,-74.23809675,-0.30206901,,20.0511,19.3326
1987899362,302.5860375,-74.21002045,-0.25079101,,20.1719,19.2934
1987899378,302.8046541,-74.18806558,0.0773919,,19.3232,18.4333
1922150623,290.5120738,-75.57599902,0.25420299,,17.905701,16.998501
404219736,303.3536785,-75.95274262,0.258149,,17.731001,16.8295
1987900043,302.3820812,-74.1731215,-0.191606,,19.245501,18.504601
1987900020,302.7554717,-74.13330713,0.193679,,18.7645,18.0599
1987900040,302.6507597,-74.1144324,0.190488,,19.1696,18.2897
1987879987,302.6130696,-75.95390784,-0.304198,,19.903601,19.051001
1987884346,302.7212482,-75.88649908,-0.96955597,,20.5695,19.7047
1987884352,302.6858737,-75.87328295,0.256814,,18.535801,17.7244
1987884358,302.8789898,-75.84002325,0.23106401,,19.447001,18.519899
261396265,303.9846678,-74.86816267,0.254161,,17.324301,16.462999
261396268,303.9980044,-74.8712159,0.266231,,17.645901,16.7663
261396291,303.9408824,-74.91055327,0.096412897,,17.6859,16.815599
1987883684,302.8084364,-75.90429687,-0.0562752,,19.760099,18.8634
1987884375,302.9199844,-75.82833291,-0.661322,,20.042101,19.1129
1987884432,302.9479946,-75.75228073,0.25429499,,19.6241,18.683001
1987884433,302.8956254,-75.7496067,0.112302,,19.7099,18.813499
1987884437,302.7661352,-75.77342993,0.25627601,,19.719101,18.806101
1987884524,302.9657292,-75.69914436,-0.018071,,19.4841,18.638201
1987884607,302.6906656,-75.72180805,0.36772701,,18.461201,17.637699
1987884631,302.7361435,-75.69062479,-0.46994999,,20.051701,19.190901
261425081,304.1271918,-74.19523166,0.44091401,,17.255699,16.3925
1922129915,298.6409063,-75.47496732,0.27165601,,18.281401,17.348
1987884729,302.8617823,-75.64898369,0.517618,,19.4335,18.5362
1987884796,302.8975823,-75.60699194,-0.131752,,20.143499,19.2932
1922172540,298.4679063,-74.2488483,0.25710699,,17.9098,17.1735
1987887260,302.7208843,-75.58430424,-0.138612,,20.2006,19.342199
1987887266,302.7616173,-75.56246004,0.069824703,,20.1301,19.2323
1987887268,302.7989049,-75.56190414,0.42297101,,18.9746,18.0707
1987887297,302.8945926,-75.52601695,0.27159399,,18.9746,18.124599
1987887305,302.8027458,-75.54017708,0.50421202,,19.500099,18.584101
1987887316,302.9067177,-75.48680429,-0.154061,,19.5809,18.701799
1987887368,302.6517338,-75.47970058,0.348111,,18.9835,18.1707
1987887540,302.7938803,-75.43443646,0.13860001,,19.427299,18.636299
1987887700,302.8895332,-75.45455409,0.29277,,19.0912,18.2631
1987887894,302.9771821,-75.38926643,0.37977901,,18.5173,17.671
1987887972,302.9015085,-75.27846696,0.17165899,,19.1147,18.316299
1987887980,302.9689757,-75.2557268,0.488608,,18.8682,17.964001
1987887981,302.9789733,-75.26202837,-0.46149799,,20.469801,19.5562
1987887982,303.1767052,-75.32976255,-0.117539,,19.904301,19.041401
1987888626,302.5979504,-75.30930021,-0.23471899,,19.569201,18.684099
1987889893,304.3102827,-74.94694974,0.1106,,18.362101,17.4909
1987888656,302.7783047,-75.23873789,0.424523,,19.8508,18.983801
1987888707,302.7709848,-75.21287196,-0.052623902,,19.3379,18.561501
1987888714,302.7635003,-75.21099774,0.485782,,18.7766,17.9394
1987888981,302.7499593,-75.11030931,0.360737,,19.9848,19.0847
1987889003,302.9445388,-75.09598029,0.0205791,,19.499399,18.668301
1987889064,303.0093917,-75.02257133,0.310945,,20.0867,19.197001
1987889083,302.8964715,-75.00902175,-0.138414,,19.8986,18.9916
1987893463,302.768928,-74.99544373,-0.25550601,,19.7257,18.860701
1922149467,294.4456969,-74.94171448,0.149565,,17.724899,16.999901
1987893547,302.6485863,-74.93399456,0.35754901,,19.153299,18.334101
1987894985,302.818482,-74.84334692,0.056217398,,19.135599,18.3076
1987894986,302.8391311,-74.84120832,0.380463,,20.002399,19.1007
1987894816,302.7367565,-74.8811893,0.0039923899,,18.8435,18.0793
1987886339,304.4485053,-75.37046819,0.31978801,,17.8062,16.926901
1987894802,302.9195547,-74.89409351,-0.28607899,,20.151699,19.344
1987894805,302.9712384,-74.87956295,0.23621599,,19.523199,18.711901
1987895029,302.943772,-74.75894673,-0.22679199,,19.764299,18.8801
1987895030,302.9687682,-74.75158331,0.205797,,19.7376,18.867201
1987895044,302.759609,-74.79187026,-0.28473401,,19.8276,18.9238
1987895088,302.7699145,-74.73286385,0.383921,,18.954901,18.118
1922124667,296.7300231,-75.4966127,0.139301,,18.2694,17.4289
1987895706,302.5581123,-74.77181861,-0.0102458,,20.1961,19.288401
1987895709,302.5131534,-74.75940232,0.29068199,,19.569799,18.824699
1922165268,296.8496587,-75.2553694,0.17552,,17.7047,16.9891
1922165582,296.9119921,-75.11855015,0.135691,,17.887699,17.056299
1922169648,296.8689276,-74.8398392,0.063099302,,17.9086,17.0846
1988036945,304.3533303,-74.58345305,0.43952101,,17.2206,16.3382
1987895184,303.0201915,-74.67103008,0.048221301,,18.255301,17.6731
1987895745,302.764438,-74.71914926,0.126973,,19.0819,18.214701
1987895772,302.7730895,-74.6803214,-0.34050301,,19.821501,18.976299
1922176766,297.0898428,-74.25428912,0.108673,,18.2836,17.4193
1922177049,296.8699967,-74.17180432,0.31560999,,18.185101,17.3431
1987895944,302.9451091,-74.56052127,0.260656,,19.013201,18.325199
1987896108,302.7563101,-74.53199295,0.654697,,19.677401,18.778
1987896150,302.5796023,-74.54875473,-0.374028,,20.248699,19.357201
1987896153,302.6365412,-74.53311385,-0.0223941,,20.1619,19.358601
1987896155,302.5799793,-74.53703291,-0.142573,,19.6332,18.799299
1922168736,297.9990939,-74.67430458,0.17439,,18.455799,17.637699
1987896140,302.8235503,-74.52105289,0.154277,,19.4718,18.670401
1987896143,302.7826056,-74.50704658,-0.19420999,,19.9958,19.219601
1987896187,302.7086753,-74.4736151,0.52335298,,18.955099,18.123199
1987896192,302.7224242,-74.45649063,-0.33616799,,19.605301,18.7992
1987896495,302.8768747,-74.42038594,0.236687,,18.872601,18.035801
1987896504,302.9652819,-74.38844086,0.355867,,19.983,19.0807
1987899119,302.7501132,-74.34120902,0.43731299,,19.4757,18.6572
1987899089,302.9918713,-74.35073957,-0.071575999,,19.634501,18.792801
1987899094,303.0341461,-74.33581093,0.22356901,,19.823,18.9942
1987899098,303.1167238,-74.32453666,0.0113556,,19.4147,18.513901
1987899143,302.7864936,-74.29929248,0.138648,,19.878901,19.077
1987899166,302.9283191,-74.2567456,0.17904399,,19.406099,18.596901
1987899321,302.7953238,-74.23501876,-0.0315823,,20.291,19.461
1987899325,302.8479719,-74.22298824,0.460605,,18.906099,18.0933
1987899478,302.910957,-74.13105623,-0.074258298,,19.5735,18.872999
1987900091,302.5797468,-74.051806,0.147157,,20.0599,19.2356
1987900186,302.9765953,-74.00091904,-0.151402,,19.692699,18.8636
1922167947,298.9203139,-74.6250498,-0.0298064,,18.1807,17.297701
1987897653,300.3128888,-74.68657064,0.0132865,,18.2213,17.5257
1922131202,298.6897794,-75.13502133,0.0054480499,,18.486,17.624901
1922167548,298.6309464,-74.85720764,0.214527,,18.794399,17.8699
1922167754,298.5344831,-74.8072938,0.17301901,,18.6513,17.8032
1922132990,299.3167517,-74.79653496,0.208443,,18.395901,17.5082
1922168008,299.4295869,-74.68905375,0.23964299,,18.519199,17.632999
1987882732,300.265925,-75.66386899,0.18773501,,18.378099,17.535801
1987900644,300.0093506,-74.43727091,0.32684901,,18.131701,17.300501
1987894311,301.7409649,-74.87445598,0.215389,,18.720501,17.797501
1987890774,303.9763176,-74.79127561,-0.210867,,18.685699,17.932199
1987890877,304.2320284,-74.70625278,0.122794,,18.403999,17.5891
1987895418,303.8926134,-74.56433065,0.193665,,18.577101,17.7283
1988037266,304.2835842,-74.37398625,-0.073722102,,18.4245,17.549299
1988038225,303.9715567,-74.193735,0.100239,,18.609501,17.7187
1988041254,304.1367396,-74.0337019,0.00966381,,18.710501,17.8682
1987886229,304.2982439,-75.4286544,0.084682703,,18.286501,17.430599
1987886657,304.8630639,-75.31425875,0.21250699,,18.5091,17.6831
1987890034,304.6653625,-74.82858349,0.056469001,,18.6084,17.8318
1988027111,304.5926264,-74.65846749,-0.073783003,,18.4911,17.812201
404218884,303.5468422,-74.27271332,0.38630301,,18.163401,17.319099
261422153,303.8687352,-75.9586403,0.34332499,,18.222401,17.3948
1922163349,294.0096364,-74.34802087,0.44356701,,18.744301,17.883699
1922163362,294.1305067,-74.33639819,-0.085037999,,20.1912,19.319099
1922163363,294.1558624,-74.33209643,-0.175547,,20.455999,19.556101
1922164629,294.043454,-74.19033965,-0.980241,,20.119499,19.2897
1987881645,300.6892784,-75.90658068,-0.91751301,,19.858,19.1513
1987892599,300.476091,-74.89894314,-1.1088099,,20.171,19.3276
1987892552,300.2792006,-74.98966493,0.111375,,19.039801,18.1355
1987894241,301.8233858,-74.94961796,-0.088448897,,19.2265,18.295601
1987881870,301.1853454,-75.72920065,-1.3065799,,20.4958,19.576799
1987881874,301.1353679,-75.7154271,0.092432097,,20.134899,19.313499
1987891473,301.2047658,-75.35831976,0.28295201,,19.043699,18.241699
1987891476,301.3544797,-75.37268542,0.34213999,,19.134399,18.264099
1987895625,304.0194209,-74.50081933,0.124313,,18.712601,17.8927
1987891732,301.2205498,-75.21617215,0.35760999,,18.7997,17.902201
1987891733,301.1746878,-75.21109682,-0.267187,,19.883101,19.100901
1987894148,301.3273865,-74.92163949,0.042368099,,19.0718,18.2796
1988027152,304.627303,-74.59445296,-0.117678,,19.1646,18.3452
1987897102,301.4508101,-74.77586736,-0.108853,,19.1015,18.3813
1987897104,301.4142458,-74.76288349,-0.094060898,,19.9424,19.0742
1922128574,299.3442829,-75.48777868,0.063234098,,18.6492,17.7906
1987881530,301.1559616,-75.95646764,0.182669,,19.976,19.135599
1987894291,301.7960114,-74.90501479,-0.089311302,,18.8985,18.090099
1987898095,301.2236401,-74.54673524,-0.226174,,19.4993,18.8237
1987895422,304.0575285,-74.58986547,0.150903,,18.6381,17.825899
1988037269,304.2056229,-74.38062627,-0.27580199,,18.6381,17.783701
1988038227,304.0205856,-74.18798244,-0.115091,,18.780001,17.9233
1988038300,303.9283676,-74.12246836,0.12673999,,18.876699,18.000099
1988040944,304.0775779,-74.03374435,-0.30980301,,18.680599,17.8011
1987885707,304.7759717,-75.42134604,-0.139587,,18.6033,17.891001
1987901021,300.9396125,-74.24871026,0.167703,,20.1698,19.3174
1922159835,294.0968567,-74.50792204,0.45819399,,19.414499,18.636
1922163365,294.1231936,-74.3219768,0.125129,,19.2495,18.432199
1987889645,304.4356554,-75.01695116,0.100267,,18.4018,17.6803
1987889739,304.720632,-74.97440768,-0.196523,,18.6611,17.953501
1922163449,294.3993747,-74.40444809,0.43045801,,19.2808,18.4512
1922163445,294.0509824,-74.25272164,0.0046492601,,19.526899,18.814699
1987892596,300.5873959,-74.90313658,-0.059375901,,19.4209,18.6395
1987881715,300.6960707,-75.88610392,-0.080442801,,19.4804,18.6688
404266795,308.620153,-74.91356512,0.59341401,,12.4012,11.517
1922150446,290.5687866,-75.65288365,0.24781001,,18.300699,17.452299
1922155056,290.2791362,-74.93409411,0.11083,,18.3601,17.5285
1922192967,290.3737313,-74.56014702,0.25634,,18.5916,17.7117
1922193069,290.4038428,-74.47949657,0.0879317,,18.879499,17.9874
1922193761,290.3615819,-74.25281955,0.15725701,,18.211901,17.4589
1922194103,290.4989628,-74.20725281,0.052140299,,18.241899,17.412399
1922150356,290.58668,-75.68762297,0.056267198,,18.6194,17.825199
1922150629,290.5231708,-75.56240446,0.18947101,,18.415199,17.5777
1922195293,291.868042,-74.31822023,-0.020881601,,18.5425,17.7516
1922157222,292.7098845,-74.97038203,0.036511902,,18.4629,17.6012
1922157511,292.4504309,-74.8932924,-0.226733,,18.778799,17.983
1922157524,292.5826696,-74.88222372,0.16176,,18.7745,17.887899
1922161407,292.5859711,-74.65993535,-0.00438928,,18.594601,17.7561
1922142560,293.5540315,-75.77538206,-0.203859,,18.7565,17.8591
1922146261,293.6523829,-75.37266095,-0.054703102,,18.7276,17.8738
1922121887,294.5222047,-75.9848662,-0.184468,,18.6688,17.805099
1922149387,294.3436579,-75.00153733,0.041986998,,18.641399,17.8249
1922158421,294.4927622,-74.77609807,-0.0172917,,18.724001,17.931801
1922158717,294.5705143,-74.63683901,-0.0039425301,,18.418301,17.584101
1922123397,296.7883055,-75.7764545,0.0071231201,,18.7127,17.911501
1922165247,296.9592732,-75.25854216,-0.061761599,,18.4135,17.6047
1922166516,296.9877215,-74.97916375,0.227993,,18.392799,17.537701
1922169707,297.0250054,-74.74974205,0.16585401,,18.3437,17.541401
1922169780,296.920117,-74.72754791,0.21715,,18.629,17.749001
1922172223,298.1275216,-74.31917363,0.250402,,18.2777,17.430401
1922131182,298.44516,-75.15981808,-0.0218837,,18.7363,17.830601
1922131229,298.6520363,-75.08799997,0.0148995,,18.1803,17.334101
1922127022,298.8404284,-75.90307725,0.210665,,18.5884,17.763399
1922128792,299.1236105,-75.42470315,-0.018468799,,18.764099,17.993401
404266719,308.5277298,-74.7716394,7.94734,,9.5153999,8.7171698
1922167609,298.8507198,-74.84102497,-0.0338776,,18.6796,17.738199
1922169314,298.8942952,-74.41359558,-0.065967098,,18.2672,17.3584
404267016,308.8351873,-75.40519058,1.2205,,12.6549,12.0524
404267190,308.5388938,-75.83013511,1.15316,,13.238,12.3754
1987891910,300.0947644,-75.26199537,0.205431,,18.7778,17.8659
1987891161,300.5446303,-75.47652755,0.075424701,,18.613001,17.7596
1987897614,300.6718556,-74.69373551,-0.30419499,,18.309601,17.5312
1987901510,300.579437,-74.11842977,-0.072656602,,18.297701,17.626499
1987898150,301.2978559,-74.47560607,0.12635,,18.433901,17.5126
401575233,313.7767257,-75.63266236,2.6017399,,12.6814,11.9485
401603257,313.6172774,-75.03205461,4.6916599,,10.5949,9.9225798
396215076,301.3684947,-75.36880246,1.3182499,,12.292,11.6433
401575143,313.8126372,-75.84219073,2.7046001,,11.8575,11.1284
1987898226,301.5463813,-74.45796706,0.145568,,18.364599,17.6455
1987898514,301.4126996,-74.31614593,-0.089466803,,18.844,17.957001
1987875244,303.8777126,-75.98731681,-0.090612702,,18.5681,17.7712
1987875639,304.3481702,-75.85133549,0.28966999,,18.556601,17.680401
1987884241,303.8164872,-75.63022405,0.185147,,18.576,17.679199
1987884304,303.8376872,-75.6186245,0.091945797,,18.781799,17.9443
1987875381,304.5508823,-75.96254775,-0.0139571,,18.8486,17.930799
1987875769,304.7057434,-75.75928881,0.140834,,18.469601,17.6035
1987877075,304.9188861,-75.70333105,0.122164,,18.685801,17.8589
401603755,313.6335361,-74.02941116,2.5884399,,12.6198,11.7915
404293053,313.2888588,-75.87859409,1.4696701,,12.4622,11.681
404266840,308.4967283,-75.01836254,0.84675401,,13.52,12.7376
396215052,301.0983384,-75.4290531,2.0980899,,13.3633,12.4768
404266642,308.5087779,-74.59587303,1.77522,,12.9099,12.1377
404266791,308.660537,-74.90702877,2.75401,,12.3279,11.469
1987885661,304.8128974,-75.45685356,0.162452,,18.757601,17.9217
404266969,308.5268535,-75.3131534,0.98714203,,13.4952,12.6485
401603754,313.7713514,-74.03140467,1.43961,,12.8527,12.0827
404267014,308.4979023,-75.40452246,1.31004,,13.8723,12.9826
404267030,308.7665796,-75.45268483,1.09058,,14.3181,13.4804
404267229,308.6597425,-75.92367885,1.18406,,14.1864,13.4257
401575152,313.7794771,-75.81334411,1.18442,,13.7181,12.9916
401603064,313.6413063,-75.41492195,0.91327697,,13.6714,12.9655
404293059,313.1661233,-75.87040605,1.47833,,13.9116,13.0712
404293154,313.403216,-75.67330533,0.73290902,,15.6973,14.8167
404266846,308.6274163,-75.03425652,0.342388,,16.9807,16.099899
1922140136,292.5535049,-75.67299373,-0.203219,,19.277201,18.4037
1922147184,292.5468637,-75.35535417,-0.075960003,,19.1488,18.273199
404266925,308.4686105,-75.213295,0.32084799,,16.873301,16.0168
404266508,308.7296467,-74.32610018,0.41666901,,16.5562,15.6857
404267031,308.6329034,-75.45304657,0.28244099,,17.1429,16.302601
331633112,305.449062,-75.2320644,0.33148,,16.593,15.7638
404266429,308.6711767,-74.17821242,0.369892,,16.6849,15.8365
404266842,308.4628908,-75.02585622,0.115436,,16.9391,16.569901
404266895,308.7233981,-75.14020881,0.38570401,,16.7232,15.901
401603286,313.7850951,-74.9726018,0.30501801,,16.0336,15.2455
396214728,301.0637867,-75.94811824,0.42105499,,16.7218,15.7851
331570636,305.6649781,-75.48343563,0.41651499,,16.4077,15.5258
1922126934,298.5434607,-75.93588144,-0.17070501,,19.032301,18.160801
404218795,303.3808921,-74.10778641,5.7874599,,,
331633088,305.3766832,-75.28270501,0.39290699,,15.9917,15.2617
331633109,305.6824495,-75.24484461,0.48559001,,15.8962,15.1819
331633628,305.4716247,-74.33360702,0.35401899,,15.917,15.0381
331633657,305.5369933,-74.28708076,0.50216299,,15.5826,14.8313
404266354,308.6540711,-74.01159931,0.442844,,16.379999,15.5413
404266372,308.4622112,-74.03524007,0.57156098,,15.9207,15.0477
404267017,308.5908858,-75.40607277,0.542202,,16.2479,15.3771
401603329,313.9103646,-74.90010966,0.41571999,,16.440599,15.6114
401603492,313.7985742,-74.54826297,0.45227,,15.6687,14.9457
404293081,313.4341222,-75.83098509,0.39739701,,16.441099,15.5704
331633636,305.5032723,-74.32372254,0.467834,,16.270201,15.4167
1922195824,292.5111727,-74.15872272,-0.41125599,,19.1257,18.2253
404218822,303.6629736,-74.1515653,1.5387599,,12.9278,12.1292
396211449,300.3706205,-75.10319275,1.15969,,11.2403,10.5403
404266348,308.4585565,-74.00427519,0.503111,,15.7378,14.9371
331570601,305.5461218,-75.5625465,0.67814398,,15.3966,14.561
331570620,305.3547854,-75.52724058,0.45707899,,15.2689,14.4077
469824725,301.6737792,-74.74848873,0.747962,,13.3774,12.6431
396212055,300.307186,-74.1351423,1.4224401,,13.622,12.8462
396211826,300.5274316,-74.48506566,1.36158,,13.2061,12.3174
261422159,304.0705158,-75.97207152,0.52238798,,17.7827,16.890499
469824727,301.4603437,-74.75426184,0.26867601,,16.607401,15.7242
331633411,305.3703746,-74.70974819,0.57573098,,15.9188,15.0332
1922193759,290.3406428,-74.2617113,0.15894499,,18.8664,17.981001
1922155498,291.4039623,-74.75980101,-0.123514,,19.025499,18.124901
331633520,305.347797,-74.52452261,0.665151,,15.1252,14.2625
331633767,305.6280606,-74.09378704,0.418589,,16.0177,15.2137
404266351,308.8096668,-74.00781656,0.52325702,,15.663,14.7878
404266653,308.5782799,-74.62020855,0.73696703,,15.666,14.798
396212131,300.4627668,-74.02937339,0.598975,,15.2253,14.3847
469824723,301.4378484,-74.74164137,0.95498699,,14.6842,13.7771
1922157475,292.76314,-74.89094771,-0.247706,,19.104401,18.2006
404266657,308.4758598,-74.62560425,0.57812101,,15.2247,14.4054
404266713,308.8304781,-74.7576243,0.58451599,,14.9886,14.2084
404266736,308.4668163,-74.80218889,0.60091001,,15.0751,14.2414
404266739,308.4786398,-74.81152584,0.45482299,,15.4919,14.672
1922195485,292.8474062,-74.2740271,0.057459,,18.4459,17.6973
1922195777,292.5427671,-74.18943249,0.232943,,18.5762,17.6824
404266751,308.4837669,-74.83256978,1.1152,,14.8701,14.0108
404267027,308.6951018,-75.42951143,0.80559403,,14.7411,13.9234
404267089,308.5063133,-75.59104188,0.69878298,,15.672,14.7839
1922147468,293.7864962,-75.21907487,0.110947,,18.967699,18.1105
1922146413,294.2790411,-75.3925493,0.15567,,18.712299,17.9032
404267234,308.756535,-75.92993789,0.66999102,,15.7945,14.9044
404267272,308.5300219,-75.99706765,0.60050601,,15.8963,15.0541
401575068,313.5828763,-75.98125021,0.69402802,,15.3491,14.4605
401575234,313.8883272,-75.62894182,1.01658,,14.9764,14.1619
401603033,313.7784412,-75.46511254,0.52658498,,15.5411,14.6915
401603079,313.67291,-75.40061886,0.84099698,,14.9752,14.1347
401603118,313.6473107,-75.30802328,0.71463501,,14.8048,14.0009
1922166415,296.8668515,-74.98949329,0.054752201,,18.754,17.886
401603278,313.5944101,-74.98115329,0.53124303,,15.9466,15.1075
401603327,313.577827,-74.90469319,0.81906497,,15.3164,14.4826
1922131123,298.5641731,-75.17512128,0.157949,,18.7498,17.849501
404293004,313.413986,-75.9826259,0.54841799,,15.4747,14.7075
404293084,313.4716089,-75.8273373,0.76665199,,14.3997,13.5941
1922167458,298.5411969,-74.93641605,0.0585199,,19.1385,18.2034
1922168939,298.5109198,-74.50265847,-0.131253,,18.754101,17.990499
1922172529,298.5369224,-74.26836741,0.113077,,18.518801,17.695499
396215229,301.304214,-75.11742762,0.63948703,,15.2844,14.35
396215290,301.186469,-75.01840231,1.12599,,13.8019,13.0166
396215343,301.0214051,-74.93476557,1.12597,,14.4966,13.585
396215863,301.2403087,-74.13090939,2.27755,,13.9076,13.0138
1922173523,298.4945301,-74.06513392,0.306407,,18.4174,17.549101
1922126974,298.885341,-75.91339884,0.122886,,19.1078,18.182199
331570540,305.5539219,-75.69902176,0.58832902,,15.6944,14.8151
331570546,305.642383,-75.68804931,1.2676001,,14.1642,13.2851
396211825,300.5393585,-74.48733322,1.00298,,14.7592,13.8741
404218809,303.5193631,-74.12590072,1.6150301,,13.8145,12.9594
331570642,305.684543,-75.46237967,1.00318,,14.0849,13.2329
331633080,305.4065648,-75.29401349,0.889992,,15.0208,14.1531
331633139,305.3785115,-75.19791542,1.1532,,14.6738,13.8288
1922172773,298.883736,-74.07337787,0.069052704,,18.5553,17.735001
331633414,305.5768404,-74.70546138,1.5136,,13.9601,13.1492
1987902356,301.5606359,-74.0265607,-0.158417,,18.781099,17.918699
1987884257,304.0704654,-75.64706492,0.047847599,,18.892401,18.011101
1987884051,304.4576206,-75.70349887,0.103407,,18.7309,17.834499
1987885642,304.5545079,-75.45270167,0.115949,,18.903999,18.032499
331633734,305.4144413,-74.15324265,0.80403399,,15.2776,14.4816
331633810,305.3042412,-74.02002264,1.4165699,,13.8385,13.0516
404266382,308.4876472,-74.04920797,0.77164102,,14.2392,13.4071
404266383,308.5773173,-74.05430591,0.80557901,,14.452,13.7176
404266431,308.4806449,-74.18224136,0.50436801,,15.5628,14.7432
404266679,308.8044343,-74.66488585,1.084,,14.1981,13.4029
404218906,303.5034759,-74.30969678,0.65426898,,15.8563,14.9704
404266923,308.7970226,-75.20740184,0.51843399,,15.6232,14.7598
404218796,303.4823692,-74.11007721,0.46972799,,16.1966,15.3576
404218919,303.6452929,-74.33807567,0.505624,,16.396,15.5087
1922192538,290.3897029,-74.61735751,-0.14607,,19.1527,18.322001
469824516,301.6872922,-74.3430206,0.113101,,17.4909,16.5952
469824877,301.5538647,-75.0008193,0.36572501,,17.936501,17.0312
401575102,313.8695306,-75.920954,0.88598502,,14.6246,13.8414
401575148,313.9485398,-75.82307043,1.13432,,14.5819,13.7244
1922152149,290.5451176,-75.45946261,-0.0453685,,18.7866,17.9694
1922153543,290.5787154,-75.20975066,-0.21243601,,19.0175,18.145399
1922200707,290.7796043,-74.01180186,-0.11477,,19.212,18.3599
401603602,313.7477118,-74.31536168,0.62898499,,14.781,13.9218
404293085,313.5424601,-75.82612497,1.27983,,14.2758,13.4231
404218789,303.6596741,-74.09866951,0.303947,,17.045601,16.1647
404218851,303.4267872,-74.21200282,0.39881301,,17.087601,16.255199
1922158668,294.321796,-74.72543476,-0.15081801,,18.719101,17.959299
404218841,303.3999664,-74.19359366,0.402742,,17.3608,16.598301
1922176743,296.9217743,-74.28762073,-0.133976,,18.8897,18.0616
404218855,303.6083209,-74.21788696,0.36269301,,17.266399,16.439899
404218948,303.6852499,-74.39506017,0.368132,,17.3745,16.591101
1922168677,298.5934294,-74.60676812,0.0596775,,19.1653,18.2481
1922126959,298.7847316,-75.93220849,-0.202838,,19.1175,18.2232
1922127328,298.7877364,-75.72766918,-0.331929,,18.937799,18.101299
396211831,300.4402404,-74.47740926,0.401162,,16.9534,16.059799
404218842,303.385281,-74.19427556,0.52789801,,16.644699,15.8886
404218859,303.4784304,-74.22764175,0.51030701,,16.617201,15.9266
1987884259,304.1168251,-75.64291376,0.19423801,,18.566601,17.7083
1987885541,304.3864422,-75.60020196,-0.033423901,,19.1793,18.302099
396211814,300.2171888,-74.4983707,0.20071,,18.009899,17.1252
396211056,300.4494927,-75.6743879,0.078171402,,18.320999,17.3577
404218904,303.3550262,-74.30900927,0.214159,,17.867399,16.9736
404218811,303.546549,-74.13366598,0.145466,,17.698099,16.8601
396211495,300.4589598,-75.0329612,0.245704,,18.368299,17.417999
1987898373,301.1129592,-74.41176472,0.046071298,,18.354,17.540501
1987881713,300.5389668,-75.8587156,-0.356359,,18.5103,17.973101
1987902997,301.0843729,-74.03231067,0.113016,,18.615,17.7068
1987891374,300.9301831,-75.44682428,-0.0085545704,,18.5651,17.818199
404266845,308.8145619,-75.0337905,0.28319001,,17.2155,16.358801
1922159833,294.0676535,-74.49991619,-0.32383701,,18.8778,18.1429
1922159841,294.1429292,-74.48729087,-0.118837,,18.8311,18.0415
1987881583,301.1187407,-75.91643346,-0.33802199,,18.990601,18.0751
401603654,313.9079645,-74.22699054,0.256495,,17.3771,16.5404
404266730,308.478373,-74.7942112,0.38418299,,15.3944,14.784
404266731,308.6693045,-74.7956519,0.31652299,,16.9951,16.129499
1987896970,300.7902169,-74.74221318,0.14955699,,18.5012,17.581499
331633571,305.666185,-74.43235069,0.62732899,,16.7519,15.9045
404266825,308.8197066,-74.98011777,0.507496,,16.494101,15.6193
401575226,313.7682644,-75.64049666,0.37306401,,16.920099,16.033001
401603621,313.8571403,-74.28640097,0.63999301,,17.0187,16.1726
401603088,313.5731611,-75.37989072,0.66520703,,16.7623,15.8773
404267081,308.6530583,-75.58751227,1.28431,,14.9779,14.132
331570562,305.3222,-75.66430995,0.103407,,15.8149,14.9638
404267010,308.814127,-75.40178314,0.370184,,15.9981,15.1149
401603553,313.8388218,-74.43523116,0.28876501,,16.275,15.5099
404266982,308.8315243,-75.34755347,-0.087224297,,18.153601,17.3041
404267235,308.4758817,-75.93053404,-0.060079101,,18.053101,17.181601
331570638,305.4754928,-75.47940109,0.088797897,,17.7153,16.847601
404266396,308.6478824,-74.08874536,0.37741801,,17.1481,16.271601
404266588,308.4949503,-74.52171672,0.32140699,,17.0231,16.174
331633031,305.5203237,-75.36349231,0.31611601,,17.2059,16.3652
396211140,300.3233892,-75.56992364,0.30482101,,17.3601,16.504499
396215082,301.2746345,-75.3592493,0.28198701,,17.411301,16.5411
331633604,305.5194947,-74.36687284,0.23276301,,17.140301,16.274799
404267172,308.453649,-75.79360861,0.36652699,,17.0219,16.1194
401575168,313.7889928,-75.75710904,0.33988401,,17.0296,16.2036
396215688,301.2270076,-74.38280407,0.478991,,17.4293,16.5184
331633197,305.4708221,-75.08452366,0.36629099,,17.2931,16.4133
331633739,305.5262149,-74.13683653,0.196143,,17.166201,16.2882
404267207,308.7620074,-75.86463488,0.434892,,17.2656,16.387699
401575119,313.7632634,-75.88182815,0.330549,,17.641399,16.756001
1988027998,306.9328079,-74.43268466,-0.0161722,,18.707899,17.8997
1988028079,306.8378523,-74.33554073,-0.063724399,,18.8363,18.0604
396211742,300.2207639,-74.60389029,0.39532501,,16.618799,15.738
331633687,305.5634336,-74.2287409,0.51430798,,16.532101,15.6559
398464732,299.8045825,-74.13460188,0.12808999,,14.7499,14.0674
401603086,313.6984385,-75.3835965,0.085209601,,16.997299,16.100901
404266419,308.5781759,-74.15082726,0.338851,,16.5814,15.7267
404293058,313.5242693,-75.87098547,0.39745301,,17.118,16.247
407923077,290.441227,-75.71458153,0.58146399,,18.469,17.5693
352226911,288.3924341,-75.37282188,0.450892,,18.130301,17.291599
352226914,288.168718,-75.38727038,0.48092899,,17.797701,16.982
352226857,288.1395381,-75.30315848,0.45047399,,18.0525,17.188499
401575103,313.6847697,-75.9199619,0.148219,,17.459101,16.7033
398464302,299.4978094,-74.86158355,1.42768,,12.3327,11.6122
340787451,292.3023231,-74.3486353,1.26344,,13.0856,12.2929
340787571,292.2795099,-74.50267531,1.28276,,13.3103,12.5005
261395866,303.7582138,-74.10972733,1.27223,,12.707,12.0047
340788036,292.1518399,-75.19209546,3.6126001,,9.9868298,9.3937502
398464180,299.6987037,-75.0998391,3.1124499,,12.0836,11.3208
340787659,292.1544909,-74.65287671,1.28854,,11.7978,11.4257
340788172,292.1775657,-75.3806455,2.87134,,12.4555,11.6519
396215364,301.1248583,-74.89750285,0.250837,,18.614401,17.7047
331633128,305.3179738,-75.21138242,0.271799,,18.263,17.3985
404267236,308.4956192,-75.93300725,0.17422201,,18.1637,17.3132
401603751,313.7340434,-74.04237139,0.0170992,,18.2321,17.422501
1815615587,288.8535318,-75.90938503,0.058545701,,19.2183,18.569799
1815615613,288.8820529,-75.88370754,0.31421301,,18.445801,17.653099
1815615617,288.9429304,-75.86529363,0.345063,,18.2714,17.6579
1815615638,289.0161084,-75.85336061,0.46916401,,19.017099,18.240299
1815616058,288.9385037,-75.78843035,0.29480901,,19.086201,18.2626
1815616122,288.983396,-75.72979515,0.334685,,19.2768,18.4415
423266047,298.865087,-75.94731962,2.87341,,12.262,11.5016
469824436,301.6833985,-74.17469941,1.9581,,13.0287,12.2019
261395887,303.7542477,-74.14577592,1.56445,,12.2923,11.5995
331633361,305.3655088,-74.78692566,0.138331,,17.2801,16.4722
401603577,313.84189,-74.3567801,0.122438,,17.329,16.467199
1815616423,288.8618987,-75.67953778,-0.058010198,,19.3564,18.6357
1815616425,288.9511636,-75.65950644,0.19302601,,19.4956,18.698601
404266592,308.7615189,-74.52541446,0.255027,,17.3248,16.485001
1815616578,289.0756466,-75.58647285,-0.40099901,,20.081699,19.2101
1815616583,289.1221132,-75.57855464,0.144399,,19.156601,18.3456
469812119,300.1540021,-74.81565212,2.3090301,,12.5702,11.7025
364115263,289.4986629,-75.09302987,1.63424,,13.4526,12.6205
1815617205,289.0188261,-75.56487861,-0.17968901,,19.039,18.3151
1815617181,289.0978556,-75.5796938,0.27169099,,18.536301,17.732901
1815617282,288.9003826,-75.50553999,-0.45831001,,19.998501,19.1971
423266608,298.8677657,-74.77207806,1.55643,,11.8829,11.1246
423266444,299.0413088,-75.12660139,1.32493,,13.2337,12.3915
423266450,298.9120045,-75.11465632,2.75494,,13.1492,12.2484
331633141,305.6158717,-75.19523666,0.13771001,,18.157801,17.312201
1815617285,288.8904915,-75.51860038,0.31366599,,18.6817,17.822001
1815617552,288.8750861,-75.45268932,0.0287476,,19.1612,18.3687
1815617559,288.9511366,-75.43844476,0.118598,,19.8151,18.9884
398463736,299.7290984,-75.92843373,1.53416,,12.9799,12.1186
398463839,299.8098091,-75.71707514,2.1078701,,12.4971,11.6753
398464598,299.7495372,-74.36119724,0.85234302,,13.7192,12.8252
340787353,292.045595,-74.23045694,0.58841997,,15.4161,14.6314
1815617633,288.9171113,-75.41101657,-0.45914099,,19.476801,18.772301
469824479,301.6643676,-74.24729569,1.15325,,13.9417,13.1229
340787794,292.2915365,-74.86484192,0.32948899,,16.813801,15.9122
469812498,299.9367282,-75.63336731,0.32760799,,16.4998,15.9374
423266021,298.920309,-75.99244088,0.34509,,16.559299,15.6443
423266078,298.985778,-75.90366641,0.37461901,,16.494801,15.5725
423266130,298.8559502,-75.78943976,0.36870599,,16.9669,16.0821
423266036,298.6974624,-75.97357193,0.29180801,,17.124201,16.292
423266219,298.9695237,-75.58388042,0.44918501,,16.0345,15.4473
1815617683,289.1200293,-75.36864949,-0.235733,,19.500799,18.658899
401603679,313.7775341,-74.19156569,0.085306697,,18.430599,17.5818
396215367,301.0317052,-74.89065869,0.124399,,18.165701,17.3529
398463750,299.6905937,-75.8987832,0.31945199,,16.5641,15.8005
398464147,299.6033664,-75.14760126,0.325544,,16.849701,15.9393
469812179,300.1783193,-74.952684,0.30253199,,17.0804,16.2052
364115420,289.4676022,-74.88584023,0.55827701,,16.1185,15.2672
1815618632,288.9630856,-75.26761548,-0.488296,,19.9505,19.209101
1815618891,288.7319668,-75.25174544,-0.211034,,19.378799,18.535999
1922139795,292.157587,-75.79605268,0.28544301,,18.6315,17.916401
423266206,299.0049644,-75.61379062,0.270715,,16.4667,15.5615
1922139797,292.1712773,-75.77931197,0.67391801,,19.693001,18.776899
1922139997,292.162983,-75.74384322,0.45814499,,19.4196,18.6133
1922140005,292.1898934,-75.72902306,0.15877201,,19.318399,18.544701
340788144,292.0598821,-75.34004104,0.44148099,,15.9625,15.0634
340788489,292.0554954,-75.83135523,0.42820001,,15.8693,15.0695
340788490,292.0286351,-75.83289571,0.390086,,16.259001,15.4872
423266976,299.0364917,-74.01876188,1.63437,,13.8598,12.9828
340788370,292.341326,-75.68660639,0.299768,,15.4626,14.912
396215227,301.2464941,-75.11892872,0.203742,,18.238001,17.309299
423266190,298.690329,-75.65951047,0.93403602,,15.2537,14.3554
423266232,298.6644389,-75.54627658,0.67148799,,15.6715,14.8073
423266821,298.8130028,-74.35330936,0.35438499,,16.174801,15.3701
423266215,298.9358568,-75.59433861,0.49841499,,16.3106,15.3832
1922141944,294.6246673,-75.83226917,-0.389828,,19.6663,18.759701
1922142001,294.568067,-75.81531838,-0.0211512,,19.6752,18.7395
423266818,299.0145129,-74.36385818,0.579391,,16.2999,15.4309
398464207,299.5881781,-75.06445617,0.64794999,,16.057699,15.1632
1922142025,294.5026794,-75.79028963,-0.63823599,,20.095301,19.198099
469825256,301.4743679,-75.73252437,0.97721201,,13.8871,13.0935
364115250,289.2765817,-75.11406889,0.63117898,,14.5834,13.7598
364115418,289.2709741,-74.88937113,0.91761899,,14.2144,13.3699
364115422,289.5835868,-74.88244335,0.81388402,,14.2952,13.5838
364115472,289.4187392,-74.82351151,0.78784603,,15.1617,14.2798
407923462,290.6656036,-75.10386556,0.395152,,16.234501,15.3645
340787862,292.3396626,-74.94260446,1.15886,,13.9964,13.1171
340787918,292.0079465,-75.03343008,0.86499703,,14.4975,13.6059
1922143399,294.4942476,-75.46784986,0.242108,,18.4484,17.694
340788225,292.1569005,-75.46906002,1.12767,,14.7331,13.8562
1922143436,294.4572308,-75.45839452,-0.28227299,,20.136299,19.271601
1922146511,294.469525,-75.28211961,-0.61839998,,20.092699,19.2335
423266597,298.9798805,-74.80774322,0.86137998,,15.3978,14.4934
423266606,298.6669952,-74.78053297,1.16734,,14.5533,13.6523
1922149067,294.5799264,-75.11768386,0.240949,,18.7432,17.8743
1922148292,294.5399868,-75.1492443,0.45327201,,18.439199,17.570499
423266776,298.7132581,-74.43762637,0.997697,,13.8087,12.9814
423266140,298.7705381,-75.77279683,1.2093101,,14.1777,13.2809
423266177,298.6807405,-75.69889008,0.64201301,,13.9181,13.0527
398464369,299.7485145,-74.7512232,1.25071,,13.7804,12.9417
398464519,299.480624,-74.48348769,1.1499701,,13.8263,12.9847
398464628,299.7569897,-74.31746902,0.593108,,13.914,13.2366
261395886,304.0814692,-74.13900252,0.93350101,,13.6665,13.0148
469812499,300.1079588,-75.63562529,1.21991,,15.14,14.1791
469812666,299.9908584,-75.98321921,0.74606901,,14.844,14.005
1922148277,294.5561452,-75.16497424,0.043723699,,19.121599,18.209299
1922148278,294.6180514,-75.17327859,0.153097,,20.1108,19.194799
1922149077,294.4337848,-75.12456962,0.27736199,,18.7171,17.8412
364114709,289.5550282,-75.87338691,0.421437,,14.7572,13.9186
1922149075,294.608122,-75.08893749,0.49396601,,20.0215,19.120501
1922149164,294.5513495,-75.04970431,-1.02195,,20.711201,19.8008
364114828,289.407917,-75.69365464,0.66659302,,15.1433,14.3098
364115052,289.2414636,-75.37252003,0.58043301,,14.7479,13.9402
364115159,289.5808249,-75.23392266,1.3418601,,14.4077,13.5439
340788265,291.9743638,-75.53379019,1.16495,,14.7421,13.8562
340788267,292.00079,-75.53534024,0.720801,,15.7394,14.8436
466694585,296.964649,-74.07806905,0.732463,,14.6053,13.747
466694902,296.8745669,-74.56140276,0.44744799,,15.0565,14.2147
423266056,298.7160227,-75.93443394,1.04317,,14.7426,13.8082
423266131,298.7747368,-75.78830818,0.55110502,,15.9814,15.0486
423266362,298.8877026,-75.27929444,0.92887199,,15.3909,14.456
423266580,298.9202401,-74.83245808,0.850272,,14.1884,13.3373
423266589,298.8902077,-74.82054483,0.92436898,,14.3034,13.5428
423266405,298.7975939,-75.21019018,0.470633,,15.9943,15.0564
423266436,299.0022204,-75.13818367,0.67965603,,15.1048,14.2869
423266828,299.0036771,-74.34573933,0.87972301,,14.9524,14.1347
398463889,299.6294913,-75.61148714,0.99850899,,14.6889,13.8376
398464397,299.6274112,-74.69222861,1.17749,,14.2053,13.297
1922177435,295.306705,-74.29392674,0.47503701,,18.4685,17.593599
1922177452,295.2485857,-74.28307958,0.210483,,19.4708,18.5891
398464535,299.7688177,-74.45800962,1.20476,,14.781,13.8846
396211661,300.5005571,-74.75227746,0.37106699,,15.3205,14.4474
1922180692,295.26436,-74.11279996,-0.74468303,,20.7143,19.834499
1922180699,295.3331288,-74.08597562,-0.154218,,19.5954,18.826799
1922121305,295.5694545,-75.99508298,0.042159501,,19.316299,18.4555
1922121335,295.7001234,-75.97266417,-0.38937199,,19.926901,18.993799
340778038,291.5650812,-74.89185594,1.55744,,,
401603121,313.7432301,-75.30134513,0.236555,,18.1374,17.264
1922143556,295.5891503,-75.62973066,-0.304674,,19.9223,19.2027
1922143555,295.7509742,-75.61000572,0.0205444,,19.4783,18.611401
396214732,300.985408,-75.94353457,0.302549,,17.166201,16.477501
331570518,305.3228738,-75.7551543,0.211606,,17.232901,16.401899
331570524,305.3599044,-75.73862213,0.199416,,17.4916,16.659599
340900132,294.1867674,-74.19013372,0.357173,,18.032301,17.275299
1922144038,295.7912285,-75.417004,-0.69068903,,20.260799,19.414499
331633248,305.6314645,-74.99268171,0.146695,,17.600901,16.744301
331633770,305.3057749,-74.08518893,0.0830101,,17.393101,16.575701
404266474,308.478335,-74.26327908,0.095859498,,17.5679,16.775801
404267107,308.5811023,-75.63328051,0.26258999,,17.3738,16.623699
1922144861,295.5935546,-75.28914148,0.42670801,,19.0284,18.175301
1815615254,289.3616302,-75.97754133,-1.058,,20.0299,19.231501
1815615343,289.0960792,-75.96007311,0.188816,,20.034901,19.1674
1815615334,289.3050365,-75.93726014,-0.41223699,,19.237801,18.471001
1815616159,289.2046008,-75.75250488,-0.083970003,,19.933399,19.164101
401575198,313.6371634,-75.69110257,0.213139,,17.2591,16.4196
401603350,313.8346721,-74.84190989,0.35083401,,17.2782,16.4224
401603657,313.9320241,-74.22048486,0.325073,,17.276899,16.4056
404293088,313.5406852,-75.82111688,0.081178002,,17.3566,16.6236
1815616234,289.2924165,-75.6982433,0.45508501,,18.943399,18.134701
1815616237,289.1192222,-75.70933295,-0.28550699,,20.2922,19.474199
1815616291,289.4374415,-75.65242274,0.021447999,,19.437799,18.646601
1815616480,289.0383917,-75.67064096,0.434174,,18.3731,17.490999
1815616494,289.1544027,-75.65153787,0.116584,,19.0851,18.2808
1922145150,295.6012914,-75.20350758,-0.36058,,19.177099,18.459999
1922145155,295.561545,-75.19456201,-0.26041201,,19.5877,18.735399
1922148516,295.7937805,-75.09693967,0.41769499,,18.1042,17.2791
1815617220,289.2980074,-75.53835217,0.100879,,19.6409,18.827999
1815617580,289.0410528,-75.4360755,0.16278,,19.2798,18.4694
1815617992,289.2317792,-75.37801733,-0.34823099,,19.525801,18.647699
1815618078,289.2786645,-75.3377157,0.042204,,19.0945,18.390301
1815618090,289.3067781,-75.30433816,0.318802,,19.9529,19.126301
1815619007,289.2431957,-75.26081656,-0.0078766104,,19.8354,19.018801
340848726,293.1649214,-75.91888935,0.392786,,18.2029,17.3668
340848882,293.3446857,-75.66922206,0.42605299,,18.253799,17.349199
1815619122,289.4285216,-75.18367823,0.13581499,,19.305901,18.5919
1815619349,289.3502387,-75.16028073,0.65907198,,18.8297,18.0581
1815619433,289.2436716,-75.13296035,-0.12849601,,19.5305,18.6747
466684604,295.7963436,-74.95233849,0.53267699,,17.582001,16.780399
1815619464,289.3195852,-75.08967166,0.0105922,,19.053301,18.254299
1815703627,289.2111868,-75.06875576,-1.34613,,20.2742,19.499399
1815703641,289.1355332,-75.0504445,0.048225999,,18.9601,18.2082
1815703642,289.1802554,-75.0534359,0.068030201,,19.244699,18.6322
1815703645,289.2170667,-75.04194193,-0.074822702,,19.081301,18.3869
404266780,308.6308816,-74.89388893,0.35695201,,17.6549,16.790501
1815703723,289.1556423,-75.00320577,-0.10405,,19.333799,18.558599
1815703727,289.184034,-74.99494626,0.52032799,,19.402599,18.5452
398464552,299.5878707,-74.42946882,0.783297,,18.4513,17.584
364115209,289.5091768,-75.16460117,0.31867301,,16.535801,15.6782
469824794,301.5191586,-74.88899447,0.299768,,17.213499,16.309401
1815704091,289.2256369,-74.91838886,0.339353,,19.558701,18.826099
340787797,292.0263693,-74.86722844,0.184442,,17.2176,16.379299
340788284,292.1337291,-75.56055246,0.35662401,,17.337099,16.503201
340788396,292.2354223,-75.71255738,0.19716901,,16.947901,16.2966
423266200,298.666806,-75.62684507,0.41738001,,17.010099,16.083099
423266734,299.0184823,-74.53551775,0.469046,,17.098499,16.1689
1815705182,289.1363298,-74.83523499,0.074710697,,18.8172,18.0812
466694550,296.7279325,-74.01610161,0.24880999,,16.7391,15.8995
1922138581,290.116306,-75.99926402,0.127947,,19.121099,18.283501
1922138584,290.2075812,-75.99781847,0.12916701,,19.1693,18.297701
1922138586,290.2318928,-75.99735259,0.309475,,18.205601,17.4417
407934537,291.1369236,-75.04045096,0.39645499,,18.086201,17.2756
340788296,292.3096951,-75.58817611,0.429344,,18.056101,17.2174
1815705183,289.1246204,-74.83143158,-2.28193,,20.5641,19.8071
1815705195,289.2715905,-74.80973815,0.232173,,18.801701,17.9548
1815705237,289.3934754,-74.77990765,0.0360974,,19.6255,18.8295
1815705289,289.2601931,-74.75773768,0.130648,,19.3713,18.562401
1922138857,290.2872548,-75.88265917,0.100399,,19.569201,18.7868
1922138866,290.3628444,-75.86599979,0.155028,,19.4702,18.585699
1922150270,290.0348401,-75.76302871,0.33866701,,18.8381,17.920099
1922150316,290.3722913,-75.74337164,0.025749199,,19.729099,19.0301
340787888,292.1776352,-74.97966294,0.300145,,16.745001,15.8633
466694802,296.6645626,-74.39864998,0.39952299,,16.870199,16.0362
401602977,313.8358799,-75.58156563,0.29478401,,17.929501,17.1243
1922150605,290.2672269,-75.57654045,-0.235765,,20.248301,19.3981
423266033,298.8293382,-75.97604455,0.260874,,17.1245,16.186701
423266782,298.7891462,-74.43082187,0.51893699,,16.8412,15.9754
398464217,299.6641797,-75.04085016,0.46759701,,16.952101,16.0096
398464447,299.8197842,-74.59827487,0.36538199,,16.7036,15.8714
398464583,299.7128374,-74.38661042,0.22621401,,16.481199,15.7631
1815705573,289.1645724,-74.68917382,0.24187399,,19.7549,19.010799
1922148904,295.4880351,-74.94577712,0.47064999,,19.3251,18.556299
1922149794,295.577786,-74.84120094,0.375857,,19.0401,18.197201
1922149798,295.7035502,-74.82325442,0.36063999,,18.4986,17.6761
1815615513,288.9369731,-75.95422262,-0.153145,,19.9916,19.133801
1815615593,288.8349679,-75.90946709,0.212964,,19.962799,19.181801
396214731,301.0835595,-75.94436444,0.30774701,,17.858999,16.937599
396211992,300.28353,-74.24155274,0.66322398,,16.966299,16.0641
469811878,300.1896041,-74.28265187,0.444343,,16.5413,15.6403
398464181,299.6728417,-75.09959272,0.19971301,,16.4072,15.6029
1815705681,289.8433571,-74.94514734,-0.143663,,19.341499,18.5816
1922149800,295.7844935,-74.81116122,0.168111,,18.8582,18.1122
1922149803,295.7127575,-74.80642125,0.159133,,19.4028,18.5296
1815616441,288.7520335,-75.66295175,0.201829,,19.3964,18.5042
1815709308,289.5091237,-74.4956776,0.652246,,19.3078,18.4
1815617156,288.67128,-75.55921708,0.38842401,,19.0319,18.221701
1815617160,288.7148785,-75.54300934,-0.0069759102,,19.297199,18.4632
1815617541,288.7863291,-75.48082032,-0.076748602,,19.663601,18.822001
1815617542,288.8268854,-75.47539375,0.221682,,18.7101,18.105499
331633718,305.3927045,-74.17261847,0.359052,,18.279699,17.4034
331633773,305.6246257,-74.08101341,0.190598,,18.0137,17.1665
469824512,301.5057754,-74.33902051,1.32165,,14.8537,13.9517
469811881,299.914454,-74.29265308,0.11764,,15.0055,14.3498
1922153323,290.0961118,-75.36355659,-0.040901501,,19.1395,18.3307
1922152480,290.3517948,-75.36092179,0.501019,,18.6129,17.711599
1815617536,288.7968463,-75.48619401,-0.98037398,,20.311001,19.5002
1815617527,288.8984855,-75.48777003,-0.083347604,,19.8335,18.985701
423266443,298.8242727,-75.12809538,0.48312101,,16.6989,15.7882
1815618475,288.7690668,-75.38585566,0.049037602,,20.1758,19.3295
1815618479,288.8484477,-75.37238012,0.14298099,,19.375401,18.492399
1922153506,290.2603029,-75.26024117,-0.88547599,,20.7132,19.842199
1922153507,290.304854,-75.26699067,0.0072803302,,19.275999,18.4685
1815618577,288.8098792,-75.31421291,0.19291601,,19.0522,18.188299
1815618869,288.8752792,-75.25440415,0.13248,,19.311001,18.523899
364115395,289.5549936,-74.9241209,0.802302,,15.8493,15.0071
1922149914,295.7336871,-74.73593222,0.502056,,19.445299,18.6712
1922153450,290.2568202,-75.29717629,-0.42304501,,20.1203,19.371799
1922153821,290.2161322,-75.15227967,-0.59851098,,20.0639,19.194
1815618886,288.8238352,-75.24522675,0.264808,,19.3347,18.4685
1815618887,288.8365303,-75.25420339,-0.39876899,,19.9429,19.132401
1815618936,288.8665819,-75.20973069,-0.35603201,,19.8505,18.977301
466694669,296.9780276,-74.18861147,0.65225798,,16.0394,15.1475
1922154650,290.1877368,-75.11055187,-0.852391,,20.218,19.3638
1815618946,288.8331559,-75.20025745,-0.048635501,,19.9673,19.117201
1815703139,288.6389026,-75.17200871,-0.197951,,19.7062,18.8314
1815703222,288.8176124,-75.10206948,0.0386994,,19.150299,18.419701
423266063,298.7263486,-75.92206217,0.72939098,,15.7614,14.8265
1815709788,289.6439704,-74.30610285,0.215437,,18.7948,18.016399
1815709797,289.7340006,-74.31429342,0.227117,,19.838499,19.087099
398464383,299.7285101,-74.72560085,0.76661199,,15.6254,14.7464
1922154692,290.1845066,-75.08416962,-0.46155,,19.5149,18.6388
1922154742,290.1352658,-75.0449793,0.459144,,19.9825,19.132
1815703687,288.9759282,-75.03483492,0.19461501,,19.771,18.963301
404266972,308.5127403,-75.32787556,0.15176,,18.208,17.3661
1922155064,290.2835921,-74.92291349,-0.167206,,20.193501,19.376499
1922155126,290.2697921,-74.8925234,0.0147137,,18.784401,18.0277
1815703989,288.7171519,-75.01284475,0.45027101,,18.034901,17.209
1815703990,288.750636,-75.00816133,0.22766,,18.745199,17.9333
1815704008,288.8273575,-74.96747056,0.37150201,,18.666201,17.874901
1815704013,288.7311152,-74.9808707,-0.68380499,,20.707001,19.825199
340787965,292.0212388,-75.1046495,0.42683801,,16.4135,15.5547
340787496,291.9871275,-74.4043854,0.389126,,16.6378,15.7606
1815710141,289.4478011,-74.2593786,0.103569,,19.2789,18.442499
1815710147,289.5935912,-74.2287437,-0.188686,,19.891001,18.992901
1922191794,290.1463024,-74.84918198,0.26152599,,18.615,17.803101
1922191796,290.1986146,-74.83552863,0.67233402,,19.5012,18.6359
1922191871,290.3116803,-74.77346273,-0.19974799,,19.9797,19.1653
1815705378,288.9463317,-74.79090533,-0.195173,,19.3859,18.5788
469811724,299.8815431,-74.01722904,0.33492199,,16.336,15.542
469811725,300.1527083,-74.01854977,0.71605599,,15.9518,15.0698
364115014,289.5690951,-75.42230722,0.51783597,,16.1061,15.3357
1922191957,290.197712,-74.7504347,0.25642201,,19.301001,18.4802
1922191961,290.2376701,-74.73469576,-1.24735,,20.5742,19.694901
1922191981,290.1654037,-74.73090608,0.145688,,17.917101,17.5175
1815705379,288.9245074,-74.78515835,-0.0241374,,19.7127,18.940001
1815705402,288.827785,-74.76861892,0.093178399,,18.931299,18.101299
1815707246,288.8249256,-74.69406469,-0.28181499,,20.570801,19.736
1815707272,288.7748213,-74.68115585,0.227575,,18.4552,17.687401
407923460,290.5311297,-75.1072859,0.53272301,,16.340599,15.4808
340787844,292.1076465,-74.92398668,0.30097201,,16.132,15.2503
340787847,292.0529054,-74.92773035,0.31899101,,16.4384,15.5336
1922150199,295.5458996,-74.66253911,0.50306499,,18.8139,17.9814
1922158927,295.5909912,-74.5791783,0.46074,,19.5175,18.687201
466694803,296.8923461,-74.3988568,0.36650801,,16.5861,15.7048
423266052,298.8053734,-75.9429748,0.33208901,,16.280399,15.5238
1815707273,288.744508,-74.68500332,-0.433579,,19.73,18.9272
1815707419,288.8777741,-74.64545554,0.51750302,,19.0014,18.288799
398464521,299.6048134,-74.48186556,0.57146102,,16.2537,15.3436
398464587,299.6859588,-74.38403299,0.44716999,,16.4484,15.5687
398464783,299.5572313,-74.04616409,0.357023,,16.436501,15.5337
396211905,300.416319,-74.37731005,0.34925601,,16.345301,15.4796
364114775,289.5420188,-75.77639196,0.28553501,,16.562401,15.649
364115485,289.2517069,-74.80281496,0.40017101,,16.5375,15.7084
340787419,292.1637754,-74.31599522,0.44149601,,16.5532,15.7785
1815707761,289.0074413,-74.53564508,-0.065820701,,18.622601,18.1042
331570455,305.4470193,-75.89423838,0.13670801,,17.929899,17.065201
331633046,305.401285,-75.34079387,0.238034,,17.780399,16.9359
1815707822,288.7499097,-74.48872133,0.133306,,18.871799,18.1555
1815708768,288.7932952,-74.44063181,-0.54201102,,20.4319,19.5401
364115469,289.4061408,-74.82665751,0.29622999,,17.5082,16.654301
1815708794,288.8208778,-74.41437592,0.28656301,,19.991301,19.076401
1815708877,288.9181797,-74.35407674,-0.330699,,19.9023,18.983801
1815709099,288.7791438,-74.35456241,0.25021899,,19.3459,18.507099
1922192065,290.2493613,-74.68660452,0.163294,,19.134501,18.2957
1922192067,290.2252485,-74.6860379,0.51772499,,19.047001,18.252001
1922192096,290.3090271,-74.62635958,0.071587399,,19.464199,18.691401
1815709232,288.8410353,-74.25282691,-0.086440504,,19.6134,18.7449
1815710153,289.5278539,-74.23945239,0.0445204,,19.872999,18.988001
1815710358,289.4254984,-74.19379385,0.371288,,18.573999,17.7614
1815710360,289.5342338,-74.18793937,-0.284879,,20.0459,19.208799
1815710373,289.4117036,-74.17934857,0.0701546,,19.168699,18.2833
404266633,308.7963534,-74.57937425,0.297324,,18.1019,17.2714
404266662,308.7563138,-74.63560998,0.15298299,,18.2185,17.449301
404266752,308.8083206,-74.83459691,0.15459099,,17.655001,16.8757
398461086,299.0814084,-74.53822241,0.58792901,,17.879801,17.0611
1922192819,290.0160708,-74.60526084,0.20017,,19.610001,18.931101
1922192855,290.1174975,-74.56144226,0.20792399,,19.774,18.929899
1815713823,288.7541001,-74.12373888,0.062382199,,19.7383,18.856001
340787432,292.3214489,-74.33045931,0.27542701,,17.124201,16.238701
423266281,298.9438585,-75.44740826,0.33588499,,18.0466,17.127399
404266787,308.4834075,-74.90311824,0.27600199,,17.729099,16.874201
404266978,308.4581861,-75.34386836,0.357324,,17.9685,17.058901
423266936,298.8071411,-74.097564,0.20782501,,17.192301,16.3039
1922193368,290.1522474,-74.42621502,-0.0151232,,19.865999,19.0495
1922193372,290.3022739,-74.39417528,0.226594,,19.8085,18.921101
1815713623,288.9384303,-74.14025078,0.031392202,,19.6415,18.722601
1815713624,288.9778632,-74.13830034,-0.00411647,,19.3218,18.4881
1815713934,288.9100665,-74.03452044,0.38515601,,18.4147,17.5201
1815714478,288.62352,-74.04510781,-0.60438597,,19.7836,18.9195
1922176296,295.547836,-74.48443818,-0.42611,,19.220501,18.4716
1922176312,295.5092551,-74.4756842,-0.205135,,19.274099,18.5502
1922176314,295.5454158,-74.45855369,0.0534334,,19.754601,19.008101
1922176419,295.628734,-74.37019265,0.300486,,18.547199,17.722099
398464680,299.6573708,-74.23808215,0.404098,,17.2526,16.4056
398461737,299.3000237,-75.75326978,0.60865301,,17.503599,16.6399
401603731,313.9208014,-74.07591077,0.132138,,17.8613,17.1371
396211142,300.333262,-75.56859891,0.44960499,,17.457399,16.502399
396215846,301.3278037,-74.15999513,0.1689,,17.831499,16.934999
331570585,305.4471655,-75.59889171,0.30373901,,17.7241,17.027901
331570658,305.4198842,-75.43126307,0.36194301,,17.8374,16.9788
1922177176,295.5321224,-74.335001,0.129471,,19.004,18.184799
1922177484,295.6085643,-74.21619865,0.34276801,,18.7097,17.895399
469812661,300.0851538,-75.97349819,0.173793,,17.7474,16.973301
1922193726,290.3060662,-74.30441234,0.189439,,19.6401,18.799
469812120,300.0734009,-74.82412565,0.400619,,17.027599,16.115
469812121,300.0961915,-74.82459127,0.38170099,,17.2481,16.375099
469824432,301.71344,-74.15965816,0.41665399,,17.7582,16.878599
469824482,301.5844553,-74.25182853,0.248327,,17.014,16.1546
331633415,305.3889481,-74.70204915,0.285198,,17.8277,16.948299
352226514,288.1735209,-74.7543948,0.18967301,,17.5581,16.722
1815710396,289.6052421,-74.16999047,0.25617799,,19.921499,19.080601
1815710450,289.332677,-74.15512224,-0.16671699,,19.358299,18.571699
1922142482,293.4652664,-75.83294283,0.58238798,,19.431999,18.535299
469825261,301.6361479,-75.74120343,0.58231598,,16.887199,15.9593
1922177662,295.6860164,-74.15659217,0.26213101,,18.3969,17.780399
1922177663,295.6727472,-74.15348759,0.462071,,19.775101,18.905001
1815708369,287.5821703,-74.56598324,-0.118918,,18.716801,18.067801
1815708503,287.636971,-74.51618716,0.035116501,,19.223801,18.361799
469811880,299.8283608,-74.28776999,0.41089901,,17.2533,16.438101
1922194073,290.2567016,-74.18375667,0.25749499,,20.085199,19.2547
1922194078,290.123819,-74.20594224,0.29488,,19.9986,19.151699
1922194081,290.1898999,-74.1946868,0.20261499,,18.493799,17.7082
1922142795,293.2886958,-75.70459547,0.3881,,19.302601,18.431499
1922142799,293.1899834,-75.71057479,0.394968,,19.662701,18.8099
331633439,305.6858579,-74.66526113,0.228144,,17.532301,16.6558
331633555,305.4167343,-74.46238349,0.27443501,,17.9326,17.108601
331633717,305.3908379,-74.17614439,0.090263397,,18.0193,17.182501
469812147,299.9344877,-74.88452285,0.109818,,18.2453,17.436199
469812355,299.9167136,-75.3010328,0.177435,,18.038601,17.219101
1922145853,293.2540593,-75.54927365,0.127223,,19.019699,18.298599
469812020,299.9222448,-74.57531604,0.172022,,17.1686,16.3657
1922177601,295.6338063,-74.1788059,-0.33502901,,19.5858,18.783701
1922194307,290.1691999,-74.11432237,0.325708,,18.664301,17.8869
1922194369,290.2665341,-74.09161152,0.030835999,,20.019199,19.166401
466694689,297.030857,-74.2240896,0.27648401,,17.036699,16.1737
1922180839,295.639526,-74.01827168,0.44909599,,19.504101,18.627501
1922194379,290.3764634,-74.08983095,-0.572456,,19.7125,19.1091
1922194560,290.2694406,-74.01468804,0.26622301,,18.7043,17.851801
1922194576,290.2010955,-74.0021615,0.086015403,,19.041401,18.236099
1922146230,293.2907393,-75.44031931,0.089459702,,19.898001,19.0963
1922146234,293.334405,-75.42284432,0.241721,,19.4828,18.6229
1922165021,294.11658,-74.01042614,0.13424499,,19.710501,18.9363
1815711036,287.795435,-74.39692489,0.0136548,,19.814899,18.9154
1815711330,287.695007,-74.33495336,0.141068,,18.802999,17.9681
331633751,305.3103647,-74.12195442,0.31699899,,17.8808,17.017599
404266476,308.5913778,-74.26622026,0.45213199,,17.781401,16.9219
404266510,308.6349608,-74.32983045,0.32427201,,17.9058,17.0235
1922147351,293.295332,-75.19498593,-0.094405502,,19.561701,18.732
1922141931,294.624211,-75.85781487,0.39872599,,19.399099,18.492901
1922123197,297.203881,-75.78630407,-0.348416,,19.6682,18.858801
466694740,296.7489722,-74.31028213,0.25891501,,16.954201,16.0924
423266161,298.8096295,-75.72506861,0.457223,,17.2138,16.2913
1922142648,294.1731856,-75.67891728,0.336638,,18.5889,17.670099
1922156474,293.3985745,-75.08846967,0.321612,,19.4245,18.6294
423266278,298.6825348,-75.45122832,0.148204,,17.202999,16.2689
423266679,298.8425434,-74.63458687,0.375909,,16.898001,15.988
1922142726,294.0702776,-75.64209809,0.27331299,,18.9951,18.0951
1922143234,294.1327693,-75.58544503,-0.153367,,19.238899,18.3654
1815712381,287.396917,-74.21568749,0.13804001,,19.1394,18.2586
404266542,308.5081636,-74.40968643,0.177158,,17.879499,17.152599
404266593,308.7499996,-74.52974923,0.242874,,18.020901,17.198299
404266759,308.5196694,-74.85825361,0.284448,,17.4608,16.586
404266783,308.5825807,-74.89804511,0.359752,,18.0051,17.124201
1922146334,294.2496783,-75.42108366,0.183662,,19.2183,18.3125
1922156856,293.4289096,-74.90247122,0.54525501,,18.792601,17.9461
1815712421,287.6647845,-74.17299449,0.42585301,,18.7738,17.850401
1922157826,293.3887453,-74.77363673,-0.14336,,18.8417,18.3232
1922157830,293.4772797,-74.7793284,-0.139936,,18.884899,18.1394
1922123342,297.2965848,-75.70717193,-1.65069,,20.8251,19.946501
1922123585,297.1602097,-75.63881553,-0.067157999,,19.355101,18.544399
1815716389,287.6236821,-74.01319258,0.34001699,,19.6437,18.790001
1815716390,287.7067469,-74.01998709,0.230877,,20.0895,19.214701
1922158066,293.3642924,-74.73859418,0.13136099,,20.1742,19.351801
1922158087,293.4916058,-74.71917239,-0.21251699,,20.293501,19.444401
1922158133,293.2459705,-74.7054558,0.047468599,,19.2637,18.500401
1922161362,293.3952849,-74.56364841,-1.25445,,20.4025,19.615801
404266808,308.4548154,-74.9420813,0.219905,,17.9505,17.1369
1922161580,293.3789598,-74.5228685,0.319491,,19.381201,18.5905
1922146378,294.2249985,-75.37350972,0.031422,,19.3316,18.422199
404267120,308.8310398,-75.65754833,0.121048,,17.664,16.958099
401575123,313.9290341,-75.88006461,0.16051801,,17.623199,16.8016
401575124,313.6270753,-75.87985742,0.35358,,17.4694,16.607401
401575211,313.5847634,-75.6716854,0.437565,,17.4231,16.5522
401603096,313.7106239,-75.36979503,0.30837801,,17.796101,17.021299
340788496,292.219533,-75.84952849,0.28274599,,17.181801,16.276199
1922137054,291.9736137,-75.96945925,0.381475,,19.6409,18.743
423266023,298.7213772,-75.98971818,0.39552301,,17.9226,17.062799
1922164015,293.2758062,-74.39798111,-0.0216281,,19.604401,18.8689
1922130690,297.1946223,-75.39209429,0.801835,,18.8293,17.944
1922139399,291.3484063,-75.9219569,0.213487,,19.613899,18.7003
423266414,298.7682965,-75.18117847,0.51384097,,17.3873,16.4716
423266898,298.9109836,-74.18422301,0.16765501,,17.828501,16.9548
1922139412,291.2803044,-75.91918707,0.30364299,,19.7195,18.903299
1922164029,293.2734736,-74.36309692,0.293962,,18.7726,17.8661
1922146390,294.1741798,-75.35016781,0.179524,,19.684,18.861601
401603400,313.6862187,-74.7392432,0.20975199,,17.6728,16.798599
401603435,313.8365446,-74.65817426,0.110835,,17.572399,16.8076
401603747,313.7208219,-74.05316233,0.26495901,,17.599199,16.7766
1922164318,293.2935159,-74.25744989,0.36756399,,18.3598,17.615999
1922164350,293.3662076,-74.23465411,0.28906599,,19.480499,18.6532
1922140315,291.0971533,-75.82271293,0.34252101,,19.5359,18.646999
1922130527,297.3452836,-75.41592947,0.190798,,18.610901,17.7994
1922130529,297.3787704,-75.40179896,-0.64585698,,19.66,18.8529
1922130754,297.161964,-75.34144326,0.150714,,19.0639,18.2139
398463740,299.6011714,-75.91721856,0.27452499,,17.841999,16.874001
398463753,299.6103391,-75.89302922,0.081663497,,17.764,16.8146
1922197139,293.2960182,-74.15312232,0.167523,,19.403999,18.5952
1922146766,294.336803,-75.23696381,0.122372,,19.476299,18.579599
1922146768,294.4062784,-75.22077342,-0.14338399,,19.1535,18.327299
1922139654,291.8727715,-75.77470393,-0.405128,,20.1189,19.1978
1922139675,291.9396927,-75.72890355,-0.1795,,19.871799,19.0179
1922130805,297.2893171,-75.28801306,-0.45071101,,20.004999,19.138901
1922146774,294.4573838,-75.21306102,0.36798,,19.199499,18.4172
1922147510,294.0827189,-75.20835499,0.164023,,19.0173,18.202999
1922147533,294.1691715,-75.17724429,0.278887,,19.632099,18.816099
1922147536,294.0970613,-75.18685419,0.213506,,19.4512,18.636801
1922197204,293.129418,-74.10525654,0.37483999,,19.1758,18.4489
1922197205,293.1636497,-74.10500157,0.35176399,,19.240299,18.3759
1922140737,291.4546307,-75.65731505,-0.30972901,,20.1294,19.269699
398464204,299.6642255,-75.06720582,0.30514401,,17.743799,16.796499
1922140482,291.7672691,-75.70228069,0.508178,,18.680401,17.804899
1922141201,291.8748595,-75.56100592,-0.398875,,20.2451,19.4282
1922151235,291.3633517,-75.47992335,0.147039,,19.5758,18.7041
1922151236,291.3295676,-75.4915736,0.36715901,,18.6516,17.8549
340787225,292.1709002,-74.0662549,0.21006501,,17.962799,17.116301
423266074,298.7288647,-75.90702393,0.19211,,17.7623,16.85
423266609,298.7145735,-74.77193051,0.143591,,17.853701,16.986
1922142416,294.8202266,-75.605037,0.211742,,20.3923,19.504101
1922158219,294.1426928,-74.92413052,0.029305,,19.5795,18.9161
1922141207,291.9186562,-75.55613373,0.34057,,19.190201,18.391399
1922140993,291.9561011,-75.6084628,0.284538,,19.376499,18.4802
423266106,298.7036759,-75.84996888,0.36042401,,18.0382,17.109699
423266217,299.0386369,-75.59038893,0.30633101,,17.546801,16.6129
423266255,298.6739496,-75.50034928,0.17654,,17.7202,16.7869
423266475,298.7706436,-75.05825999,0.168795,,17.967501,17.033701
1922151502,291.417686,-75.41175832,-0.035950702,,18.984501,18.228001
1922143478,294.7642159,-75.39805191,0.17853899,,19.881901,19.0576
1922151581,291.7287554,-75.50540571,0.048339602,,19.758801,18.9618
1922146517,294.5698182,-75.27029076,0.36912799,,18.997299,18.229799
261395823,303.8201378,-74.03823301,0.28837401,,17.0963,16.2421
1922159330,294.0941044,-74.71087572,0.143086,,18.849701,18.046499
396215298,301.1812415,-75.00889697,0.15652999,,17.766899,16.910801
331570660,305.5402973,-75.4246631,0.237343,,17.456301,16.6
331633291,305.6174443,-74.91331512,0.230459,,17.753201,16.878901
340787614,292.1141846,-74.58260486,0.198109,,17.127199,16.2486
340788008,292.2701362,-75.15704334,0.232935,,17.2169,16.3423
1922148213,294.5881057,-75.23318447,0.434625,,19.6756,18.8563
1922148033,294.8976944,-75.2434752,-0.36886901,,20.243099,19.457001
1922152767,291.3844873,-75.26830939,0.44663501,,20.064199,19.1933
1922153043,291.306313,-75.19635487,0.52450198,,19.6439,18.748301
1922148236,294.6248551,-75.18138723,0.116855,,19.8507,18.9802
1922148342,294.8459059,-75.09286353,-0.111572,,19.610701,18.8545
398464569,299.5935864,-74.40738261,0.34080401,,16.9585,16.051001
364114856,289.2211381,-75.64952686,0.56919301,,17.3501,16.452101
364114872,289.5511105,-75.6289703,0.36289901,,17.3713,16.511101
1922151620,291.9643863,-75.44185433,0.130942,,19.2691,18.6936
1922159740,294.1079759,-74.58134476,0.085328303,,19.2033,18.445601
1922159747,294.2862817,-74.56094326,-0.44892699,,19.7642,18.993299
1922159813,294.0488177,-74.52475212,-0.313393,,19.305201,18.393801
1922149590,294.727444,-74.86372861,0.082861803,,19.3141,18.6539
423266160,298.782922,-75.72554954,0.17321201,,17.305901,16.4133
1922159854,294.2509278,-74.50050788,0.349933,,19.5177,18.6693
1922159857,294.2435223,-74.49211989,-0.37496999,,19.749201,19.0312
1922158344,294.550219,-74.82437533,0.457306,,19.8911,19.0005
1922154082,291.4922293,-75.04622757,0.26125601,,19.9037,18.993
404266659,308.5568985,-74.62730413,0.139658,,17.837299,17.002899
404266711,308.5316239,-74.75383242,-0.0226104,,17.612801,16.7635
404266964,308.742328,-75.30257047,0.29731101,,17.4457,16.551201
1922151877,291.6309384,-75.36118875,0.035612401,,19.8305,18.971701
1922151881,291.7714212,-75.37178089,-0.120415,,19.544201,18.8748
423266937,298.6917467,-74.09657576,0.42986199,,17.004999,16.106701
423266843,298.7714695,-74.30727655,0.26461601,,17.011,16.1035
398463990,299.7547655,-75.43656329,0.31141499,,17.2099,16.369699
398464189,299.5110905,-75.08571468,0.427652,,17.303801,16.384899
1922163145,294.1275519,-74.37219652,0.105955,,18.7981,18.087601
1922165722,297.2945425,-75.01980661,0.37698999,,18.4265,17.660801
1922166452,297.3216041,-74.99779943,0.30706701,,19.466299,18.6908
1922166478,297.228016,-74.96035704,0.072560802,,19.0683,18.3104
1922158642,294.6860671,-74.69521409,0.285128,,18.8613,18.0422
1922158698,294.5666195,-74.66278955,0.15387399,,18.735001,18.2024
398464448,299.6404359,-74.59179552,0.14461499,,17.1789,16.271601
1922155380,291.3877035,-74.83033163,-0.63351101,,20.6577,19.7575
1922163835,294.2148895,-74.22860451,0.017490201,,20.0833,19.2223
1922164626,294.0357382,-74.1807355,0.0597375,,19.8862,19.1008
1922164682,294.0176405,-74.17102119,0.33265701,,18.381201,17.562099
1922159961,294.6265841,-74.53680244,0.38544101,,18.0896,17.4109
1922152070,291.8251238,-75.24897282,0.235129,,19.473101,18.5977
1922152078,291.9345584,-75.23369889,0.163809,,18.6959,17.9184
1922152929,291.7491778,-75.18958139,-0.117943,,19.802099,18.9891
1922159978,294.5276749,-74.52520902,0.40852499,,19.8447,19.012699
1922159982,294.5674889,-74.51097666,0.37132001,,19.240601,18.436501
1922166536,297.3099957,-74.93436064,-0.070137598,,19.9116,19.0373
423266046,298.9709541,-75.947921,0.315375,,17.197399,16.246599
1922163906,294.8524054,-74.16360381,0.34148699,,18.9823,18.0979
1922152945,291.8573335,-75.17120348,-0.199187,,19.8221,18.9519
1922152981,291.9500754,-75.13723313,0.248381,,18.899,18.1497
1922164683,294.0461951,-74.16186577,0.18474001,,19.020399,18.1383
1922164696,294.1632084,-74.13781409,-0.38386801,,20.6287,19.735901
1922164701,294.1268088,-74.12809966,-0.100156,,19.231001,18.475201
1922164866,294.6778808,-74.01104473,-0.104133,,18.923901,18.2505
1922164718,294.0988695,-74.11201904,0.31946301,,19.767401,18.944799
398464630,299.7045153,-74.3150959,0.149344,,17.535999,16.630301
396211955,300.240426,-74.30042418,0.257402,,17.7486,16.8622
1922120097,296.9315249,-75.9055838,-0.0154048,,18.829399,18.1614
1922165015,294.1017813,-74.02736912,-0.18435,,19.9811,19.096701
1987882642,300.2235875,-75.77515273,0.24494199,,19.9168,19.0208
1922167171,297.3925846,-74.8146558,0.19643401,,20.1999,19.3521
1922167243,297.1726136,-74.79146352,-0.19246601,,19.288799,18.5166
1922155400,291.412967,-74.80566444,0.32132801,,19.865601,18.997801
1922123185,297.0870821,-75.79611595,0.225586,,20.0089,19.104
1987892681,300.0964225,-74.91167898,-0.15578701,,19.892,19.0079
1987897818,300.2094352,-74.66701398,0.034398202,,19.329399,18.4167
1922170105,297.087715,-74.74407317,-0.31865501,,19.4426,18.6411
396215690,300.9489501,-74.37977984,0.27791899,,18.0844,17.239401
1987900515,300.0873292,-74.44243415,0.165759,,19.270201,18.4526
1987900683,300.2767651,-74.35857051,-0.495653,,19.522499,18.6978
1987900690,300.2054797,-74.36156721,0.43702501,,19.348101,18.439699
1987901316,300.033765,-74.31433677,0.163295,,18.963301,18.065201
1987901530,300.4112271,-74.14371079,-0.22915401,,19.460699,18.565901
1922155483,291.4108527,-74.76082464,0.184956,,18.827499,18.0329
1922155723,291.3006266,-74.71288198,-0.067441799,,20.105301,19.235201
1987891324,300.2919733,-75.3780361,0.26134601,,20.016001,19.118999
1922170419,297.1030855,-74.62564608,0.334077,,19.7243,18.931
1922153187,291.6706557,-75.11912549,-0.50345302,,20.519699,19.691999
1922153292,291.8360057,-75.03861742,0.155797,,19.3286,18.4522
1922123638,297.1019071,-75.60476054,0.323421,,19.915199,19.0189
1922123620,297.0995302,-75.64551168,0.166981,,19.747,18.849199
1987891327,300.3707156,-75.35994184,0.222881,,18.8515,18.0359
1922170608,297.2522796,-74.51429695,0.20339701,,19.1138,18.2794
1987900445,300.0076204,-74.56067232,0.25721699,,19.1049,18.208099
364115417,289.5528413,-74.89159215,0.39128599,,16.398399,15.5162
1987901398,300.085424,-74.19105902,0.28505599,,19.176001,18.3508
398463741,299.8011309,-75.9162996,0.38888401,,16.790501,15.8272
404266738,308.6261321,-74.80585416,0.289388,,17.852699,17.042601
1987881342,300.1561996,-75.86512618,-0.22901,,20.1005,19.1392
1922165193,296.9446003,-75.2901444,-0.13949201,,19.172899,18.326099
1987890984,300.2148306,-75.63998016,-0.102693,,19.7729,18.965599
1987891300,300.1267587,-75.41027436,-0.0498503,,19.8022,18.9368
1922165468,296.9352539,-75.219486,-0.162027,,19.867901,19.066401
1922165504,297.1550708,-75.17179431,0.020929201,,19.359501,18.655899
1922154251,291.7030821,-74.98144381,0.0106483,,19.498699,18.689699
1987897881,300.0626824,-74.62953587,-0.181756,,19.2493,18.397499
1922166325,297.0075057,-75.04691727,0.32280099,,18.6562,17.840799
1922166423,297.0664419,-75.03169376,0.052368201,,19.3158,18.440701
1922166496,297.0524203,-74.98763976,-0.040578999,,19.649599,18.8491
1922166500,296.9702358,-74.99350388,0.104533,,19.3634,18.5156
1922154253,291.7293301,-74.96310993,-0.021041101,,19.2288,18.4161
1922160796,291.7909813,-74.83322258,-0.381217,,19.780199,18.9048
1922160767,291.8158017,-74.87204678,-0.060551699,,19.6597,18.7542
1922160859,291.821464,-74.80242174,0.37823999,,19.7836,18.9482
1922166738,296.9428644,-74.9176312,0.54456002,,19.833099,18.971001
1922169689,297.0553231,-74.77877384,0.127253,,20.268999,19.393499
1922170382,296.9182943,-74.67245547,0.28403199,,19.2931,18.439301
1922170385,297.0021239,-74.66380807,0.359386,,18.494101,17.6084
1922155807,291.3077622,-74.67880376,0.040018201,,19.6884,18.8528
1922192320,291.2210266,-74.61413768,0.34357101,,18.2698,17.5553
1922192338,291.3047152,-74.57129641,0.60424799,,19.766001,18.8932
1922170115,297.2070895,-74.72621493,0.072585203,,19.448099,18.7437
1922170182,297.0273148,-74.67584895,-0.128016,,19.487499,18.6903
1922160888,291.961837,-74.780172,0.46305501,,19.4182,18.633499
1922161709,291.7219102,-74.7559435,0.43991199,,18.882799,17.9849
1922170462,297.0082147,-74.61129563,0.220478,,19.8554,18.9942
1922170463,297.0182993,-74.60112504,-0.032135598,,19.1577,18.3423
1922195046,291.2957389,-74.47148507,0.387218,,18.776199,18.004299
1922195029,291.3193843,-74.49872756,0.32914999,,18.930799,18.069799
1922195030,291.3512869,-74.49606976,-0.57111698,,19.7847,18.9342
1922195031,291.3823296,-74.48970549,0.244149,,20.1738,19.2726
1922170506,296.9838546,-74.56008014,-0.223717,,19.2272,18.547001
1922171377,296.9151373,-74.45972545,-0.76596701,,20.121201,19.309601
1922171666,296.9831871,-74.35996253,0.126958,,18.820499,18.052999
1922171751,297.1105663,-74.29616636,-0.165438,,19.6877,18.824499
1922195034,291.323939,-74.48588846,0.295863,,18.9527,18.0758
1922194827,291.4911613,-74.49247785,0.0311922,,19.049601,18.2409
1922195045,291.2637912,-74.47646848,0.37165999,,18.822701,17.927099
1922195100,291.2381398,-74.46449825,0.34785399,,20.0222,19.1548
1922127039,298.8164221,-75.87793516,0.24655899,,19.0921,18.2568
1922127042,298.8461388,-75.86914588,0.16224,,19.9895,19.063601
1922127046,298.7910653,-75.86797801,0.037926901,,19.5567,18.645201
1922171740,297.0567787,-74.30292582,0.121723,,18.249201,17.7265
1922176782,297.0274594,-74.23965279,-0.0585078,,19.8529,19.042
364114859,289.3628622,-75.64519882,0.37333599,,16.8589,16.076
364115488,289.3180852,-74.79980714,0.20695201,,16.872499,16.0198
340787340,292.0668488,-74.21324733,0.27184901,,17.0508,16.187799
340787466,292.1931936,-74.36695233,0.084635697,,16.5581,15.9976
340788226,292.017715,-75.46971679,0.36065799,,17.245701,16.361799
1922161842,291.8503435,-74.6305432,0.65847898,,19.365601,18.502199
1922178587,297.0689613,-74.07849792,0.344787,,18.4074,17.546301
1922178647,297.0046295,-74.0430588,0.359687,,18.4695,17.6014
466694692,296.8286795,-74.22755046,0.21173,,16.9547,16.0746
423266108,298.9380835,-75.84690348,0.32195601,,16.7619,15.8433
1922195128,291.2679285,-74.42624315,0.102334,,19.496,18.700399
1922195977,291.2879481,-74.32662555,-0.22953001,,19.554199,18.8465
1922128417,298.7085769,-75.61635196,-0.0149399,,19.2983,18.492901
1922128405,298.8414627,-75.63310292,0.26504201,,18.593901,17.739901
1922128407,298.8492516,-75.61010785,0.057912599,,19.5487,18.662201
1922161829,291.925387,-74.64599664,-0.267306,,19.780399,18.995501
364114832,289.3434213,-75.68981346,0.41452599,,18.201099,17.307899
364115054,289.5394247,-75.37016917,0.170352,,17.758801,17.0201
1922162039,291.732834,-74.60617745,0.489245,,18.3363,17.5222
1922162044,291.8638368,-74.59229668,-0.50392002,,19.872601,19.1222
1922162048,291.8216518,-74.58908095,-0.214238,,19.017599,18.552299
340787504,292.2872246,-74.41333366,0.169782,,18.1483,17.3829
1922162195,292.0250778,-74.49977392,0.537067,,18.2638,17.445499
1922128642,298.5559314,-75.56066548,0.26555499,,19.892799,19.0133
1922128661,298.7126398,-75.51397423,0.32523599,,18.674101,17.826
1922195961,291.4129995,-74.3085527,-0.57890099,,20.389099,19.587799
1922196031,291.4425247,-74.26540694,-0.25544199,,20.17,19.2778
340787832,292.2595211,-74.91307585,0.16236199,,18.104601,17.2038
340788109,292.2434429,-75.29749178,0.37676799,,18.063801,17.1681
340788374,292.0671696,-75.68986357,0.338209,,17.928301,17.021099
1922196262,291.3950965,-74.21768589,0.45478901,,19.2388,18.3454
1922199635,291.4373284,-74.10363398,0.228321,,19.4333,18.630699
1922199651,291.3115145,-74.09062271,0.442754,,19.777599,18.9583
401603040,313.9048204,-75.45475025,0.051321801,,18.2715,17.405199
340788492,292.1144835,-75.8392271,0.089879401,,17.8113,16.8902
466694554,297.0286374,-74.02257365,0.35367599,,17.8276,17.066799
466694852,296.7713232,-74.47002111,0.087024398,,17.7922,16.9025
1922194969,291.7561011,-74.43592928,0.844477,,18.873899,17.997499
1922194992,292.0042758,-74.38233709,0.58176601,,18.9685,18.0709
423266297,298.9350352,-75.41415575,0.177101,,17.961901,17.1115
1922195294,291.8505464,-74.31715716,0.173153,,19.8657,19.002701
1922196076,291.8468552,-74.24481698,-0.124002,,18.930401,18.197399
1922130024,298.6406254,-75.35616403,0.081283502,,19.186899,18.298401
1922130328,298.7914904,-75.27356096,-0.22030701,,19.6537,18.8022
423266141,298.9192936,-75.77228989,0.412714,,17.880699,16.948
1922196795,291.8595846,-74.0925912,-0.37169501,,20.2495,19.460199
1922130375,298.7462299,-75.22999176,0.368734,,19.785999,18.9401
1922131139,298.7964262,-75.16581303,0.203509,,18.8785,18.0786
1922199716,291.4356266,-74.04540958,0.335713,,19.0786,18.302799
1922199735,291.3740571,-74.03020642,0.59928101,,19.0063,18.212799
1922199739,291.3736349,-74.02169676,0.44029599,,19.3293,18.476299
396215078,301.1973502,-75.36486973,0.163372,,18.1915,17.2913
331633788,305.4024234,-74.05519229,0.13572,,18.153,17.2955
404266897,308.7630294,-75.1439897,0.290645,,17.578699,16.8228
1922196780,291.944786,-74.11558891,0.16844299,,18.869801,18.1485
1922196783,291.947161,-74.09904113,0.085441098,,20.4709,19.572901
401603615,313.8475106,-74.29340048,0.15091801,,18.119699,17.2582
1922131495,299.2795233,-75.32512511,0.120373,,19.744499,18.8568
1922158429,294.5149345,-74.77157522,0.0592096,,19.1387,18.2932
1922158430,294.5348599,-74.7665709,0.60451698,,18.961399,18.073601
1922158611,294.374113,-74.75859784,0.091904402,,18.7973,18.021
261395885,303.7682654,-74.13637299,0.170819,,17.897301,17.0191
364114884,289.4451137,-75.60268065,0.16935,,17.644199,16.767099
364115056,289.3026212,-75.36863122,0.39771599,,17.4189,16.6504
364115473,289.4766178,-74.82215242,0.372192,,17.386499,16.6194
404267105,308.6390932,-75.63012799,0.18729401,,17.966101,17.1717
401575232,313.5234522,-75.63496712,-0.0101942,,18.232599,17.3573
1922140262,292.6381231,-75.58367884,-0.035601601,,19.708599,18.819099
423266925,298.7208803,-74.12645156,0.341207,,17.6332,16.7484
1922158650,294.5786822,-74.69839712,0.096463397,,19.503799,18.729799
1922158660,294.7309821,-74.66648083,0.303128,,19.9217,19.018101
1922158687,294.4240956,-74.6723574,0.045540702,,19.046,18.173201
1922140259,292.7805472,-75.56308551,-0.55511099,,20.3901,19.493
1922146878,292.7345984,-75.41304166,0.0675558,,19.1679,18.269899
1922170678,296.1634945,-74.73244861,0.196032,,18.2311,17.443399
364115251,289.5787785,-75.11160475,0.285842,,18.2194,17.3645
1922159987,294.5343698,-74.50383715,0.24636,,19.721399,18.9247
1922159990,294.5536076,-74.5068578,0.65236402,,18.707399,17.872299
1922159992,294.7117321,-74.48665084,0.37837201,,18.8263,17.920401
1922147214,292.7393902,-75.29022801,0.28217,,18.7005,17.815201
340788006,291.9797087,-75.15539972,-0.0742805,,18.211,17.311899
340788151,291.9940634,-75.34977728,0.20657,,18.240601,17.3997
423266017,298.6687784,-75.99804415,0.150561,,17.870399,17.0527
423266583,298.8082932,-74.8285999,0.173986,,18.006599,17.059401
1922160200,294.6109429,-74.42804,0.39757201,,19.095301,18.275
1922160203,294.7450918,-74.44715825,0.197083,,20.066099,19.195801
1922156299,292.7742936,-75.15040503,0.16401599,,19.1619,18.4412
364115461,289.5886995,-74.83362385,0.292335,,17.764299,17.035601
340787692,292.0829722,-74.70244498,0.053335201,,17.8734,16.995899
1922156393,292.8259541,-75.06294706,0.152367,,19.877899,18.999399
1922156395,292.8594448,-75.05429938,0.173702,,19.884501,18.9618
1922120248,297.6751981,-75.75761639,0.130547,,18.2638,17.349001
1922157485,292.6682729,-74.89362059,0.270724,,19.545401,18.7649
1922157488,292.71781,-74.88829679,0.120674,,19.948099,19.0856
1922157494,292.7308708,-74.87364855,0.212579,,18.976601,18.1455
340787698,292.3191554,-74.7073025,0.083483398,,17.6476,16.8293
466694800,296.7586516,-74.39506636,0.38267201,,17.6672,16.8062
423266129,298.7211849,-75.79071656,0.30581501,,17.612301,16.6868
1922163573,294.5941032,-74.27149766,-0.022216801,,19.469,18.644899
1922163591,294.5831024,-74.23979444,0.305583,,19.8452,18.9764
1922157569,292.6585205,-74.82250165,0.379711,,18.625999,17.7913
1922157584,292.7728888,-74.7938718,0.51485801,,19.9638,19.1033
1922160665,292.7628421,-74.78799094,0.31319201,,19.4669,18.6933
1922160668,292.6915941,-74.77724431,-0.067567103,,20.267,19.4575
398463841,299.6918295,-75.71679142,0.249918,,17.854401,16.924
398463844,299.7277701,-75.70925772,0.192921,,17.744499,16.865499
398464649,299.7546666,-74.29154447,0.47203901,,17.527399,16.735201
1922167394,297.6213053,-74.67113588,0.061192799,,18.3276,17.426201
1922163969,294.611477,-74.11713776,-0.73667997,,20.5016,19.697599
1922163888,294.5595304,-74.19181179,-0.027962301,,18.910999,18.3549
1922163893,294.5941798,-74.17095597,-0.69496101,,19.694099,19.0989
1922161121,292.8451375,-74.72984523,0.12730899,,18.612101,18.021601
466694889,296.8802356,-74.54196246,0.182657,,17.684,16.8279
1922161472,292.5997365,-74.6199971,0.227045,,19.576,18.680099
1922161478,292.7437807,-74.60858699,0.27703199,,19.042101,18.286501
1922161456,292.8377775,-74.60091677,-0.074276,,18.7551,18.0329
364115390,289.3449223,-74.9329515,-0.0066144699,,17.358299,16.7822
1922161513,292.7709441,-74.57980697,-0.106752,,19.379,18.4911
1922120121,297.3226209,-75.85913984,-0.112408,,19.9349,19.0313
1922120122,297.2784501,-75.85585038,0.32492399,,19.471901,18.5452
398464370,299.7256614,-74.75095252,0.098596498,,18.1203,17.193701
261395904,304.0777432,-74.17440602,0.165232,,18.1124,17.240299
340787595,292.1384525,-74.55187411,0.271617,,17.7941,16.9186
1922162325,292.692778,-74.51174851,-0.29928201,,19.4939,18.5951
1922162371,292.6995049,-74.48956936,-0.089348197,,18.9484,18.2444
1922162391,292.6007269,-74.47744071,0.33121201,,18.487101,17.626101
1922195474,292.6726415,-74.27714605,0.30015099,,18.9482,18.1408
1922195520,292.6172113,-74.24036163,-0.103748,,19.495199,18.606001
423266607,298.6916855,-74.77310108,0.37945199,,17.6597,16.820999
340788390,292.1850971,-75.70665229,0.274322,,18.6248,17.7111
466694817,296.9500258,-74.41870133,0.092687301,,18.642,17.8258
1922167540,298.5196378,-74.87421678,0.32433599,,18.297199,17.3692
1922167752,298.6027695,-74.81103245,0.166788,,18.5882,17.647499
1922168514,298.4836819,-74.71526165,-0.109909,,18.235901,17.4426
1922195806,292.7047802,-74.15049712,-0.224841,,20.0249,19.289101
340787222,292.0193922,-74.06390078,0.188013,,18.1015,17.238899
340787860,292.2235786,-74.93812394,0.192665,,18.143,17.244499
466694675,297.0633439,-74.19944024,0.21684501,,17.966299,17.162901
466694900,296.6588404,-74.56112442,0.083327398,,17.2904,16.83
423266882,298.7534908,-74.20417807,0.226412,,17.844801,16.982401
1922198298,292.8175599,-74.0037439,0.262409,,19.2934,18.522301
423266499,298.6620914,-75.00800312,0.174839,,17.5996,16.8144
1922122888,296.0032069,-75.92943609,-0.0351022,,19.2113,18.3207
1922122890,296.0060087,-75.92982568,0.140729,,19.1334,18.175501
1922122896,295.8783766,-75.94225215,0.25341001,,18.980801,18.1187
1922122948,295.8400337,-75.91067185,0.49691799,,19.423901,18.495399
396211767,300.3952591,-74.56678816,0.133964,,18.247999,17.439899
1922122977,295.8749386,-75.85989452,0.167411,,20.0525,19.239599
423266666,299.0320105,-74.65882908,-0.042329598,,18.1705,17.247
423266803,298.7774533,-74.38797175,0.22998901,,17.607,16.733
423266107,298.966322,-75.84978772,0.242479,,17.5982,16.6717
364115215,289.4283714,-75.15656989,-0.117585,,17.951599,17.097401
340788199,291.9563602,-75.42576827,0.078612901,,18.2087,17.344
364114857,289.3844708,-75.64717867,0.226648,,18.603399,17.7001
1922123778,295.8388803,-75.77021158,0.232161,,19.5422,18.7505
1922124153,295.8947454,-75.65828138,0.228037,,19.1411,18.283001
1922124085,295.9107386,-75.65929049,-0.80070198,,20.270399,19.461901
1922124088,295.9941028,-75.65102266,0.041793101,,19.8666,19.146
1922124096,296.077811,-75.63844297,0.034524001,,18.9291,18.2034
340788261,292.2243447,-75.52903813,0.180282,,18.305201,17.4657
1922143646,295.9399176,-75.55278005,-0.494416,,20.3559,19.5114
423266652,299.0298315,-74.68484211,0.34897199,,17.838499,16.969801
469811882,299.9224207,-74.29429772,0.408319,,17.129801,16.223
1922143760,295.8574988,-75.48005044,0.15658,,19.132799,18.297501
1922144050,295.901182,-75.37006415,-0.12135,,19.562401,18.8368
469825260,301.5226574,-75.74038589,0.074089497,,18.2945,17.4498
364114707,289.3109055,-75.8736457,0.30940199,,16.9522,16.063
364114809,289.4614351,-75.72308809,0.198254,,17.2262,16.3797
364114902,289.3909474,-75.56747374,0.113828,,18.6005,17.7742
364115012,289.5699885,-75.42463725,0.15655801,,17.1157,16.230101
364115315,289.4045761,-75.03041139,0.320591,,18.302,17.421
1922145189,296.0453794,-75.29095529,-0.114328,,19.372499,18.526899
340788153,292.2495015,-75.3557834,0.388291,,17.6667,16.7679
423266055,298.7276151,-75.93579695,0.43009201,,17.673901,16.7521
1922148659,295.9973165,-75.0154071,-0.141211,,19.744301,18.870399
423266617,298.9200023,-74.75966007,0.35342699,,16.986,16.0592
423266854,298.8580944,-74.29226357,0.146608,,17.9,16.9916
398464190,299.6685215,-75.08551342,0.22907799,,17.6957,16.7728
396211572,300.5786456,-74.91012969,0.068940401,,17.879499,16.9431
1815619093,289.286819,-75.24216295,0.176264,,18.304001,17.5026
1922130448,297.3870738,-75.47507065,-0.16311,,19.935801,19.016399
1922148717,295.8942319,-74.97872666,-0.0300889,,19.827999,19.0245
1922148736,295.9651538,-74.94557137,-0.51326901,,20.469601,19.6509
1922148738,296.0889578,-74.96179292,0.0103934,,19.743299,19.0044
1922130511,297.2342088,-75.44604913,0.0381619,,19.135099,18.32
1922130678,297.2629775,-75.40367557,0.37305301,,18.8999,17.996599
1922130674,297.2245599,-75.41534335,0.61734802,,19.7097,18.8057
1922149816,295.9087222,-74.79936819,0.14080299,,18.8283,17.9914
1922160407,294.8191678,-74.35208448,0.146165,,18.254801,17.427299
1922163620,294.8522096,-74.26093436,0.171573,,18.122499,17.343201
1922123088,296.1797247,-75.79116909,0.375108,,18.2391,17.3421
1922170937,295.9071123,-74.68014635,0.29541701,,19.7402,18.9328
1922170949,295.9756264,-74.65535483,0.18108501,,20.125,19.249901
1922170967,295.8772507,-74.65167276,-0.0219531,,19.972799,19.168301
1922130735,297.4054774,-75.32462202,0.052988701,,19.704,18.921499
1922130794,297.272976,-75.30259572,0.26177001,,19.8004,18.9526
1922165219,297.3096307,-75.24279435,0.26198199,,18.8048,17.940901
1922143704,296.1316531,-75.48670024,0.060473502,,18.2526,17.4361
1922171065,295.8685322,-74.56856054,0.31882101,,19.275,18.427799
1922176339,295.8931825,-74.4198193,0.203023,,19.8664,19.118999
1922176460,295.9320724,-74.36764595,0.42691699,,19.381399,18.555201
1922176461,295.9297849,-74.35758603,0.22564299,,19.893801,19.048
1922177307,295.7896197,-74.27044504,0.321251,,19.1103,18.2272
1987898399,300.8119886,-74.41493623,0.153475,,18.110701,17.2248
1922165221,297.3379945,-75.24094746,0.486601,,20.0653,19.165899
1922165223,297.16664,-75.26373262,0.181004,,19.6028,18.7402
1922165396,297.4628884,-75.16357637,0.26454401,,19.395,18.678101
1922165409,297.2831632,-75.16503575,0.52232701,,18.9046,18.171101
1922177320,296.037927,-74.26503914,0.35733601,,18.917101,18.056999
1922177321,296.0129867,-74.25630222,-0.161768,,20.311899,19.440001
1922177351,295.7112159,-74.26936668,0.279459,,19.0359,18.189199
1922177391,295.8925055,-74.21613326,-0.25060499,,19.5844,18.8494
1922177392,295.9222061,-74.20646503,0.11327,,19.427401,18.7265
1922177423,296.0339996,-74.1607452,0.349159,,18.7353,17.894501
1987898785,302.3652476,-74.40377489,0.070008099,,18.1371,17.315599
1987900014,302.6199749,-74.1636808,0.037104901,,18.424601,17.5313
1922165636,297.4426752,-75.09444747,0.146513,,19.331499,18.513
1922178088,295.8970237,-74.06572153,0.233996,,18.401699,17.639299
1922165704,297.3629035,-75.04658993,0.020764699,,19.509701,18.6294
1922181186,295.9983317,-74.01580413,0.094809003,,19.472601,18.696899
1922181187,295.9973876,-74.0054033,0.070465103,,18.990499,18.124901
1922170123,297.3218518,-74.72531974,0.402329,,18.9727,18.230801
1922171004,296.1975927,-74.61253575,-0.0586261,,18.811501,17.9291
1922167009,297.8267396,-74.85757714,-0.187048,,19.172701,18.253099
1922170216,297.2535132,-74.62775828,0.44452599,,18.819201,18.0347
1922170531,297.4741728,-74.5592975,0.048468199,,20.249201,19.4107
1922170536,297.4603575,-74.54136771,-0.30705199,,20.271299,19.4438
1922170613,297.1771442,-74.51150808,0.13458601,,20.1542,19.292601
1922170619,297.3537946,-74.49398436,-0.69906598,,20.6602,19.7834
1922171399,297.2585152,-74.47820874,-0.479702,,19.7334,18.991301
1922171404,297.2417412,-74.47222749,0.123502,,19.253401,18.389999
1922172783,297.5318276,-74.40179601,-0.111848,,19.1856,18.292299
1922171686,297.2982678,-74.3372188,0.41942,,18.4764,17.629801
1922173109,297.2978411,-74.26881131,0.43393701,,19.377001,18.494499
1922163613,294.7557278,-74.2901893,-0.83586901,,19.499399,18.6415
1922178310,297.2187379,-74.1905902,0.16710199,,19.266701,18.378599
1922178311,297.2496398,-74.18606389,0.075342298,,18.698099,18.056801
1922173408,298.3813627,-74.12033202,-0.13622899,,19.007799,18.116199
1922171014,296.0764435,-74.59483476,-0.108816,,18.4515,17.7509
1922176590,296.5301978,-74.38927554,0.109094,,18.454,17.6042
1922177838,296.181397,-74.10403783,-0.032070301,,18.824499,17.978001
1922172840,297.7709448,-74.31779501,0.28703901,,18.459499,17.5938
1922178699,297.4772554,-74.01755445,-0.1742,,19.773701,18.962
1922167723,298.3243901,-74.85743926,0.089924201,,18.8395,17.931101
1922168692,298.544679,-74.58590393,-0.114411,,18.586399,17.891001
1987882215,301.3914607,-75.70715682,0.177543,,18.746901,17.8794
1922170671,296.1673554,-74.7404857,0.143419,,18.680799,17.812
340788378,292.1537016,-75.69177066,0.680031,,17.890699,17.034901
1922176586,296.4540568,-74.40719807,-0.238194,,18.745899,17.872299
1922166088,297.6011656,-74.98244953,-0.0827052,,18.802601,18.042
1922167382,297.5218364,-74.69532579,0.129173,,18.9727,18.0821
469872633,303.1017522,-74.90737759,0.668917,,17.446301,16.562
1815619590,289.3713753,-75.05622679,0.055021599,,18.601101,17.723
1815705316,289.3810371,-74.70754717,0.114065,,18.6628,17.820499
1815709256,289.2639511,-74.5657686,0.082391597,,18.612301,17.756201
1815709573,289.2708676,-74.43515623,0.24398699,,18.5016,17.6215
469873034,303.2832448,-74.14187827,0.38679799,,18.4842,17.597799
469873088,302.9860017,-74.0593861,0.95034301,,18.0686,17.193701
1922122983,296.0340134,-75.86907892,-0.0480306,,18.773199,17.8584
265125607,293.579224,-74.74917309,0.36532599,,18.3269,17.463699
265125835,293.5134639,-74.42502879,0.41082299,,18.363199,17.506001
265125568,293.8298338,-74.78832837,0.481877,,18.448999,17.542601
1987891911,300.0989207,-75.26577076,0.061646201,,18.356199,17.4571
1987891381,300.992913,-75.4086338,0.171976,,18.4438,17.581699
1987901628,300.9179299,-74.06068149,0.089912303,,18.754999,17.904499
1987901063,300.6071706,-74.30249316,0.0234141,,18.3083,17.5933
1987891345,300.8374235,-75.47365922,0.158613,,18.504299,17.6257
1987895837,302.8672309,-74.67659098,0.14990801,,18.6569,17.7829
1987899361,302.6127974,-74.21229239,0.240393,,18.5401,17.718399
1987899987,302.4416368,-74.21291525,0.214229,,18.7756,17.900101
1987900151,302.7626123,-74.07282124,0.132138,,18.3736,17.574699
1987884377,302.8941688,-75.82194857,0.0839452,,18.5397,17.606899
1987894998,302.8171378,-74.8076107,0.0952852,,18.4578,17.6877
1987899482,302.933668,-74.12278618,0.212,,18.4711,17.669001
1922178451,297.7401176,-74.09620076,0.043553501,,18.7659,17.9641
1922138608,290.2865442,-75.96846275,0.150867,,19.1101,18.2127
1922139034,290.4057867,-75.79379768,0.27973899,,18.8724,18.08
1922145667,296.1249386,-75.05280444,-0.15454599,,19.0791,18.1922
1987892256,300.0327906,-75.16210719,0.0025289799,,19.2848,18.331301
1987881507,300.8697902,-75.94733249,-0.0082684597,,18.871901,17.998199
1922150288,290.1766167,-75.72468681,0.35282499,,20.071301,19.193701
1922150389,290.4323285,-75.70716504,-0.0578482,,19.1611,18.3416
1922150412,290.3545028,-75.68683657,0.23594899,,18.681,17.8531
1922150550,290.4830935,-75.61627815,0.033201002,,19.8321,18.9226
1922150893,290.3175653,-75.38973327,-0.043656599,,19.7938,18.9641
1922152421,290.3508474,-75.39096487,0.42884099,,18.4506,17.5812
1922168948,298.6159468,-74.46450327,-0.0124512,,18.7486,17.866501
1922172606,298.5240599,-74.22959519,0.212446,,18.7582,17.872499
1987898570,301.3321518,-74.2518948,-0.162258,,18.8869,18.0042
1922153740,290.2191838,-75.2000643,0.40387499,,18.446501,17.607599
1922153845,290.336982,-75.13471851,-0.86349899,,20.285101,19.441
340777876,291.6999248,-75.11812683,1.97621,,13.524,12.6304
1815709572,289.2276828,-74.44458647,0.0135375,,19.1224,18.227301
1922158735,294.9232945,-74.76270462,-0.0705982,,18.9981,18.0986
340777375,291.7177157,-75.87204313,1.38229,,13.1021,12.2493
340791064,292.665897,-75.62774781,1.64228,,13.2058,12.4654
340777914,291.8986775,-75.06055236,0.99953997,,13.9417,13.2139
1922155050,290.4189795,-74.92856069,0.25720999,,18.440201,17.675501
1922155112,290.241725,-74.92173735,0.26671401,,20.2152,19.3388
1987881432,300.8745874,-75.99187893,-0.088742599,,18.8242,17.931499
1987895835,302.8903364,-74.67676174,-0.033418901,,19.081301,18.1882
340790994,292.4136607,-75.73257649,0.66075802,,15.857,14.9701
398463726,299.576446,-75.94554905,0.512582,,15.8192,14.8687
1987887371,302.8742039,-75.45305231,-0.161966,,18.9856,18.1078
1987887886,302.8829857,-75.40277246,-0.213212,,19.017,18.1873
1987888896,302.6215873,-75.15450867,-0.23964,,19.1992,18.304899
340777628,291.691509,-75.51494246,0.71651798,,15.8945,15.017
340777722,291.9244962,-75.36759611,1.14662,,14.7031,13.8122
1987896449,303.0088476,-74.44304002,-0.506589,,19.1698,18.411699
1815619092,289.2044019,-75.21352626,0.043184899,,19.025801,18.163401
1815703846,289.3086163,-74.95319231,-0.033082701,,18.9485,18.071501
1815709252,289.373065,-74.55991134,-0.13958301,,18.881599,18.083599
1922192085,290.1986128,-74.65337416,-0.051245801,,18.905199,18.140699
1922192089,290.246762,-74.63682397,0.213576,,19.9009,19.0791
1922192784,290.2415423,-74.60669821,-0.087772503,,20.3703,19.521
1922192809,290.3195906,-74.57839205,-0.010438,,20.042,19.271601
1922193027,290.3001116,-74.55526316,0.32331699,,19.0583,18.346201
1922193028,290.3552799,-74.54040076,0.152905,,18.845501,18.0495
340790989,292.3775574,-75.74018276,1.0382,,15.0313,14.1197
398464236,299.7289564,-75.00220308,0.50444603,,15.8996,14.9639
352226117,288.275191,-74.16402522,0.132283,,14.9413,14.0565
1987891105,300.6478425,-75.5334565,0.076838396,,18.863001,17.978701
1987897073,300.8688192,-74.67786015,-0.161245,,18.7012,17.9081
1922193399,290.38569,-74.36153123,0.20409299,,19.8004,18.9554
1987900150,302.6720744,-74.07002375,-0.374807,,19.114901,18.264999
1987884397,302.9740259,-75.77655663,0.225086,,18.541201,17.6647
1987887974,302.9393192,-75.28179365,0.079742201,,18.8176,18.000099
340777494,291.9516728,-75.69399514,1.79019,,11.3429,10.5784
466684415,295.7472444,-75.3030328,3.1947601,,11.3376,10.5547
407934385,291.1455561,-74.82288288,1.13943,,13.5111,12.7522
407934820,290.9815038,-75.50655794,4.5917101,,11.0163,10.2583
340787853,292.3224574,-74.9332662,1.52632,,12.1464,11.5227
398464274,299.5744298,-74.94020282,0.51722401,,15.9558,15.0409
340788022,292.1204406,-75.1739188,3.5969999,,7.83145,7.3822999
352188401,288.0395535,-74.02237363,5.6413898,,11.619,10.7696
265125789,293.589281,-74.48455034,3.5966799,,11.1152,10.4888
466684940,295.7194454,-74.35087664,2.36748,,11.9758,11.1978
352187158,287.8255319,-75.91194328,1.18556,,13.6316,12.8206
407934065,290.9318816,-74.32764411,1.85265,,13.5863,12.753
407934882,291.0671583,-75.59853631,1.0660501,,13.3646,12.6506
340777527,291.8714354,-75.64283185,1.04899,,13.0877,12.1739
340788546,292.1951822,-75.93121434,0.650976,,13.5997,12.9184
265125724,293.6348618,-74.56570255,1.98057,,13.3441,12.4675
265125841,293.7296157,-74.41366374,3.2981901,,12.5406,11.6672
265126106,293.7812716,-74.04040972,1.19337,,13.0571,12.2464
340899126,294.0054105,-75.69524388,1.88345,,13.6922,12.7627
340899354,293.9424866,-75.35296275,1.8302,,13.6628,12.759
340899607,293.9136026,-74.93777121,2.1471701,,13.4775,12.5726
340899812,294.1040883,-74.65757992,1.57705,,12.9861,12.1224
466684250,295.8561443,-75.582933,1.3164901,,13.727,12.885
466684298,295.6117849,-75.49847403,1.3349299,,13.6984,12.8667
466685035,295.5676212,-74.20436662,1.69161,,13.1409,12.2898
1922194359,290.397326,-74.08849083,0.39706799,,18.5469,17.7719
1922194442,290.2461606,-74.06838749,0.163746,,18.866199,18.121901
1922194458,290.2931294,-74.04877763,0.50401503,,18.546801,17.728399
398464318,299.6408011,-74.8321096,1.77228,,13.6872,12.8162
398464483,299.5158089,-74.53801658,1.20435,,13.6926,12.9304
407933893,290.9636284,-74.09266864,1.1982599,,13.8765,13.0522
340900095,293.9604093,-74.22503889,1.1485,,14.6366,13.797
1922163254,293.5180389,-74.41055385,-0.40174401,,20.2318,19.4296
352188161,287.7434516,-74.42557273,0.14530601,,16.424601,15.8405
407934201,290.8069,-74.52397851,0.901694,,14.9766,14.0912
340777849,291.5896385,-75.16131833,0.69939101,,15.914,15.0199
340778088,291.6370227,-74.81961511,0.493922,,14.7699,13.9826
398463964,299.7055747,-75.48438453,0.22835501,,14.3518,13.6226
352187439,288.0065869,-75.47371302,0.311589,,16.4062,15.5901
1922164248,293.7136201,-74.21965066,0.048271101,,19.821501,19.090099
1922164461,293.6756432,-74.19829742,0.28336,,18.616301,17.833401
1922164548,293.4539696,-74.15737029,0.27540401,,19.125999,18.268499
466684905,295.6125505,-74.41453455,0.36277699,,16.4694,15.5854
407934007,290.9390115,-74.25893001,0.67830402,,15.6586,14.7882
340787751,292.3149931,-74.79615732,0.44328699,,16.3223,15.4433
340787848,292.0611617,-74.92775046,0.19177601,,14.9121,14.3777
340787855,292.1203134,-74.93352025,0.25644401,,15.7746,14.941
340899952,294.1405192,-74.43830625,0.50318801,,16.075701,15.1706
404191790,294.7887745,-75.67926949,0.52294701,,16.148199,15.2067
340791005,292.4006385,-75.71456621,0.182257,,17.339001,16.5474
398463956,299.5789672,-75.50989241,0.188777,,17.1807,16.2749
340777944,291.7623042,-75.01728233,0.40281999,,16.674999,15.7817
340777947,291.7906111,-75.01198265,0.33539101,,16.8536,15.9696
1922197261,293.6641013,-74.069044,0.20582099,,18.189301,17.544001
1922197324,293.5605417,-74.02415949,-0.46741101,,20.3321,19.5602
352187304,287.8993923,-75.68735859,0.57674599,,15.1353,14.4252
407934443,291.0867456,-74.903908,0.64652199,,14.8546,14.0318
340777528,291.7039729,-75.64171539,1.24125,,13.8337,13.0516
340777716,291.6424187,-75.3820301,0.352339,,16.3545,15.4537
340777954,291.8211429,-75.00542746,0.619488,,15.0893,14.2377
398463729,299.578826,-75.9431936,0.47913399,,16.011299,15.0861
340777761,291.6789751,-75.31521711,0.51269197,,15.0052,14.135
340899432,293.954331,-75.22896904,0.75787598,,14.838,13.9291
340900197,294.2809184,-74.10686636,0.90957201,,14.1992,13.3116
1922143807,295.2983404,-75.56192414,0.285916,,18.621201,17.768299
1922143777,295.2408419,-75.6015214,-0.31804201,,20.640699,19.7493
340777870,291.7337456,-75.12637395,0.00707254,,16.5208,15.7782
340777750,291.8373716,-75.33331587,0.418845,,15.6354,14.7654
404191727,294.9888505,-75.55642978,1.00843,,14.1754,13.3906
404191833,294.8187168,-75.74966406,1.0909899,,14.1773,13.2364
466684079,295.6315103,-75.88459009,0.54653198,,14.3937,13.6408
466684180,295.6705449,-75.689668,0.925758,,14.8202,13.9365
466685067,295.7173192,-74.14551468,1.55308,,14.1236,13.2425
340777755,291.7261757,-75.32712204,0.38804701,,16.6835,15.7834
340777348,291.8702665,-75.92411634,0.176158,,17.982901,17.0979
466684406,295.6406873,-75.31950811,0.63681102,,15.8381,14.933
340777337,291.6185733,-75.93851106,0.090172,,18.3074,17.366899
1922144930,295.2554947,-75.33548131,-1.77973,,20.756901,19.887699
352187739,287.6853508,-75.06123892,0.917041,,15.2699,14.4613
352226372,288.2733889,-74.52744968,1.0181,,14.8907,14.0718
352226964,288.3327456,-75.46311013,0.60918701,,15.2568,14.4342
352227284,288.1411857,-75.95072237,0.73020399,,13.9299,13.0755
407934164,291.1256675,-74.47854152,0.72964901,,15.4228,14.5282
407934319,290.8902608,-74.70517194,0.72001302,,14.7343,13.9074
1922148100,295.1968552,-75.18837718,0.58718902,,18.6637,17.871799
1922148384,295.3227044,-75.06615997,-1.2768,,20.032101,19.1688
1922148409,295.3440243,-75.04360208,-0.25262699,,20.273701,19.3734
407934415,290.8619962,-74.86401642,0.84100902,,14.9377,14.0795
407934638,291.0141301,-75.19752182,0.61950302,,15.9282,15.0262
340777359,291.6821521,-75.90602564,0.36311999,,15.8074,15.1423
340777409,291.9435238,-75.81478117,0.44060999,,14.4324,13.6918
340777461,291.7508773,-75.74124103,0.63768899,,14.9946,14.1965
340777542,291.6786981,-75.62416058,0.31287101,,18.116199,17.220699
340777782,291.8734381,-75.27710956,0.17368799,,18.245899,17.418301
340777501,291.8336394,-75.68089349,0.79591799,,14.5985,13.7924
340777770,291.6026125,-75.29693511,0.60904002,,15.3309,14.5667
340777922,291.8763143,-75.04805862,0.73157102,,14.4533,13.6756
1922148470,295.245229,-74.99141821,0.46245599,,18.5333,17.6586
340790907,292.421349,-75.86054658,0.33556399,,17.3536,16.4669
265126088,293.8141432,-74.06781787,0.66778398,,15.8286,14.9414
265126108,293.8585501,-74.03959583,0.67695397,,15.5101,14.6337
398464009,299.5657592,-75.40205464,0.18970799,,17.962,17.1014
398464232,299.8901109,-75.00782866,0.25785899,,18.1194,17.310301
340899180,294.1292735,-75.62918665,0.458848,,14.4507,13.6411
340899602,293.9317917,-74.95349745,0.87977499,,14.69,13.848
340899857,294.0136422,-74.59691111,1.09526,,15.6275,14.7491
404191747,294.9267365,-75.6036534,1.08811,,14.6899,13.7835
340777306,291.7191869,-75.97109548,0.26220599,,17.441099,16.5
1922159232,295.233919,-74.49386371,0.190525,,18.567301,17.761499
1922159233,295.2328452,-74.48573329,0.275233,,18.2145,17.5399
466684856,295.8550604,-74.4903386,0.55381799,,14.1254,13.498
398464018,299.7827773,-75.39035959,0.36116299,,15.5595,14.6887
340777618,291.9399893,-75.52311025,0.25323799,,17.381201,16.467899
340777781,291.7655952,-75.27898763,0.25970799,,17.7458,16.8396
340791026,292.3627628,-75.67400979,0.18954299,,17.196699,16.3703
398463951,299.5384929,-75.52616908,0.436555,,17.2325,16.301901
398464109,299.4732979,-75.22635713,0.53231299,,14.9702,14.1579
398464167,299.7614237,-75.12117435,0.99030298,,13.893,13.0671
1922177512,295.2905312,-74.25380752,0.35095,,18.578199,17.696699
1922177455,295.2806849,-74.26970335,-0.475532,,20.6756,19.8305
398464556,299.4401375,-74.42444256,0.54423302,,15.5435,14.6328
1922177538,295.2121102,-74.21216166,-0.26390401,,20.1562,19.3046
1922180630,295.3099054,-74.15550614,0.24682499,,19.1861,18.3009
340777489,291.7026232,-75.69856372,0.27624401,,16.951401,16.033001
340777875,291.6435454,-75.1205946,0.36388701,,17.050699,16.1374
340777467,291.5747811,-75.72777664,0.205816,,18.4692,17.5497
340777953,291.8640925,-75.00610303,0.155845,,18.265699,17.4354
1922126381,299.1821912,-75.97293214,-0.118219,,20.235001,19.375401
340777381,291.5710244,-75.86691089,0.355746,,17.670601,16.8766
398463869,299.8190079,-75.65158288,0.048422098,,17.824699,16.885401
1922127341,299.3206915,-75.86555301,0.28830901,,18.574699,17.7092
1922127406,299.1442416,-75.81706161,-0.101265,,19.746599,18.822701
1922127432,299.3747436,-75.78259,-0.541996,,19.9827,19.0506
1922127594,299.0898405,-75.78716375,-1.48115,,20.056601,19.112499
1922127685,299.2819022,-75.66932471,0.361036,,18.724001,17.8221
340790945,292.4550499,-75.81686682,0.12088,,18.507601,17.6292
1922128535,299.231838,-75.53991231,-0.52924901,,20.371201,19.5411
1922128836,299.1059027,-75.4085236,0.26935101,,17.631599,17.178801
1922128837,299.1570002,-75.38286569,-0.502321,,20.1964,19.275499
1922132361,299.1369886,-74.9843316,0.209114,,19.380501,18.4499
1922132369,299.1495947,-74.96248991,-0.25389001,,19.9716,19.202101
1922132354,299.1705866,-75.00119754,0.081404999,,20.011,19.1898
1815616536,289.3736602,-75.61160388,0.149276,,18.3395,17.4606
1922169501,299.2978624,-74.24835522,0.186652,,19.741501,18.8995
1922172429,299.2280824,-74.25231304,0.074173898,,18.9333,18.1402
1922172432,299.2166427,-74.23558234,0.30443001,,20.200001,19.305099
340787903,292.0192019,-75.01741421,1.45441,,13.9874,13.0925
340788548,292.3143054,-75.93276182,0.36408201,,17.024401,16.1791
340899875,293.9876388,-74.57821522,0.28804699,,17.360901,16.4545
340899438,294.1967465,-75.22395402,0.40842801,,16.846001,15.9597
1815704154,289.2473511,-74.88934101,0.0777376,,18.130301,17.392
1922174490,299.1985965,-74.13317258,0.20253,,20.0205,19.2278
265125949,293.608251,-74.26142971,0.30953199,,16.958799,16.0856
404191775,295.0673273,-75.6517673,0.31511599,,17.6458,16.7307
404191804,294.8478338,-75.70611319,0.174137,,17.0177,16.178801
466684126,295.8269936,-75.80359285,0.279387,,16.448799,15.6792
398464022,299.5724923,-75.38434497,0.27746499,,17.1684,16.246
398464800,299.7658693,-74.02039083,0.41628799,,17.023199,16.116699
340777971,291.8365945,-74.98307714,0.30365899,,16.840599,15.9497
340787907,292.2766814,-75.02255357,0.368036,,16.9415,16.0991
340899315,293.9522846,-75.4067181,0.26601699,,16.9688,16.1243
340899807,294.2471648,-74.66408425,0.40024099,,16.85,15.9539
407935071,291.1074322,-75.96809515,0.32524699,,16.9205,16.0296
340777454,291.7885043,-75.74801866,0.36289501,,16.719299,15.964
340788400,292.033061,-75.71986155,0.221338,,16.946699,16.036501
1922127781,299.4479062,-75.61861591,-0.579422,,19.8825,19.053699
340899858,294.0359143,-74.59551782,0.37455201,,16.562599,15.854
398464052,299.5519191,-75.33745908,0.62052298,,16.713301,15.8354
407934100,290.8990795,-74.38737689,0.30538601,,16.659401,15.8015
1922127818,299.6103433,-75.56628189,-0.125184,,18.8978,18.1306
1922128561,299.3285273,-75.49323243,0.36445901,,18.606899,17.7617
352187161,287.8175388,-75.90608162,0.51989102,,15.9872,15.1073
407934474,290.8309488,-74.94280575,0.38907999,,16.268299,15.3785
340778028,291.5763755,-74.90287821,0.28729999,,16.4261,15.7803
407934514,290.8043195,-75.00085543,0.67536998,,15.5628,14.7274
1922146596,294.0953951,-75.304807,0.143509,,18.1675,17.434099
340777605,291.9460548,-75.54240037,0.85195202,,14.51,13.6047
340899437,294.2996047,-75.22474683,0.71131098,,15.0222,14.1453
1922131607,299.284789,-75.20107725,0.202242,,18.4858,17.757
1922132309,299.2960836,-75.01202649,0.36607701,,18.952,18.020201
1922168212,299.1086025,-74.67756387,-0.225251,,19.240999,18.4356
1922168214,299.1634192,-74.67781359,-0.49251601,,20.5516,19.643101
1922168055,299.3439952,-74.65194546,-0.82647699,,20.3738,19.5214
340899028,293.9629477,-75.87628903,0.48502299,,16.531099,15.6054
1922159320,294.0653704,-74.72952815,-0.110042,,18.2763,17.3692
407934128,290.8773808,-74.42879913,0.89931601,,14.5138,13.7363
1922168402,299.4004666,-74.53396751,0.252471,,18.8283,17.9678
407935044,290.8475359,-75.91562677,0.61043203,,15.9424,15.1271
340777874,291.7130508,-75.12114197,0.65331399,,15.7081,14.8174
1922159853,294.2385001,-74.50362159,0.135975,,18.183599,17.444401
265125794,293.724701,-74.47684702,0.66593999,,15.9914,15.0951
1922169196,299.2732517,-74.42674998,-0.448073,,20.0844,19.2265
340898987,294.235559,-75.93954229,0.41740701,,16.042801,15.2782
340899158,294.2463665,-75.65672639,0.59528798,,16.188299,15.3206
340899566,293.9441627,-75.0140611,0.49117801,,15.5682,14.6664
340899568,294.1326764,-75.00688087,0.69200498,,15.7869,14.9428
1922164950,294.1032414,-74.06561016,-0.075421304,,17.976,17.2495
1922164954,294.095622,-74.04215351,0.117501,,18.455299,17.594601
1922174257,299.4817284,-74.21696689,0.0135452,,20.297199,19.4326
1987900736,300.1058754,-74.35600372,0.073654898,,18.088499,17.189699
466682045,295.3574889,-75.9084504,-0.092407003,,15.9962,15.2532
1922174704,299.3618972,-74.052246,0.47112301,,18.8288,17.927299
466684594,295.8059515,-74.96257983,0.37288699,,15.7035,14.9346
466685081,295.5482928,-74.12019053,0.98581803,,14.6457,13.795
1987891245,300.3829068,-75.45623105,0.095454,,20.113199,19.220501
407934480,291.0465989,-74.94780478,0.238691,,16.306101,15.5598
1987892710,300.3225899,-74.84533229,0.10807,,18.6052,17.837299
340788293,292.107633,-75.58220933,0.30119401,,16.866501,15.9795
1987900666,300.1651734,-74.40946831,0.087488398,,18.542999,17.8078
1987901423,300.0305125,-74.16002824,0.287267,,19.637199,18.889
407934421,291.1085141,-74.86946653,0.41875601,,16.612801,15.7244
407935032,290.8107715,-75.89746525,0.44791201,,16.4482,15.5649
1987874820,305.1265476,-75.96886776,-0.29988199,,19.7125,19.0618
352226510,288.3931738,-74.75072594,0.97360897,,13.3086,12.6947
352226999,288.3500066,-75.51557014,3.95312,,11.3269,10.6198
407923486,290.7177322,-75.06342726,1.3944499,,13.7499,12.9339
352187549,287.9840326,-75.32445375,0.398415,,16.411301,15.5324
352226369,288.3567603,-74.51734503,0.396649,,16.509199,15.6691
352227110,288.2160486,-75.69262957,0.503654,,16.5434,15.6686
1987876746,305.0119165,-75.83807782,0.26730001,,18.6614,17.8535
1987876749,305.0996278,-75.83416564,0.35216299,,20.0235,19.153999
1815615765,289.3259948,-75.79077555,-0.175863,,18.554501,17.667299
1815616299,289.4403468,-75.62870548,0.127878,,18.4109,17.5222
407934009,291.099333,-74.26045557,0.495442,,16.112301,15.2635
1987876819,304.9828326,-75.79076336,0.052041698,,19.0439,18.2612
1987876827,304.995886,-75.76254537,0.517703,,18.6222,17.873199
1987877030,304.991025,-75.68741619,-0.362923,,20.275,19.5224
407923531,290.5633632,-74.98558836,2.93609,,12.2564,11.4858
407924028,290.6297624,-74.27837046,1.13999,,13.1092,12.2678
466681907,295.3463568,-75.63073134,7.35321,,9.88484,9.1701803
407935047,290.8122638,-75.9282288,0.364856,,16.290701,15.4886
352227099,288.36185,-75.67279137,1.59974,,11.6673,10.8477
466681670,295.406113,-75.19861327,3.0480199,,12.2677,11.5164
466681748,295.3875858,-75.33893179,1.43911,,11.3121,10.5495
1987877129,305.0940933,-75.66682936,-0.270924,,20.317101,19.452499
340788120,292.0207763,-75.30694645,0.31876799,,16.2402,15.383
1922163054,294.2962619,-74.4255877,0.068110302,,18.627501,17.786301
1987885417,304.9399126,-75.59962164,0.46820799,,18.9639,18.17
352226173,288.3905676,-74.2362075,1.9743299,,13.5085,12.654
352227097,288.0783099,-75.6714192,1.1748101,,13.0836,12.2829
340899159,294.2014796,-75.65576877,0.49118599,,16.4079,15.5135
352227076,288.3074282,-75.64610238,1.95161,,13.5026,12.6939
407923209,290.6573633,-75.49869406,1.72098,,13.0299,12.2484
407923259,290.5618317,-75.41437029,0.95800298,,13.6094,12.7998
466681063,295.3295677,-74.14808687,1.2459199,,13.1364,12.43
1987885420,304.9731096,-75.58339004,0.15868001,,19.9032,19.1231
466681305,295.1933559,-74.57082536,1.6236,,12.5343,11.7757
466681723,295.3489667,-75.29552028,1.8422199,,13.4412,12.5667
364111405,289.1937093,-74.61358206,1.38064,,13.8679,13.0542
352226580,288.2027722,-74.85759728,0.21179099,,15.8008,15.2473
407923699,290.5674597,-74.77147082,0.39141899,,16.1085,15.3695
340900163,294.1914909,-74.1546711,0.219458,,16.301399,15.4367
404191726,294.9738135,-75.55358932,0.38411799,,16.4702,15.5763
1987885473,305.1609675,-75.50766769,-0.71470201,,19.959299,19.198299
407924094,290.6643623,-74.19804128,0.88631302,,14.8509,14.0358
352227007,288.1730683,-75.5253603,0.31247199,,15.124,14.7154
407924218,290.6368261,-74.04023411,0.0254643,,15.5739,15.183
466681950,295.2923949,-75.71688298,0.108745,,15.6388,14.9829
466684177,295.7406196,-75.69620776,0.278864,,16.5756,15.6579
466684194,295.7689728,-75.66939577,0.453495,,16.6437,15.7344
466684255,295.6069577,-75.56606982,0.34117499,,16.283701,15.5142
352226973,288.2346773,-75.48163991,0.52605999,,15.9521,15.1733
466681593,295.1983801,-75.05889195,0.462881,,15.4447,14.7229
466681842,295.4865138,-75.50104326,0.55420101,,16.577,15.6804
1987885510,305.0799332,-75.49012822,-0.38980201,,19.981199,19.1203
1815616133,289.2092865,-75.79102388,0.152117,,18.834801,17.9671
1815705197,289.1899684,-74.81064364,-0.196226,,18.700199,17.843399
352226039,288.1958733,-74.03774119,0.41793999,,16.0963,15.3013
352227291,288.1712913,-75.96261902,0.31588399,,16.070299,15.2894
364111409,289.0918074,-74.61775954,0.42853099,,16.0165,15.3492
407923017,290.4857774,-75.81331363,0.42549899,,16.1082,15.2729
407923295,290.5430774,-75.35379251,0.197171,,15.6766,14.9163
1987885750,304.8439154,-75.35372066,-0.88642102,,20.303499,19.446501
466681193,295.1135082,-74.37341852,0.33237201,,16.009899,15.1816
466681651,295.2596408,-75.16173815,0.49024901,,16.136499,15.2497
352226399,288.2691683,-74.569127,0.53681397,,14.6724,13.7942
1815710076,289.5173086,-74.29923318,0.038618501,,18.846701,17.9867
340787883,292.1119482,-74.9651734,0.43109199,,16.643801,15.8194
340899473,294.2379804,-75.15303847,0.281021,,16.2925,15.488
352226455,288.183869,-74.66151235,0.45960799,,15.8015,14.9326
352226571,288.1845768,-74.84093121,1.0458699,,14.5621,13.7436
352227003,288.2433623,-75.51957582,1.06732,,15.1411,14.2893
1922143027,294.3241712,-75.6028432,0.060784999,,19.040501,18.113501
1922146395,294.3584592,-75.41785724,0.032039002,,18.699301,17.790001
1922159764,294.1944167,-74.5450974,0.231736,,18.712601,17.817499
364111402,289.0959942,-74.60883394,0.51979703,,15.4453,14.6058
364111403,288.9610237,-74.60885626,0.69826502,,15.4934,14.6339
407923184,290.4419481,-75.54654456,0.71244103,,14.9369,14.038
340899599,294.09941,-74.95593236,0.28224701,,16.6101,15.7481
1987885991,305.1445517,-75.35192436,0.26800999,,18.953501,18.096001
1987886016,305.3664409,-75.314989,0.402253,,18.797899,18.055901
1815705234,289.3961765,-74.77150451,-0.36388299,,19.4468,18.588499
466681195,295.4724045,-74.37624,1.68853,,14.0054,13.1286
466681790,295.4801664,-75.41512741,0.90366203,,13.7885,13.1421
466681823,295.3528531,-75.47255459,1.00363,,15.033,14.1061
398464020,299.5641384,-75.38964504,0.29617399,,16.6731,15.7525
398464314,299.4333733,-74.83680903,0.44833499,,16.498899,15.5896
407923058,290.6254271,-75.7368413,0.470588,,15.6625,14.9053
352226033,288.351842,-74.01859603,1.08665,,14.9612,14.0684
404191834,294.7369009,-75.75023697,0.092373401,,17.5448,17.070101
1815615761,289.2353008,-75.79101551,-0.38420701,,19.158199,18.372299
352226199,288.2528581,-74.27864864,0.67522299,,14.9049,14.0753
352226494,288.2436606,-74.71849694,0.53805101,,15.6301,14.7924
352226887,288.1657249,-75.34338404,0.151592,,17.0138,16.1752
407933895,291.0531626,-74.10264292,0.319343,,17.403799,16.560801
352226581,288.1742462,-74.85813611,0.57803398,,15.2712,14.3952
352226615,288.337393,-74.90973458,0.753052,,15.0773,14.1975
352226829,288.2068159,-75.26419017,0.64362198,,15.231,14.3632
352227032,288.2908796,-75.56921926,0.73733902,,15.0867,14.249
352227060,288.1416869,-75.61284056,0.67293602,,15.6919,14.8634
352226465,288.0574563,-74.67239861,0.77562201,,14.7803,14.0704
352226804,288.1272292,-75.20848929,0.82213998,,15.1354,14.3642
364111378,289.0770783,-74.57611166,0.50474399,,15.9558,15.1187
407934885,291.1617696,-75.60654566,0.207764,,18.1357,17.253201
407923096,290.4642461,-75.67060702,0.44658101,,16.0515,15.1457
407923831,290.4631381,-74.56818463,0.60785598,,15.8599,15.0073
1922159848,294.139444,-74.484922,-0.102376,,18.7913,17.9631
407924093,290.5704344,-74.19988299,0.42661899,,15.5375,14.7299
407924154,290.5546671,-74.1134923,0.71669501,,15.7106,14.868
407924182,290.7525446,-74.0824788,0.464975,,15.6294,14.81
466681059,295.3574806,-74.1408739,0.54011399,,15.4289,14.5635
466681214,295.4415851,-74.40729606,0.57394701,,15.6759,14.8237
466681398,295.1730774,-74.74170636,1.31607,,14.4274,13.5765
466684395,295.5733416,-75.33877167,0.21901999,,17.4363,16.544901
466684970,295.7402504,-74.29921671,0.18184499,,17.014,16.304399
398464197,299.8058551,-75.07573921,0.33129299,,17.689199,16.741699
466681530,295.2376668,-74.96930107,0.69485599,,15.738,14.8853
466681718,295.2663157,-75.28906591,0.70070601,,15.7458,14.8385
466681895,295.2750907,-75.611089,0.800749,,15.367,14.437
423266148,298.6977734,-75.7615307,0.48625901,,15.4544,14.5317
1988023457,305.1815001,-74.96281672,-0.080393299,,19.3486,18.5054
352187270,288.018461,-75.74800428,0.264348,,17.394899,16.6248
1988026022,305.2201081,-74.84340765,0.24876399,,19.3589,18.5509
352226961,288.2594257,-75.45453182,0.42171401,,16.7386,15.8757
1988026183,304.9129753,-74.82076043,0.706101,,19.103901,18.245501
1988026194,305.0870987,-74.80231969,0.129683,,18.9188,18.084999
1988026205,305.0263904,-74.77556457,0.24771,,18.9753,18.0856
1988026994,304.7745114,-74.61945799,-1.05049,,20.263201,19.576
1988027091,305.1363606,-74.55017494,-0.349929,,20.286699,19.469601
1988027261,304.9520755,-74.54112685,0.317682,,18.5501,17.777901
1988027274,304.9484107,-74.52367732,0.123663,,19.0247,18.160801
352226349,288.1117458,-74.49062323,0.69166601,,13.0625,12.4202
1988037391,304.9524507,-74.38213076,-0.51324701,,20.6444,19.774599
352226150,288.3732027,-74.20938522,2.8960299,,11.4358,10.5527
352226154,288.3785397,-74.21694804,0.83466798,,11.7362,11.1143
352226282,288.3054075,-74.38285012,4.56285,,11.1289,10.427
1988037407,305.0683521,-74.3617753,0.159852,,20.261299,19.3999
1988037409,304.9027655,-74.39227519,0.29506001,,18.539499,17.805
1988037438,305.2059013,-74.33725372,0.32556099,,19.054399,18.196301
398461157,299.3069524,-74.66578152,2.9782901,,11.9433,11.1722
1988037460,305.1647986,-74.29694038,-0.234074,,19.696899,18.9678
1988037495,304.8334042,-74.30450904,-1.35471,,20.668699,19.8053
352226227,288.0921078,-74.30729812,1.00357,,13.4384,12.5931
340849629,293.3650086,-74.39162771,1.76919,,13.1529,12.3667
398461381,299.2715136,-75.04705191,2.0095,,12.9405,12.0569
352226502,288.3650904,-74.72661758,0.42388001,,16.6255,15.7623
1988037781,304.9757042,-74.19221008,-0.41279799,,20.0653,19.1964
352226088,288.0914774,-74.10902655,0.54325199,,16.601601,15.6812
352226176,288.0893274,-74.23974893,0.092288204,,16.458099,15.6709
352226501,288.0589862,-74.7256167,0.192348,,16.848,16.037201
352226045,288.2980561,-74.04465682,0.33455101,,16.4172,15.5538
398460930,299.4318454,-74.29584399,0.53109998,,15.6655,14.7902
352226041,288.0947424,-74.03956441,0.52027297,,16.208099,15.3056
352226453,288.2835005,-74.65967891,0.50003302,,16.1681,15.2943
352226230,288.0976422,-74.31559403,1.24676,,14.0084,13.1265
352226566,288.0465588,-74.83595566,0.92432898,,15.522,14.6551
1988037801,305.3338486,-74.13302122,0.45819199,,18.8729,17.988501
1988037854,305.0471562,-74.08783753,0.153474,,19.1313,18.511299
1988038487,305.063356,-74.03000459,-0.26210701,,20.061701,19.342899
398464778,299.6178954,-74.05086171,1.45178,,13.9009,13.0585
398461664,299.1321206,-75.60403081,1.54917,,14.2441,13.335
352226140,288.1623206,-74.19706405,1.09457,,14.4547,13.6276
1988038799,305.6235409,-74.21895473,0.223195,,20.0016,19.156401
1922152424,290.5354987,-75.3596277,0.059021801,,19.670401,18.856199
352226414,288.1345951,-74.59269716,0.50605702,,14.814,14.0124
352226557,288.1293191,-74.82244919,0.66167098,,15.0432,14.2231
352226793,288.1181119,-75.19423112,0.52031302,,15.594,14.8302
340849626,293.3028391,-74.39401859,0.940162,,15.075,14.1916
1922164129,293.4629713,-74.30297627,-0.38361299,,19.728901,18.9436
1922164457,293.5954385,-74.20515291,0.077858798,,19.8365,19.044399
1922143781,295.2815927,-75.59130979,0.026244899,,20.0534,19.2439
1922160068,295.3204892,-74.43143596,0.082343802,,19.6285,18.829399
398461434,299.0889627,-75.15345387,0.65343601,,15.2562,14.3281
398461481,299.3225156,-75.25005072,0.61519998,,15.7939,14.9161
398461523,299.3036125,-75.32067436,0.93484098,,13.8792,13.0217
398461530,299.4202294,-75.33522275,0.75950903,,14.9726,14.0551
398461682,299.2536876,-75.63634112,0.63669997,,15.3355,14.6104
398461699,299.2757058,-75.68987745,0.984438,,14.8586,13.9604
1922174659,299.1095859,-74.12528891,-0.54766297,,19.895399,19.080099
1987876866,305.4595839,-75.77685777,0.20152301,,19.993999,19.126699
398461820,299.3631903,-75.92064239,0.786901,,15.1185,14.1658
1987885513,305.1818661,-75.4802711,-0.23212001,,19.7176,19.023199
1988037603,305.2840653,-74.23448012,-0.025327099,,19.8633,19.049801
1922138609,290.2672489,-75.96546163,0.21061701,,19.487499,18.621599
1922138855,290.2461542,-75.89026242,0.53110403,,19.4529,18.586599
1922150817,290.3185148,-75.48153752,-0.058777601,,19.0536,18.3237
1922154684,290.3444776,-75.0534135,0.72434902,,19.1474,18.2731
1922193652,290.3745555,-74.34216679,0.216359,,19.3104,18.450001
352187915,287.8021729,-74.80904228,0.231171,,17.015499,16.1504
1922148193,295.3053543,-75.09534818,-0.46256599,,19.190701,18.448799
1922148463,295.1051407,-75.01328832,-0.84244502,,19.2411,18.741899
1922159164,295.2375245,-74.52904611,0.25072199,,19.3962,18.525299
1922177463,295.3040125,-74.25570717,0.31041199,,19.318501,18.5201
1922131883,299.4607314,-75.1479834,0.0087371599,,19.2649,18.4373
1922127651,299.3203911,-75.68259871,0.33303699,,19.004299,18.204599
1922132605,299.2815142,-74.90683752,0.125818,,19.4228,18.577499
1987891032,300.2656075,-75.5631894,0.49482501,,19.291,18.370501
1987876843,305.2831494,-75.74914176,0.162902,,19.050699,18.292101
1988025943,305.1652564,-74.92369568,-0.200635,,19.4277,18.5515
1988027016,305.0814044,-74.61516396,0.064109698,,19.3573,18.486401
1988037434,305.0789717,-74.3511426,-0.0585947,,19.2486,18.483999
1988037442,305.1805839,-74.31485424,0.41493601,,18.9921,18.1015
466681864,295.1994267,-75.54317664,0.25631699,,17.002701,16.081699
352226292,288.2582477,-74.40296751,0.16279501,,16.560101,15.8262
407922949,290.4943574,-75.92471892,0.0036913001,,16.983,16.143999
407923360,290.5615836,-75.25835787,0.31556001,,16.926399,16.0702
407923538,290.7287349,-74.98104268,0.23648401,,17.3608,16.5662
398461268,299.2381575,-74.83179763,0.202888,,16.5721,15.7947
352226328,288.1827161,-74.45953346,0.52033103,,16.973301,16.166201
352226718,288.0694322,-75.05895474,0.37759599,,16.8305,16.000601
352226665,288.0408417,-74.96416943,0.28898999,,17.130301,16.292801
466684771,295.8486557,-74.64926493,0.255395,,17.1831,16.304899
352187269,287.7785619,-75.75070018,0.397302,,16.996599,16.1077
352226256,288.0788448,-74.34711595,0.41147399,,17.0292,16.1099
407934205,291.1420429,-74.52758784,0.34339601,,17.365601,16.470699
398460861,299.1916808,-74.17228119,0.436883,,16.6602,15.7701
398461347,299.1722488,-74.98692597,0.40321001,,16.892799,15.9862
398464684,299.4362609,-74.23278037,0.32597601,,16.868601,15.9755
398464782,299.7226575,-74.04683841,0.36729199,,16.736099,15.842
1922197253,293.4836326,-74.07022084,-0.229645,,19.7838,18.901199
1922197262,293.6111164,-74.073938,-0.104595,,19.712,18.855499
1922197332,293.6181137,-74.00360483,-0.21271899,,19.889299,19.1201
1922143808,295.3203716,-75.55733581,0.221016,,19.724701,18.8442
1922143861,295.151033,-75.55112872,0.106194,,19.803699,18.879101
466681257,295.4185717,-74.49122486,0.289015,,17.101299,16.245701
466681647,295.3793385,-75.15564719,0.16364001,,16.740801,16.015699
352226570,288.190911,-74.83982012,0.38805699,,16.950199,16.0835
352227093,288.3815847,-75.66933861,0.44422501,,17.2097,16.4069
407923160,290.6068776,-75.58145266,0.33227101,,16.799299,15.9049
407934731,290.8353299,-75.34609802,0.28563699,,17.162201,16.256399
352226675,288.379639,-74.99138019,0.29921201,,16.342899,15.6606
340788544,292.0843259,-75.9290352,0.31641001,,17.042,16.1751
340899157,294.085837,-75.65915421,0.25826001,,17.2619,16.3237
1922168259,299.2360031,-74.61447058,0.16436701,,19.377001,18.547899
1987890999,300.1034605,-75.61837775,-0.241419,,19.6401,18.740101
407924061,290.4250433,-74.23769616,0.37092,,16.893499,16.0478
466681871,295.3747524,-75.55258149,0.40514401,,16.9377,16.0543
352226060,288.3175866,-74.06906733,0.367309,,16.639299,15.7393
352187163,287.695828,-75.90337354,0.407756,,17.724701,16.8512
352187735,287.8421659,-75.06908505,-0.031818699,,18.114901,17.2796
1987885756,305.4137837,-75.49087901,0.139323,,19.5854,18.731501
1987886790,305.1928202,-75.20374576,0.186002,,19.2729,18.498199
1987886873,305.2467181,-75.12751214,0.0239722,,19.283199,18.486601
1988026006,304.9984616,-74.87278968,0.19209699,,19.5455,18.6894
1922153521,290.2791682,-75.24136722,0.096294202,,19.641701,18.771601
1922153849,290.2855426,-75.13814001,0.18136901,,19.6548,18.815901
352226617,288.2825036,-74.91127416,0.077459604,,17.712,16.98
352226531,288.2136145,-74.7761859,0.31841901,,16.467501,15.6452
1922154683,290.3759131,-75.06169449,0.107947,,19.527201,18.750401
1922155160,290.3454945,-74.848178,0.48371401,,19.772699,18.8857
1922194016,290.3134551,-74.21615064,0.472799,,19.8419,18.976601
1922164142,293.5524854,-74.2792578,0.210134,,19.7008,18.8673
352226260,288.3646398,-74.35353896,0.307078,,17.3067,16.395201
352226530,288.3493251,-74.77581799,1.3241,,14.3612,13.529
352226660,288.2238691,-74.95777829,0.85818499,,14.3484,13.5163
407923610,290.502118,-74.88790992,0.52002299,,15.4372,14.6604
466681532,295.1223982,-74.97140664,0.66119301,,14.6048,13.8079
352226391,288.3355785,-74.55134709,0.32695401,,16.5249,15.6509
1922143930,295.4078965,-75.47424712,0.235578,,19.9093,19.111
1922177519,295.3006297,-74.23467349,-0.54896802,,19.787001,18.9618
1922177921,296.719119,-74.04362392,-0.138188,,19.655701,18.775299
1922174467,299.3377304,-74.14908101,0.031975899,,19.9729,19.127899
352227103,288.3727785,-75.676332,0.79801297,,15.1477,14.3416
352226630,288.1575976,-74.92389179,0.61491501,,14.6855,13.8436
352226631,288.2112624,-74.9256935,0.57981199,,14.7627,13.9699
352227074,288.2909339,-75.64438764,1.2599,,15.0558,14.1745
340849491,293.3747027,-74.64823093,0.37433401,,16.389099,15.4938
398464755,299.7576024,-74.09011591,0.45994899,,16.428801,15.5204
1987892714,300.3401143,-74.83549973,0.29485601,,19.523399,18.7617
1987874817,305.1316419,-75.97737766,0.15417799,,19.7645,18.924801
1987876808,305.0943027,-75.80072639,0.099705704,,19.7321,18.9653
1987885532,305.0758785,-75.44048867,-0.14774001,,19.534599,18.7003
352227120,288.1861432,-75.70723334,0.25229201,,15.6627,14.8449
407923099,290.5074429,-75.66984649,0.73752803,,15.8621,14.9776
407923166,290.6278574,-75.5735464,0.51157701,,15.8937,15.0221
1988026211,305.0621275,-74.76850902,-0.073863201,,19.929001,19.1507
407923168,290.6793855,-75.57049795,0.69325501,,15.4019,14.5816
407923550,290.5120174,-74.96259926,0.60474801,,15.4669,14.6398
1922138852,290.2435081,-75.8918679,0.126931,,19.907499,19.0012
340899538,294.0491644,-75.05591433,0.21926901,,18.278601,17.3997
340899541,293.9317059,-75.05167055,0.24000899,,17.594999,16.865801
352226713,288.301973,-75.0503176,0.279854,,17.285999,16.4312
466681044,295.4235613,-74.11276529,0.47682899,,15.7743,14.8956
352227243,288.2406131,-75.88912155,0.77298498,,16.4065,15.626
1922194018,290.3035343,-74.21388599,-0.20729899,,19.496599,18.708099
1922194564,290.2771713,-74.0207598,-0.26263499,,19.605499,18.783701
1922164081,293.6128188,-74.28560706,0.31058201,,19.514601,18.7138
1922164247,293.6788362,-74.23351662,-0.097673804,,19.697701,18.8491
1922122195,295.2781484,-75.92340288,0.17863201,,19.7337,18.797701
340899627,294.0965399,-74.91006968,0.36115399,,17.320999,16.425699
340899854,293.9271661,-74.60010142,0.48134601,,18.007,17.1
1922148197,295.3641356,-75.09173415,-0.28935,,19.825701,19.063
1922150063,295.1719884,-74.73733799,0.62060398,,19.7472,18.862801
466681909,295.253009,-75.6346801,0.34905601,,16.6492,15.7493
1922127595,299.0957041,-75.77545739,-0.0422353,,19.8148,18.881701
1922127709,299.3875774,-75.69061601,0.22268701,,19.895201,18.9751
466684396,295.6029452,-75.33759687,0.21874601,,17.6201,16.7225
352226384,288.414025,-74.54379263,0.64126801,,16.2596,15.3926
1922174716,299.3003752,-74.03707959,-0.21308599,,19.820999,18.9841
1987900787,300.3897674,-74.28412643,0.068005502,,19.7665,18.993601
352226907,288.3304707,-75.37106564,0.12942199,,15.4944,14.9584
1987876821,305.0443081,-75.77897776,0.13890199,,19.514,18.7558
1987889699,305.0603628,-74.98860461,0.38380501,,19.931999,19.073601
1988025947,305.2246731,-74.91529567,-0.71087903,,19.845301,18.998501
352227090,288.1050084,-75.66559296,0.44287801,,16.372101,15.4887
407923064,290.4983366,-75.72816433,0.33715999,,16.533001,15.6353
407923074,290.4286013,-75.71796896,0.215689,,16.622,15.7194
364153871,291.3992691,-74.41485775,2.05972,,11.9225,11.2641
1988027046,304.9451763,-74.61608985,-0.150151,,19.7349,19.1105
364154534,291.4582456,-75.49663276,1.86789,,12.8828,12.0746
340849048,293.4006912,-75.40891274,2.7825401,,10.7782,10.0872
1922153854,290.4499234,-75.11785785,-0.188612,,19.3223,18.507099
1922193047,290.2627905,-74.52988182,0.36511099,,19.7307,18.910801
352226259,288.1809322,-74.35101372,0.34616801,,17.518,16.6576
1922122227,295.3111858,-75.85736111,0.49734899,,19.5881,18.6707
1922142103,295.248493,-75.7181071,0.083939202,,19.896299,19.124399
1922158888,295.4069817,-74.63569888,-0.251369,,19.67,18.907801
364154502,291.3417567,-75.42017431,1.08579,,13.4446,12.723
340848724,293.2585667,-75.92461733,1.48439,,13.2633,12.4637
340848796,293.3544961,-75.82153214,1.05048,,13.5121,12.6511
466681536,295.1398934,-74.98218925,0.41747499,,16.6066,15.7218
352226097,288.0939574,-74.13054587,0.39304301,,16.9312,16.089199
340848841,293.3079365,-75.75382378,1.0964299,,13.4898,12.6645
340849131,293.1557817,-75.26177244,1.55651,,13.1837,12.3618
466687903,296.1227237,-74.12174724,2.19771,,13.3329,12.487
466688381,296.0100744,-74.92930345,1.35507,,13.6807,12.8449
466681504,295.3854428,-74.93777999,0.284457,,17.254,16.415501
340849492,293.392955,-74.64774457,0.26095301,,17.2353,16.344801
1922177505,295.2207822,-74.25866013,-0.63268298,,19.9224,19.0595
1922126709,299.3737217,-75.88822032,0.090156399,,19.447599,18.720699
1922131880,299.2111998,-75.08679788,-0.192021,,19.7258,18.878599
340788248,292.2687692,-75.50527895,0.196211,,17.462099,16.5863
340788336,292.0106841,-75.63535046,0.20776901,,17.765699,16.863199
466688734,296.178304,-75.59983652,1.65448,,13.2806,12.4604
466688737,296.0675475,-75.60416211,1.67755,,13.5694,12.7589
364154228,291.2406506,-74.9799671,0.94998801,,14.0047,13.3119
340849393,293.4024263,-74.79285358,0.269793,,17.130301,16.319599
364154555,291.2043068,-75.53195822,0.61776602,,15.6551,14.7591
340849624,293.1854375,-74.39576616,0.172131,,18.4736,17.5791
398464621,299.6831693,-74.33077326,-0.084140398,,18.5334,17.6521
265126052,293.7703917,-74.12958296,0.118303,,17.7295,16.8909
340899874,294.220203,-74.5784232,0.206002,,17.7782,16.875299
1922128553,299.1887497,-75.49740915,-0.257745,,19.6306,18.721701
1922131612,299.3570122,-75.18709913,-0.29111201,,19.801399,18.978901
466687957,295.9477652,-74.18429593,0.37401,,15.5993,15.0177
364153959,291.5353465,-74.5684986,0.58795798,,15.6935,14.8902
340849621,293.2665407,-74.40087848,0.235981,,16.0224,15.202
340849713,293.3033544,-74.2550635,0.237147,,15.8977,15.0316
398464322,299.444087,-74.81473086,0.32948601,,16.9424,16.024
404191860,295.0162918,-75.7988386,0.28139701,,17.8974,16.9659
1987885452,305.2018416,-75.53876691,0.247456,,19.6287,18.9454
1988026157,304.9339492,-74.8718516,-0.402955,,19.7733,18.952499
423266104,299.0090417,-75.85195002,0.211523,,17.790701,16.8951
352226480,288.191152,-74.70002419,0.31584901,,17.274599,16.4062
340849880,293.2879672,-74.01088024,0.60811597,,15.8878,15.0285
364154111,291.2755053,-74.80570925,0.57395297,,14.158,13.4777
364154112,291.4643622,-74.80815836,1.25173,,14.3766,13.5056
466684776,295.609315,-74.64471024,0.254235,,17.593901,16.7337
466684830,295.6205015,-74.54932609,0.406414,,17.821501,17.0121
398463716,299.8130264,-75.96724896,0.39888299,,17.413,16.4916
398464354,299.7900043,-74.77460612,0.35605299,,17.3547,16.4807
398464432,299.8130592,-74.62490077,0.207619,,17.700701,16.823799
352226261,288.3453318,-74.35562895,0.334892,,17.170099,16.252199
1922150554,290.454153,-75.60309988,0.11818,,19.313601,18.488701
364154312,291.4471095,-75.09364477,0.56259799,,15.3987,14.5152
340848740,293.2839518,-75.8999656,0.95952702,,15.0342,14.1082
340848760,293.2890946,-75.87436126,1.04878,,15.2452,14.3403
352227053,288.3621391,-75.60462418,0.271631,,17.2782,16.461901
1922159206,295.143292,-74.54250102,0.18620101,,19.4499,18.605301
1922159227,295.0398244,-74.51609391,-0.029474299,,19.2901,18.4573
407934541,290.8025819,-75.04504654,0.056443699,,17.454901,16.575701
407934691,291.1439876,-75.29609815,0.111051,,17.495899,16.5886
340848772,293.2509116,-75.86264217,0.982243,,14.1111,13.3111
340849534,293.3222371,-74.54049212,1.4290299,,13.8996,13.0151
1922127336,299.1914832,-75.86807941,0.050643299,,19.633101,18.6791
1922131568,299.2875441,-75.25494508,0.17552,,19.523199,18.5996
1922131867,299.1369079,-75.12616866,0.335803,,19.480101,18.5924
466688267,296.2245315,-74.68833885,0.67874002,,14.1086,13.3619
364154535,291.3285146,-75.49797566,0.58923203,,15.429,14.586
1922132321,299.3351902,-74.98780551,0.24548399,,19.236601,18.356899
1922132662,299.2487471,-74.84958231,0.049148299,,19.3752,18.612801
466681529,295.3306687,-74.96701977,0.135425,,16.9179,16.2987
352226178,288.3238926,-74.24085984,0.34742001,,17.527,16.6819
364153961,291.3623856,-74.57105524,0.595779,,15.7032,14.8349
364154144,291.2657364,-74.8625915,0.57524502,,14.2044,13.4053
340788410,291.9881749,-75.73298423,0.27193299,,17.4039,16.5226
340788511,292.038058,-75.87675854,0.26205701,,17.5077,16.5765
265125743,293.8157466,-74.53567372,0.207846,,17.626499,16.7199
1987900453,300.0903811,-74.53829631,-0.0296962,,19.510799,18.596701
1987900668,300.2418297,-74.40109111,0.0148996,,19.011299,18.212099
1987889708,304.8911219,-74.98540617,0.30256301,,19.34,18.653299
340848887,293.2767135,-75.65055465,1.03644,,14.9931,14.1368
340849325,293.2060046,-74.90260222,0.889422,,14.7991,13.8841
340898991,294.2691146,-75.9334958,0.27607399,,17.354401,16.4135
340849385,293.4059669,-74.80435475,0.826074,,15.5208,14.6321
340849513,293.2497165,-74.58800063,0.72630501,,14.9844,14.1261
340849515,293.5020889,-74.58503358,0.985255,,14.3843,13.5239
1988025961,305.2742921,-74.91091862,0.21682601,,19.7465,18.859501
1988026200,305.0343496,-74.79500952,0.234512,,19.490999,18.6705
1988027064,304.9932058,-74.58380964,0.033234999,,19.560801,18.749599
340899161,293.9753125,-75.65310503,0.256872,,17.6509,16.7309
340849589,293.4008316,-74.45992198,0.59533501,,15.7183,14.829
466688112,295.9440993,-74.42837482,0.597256,,15.6535,14.7868
466684107,295.6277972,-75.83323198,0.218766,,17.3678,16.4841
1988037857,305.0657237,-74.08806574,-0.16568799,,19.296801,18.5207
352226350,288.4772466,-74.49151058,0.259877,,18.168301,17.3549
466684941,295.7929292,-74.34976699,0.25100699,,16.9578,16.1663
398464129,299.6429545,-75.18450179,0.197576,,17.441401,16.501301
352227119,288.0833703,-75.70451472,0.36017901,,17.2239,16.3598
466681216,295.4257369,-74.40975584,0.361525,,17.292,16.414
352226610,288.1111227,-74.89966636,0.273509,,17.5147,16.7015
352227073,288.1331583,-75.64322074,0.25313699,,17.192499,16.475
398461706,299.4164422,-75.70290337,0.18692601,,18.152,17.2167
352226309,288.3136232,-74.42165057,0.26606399,,17.362,16.538099
352226418,288.1241427,-74.60352049,0.27739799,,17.401199,16.542999
352226682,288.0503199,-75.0009736,0.19476099,,17.591499,16.718
352226666,288.3079779,-74.96559865,0.399589,,17.120501,16.318001
352226716,288.0848336,-75.05749245,0.401418,,17.2757,16.465799
352226760,288.2381909,-75.13575424,0.164079,,17.310499,16.5788
398464703,299.5228178,-74.19758125,0.023136999,,17.681601,16.7869
398460929,299.3505627,-74.29314555,0.486967,,17.1929,16.285299
407923877,290.6397425,-74.50568437,0.16116799,,18.135401,17.3158
398461006,299.3971937,-74.41440639,0.291049,,17.3426,16.4359
398461103,299.2917217,-74.56460299,0.166491,,17.7283,16.8015
466681254,295.3825466,-74.47878497,0.29479399,,17.33,16.521799
466681644,295.3305676,-75.14615272,0.42710999,,17.2236,16.3302
352226105,288.3750969,-74.14388496,0.400215,,17.7379,16.8535
352226225,288.1608729,-74.30533213,0.153099,,17.471901,16.584101
352226747,288.3189192,-75.12128336,0.20096201,,18.060499,17.2115
352226850,288.2390679,-75.28928645,0.211743,,17.919201,17.0401
466687901,295.9636802,-74.12107388,0.44716701,,16.976,16.156799
352226136,288.3236133,-74.19136988,0.203538,,17.625299,16.7255
352226279,288.1507478,-74.37984699,0.17506699,,18.0249,17.218201
466688823,296.2568259,-75.77593027,0.16624001,,16.735201,15.983
364153617,291.4586746,-74.0163505,0.42491299,,16.9739,16.104799
466688089,295.960348,-74.39977232,0.13187701,,17.6992,16.8207
364153958,291.3084724,-74.56712523,0.360192,,17.0779,16.228901
466681841,295.1411351,-75.50080857,0.101858,,17.8318,16.9244
352227046,288.2875543,-75.58849668,0.39357999,,17.011101,16.165001
352226626,288.0797857,-74.91804123,0.38794199,,16.785601,16.0518
352226799,288.3176084,-75.20221416,0.253187,,16.907301,16.072201
398464417,299.7913328,-74.66239856,0.41581801,,17.9725,17.066401
398460928,299.197146,-74.28979914,0.24310599,,17.940399,17.035101
352226965,288.3085301,-75.4637194,0.202787,,16.968399,16.135799
364154160,291.5066961,-74.88389871,0.211311,,17.3627,16.493
340849047,293.2100411,-75.41354452,0.50314498,,16.468399,15.6041
364154471,291.2447434,-75.38180531,0.347846,,16.689501,15.9068
407923715,290.4897031,-74.74630184,0.161247,,17.332701,16.501801
466687902,296.0368311,-74.12130665,0.39205101,,16.9788,16.090099
466687941,296.0777892,-74.16816075,0.340249,,16.804399,15.9726
364154265,291.4326675,-75.04707813,0.27722299,,16.4459,15.596
352226148,288.2678985,-74.20726661,0.32644901,,17.995701,17.1192
352226423,288.0846354,-74.60974056,0.217098,,17.7451,16.880899
352226527,288.3109949,-74.77365407,0.17958499,,17.5951,16.723301
352226735,288.2097071,-75.08802084,0.30419701,,17.298901,16.4172
364154503,291.5520935,-75.42090537,0.170991,,16.6409,15.7701
364154057,291.2155642,-74.72398308,0.347197,,16.0317,15.2054
352226559,288.1040991,-74.82658677,0.38214201,,17.729601,16.8929
352226754,288.2992727,-75.12993283,0.076448597,,17.954,17.138
352226779,288.1529054,-75.17460216,0.28436401,,16.803801,15.9326
364153657,291.2075765,-74.07471318,0.63761997,,14.7388,14.0089
340848840,293.2096073,-75.75601274,0.7845,,14.6652,13.8108
407934849,290.9835028,-75.54920994,0.33892801,,17.1551,16.2453
407935043,290.9567964,-75.91516556,0.490453,,17.095699,16.172501
340777497,291.7499236,-75.68639396,0.226879,,16.931999,16.013599
398464708,299.4933506,-74.18804968,0.25799701,,17.776699,16.873301
398461702,299.1547959,-75.69845578,0.0311139,,17.689199,16.751301
340848892,293.2345867,-75.64257654,0.36938599,,16.0835,15.3775
407924073,290.7609486,-74.22525111,0.303045,,17.0874,16.291401
407924095,290.605772,-74.19748496,0.082868502,,17.3915,16.5553
398461822,299.1185679,-75.92660624,0.158905,,17.586201,16.6283
340788290,292.0496079,-75.56829017,0.44050699,,16.991199,16.0933
340788411,292.0771888,-75.73579794,0.286176,,16.803699,16.0019
340899164,293.9696997,-75.64848685,0.498198,,16.890699,15.9612
407924215,290.5253816,-74.04251262,0.29653001,,17.345699,16.5392
466682047,295.2576112,-75.91209379,0.17718799,,17.558599,16.6838
352226518,288.3699713,-74.76139229,0.25870699,,17.5935,16.7974
352226688,288.3618973,-75.01392563,0.071307503,,17.7176,16.8818
352226758,288.1263959,-75.13390693,0.377657,,17.2784,16.395901
398464754,299.7166993,-74.09334858,0.16065,,17.747801,16.842501
466688466,296.0278449,-75.08345279,0.61356199,,15.7048,14.8965
340899398,294.0764008,-75.27501151,0.31869,,16.7082,15.8658
340899713,293.9747077,-74.78560311,0.231389,,17.212999,16.333599
466682087,295.4499281,-75.99263317,0.19760799,,17.428801,16.547501
340849827,293.2002996,-74.08093169,0.37439999,,16.573299,15.6933
398460860,299.3072258,-74.16993355,0.35103101,,17.619499,16.747999
398461482,299.3461566,-75.25004912,0.33255801,,17.5954,16.6635
466684438,295.5913944,-75.25662586,0.413187,,17.0697,16.167
364154161,291.5258389,-74.8862966,0.58109498,,16.031601,15.1458
364154465,291.3195983,-75.37563244,0.44159499,,15.9536,15.1125
352226812,288.4180953,-75.22042233,0.2041,,17.2416,16.5369
364154772,291.220307,-75.86136252,0.43564001,,16.182301,15.2807
364154841,291.3460787,-75.98930696,0.46448001,,16.6723,15.748
340848881,293.4854447,-75.66994031,0.44025999,,16.429001,15.5242
340849586,293.3210036,-74.46076553,0.84832299,,15.5433,14.6553
466684957,295.8738645,-74.32324196,0.372711,,16.831499,15.9434
398464362,299.6349005,-74.76338378,0.51615798,,16.7201,15.8103
398464363,299.5943666,-74.76027077,0.40951499,,16.957701,16.041599
466688346,295.8780939,-74.84203385,0.44370201,,16.485701,15.6239
352226691,288.2405448,-75.02336954,0.209483,,16.9188,16.4998
466688745,296.049763,-75.63065068,0.34723201,,16.247601,15.4289
466688917,296.0694799,-75.9513199,0.34431899,,16.3799,15.4393
466688940,296.1680361,-75.98720474,0.63625199,,16.128099,15.1675
364153845,291.3933319,-74.37231168,0.50812203,,16.8766,16.0007
466688879,295.9775327,-75.87978433,0.35734099,,16.6555,15.7062
364154595,291.3482195,-75.58402315,0.23774,,18.139099,17.301701
352226757,288.2134457,-75.13328943,0.103506,,18.033701,17.2276
398464749,299.7887676,-74.10260295,0.173491,,18.185699,17.2808
398461063,299.2371784,-74.50821354,0.0099056503,,18.375299,17.454
340849028,293.4195602,-75.44424497,0.32790899,,16.5707,15.9419
466687953,296.2080485,-74.18203882,0.140634,,17.4958,16.631201
1815710901,287.6060931,-74.49670656,0.091865599,,18.310699,17.480101
340849130,293.4554578,-75.2628567,0.236059,,17.2055,16.312
1922151496,291.3434155,-75.43425024,0.25193301,,18.2262,17.461599
364111428,288.9446555,-74.64906612,0.403835,,16.757299,15.9063
466687828,296.0821386,-74.00768586,0.249889,,17.454,16.5716
1922154558,291.3381737,-74.90421609,0.14691301,,18.192301,17.355301
1922155399,291.3747807,-74.81659263,0.17731901,,18.1457,17.247299
407933869,290.8114878,-74.0501485,0.245776,,17.7773,16.965099
407924135,290.6228958,-74.13903859,0.29939601,,16.674101,15.8612
407934270,291.1051666,-74.6202481,0.087851301,,18.133499,17.2631
352226037,288.3926591,-74.02632313,-0.098838598,,17.910601,17.004601
352226574,288.3128914,-74.84605173,0.32587001,,17.9674,17.1008
340787757,291.9951234,-74.80681812,0.16694801,,18.3419,17.437799
466688735,295.9738017,-75.60164218,0.295174,,17.279699,16.392599
407923400,290.5817305,-75.20282521,0.112181,,17.2976,16.4111
407924249,290.49723,-74.00374471,0.116385,,17.6161,16.743
466681505,295.2025453,-74.93921456,0.317772,,17.2743,16.378
340899596,294.0847396,-74.96571132,-0.0486557,,17.9688,17.1751
340900101,294.1215939,-74.22054372,0.32835701,,18.199301,17.303101
364154108,291.3433032,-74.80280041,0.206185,,18.2437,17.382601
364154262,291.2591259,-75.0402879,-0.0287604,,17.8964,17.0716
352227186,288.1663912,-75.80554927,0.122246,,17.675699,16.8829
407923206,290.5771674,-75.49987816,0.408802,,17.903099,17.0231
407923399,290.5170799,-75.20564406,0.19505601,,17.9904,17.233801
466684857,295.5257208,-74.48986039,0.112869,,17.8232,17.0354
466684988,295.811696,-74.27825084,0.40141901,,17.740499,16.8834
466685064,295.6034639,-74.15107726,0.29541299,,17.799801,16.947201
340848888,293.1969832,-75.64813527,0.105354,,17.9349,17.028299
407923616,290.4302284,-74.88093663,0.143068,,17.9956,17.124201
407923773,290.6035076,-74.64855365,0.0029071199,,17.858601,17.091801
398464455,299.501413,-74.57701926,0.295021,,18.2178,17.370001
340849294,293.2131667,-74.95610023,0.278523,,17.627701,16.724001
340849503,293.2030446,-74.62583893,0.33926201,,17.104099,16.2876
340849738,293.2740819,-74.21836212,0.22135501,,17.625099,16.838699
340849850,293.4114844,-74.05052453,0.20537101,,17.8323,16.932899
407934165,290.9813997,-74.48406205,0.206264,,17.543301,16.658501
407934732,290.875122,-75.34629112,0.345599,,17.6453,16.729799
466688198,295.9523128,-74.58345367,0.188279,,17.4979,16.6595
466688412,296.2453552,-74.98687894,0.21897499,,17.3295,16.4464
466681328,295.1582641,-74.62643397,0.068177499,,17.8741,17.054199
352226972,288.2594835,-75.48130253,0.32113701,,17.572599,16.792601
1922170545,297.3189531,-74.54945197,0.21191899,,18.393,17.5291
340787812,291.9866519,-74.88111126,0.21091101,,17.580999,16.688499
265125726,293.685207,-74.56398883,0.200819,,17.3043,16.487101
466688697,296.1781521,-75.53980545,0.108178,,17.8552,17.0506
407923615,290.4169156,-74.88160801,0.44122899,,17.3692,16.5194
466681213,295.3538453,-74.40518673,0.193454,,17.4849,16.635
466681791,295.2759403,-75.41582258,0.39495999,,17.901899,16.9751
340899536,294.006618,-75.05718016,-0.059543699,,17.8022,16.906799
352187686,287.8808755,-75.15583227,0.201848,,18.0784,17.233299
364153957,291.1883343,-74.56062218,0.31536299,,17.744101,16.8862
364154842,291.2769097,-75.98982298,0.18409801,,17.792101,16.9046
340848793,293.2297492,-75.83035944,0.26941901,,17.677999,16.761499
340849465,293.471386,-74.68726541,0.214138,,17.6623,16.8009
340849855,293.4174223,-74.03876942,-0.176488,,18.179501,17.307301
466687960,296.0847785,-74.19247847,0.246049,,17.8501,16.9725
466688736,296.0946093,-75.60375087,0.35793599,,17.654699,16.7614
352226448,288.3728586,-74.64836039,0.10496,,17.892599,17.0399
352226828,288.1644219,-75.25879112,0.25260901,,17.645599,16.806
352226603,288.2515847,-74.88833224,0.240823,,17.757601,16.903099
407934340,291.1328677,-74.74035105,0.17429601,,18.0989,17.2222
466695671,297.0523213,-75.94665655,0.34679201,,17.295,16.335899
352227114,288.2889513,-75.70067495,0.108383,,17.457399,16.750601
407934655,291.0631056,-75.23458921,0.083307602,,18.071199,17.1626
407934883,290.861308,-75.5989748,0.318578,,18.3106,17.4126
340849402,293.3896553,-74.77432797,0.30509201,,17.2043,16.350599
352227167,288.1325885,-75.78258129,0.178122,,18.177601,17.351101
407923357,290.5034085,-75.26092532,0.0942109,,18.3909,17.511
466681166,295.4192294,-74.32733232,0.185791,,18.608601,17.737801
340777503,291.6156461,-75.6789618,0.13364901,,18.130301,17.2066
340788479,292.2814811,-75.82221668,0.16922601,,18.231701,17.338301
364154082,291.2657758,-74.76528225,0.35789901,,17.283899,16.4039
352226106,288.3069744,-74.14524611,0.35461199,,17.819,17.0247
352226223,288.3880042,-74.30307493,0.19808801,,18.212799,17.3547
352226255,288.1555368,-74.3442346,0.0863107,,17.9841,17.2078
352227050,288.2784436,-75.60176908,0.20898899,,17.827299,16.9862
352227068,288.1744982,-75.63367942,0.26827699,,17.941799,17.069
352227224,288.2085684,-75.86040287,0.143594,,18.018101,17.144199
364111460,288.9125505,-74.70162014,0.221356,,18.3559,17.4741
407923097,290.6245114,-75.67039631,0.27037299,,18.2075,17.328199
340848761,293.3416745,-75.87388256,0.37437001,,17.264,16.3354
466687826,295.899038,-74.00148866,0.27268401,,17.1567,16.3102
466684274,295.857936,-75.5363383,0.17189801,,17.9172,17.132799
466684447,295.6252841,-75.23940178,0.393507,,18.167101,17.2908
398463717,299.6703468,-75.96458509,0.34148699,,18.2875,17.325001
398464078,299.6436065,-75.29871965,0.064852498,,17.7918,16.896099
398464712,299.651417,-74.18196555,0.24078199,,17.770201,16.8927
352187441,287.9972722,-75.47145462,0.39616299,,17.3002,16.629299
352226618,288.3039053,-74.91159104,0.170329,,17.274,16.5478
352227282,288.078777,-75.9491044,0.33797199,,17.8046,16.926901
407934011,291.0606097,-74.26164167,0.223915,,17.6551,16.823
407923191,290.7469422,-75.53088455,0.305327,,18.246799,17.378
407923819,290.5367203,-74.58790933,0.31144801,,18.3613,17.514799
466681165,295.2294732,-74.3255858,0.17583799,,17.923599,17.059999
407934821,291.1549914,-75.50903646,0.117123,,17.5219,16.787001
340777637,291.8589429,-75.49919849,0.225978,,17.5947,16.779301
340787849,292.3406364,-74.92936201,0.45449001,,17.6607,16.7845
466681329,295.2127855,-74.62961594,0.222066,,18.0525,17.163
466681331,295.2664223,-74.63175112,0.16879401,,17.7456,16.8773
340899357,294.2622744,-75.34904953,0.268262,,17.943701,17.0257
340900206,293.9089262,-74.09716142,0.33860001,,17.783001,16.8885
1815712319,287.7293614,-74.24794861,0.033879802,,18.497101,17.687099
1815712323,287.7100067,-74.23563219,0.138614,,18.7763,17.868601
1922140727,291.2126149,-75.62725031,0.231162,,18.700899,17.773199
1922140736,291.438142,-75.66491013,0.000308488,,18.5592,17.646799
352226436,288.3151838,-74.62319768,0.40045801,,17.378599,16.5481
352226895,288.3351922,-75.35092695,0.35023999,,17.4415,16.5681
407923095,290.7725329,-75.67138521,0.188354,,17.306999,16.4683
1922151115,291.3812545,-75.56461805,0.037467699,,18.416599,17.697701
1922154391,291.3481972,-74.96793567,0.114729,,18.4568,17.616301
1922154457,291.2979801,-74.91306443,0.112473,,18.315599,17.4701
1922154588,291.4135317,-74.85804849,0.127711,,18.5952,17.833799
1922155482,291.4096056,-74.77203383,0.109464,,18.502199,17.6131
1922192317,291.368603,-74.60168706,0.31361499,,18.2493,17.372299
1922194834,291.5823893,-74.50406223,-0.089396402,,18.3064,17.602501
398464435,299.5551384,-74.61996103,0.25353101,,17.842199,16.9338
340778127,291.7395003,-74.73715478,0.254529,,17.8976,17.028299
1922163889,294.5692643,-74.17722763,-0.135773,,18.3598,17.6098
1922130509,297.2389379,-75.44527934,0.15861601,,18.616301,17.7362
1922165633,297.2803828,-75.08889628,0.25067699,,18.5825,17.747601
466681163,295.4182239,-74.32019078,-0.017487699,,17.5681,16.699699
466681717,295.4707324,-75.28868883,0.173343,,18.071301,17.256901
407923025,290.7750904,-75.80445,0.213158,,17.7689,16.9049
340777416,291.6892224,-75.8057952,0.0068806899,,18.5305,17.6007
340848709,293.4011514,-75.95440708,0.34293601,,16.7131,15.8182
466681255,295.2189384,-74.48783,0.20598599,,17.66,16.864599
352226770,288.0327754,-75.16028425,0.161394,,18.019199,17.197901
265125883,293.924342,-74.34277445,0.099640302,,18.495501,17.5945
352226627,288.2596431,-74.91987085,-0.0621446,,17.537399,16.9762
352227063,288.0723029,-75.62314383,0.099830903,,17.501499,17.143299
404191751,294.7607332,-75.60979547,0.183267,,17.9028,17.0735
398464079,299.6081556,-75.2971602,0.184268,,16.822599,16.382999
265126119,293.7519561,-74.02873057,-0.017034199,,18.048,17.230801
352226824,288.3241446,-75.24665029,0.207294,,17.4564,16.6208
352226614,288.2931878,-74.90237078,0.19056401,,17.670401,16.8004
340899955,294.317526,-74.43003402,-0.1176,,18.1106,17.3654
352227257,288.3726745,-75.91158929,0.27722099,,18.0285,17.2414
407934313,291.2124171,-74.68770807,-0.0249303,,18.387699,17.559099
407934479,290.8203361,-74.94619918,0.17586599,,17.8146,17.093901
340848885,293.3654029,-75.65858061,0.51552403,,16.860001,15.9814
352226456,288.2048204,-74.6617693,0.28677699,,17.350901,16.4778
352226806,288.4138307,-75.21110671,0.30023801,,17.9391,17.072599
407934802,290.9538823,-75.4722184,0.20762099,,18.4167,17.609501
340849409,293.3183189,-74.76304522,0.471683,,16.8223,15.9289
340849583,293.2130684,-74.47230817,0.36632001,,16.916401,16.041201
364111380,289.0775551,-74.57921012,0.32798901,,17.5651,16.6691
1922120051,297.3194379,-75.90565559,0.095021799,,18.935499,17.9694
340788547,292.0429109,-75.93231584,0.42228299,,18.0828,17.171101
265125739,293.6106079,-74.54965514,-0.32157201,,18.597401,17.7059
265126024,293.5245774,-74.16365649,0.024304699,,18.3281,17.5002
407923323,290.688475,-75.32170936,0.238104,,17.0991,16.250299
466688111,295.9083999,-74.42698081,0.29821599,,17.039801,16.147499
1922165226,297.2704922,-75.24034424,-0.191411,,19.229,18.366501
1922170530,297.4369112,-74.5627401,-0.186832,,19.3965,18.516001
404191944,295.1341462,-75.94002149,0.219262,,18.436899,17.503
466685090,295.6241739,-74.10550873,-0.017955201,,17.895599,17.006599
340849405,293.4243484,-74.77103,0.32591501,,16.9746,16.0938
1922151578,291.3623998,-75.34689446,0.134719,,18.6535,17.749001
1922155746,291.4041769,-74.70127839,-0.13982899,,18.919001,18.028799
398464612,299.6037308,-74.34195483,0.20763201,,17.887199,17.025
407933946,290.8841159,-74.18282502,0.355463,,17.8806,17.0217
407933971,290.8353035,-74.21462429,0.32328799,,17.5991,16.7264
1815618591,288.8805657,-75.32428328,0.19978601,,18.2414,17.5312
407934695,291.0635313,-75.29717773,0.49989399,,17.916901,17.004
265126110,293.7928703,-74.03857722,0.111671,,17.717699,16.8335
340899359,293.9793241,-75.34540634,0.084065601,,17.995199,17.180599
364153846,291.4668092,-74.37390142,0.0318239,,17.77,16.9205
364154182,291.3899448,-74.90927626,0.151906,,17.5791,16.7376
407934077,291.17078,-74.33851782,0.208735,,18.020599,17.281799
398464619,299.7337306,-74.33263156,-0.095258899,,18.015499,17.234501
364154205,291.2046702,-74.93954305,-0.025271401,,17.860201,17.0502
340849324,293.430586,-74.9045695,0.224096,,18.324699,17.415199
1922122243,295.5799712,-75.831284,0.199462,,18.6082,17.6831
340788121,292.019446,-75.30800707,0.28584599,,17.8461,16.975901
340900247,294.2507103,-74.05010716,-0.150573,,18.280199,17.507799
466684977,295.7579728,-74.28910683,0.215627,,17.197001,16.318001
340849388,293.4420552,-74.80032276,0.084161602,,17.7239,16.969299
466688085,296.114994,-74.39672597,0.186176,,18.088301,17.189899
466688274,296.0249419,-74.70382703,0.368707,,17.871,16.9814
1922123966,295.7784292,-75.73075563,0.208726,,18.3412,17.4624
466688798,295.915542,-75.72008749,0.245382,,17.886801,16.979099
340848771,293.2778834,-75.86398512,0.205963,,17.725,16.8505
1922148907,295.5322196,-74.92718728,-0.162286,,18.111799,17.3501
352187400,287.7832486,-75.52736278,0.39760101,,17.626801,16.7575
352226214,288.068626,-74.29463601,0.220193,,17.7332,16.8139
352226890,288.2493062,-75.3467684,-0.0466315,,17.840099,17.053801
340848813,293.3683728,-75.7959296,0.454447,,17.4718,16.549101
340848922,293.5053396,-75.59982784,0.26284501,,17.569,16.679001
466688078,296.0833143,-74.39245212,0.30435199,,17.4835,16.629999
407933973,290.8768726,-74.21504832,0.47802499,,17.5464,16.6689
1922120069,297.366562,-75.87255613,0.13650499,,18.2875,17.392
340849363,293.2562254,-74.8493188,-0.0043114498,,17.929001,17.048901
340849610,293.477097,-74.41101828,0.076087497,,18.1929,17.376101
407934254,290.9071305,-74.59783569,-0.0556265,,18.0236,17.156601
407934617,290.8162495,-75.1586782,0.29870799,,17.1518,16.264799
1922123642,297.1419354,-75.57378748,0.13600799,,18.3428,17.428301
1922124435,297.2466875,-75.49427094,0.32608899,,18.1362,17.228701
1922165720,297.2679044,-75.01343221,0.137325,,17.9503,17.1905
466688203,296.1787696,-74.5886124,0.182468,,17.2341,16.5807
265126134,293.7166568,-74.01243618,0.31618899,,17.154699,16.402901
1922166541,297.1646023,-74.93561532,0.048288599,,18.3109,17.480801
404191915,294.9358409,-75.90381023,0.362571,,17.149401,16.3451
1922170194,297.2158668,-74.6835111,0.077707402,,18.222099,17.4888
1922171391,297.1869526,-74.48975915,0.277531,,18.0639,17.3533
1922171395,297.1627415,-74.48602754,0.130887,,18.382401,17.499001
466684661,295.6122233,-74.85133855,0.424918,,17.038601,16.1549
466684726,295.6869805,-74.74309768,0.058843799,,17.4293,16.565201
364154203,291.5896458,-74.9392772,0.085266396,,18.4494,17.5571
340849410,293.1997752,-74.76157782,0.29154199,,18.037901,17.299601
364154221,291.4068008,-74.96705387,0.35821,,18.140499,17.3172
1922128406,298.9040607,-75.61866275,0.19784801,,18.1133,17.2502
340848923,293.4932696,-75.59887015,0.097661003,,18.3197,17.4069
340849510,293.2869002,-74.59954999,0.16526,,18.1703,17.436001
466688513,295.958761,-75.16867696,0.30125201,,18.015699,17.2225
364154263,291.3973805,-75.04090889,0.050464001,,17.5361,16.777201
364154788,291.4047591,-75.88497011,0.169746,,18.624201,17.706301
364154468,291.4784407,-75.37821891,0.32526699,,18.0026,17.100901
364154532,291.455338,-75.49438377,0.00328706,,17.1667,16.3869
364154811,291.5277709,-75.93710761,-0.0166538,,18.324301,17.466299
364153618,291.263667,-74.02228072,0.36460799,,17.591499,16.7318
364154025,291.4873529,-74.67565808,0.243701,,17.3801,16.499701
340849535,293.3120452,-74.5389629,0.20667601,,17.821899,16.9555
1922142818,293.4275112,-75.67622619,0.16973101,,17.890699,17.014601
1922145754,293.4784123,-75.61100839,0.16449501,,18.202999,17.289101
1922157828,293.405276,-74.77144976,0.24725901,,18.216499,17.375601
1922193371,290.2818704,-74.40454921,0.39093,,18.316,17.4221
1815615616,288.9548655,-75.86807728,0.163726,,18.2796,17.493
1815617198,288.8747019,-75.5817065,0.0597215,,18.4174,17.6112
1922140008,292.1952147,-75.72624081,0.32564399,,18.4363,17.557199
1922193623,290.1127736,-74.39001386,0.24535801,,18.117599,17.292801
1922142011,294.6227483,-75.78769665,0.173443,,18.314699,17.404499
1922142000,294.5842511,-75.81586625,0.093330398,,18.5828,17.822399
1922142026,294.5464794,-75.79027097,0.217913,,18.618401,17.695601
1922143390,294.6389119,-75.46924756,0.126102,,18.4993,17.6094
1922177556,295.4460594,-74.19187415,0.28626299,,18.535999,17.6479
1922122237,295.5297112,-75.85484364,0.176981,,18.5403,17.742901
1922123700,295.7063685,-75.83789408,0.14043599,,18.4615,17.6213
1922145148,295.6111488,-75.20466402,0.028062301,,18.525299,17.678801
1922149591,294.776145,-74.8561705,0.26843601,,17.9573,17.246901
1922149685,295.5570133,-74.88123241,-0.206251,,18.748699,17.9237
1922149686,295.5406232,-74.87593924,0.209723,,18.4769,17.608299
1922130692,297.1929918,-75.37839651,0.25175399,,18.1721,17.3895
1922130688,297.1599233,-75.39681429,0.196182,,18.2654,17.3887
1922167257,297.3261171,-74.76475721,0.0585788,,18.6143,17.787399
1922170188,297.0688718,-74.67089543,-0.081959702,,18.7481,17.949699
1922170611,297.2308233,-74.51252473,0.070416003,,18.5942,17.843901
1922127015,298.7107598,-75.91413831,0.19386899,,18.6224,17.7673
1922127013,298.7044038,-75.92564533,0.16899399,,18.740499,17.809601
1922127216,298.603108,-75.86039572,0.315597,,18.579599,17.6598
1922130122,298.7698299,-75.32098585,-0.0032716501,,18.8885,17.9505
1922155896,292.7147325,-75.23445048,0.314621,,18.3333,17.4552
1922161517,292.9033668,-74.57109535,0.18283901,,18.1647,17.392099
1922121899,294.5446385,-75.97111988,-0.267903,,19.425501,18.5352
1922180728,295.5001965,-74.13139394,-0.20919,,19.191999,18.351299
1922123939,295.6878687,-75.76761997,-0.227277,,19.2446,18.3319
1922180792,295.7200847,-74.04113702,-0.212685,,19.2017,18.340401
1922177636,295.8476193,-74.12594769,0.0227658,,18.3873,17.5096
1922142211,294.3525831,-75.75894692,-0.100262,,19.2589,18.327101
1922145145,295.4826258,-75.20726835,0.0131312,,19.0867,18.2236
1922176102,295.6980878,-74.5065183,-0.157553,,19.1434,18.320499
1922130752,297.1738496,-75.34808231,-0.0322497,,19.108299,18.2353
1922126878,298.7916712,-75.97268024,-0.060521699,,19.262899,18.334499
1922127317,298.9007798,-75.74397822,-0.087637797,,18.5502,17.8964
1922132418,298.7674565,-75.04159037,-0.47927299,,19.2089,18.3272
1815615581,288.792712,-75.93080274,0.011776,,18.7113,17.9664
1815616576,289.1347056,-75.59319032,-0.30134699,,18.937599,18.037701
1815617615,288.8981379,-75.43018779,0.209095,,18.681801,17.8155
1922121878,294.6687092,-75.97988328,0.0414057,,18.8123,17.9077
1922142280,294.3471328,-75.69479837,0.233449,,18.9205,17.968
1922143982,295.8665696,-75.4528517,0.0294083,,18.8223,17.9496
1815705018,288.9110959,-74.90943573,0.23376,,18.466,17.587
1815707248,288.7618653,-74.6892076,0.14537901,,18.8225,17.9921
1815708757,288.6688234,-74.46672586,0.241993,,18.3643,17.5217
1815708772,288.8513959,-74.45549682,0.038897801,,18.6598,17.883301
1815708773,288.8976343,-74.45107659,0.112016,,18.6766,17.907101
1815708796,288.8940972,-74.41159578,0.076881804,,18.431299,17.500401
1922150398,290.2896638,-75.70741044,0.071256302,,18.680201,17.8582
1922150400,290.2225472,-75.70378383,0.015139,,18.442699,17.531
1922153759,290.278797,-75.17241784,0.0014560299,,18.225599,17.3496
1922158930,295.5761086,-74.58710806,0.086164199,,18.895,18.0268
1922145761,293.253065,-75.63851185,0.15947901,,18.478701,17.6301
1922146159,293.3662701,-75.46278811,0.196877,,18.567499,17.6905
1922191861,290.2432784,-74.79645877,0.13687199,,18.6689,17.815201
1922192058,290.0671288,-74.67123483,0.085175,,18.6938,17.802999
1922147345,293.1690334,-75.2153153,0.189656,,18.465401,17.6549
1922156527,293.3109053,-75.05913216,0.193231,,18.686001,17.7768
1922164084,293.2814122,-74.35320048,0.23899101,,18.2789,17.4788
1922164358,293.462512,-74.21710973,-0.118438,,18.7113,18.0187
1922193696,290.2171583,-74.32174977,0.26417699,,18.3251,17.470301
1922139263,291.7649915,-75.94762822,0.0179253,,18.6182,17.745501
1922140563,291.6727588,-75.64590641,0.164465,,18.2883,17.571501
1922151909,291.7965261,-75.31054431,0.328076,,18.2698,17.4352
1922151910,291.7862671,-75.31728952,0.207932,,18.316601,17.430099
1922158340,294.5296705,-74.83035861,-0.211041,,18.497999,17.639
1922163941,294.558025,-74.16145074,0.13087399,,18.656,17.8125
1922123450,296.94722,-75.70927872,0.23199899,,18.545,17.623501
1922165303,297.0337473,-75.20204801,-0.189897,,18.0431,17.3866
1922171315,297.0024676,-74.49476864,0.029468801,,18.450199,17.671101
1922147168,292.606502,-75.36492162,0.160575,,18.3794,17.5084
1922156218,292.6472696,-75.13153375,-0.0178496,,18.6042,17.7255
1922156334,292.9067892,-75.07184697,0.18768799,,18.500401,17.647301
1922171659,297.1352594,-74.37087045,0.26116201,,18.4167,17.5753
1922171728,296.9019326,-74.33400205,0.23250701,,18.6441,17.774599
1922176864,296.9863644,-74.15966344,0.188493,,18.4559,17.561199
1922178656,297.0135645,-74.03928739,0.221361,,18.2092,17.442101
1922195813,292.756528,-74.12825996,-0.35829401,,18.4487,17.6005
1922196674,292.74514,-74.04970294,0.163131,,18.4951,17.593901
1922123790,295.7877864,-75.75866437,0.155121,,18.5828,17.7061
1922144049,295.8735402,-75.3779216,-0.000077261597,,18.5923,17.697701
1922145268,295.9219531,-75.23726318,-0.149508,,18.8878,18.057899
1922148708,296.0438577,-74.97447469,0.059285101,,18.4419,17.6075
1922170952,296.0415945,-74.64093653,-0.046404898,,18.2477,17.502001
1922177324,296.0311247,-74.25373493,0.086803503,,18.7167,17.865801
1922177429,296.0081369,-74.1441341,0.152798,,18.5131,17.7335
1922192066,290.2299079,-74.68562478,-0.40882999,,19.429001,18.567101
1815617159,288.7359775,-75.55103835,-0.137109,,18.8505,17.9758
1815707244,288.8289739,-74.69318367,-0.17997999,,18.8738,18.1486
1815709100,288.7710146,-74.35304495,-0.15408801,,19.1978,18.3512
1922197207,293.1502406,-74.09719926,0.0025138301,,18.5383,17.698299
1922142008,294.5900293,-75.79705266,-0.231517,,19.0235,18.1964
1922142013,294.4495861,-75.80992895,0.041095,,18.794001,17.848101
1922160170,294.5149467,-74.490839,0.208646,,18.6856,17.778099
1922176508,295.8738923,-74.36663825,-0.390782,,19.1143,18.278601
1922123623,297.0814211,-75.62208069,0.13174599,,18.8881,18.0469
1922165195,297.0833834,-75.27824013,-0.066833898,,18.5644,17.710199
1922165304,297.0406259,-75.20207496,0.122087,,18.6073,17.715099
1922178655,297.0501786,-74.04293732,0.102538,,18.788799,17.9494
1815615507,288.8422408,-75.96536665,0.0191002,,19.096399,18.2045
1815707807,288.8617166,-74.50039202,0.034913,,18.8379,17.9865
1815709104,288.8120571,-74.33606359,-0.15797,,19.243,18.306299
1922157505,292.8196726,-74.85141159,0.079343401,,19.0466,18.137699
1922160670,292.7052984,-74.78059584,-0.201803,,19.001801,18.202101
1922145753,293.4031057,-75.63259911,-0.143319,,18.8605,18.0091
1922156852,293.4170782,-74.91187787,0.0050492501,,19.0896,18.1707
1922164116,293.3077554,-74.31200138,-0.21814799,,19.199499,18.3372
1922153512,290.3603143,-75.24215603,0.149529,,18.6292,17.7397
1922153723,290.1317035,-75.23407103,-0.0103376,,18.826401,17.958799
1922143411,294.693104,-75.46342696,-0.102628,,19.2407,18.324499
1922165196,297.1263624,-75.27601107,0.0184767,,19.013399,18.116199
1922166317,296.9569698,-75.08183596,-0.036224499,,19.004299,18.1765
1922139678,291.8331319,-75.73448952,0.193949,,18.769501,17.8486
1922151911,291.8471235,-75.30788615,0.0055064,,18.849199,18.0231
1922153208,291.8009158,-75.08907393,0.0074790199,,19.180799,18.284201
1922153287,291.8093524,-75.04952085,-0.033213299,,18.7791,17.9359
1922160770,291.9014652,-74.85677926,-0.0357989,,19.059,18.218201
1922160885,291.9666445,-74.77209119,-0.153761,,18.7798,17.8859
1922161762,291.8955524,-74.68866422,0.061078601,,18.641899,17.7708
1922161840,291.8502664,-74.6391025,-0.0271153,,18.798599,17.902
1922139873,292.7595078,-75.73065839,-0.029547,,18.752899,17.8836
1922157262,292.9393355,-74.91695334,0.13164,,18.9788,18.0728
1922157264,292.7490184,-74.94205861,-0.036256801,,18.8536,18.006701
1922157497,292.7423604,-74.85997286,-0.0383102,,18.8428,17.974899
1922161174,292.6877713,-74.71663063,-0.090519197,,19.062799,18.1691
1922162368,292.5594102,-74.46858712,-0.052010901,,18.6688,17.793301
1922195562,292.7914223,-74.20538788,0.0123064,,18.820299,17.9566
1922122955,295.8891632,-75.89824216,0.0431819,,18.7078,17.808399
1922143709,295.7019479,-75.56154649,0.033241302,,19.215599,18.337999
1922148739,296.0840951,-74.95588664,0.195794,,18.7425,17.855801
1922176525,295.8417058,-74.32082497,0.050162502,,18.6527,17.8239
1922178083,296.0772415,-74.04743753,0.20745701,,18.417999,17.559999
340788098,292.1036638,-75.28580685,1.28214,,13.4993,12.7082
469872570,303.2746547,-75.02081587,1.94285,,12.805,12.0633
340788513,292.116103,-75.87954808,2.08887,,13.0217,12.1673
469824751,301.7351602,-74.82391367,2.6219499,,10.5667,10.007
398447891,297.9960291,-74.1852521,3.1272199,,12.2941,11.4522
469824971,301.6329805,-75.15189326,2.3412001,,12.5642,11.817
468144772,304.9769686,-75.62697312,6.7501001,,10.5573,9.7507601
468144969,305.2511533,-75.19442645,1.97742,,12.5821,11.8479
469872255,303.0331441,-75.56425654,1.64056,,12.3786,11.6025
398447712,298.2507889,-74.46258312,0.78465599,,13.5238,12.7529
469872195,303.2210074,-75.68162499,1.7256,,13.4787,12.559
468144814,305.1393484,-75.5451603,0.60365802,,13.2039,12.5595
265125892,293.5535107,-74.33365743,1.6478601,,13.6585,12.7582
340899116,294.2203641,-75.71635864,1.50954,,13.3884,12.5117
398447771,297.9300427,-74.36508987,2.07497,,13.0525,12.2462
469872233,303.2737186,-75.61672875,2.5659101,,12.4264,11.655
469872971,303.1378866,-74.25220657,1.87138,,12.6343,11.898
469872991,302.9444861,-74.22952267,2.1904099,,12.4529,11.744
468144855,305.0686927,-75.45695601,2.88518,,12.7771,11.9083
468145058,305.0454873,-75.04752062,1.87826,,12.8577,12.1038
340787562,292.0504366,-74.48619709,1.3992701,,13.8234,13.0301
469872064,303.2632985,-75.95033881,1.11757,,14.8985,13.9946
468144729,305.1989246,-75.72607699,1.4031301,,14.4242,13.5324
340787384,291.9827081,-74.2757314,0.44254601,,16.4335,15.6285
398447717,297.9281948,-74.45644568,0.42658401,,17.221201,16.3375
469872504,303.2078799,-75.13282315,0.884655,,15.3579,14.4795
468145003,304.9168115,-75.1377729,0.26453799,,17.0849,16.2157
340903547,294.4678893,-74.09442541,0.61478698,,14.8363,14.0791
469872412,303.3173884,-75.3094671,0.34805101,,16.753099,15.8271
468144672,305.0888299,-75.8550387,0.34183401,,16.7505,15.8896
468144740,304.9113227,-75.70657958,0.324388,,16.5382,15.7671
468144999,305.0410637,-75.14645714,0.37963501,,16.805901,15.9351
468144785,305.2130179,-75.60372711,0.410045,,16.2472,15.4134
398447495,298.0808311,-74.80394795,0.27213401,,15.7054,15.0282
398447535,297.9840589,-74.74649919,0.50768298,,16.2773,15.3665
468144777,305.2453802,-75.62114419,0.53141201,,16.504499,15.6484
340787243,291.9965403,-74.09145362,0.250009,,15.2019,14.6016
265125602,293.6680767,-74.75538373,0.54263198,,15.4482,14.6753
398448004,297.8715806,-74.02303105,0.30433199,,15.7805,15.001
398447532,298.1471641,-74.75424275,0.61299199,,16.108,15.266
398447924,298.1904659,-74.12434754,0.55864,,15.5217,14.6338
468144741,304.9398347,-75.70309864,0.27043799,,16.2237,15.4493
468144768,305.2829855,-75.6347147,0.046890799,,16.0767,15.2927
469824930,301.7015019,-75.08267581,0.48891601,,16.1005,15.2489
469872482,303.3305225,-75.16140522,0.44597301,,16.374399,15.511
469824749,301.5127127,-74.81868323,1.3860101,,14.0477,13.1445
469872144,302.9375278,-75.79083834,1.08994,,14.1084,13.1745
469872265,302.9566154,-75.54220807,0.82055598,,15.1078,14.2316
469872311,302.9934628,-75.47108708,0.802867,,14.7703,13.8592
469872418,303.1743077,-75.30235419,1.13889,,14.2058,13.4151
469872566,302.9571909,-75.02688118,0.90755099,,14.4214,13.6549
469872720,303.28294,-74.71677192,1.11868,,13.9952,13.2493
469872756,303.2450821,-74.65550159,0.98814601,,14.1032,13.2875
340787177,292.132653,-74.01505412,0.99999201,,14.0401,13.1734
340788535,292.2867588,-75.91776298,0.68559402,,14.7317,13.8452
265125384,293.7143337,-75.08362309,0.85854101,,14.8775,13.9716
265125863,293.7112069,-74.37972151,1.10671,,14.5444,13.6623
340899009,294.2169916,-75.90604245,0.69870102,,14.5614,13.7097
468144779,305.0485245,-75.62011915,1.3821599,,14.0165,13.2135
468144890,305.14294,-75.37177305,0.83010697,,15.0868,14.2257
468145006,305.0761789,-75.13211091,0.86763299,,15.2187,14.3458
469825228,301.5046872,-75.65195256,0.617607,,15.9541,15.0463
469872107,303.0494457,-75.87146479,0.477272,,15.029,14.2151
469872550,303.2456263,-75.04696262,0.78445101,,15.713,14.8151
340787249,292.2803214,-74.09712079,0.69709802,,14.6268,13.8774
340787748,292.2062966,-74.79192507,0.84232199,,14.6069,13.8198
340787863,292.2357506,-74.94346511,0.71547699,,15.6463,14.7812
340788348,292.2077379,-75.65944413,0.99017602,,14.9346,14.0459
340788421,292.2089004,-75.74519451,0.81644499,,15.1198,14.2485
340788436,292.1447451,-75.76680302,0.95665097,,14.5653,13.7536
265125429,293.8266951,-75.01180144,0.451942,,15.8896,14.9781
265125765,293.8160166,-74.51035035,0.71151,,15.42,14.5109
340899866,294.0597977,-74.58773275,0.42664501,,14.7912,14.0417
398447758,298.17649,-74.38399809,0.94686902,,14.4405,13.6392
398447332,298.2116809,-75.07424132,0.57939702,,15.5333,14.6325
398447641,298.0380567,-74.56764265,0.84312701,,14.6429,13.7646
398447870,298.0868052,-74.21756045,0.646173,,15.5871,14.7419
398447999,297.9791526,-74.03130377,1.00631,,14.0248,13.308
468144652,305.0802697,-75.88537944,0.91988301,,15.1517,14.289
468144775,305.1525587,-75.62448056,0.58807898,,15.1794,14.3735
468144919,305.110614,-75.30654951,0.794083,,15.2598,14.3969
468145000,305.2316275,-75.14193615,0.45251599,,16.0509,15.2023
468145100,304.9468776,-74.96355356,0.88640302,,15.0404,14.2061
469872392,303.2319248,-75.35254026,0.22708599,,17.465099,16.5947
469872854,302.9381642,-74.47779955,0.43570501,,16.807301,15.9421
469872470,303.2830361,-75.18199995,0.34967601,,16.8902,16.103901
469872881,303.1114101,-74.41308111,0.34141901,,17.152599,16.2754
340788501,292.0263485,-75.8553896,0.44632199,,17.1765,16.2456
398447866,297.9367709,-74.2240388,0.329905,,17.078699,16.227699
340787900,292.0982849,-75.00422601,0.41835701,,17.0364,16.141701
340787943,292.1996036,-75.06697215,0.22575,,16.366699,15.7525
340788229,292.1740005,-75.47730503,0.432069,,16.1856,15.5824
340899867,294.2667243,-74.58605261,0.256244,,17.046801,16.2272
398447855,298.0681377,-74.24172348,0.314293,,16.725201,15.8471
468144810,305.1398721,-75.54850421,0.077981897,,15.6792,15.3489
340788485,292.1234728,-75.82423594,0.19419999,,16.574301,15.6907
469824466,301.7545043,-74.22099002,0.53148401,,15.8279,14.9017
469872121,303.2067726,-75.84651272,0.42110199,,16.6562,15.7414
469872993,303.1743863,-74.2257386,0.85688901,,14.139,13.3903
469872989,303.2119978,-74.23468171,1.06048,,14.3306,13.5099
469873041,303.261252,-74.12994508,1.22338,,14.0028,13.1183
398447248,298.1724861,-75.20763852,0.38257,,16.6674,15.7426
398448005,298.2252985,-74.02292172,0.44338,,16.522301,15.6254
469872716,303.2279637,-74.73268654,0.222407,,15.7001,14.9308
469872879,303.1183344,-74.41605466,0.400453,,16.194901,15.2964
469872968,303.1819694,-74.26012255,0.747908,,15.2871,14.4015
340787254,292.3219897,-74.10310715,0.52766299,,15.8741,14.9745
340788162,292.1882717,-75.36301349,0.482292,,15.7507,14.8893
340788249,292.0074176,-75.50910006,0.531578,,16.344801,15.5366
340900088,294.2316558,-74.23850713,0.235718,,16.322599,15.4443
468144727,305.2526619,-75.73019798,0.30835,,16.718201,15.8606
469824597,301.4152028,-74.48301677,0.58505601,,15.5925,14.7407
398447850,297.8679626,-74.24852487,0.49854299,,16.3416,15.5177
398447890,297.9755539,-74.18622859,0.68838203,,16.2472,15.3788
340787393,292.0463723,-74.289371,0.48483801,,16.4809,15.5963
340787544,292.1592831,-74.46475496,0.34748501,,16.413401,15.518
469872829,302.9640401,-74.51707826,0.36437401,,16.714899,15.8404
340787259,292.1970095,-74.11186787,0.146551,,17.933599,17.093599
469872455,303.2771364,-75.21717968,0.19102,,17.8113,16.9438
340787386,292.097581,-74.27849588,0.354871,,18.0392,17.1537
469824578,301.5062818,-74.43980344,0.29440099,,17.077299,16.201
469872154,302.9965776,-75.77044048,-0.133396,,18.4214,17.5236
469872252,303.1570163,-75.57665931,0.28562501,,16.944,16.0527
469872501,303.3191868,-75.13389356,0.26376501,,17.3578,16.5576
469872546,303.1976219,-75.05410685,0.32419601,,16.915199,16.017401
469872555,303.1783376,-75.03607219,0.38108599,,17.2742,16.4252
469872604,303.1510809,-74.95455617,0.52988398,,16.4142,15.5298
469872897,303.0497277,-74.38864764,0.25312099,,17.1451,16.276699
469872977,303.2653898,-74.24809576,0.673118,,16.707899,15.8665
340788101,292.1192736,-75.29049935,0.235791,,17.2756,16.499201
265125415,293.7663224,-75.03283138,0.33798799,,18.2451,17.3874
265125896,293.7006267,-74.32658509,0.145105,,18.433001,17.528999
398447852,297.9433081,-74.2435463,0.38662499,,17.0371,16.1842
340787540,292.225313,-74.45597185,0.246832,,17.3885,16.4886
398447770,298.1084622,-74.36682216,0.241255,,17.2239,16.383301
398447927,297.8860073,-74.1226854,0.233817,,17.2351,16.3585
468144624,305.0839055,-75.93826296,0.352828,,17.376499,16.4725
340787948,292.0555648,-75.07220175,0.22908001,,16.7335,15.819
340787188,291.9990114,-74.02595414,0.74175,,16.6387,15.7803
265125604,293.8944975,-74.75349372,0.528575,,16.6117,15.6906
265125676,293.8974695,-74.63108553,0.215644,,16.568501,15.7139
265125840,293.8432511,-74.4186913,0.54838097,,16.4993,15.6268
340788160,292.182307,-75.36133371,0.291024,,16.886499,15.9824
398447950,298.282205,-74.09162091,0.111004,,17.4709,16.8123
469872127,303.3357284,-75.82920435,0.080247603,,18.377001,17.4736
340787247,292.028457,-74.09642681,0.27602899,,17.235001,16.443501
340787873,292.1345384,-74.94972121,0.29736599,,17.4459,16.583401
469873057,302.9844274,-74.10439186,0.34124899,,17.309,16.4238
398447718,298.1904135,-74.45331927,0.30287299,,18.2409,17.3395
398447762,297.9236826,-74.37848062,0.156698,,18.2246,17.449499
468145095,304.9599444,-74.97206371,0.115318,,18.377399,17.558901
469873095,303.3186249,-74.0494009,0.115814,,17.9149,17.163601
340787173,292.0516133,-74.00157317,0.21951,,17.9275,17.028799
469872715,303.3187418,-74.73420619,0.154203,,17.5023,16.9051
469872972,303.002732,-74.25157098,0.171638,,17.318399,16.673
340787255,292.2060873,-74.1038558,0.232347,,16.9513,16.2047
340787931,292.3426582,-75.05383538,0.159731,,17.6068,16.7325
340788027,292.0092643,-75.18490447,0.37803999,,17.529499,16.686701
265125955,293.7912798,-74.25839471,0.35936499,,17.158899,16.2686
398447979,298.2366419,-74.0581325,0.22086801,,17.382999,16.522699
398446837,297.9581813,-75.88465254,0.27364299,,17.497601,16.518999
398447926,298.0186972,-74.12321192,0.078225099,,17.0112,16.679001
468144632,305.2608681,-75.92644408,0.241446,,17.544901,16.653299
468144789,305.040392,-75.5951535,0.168193,,17.5284,16.745899
468145064,305.0727754,-75.03692432,0.108758,,17.464701,16.6409
469872138,303.1471391,-75.80054823,0.335197,,17.705299,16.771601
469872323,302.9769014,-75.45418328,0.27741301,,18.116699,17.2183
469873106,303.2092879,-74.0302576,0.074199103,,18.0949,17.2722
340787292,292.0393174,-74.15283882,0.37821499,,17.9557,17.144699
265125710,293.5587253,-74.57789966,0.058215398,,18.0453,17.193001
468144726,305.2266871,-75.73477424,0.0816966,,18.286501,17.4125
469872178,303.1114835,-75.71482595,0.380016,,18.154499,17.251499
469872281,303.0177687,-75.5120179,0.192215,,18.032,17.118
469872505,303.1778351,-75.13063119,0.29016399,,18.271999,17.3734
469872498,303.0687275,-75.13821541,0.33787999,,18,17.1355
469872533,302.9462978,-75.07235368,0.229445,,17.885799,17.017099
469872619,303.1294321,-74.9279712,0.220484,,17.718599,16.942101
340787193,292.1920839,-74.02737994,0.248182,,17.8444,17.0693
340787244,292.1286318,-74.09222108,0.082824297,,17.957399,17.1015
340787770,292.0237809,-74.82238109,0.050006598,,18.2201,17.427799
398446843,298.1810441,-75.87680407,0.240753,,18.0681,17.1724
398446880,298.0911936,-75.80261569,0.25593701,,18.0389,17.1026
398447360,297.8776208,-75.0344807,0.119034,,18.1038,17.186501
398447923,298.2071757,-74.12962493,-0.1113,,17.937099,17.051001
468144596,304.9138888,-75.99935022,0.127664,,18.127501,17.224199
468144863,305.2425984,-75.43547267,0.194389,,18.1651,17.402
468145002,305.035388,-75.13829432,0.28342301,,18.020599,17.1705
469825029,301.5451637,-75.26137623,0.31681499,,17.587799,16.806
469872124,303.2237719,-75.83694852,0.34015799,,17.830799,16.9417
469872262,302.980991,-75.54875153,0.040051602,,17.848301,16.9662
469872316,303.0652922,-75.46705435,0.29657,,17.7829,16.9776
469872349,303.1741209,-75.41792233,0.075562999,,17.2899,16.3792
469872549,303.2069711,-75.04796987,0.189224,,17.6362,16.783001
469872644,303.0175333,-74.88302635,0.399694,,17.9158,17.069
469872734,303.1717973,-74.69102022,0.203769,,17.9715,17.136
469873091,303.023364,-74.05502037,0.25950599,,17.698601,16.897499
340787622,292.0203475,-74.59155905,0.208489,,18.0567,17.166401
340787742,292.1331346,-74.7821702,0.23946001,,17.9314,17.0751
340787745,292.3394821,-74.78667029,0.212117,,17.644501,16.7551
340787781,292.1309157,-74.84332857,0.190198,,17.5529,16.7932
340787894,292.222903,-74.99566351,0.026634701,,17.7223,16.870001
265125713,293.6140862,-74.57703274,0.12228,,17.823799,17.016199
265125836,293.5450571,-74.4241607,0.238277,,17.1735,16.398701
398447635,297.9380602,-74.57961002,0.096952997,,17.834101,17.1364
398447666,298.236295,-74.52664873,0.285647,,17.5784,16.679001
398447865,297.9219668,-74.22403884,0.188105,,17.783001,17.004499
398447889,298.2595419,-74.19090805,0.047609799,,17.601999,16.751699
468144764,304.951836,-75.63783873,0.223655,,17.205601,16.3542
468145089,304.9163822,-74.98165821,0.163799,,18.058599,17.277201
340788516,292.1973034,-75.88275532,0.40592599,,17.4044,16.5254
468144994,305.1862557,-75.1557933,0.31380901,,17.807199,16.9307
468145093,304.9330811,-74.9750031,0.30000001,,17.4566,16.5763
469872181,303.0302435,-75.70523301,0.073801503,,17.686001,16.771601
469872605,303.0450756,-74.95098854,0.44690901,,17.5993,16.7785
469872805,303.236807,-74.55633965,0.221247,,17.726601,16.8309
469873037,303.1930352,-74.13614831,0.042456899,,17.710899,16.836599
469872684,303.2341616,-74.79259418,0.210379,,17.746,16.899799
340788379,292.1480701,-75.69199597,0.100109,,17.576799,16.8109
265126011,293.7208722,-74.18591033,0.25365201,,17.7689,16.8888
340788514,292.1259073,-75.88004971,0.243386,,17.823799,16.9158
469872306,303.1623225,-75.47424728,0.23711701,,18.038401,17.108101
469872996,302.983726,-74.21836706,0.35730001,,17.6845,16.8241
265125770,293.86497,-74.50538532,0.31104299,,17.594999,16.813101
398447714,297.9836799,-74.4594491,0.33394,,18.309799,17.406
469872795,303.221682,-74.56746395,0.058335401,,17.966499,17.095301
340787780,292.2039126,-74.84089374,0.25343499,,17.943399,17.2458
398446924,298.0966433,-75.73604403,0.30136901,,18.050699,17.1402
469872452,303.1720032,-75.21874696,0.26153499,,18.2229,17.4244
340788067,292.240066,-75.24072014,0.049954198,,18.1119,17.246799
1922154869,290.5133132,-74.9809566,0.521092,,15.8182,15.0145
1922163292,293.6504209,-74.38730761,0.061866499,,18.135201,17.3452
1922142169,295.1746711,-75.6638507,0.16624001,,18.257,17.350201
1922126191,299.4391151,-75.99883792,0.101592,,18.4035,17.452
1922168019,299.2282926,-74.70725099,0.095302001,,18.2974,17.406
1922169407,299.1350904,-74.35331219,0.143374,,18.231899,17.3251
1922172445,299.182199,-74.21255312,0.19615699,,18.192301,17.3018
1922131971,299.405802,-75.06159811,0.179719,,16.8799,15.9751
1922174420,299.3501969,-74.16035801,0.0687088,,18.158899,17.380501
1987892437,300.0261738,-75.08114012,0.095128201,,18.43,17.507999
1987874809,305.2166987,-75.9863596,0.196504,,18.2407,17.4638
1987876735,305.0718518,-75.85508407,0.17661101,,18.278099,17.4466
1988037401,305.0851431,-74.37608141,0.33890501,,18.165899,17.3379
1988037451,305.0960042,-74.31145356,0.22589099,,18.189301,17.435499
1988038798,305.5899289,-74.2275161,0.20433199,,18.2243,17.371901
1988038468,305.0522605,-74.05524829,-1.31285,,19.666,18.7791
1987892617,300.0996205,-74.94561453,-0.46812201,,19.4513,18.556299
1922139035,290.4894453,-75.79376284,0.10879,,18.3962,17.4778
1922150392,290.4161898,-75.70239923,-0.085291497,,18.577999,17.909
1922150411,290.3376143,-75.69206438,0.21075501,,18.566999,17.7556
1922150510,290.1999278,-75.67641792,0.243071,,18.596701,17.715
1922150876,290.2954313,-75.42037435,0.193106,,18.2551,17.365299
1922193361,290.3159924,-74.40851549,0.26824901,,18.459,17.629101
1922194128,290.3653369,-74.19141892,0.170606,,18.2022,17.353701
1922163291,293.6837534,-74.38157597,-0.096559301,,18.2666,17.5084
1922164534,293.5235548,-74.15664392,-0.095688298,,18.5665,17.710501
1922122193,295.2368657,-75.92640972,0.090089597,,18.4209,17.5147
1922122226,295.3149682,-75.86187482,0.0511146,,18.5886,17.687201
1922143805,295.2961943,-75.56517069,-0.187996,,19.0912,18.2491
1922149659,295.214859,-74.91835923,0.249483,,18.594101,17.7288
1922180689,295.311822,-74.11231867,0.161926,,18.416901,17.645599
1922177924,296.849613,-74.02773237,-0.086741,,18.083401,17.2763
1922126452,299.1068544,-75.93329368,-0.13448399,,18.400499,17.5119
1922169132,299.2253396,-74.46250938,-0.22368599,,18.3762,17.653999
1922174715,299.2557725,-74.05439076,0.217568,,18.427999,17.545601
1922128521,299.5162167,-75.5139889,0.0223468,,18.6422,17.721001
1922132689,299.2304036,-74.80100696,0.043454699,,18.886999,17.9732
1922174261,299.3978818,-74.2135888,0.117231,,18.6378,17.765499
1922174712,299.3352466,-74.04092031,0.0588229,,18.577299,17.6682
1987876806,305.0803557,-75.81316816,0.00192598,,18.611601,17.744699
1987877035,305.0391585,-75.68584374,0.068108901,,18.5669,17.794201
1987877019,305.1482274,-75.70900211,-0.107069,,18.577999,17.826099
1987886721,305.1589915,-75.22636315,0.237442,,18.680599,17.802299
1987887032,304.9943397,-75.11366842,0.139405,,18.5124,17.6602
1988025968,305.3902011,-74.87406723,0.146383,,18.4361,17.6085
1988026202,305.0307838,-74.79166274,0.073457099,,18.389099,17.556499
1988026246,304.9538803,-74.76551119,0.0157935,,18.5422,17.6786
1988027285,305.0446926,-74.47162267,0.110302,,18.488001,17.7026
1988037436,305.100142,-74.34306673,0.152317,,18.2794,17.447599
1988037620,305.2042925,-74.19773831,0.14229099,,18.4221,17.698601
1988037855,305.0885387,-74.07688181,-0.0058451002,,18.617399,17.746599
1922150872,290.3453959,-75.43828741,-0.516958,,19.1318,18.3321
1922191782,290.1622776,-74.85824151,0.0138071,,19.070999,18.183399
1922197260,293.6730766,-74.071983,0.027834101,,19.0972,18.2388
1922192783,290.3040841,-74.60882449,-0.22751901,,19.0399,18.2845
1922194343,290.1352746,-74.07169901,-0.523166,,19.1315,18.251301
1987891894,300.1692356,-75.28116742,-0.165299,,19.218901,18.307899
1987877098,304.9259671,-75.6356758,-0.066561602,,18.944201,18.048
1922154677,290.2391402,-75.08823784,0.0265374,,18.968201,18.0804
1922193673,290.3413806,-74.31891051,0.073540203,,18.8561,17.975
1922193767,290.580352,-74.29984647,0.131872,,18.756701,17.888599
1922148873,295.3231077,-74.96555807,-0.10108,,18.6457,17.766199
1922148875,295.304423,-74.9625241,0.23543,,18.512899,17.664101
1922160128,295.2026614,-74.39710052,-0.0060045398,,18.7278,17.865499
1922131881,299.2589889,-75.07282499,0.092889696,,18.943399,18.027201
1922169468,299.1270594,-74.28243457,0.135548,,18.4848,17.5886
1922132600,299.1382716,-74.90041242,0.099863797,,18.9867,18.0893
1922168063,299.3543928,-74.64083915,0.121104,,18.7698,17.8559
1922174407,299.4330664,-74.19157423,0.0141624,,18.7157,17.888201
1987874859,305.1176797,-75.93612371,0.26574299,,18.5389,17.687799
1987876839,305.2239133,-75.76980934,-0.17166001,,18.9814,18.1397
1987876860,305.206563,-75.74016836,0.0041920999,,18.659901,17.904699
1987886876,305.3936764,-75.11371797,0.078383103,,18.8288,17.959101
1988026009,305.0764405,-74.86835885,-0.092189997,,18.8519,18.122499
1988025965,305.4134748,-74.88747701,-0.13858201,,18.795601,18.012899
1988026212,305.118488,-74.76328375,-0.059838399,,18.935699,18.138201
1988027014,305.0608782,-74.62366342,-0.0133165,,18.9046,18.104401
364154092,291.2070718,-74.78088505,0.43266001,,18.254499,17.373199
364154316,291.2007845,-75.09616352,0.49663401,,18.096001,17.250401
466681582,295.510395,-75.04382766,0.36332199,,18.2556,17.4811
404191435,294.7545686,-75.09539295,0.43558899,,18.2001,17.2966
466681472,295.1618033,-74.87497311,0.483325,,18.121201,17.2404
1815611946,287.9545946,-75.75343264,0.022277299,,19.538,18.710899
1815611966,288.1629325,-75.71717134,0.12723701,,18.993799,18.2124
1815612329,288.1291379,-75.61024317,-0.048859201,,19.2747,18.584101
1815612376,287.9974892,-75.57728407,0.072355799,,19.6817,18.7969
1815613321,288.1049059,-75.5191655,-0.208673,,20.315701,19.474199
1815618387,288.2309053,-75.42841903,0.095318504,,19.273701,18.4727
1815703183,288.3802251,-75.16455056,0.328473,,18.321199,17.4867
1815703186,288.422152,-75.16689472,-0.33537,,19.9499,19.2019
1815703303,288.2222507,-75.17686876,0.23069,,18.4098,17.750099
1815703306,288.3136893,-75.1479849,0.250503,,19.0648,18.298201
1815703447,288.2970323,-75.11532261,-0.098688401,,20.2721,19.463499
1815704439,288.2602742,-75.01405394,0.0224509,,19.3381,18.5002
1815704433,288.3686511,-75.00955165,-0.090981103,,20.0912,19.239799
1815704505,288.2221488,-74.99616975,0.211732,,18.3832,17.7213
1815606874,288.6342845,-75.91499846,0.20874199,,18.6439,17.835199
1815615984,288.7547767,-75.87700906,0.43529201,,18.881901,18.125999
1815615604,288.7264477,-75.9073292,-0.29529101,,20.4074,19.541201
1815615993,288.6635259,-75.85876853,0.14904501,,18.4077,17.723499
1815615998,288.7605573,-75.84230148,-0.22212701,,19.508801,18.92
1815616000,288.6580082,-75.85503747,-0.15123899,,20.613899,19.7237
1815616320,288.777551,-75.73364995,-0.34024999,,19.976101,19.2654
1815616323,288.5453701,-75.77250467,0.0388018,,19.261299,18.4408
1815616345,288.8511902,-75.74492079,0.273274,,19.183399,18.3088
1815616351,288.8041336,-75.73861034,0.144403,,18.7157,17.923201
1815615104,289.6943744,-75.98669654,-0.94822699,,20.3804,19.594101
1815615494,289.6298446,-75.84405312,0.59990901,,19.160299,18.370001
1815615941,289.6295828,-75.70827712,0.1884,,20.050699,19.204
1815616661,289.7589912,-75.64781147,0.077533901,,18.916201,18.113899
1815616664,289.7981253,-75.63930116,0.13572501,,19.6584,18.798901
1815616667,289.8026548,-75.63570474,0.0087586101,,19.907,19.079399
1815616781,289.5498041,-75.59731736,-0.066484302,,19.653601,18.791401
1815616793,289.6808759,-75.55605104,-0.82284999,,20.3286,19.5716
1815616903,289.6511423,-75.49989784,0.171545,,19.193399,18.3074
1815617811,289.5969756,-75.40550251,0.31001699,,19.203899,18.5096
1815617813,289.5230626,-75.40494415,0.166394,,19.4555,18.599899
1815617852,289.8207873,-75.40530118,0.111351,,19.7061,18.932199
1815618044,289.6374345,-75.31157508,-0.097819403,,20.151501,19.370001
1815618144,289.7500174,-75.3254516,-0.195041,,19.9317,19.170099
1815619162,289.628159,-75.1920836,0.0109853,,20.176399,19.3368
1815619234,289.6243204,-75.11948428,-0.0250978,,19.663,18.912701
1815619235,289.6178659,-75.12503404,-0.37256801,,18.981001,18.291
1815619237,289.7589721,-75.13541698,0.204061,,20.147699,19.3237
1815619238,289.7866223,-75.13251535,0.28081,,19.150801,18.4231
1815619545,289.6214862,-75.0664238,0.395996,,19.318501,18.5005
1815705822,289.58896,-74.84262444,0.42328,,19.666599,18.8316
1815705879,289.7424997,-74.79195328,0.19258,,20.327801,19.4408
1815706035,289.8732461,-74.68074956,0.22622401,,20.1066,19.3048
1815706113,289.7335096,-74.63982067,0.135617,,19.4718,18.6175
1815706233,289.6621721,-74.58979932,0.00357719,,19.7157,18.9188
1815706287,289.5628372,-74.59997369,-0.171312,,18.8256,18.1574
1815706302,289.5725178,-74.56820093,0.34700599,,19.403799,18.5063
1815709290,289.6550412,-74.4934508,0.101549,,19.3009,18.4324
1815709287,289.6149659,-74.50914668,-0.189827,,20.332399,19.486099
1815709476,289.8092538,-74.41370995,0.034797002,,19.5016,18.655399
1815709710,289.6115148,-74.36719316,0.11678,,20.2911,19.378401
1815709766,289.5518255,-74.35433595,0.32898799,,19.2742,18.368799
1815710102,289.5319221,-74.26567928,-0.995893,,20.364599,19.568001
1815710110,289.7564717,-74.25299634,0.024813499,,19.564301,18.790701
1815710421,289.5409408,-74.14578914,-0.026705399,,19.3514,18.4776
1815710493,289.5162903,-74.12526908,0.41152999,,19.252899,18.415001
1815710495,289.5886102,-74.10720505,-0.0686296,,20.084999,19.26
1815710527,289.8868385,-74.22907798,-0.141671,,20.217501,19.3876
1922121943,294.416684,-75.97600285,0.0555554,,19.826599,19.074301
1922141656,294.319168,-75.84735027,0.243993,,19.1695,18.3004
1922141660,294.2707076,-75.82912932,-0.444484,,19.929701,19.0944
1922141664,294.3786946,-75.8128775,0.470429,,18.969999,18.0123
1922142266,294.4346675,-75.7247806,0.34176499,,19.5403,18.691601
1922142215,294.5389115,-75.73604515,0.390053,,19.6373,18.7873
1922142218,294.4627867,-75.72862434,0.053976201,,19.371599,18.5567
1922143291,294.2880095,-75.53118455,-0.194521,,19.151899,18.378401
1922146464,294.3165106,-75.36149875,-0.36088899,,19.802999,19.059299
1922146466,294.2460058,-75.36450659,-0.21928,,19.807199,19.004101
1922146400,294.3199717,-75.41246563,-0.222193,,19.761999,18.8486
1922146495,294.5423743,-75.30599124,0.212292,,20.132299,19.303101
1922147552,294.299017,-75.15777225,-1.02882,,20.667,19.7631
1922147569,294.03628,-75.17181054,0.306577,,18.731501,17.868601
1922147630,294.3210438,-75.08569266,0.28625801,,19.245701,18.326799
1922147632,294.2566608,-75.08279568,0.38276601,,19.766199,18.940399
1922149437,294.2402942,-74.96735528,0.32866299,,19.629999,18.7819
1922149482,294.4341871,-74.93307643,-0.0300369,,19.174999,18.3046
1922158300,294.404657,-74.83695895,-1.50002,,20.483801,19.7456
1922158315,294.2481776,-74.82686374,0.093561098,,19.836599,19.041201
1922158511,294.3369715,-74.7962339,-0.14892399,,19.606001,18.8396
1922159477,294.3014466,-74.63309384,0.52044702,,19.2934,18.4874
1922159525,294.2189885,-74.62259253,0.089978099,,19.9648,19.044901
1922159576,294.492159,-74.53477885,-0.364436,,19.8999,19.016701
1922159780,294.2956971,-74.53990427,0.0635029,,19.6828,18.872
1922160266,294.3716682,-74.41835866,-0.113092,,19.7383,18.9865
1922163532,294.4128395,-74.34120755,0.119673,,19.944901,19.055799
1922163536,294.4573032,-74.32630286,-0.36457601,,19.496201,18.66
1922163523,294.2581722,-74.3544205,-0.25747001,,19.122601,18.3316
1922163870,294.3872544,-74.16109778,-0.95922202,,20.775101,19.883499
1922163871,294.409171,-74.15454205,0.0152251,,19.383801,18.6527
1922164664,294.2270687,-74.14940192,-0.2139,,19.997601,19.2824
1922164666,294.3082826,-74.14113575,0.094574697,,19.179501,18.4025
1922165045,294.336526,-74.01767599,-0.61148399,,20.209999,19.320299
1922164751,294.4705187,-74.12414744,0.175107,,19.429199,18.620501
1922164773,294.4159712,-74.09499095,-0.36176699,,20.0431,19.3416
1922164778,294.540637,-74.08408942,-0.357676,,20.214001,19.383301
1922164779,294.5279422,-74.07752909,0.366155,,19.7862,18.980101
1922164850,294.3908111,-74.04393657,0.0034588601,,19.0212,18.285601
1922122286,294.6552,-75.95436552,-0.0026531599,,19.674299,18.8356
1922142047,294.7867709,-75.77301559,0.10502,,19.877001,18.9401
1922143125,294.7790333,-75.52723352,0.336151,,19.374701,18.5012
1922143215,294.7747443,-75.49024883,-0.51437098,,20.2976,19.366899
1922143467,294.6708231,-75.41101966,-0.120624,,20.3375,19.454901
1922143469,294.7014193,-75.40774723,0.581029,,19.587601,18.6632
1922143490,294.7946901,-75.37542218,0.0103717,,19.4515,18.6591
1922143499,294.6101093,-75.38071532,-0.349298,,20.4995,19.5954
1922146440,294.7232144,-75.34210302,-0.45714101,,19.694401,18.880501
1922147996,294.7306676,-75.26397477,-0.085027099,,19.8211,18.992701
1922148004,294.8408057,-75.25253711,0.28924799,,19.2428,18.321501
1922148304,294.7879307,-75.12933313,0.34517199,,19.511801,18.617399
1922148331,294.6862271,-75.10372259,0.083070002,,18.8386,18.012899
1922148312,294.7488745,-75.12729587,0.25376099,,19.2696,18.5019
1922149119,294.7550931,-75.03706546,0.107831,,18.9191,18.009399
1922149284,294.8630039,-74.99329505,-0.39534599,,20.8309,19.9198
1922149302,294.758987,-74.96383882,0.40604901,,19.180201,18.309799
1922149508,294.8579336,-74.92504599,-0.076803498,,18.937901,18.1479
1922149513,294.8138697,-74.92679736,0.26852301,,18.947001,18.038799
1922149577,294.7228499,-74.87993711,-0.194748,,19.712799,18.9492
1922158438,294.7103259,-74.7631502,0.322725,,19.8067,18.9165
1922159889,294.6374543,-74.57858388,0.215876,,19.1542,18.2771
1922159890,294.6510137,-74.5773748,-0.81726003,,19.744699,19.0385
1922159917,294.7052274,-74.52817494,0.114753,,19.798901,18.9048
1922159920,294.8345764,-74.54484289,-0.26210099,,20.326401,19.5331
1922159911,294.7771537,-74.528187,0.35459399,,19.6047,18.822399
1922160004,294.8609966,-74.48675433,-0.12589601,,19.295799,18.4946
1922160237,294.6718674,-74.41418537,0.44254699,,19.096001,18.225
1922160238,294.6921045,-74.40492637,0.455695,,19.7659,18.9457
1922160297,294.6271514,-74.37694913,0.17862099,,19.171101,18.3827
1922160429,294.7627513,-74.33004732,-0.244085,,19.940701,19.061501
1922163608,294.8863108,-74.25984238,0.43286899,,19.557699,18.722799
1922163883,294.6827029,-74.18540081,0.034402799,,19.8992,19.1984
1922163884,294.760501,-74.17454241,-0.68493801,,20.4802,19.6064
1922164003,294.7201803,-74.07767632,0.27766401,,19.857,18.978001
1922164869,294.6414477,-74.00895648,-0.395668,,20.1031,19.2174
1922164870,294.6488806,-74.00684169,0.70288998,,18.5012,17.605801
1922119958,297.5692092,-75.93040806,-1.20567,,19.9701,19.016899
1922128116,298.1846571,-75.68549924,0.22393,,18.9811,18.0481
1922128182,298.0102357,-75.66773524,0.236836,,19.430099,18.5672
1922129460,297.9264268,-75.61328619,0.397616,,19.8239,18.963699
1922129795,297.9799881,-75.50098812,0.267961,,19.594801,18.6257
1922129806,298.0670422,-75.48583758,0.435186,,19.528799,18.681499
1922129808,298.0749944,-75.47417041,0.26364699,,19.8489,18.9384
1922130647,297.8529082,-75.32391326,0.020745501,,19.984301,19.077299
1922131306,298.0260974,-75.15271895,-0.100001,,19.587999,18.7073
1922165799,297.956944,-75.06249208,-0.097801298,,19.7997,18.975599
1922165828,297.7710042,-75.0364075,0.246868,,18.893999,18.070299
1922165858,297.8282671,-75.02272234,-0.070470303,,19.7316,18.990101
1922165868,298.1422352,-75.05167713,-0.315063,,20.528099,19.6126
1922166070,297.8577425,-74.94783894,0.433056,,18.680901,17.7983
1922166218,297.9307078,-74.89386874,-0.41741201,,20.298,19.5133
1922166245,297.9134317,-74.85844576,-0.0023601099,,19.381901,18.581301
1922167336,297.8982718,-74.69879933,-0.0304107,,19.8528,18.929701
1922168819,297.8977331,-74.59376619,-0.77358401,,20.195801,19.4097
1922171902,298.0446323,-74.44099242,0.45325899,,18.9044,18.0718
1922172080,297.9065607,-74.41370738,0.57955003,,20.0352,19.146799
1922172919,297.9569777,-74.27765367,0.3073,,19.6364,18.7542
1922172921,298.0163004,-74.26450084,0.48107699,,19.2309,18.365
1922172984,297.801359,-74.24293105,0.60812098,,18.6819,17.8479
1922172985,297.8122131,-74.23518513,0.379502,,19.0952,18.381599
407920596,290.2653717,-75.63799271,4.3364401,,,
407923788,290.5796323,-74.63022318,1.63921,,12.9944,12.2331
407923930,290.7081629,-74.42370777,1.77618,,12.3648,11.512
364153611,291.5240966,-74.00392531,1.89772,,11.2453,10.5309
364154441,291.4259995,-75.33802257,1.39341,,13.623,12.8345
407920728,290.0155802,-75.8294684,5.0534101,,9.2907,8.7049704
466681982,295.4751759,-75.76685044,2.4874201,,12.4565,11.5504
466681296,295.4375717,-74.55119203,2.11257,,11.4472,10.6658
364153950,291.386498,-74.54575376,2.0174899,,11.9285,11.2007
404193932,298.5193963,-75.8781311,4.5838699,,11.6765,10.797
407920781,290.211521,-75.90741169,1.8118401,,13.4638,12.5701
364154622,291.4342512,-75.61421234,1.25543,,13.7045,12.9147
265126066,293.7413442,-74.1049502,1.44525,,12.9805,12.2716
404191212,294.7371971,-74.64575285,2.6083,,13.1865,12.3026
404191366,295.0510691,-74.95357509,0.92767298,,13.1884,12.5795
404191601,294.7319018,-75.34031899,0.98412699,,13.4239,12.6172
404191603,294.8431778,-75.34056455,1.20163,,13.3758,12.5426
404191614,294.7143241,-75.35745183,1.2583899,,13.2644,12.4128
466681308,295.3767476,-74.57299472,1.43379,,13.3651,12.5132
466681675,295.1149782,-75.21031292,1.08035,,13.5504,12.7718
398447042,298.1262994,-75.50126472,1.98589,,13.5982,12.6514
404193900,298.359504,-75.9498572,2.3635399,,12.5236,11.6166
404193992,298.5285972,-75.75421987,1.1655101,,13.1473,12.2541
404194150,298.3958679,-75.43476133,1.05382,,13.073,12.3131
407885590,290.1884376,-75.14439701,1.2340699,,14.235,13.379
407885062,290.0604206,-74.3810134,0.94945198,,13.9465,13.0722
407885117,290.0965135,-74.44531017,1.52494,,13.9486,13.1141
364153964,291.1809327,-74.58094161,1.0009,,14.2325,13.4047
364154060,291.225361,-74.72886563,1.1105601,,14.108,13.25
404191349,294.8243306,-74.9142845,0.85455,,14.7331,13.8314
407885318,290.1607477,-74.72966975,0.54600501,,16.5511,15.6785
364154702,291.3567362,-75.73350659,0.314632,,15.8584,15.0675
466681757,295.3198606,-75.35151771,0.867908,,14.2851,13.4583
466681603,295.444859,-75.07280999,0.076281197,,15.0541,14.4689
407884993,290.3535011,-74.26896824,0.392061,,16.3584,15.4615
407885113,290.3240306,-74.44269831,0.29995,,15.6,14.9818
407885232,290.1853388,-74.59836778,0.46852401,,16.2845,15.4805
407885039,290.3327362,-74.34419192,0.412651,,15.9404,15.0654
407885063,290.1903276,-74.38129863,0.25478199,,16.123899,15.3273
407923829,290.6786846,-74.57069739,0.42908299,,16.4792,15.6005
364154568,291.2190075,-75.54754045,0.49976501,,16.1705,15.3319
404191299,294.8617741,-74.81158543,0.43416101,,16.503401,15.6774
466681144,295.1379261,-74.29102834,0.0326217,,16.126699,15.3213
398447543,297.9226038,-74.7329751,0.38510299,,16.4701,15.559
404193926,298.3663533,-75.89373321,0.67785197,,16.087799,15.1459
404193934,298.4325233,-75.87709954,0.39405,,16.1677,15.3274
364115925,289.4469186,-74.21478166,0.73630399,,15.9043,14.9785
407885375,290.2417336,-74.81258917,0.71910399,,15.1666,14.3535
407923869,290.4844374,-74.51334337,0.82999098,,14.8643,14.0447
407924143,290.4737075,-74.12555929,0.640347,,14.8918,14.1138
364153783,291.4132534,-74.26685381,0.54867601,,15.466,14.6807
364154480,291.5471774,-75.39496143,1.05902,,14.2694,13.4043
364154608,291.2673946,-75.59571985,0.64061099,,15.4486,14.5897
265126042,293.7717147,-74.13750653,0.77609801,,15.0541,14.2344
404191184,294.7241727,-74.58479185,1.29767,,14.0679,13.2166
404191186,294.7514406,-74.58951013,1.63607,,14.3562,13.4633
404191219,294.8123922,-74.65852834,0.93530798,,14.4027,13.5872
404191326,295.0676809,-74.8639956,1.1748101,,14.7638,13.9118
404191438,294.763143,-75.09636199,1.16654,,14.1347,13.2613
404191548,294.9608568,-75.27032348,0.99546999,,14.1938,13.3639
466681136,295.3100607,-74.27607498,1.1165,,14.3913,13.5372
466681439,295.4578779,-74.81873881,1.23014,,14.0467,13.2083
404193906,298.4053374,-75.93799706,1.26451,,14.2576,13.3606
404191474,294.7349463,-75.14133704,0.512685,,15.6318,14.7777
407884890,290.3014784,-74.13420963,0.71319503,,15.6521,14.7862
407885156,290.0634316,-74.49485114,0.54892999,,15.432,14.5543
407885317,290.1218771,-74.72457068,0.84836298,,14.9036,14.0809
407885726,290.1443314,-75.33554243,0.48811001,,15.7459,14.8736
407885730,290.2333963,-75.34051005,1.01349,,14.5661,13.6911
407884963,290.2709087,-74.2260699,0.79490501,,14.4839,13.7476
407885166,290.3251426,-74.50487461,0.58846098,,15.205,14.3192
407923750,290.4840239,-74.67357528,0.56013799,,14.7878,14.0595
364153614,291.4705595,-74.0093964,0.473777,,14.803,14.1815
364153839,291.275504,-74.35352966,0.64806598,,15.1924,14.4116
364154094,291.5101724,-74.78612736,0.78500801,,14.8737,13.967
364154121,291.3899315,-74.82649965,0.89506602,,14.4601,13.5663
364154295,291.2725142,-75.07734317,0.80167598,,14.969,14.0817
364154764,291.4331668,-75.84927833,1.05758,,14.743,13.8504
407935002,290.8828186,-75.85252359,1.0868599,,15.2134,14.297
265126038,293.5640531,-74.14480287,1.33025,,13.9801,13.0857
404190811,294.9311975,-74.00834399,0.83409202,,14.5126,13.7309
404190854,294.7507002,-74.07136312,0.68259299,,14.8027,14.0668
404190857,294.9568818,-74.08784257,0.84081,,14.2942,13.4358
404190957,294.930007,-74.20968203,0.45442101,,16.006399,15.1141
404191269,294.7450105,-74.75284096,0.80843198,,14.6338,13.7282
466681373,295.3740974,-74.70028561,0.66004199,,15.0004,14.1384
466681376,295.3312629,-74.70659997,0.76319999,,14.9364,14.1328
466681692,295.3835668,-75.24405106,1.19361,,13.8303,13.0128
398446815,297.8752978,-75.92851272,0.73486298,,15.2957,14.4082
398447106,298.0663522,-75.40324813,0.18620799,,14.4924,14.0144
407885458,290.0882492,-74.95349918,5.40417,,10.016,9.3159199
407923792,290.5893901,-74.6285016,1.5256799,,12.8334,12.2185
404191476,295.0743945,-75.15145373,0.48279101,,16.9415,16.0415
407920512,290.3686346,-75.50122051,0.312745,,17.4767,16.573999
407923683,290.7953324,-74.79195903,0.190762,,17.079,16.192699
364154443,291.5291059,-75.33995979,0.20463499,,17.357401,16.4937
364154477,291.5107233,-75.39077654,0.25408301,,16.9165,16.017799
466681003,295.4222498,-74.02415465,0.34454101,,16.6595,15.9165
466681356,295.3683332,-74.68123536,0.36256099,,17.0812,16.2213
466681619,295.3823528,-75.10816297,0.25684601,,17.4666,16.592199
398447614,297.9126433,-74.60770902,0.23709001,,17.178699,16.2686
398447626,298.0262327,-74.59094586,0.26045099,,17.303801,16.423901
407885120,290.3483193,-74.45164458,0.301624,,16.867001,16.061701
407923724,290.6074692,-74.72714599,0.346378,,16.516899,15.6792
466681549,295.1356779,-75.00473123,0.25530699,,16.833,15.938
398447258,297.9018125,-75.19677324,0.19276799,,16.4419,15.6646
404193881,298.5013593,-75.98716741,0.519216,,16.7729,15.8555
364154155,291.3851665,-74.87686643,0.41603401,,16.639799,15.9222
404191115,294.9977451,-74.46538047,0.178224,,16.940599,16.0707
404191546,294.8407297,-75.26919257,0.36928999,,16.697201,15.8132
398447395,298.0104962,-74.98615164,0.27898499,,16.6875,15.8347
404194066,298.5663791,-75.59834964,0.57848197,,16.8181,15.9078
404191249,295.0603606,-74.71525387,0.38962901,,16.2915,15.4205
466681543,295.1471362,-74.99541491,0.45967901,,16.448,15.5438
404191380,294.7455967,-74.97332864,0.92341602,,14.4779,13.615
364153722,291.3958895,-74.16204056,0.47288999,,16.542101,15.6493
364153652,291.2010799,-74.07249581,0.64825499,,14.7735,14.0432
364154286,291.4870604,-75.07249405,0.46871099,,14.9956,14.1753
404191475,295.0164652,-75.14254229,0.59027302,,16.280199,15.3991
407923697,290.6299324,-74.77328956,0.52505398,,16.6173,15.7321
404190989,294.7954752,-74.26411166,0.33350301,,16.6005,15.7092
364154292,291.2538099,-75.07703597,0.43840501,,16.763901,15.8623
407885593,290.1315309,-75.14644738,0.44079,,16.1392,15.298
407920690,290.0220852,-75.78232875,0.476587,,16.1521,15.3377
407885121,290.1367878,-74.45244324,0.42752501,,16.2285,15.3827
364154284,291.5017302,-75.06931761,0.197111,,15.802,15.1204
404191220,294.7520061,-74.65927232,0.54887497,,16.514999,15.7089
466681192,295.4786645,-74.37223895,0.69506103,,16.122801,15.2569
466682083,295.2849515,-75.98178741,0.34479401,,16.3358,15.3956
407885022,290.2530667,-74.31465879,0.36292601,,16.1803,15.3229
466681680,295.2414902,-75.21721513,0.32317299,,16.8675,15.9871
407885231,290.2637303,-74.59811813,0.243645,,17.287701,16.449301
407924220,290.4737616,-74.03854506,0.0649096,,17.4431,16.6903
466681473,295.3844863,-74.8753776,0.19282199,,16.956499,16.4069
407885161,290.3239797,-74.50152504,0.36604601,,17.2686,16.3969
407923609,290.6053686,-74.88877511,0.37248099,,17.115,16.261999
364154834,291.2155173,-75.96909703,0.28295901,,17.5049,16.7008
466681039,295.4193674,-74.10326091,0.211358,,17.2992,16.5809
398446901,298.2178317,-75.76915413,0.35406899,,17.242201,16.4238
398447140,297.9698046,-75.36418773,0.31347001,,18.6103,17.678699
364153823,291.3198235,-74.3191118,0.21633101,,17.0917,16.403299
364154281,291.433348,-75.06632426,0.28268301,,17.3825,16.5072
364154323,291.2218184,-75.10581214,0.30991,,18.285801,17.431499
407885284,290.1464099,-74.68225342,0.366651,,16.9095,16.060101
404190905,294.9833758,-74.15582872,0.235661,,17.1796,16.2894
404191555,295.0885615,-75.27697787,0.41208601,,16.9459,16.049999
407884842,290.3537792,-74.07557005,0.17207401,,16.627199,16.0299
407885036,290.3093428,-74.33600787,0.40640101,,17.101601,16.2054
407923721,290.7101629,-74.73593691,0.395004,,17.113899,16.240801
407924179,290.4527817,-74.08394301,0.35723901,,17.131001,16.289301
364153965,291.3440216,-74.58389259,0.272443,,17.248301,16.356701
364154391,291.4353178,-75.22779071,0.21687999,,17.053301,16.264099
404191046,294.9582244,-74.35038308,0.30691001,,17.180599,16.283501
404191190,294.9674893,-74.59225265,0.338449,,16.9389,16.135799
466682006,295.2121744,-75.81986096,0.20031101,,17.4223,16.484501
398447452,298.1583807,-74.87242195,0.198985,,17.380301,16.437799
407885589,290.1257896,-75.14349203,0.37211701,,16.6082,15.7546
407885459,290.1140367,-74.95652928,0.37786701,,16.6126,15.7302
404190902,295.090671,-74.14913767,0.37754399,,16.897301,15.9995
404191156,294.7975374,-74.5310443,0.21992899,,16.9011,16.0443
398447040,298.0094851,-75.50310745,0.034137499,,17.324301,16.3808
407884907,290.1251102,-74.16098867,0.54532802,,17.3302,16.4473
407885235,290.1302697,-74.60566573,0.19786701,,17.3134,16.6138
407885320,290.3086433,-74.73175286,0.037640899,,17.3939,16.7099
407884964,290.0520238,-74.2267449,0.38778999,,17.378599,16.502701
407924118,290.4386758,-74.16700467,0.20629001,,17.2635,16.466
407924180,290.5807837,-74.08351763,0.38216999,,17.934099,17.0618
364153844,291.2692891,-74.37103483,0.186625,,17.517599,16.6523
364154089,291.2602394,-74.77942383,0.24804699,,17.248699,16.454399
364154838,291.2678914,-75.98482811,0.377152,,17.563801,16.6353
404190906,294.7333804,-74.15657235,0.32036099,,17.509199,16.6376
404191137,294.8749761,-74.49934438,0.25794399,,17.3431,16.4893
466681146,295.4830624,-74.29385494,0.26364601,,17.5336,16.7728
466681188,295.3921448,-74.3644303,0.076730303,,17.3713,16.628201
364154285,291.4347783,-75.0716621,0.122291,,17.503,16.6243
265125965,293.8084166,-74.24822556,0.19453999,,17.9697,17.1091
466682011,295.3732119,-75.83096554,0.272863,,17.7239,16.7952
398447299,298.0103617,-75.13331368,0.169598,,17.8521,16.953199
407923791,290.7865024,-74.62896959,0.400888,,17.451799,16.5781
407923921,290.7946758,-74.43820422,0.312628,,17.5697,16.7735
364153744,291.3386055,-74.18986738,0.31696799,,17.582001,16.6919
364154473,291.2199624,-75.3853848,0.26331201,,17.7055,16.815701
265125963,293.7453021,-74.24845767,0.37689301,,17.498699,16.605301
404191559,294.9890781,-75.28245057,0.157185,,17.555799,16.639999
466681711,295.3171005,-75.27978524,0.180953,,17.7367,16.8535
466681881,295.3073162,-75.58052578,0.26647899,,17.6968,16.7736
466682082,295.1108589,-75.9812364,0.341723,,17.2995,16.370001
364153780,291.5453874,-74.2633671,0.34998,,17.753201,16.9366
404191086,295.0537672,-74.41335395,0.30258301,,18.067301,17.2964
404194123,298.3102743,-75.48159136,0.207009,,17.427401,16.7195
407885715,290.3909948,-75.32041133,0.22628599,,17.862499,16.9715
407920630,290.129599,-75.69436134,0.122697,,17.635799,16.763599
364153953,291.4749652,-74.54864025,0.294797,,17.5924,16.748501
364154709,291.1894363,-75.74904851,0.26082301,,17.310499,16.5886
265126039,293.6076766,-74.14399539,0.216034,,17.693701,16.826
265126069,293.8687185,-74.09639672,0.31947601,,17.6789,16.7887
404190998,295.013917,-74.27341519,0.142676,,17.327101,16.5427
404191229,294.8242843,-74.68286188,0.39634001,,17.818001,16.9569
404191436,295.0890492,-75.095685,0.197991,,17.4823,16.6926
398447517,298.0253921,-74.77693812,0.273496,,17.837999,16.904499
407884962,290.2044885,-74.22507479,0.384206,,17.6171,16.870899
407885026,290.0171178,-74.31893965,0.204455,,17.9238,17.061501
407923920,290.3847637,-74.44144743,0.28178099,,18.007601,17.212299
364153954,291.5231865,-74.55006663,0.179548,,18.2943,17.4533
466681471,295.2812745,-74.87324755,0.0058640498,,18.189301,17.2983
407923795,290.5180173,-74.62609729,0.18524399,,17.4571,16.575399
407924223,290.7945941,-74.03623154,0.16974799,,17.350401,16.6444
466681617,295.4426099,-75.10404108,0.493476,,17.494301,16.619101
407884953,290.314632,-74.21277047,0.103969,,17.983801,17.134899
407920735,290.3948431,-75.83886098,0.40744701,,17.924999,17.0072
407920628,290.3562164,-75.69160381,0.270946,,17.729601,16.8722
407923753,290.6357684,-74.67069521,0.228716,,17.985001,17.201099
407923992,290.3733254,-74.33648147,0.184513,,18.499001,17.677
364154175,291.5079812,-74.90023424,0.332524,,17.8598,16.963699
364154476,291.1891149,-75.38803883,-0.12782501,,18.2155,17.589899
404191439,294.7277601,-75.0965716,0.30178201,,18.1042,17.2164
466681261,295.2085414,-74.49996929,0.218079,,18.0485,17.260599
466681378,295.3984796,-74.70972603,-0.051466402,,18.029499,17.184
466681679,295.4139748,-75.2149198,0.36252701,,17.7306,16.864
398447231,298.0381112,-75.22652765,0.102059,,18.3092,17.4447
407884951,290.1420654,-74.20849502,0.14950299,,18.0296,17.249399
364115928,289.6331842,-74.21139869,-0.075524002,,18.1071,17.3078
407885112,290.3035995,-74.43653682,0.25787699,,17.898899,17.0467
407885586,290.0277077,-75.14170332,0.16541,,17.5993,16.915199
407885587,290.3120634,-75.14265723,0.220424,,17.846399,17.0348
407885646,290.325299,-75.22268983,0.153236,,18.090401,17.1933
407923923,290.5787863,-74.42808873,0.35046199,,17.954399,17.0548
364153610,291.3761556,-74.00273898,0.26691499,,17.630699,16.798
404191267,294.7523359,-74.74811359,0.25456101,,17.625,16.8414
404191301,295.0201796,-74.81725306,0.244056,,18.0399,17.177401
466681581,295.4537004,-75.04223729,0.287449,,17.7255,16.8703
404191553,294.7574187,-75.27573583,0.33581901,,17.878599,17.0138
407924121,290.576342,-74.15996382,0.20034599,,17.420099,16.5791
364154712,291.2112477,-75.75013175,0.128782,,18.333799,17.471201
364154731,291.2486926,-75.79158814,0.311481,,17.9835,17.070299
407935004,290.818178,-75.85447688,0.298861,,18.1236,17.217199
404191183,294.7144971,-74.58474872,0.406351,,17.8983,17.0611
407923827,290.6703347,-74.57220773,0.187479,,18.316299,17.4447
407924067,290.6619296,-74.23126478,0.39151901,,17.329201,16.4687
364154619,291.1974978,-75.61141642,0.0283999,,18.1506,17.282301
404190924,295.0057678,-74.18162785,0.256466,,18.0737,17.217699
404191136,294.7716258,-74.49673167,0.42429,,17.6751,16.8398
407885420,290.0549818,-74.89077139,0.34261501,,18.3503,17.497601
404191271,294.8793207,-74.75939627,0.33427101,,17.997,17.115999
398447090,297.8163243,-75.42386792,0.14860199,,18.3897,17.4489
398447468,297.9019079,-74.84413992,0.181495,,18.0427,17.1236
466681984,295.4607451,-75.76754777,0.16441301,,17.822399,16.898199
407884889,290.0733062,-74.1327319,0.477777,,17.1509,16.2474
407885110,290.3476818,-74.43389462,0.248521,,17.601101,16.800301
407924149,290.6582102,-74.12017473,0.48752499,,16.7372,15.8796
364154430,291.2108861,-75.32157784,0.30818999,,18.130301,17.2684
404190946,294.8695586,-74.20295368,0.33202299,,17.169201,16.287201
466682081,295.4370314,-75.97972555,0.36346701,,16.6366,15.7093
1815611950,288.0414326,-75.74284832,-0.0219649,,18.502899,17.656601
1922164662,294.4103831,-74.12142002,-0.065079398,,17.6187,16.900999
1922172918,297.9707138,-74.28244855,-0.054531898,,18.142401,17.2843
1922172969,297.8193479,-74.26000108,-0.0879016,,18.220501,17.438801
1815706237,289.7808309,-74.57507543,0.107966,,18.3549,17.664801
1815616302,288.6689744,-75.78215127,-0.0116943,,18.726999,17.8652
1815615944,289.7612175,-75.70846621,0.0314353,,18.355301,17.575001
1815616717,289.608796,-75.63133382,0.19866,,18.532301,17.656601
1815616877,289.4272192,-75.53915371,0.096111603,,18.466499,17.5926
1815619617,289.6630625,-75.04525984,0.0091146696,,18.281799,17.5387
1815710422,289.5382706,-74.14220668,0.29953599,,18.5172,17.629999
1922146702,294.388964,-75.27123006,0.0601338,,18.5669,17.689899
1922165048,294.4511346,-74.0014801,-0.0121071,,18.8696,18.0224
1922122297,294.8251162,-75.91323922,-0.0034131,,18.510099,17.6113
1922160232,294.8239421,-74.40363807,0.100745,,18.2707,17.586901
1922173029,297.9612256,-74.19158905,-0.0231333,,18.515699,17.685101
1922173186,297.8840477,-74.17963811,0.269595,,18.573099,17.704
1922158453,294.7975574,-74.73056649,-0.074703597,,18.91,18.058901
1815615980,288.7518101,-75.88004375,0.116145,,18.760099,17.9363
1815616304,288.6387041,-75.78651305,0.096068002,,18.870399,18.013
1815616874,289.6081543,-75.51061648,0.121197,,18.8885,17.991199
1815617850,289.8095748,-75.42242798,0.0231419,,18.8262,17.959
1815710109,289.7362273,-74.26317592,0.19991,,18.6745,17.7708
1815710416,289.7095443,-74.13176223,0.070895799,,18.796801,17.912399
1922141584,294.4375397,-75.91580879,0.21728601,,18.793301,17.8778
1922158206,294.2971204,-74.93623432,0.088003397,,19.0492,18.1367
1922142294,294.643963,-75.67085813,0.059305001,,19.187401,18.271
1922142399,294.7833034,-75.63106593,0.200692,,19.0119,18.0763
2026031301,322.0546094,-75.50428949,0.0068928702,,18.4389,17.7279
364112057,288.8719222,-75.54291455,0.57304001,,17.862801,17.0151
364111711,288.9341806,-75.05532005,0.357685,,18.4415,17.635799
364136281,289.8676211,-75.36857765,0.46779901,,17.8703,17.0305
423239075,297.1412727,-75.27221644,0.50352198,,17.7792,16.927401
364135304,289.873632,-74.03413406,0.44304499,,18.7409,17.8645
340845435,292.8947837,-74.42799865,0.361343,,18.2335,17.4589
340845954,293.053883,-75.18222898,0.40423799,,18.277201,17.382999
1922138712,290.7932628,-75.884459,-0.023822401,,19.331301,18.473499
1922140608,290.8506788,-75.75364471,0.094639599,,19.7784,18.952499
1922140612,290.9494527,-75.73732073,0.313108,,19.555799,18.660999
1922140686,290.8468853,-75.71084538,0.63923198,,18.9084,18.0814
1922150962,290.9042734,-75.64614189,0.28656399,,19.0744,18.3265
1922150963,290.9087275,-75.63611607,0.37092799,,18.739799,17.8571
1922150991,291.0555314,-75.61275785,0.471957,,19.0795,18.2922
1922150995,291.0016702,-75.60877717,-0.0133966,,19.410999,18.651899
1922151017,290.8292618,-75.63333866,0.36884999,,18.8034,17.902
1922151304,290.9618049,-75.54210846,0.25704101,,18.931499,18.0681
1922151406,290.7899478,-75.46680361,0.61444098,,18.799601,17.9765
1922152305,291.2384797,-75.36190009,-0.103969,,20.518999,19.654699
1922152366,290.9859226,-75.33325904,0.089239903,,19.1593,18.366301
1922153642,291.0405206,-75.11783573,-0.187279,,20.3734,19.492599
1922155211,290.8688356,-74.95657353,-0.38877001,,19.880699,19.090099
1922155233,290.8574297,-74.92683308,-0.129085,,19.8169,19.070601
1922155325,290.9211954,-74.86413223,0.211502,,18.5944,18.105301
1922155354,291.0333079,-74.83112937,0.21372899,,19.3349,18.4545
1922155528,290.9083002,-74.81646784,0.291412,,19.180599,18.3664
1922155565,291.0402214,-74.80578361,-0.197561,,19.3596,18.5319
1922155566,291.02896,-74.79966225,0.206743,,18.632999,17.826799
1922155648,290.9340149,-74.76335637,0.090511702,,19.639799,18.8022
1922192144,290.9802624,-74.6997134,0.30161101,,19.807501,19.0121
1922192351,290.9660747,-74.64009432,0.340639,,19.5926,18.806299
1922192378,290.965068,-74.589795,-0.00233734,,19.278299,18.3827
1922192633,290.9645014,-74.5342355,0.261621,,19.1567,18.439501
1922192697,290.8705603,-74.50910502,0.0361403,,19.502001,18.7225
1922193199,291.0203855,-74.39843572,-0.020687001,,20.543501,19.6486
1922193285,291.0195786,-74.34442647,0.22254901,,19.2131,18.399799
1922193455,290.8648899,-74.350711,0.32963201,,19.151899,18.372299
1922193531,290.8042374,-74.30346189,0.399941,,18.924601,18.191
1922193532,290.8407191,-74.28960896,-1.0225101,,20.644899,19.7509
1922199557,291.0237235,-74.14697807,0.42526501,,18.715099,17.865999
1922199807,290.77412,-74.10457607,0.267257,,19.3915,18.5753
1922199859,290.8455766,-74.07069056,0.19547901,,19.450001,18.6255
1922173130,297.384561,-74.21076548,-0.71936703,,20.6604,19.8326
1922178359,297.1978046,-74.15858362,-0.29211399,,19.121799,18.3575
1922178422,297.2854139,-74.10492151,0.190613,,19.5147,18.6651
1922178572,297.1766514,-74.0942709,0.562572,,17.9734,17.0812
1922178578,297.1951801,-74.07830327,0.070689604,,19.192101,18.4163
1922178687,297.1311749,-74.00552879,0.240381,,18.814699,18.002399
1987881216,300.4440145,-75.97532061,0.27178401,,19.7183,18.823299
1987882475,300.3241553,-75.78194409,-0.54885799,,19.619301,18.6595
1987882673,300.5338859,-75.7119575,-0.714522,,19.4835,18.8298
1987891275,300.1239962,-75.44810036,-0.113149,,18.9321,18.196699
1987891976,300.5299886,-75.27113539,0.26013801,,19.352301,18.421801
1987898028,300.5113897,-74.50929134,0.37266499,,19.2792,18.3638
1987901806,300.4582176,-74.02612689,-0.095825203,,19.328899,18.4198
364110980,289.1376137,-74.07377344,0.122531,,12.5362,11.8187
364111699,289.0186799,-75.04095444,,,12.9345,12.1797
364111906,288.9521125,-75.3095602,,,12.8863,12.0958
340845434,292.9888847,-74.42719261,,,10.3578,9.7566299
364111777,288.8674914,-75.13770522,1.52727,,13.3875,12.6173
364111587,288.9630512,-74.87224507,1.32594,,13.4089,12.6587
364135928,289.8514313,-74.85635179,1.59487,,13.0827,12.3527
340845485,292.9585696,-74.49090135,1.47383,,12.4318,11.7201
466681893,295.3465895,-75.61022393,4.08004,,9.8155804,9.2528
364135392,289.9858441,-74.13558466,1.50787,,13.2137,12.5011
364111067,288.8177342,-74.18913218,1.83858,,12.287,11.5354
340899878,294.1600855,-74.57393601,0.79921502,,12.1019,11.6557
466681488,295.1734586,-74.90540467,2.01401,,12.5204,11.736
364112102,288.8281802,-75.60778525,2.43466,,13.1597,12.3327
364111970,289.1520623,-75.41950734,1.88702,,13.1485,12.3243
364111010,289.1150412,-74.11145689,1.0583301,,13.6602,12.7808
364112103,288.9537101,-75.60880885,1.40584,,13.5522,12.6907
364112300,289.0291404,-75.93513791,1.72313,,13.1981,12.4476
364136322,289.7185829,-75.44154179,1.02183,,13.2914,12.5061
364136359,289.9119837,-75.50040916,1.1466,,13.44,12.6219
340845129,292.8863681,-74.01555714,1.65405,,12.5165,11.7006
340845413,292.8968838,-74.39649983,1.05032,,13.3237,12.4924
340845950,293.0867302,-75.17100692,1.3926001,,13.3468,12.4467
340845951,292.7627112,-75.17108491,1.23813,,13.4246,12.514
340846238,293.0427585,-75.60125997,2.1386499,,12.5218,11.8212
340900156,293.908328,-74.16535045,0.35896,,12.8308,12.3751
466681449,295.3412906,-74.83326698,1.58401,,13.6089,12.8358
466681564,295.1621276,-75.02097676,1.80478,,13.2007,12.3456
466681928,295.3572785,-75.67823973,0.82139701,,13.6658,12.8775
466682069,295.476521,-75.94581436,1.54232,,13.1264,12.3574
423238863,297.3094463,-75.69191638,1.28699,,12.9931,12.2057
364135610,289.7950396,-74.43368207,1.0194,,14.2255,13.3599
364136139,289.6077065,-75.13385658,0.989443,,14.1712,13.3535
466681412,295.0654805,-74.76464565,0.820611,,14.6573,13.7593
364111242,289.0675715,-74.39789081,0.18425301,,16.4027,15.7048
340845300,293.0113294,-74.24905736,0.202154,,16.547501,15.9232
364135842,289.9255529,-74.72579166,0.72748202,,14.8679,14.0068
364111418,289.09613,-74.62641451,0.233551,,16.499201,15.6078
364112199,288.9119474,-75.77795397,0.43375301,,16.1077,15.2093
423263587,297.4741674,-74.28251427,0.201566,,16.4242,15.6571
364112226,288.8130686,-75.83255773,0.53054398,,15.8274,14.9325
340899462,294.0997289,-75.1699373,0.422221,,16.4238,15.5274
466681013,295.4605391,-74.03622147,0.45565799,,16.306801,15.4491
466681445,295.2266418,-74.82693882,0.31452301,,16.4862,15.6272
364111255,288.8909558,-74.41771611,0.391635,,16.2225,15.2964
364111368,288.9148178,-74.56670987,0.38416201,,16.615999,15.7464
364111616,289.0487172,-74.90201238,0.60979402,,16.2136,15.353
364135661,289.7985877,-74.4956321,0.37698799,,15.7463,15.0547
340845396,293.0538924,-74.37948699,0.39943799,,16.0597,15.194
466681087,295.4723646,-74.18919601,0.36187601,,16.1443,15.251
364112031,288.8625172,-75.50611145,0.608962,,14.3148,13.4814
364112060,289.0025879,-75.54574083,0.638623,,14.7574,13.9393
364112218,288.8352072,-75.82264895,1.29632,,13.8952,13.0691
364112224,289.1573409,-75.83010711,0.86611903,,14.0402,13.2542
364111748,289.1689896,-75.10645748,0.95449197,,14.3279,13.498
364135667,289.8677935,-74.50023396,1.21112,,14.6644,13.7827
364136645,289.8279367,-75.94697317,0.74707103,,15.3928,14.5072
340845161,293.0739503,-74.05831298,1.42302,,13.9719,13.1507
340845165,293.0742554,-74.06430762,1.07627,,14.3504,13.499
340845768,292.8361267,-74.894952,0.82799798,,15.0124,14.1556
340845782,292.8552685,-74.91530978,0.90187198,,14.481,13.6595
340845790,292.9822864,-74.92661901,0.85439003,,15.351,14.438
340846322,292.9385022,-75.72256123,1.01245,,14.339,13.4955
466681339,295.3221188,-74.64983501,1.03028,,13.8539,13.0417
423239519,297.4162872,-74.53420151,0.87983602,,13.5743,12.9571
423239743,297.4328614,-74.13837047,0.86983103,,14.9733,14.1087
466681416,295.102133,-74.76886854,0.92061698,,15.1225,14.2742
364112054,288.9744214,-75.53800469,0.51846898,,16.098801,15.2822
364111297,289.1341838,-74.46818749,0.61234403,,15.3873,14.5551
364111720,289.0147699,-75.06673163,0.78826702,,14.785,13.9966
364111764,289.1910844,-75.12328422,0.71981901,,15.4972,14.6351
364111947,289.0082005,-75.37520282,0.66232699,,15.2238,14.4184
364135408,289.7852715,-74.15597025,0.746728,,15.1181,14.3318
364135687,289.9668955,-74.52333514,0.47790501,,15.4143,14.7186
364135826,289.7903363,-74.71096752,1.01249,,14.6105,13.7911
364136282,289.7377634,-75.36913914,0.790685,,14.9868,14.1122
364136361,289.7166871,-75.50249217,0.81784898,,15.1823,14.2831
364136670,289.8602037,-75.98851193,0.906389,,14.9011,14.0199
340845342,293.0423959,-74.29698327,0.97575599,,14.0884,13.2183
340845467,292.9093667,-74.46990063,1.11847,,14.3493,13.4598
340845540,292.7845707,-74.57098448,0.60951197,,14.9295,14.0254
340845650,293.1219054,-74.74468745,0.54403597,,15.4615,14.5764
340845767,292.9947298,-74.89470274,0.531618,,15.3957,14.484
340846064,292.9477498,-75.3108898,0.585967,,15.611,14.7434
340899673,294.1662821,-74.837964,0.71987402,,15.0387,14.181
340899773,294.2243359,-74.7047664,0.94929397,,14.7789,13.916
340900280,294.2043121,-74.00735608,0.58877701,,15.1825,14.2986
466681084,295.4845628,-74.18177846,0.580531,,15.0455,14.2478
466681338,295.2961021,-74.64616226,0.53777897,,15.3918,14.6974
466681405,295.2862612,-74.75429627,0.58550602,,15.4623,14.5958
466681421,295.4054851,-74.79069159,0.57592499,,15.7368,14.9281
466681742,295.2488739,-75.3211961,0.90482402,,15.5303,14.6541
364111356,288.8647743,-74.55418623,0.104623,,16.295,15.9492
340845468,292.7918313,-74.46986825,0.83154899,,14.7505,13.8603
466681493,295.2198542,-74.91781541,0.242386,,16.688,15.897
466681664,295.3459369,-75.18997014,0.016639501,,16.1019,15.765
423238803,297.2468667,-75.81049282,0.37971899,,17.0154,16.0984
340899884,294.1746181,-74.56567045,0.365787,,16.7586,15.8979
340845246,293.0099004,-74.16702004,0.497399,,16.846001,15.9492
340845344,292.9971976,-74.29905245,0.25535101,,16.663401,15.9269
340899448,294.2751739,-75.19926684,0.31587601,,17.0627,16.1497
466681315,295.2522029,-74.60501067,0.43357101,,17.013,16.1602
364111582,289.0281749,-74.86237735,0.39383501,,16.9739,16.132601
364111849,289.0406289,-75.23160061,0.414801,,16.739599,15.8827
364136447,289.6270062,-75.6506867,0.25712499,,16.7918,16.028601
340846208,293.1238292,-75.54515477,0.45683801,,16.9321,16.051901
466681498,295.3257401,-74.92679999,0.418863,,16.641399,15.7792
340899918,294.1089465,-74.50014955,0.40722799,,16.4953,15.5969
364136083,289.7942526,-75.0564409,0.563618,,16.035801,15.2024
364136409,289.8685104,-75.58596299,0.747527,,14.4218,13.5642
340899780,294.2989155,-74.69842742,0.91996199,,14.5713,13.6611
364111665,289.151436,-74.96811303,0.83201897,,14.6805,13.9139
364135729,289.8122792,-74.58289104,0.505862,,16.327,15.43
340899177,294.0929777,-75.63190754,0.55521202,,16.053301,15.1777
340900081,294.0553441,-74.24791249,0.56318402,,15.1645,14.3531
466681222,295.4321158,-74.42073455,0.55130601,,15.2833,14.3898
423238941,297.2392523,-75.53675179,0.550511,,15.7283,14.8086
423239009,297.4274333,-75.3978889,0.754094,,16.007799,15.0783
466681655,295.2767197,-75.1737417,0.31738099,,16.444799,15.607
364135458,289.9618987,-74.22435127,0.40558901,,16.5725,15.6767
364111016,289.0085142,-74.11273827,0.244652,,16.8755,15.9687
340846416,292.9934859,-75.84315805,0.50440502,,16.687901,15.7906
364111729,288.8935287,-75.08054717,0.44650301,,16.2187,15.3917
364111730,288.8218859,-75.08054365,0.30928299,,15.5422,14.9602
364111854,289.2040923,-75.23684861,0.46886101,,16.168301,15.3146
364136085,289.7230169,-75.06183136,0.451545,,16.3004,15.441
364136116,289.9870814,-75.10076205,0.34349799,,16.059401,15.2052
364136579,289.8854756,-75.85337599,0.49683601,,15.7983,14.8787
340845245,293.0957173,-74.16612123,0.61571002,,16.057501,15.1603
340845939,292.9383769,-75.15763797,0.095006101,,15.856,15.337
340846483,292.868216,-75.9407442,0.26589,,16.5662,15.663
340899919,294.2949711,-74.49858918,0.185215,,16.422501,15.6313
340899963,294.1933442,-74.41785112,0.28986099,,16.3913,15.5768
466682072,295.1625486,-75.95225471,0.64656299,,15.9541,15.0728
466682065,295.3589418,-75.93630547,0.231397,,16.694201,15.795
364111584,289.1835463,-74.86879314,0.26862201,,16.598801,15.7781
364111673,289.0804098,-74.98332099,0.39794701,,16.5982,15.7617
340845196,292.8358778,-74.10058692,0.440727,,16.7939,15.8924
340845783,292.9775296,-74.91597894,0.42169401,,16.564501,15.6483
340845732,292.8048775,-74.85102709,0.172859,,16.8344,16.0457
364111477,289.0555426,-74.71659929,0.23008101,,17.517,16.6852
364112127,289.034144,-75.65114855,0.224794,,17.7894,17.041401
364112082,289.053853,-75.58533807,0.34522399,,16.859301,15.971
340846324,293.0583808,-75.72551796,0.311364,,17.965099,17.073
364111440,289.2027759,-74.66289201,0.220844,,17.403799,16.664101
364135741,289.7766773,-74.5979765,0.0592326,,17.577299,16.814699
423238864,297.3687552,-75.68838434,0.31789601,,17.6124,16.689199
364112159,289.1667382,-75.7012396,0.28519699,,17.3016,16.4751
364135932,289.8907125,-74.85930372,0.24863,,17.2852,16.438299
364111298,289.1488453,-74.47117829,0.38422999,,17.349501,16.449499
340846036,293.0067145,-75.27447235,0.36997399,,17.087299,16.211599
466681010,295.1987358,-74.03305329,0.32181999,,17.2719,16.3734
466681080,295.2750862,-74.17396316,0.281436,,16.883801,16.0252
466681184,295.1681829,-74.35605133,0.45581201,,16.889299,16.026199
364111786,288.9338687,-75.15228462,0.50267899,,17.157,16.3008
364111791,288.9488007,-75.15820272,-0.075934403,,18.2213,17.422701
364112221,289.1069839,-75.82734422,0.262144,,17.609301,16.8773
364112295,288.8958396,-75.92700181,0.31116,,17.8594,16.9935
364111640,289.1066993,-74.92750819,0.34461799,,17.764099,16.895399
364112045,288.9332184,-75.52370949,0.131767,,17.716299,16.831699
364135995,289.7343236,-74.92910231,0.202668,,17.915001,17.0238
466681169,295.1106707,-74.32849081,0.29506001,,17.300501,16.428301
466681583,295.1237815,-75.04539925,0.32185501,,17.746,16.859699
466681726,295.4608405,-75.29828106,0.46038201,,17.452999,16.547199
466682060,295.2009999,-75.93316571,0.26005799,,17.693001,16.7663
364111413,288.8517893,-74.62070846,-0.013853,,17.615,16.7675
364111967,289.0656076,-75.41175985,0.27047601,,17.7104,16.8361
364112194,289.1952897,-75.76063597,0.096067399,,17.686899,16.8508
340899171,293.9760648,-75.64194231,0.42583701,,17.6544,16.778799
340900185,294.2701152,-74.12302782,0.172925,,17.405701,16.5285
466681318,295.3291387,-74.61024109,0.33195701,,17.4648,16.628799
423239108,297.4086145,-75.21477492,0.28981099,,17.5513,16.6556
423239741,297.3006647,-74.14034076,0.142662,,17.488899,16.667999
364135444,289.6541147,-74.21048363,0.241914,,17.275999,16.4356
364136436,289.8100504,-75.63142657,0.43495899,,17.0044,16.0916
340845345,292.9097328,-74.29917581,0.21124899,,17.172001,16.3356
340899095,294.2735261,-75.75088397,0.44166499,,17.310699,16.364201
364111889,289.1651507,-75.28237351,0.243622,,17.376101,16.5569
364136570,289.8022029,-75.84410683,0.193224,,17.0373,16.311501
340845537,292.8864175,-74.56607695,0.42738801,,17.1999,16.339001
340899643,294.1783989,-74.87712638,0.24488001,,17.2848,16.3943
466681120,295.2252953,-74.24229476,0.22889701,,17.3522,16.5044
466681553,295.1553544,-75.01220275,0.29055399,,17.2756,16.406799
466681667,295.1622689,-75.1968156,0.304683,,17.044001,16.263399
423239024,297.402884,-75.36447907,0.171275,,17.000299,16.203199
423239310,297.4600326,-74.89675721,0.292326,,17.187,16.3155
364111547,289.1179421,-74.81314812,0.354855,,17.473301,16.6115
364111707,288.873852,-75.04967377,-0.0151447,,17.6387,16.7649
364136519,289.7066392,-75.76594227,0.18787999,,17.605101,16.7047
340845791,293.0932251,-74.92725549,0.44356799,,17.7229,16.8204
340845803,292.8857449,-74.9409588,0.0423305,,17.516899,16.641399
340899274,293.9454415,-75.470714,0.17870399,,17.561899,16.6595
340899942,294.0718441,-74.45560761,0.201905,,17.1737,16.4198
466681489,295.4116532,-74.9094887,0.38027501,,17.410601,16.518
466681876,295.2257266,-75.57133047,0.404596,,17.2955,16.414
364135752,289.6175017,-74.61149798,0.39383799,,16.9223,16.022499
364111842,289.0700888,-75.22289389,0.454272,,16.5299,15.726
340900220,294.0954521,-74.0837587,0.413073,,16.701401,15.8313
364111594,289.18146,-74.88217514,0.334411,,17.2059,16.3804
364135749,289.8093706,-74.60510453,0.43633801,,16.707001,15.8132
364136074,289.7029797,-75.0399174,0.449918,,16.651699,15.8563
340845807,293.0435316,-74.94281173,0.46553999,,17.179899,16.3347
340845936,292.9305409,-75.1500331,0.39510199,,17.082701,16.1859
340846071,292.7769974,-75.32438845,0.27985701,,16.8771,16.0165
340900242,294.0552118,-74.05640595,0.38396499,,17.0921,16.226299
466681127,295.3383282,-74.25485774,0.430426,,16.7894,15.9252
423239692,297.239905,-74.22864389,0.45220599,,16.634501,15.8194
340846062,292.9354265,-75.3099039,0.32005,,17.1059,16.214899
364110945,289.1200911,-74.02567326,0.32461599,,17.4126,16.5051
340899737,294.2017004,-74.75969407,0.251376,,17.397499,16.4876
364111089,289.1295395,-74.22063081,0.119445,,18.161699,17.2782
364111366,289.0547234,-74.56414795,0.2692,,18.108601,17.224199
364112030,288.9463931,-75.50354187,0.15616199,,18.001801,17.1227
364112323,289.1553125,-75.98340814,0.28498101,,18.0972,17.2068
364112228,289.0286707,-75.83414578,0.109632,,18.3416,17.475599
340845251,292.9097576,-74.17591717,0.38517299,,18.0469,17.152
340845536,292.9056698,-74.56413073,-0.109136,,18.055401,17.384501
340899026,293.9729105,-75.8804428,0.249007,,18.000099,17.1196
340899173,294.0872389,-75.64051858,0.41336501,,18.331499,17.390301
340899242,293.9913872,-75.53789898,0.278788,,17.9729,17.062799
340900172,294.1520269,-74.1456909,0.225091,,17.8344,17.087999
466681835,295.2915681,-75.49225493,0.17240199,,17.5704,16.818501
466682034,295.1184659,-75.87697152,0.21085399,,17.694099,16.8778
423239105,297.2117207,-75.22973463,0.428296,,17.765699,16.9772
423239717,297.3502477,-74.18721567,0.153688,,17.640499,16.8302
340846231,292.9571706,-75.58646022,0.32939601,,17.4641,16.5665
340900241,294.0779866,-74.05641577,0.209979,,17.883499,17.014999
364111710,289.1683038,-75.05280597,0.057513699,,18.3344,17.5075
364112230,288.8427479,-75.83598757,0.30204999,,18.208599,17.333
364135501,289.893367,-74.28472982,0.186922,,18.3713,17.4865
340846075,292.886291,-75.32701221,0.23782501,,18.5781,17.6684
340846138,293.1262063,-75.42596575,-0.14255901,,18.0669,17.243
364111416,289.1334843,-74.62543861,-0.0044664098,,17.8962,17.15
364111715,289.0853719,-75.06003897,0.186488,,17.637501,16.818199
340846035,292.9854271,-75.27441734,0.29755101,,17.898199,17.0158
340900272,293.9831579,-74.02277018,0.23665801,,17.7078,16.848301
364136113,289.848104,-75.09464711,0.34110099,,17.8055,16.9487
340899705,294.2692356,-74.79315317,0.153706,,17.8561,16.978201
466681021,295.3939694,-74.07008551,0.25715101,,18.1509,17.2603
364136206,289.7349776,-75.24856142,0.239943,,17.7946,16.9368
466681291,295.2417347,-74.54367347,0.30792001,,18.225,17.3312
466681413,295.4201725,-74.76548049,0.242111,,17.930799,17.037399
423263588,297.6375651,-74.28358718,0.26210099,,17.8671,17.157801
466682025,295.1292401,-75.85437893,0.159293,,18.128901,17.1964
364110949,289.1863685,-74.0319073,0.246693,,18.1422,17.2714
364135407,289.7382493,-74.1546918,0.184095,,17.871099,17.038401
364135825,289.9217996,-74.71086271,-0.044281401,,17.6555,17.1122
364135840,289.7779777,-74.72281998,0.36737901,,18.1542,17.267799
364136176,289.9994652,-75.19184206,0.131623,,18.250999,17.4105
364136453,289.892911,-75.65955525,0.143987,,17.905001,17.071301
340845745,293.0650882,-74.8676663,0.049265999,,18.4039,17.504601
340846415,293.056105,-75.84279832,-0.0051144301,,18.2243,17.2994
340899054,293.9533932,-75.83681571,0.36357999,,18.005699,17.1336
466681550,295.1093385,-75.0069333,0.122919,,17.819099,16.9646
466681891,295.2458755,-75.60568272,0.229921,,18.294701,17.4856
364111853,289.1937465,-75.23651421,0.48631799,,16.970301,16.2271
340846207,293.1170511,-75.54496258,0.194499,,18.0837,17.236799
340899723,294.2545582,-74.77494389,-0.242055,,17.9736,17.3148
340899782,293.9085353,-74.6954648,0.39066601,,17.7265,16.808399
340900094,294.269078,-74.22653961,0.474309,,17.9816,17.088499
340900174,294.2425442,-74.14454127,0.23548,,18.0177,17.1287
364111351,288.845485,-74.54786486,0.172267,,18.2712,17.374399
340845293,293.0451764,-74.24043718,0.192725,,17.8461,16.962299
340845751,293.0417677,-74.87537534,0.35982901,,18.1108,17.1957
340845804,293.0988858,-74.94218949,0.014368,,18.1124,17.400801
466681740,295.135719,-75.31975479,0.144329,,18.5091,17.6334
340846011,292.9713365,-75.25274719,0.158079,,17.5348,16.732201
340899799,294.2000154,-74.67338424,0.13099,,17.7651,16.845501
340845955,293.0909466,-75.18251874,-0.40949801,,17.568399,16.6504
340899442,294.176787,-75.20943063,0.26816699,,17.9478,17.035
340899483,294.1300321,-75.13294935,0.36601901,,17.075001,16.1612
340899485,294.2448686,-75.13258311,0.39785701,,17.435499,16.534201
466681293,295.3145636,-74.54593659,0.052186798,,17.6812,16.812099
466681654,295.2451953,-75.17282581,0.41568699,,17.3284,16.4751
466681728,295.2941929,-75.30345263,0.33556101,,17.154499,16.281
466682038,295.4607788,-75.88421389,0.306445,,16.922199,16.076
1922140685,290.8466347,-75.7100298,0.123666,,18.433901,17.520599
1922151405,290.813265,-75.47029693,0.059234802,,18.1054,17.440701
1922153636,290.9838301,-75.14153229,0.187694,,18.0772,17.186399
1922153640,290.9872014,-75.14173513,0.316039,,18.0674,17.1891
1922192624,290.9202387,-74.54300845,0.200462,,17.9772,17.2257
1922193568,290.8614775,-74.26374702,0.155348,,18.1565,17.331699
1922151390,290.9150653,-75.47163275,0.25905499,,18.582701,17.6929
1922152302,291.0543532,-75.36108676,0.122227,,18.5406,17.6497
1922155358,291.1625211,-74.80466423,-0.117862,,18.6511,17.771601
1922192626,290.928381,-74.54308497,0.187797,,18.305799,17.492701
1922192638,291.1815336,-74.53742559,0.24593,,18.5506,17.6726
1922171676,297.2608836,-74.35030741,0.030848101,,18.421801,17.5562
1922178592,297.1573439,-74.07343136,0.16300599,,18.5937,17.7777
1922155232,290.8448012,-74.94415276,-0.68348199,,19.476299,18.5919
1922152307,291.215691,-75.37397658,0.052304901,,19.0632,18.166901
1922192604,290.891862,-74.57909756,0.18962801,,18.6705,17.785601
1922192623,290.9110061,-74.5489684,0.10313,,18.8195,17.956699
1987881214,300.5349105,-75.96823237,0.273258,,18.6511,17.6994
1987892017,300.2946146,-75.24310833,0.12849,,18.6453,17.7596
1922155524,290.887211,-74.83368953,-0.082198501,,19.0312,18.1385
1922193566,290.9265675,-74.26430357,0.10896,,18.8487,17.983801
1815611504,286.4650565,-75.90903462,-0.45355499,,19.9426,19.064699
1815612769,286.5617161,-75.73826226,0.32927099,,19.559601,18.7666
1815612881,286.4604997,-75.67045869,-0.41022101,,20.455099,19.6367
1815612883,286.4971821,-75.66846901,-0.079157002,,19.463301,18.620701
1815612884,286.4719975,-75.66791353,0.40050799,,19.7297,18.854601
1815633714,286.7518096,-75.52205326,0.0799753,,19.0781,18.2841
1815633985,286.5475506,-75.46765716,0.229413,,19.083,18.335501
1815634072,286.6137085,-75.44473971,0.38245499,,19.1049,18.229401
1815716002,287.3621128,-74.01980058,-0.12328,,19.4252,18.591499
1815702935,288.0990929,-75.28213487,0.0490424,,18.9673,18.1821
1815702941,288.071953,-75.28203053,0.30007401,,19.9077,19.1336
1815704893,288.0944093,-74.89090083,0.0085998503,,19.425699,18.6875
1815704900,288.2412515,-74.88066869,-0.0191085,,19.0093,18.2328
1815704905,288.2170767,-74.86596604,0.146632,,19.3941,18.6285
1815706631,288.0657259,-74.85133542,0.31341201,,19.2027,18.364401
1815706711,288.0104231,-74.81069561,0.34716499,,19.604799,18.750401
1815706780,288.1497733,-74.74639243,0.241753,,18.8605,18.0935
1815707050,288.1416167,-74.71881018,-0.152346,,20.0543,19.174101
1815707051,288.1372544,-74.7187803,0.0548562,,20.376699,19.502501
1815707094,288.2550709,-74.65379524,0.053357799,,20.0044,19.1264
1815707142,288.0961826,-74.65811193,0.153558,,19.7908,18.914101
1815707174,288.1038902,-74.62761764,0.200817,,18.5653,17.8221
1815707179,288.2273455,-74.61887234,0.18461899,,19.159599,18.2764
1815708097,288.1802251,-74.60739578,0.26765499,,19.771,19.0091
1815708099,288.1742861,-74.60688299,-0.068956502,,19.299601,18.507999
1815708583,288.2135399,-74.59958206,-0.17567401,,20.6714,19.8365
1815708584,288.2405671,-74.59478603,-0.086973198,,20.177401,19.308701
1815708588,288.3097777,-74.57525933,-0.256657,,19.7523,18.872
1815708979,288.1526282,-74.43667478,0.13837799,,19.3643,18.496201
1815711459,288.0693359,-74.35639206,0.0274498,,19.3601,18.4571
1815711823,288.1359724,-74.25378415,-0.019894799,,19.5282,18.6975
1815711826,288.2722517,-74.23147217,0.59948403,,19.021299,18.2404
1815711906,288.1718723,-74.18943622,0.442687,,19.448601,18.5917
1815712930,288.1312996,-74.10005432,0.20853201,,18.935499,18.2045
1815713346,288.1733064,-74.02978642,0.116985,,19.930099,19.027901
1815713349,288.0855566,-74.0278944,0.374751,,19.995701,19.087601
1815713354,288.1662509,-74.02122413,0.28556001,,18.9884,18.075899
1922140633,291.2608961,-75.72472863,0.225098,,19.5142,18.6185
1922140635,291.25746,-75.71578714,0.200618,,18.810301,18.305401
1922140748,291.2836238,-75.66619819,-0.43505299,,20.016001,19.1775
1922151119,291.2256727,-75.57207466,-0.18942399,,19.604,18.7313
