273604134,357.6862241,-75.59893432,0.38969499,,17.640301,16.9342
273604146,357.9069872,-75.56185368,0.27889699,,18.2346,17.4988
261543334,348.708182,-75.77485251,0.064630799,,17.929001,17.1138
261543365,348.6236659,-75.88307715,0.25303599,,17.3641,16.494699
317058185,336.9854432,-75.13413443,0.15729301,,16.551001,15.9692
2054642587,357.1401105,-75.89297456,0.115258,,19.143999,18.297899
421896131,339.7930223,-74.99203546,1.31863,,14.9211,14.0751
421896145,339.7225115,-74.93877233,0.72948498,,15.6338,14.8008
421896212,339.8221223,-74.71200844,0.83482403,,13.6192,12.9537
421896231,339.7799595,-74.64977269,1.00256,,14.4471,13.6212
273475341,344.8076922,-74.13672537,0.47470701,,16.3179,15.4948
273475382,344.7395068,-74.01719605,0.40777799,,16.1747,15.3863
277941582,355.8302743,-74.57815502,0.49590099,,15.7133,14.9019
273604490,357.784658,-74.59740039,0.32932201,,17.678101,17.019501
277941811,355.6169784,-75.29262894,0.43132699,,16.2656,15.4577
277941828,355.8431677,-75.36808825,0.34441099,,15.7621,15.0151
273604630,357.5428944,-74.15046504,0.15910099,,18.5079,17.7824
273604657,357.9255284,-74.07330436,0.38576001,,18.3214,17.508101
273604461,357.5597774,-74.63746217,0.45075101,,17.9499,17.1243
2026009593,333.1059668,-74.39265316,0.109416,,19.3333,18.507401
2026013207,333.7028144,-74.07871017,-0.25376099,,19.999201,19.238701
2026013231,334.0210633,-74.07391241,-0.0028796201,,19.667299,18.8064
421896422,339.7218394,-74.02873288,1.33763,,13.7461,13.0072
421896427,339.7725349,-74.02187699,0.83262902,,14.4621,13.7359
317060153,337.496808,-74.28202559,0.28429401,,17.437901,16.6611
514588917,348.0331203,-75.66123505,,,,
317021537,336.7574051,-74.45633391,0.45007101,,17.8869,17.084801
273604141,357.8917311,-75.57351616,0.130988,,18.463301,17.721701
2054692990,359.8556508,-74.84375441,-0.028099701,,18.8316,18.058201
2054642630,356.9834285,-75.92492054,0.23863401,,19.492399,18.749701
2025988981,330.414816,-75.87075925,-0.091660596,,20.1138,19.2705
277941656,355.7096811,-74.79769346,0.94950199,,14.4197,13.5822
293571604,0.1983915383,-74.94339237,1.8045501,,13.7442,12.9451
2025988983,330.4190552,-75.86747297,-0.38736099,,20.100901,19.306101
2025992603,330.2897974,-75.68482265,0.397717,,18.466499,17.6043
2054642754,357.6011177,-75.86849159,0.330504,,19.142,18.3915
2054642762,357.5608944,-75.83574394,0.29941899,,18.6513,17.911699
270201190,331.7750964,-75.01699237,0.286075,,17.3195,16.4156
293571713,359.9910665,-74.58616328,0.74286902,,14.9549,14.1587
293571832,359.9055135,-74.20220952,1.1316,,13.9105,13.0844
293571859,359.9081311,-74.09537857,1.04738,,14.6566,13.8488
2054642788,357.3751838,-75.80541245,0.087855197,,18.547701,17.869499
270203383,332.1276514,-74.45499264,0.429766,,17.212099,16.329599
2025992683,330.2222965,-75.6021316,0.37346199,,19.2843,18.490299
2054673812,344.0005158,-74.22289515,0.162616,,18.1831,17.4282
317060370,337.3070616,-74.920359,0.23028301,,17.6084,16.7626
293571875,0.08592650644,-74.04858334,0.83081102,,14.725,13.8844
421895890,339.6419383,-75.73606804,0.94143403,,15.0675,14.1806
421895925,339.567124,-75.6323193,0.83868098,,14.8685,13.9956
421895955,339.7199917,-75.541167,0.62497002,,15.4855,14.6081
421896064,339.7636465,-75.17847844,0.64152598,,15.6151,14.7642
2025977174,335.7897524,-75.86543923,0.027237499,,19.617001,18.7848
2025977176,335.7962168,-75.85322474,0.083201997,,17.7208,17.3214
2054642829,357.6461042,-75.7258147,0.320842,,19.7495,18.901699
2025977185,335.5752989,-75.82550294,0.11473,,18.2714,17.590099
2025977546,335.4389209,-75.84808344,0.15306599,,19.5853,18.6465
2054642858,357.1548147,-75.7056911,0.73114097,,19.087,18.2257
2054620216,340.3004218,-75.83016335,0.083461203,,18.4503,17.739799
2025977565,335.5680481,-75.80601566,0.32752499,,18.350599,17.506001
2025977573,335.4984894,-75.78104512,0.51011801,,18.2463,17.305201
2025994369,330.1999836,-75.55019303,0.26626101,,19.1567,18.290199
2054674084,344.1778343,-74.09168674,-0.179168,,18.728701,18.0159
2054674264,350.7598337,-75.29609051,-0.0046148701,,17.8507,17.073299
2054674265,350.8294349,-75.2771457,-0.140101,,18.7605,17.944201
2025995731,330.8277034,-75.12066218,0.47650701,,18.972099,18.1457
2054693041,359.7037205,-74.77947988,0.077836603,,19.824499,19.041901
2054693048,359.6419914,-74.75677355,0.36299199,,19.053301,18.291
2054642937,357.1106551,-75.67881276,0.29132301,,18.5625,17.8186
2054620542,340.7073537,-75.65976303,0.068079203,,18.830601,17.972099
270273309,333.8071902,-74.28899024,0.401847,,16.882,16.047001
394654101,358.9452959,-75.3976865,0.57520401,,17.155199,16.3757
2025977776,335.3198724,-75.62795051,0.35354599,,19.6035,18.647301
2025977805,335.0478979,-75.60511338,0.64146501,,19.682699,18.7309
2025977807,335.0756795,-75.5954161,0.052328099,,20.107,19.212601
2054642942,357.0038267,-75.65171787,-0.260423,,19.469601,18.670401
2054645958,357.1288728,-75.55376109,0.15235899,,19.023701,18.189899
287148341,338.1225273,-75.79893729,2.89066,,11.8857,10.9641
287148588,337.9479314,-74.90717559,3.1805401,,11.4145,10.701
287148814,338.0098217,-74.20666134,1.88515,,12.6448,11.8695
273474862,344.5979651,-75.69113326,0.702856,,15.4389,14.6093
273474868,344.5734001,-75.65711334,0.75971401,,14.9153,14.1001
2054701585,354.7972588,-74.0688435,0.135297,,18.479601,17.669901
2054620704,340.3670189,-75.68954243,0.22603901,,18.3216,17.5079
2054701644,354.1310053,-74.07406599,0.071072601,,17.991699,17.2477
2054652500,354.8878966,-75.12290216,0.157638,,18.449699,17.6392
2054652624,355.1315178,-75.07211964,0.044352099,,18.307199,17.613199
270273000,333.9006227,-75.12012455,0.28431001,,16.4702,15.6491
273474951,344.6895348,-75.41812236,1.02323,,14.9064,14.1052
287148868,338.1323556,-74.00680971,2.4014399,,12.1378,11.3941
287148486,338.2873112,-75.25036779,1.3669699,,12.7499,11.9918
287148600,338.0711654,-74.86240534,1.69396,,13.0345,12.3303
2026010470,330.5034931,-74.6535054,0.50685298,,18.1989,17.4305
2054620821,340.3869489,-75.48954659,0.0483202,,18.280399,17.5667
270273132,333.7278438,-74.76842339,0.26309201,,16.992201,16.121
2054620978,340.9320904,-75.54270911,0.100908,,18.0427,17.1838
273475104,344.7830024,-74.91542992,0.50652999,,15.7403,14.9161
2054652679,355.3780285,-74.95239152,0.095576502,,18.1066,17.3454
2054652794,354.9219018,-74.88245036,-0.043241099,,18.6157,17.785
273475247,344.8282197,-74.47376374,0.78302097,,14.7558,13.9217
273475290,344.7189073,-74.34266485,1.0019799,,14.3009,13.5838
2025977855,335.7206398,-75.62030559,0.14079,,18.078199,17.6047
270200870,331.924878,-74.17919368,0.26749399,,16.996901,16.1152
270201458,331.6529049,-75.81722105,0.49327001,,17.1623,16.266399
270203106,332.3010353,-75.11897519,0.43965501,,16.700399,15.8857
2025977884,335.6192913,-75.56379476,-0.249053,,19.933599,19.051901
2025977916,335.7859878,-75.58012304,-0.035728101,,19.577299,18.632099
421917487,342.0926213,-75.63027341,0.412673,,16.926201,16.101299
2054653423,355.1313527,-74.78948682,-0.066718698,,18.4361,17.7171
2026011846,331.2025585,-74.18077602,0.33277601,,18.745501,17.8937
2025977951,335.6946675,-75.53741843,-0.034016699,,20.021,19.122601
273475347,344.6630943,-74.12145337,0.96682799,,14.3128,13.5599
273475381,344.5915149,-74.02081059,0.81876302,,15.3517,14.5159
277941596,355.7147134,-74.62142796,0.87640297,,15.0252,14.1724
277941699,355.6992253,-74.92609751,1.6701,,13.9482,13.0989
277941785,355.6894927,-75.20237062,0.538445,,15.4945,14.71
2026017768,330.012182,-74.19131594,0.195536,,19.0135,18.1847
2026018527,330.689414,-74.10146145,0.391054,,19.3687,18.6108
2026018821,330.9274815,-74.01352967,-0.20022599,,19.008499,18.235399
2025978053,335.0923492,-75.49395831,0.079142302,,19.3146,18.4212
293570236,359.5038365,-75.92159757,0.51380301,,15.5038,14.8035
293570254,359.544056,-75.99256665,0.41877601,,16.0592,15.2027
293571430,0.247664075,-75.49419786,0.69166201,,15.258,14.4873
293571481,359.9963762,-75.34155748,0.61278898,,14.9509,14.2177
2025969846,332.5679155,-75.63986699,-0.350802,,19.927299,19.0469
2025969889,332.7854673,-75.61366488,0.313454,,18.9139,17.979
2025969893,332.8581173,-75.58888558,0.445232,,18.487301,17.5504
2025970150,332.9607334,-75.50727234,0.30690899,,18.542999,17.658899
2054621426,340.3107529,-75.41591074,-0.071754903,,18.5242,17.755699
2026007555,332.4280841,-75.19804048,0.372998,,18.684999,17.7964
2026007953,332.8016868,-74.85907441,-0.165227,,19.2596,18.398399
2026008400,332.622642,-74.76648468,-0.098666698,,19.4827,18.702999
293571606,0.07278419102,-74.94171029,0.59583998,,15.8077,14.9828
2026008404,332.6575741,-74.73182569,-0.71517801,,19.945299,19.1971
421896246,339.8174252,-74.60509989,0.72341698,,15.4138,14.6713
421917184,341.9091905,-74.60787843,0.23649199,,17.1614,16.312401
2025978726,335.7416267,-75.42176457,0.109813,,19.3235,18.4732
2025978813,336.0522418,-75.30205434,0.217957,,19.6544,18.722
2025978847,335.576434,-75.33696292,-0.36408299,,19.736401,18.815201
2054621565,340.1648049,-75.3235478,0.064596198,,18.364799,17.5361
2054621577,340.271036,-75.27552664,-0.466104,,19.020901,18.185699
2054621581,340.1137933,-75.28646604,0.1401,,18.2036,17.414499
2026009243,333.0159374,-74.65451225,-0.14612401,,20.1628,19.2875
2026009669,332.6240062,-74.40105787,-0.130777,,19.846201,19.0278
2054621637,340.8552101,-75.31851781,0.26556101,,18.1394,17.343201
2025978895,335.3996323,-75.26023988,0.19179,,19.557501,18.658501
2025978937,335.5970863,-75.27222167,0.225768,,19.4597,18.473101
421896418,339.7208968,-74.04464455,0.444868,,16.152599,15.335
2026011113,332.1288009,-74.40683236,0.067276202,,19.0741,18.4797
2025979115,335.9583944,-75.21149931,0.34149799,,19.649599,18.8221
2025979171,335.8616142,-75.10563096,-0.218868,,19.5562,18.611099
2025979219,335.9432591,-75.07373636,-0.56967199,,20.075899,19.2754
293571509,359.8948379,-75.25408576,0.47200999,,15.7077,14.9625
2026014706,332.5772137,-74.13545021,0.56170398,,18.634001,17.858801
2026014710,332.6199589,-74.12667017,0.28994,,19.552601,18.7644
2026014824,332.7930439,-74.0127662,0.26955199,,18.9527,18.113899
2054621859,340.0368216,-75.13835351,-0.093617298,,18.6828,17.8332
287148367,338.2229798,-75.72292456,0.497071,,16.820499,15.9501
287148604,338.0601595,-74.84341057,0.42304501,,16.8906,16.0457
2025979629,334.9285172,-75.35272788,0.095777199,,19.5578,18.6077
421896417,339.7071397,-74.04504733,0.60082,,14.6432,13.8611
277941922,355.8253233,-75.66667538,0.75851601,,14.9935,14.1388
277977681,355.7675664,-75.89739136,1.2083499,,14.2968,13.44
2054621906,340.6244051,-75.09243978,0.065591797,,18.302799,17.5327
287148855,337.9214967,-74.03979751,0.14054,,17.4102,16.5651
287148391,338.0497947,-75.64006284,0.22095101,,14.0713,13.4543
287148746,338.2698493,-74.38938265,0.030388299,,16.062201,15.3761
287148557,338.1571684,-75.01634213,0.44104901,,16.316601,15.4777
2025969690,332.8590059,-75.73366334,0.0238981,,20.050301,19.115
2025970127,333.0031424,-75.49340319,-0.21515,,20.441099,19.5021
2025992187,332.0627131,-75.74232594,0.35553399,,18.625999,17.8179
2025992190,332.1830911,-75.73507374,0.155167,,19.707701,18.827801
273512512,347.4139275,-74.81955012,,,13.9496,13.1996
2025993023,332.1577222,-75.66814603,0.38455001,,19.5399,18.686501
2025993538,332.0233324,-75.35084117,0.0205527,,19.9925,19.0952
2025993540,332.1313353,-75.35200035,-0.109345,,19.634001,18.722
2025993542,332.0569713,-75.33547573,0.48855501,,19.5509,18.6145
287148374,338.1772278,-75.70888909,0.63066798,,15.8548,14.9709
2025980400,335.0650575,-75.19854995,-0.152438,,19.628599,18.739901
421896159,339.6329703,-74.90248483,0.41309601,,16.593399,15.7515
421896219,339.576594,-74.69993062,0.40469399,,16.633499,15.7915
421896329,339.7544314,-74.37433776,0.37781399,,17.030399,16.3263
421896350,339.7333606,-74.29516652,0.45298901,,16.3269,15.5651
273475141,344.5969157,-74.77684435,0.60817498,,16.826799,15.985
277977680,355.7497281,-75.89445555,0.67920101,,15.9403,15.0873
273474813,344.7101266,-75.85442555,0.27830401,,16.5075,15.6583
290305321,328.6608114,-74.18721647,1.81309,,,
2054757467,341.0684719,-74.91792677,0.046487302,,18.653999,17.8027
293570228,359.7228152,-75.8838816,0.26362401,,16.7341,15.9697
293571477,0.1216556683,-75.35356291,0.480149,,16.605801,15.847
293571750,359.9845902,-74.45752413,0.390288,,16.923,16.139799
273474819,344.7289144,-75.83551268,0.59882599,,16.139601,15.2833
2026007624,332.7771931,-75.13033605,0.528548,,19.2292,18.4058
2026008549,332.0561421,-74.71405744,0.20968001,,19.0588,18.248699
2026009299,332.8361358,-74.55444041,0.16393299,,18.831301,17.939501
273475076,344.5657074,-75.02340623,0.32638201,,16.950899,16.221701
290375400,330.3568132,-75.94612695,0.142996,,18.538601,17.731501
270203374,332.126707,-74.47553528,0.383102,,18.495399,17.605801
2025980417,335.2382487,-75.20959871,0.102459,,19.5427,18.613501
2025980478,335.1265014,-75.08426221,0.224481,,19.2213,18.4587
2054758724,340.9583083,-74.6165636,-0.084041901,,18.3265,17.575001
2026009630,332.8278533,-74.41971705,-0.059909701,,18.7341,17.9664
2026011384,332.2388277,-74.28983049,0.23521601,,19.902901,19.0818
2026011456,332.5858859,-74.19234404,-0.047881801,,19.5266,18.7803
2026011460,332.3873372,-74.17900106,0.117693,,19.620899,18.750299
2054759260,340.3832148,-74.7042624,-0.0131181,,18.660299,17.819599
293571866,0.2017913561,-74.08024939,0.45156601,,16.277599,15.629
293571867,0.1712474637,-74.07972507,0.294296,,17.143,16.305901
421895972,339.7774951,-75.47873037,0.207142,,18.049601,17.232201
421895844,339.4619393,-75.85692684,0.0042669801,,17.966,17.1793
2054759303,340.5564898,-74.65109696,-0.045115702,,18.4722,17.653099
2054759304,340.5835347,-74.646251,0.122482,,18.751699,17.903099
2054759312,340.4677081,-74.63689274,-0.042166699,,18.144501,17.415501
2026109405,338.9683162,-74.25970782,-0.410285,,19.675501,18.9772
2026109415,338.9203857,-74.24102417,0.193369,,18.3571,17.690701
2026110358,339.1598115,-74.09256419,0.115012,,19.225599,18.570299
2026110365,339.0270278,-74.09537622,0.34696299,,18.2321,17.4494
2054759338,340.4338478,-74.60945849,0.0932144,,18.7528,17.9077
2054759340,340.4358792,-74.60998234,0.105098,,18.354401,17.589399
287148469,338.0185864,-75.31384216,0.73020297,,15.8468,14.9971
287148507,338.1120249,-75.17378283,0.50470901,,15.7455,14.9568
287148599,338.1728569,-74.86736125,0.58247298,,16.2127,15.3662
287148747,338.0844295,-74.38903979,0.209637,,15.2489,14.6835
287148760,338.0491933,-74.34772523,0.614748,,15.896,15.0981
287148769,338.2287963,-74.32997725,0.56646699,,15.8919,15.0669
293571625,0.08330856836,-74.86760513,0.39398801,,16.5252,15.701
273475138,344.616972,-74.79604342,0.43613499,,16.454599,15.6168
273475171,344.6005239,-74.69635215,0.378052,,17.067101,16.281
2054759380,340.1128761,-74.59063365,0.24371,,18.2945,17.489
2054759387,340.1358427,-74.58537794,-0.0219544,,17.980801,17.311001
277912247,354.6222679,-74.5199442,0.485598,,17.9363,17.126499
2026110381,339.1540547,-74.05235208,-0.657067,,19.4368,18.594601
2026110434,338.6981023,-74.10561802,-0.24368501,,19.582701,18.868
2054760335,342.4593514,-74.30055704,0.59002799,,18.2845,17.465401
273475225,344.692742,-74.54322614,0.10687,,16.2342,15.5376
2054760346,342.2264936,-74.30302432,-0.28856,,20.018499,19.2152
273512306,347.5723229,-75.35645901,0.25199899,,18.553699,17.724001
2054760365,342.2508415,-74.26526864,0.44098899,,19.5242,18.685301
2054760371,343.0207248,-74.40707352,-0.121756,,19.1675,18.447201
2054760376,342.9775943,-74.38666236,0.317821,,18.311399,17.5599
2054760416,342.7517619,-74.30930055,0.42302001,,18.329599,17.583099
392760054,327.4689497,-74.07577096,0.42706001,,18.459499,17.5581
2054759596,340.0217599,-74.40616996,0.0136841,,18.377001,17.6437
2054759633,340.3165292,-74.37048371,0.019797901,,18.5091,17.7286
273512492,347.616337,-74.87311169,0.34307301,,18.0462,17.345501
293571695,359.9268799,-74.65325103,0.365751,,16.537001,15.7095
273475379,344.6125928,-74.03081137,0.18889301,,16.725,15.9225
273396457,340.7539824,-74.43295769,-0.168106,,18.3036,17.979601
394653670,359.0853505,-74.01310217,0.43696901,,17.708401,16.938499
2054760491,343.0156483,-74.21231388,-0.78226101,,19.6495,18.864799
287148405,337.9825408,-75.57401709,1.20815,,13.9612,13.2082
2054670942,346.496049,-74.81989521,-0.114159,,19.8321,19.013599
2054670946,346.9144772,-74.87236067,0.47465599,,18.899799,18.132299
2054670954,346.8575618,-74.8429295,-0.111537,,19.0156,18.233999
2054670960,346.6808965,-74.83085249,-0.39950401,,19.847,19.1388
2054660024,348.2877124,-75.77121433,0.040268999,,18.423201,17.6758
2054660058,348.305095,-75.69599496,0.193904,,18.601601,17.7542
2054660063,348.2684121,-75.67764694,-0.126518,,18.516701,17.7649
421895867,339.7190029,-75.78272469,0.48542401,,17.0205,16.1451
2026014766,332.8591568,-74.08816362,-0.105505,,18.274,17.8176
2054760551,342.4733488,-74.21146196,0.23831099,,19.866899,19.0333
2054760585,342.6063785,-74.13430728,-0.391803,,19.4652,18.7108
287148625,338.2480153,-74.79066809,1.08806,,14.2519,13.508
287148620,338.2186792,-74.80026773,0.65952998,,14.5076,13.7154
2054661551,348.6564815,-75.65750572,-0.043329898,,18.6462,17.7967
277941782,355.7274655,-75.18838758,0.30375999,,16.669001,15.8689
277941903,355.7720033,-75.60979329,0.26216501,,16.5825,15.8276
287148763,338.1483487,-74.3401615,1.74655,,13.8065,13.0181
287148833,338.2410986,-74.15263879,0.823228,,15.7189,14.8696
2054661811,348.9500195,-75.50435347,-0.0142232,,18.699699,17.9224
2054661854,349.1743097,-75.5157018,0.14236601,,18.3685,17.5949
273367137,340.2318907,-74.23783921,0.33803201,,18.0208,17.2512
273367488,340.0916783,-75.19515163,0.43299001,,17.8466,17.073799
421896024,339.5111021,-75.29240987,0.279569,,16.870001,16.114901
421896082,339.7638346,-75.1161844,0.28651401,,17.063999,16.219101
2054670963,346.7749577,-74.81668669,0.16629601,,19.423599,18.725401
2054670965,346.9643892,-74.81052935,0.40537801,,18.708,18.0152
2054670969,346.87485,-74.80330504,-0.18029,,19.7906,19.088301
2054670979,346.7250287,-74.78183998,0.43452001,,18.582199,17.744101
2054670980,346.7551242,-74.76851354,0.36942101,,17.4312,16.9687
2054670988,346.6808433,-74.81027827,0.069414899,,19.433399,18.7297
2054670989,346.6466021,-74.80285639,0.277713,,19.233,18.538401
277938330,354.9877304,-75.99792751,0.82795602,,14.2398,13.4405
287148305,338.2583916,-75.9208179,0.89814502,,14.7375,13.8646
287148651,338.0521901,-74.67916296,0.47597501,,15.6278,14.7833
2054661918,348.8019778,-75.36626807,0.27868,,17.932899,17.125099
277977665,355.606139,-75.83213621,0.36060601,,16.742201,16.0401
277977667,355.8291181,-75.83438021,0.381596,,16.934299,16.0784
277977668,355.6191335,-75.83562389,0.40634701,,16.7736,15.9178
2054662830,348.9077857,-75.21312797,0.248776,,18.4235,17.582899
2054663064,349.3944458,-75.06955157,0.29509899,,18.3417,17.5137
273606416,358.1740094,-74.31894393,3.1112101,,10.6396,9.9052
261560181,349.2761753,-75.8926942,1.60513,,12.7783,12.079
261560677,348.9715196,-74.20856403,2.39237,,12.2798,11.465
287148725,338.0226191,-74.45925573,0.49976099,,15.5482,14.6933
277941577,355.8815242,-74.54978542,0.30145299,,17.321301,16.500601
2054663129,348.2734956,-75.63756036,-0.073252298,,18.2922,17.499399
2054663137,348.4060232,-75.61386083,0.115096,,17.5924,17.032301
2054663187,348.339446,-75.5283417,-0.041016899,,18.7384,17.9478
2054758023,342.5155329,-74.76610238,0.14876799,,19.736099,18.9729
2054758080,341.9761375,-74.8082017,0.140379,,18.7146,18.014999
2054663212,348.0781098,-75.49497814,0.16383401,,18.234301,17.3764
261560275,348.9935876,-75.5918719,1.77985,,12.0019,11.2393
261560647,349.0770968,-74.30408416,1.45811,,13.4522,12.6455
2054655645,353.3416951,-74.31832552,0.066426001,,17.737301,17.3668
273474999,344.8171564,-75.27605001,0.029617401,,17.548401,17.0382
273475024,344.5704655,-75.21566434,0.37550601,,17.016001,16.222799
270203331,332.0287072,-74.58742924,0.268617,,17.383301,16.5121
270244547,332.4466189,-75.68706537,0.165695,,17.7377,16.830799
2054758178,341.8132883,-74.71802756,-0.14192,,19.158199,18.4328
2054758167,342.0143356,-74.69143004,0.26099101,,19.406601,18.6506
2054758399,341.9152621,-74.61771804,-0.360672,,20.409,19.561399
2054663459,348.5953659,-75.37334159,0.172273,,18.268801,17.566099
2054663467,348.5043322,-75.35215703,0.076673597,,18.2992,17.6019
287148844,337.9960495,-74.07718504,0.86370099,,15.052,14.2497
2054758261,342.3705709,-74.70763611,-0.17653701,,19.908899,19.0931
270205158,332.6438906,-74.01079742,0.176219,,17.880199,17.072901
270273001,333.9190739,-75.11712853,0.30408901,,18.114401,17.188999
270273124,333.9475521,-74.78652613,0.16274901,,17.4366,16.588301
270273304,333.6723604,-74.31089128,0.218812,,17.694201,16.8745
394653986,358.6669802,-75.04252777,0.32071501,,18.2012,17.3722
2054758275,342.4528647,-74.6652595,0.28444299,,18.4179,17.6649
2025972843,337.389092,-75.91922053,-0.050421402,,19.7367,18.8748
2025972853,337.3376505,-75.8820504,0.14820801,,18.8988,17.955999
2054671009,346.4833553,-74.76330215,0.106282,,18.407499,17.761999
2054663518,348.2354165,-75.28178092,0.057367899,,18.3645,17.629299
270173602,331.4223003,-74.19423593,0.289231,,17.5779,16.7136
270173657,331.4770745,-74.0490372,0.31945601,,17.094601,16.290501
270203365,332.3827457,-74.49601451,0.0273057,,17.448799,16.5516
270246522,332.9831165,-74.02906304,0.277652,,17.259399,16.4412
2025972893,336.9847625,-75.91354063,0.44352001,,19.606001,18.7092
2025972907,337.1175978,-75.87873273,0.18636499,,19.1196,18.166901
2025972993,337.0288812,-75.80065647,0.220687,,19.3445,18.398399
2025972964,337.0586262,-75.82815087,0.49561301,,18.8925,17.9396
2054663612,347.8159359,-75.25791204,0.17039999,,18.349501,17.6273
270272999,333.8100914,-75.12240568,0.39601901,,17.1758,16.268499
270273253,333.731818,-74.44157242,0.230867,,17.755301,17.074699
421917236,342.1361455,-74.8024851,0.366595,,17.349001,16.533001
421917414,341.9253307,-75.37920665,0.255404,,17.205099,16.355499
394654015,358.9172559,-75.14547096,0.18415099,,17.0198,16.274401
2054758337,342.4325721,-74.58669115,-0.018580601,,19.436899,18.749399
273474796,344.6464847,-75.91614576,0.192022,,17.111799,16.2512
270244306,332.7662082,-75.01315423,0.32075799,,17.177799,16.2686
270248526,333.279646,-75.07715778,0.19991601,,17.465099,16.553801
270203124,332.0517983,-75.07767538,0.38695201,,17.6245,16.7138
270244235,332.660106,-74.78154903,0.18006,,17.548201,16.772699
270244410,332.6464912,-75.32166314,0.275078,,17.5907,16.657801
270173185,331.3871764,-75.28681705,0.084339499,,17.5476,16.749201
2054758344,342.6036964,-74.5898531,0.148526,,18.426399,17.732401
2054758348,342.5899921,-74.54809136,-0.31788501,,19.3249,18.4914
270173660,331.237366,-74.04431884,0.0425299,,17.8288,17.033701
270201459,331.7251202,-75.82386753,0.40478301,,17.3288,16.4408
261560512,348.9430724,-74.78517521,0.124926,,14.8908,14.2611
261560612,349.0260873,-74.42337164,0.37938699,,16.023399,15.2004
273606384,358.1562558,-74.23146355,0.38575101,,16.197399,15.3914
2054758387,342.0994803,-74.59752017,0.113689,,19.857201,19.004801
261560396,349.2118959,-75.15763053,0.64299297,,15.1818,14.4071
261560424,349.1088582,-75.04386953,1.05021,,13.744,13.0197
273367684,339.987867,-75.84793618,0.223242,,18.900999,18.055599
277912276,354.4197176,-74.40577285,0.38089201,,17.901199,17.134899
2054655771,353.1131342,-74.26234338,0.30909801,,18.143499,17.323
2054758423,342.0173959,-74.54289758,0.025754699,,19.437401,18.761499
2054758425,342.0214437,-74.54211201,-0.66914302,,20.197701,19.4949
261560583,349.175649,-74.52730184,0.99875897,,14.4375,13.6066
261560610,348.957908,-74.43279292,0.77604502,,14.2303,13.5416
270203223,332.1954673,-74.86647856,0.25984299,,17.5728,16.702101
270203439,332.2365347,-74.27111707,0.122509,,17.9485,17.1658
270203453,332.2566445,-74.23029425,0.12504201,,17.9979,17.255899
273474917,344.5891249,-75.50886948,0.21782801,,17.3447,16.5238
273474971,344.6825055,-75.36360302,0.30536801,,16.994699,16.1626
2054655894,352.8230073,-74.07265398,0.134018,,18.2022,17.3636
2054655898,352.7878518,-74.0768995,0.00094969099,,18.7293,17.9144
273606509,358.2710664,-74.524005,0.54887599,,15.6622,14.8264
273606746,358.0853202,-75.10503489,0.91055,,14.6229,13.8481
273606870,358.0808588,-75.38426322,1.1165,,14.5985,13.7639
273606779,358.1854945,-75.18349224,0.40480101,,17.0828,16.2335
270248138,333.5648212,-74.07045038,0.094924003,,18.0686,17.257401
270248461,333.2384933,-74.85386362,0.28630501,,17.804199,16.921801
270273375,333.6683057,-74.14795072,0.30520499,,17.114901,16.284401
270275716,334.3178858,-75.9581924,0.347756,,17.4576,16.637899
421917168,342.1217865,-74.5645029,0.303406,,17.1231,16.3661
421917185,342.1950126,-74.60986211,0.15918601,,17.3901,16.5793
2054758450,342.2152709,-74.55581598,0.081883699,,19.1411,18.402599
261560224,349.2247613,-75.77083887,0.22202399,,17.115801,16.257099
273606875,358.1234739,-75.39998277,0.16471399,,17.9254,17.0889
421917515,342.1559108,-75.73039951,0.29155499,,17.4547,16.589199
270273376,333.7994031,-74.14642034,0.199251,,17.717699,16.9786
2054655951,352.1841793,-74.27102524,0.340487,,17.806101,17.044201
2054655952,352.2052389,-74.25884024,0.218778,,17.812201,17.1129
261560613,348.9869932,-74.40470439,0.30830899,,16.9261,16.114901
270173285,331.2128648,-75.00335968,0.302205,,18.2055,17.3057
270203090,332.0169365,-75.16962673,0.191945,,17.5459,16.630899
273606388,358.1385537,-74.244215,0.14283399,,18.1208,17.430099
270244620,332.6054648,-75.87970875,0.154879,,18.417,17.5152
2025973659,337.8416372,-75.78588943,0.20071401,,18.875601,17.997801
273606751,358.2896152,-75.10803582,0.44011101,,17.099899,16.277901
2054655780,353.0599612,-74.23869007,0.31955501,,18.834499,18.156601
2054655855,353.1144977,-74.13310581,0.155981,,19.147499,18.4725
421917413,341.9322557,-75.37563769,0.085838199,,17.812799,16.9582
421917467,342.0460478,-75.56906122,0.26203901,,17.933399,17.1213
2054758480,342.1256478,-74.52208743,0.44998699,,18.359699,17.596201
2054701507,354.6518229,-74.19550623,0.43811199,,18.557301,17.726101
2054701513,354.620548,-74.19196897,-0.113863,,19.447001,18.711901
2054656251,352.2699587,-74.00033492,0.247774,,18.3955,17.5832
261560471,348.9362717,-74.9146961,0.19564,,16.972401,16.2134
2025991199,328.5773911,-75.82094316,-0.052949201,,18.2125,17.367001
2025991270,328.6874326,-75.70857037,0.13223299,,18.1043,17.2169
261560618,349.1537806,-74.39607899,0.35372901,,18.1322,17.303801
2054702837,353.6334863,-74.14715556,-0.30326501,,19.778799,19.077
2054702844,353.6080102,-74.16310877,0.0460287,,19.280701,18.6033
273606462,358.06779,-74.4232437,0.0358271,,17.686199,16.9212
2054666484,345.4738317,-75.48780731,0.084872998,,19.681499,18.977301
273475197,344.7986593,-74.60599754,0.32946801,,17.1406,16.317101
287148393,338.2401017,-75.61542065,0.41396499,,16.7437,15.9133
2054671120,346.2501704,-74.74855761,0.034685101,,19.373301,18.610701
2054671124,346.3243212,-74.71171479,-0.050795801,,18.807699,18.124701
2054702870,353.4633019,-74.12040359,0.093014799,,19.3225,18.688299
2026003327,328.4739502,-74.77281097,0.152401,,17.9422,17.203899
2026004161,328.5097256,-74.75720858,0.18648501,,18.183599,17.335899
273606554,358.0112575,-74.63049154,0.197239,,18.1796,17.383699
287148459,337.936666,-75.34894507,0.312805,,17.390499,16.4891
287148484,338.201561,-75.26622759,0.28926301,,16.562099,15.7947
287148562,338.2596086,-75.01022012,0.131157,,16.489401,15.9316
287148624,338.1982128,-74.79288343,0.246742,,16.442499,15.7137
2054702893,353.6100779,-74.10917138,0.202362,,18.4813,17.754999
290375242,330.4457175,-75.67486703,0.459842,,18.2153,17.3193
273367544,339.8287457,-75.40031552,0.40766999,,17.9097,17.1248
287148660,337.9305257,-74.65461513,0.30751699,,17.118099,16.414499
287148724,337.9408828,-74.46016793,0.206659,,16.7134,15.9062
287148867,338.1273565,-74.00796369,0.48073599,,15.77,15.0197
277938314,354.9305452,-75.94651791,0.31134099,,16.679701,15.8189
287148586,338.0022082,-74.92639479,-0.0269456,,17.431101,16.572399
273606832,358.066924,-75.32345377,0.34055999,,17.4958,16.728399
273606991,358.0808315,-75.7206867,0.25025699,,17.4272,16.5877
287148845,338.1576339,-74.07458037,0.55973202,,16.6646,15.8183
2054671149,346.152458,-74.71749065,-0.069651604,,19.9132,19.113001
2054671150,346.1864231,-74.70475497,0.239205,,18.167101,17.4676
2025992082,331.2894994,-75.77224086,0.382209,,19.566401,18.677601
2054666522,345.6667903,-75.40684651,0.221072,,18.781601,17.9438
273606385,358.3160369,-74.23143728,0.174898,,17.8505,17.0364
2054702923,353.4240347,-74.05052195,0.188126,,19.7038,18.8708
273606651,357.9156369,-74.88499482,0.101378,,18.3281,17.564899
273606748,358.0783294,-75.10686531,0.37874499,,17.947901,17.134501
293571602,0.01194864679,-74.95092543,0.28923199,,16.598301,15.8037
2054641926,356.9522288,-75.99124993,0.14636301,,18.7183,17.8587
2054671165,346.0408382,-74.66902975,-0.086630099,,19.971701,19.1992
2054702961,353.2152644,-74.06445393,0.132687,,19.705799,18.920601
287148572,338.2526144,-74.97675382,0.42319101,,16.8311,15.9883
2025993557,331.9734816,-75.30290128,0.095169999,,18.68,18.239599
2025993330,331.9530606,-75.3719449,-0.63759601,,20.412201,19.482599
2025993333,332.6295548,-75.50269504,-0.0284649,,19.481199,18.619301
2054666544,345.5429798,-75.40947439,0.000216737,,19.906601,19.1618
293571731,0.2159941992,-74.54022114,0.252262,,16.966999,16.2022
287148758,338.2068928,-74.35133304,0.382952,,16.731001,15.927
287148779,338.1408219,-74.29917489,0.40482399,,16.995501,16.1656
2054666554,345.4735875,-75.37929545,-0.14093,,19.207399,18.4937
2025989153,330.0473535,-75.72513223,0.29028401,,19.264,18.370501
2025992423,330.8181551,-75.82567457,-0.071419202,,20.1134,19.223101
2025992453,330.5894615,-75.80746866,-0.123796,,18.1656,17.672501
2025973715,337.793107,-75.7322752,0.26662701,,18.669001,17.8412
2025973735,337.8803966,-75.66816031,0.24456801,,19.1579,18.337799
287148582,338.2846783,-74.93901814,0.17199799,,17.8127,16.952299
287148605,338.2789665,-74.83692784,0.29479799,,17.955999,17.1444
2054671210,346.9049472,-74.69383173,-0.087752499,,19.1427,18.425301
2054642716,356.8543613,-75.80096973,0.21964499,,18.208799,17.453501
287148718,338.2525514,-74.48048051,0.279129,,18.257999,17.444099
287148721,338.1447578,-74.47436047,-0.067511797,,18.186899,17.4359
2025995506,329.4886862,-75.10814966,0.0174491,,18.2505,17.4172
2054666612,346.0346767,-75.39752068,0.384848,,18.7593,17.9181
2054638236,352.4404783,-75.98361658,-0.083926402,,19.7281,18.870501
2025992998,330.8110174,-75.41076149,-0.27559999,,19.526199,18.633801
2025995699,330.9415391,-75.12849782,0.319271,,20.034901,19.135
2025973738,337.7302323,-75.72781387,0.236623,,18.7425,17.870501
2025973739,337.7077947,-75.72713364,0.266132,,19.615999,18.689899
2025973742,337.7018728,-75.7190698,0.32925501,,19.1082,18.177099
2054662677,349.452933,-75.32834331,0.018999901,,18.622,17.9056
2054662679,349.3516758,-75.30574204,0.21763501,,19.382999,18.539101
287148408,338.2299514,-75.56644734,0.31277499,,17.687599,16.7936
277941601,355.7855789,-74.64082595,0.36161399,,16.6029,15.7701
277941617,355.927869,-74.68359363,0.44900799,,16.9058,16.056801
2025996083,330.5646859,-74.9708934,0.037873201,,19.833099,18.9531
2054666716,345.655467,-75.3551694,0.233775,,19.1378,18.448601
2054666734,345.7760672,-75.31567979,0.194084,,18.8312,17.9809
2054666739,345.5884644,-75.35321479,0.15501,,18.818199,17.986799
2054638279,352.8085508,-75.89400989,0.19119599,,19.7391,18.889799
287148580,338.245198,-74.95089963,0.27376601,,17.5371,16.684401
2054662681,349.3910556,-75.31438079,0.298599,,18.737499,18.0138
2054662686,349.5989968,-75.3103084,0.037739899,,18.706699,17.9548
2054662695,349.4447965,-75.27864035,0.047115199,,18.754999,18.003201
2054662699,349.4459211,-75.26973421,0.33831099,,18.513,17.6744
277941648,355.6770094,-74.78629002,0.33855301,,16.9119,16.1024
277941665,355.8701779,-74.82651188,0.850187,,16.229601,15.3828
2054671269,347.009714,-74.67561045,0.26489601,,18.058901,17.3978
2054671317,346.8502982,-74.56325191,0.058607101,,19.2896,18.5422
2054671320,346.9012983,-74.55937248,0.168015,,19.2255,18.3867
2054638296,352.605478,-75.91043137,-0.18641099,,19.3904,18.554199
2054638303,352.4791774,-75.90290649,-0.0996897,,19.341499,18.619801
2025996183,330.811408,-74.81888048,0.17570201,,18.412901,17.860901
2025996287,330.2863874,-74.99899928,-0.0106932,,19.7833,18.8909
2025996610,330.6455763,-74.78574861,0.104909,,19.685301,18.8382
2054638339,352.3545018,-75.90727554,0.44304901,,18.513201,17.7481
2054666799,345.8782703,-75.25695159,0.588826,,18.8454,18.130501
2054662710,349.1829605,-75.40163524,0.0213186,,18.6464,17.929399
2054662712,349.2276164,-75.38168339,0.042182401,,19.6649,18.8239
2054638456,352.8806244,-75.85059447,-0.114217,,19.6672,18.8445
2054662811,348.9651757,-75.26117703,-0.313216,,20.082199,19.232901
2026010069,331.0548869,-74.68027039,-0.115335,,19.033701,18.2013
2054666819,345.5328002,-75.24978785,0.35629499,,19.283701,18.535101
2054666826,345.5109324,-75.21924776,0.353414,,19.752501,18.9765
287148727,338.0950138,-74.45648954,0.498555,,17.3473,16.4904
2054638505,352.563592,-75.74849632,-0.39743501,,19.997,19.136801
2054638540,353.0123675,-75.70461322,0.076394498,,19.058001,18.2272
2026010828,330.9298251,-74.39489811,0.083334804,,19.057199,18.246401
2026017937,329.519503,-74.2324745,-0.238295,,19.112101,18.2143
2054662844,349.8087707,-75.30756439,-0.0108344,,19.269199,18.492701
277941744,355.7375478,-75.04615034,0.46707699,,16.7209,15.8765
277941799,355.6117013,-75.25640596,-0.124918,,17.399799,16.7299
277941800,355.7148925,-75.25908382,0.100131,,16.987301,16.302299
287148730,338.0807982,-74.45217144,0.20356999,,17.401199,16.557199
287148767,338.1442753,-74.33228167,0.29969901,,17.823601,17.0026
2054671351,346.5427164,-74.61462402,0.196738,,18.711599,17.917101
2054671353,346.5639141,-74.61108771,-0.54000401,,19.7118,19.0954
2054638578,352.6296641,-75.63637956,-0.077633902,,19.532499,18.7029
2054638609,352.3468545,-75.71847887,-0.117669,,19.645599,18.9265
2054671366,346.29445,-74.63261563,0.23284,,18.8258,18.031799
2054671390,346.5377415,-74.5804678,0.288432,,19.9261,19.096001
2054666835,345.7106417,-75.18792262,-0.083768003,,19.274599,18.4995
2054666844,345.1626493,-75.51859246,-0.14640599,,19.9147,19.1642
2026017218,329.8925463,-74.53803092,-0.270118,,20.1593,19.3409
2026017605,330.4289854,-74.28216162,0.11432,,18.060801,17.686399
2054638645,352.4796869,-75.69313751,0.27804199,,19.716499,18.905199
2054666849,345.1378158,-75.50367483,-0.173316,,19.6015,18.814899
2054666882,344.9317843,-75.46120558,0.059431002,,19.9995,19.1667
2054666893,344.7527885,-75.41142934,0.31665099,,19.072201,18.3351
2054666926,345.3170167,-75.37217605,-0.079209,,19.006001,18.342199
2054760717,341.966026,-74.26725553,0.0023048101,,18.223,17.432699
2054666937,345.2780937,-75.34031045,0.318818,,19.4191,18.636801
2025968837,332.4785443,-75.99485393,0.012848,,19.612499,18.7344
2025969165,334.107174,-75.92430826,-0.74379402,,20.186501,19.303301
277941884,355.6292988,-75.55653323,0.46432501,,17.044201,16.209101
2054671403,346.4357535,-74.51820654,0.039932702,,19.029301,18.3141
2025969405,334.0406012,-75.74649617,0.058838401,,19.4692,18.6134
2025969423,334.3864593,-75.72859335,0.48607799,,19.242201,18.278999
2054638695,352.1448656,-75.5767856,-0.70358098,,20.6017,19.731701
2054638661,352.4132196,-75.63076179,0.29170099,,19.4932,18.656799
2054638673,352.1560722,-75.64065414,0.31544799,,18.307501,17.562799
2054638678,352.1714023,-75.61743776,-0.12678,,19.857599,19.0933
287148336,338.2831323,-75.82186513,0.32298499,,17.346201,16.490299
287148370,337.9739075,-75.72061444,0.378126,,17.2845,16.400101
287148372,338.0785786,-75.71472965,0.43180501,,17.3463,16.432699
287148373,338.0370016,-75.70952314,0.49602401,,17.541901,16.654499
287148388,338.1812245,-75.64563471,0.34806499,,17.472601,16.655001
2054662889,349.608106,-75.21873989,0.17181399,,18.1686,17.568399
2054662897,349.4632716,-75.18706379,-0.192803,,19.606001,18.818501
2054671427,346.2933198,-74.50476811,-0.191061,,20.090599,19.3314
2054671439,346.2018495,-74.48701752,0.34373599,,19.275,18.5877
2054671440,346.1985507,-74.46810388,0.162844,,19.332199,18.511801
2054662901,349.4602349,-75.18201532,0.283934,,18.248301,17.478901
2054662921,349.7600473,-75.16930802,0.152327,,18.8971,18.1457
2054662922,349.9215703,-75.1814995,0.094421901,,19.3657,18.641899
2054667169,344.958359,-75.24452584,0.27330801,,18.563801,17.826401
2054671459,346.2681873,-74.4492311,0.14566,,18.781401,18.1157
293571491,0.003416119618,-75.30625647,0.087318502,,17.9907,17.3221
2054662930,349.897729,-75.14053709,0.081181102,,19.240499,18.5236
2054671460,346.2316086,-74.42982443,0.240954,,18.936199,18.1047
2054671542,345.9028004,-74.66424049,-0.56911802,,20.3211,19.483
2054650620,351.9134404,-75.50335821,0.174247,,19.535801,18.690001
287148422,337.9900665,-75.52594344,0.22383,,17.810499,17.0912
287148517,338.1214608,-75.13196887,0.23477,,17.647699,16.818199
2025967657,335.3967538,-75.91366682,0.101967,,18.0382,17.16
2025967659,335.3342545,-75.91674195,0.249741,,17.8398,16.9198
273396716,340.9924845,-75.13291586,0.45219201,,17.9228,17.0861
2025978044,335.0303139,-75.49564723,-0.297737,,19.6724,18.741501
2054667176,345.1052221,-75.22522058,-0.63598001,,19.8792,19.126301
2054667141,345.2309105,-75.28314512,0.17453,,19.013399,18.2071
2054667150,345.2199983,-75.21764811,-0.36964199,,20.138399,19.320101
2054667151,345.239743,-75.20792596,0.14726301,,18.714701,17.994301
2054667192,345.3686541,-75.22330214,0.36987901,,18.481001,17.6943
2054667202,345.332404,-75.21604964,-0.41761199,,19.7073,19.054001
2054675910,350.7198223,-74.47031167,-0.12571,,18.334299,17.499901
2054675932,350.603452,-74.47894746,0.34929401,,17.9695,17.1527
273474909,344.5014971,-75.5423528,-0.0048147198,,18.480499,17.6245
2054662993,349.2114307,-75.19105299,-0.42696801,,19.4186,18.577299
2025980763,335.4014397,-74.91894897,-0.24295799,,18.976101,18.115999
2054676044,350.1831453,-74.59427326,0.259985,,18.0415,17.2192
287148573,338.0669277,-74.9762461,0.22266001,,17.7684,16.9729
287148589,338.2399406,-74.90598192,0.41805801,,17.5508,16.814501
287148641,338.1643796,-74.74053935,0.25766799,,17.650499,16.9
2054667227,345.4817518,-75.16026925,0.088381,,18.712299,17.983
2054676265,350.158975,-74.50185573,0.0530909,,18.0926,17.380699
2054671854,345.863407,-74.43496324,0.232033,,18.8064,17.9828
2054671844,346.0312961,-74.41735735,0.38652,,18.573299,17.8022
2054663003,349.3524762,-75.16591169,-0.487326,,20.438601,19.6271
2054663007,349.4363096,-75.16307612,0.123646,,19.5667,18.842199
2054663008,349.3783775,-75.15240903,-0.47359201,,19.4757,18.6646
2054663011,349.2877436,-75.17073824,0.16412801,,19.571699,18.766701
2054663022,349.0621145,-75.16818652,0.324036,,18.809299,18.023899
2054678916,350.8458136,-74.40688613,-0.0390727,,18.253401,17.628099
2054650624,351.9805353,-75.47827112,0.35684401,,18.503901,17.6709
2054701823,355.4898345,-74.0873364,0.291529,,18.275499,17.545799
421895809,339.5351187,-75.96801305,0.236678,,18.004299,17.100901
2054667237,345.3991004,-75.13826419,0.145813,,18.8323,18.1891
2054667246,345.2560275,-75.1680083,-0.076077998,,20.217699,19.366899
287148770,338.0863114,-74.32316854,0.31776401,,17.733999,16.9175
287148797,337.9275667,-74.25363701,0.26684901,,17.5233,16.746901
2054671840,346.0810523,-74.43551572,0.199837,,19.068001,18.4016
2054683110,346.8177419,-74.51751277,0.083688997,,19.550501,18.7661
2025979293,334.3951744,-75.6454865,-0.12546501,,19.186701,18.2693
2025979318,334.3760505,-75.56315559,0.30001301,,19.2995,18.376699
2054678961,350.9946197,-74.38724342,0.107288,,17.790001,16.961
2054678996,350.7688376,-74.3574025,0.018545,,17.862801,17.187599
2054667281,345.1694711,-75.11694007,0.46458301,,17.926901,17.288601
2054701871,355.6470355,-74.05807005,0.0552384,,19.685699,18.910801
2054679234,350.8125175,-74.19755105,0.187417,,18.234301,17.439899
273396345,340.6464118,-74.10891323,0.42320701,,17.893999,17.261299
2054667384,344.849419,-75.05882847,0.18411,,19.236601,18.576799
421896016,339.7480072,-75.31346425,0.32563701,,17.5417,16.813801
287148329,338.052726,-75.85142011,0.166547,,17.620399,16.842899
287148704,338.2885957,-74.54793383,0.32222399,,17.9862,17.206499
287148768,337.9573051,-74.33148532,0.220823,,17.833401,17.015499
287148781,338.2339232,-74.29542717,0.34067699,,17.983601,17.129101
2054663084,349.186624,-75.09008766,0.247666,,19.4655,18.680201
2054683218,346.5255549,-74.44189092,0.11249,,19.8473,19.094999
2025979429,333.8919434,-75.53830942,0.231208,,19.169701,18.3682
2054670430,345.0630637,-75.0199457,0.190376,,18.4706,17.780199
2054669934,345.9140791,-75.12436477,0.204275,,19.181,18.5434
2054676545,348.9841752,-74.96346178,0.077885099,,19.3876,18.6047
2054619181,342.4560552,-75.52445404,0.424898,,18.0242,17.1661
2025979431,333.832888,-75.52111436,-0.24799301,,20.2946,19.411501
2025979456,333.9503342,-75.44919679,-0.58233303,,19.7757,18.870501
2054669944,345.5954265,-75.15845676,0.38331601,,19.251801,18.471901
2054669956,345.8351546,-75.11275176,0.571576,,19.0403,18.224501
2054679445,350.1683482,-74.25411328,0.067979701,,17.837099,17.035299
2054672148,344.4207118,-74.76216057,0.052540801,,18.876301,18.0303
2054701973,354.9139669,-74.01023546,0.187402,,19.706301,18.971201
2025979530,334.0792959,-75.36885873,0.48383901,,19.579,18.7201
2025979537,334.8768989,-75.49611499,-0.61191797,,19.663401,18.705099
2025979549,334.8826345,-75.47264617,-0.14176799,,19.562099,18.627001
2054669972,346.027491,-75.11521438,0.32777601,,18.2568,17.4554
2054683244,346.3066046,-74.43214679,0.118127,,19.2666,18.6136
2054701987,355.3297025,-74.00029057,0.192783,,18.362499,17.658501
2054679615,350.4706761,-74.19858906,0.14872199,,18.3237,17.499701
2054670028,345.8448247,-75.04210627,0.49052101,,18.592699,17.8393
2054670033,345.9436776,-75.02955126,0.344735,,18.9368,18.186399
2054670037,345.9163729,-75.00891442,0.36681399,,18.5951,17.9526
2054676429,349.6410176,-74.44947349,-0.00732351,,18.804899,17.9856
2054670213,345.8988649,-74.95138845,0.247226,,19.049801,18.4095
2054670214,345.9293049,-74.96576396,0.022102701,,19.367001,18.696301
2054670296,345.339785,-75.10482122,0.30347699,,18.564899,17.8515
2054676477,349.9598235,-74.37407239,-0.39875799,,18.766899,18.127701
2054676481,349.789059,-74.38444554,0.284399,,17.997101,17.2148
2054670303,345.5972006,-75.09875128,0.066514999,,19.560699,18.8339
2054701993,355.1621703,-74.00359896,0.270872,,19.4041,18.6763
2054702049,355.8537185,-74.0238046,0.16603699,,18.5226,17.8627
2025988819,329.6766048,-75.92725644,0.209951,,18.6814,17.795401
2026010422,330.6418861,-74.72058488,-0.159344,,18.7295,17.9694
2026017691,329.9048287,-74.27571606,0.58568901,,18.9079,18.0504
2054670334,345.1885832,-75.05789176,0.19023301,,18.6091,17.879
2054670344,345.3488421,-75.05023299,0.022304401,,20.140699,19.3085
2054670350,345.3171213,-75.027849,-0.10688,,19.587601,18.948601
2054683270,346.3246423,-74.36177414,0.27846301,,19.7068,18.9438
2054683273,346.3334652,-74.34890458,0.19676501,,19.899401,19.117001
2054701224,354.9539724,-74.08184823,0.072044402,,18.397699,17.642
2025979687,334.3073557,-75.34379541,-0.0229703,,19.530199,18.7383
2054683290,346.5607342,-74.34924693,0.24694701,,18.865601,18.0665
2026009928,331.4156241,-74.73782136,0.241138,,18.7495,17.851299
2026011664,331.2751848,-74.31819755,0.279017,,18.766399,17.9594
2026010733,331.0393054,-74.50308298,0.31309399,,18.478701,17.875401
2025979961,333.2817712,-75.3365761,0.40383101,,18.5571,17.6784
2026008704,333.2996151,-74.85260329,0.215756,,18.8897,18.060801
2026009086,333.425105,-74.54789249,0.336844,,18.552799,17.761999
2025977904,335.9374161,-75.60628246,0.31030101,,18.651699,17.748699
2025978006,335.437522,-75.51373864,0.34215599,,18.6339,17.7603
2025978859,335.455439,-75.34523405,0.39043,,18.6784,17.6943
2054676844,349.0512406,-74.73616704,0.21835899,,17.934601,17.1194
2054676935,348.9815441,-74.64154858,0.22940999,,17.870899,17.1408
2054670383,345.6204623,-74.98955561,-0.0832709,,19.062,18.337299
421896317,339.763022,-74.4247295,0.404915,,17.3155,16.500601
277941814,355.8699947,-75.30057523,0.259992,,17.295099,16.689501
277941838,355.5236372,-75.40798711,0.0571061,,17.361099,16.940201
2054683300,346.691778,-74.34111203,-0.034352399,,19.824301,19.063999
2054683302,346.6382286,-74.33317473,0.38734499,,19.3626,18.597601
2025979870,333.9267103,-75.35767909,0.275729,,19.5606,18.6388
2026109401,338.8327697,-74.26181474,0.130868,,18.809099,18.0257
2054701700,354.2037535,-74.02791743,0.239967,,18.4484,17.6751
2054670462,344.7724664,-74.97317069,0.402181,,19.268999,18.4757
273474786,344.7081162,-75.94245785,0.258362,,17.590799,16.7915
2054702935,353.294033,-74.01440309,0.25685,,18.585199,17.739799
2054702941,353.4662684,-74.01495791,0.363442,,18.6591,17.879601
2054637630,351.9510399,-75.94649529,0.38224101,,18.2652,17.433901
2054638351,352.1709263,-75.85336481,0.25523999,,18.7952,18.002199
2054638412,352.2676236,-75.81247001,0.032942101,,18.917,18.117399
2054638551,352.8713502,-75.685085,0.270087,,18.6366,17.855101
273474825,344.6906426,-75.81330142,0.156986,,17.439301,16.758499
273474844,344.7525592,-75.76097647,0.171893,,17.482401,16.6747
2054683322,346.4813011,-74.29258675,0.324393,,19.3941,18.702499
2054683331,347.282594,-74.41024583,-0.59944397,,19.100901,18.385201
2054701794,355.7094174,-74.12732214,0.244096,,18.9046,18.190599
2054701894,355.5805716,-74.0152061,0.39795601,,18.7929,17.990299
2025994751,330.0379175,-75.3936359,0.30235699,,19.141399,18.2992
2025996199,330.0355074,-75.10689796,-0.073470801,,19.3599,18.656799
421896388,339.5800473,-74.15380473,0.42946199,,16.826099,15.9927
273474871,344.6291953,-75.64710107,0.39183199,,17.7488,17.002701
273474889,344.5856056,-75.59676855,0.44968,,17.5515,16.715401
2054674869,349.6581069,-75.05590979,-0.16031,,19.3466,18.6304
2026018624,330.5583292,-74.04168617,0.248055,,19.0231,18.191099
2026010000,330.9777307,-74.73248298,0.363105,,18.7749,18.0469
2026011865,331.2502868,-74.15032163,-0.050210699,,19.130199,18.281799
421896424,339.7726182,-74.02640231,0.50404602,,17.2437,16.4363
421896431,339.4745352,-74.01335123,0.39018601,,17.5296,16.7188
2054683394,347.0740192,-74.28674643,-0.054830302,,19.223801,18.578899
2025977979,335.685484,-75.43892245,0.12685201,,19.0247,18.0986
2025979253,334.6151509,-75.6828797,0.095722198,,18.950701,18.003901
2025979117,335.8235275,-75.21374654,-0.136674,,19.2794,18.425301
2025979157,335.6175704,-75.15528236,0.214874,,19.2693,18.2908
2025979232,335.980876,-75.05555584,0.109941,,18.964899,18.307501
273474926,344.7908511,-75.48389178,0.213543,,17.542,16.8496
2025980581,335.0226477,-75.09259633,0.33856899,,19.330601,18.428699
293570241,359.5843586,-75.93901366,0.37242401,,17.428699,16.5795
2025980383,334.901453,-75.22626268,-0.052756399,,19.185101,18.2341
2026110377,339.2741355,-74.04904409,-0.0498023,,18.7894,18.027201
2054760556,342.5102989,-74.19681215,0.47176901,,18.9785,18.1772
273475006,344.6615241,-75.24973665,0.13313501,,17.491899,16.673599
273475021,344.6470643,-75.22452122,0.212814,,17.4804,16.7038
273475040,344.7175144,-75.15961179,0.17497,,17.111401,16.3015
273398705,341.0866691,-74.82063461,8.6801796,,7.91155,7.2839298
277939830,355.4789241,-74.89501064,6.0111399,,9.7440701,9.1480999
293527320,352.1172719,-75.3767276,7.9481401,,9.8831501,9.1907997
273514658,347.7317346,-74.25142107,2.6716299,,12.7342,11.9553
2025980612,334.9301077,-75.0255405,-0.333529,,20.3403,19.4056
2025980882,335.1769536,-74.8762806,0.393392,,19.437401,18.5166
2054683561,346.8127831,-74.12758524,0.30498099,,18.8248,18.136299
2054702859,353.4119306,-74.15237827,0.29827499,,18.979,18.323099
2054702948,353.1357233,-74.10969093,0.41802299,,18.872299,18.1192
2054637592,352.3434215,-75.9999591,0.17586701,,18.935801,18.121599
2054677750,349.2156323,-74.42702836,-0.027153401,,17.5751,16.9265
273475071,344.8628493,-75.04091625,0.199719,,18.1329,17.296301
2025980917,334.348867,-75.10709915,-0.37292999,,19.664801,18.854
2025980941,334.4883888,-75.04631377,-0.00609395,,19.6355,18.7535
2025980950,334.2780873,-75.06302885,-0.46350899,,20.2064,19.3664
2054701927,355.1157552,-74.06244803,0.0526077,,19.013,18.2992
2026017198,330.0021915,-74.56288901,-0.0462601,,18.9891,18.186899
2026010305,331.1624241,-74.59472356,0.32143399,,18.8657,18.018101
2026010318,331.3507264,-74.55670127,0.19356599,,18.917601,18.224899
273515059,347.9100639,-75.18191804,4.7925501,,10.5388,9.8315401
293525086,351.9589799,-75.9471004,4.1223698,,10.5855,9.92278
293525184,351.7312314,-75.64136898,2.20455,,10.203,9.8531399
293527366,352.1669877,-75.56671354,1.59322,,11.7757,11.0598
273515037,347.9681598,-75.12385746,3.5025001,,12.0173,11.178
2054670510,345.046302,-74.89547061,-0.74880999,,19.6436,19.0895
2054670525,344.9412478,-74.92219414,0.118449,,19.2246,18.475
2025994207,331.6402993,-75.09269979,0.28330901,,18.9646,18.146099
2026008721,333.3683905,-74.81333262,-0.103417,,18.969601,18.2834
2025977152,335.8625483,-75.87691259,0.086788803,,18.901199,18.003799
293571515,0.009642900163,-75.23343183,0.26180801,,17.203199,16.3634
2054674916,350.0893397,-74.9925346,0.334254,,18.431299,17.7167
2054674933,349.7490312,-74.99935788,0.59024698,,18.8269,17.9893
277939686,355.2860409,-75.35708306,2.5224099,,11.9034,11.2055
277939841,355.4107237,-74.85813328,3.19751,,12.0354,11.2957
277939922,355.2397119,-74.59612832,2.67957,,11.4192,10.6901
261644653,351.0688741,-74.88481057,1.2306,,11.7709,11.1694
261644734,351.1584814,-75.19576539,1.67984,,12.3611,11.5783
2025979262,334.528306,-75.67245184,0.43325001,,18.858999,17.997601
2025979539,334.9552746,-75.48906831,0.56533498,,18.979799,18.0846
2025980486,334.8151285,-75.19417532,0.42035699,,18.833,17.9475
2054683586,346.5067537,-74.11965647,0.31976101,,18.8489,18.139
2054683598,346.5238646,-74.09405111,-0.151776,,19.3682,18.551201
2054683605,346.5768904,-74.06119756,0.26984,,18.553101,17.7425
2054670571,345.59696,-74.90764138,-0.059701499,,19.0753,18.392099
261644784,351.1002918,-75.37877595,1.65098,,11.9825,11.3702
293525428,351.9886174,-74.73283593,2.29513,,12.3746,11.6564
293527129,352.3344901,-74.60183368,4.6656799,,11.746,10.9153
273514639,347.8787004,-74.21077903,1.0311,,12.7587,12.0467
2025980549,334.5539119,-75.09538117,0.164131,,18.966101,18.1754
2026110357,339.1802212,-74.09673665,0.26901001,,18.5963,17.816799
2026110367,339.0410526,-74.09076902,-0.041455399,,18.9205,18.1371
273514820,347.9337608,-74.60813923,1.6652499,,12.949,12.2022
273514963,348.0172946,-74.96226688,1.9818701,,13.3781,12.5835
273515038,347.7909675,-75.12962829,1.84209,,12.6335,11.9712
273515252,347.8723166,-75.76171749,0.85219699,,13.3133,12.5071
2025981051,334.5181314,-74.94481509,0.227558,,19.9494,19.045099
2054692822,358.238479,-74.75456494,0.247724,,18.2218,17.4564
2025981409,334.2408609,-74.75381843,-0.104572,,19.7369,18.9615
2054760366,342.2686885,-74.25567455,-0.0055921199,,18.8881,18.1863
2054701443,353.8649949,-74.16429753,0.24341901,,18.869801,18.191999
2054702929,353.3761679,-74.03334202,0.332562,,18.6917,18.1066
2054638358,352.0173789,-75.89025051,0.048046801,,18.9942,18.269199
2054638220,352.7864305,-75.98485752,0.28407601,,18.924999,18.167299
273475084,344.7982723,-74.99198635,0.066889301,,17.761999,16.9967
277939510,355.3398188,-75.90729243,1.33325,,13.0491,12.3903
277939865,355.4927097,-74.76736152,1.49632,,12.4364,11.8109
277939907,355.4584472,-74.64495726,1.62392,,13.4454,12.7117
261644594,350.886963,-74.59941346,2.1684301,,12.9965,12.2131
2054680063,350.7841868,-74.03980065,0.0703348,,18.455299,17.6973
2025981199,334.7832996,-74.92123361,0.263607,,19.7297,18.816401
2025981212,334.7128272,-74.90722308,0.172901,,19.3748,18.5072
293525432,351.7747689,-74.71397975,1.19339,,13.11,12.3612
273398678,341.1863067,-74.87662464,1.5948,,12.6678,11.9221
2054638467,352.7839674,-75.81801388,0.051140301,,18.7724,18.073
2054638481,352.835089,-75.78388581,0.54202402,,18.7913,17.9259
2054638651,352.4639358,-75.65375108,0.157446,,19.3009,18.428499
2054693582,358.8870529,-74.7382338,0.01458,,18.399,17.6001
2054670576,345.7583712,-74.91019169,0.32738599,,18.6744,17.8713
2054670582,345.7709072,-74.89084065,0.197487,,19.448601,18.627001
273398854,341.2541634,-74.4330939,1.5309401,,12.7591,11.9785
273398992,341.2016504,-74.06358558,1.71413,,13.039,12.2808
277939773,355.1874841,-75.08504959,1.41666,,13.3638,12.5951
2054674970,349.500502,-75.01089537,-0.058818299,,19.256701,18.569599
2054670633,345.4685657,-74.83899907,0.29307199,,18.545799,17.812401
2054670638,345.556444,-74.83034902,0.352231,,18.9492,18.2117
2054683725,345.967776,-74.21649637,0.056987099,,19.146099,18.4205
293571696,0.1331180005,-74.64600758,0.35039699,,17.629601,16.8109
2054701827,355.4133708,-74.10857133,0.204592,,19.1063,18.2836
2025988807,329.6571773,-75.94949781,-0.41419399,,19.2971,18.4048
277939847,355.2894824,-74.84227961,1.90422,,12.4055,11.5834
261644787,351.2093081,-75.39437469,2.03846,,12.4315,11.6182
2026109569,338.5844728,-74.19550882,-0.21614,,19.270399,18.4513
2026109576,338.38743,-74.19107715,0.29478401,,18.440399,17.7377
2054674973,349.4476857,-75.01168773,0.424054,,19.1117,18.354
2054674978,349.3834786,-75.02257767,-0.321502,,19.399799,18.6563
2025971563,339.1954267,-75.96524924,-0.280249,,19.6499,18.747
2025971643,339.7708285,-75.95945427,-0.345139,,20.316799,19.4772
261644788,351.0226651,-75.39768535,1.46589,,13.52,12.7864
261644949,351.0357085,-75.96610219,1.8492301,,12.5192,11.7761
293525465,352.0259486,-74.62052549,1.00708,,13.1595,12.4496
293526981,352.2608486,-74.07466059,1.33977,,13.062,12.3272
2054637787,351.2129672,-75.9926215,0.18438201,,18.2201,17.3421
2054683735,346.0405887,-74.21103296,0.075692303,,19.364799,18.6187
2054683689,346.177287,-74.29440226,0.21604501,,18.6136,18.1022
2054683698,346.1517837,-74.25455805,0.18596099,,18.7332,18.0037
2025996319,329.9101097,-74.95514944,0.00088190602,,19.4867,18.638599
2026019167,330.0320753,-74.02807842,0.19659699,,18.748699,17.9091
2054638024,351.6171973,-75.86894442,0.160616,,18.585699,17.759399
2054670729,345.2901973,-74.84011849,0.259132,,18.2778,17.5567
2054675007,349.2573647,-74.99491764,-0.31295201,,19.5221,18.7477
2025980243,333.6197973,-75.11297164,-0.19951101,,19.448,18.538
2025977128,335.8476773,-75.94596077,-0.192258,,19.3986,18.476101
2025977584,335.127916,-75.77180227,-0.231411,,19.3843,18.480301
2025977600,335.1978987,-75.74185078,0.0457922,,19.509399,18.674101
2025977861,335.7975967,-75.59093077,0.217683,,19.247101,18.2943
2025978950,335.5399133,-75.22137735,0.59578598,,19.439699,18.4706
2054675041,349.1168748,-74.93406293,0.15978,,18.8468,18.012501
2054675061,349.3350763,-74.92230314,0.31955999,,19.3472,18.6185
293527080,352.3895149,-74.42142262,1.3722,,13.1096,12.4291
293527169,352.1047171,-74.79234199,1.9553,,12.4639,11.7069
293527219,352.295551,-74.99047809,2.06179,,13.7655,12.9191
2025971674,339.6427693,-75.91484959,-0.391177,,19.5126,18.8368
2025971697,339.8911058,-75.87783929,0.051063798,,19.767599,18.9382
2054670732,345.2333259,-74.84156829,-0.57349402,,19.740999,18.9235
2025979251,335.8298353,-75.00475487,-0.036518201,,19.196501,18.379601
2025980555,335.0341244,-75.13358707,0.42456001,,19.167101,18.2381
2054683737,346.1630792,-74.19489051,-0.44252601,,19.6231,18.8022
2025971748,339.4093425,-75.93021574,0.118522,,18.484699,17.7407
2025971761,339.5443932,-75.89407688,0.32494399,,19.353399,18.554501
2054638332,352.1044623,-75.91667381,-0.167027,,19.2253,18.384701
2054638574,352.5675548,-75.67044327,0.040026002,,19.5329,18.871201
2054638650,352.471274,-75.66312665,0.54267699,,19.459299,18.591299
273475312,344.6079902,-74.28081766,0.096812896,,17.3591,16.6245
273475327,344.5722964,-74.21370324,0.29825699,,17.115,16.3118
273475335,344.7227875,-74.16529094,0.29427001,,17.815599,17.1416
2025971832,339.5539963,-75.80873342,-0.51608998,,20.0236,19.3062
2054675080,349.4173439,-74.88873353,0.195737,,19.373301,18.5373
273418953,344.1135736,-75.26075348,0.451024,,18.2619,17.523701
2054670793,344.9422396,-74.75593538,-0.130178,,19.431299,18.672199
2054670847,344.9438532,-74.67990061,0.214412,,18.762699,18.001101
2025971840,339.5119742,-75.78042216,0.260912,,19.4202,18.6474
2025971875,339.3937945,-75.7620002,-0.192623,,19.6572,18.830099
273475349,344.564544,-74.11393719,0.14824399,,17.8419,17.127199
2054675092,349.1898488,-74.86626998,0.163468,,18.712999,17.8944
2025973359,339.0264576,-75.81739742,0.163954,,18.4606,17.812099
2025973374,338.9007436,-75.78171602,-0.056258801,,20.0228,19.203699
2054670816,345.2890479,-74.72995088,0.43891001,,18.27,17.5499
421895814,339.6488138,-75.96183725,0.31766999,,17.460699,16.5495
421895826,339.7793997,-75.92598299,0.203628,,17.6572,16.856001
421895864,339.4798163,-75.7925344,0.21943299,,17.5382,16.741899
2054670832,345.3219644,-74.68968527,0.163855,,19.505199,18.709299
2054670885,346.8507429,-74.93223782,0.141991,,18.889099,18.225401
273475380,344.5981695,-74.02740284,0.0079576904,,17.006201,16.4527
277941610,355.7716126,-74.65643009,0.168385,,17.9946,17.2341
421895876,339.7684166,-75.75997897,0.243273,,17.5277,16.635
421895924,339.7041862,-75.63380337,0.24518199,,17.933901,17.109301
277941620,355.5913268,-74.68687382,0.30962601,,17.3818,16.5625
277941640,355.8310217,-74.74869702,0.20026299,,17.5725,16.734699
2025974229,339.721868,-75.7783892,0.061696101,,20.1273,19.2528
2025974238,339.8030002,-75.74175653,-0.065985002,,19.8736,19.0665
421895959,339.4808957,-75.52666844,0.29450801,,17.549,16.6665
421895995,339.5838175,-75.42951951,0.24998,,16.979,16.1548
421896026,339.5582306,-75.28569628,0.300942,,17.674801,16.8678
421896029,339.537747,-75.27419668,0.219827,,17.633301,16.768801
2054671097,346.0622663,-74.75411668,0.120676,,18.914499,18.0954
2054671098,346.0567536,-74.74851506,0.126508,,18.372601,17.702801
2054671472,345.7356227,-74.74182598,0.054136202,,19.378599,18.628599
2054671484,345.950662,-74.7162675,-0.110587,,20.058201,19.2885
2054671485,345.8747732,-74.71465517,0.276072,,19.0931,18.4401
2054683981,346.3800574,-74.07799462,0.0987124,,19.9062,19.081499
2054683989,346.4405136,-74.07198049,0.335538,,18.385099,17.6793
277941654,355.8100374,-74.79323395,0.14204501,,17.3566,16.569599
277941681,355.8347182,-74.85789977,0.25285199,,17.9172,17.2013
2054671495,345.7523754,-74.68232218,0.212888,,18.8752,18.0791
2054671496,345.7359994,-74.67712473,-0.22584499,,19.135599,18.446199
2054671515,345.5669517,-74.69782146,0.356738,,18.9732,18.172199
277941693,355.8354179,-74.91381488,0.240109,,17.204599,16.382099
277941697,355.5850192,-74.92315167,0.16697399,,17.760201,16.939699
277941703,355.6658627,-74.94354775,0.081882499,,17.898899,17.129499
277941718,355.8906727,-74.98117348,0.146456,,17.2367,16.452101
2025974396,339.7534179,-75.58623165,0.085663602,,19.6703,18.806801
277941786,355.8265619,-75.2053337,0.38316599,,17.1014,16.2859
277941839,355.6478351,-75.41014608,0.18423399,,17.3314,16.590799
2025974425,339.4699243,-75.57652353,0.11519,,17.786301,17.343
2054659046,347.6609763,-75.99374397,0.29312599,,19.122299,18.241301
2054659144,347.3486147,-75.99380966,0.045042001,,18.6059,17.894699
2054671601,345.7325062,-74.54226429,0.15465701,,18.865601,18.0364
2054671642,345.4259487,-74.58488354,0.26030701,,19.502701,18.7444
277941859,355.8771486,-75.47987125,0.25450599,,17.378401,16.5371
277941889,355.6002609,-75.57183188,0.47644401,,17.1731,16.325399
2054684015,346.2183452,-74.01732241,0.31994599,,18.2978,17.585501
2054675105,349.244932,-74.85008417,-0.20918299,,20.1761,19.386801
273474927,344.8390558,-75.48319015,0.174227,,18.042299,17.212
273474952,344.6936642,-75.41655118,0.245344,,17.398001,16.570801
2054671655,345.0506205,-74.61003721,-0.77428597,,19.9844,19.208099
273475019,344.8434474,-75.22676465,0.21577799,,18.1497,17.323999
273475211,344.8207083,-74.57315076,0.26456499,,17.229799,16.4128
2054659165,347.174949,-75.98093423,-0.226749,,19.6991,18.8631
2054671674,345.1284729,-74.56678898,0.26684499,,19.5529,18.757799
2054671680,345.5226078,-74.59857968,-0.33852899,,19.7589,18.966
2054671684,345.455552,-74.56272731,-0.26652101,,19.5352,18.790001
2054659497,346.901438,-75.96988756,-0.41549501,,19.6654,18.848499
2054659519,346.5607919,-75.92350203,0.40440801,,18.528601,17.767099
2025974468,339.8240067,-75.53342281,0.256147,,19.5732,18.7575
2025974485,339.6569978,-75.51801318,-0.88734603,,20.0777,19.225401
421896267,339.5563603,-74.53864016,0.29968399,,17.5807,16.7258
421896309,339.6768841,-74.43749172,0.257339,,17.4461,16.625
421896340,339.487395,-74.33154408,0.283694,,17.4695,16.638201
2054671696,345.3507331,-74.54248822,-0.049589898,,19.033199,18.2293
2025974539,339.8390751,-75.46968979,0.13752501,,19.9258,19.1217
2025974578,339.9151399,-75.34876158,0.265589,,19.1103,18.287201
2025974584,339.9510753,-75.33672213,0.148534,,19.4533,18.6686
2054659544,346.9699444,-75.8939263,-0.150759,,19.3902,18.527201
2054671740,345.2382243,-74.47874207,-0.024188699,,19.686501,18.9403
2025974594,339.9561662,-75.31354787,0.23688801,,18.2488,17.5256
2025974597,339.9606992,-75.29032366,0.27983299,,19.2703,18.4284
277977691,355.6447456,-75.94669464,0.026435999,,17.807699,17.051001
421896395,339.5817736,-74.12712025,0.25734001,,17.725599,16.877199
421896396,339.5330747,-74.11585343,0.165732,,17.611099,16.807501
293571410,0.06304593523,-75.55789236,0.27401301,,17.5816,16.814501
293571497,359.9070346,-75.27957934,0.52490801,,17.3638,16.5499
2054671829,345.9479529,-74.45325439,0.203087,,19.430901,18.7045
2054659764,347.7877591,-75.95605072,0.317871,,18.565399,17.742701
2026017373,329.5169313,-74.47613455,-0.047276199,,18.8929,17.984501
293571648,359.9054302,-74.7993059,0.20596901,,17.448601,16.641899
293571652,0.1208206559,-74.78799298,0.32024199,,17.445,16.657499
293571708,0.1591201816,-74.59874188,0.17659099,,17.728901,16.8965
293571727,0.03242519532,-74.54243868,0.047235101,,17.730101,17.0322
2054671892,345.5671217,-74.47573583,0.174208,,19.566099,18.9119
2054659833,347.5764064,-75.95464568,0.153235,,19.015499,18.159401
2025974620,339.9953705,-75.17543513,0.085185297,,19.879101,19.082701
2054671920,345.5690047,-74.4235806,0.134296,,19.147301,18.376801
2054671922,345.4693214,-74.40088201,0.18575799,,20.059299,19.243299
2054671923,345.485634,-74.4025415,-0.081341401,,19.984699,19.213699
2054671932,345.3818366,-74.41388144,-0.114307,,20.0797,19.313499
2054671934,345.3761492,-74.41262976,-0.223142,,19.424999,18.716
2054671947,345.3832609,-74.40225266,-0.066906899,,20.087099,19.327999
2054684306,346.9607856,-74.02775848,0.274324,,18.247499,17.6346
2054684324,346.5980048,-74.02646581,0.43194801,,18.4737,17.797899
293571796,0.09013897649,-74.33969552,0.232733,,17.5737,16.8652
2054659859,347.6568084,-75.88415551,-0.195224,,19.435499,18.6168
2054659866,347.4906812,-75.86585975,0.25007501,,18.4608,17.6908
421895832,339.7596052,-75.9017943,0.0854396,,17.851801,16.9879
421895988,339.4788721,-75.44638631,0.250707,,17.889601,17.0467
421896002,339.8371087,-75.40257392,-0.00287202,,17.8004,17.0762
421896076,339.681152,-75.12878857,0.18666001,,17.243999,16.488899
2054671955,345.3219321,-74.36909978,0.21355399,,18.844299,18.041599
2025974966,339.2868878,-75.37466233,0.0063048,,18.728001,17.8561
2054676466,349.5544573,-74.38068628,0.0218722,,18.906401,18.066
2054675265,349.6326454,-74.82278453,0.224925,,19.001101,18.2733
2054675266,349.6202436,-74.80451919,0.0439578,,19.514099,18.8689
2054675277,349.5338262,-74.757835,-0.212634,,19.271299,18.435101
2054659888,347.2484845,-75.84976668,-0.89817297,,20.215,19.362101
2054684326,346.7836101,-74.02127384,-0.135207,,19.9631,19.160299
2054684679,346.5453425,-74.00247261,0.081223503,,19.326099,18.517401
2054671975,345.6752152,-74.3808625,0.39879999,,19.090599,18.3386
2054675287,349.4100565,-74.79500329,0.087003902,,18.5107,17.943001
2054675290,349.3313639,-74.78808001,0.268729,,18.873699,18.0334
2054659943,347.3692459,-75.75409983,-0.054262999,,19.458099,18.7052
2054672018,345.3414562,-74.33771593,0.343602,,18.424,17.5912
2054675321,349.2270466,-74.73041641,-0.111847,,19.536501,18.7738
2054675333,349.7198407,-74.74867616,0.104075,,19.4296,18.6082
2026109580,338.4242285,-74.16988281,0.0038046399,,19.3057,18.4576
2054660106,347.5752223,-75.75067518,0.142031,,19.223301,18.433701
2026109609,338.4033695,-74.1136088,-0.48023599,,19.546801,18.7153
2054660128,347.5473136,-75.74016115,0.0154615,,18.6805,17.966101
2054673192,344.9949033,-74.56067559,-0.204276,,19.2817,18.476101
2054673205,344.9993296,-74.53868255,0.272798,,18.856001,18.086
2054673206,345.0205875,-74.54639244,0.15943,,19.316601,18.565201
2054673213,344.9857141,-74.52278616,0.24323601,,18.154499,17.5005
2054675334,349.6736867,-74.73579506,0.0022241001,,19.4405,18.7059
2054660158,347.5339999,-75.64432418,-0.102025,,19.6005,18.849899
2054660174,347.8920478,-75.68105402,-0.37870499,,19.6586,18.888901
2054685212,345.3093877,-74.21260103,0.134296,,19.872101,19.1415
2054673261,344.9319089,-74.47659762,0.198944,,19.323799,18.521999
2054660180,347.9019662,-75.65665412,-0.068841301,,19.7906,19.011999
2025977478,336.2201287,-75.67662158,0.33234999,,18.191601,17.2535
2054648001,354.8901822,-75.89181319,0.228964,,19.385099,18.607401
2054647979,355.2279766,-75.92465413,0.099345699,,18.562099,17.7726
2054673279,345.109438,-74.42756782,-0.128269,,19.210199,18.428101
2025991509,328.555066,-75.60737451,0.149204,,18.379999,17.503201
2054636522,354.3764106,-75.97462323,0.40787601,,19.6094,18.774
2054636530,354.3886823,-75.95530664,0.175621,,18.8867,18.1605
2054636537,354.2586979,-75.92287374,0.448412,,19.282301,18.4902
2026109974,338.0148135,-74.17753009,0.26968601,,18.2763,17.6073
2054660211,347.5283075,-75.60828819,0.27079201,,18.3965,17.5839
2054660212,347.4446848,-75.59989892,0.17018899,,18.937099,18.119699
2026110066,338.0512078,-74.05814476,-0.246683,,19.401501,18.7215
2026110106,338.0072179,-74.03284294,-0.16202299,,19.500099,18.7568
2026110330,338.7236415,-74.1171022,0.0346683,,18.3941,17.7493
2054673458,345.1738152,-74.34316207,0.103623,,19.660801,18.9729
2054673465,345.0373931,-74.32516534,-0.0136789,,19.113199,18.3619
2054647990,355.0399197,-75.88434371,-0.040401299,,19.074699,18.2656
2054648148,354.3747418,-75.74025401,0.069838002,,18.749599,17.990299
2026110465,338.4906476,-74.05608489,0.034175899,,20.009501,19.2101
2025977511,336.0950233,-75.63965925,0.0071852398,,18.743999,17.808901
2025978133,336.9742231,-75.65984259,0.041971199,,18.9795,18.033501
2054673525,345.1817289,-74.25970184,0.39556399,,19.304899,18.521
2026110482,338.3313905,-74.01967861,-0.49992201,,19.866699,19.087299
2026110499,338.7345194,-74.01695121,-0.0509708,,20.2328,19.3841
2026110503,338.7975791,-74.01011092,0.372747,,18.4632,17.721701
2054660330,347.0112453,-75.72680852,-0.228009,,19.0648,18.439501
2025978235,336.7331855,-75.5263166,0.063312702,,18.750601,17.8799
2026003636,329.3668379,-74.84093637,0.0145362,,18.4793,17.6089
2054636857,353.96645,-75.99924829,0.178681,,18.568501,18.041599
2054636860,354.0456933,-75.97591149,0.148013,,19.689899,18.920401
2054636916,354.1221703,-75.89329272,-0.61861998,,19.3741,18.5529
2054678738,351.2563802,-74.54104811,-0.237891,,19.6336,18.9027
2025978288,336.5765311,-75.51505301,-0.0224695,,18.499201,17.6022
2054648025,354.7838905,-75.8385614,-0.294359,,19.5364,18.799
2054673536,345.2577082,-74.23377213,0.21511699,,19.2918,18.5905
2054673564,344.9684131,-74.18249879,-0.30674499,,19.680799,18.947001
2054685282,345.0817483,-74.08561277,-0.60182399,,19.3276,18.5238
2054678781,351.1528698,-74.49693372,0.0887523,,19.0131,18.2981
2054648155,355.2861787,-75.84951935,-0.27593201,,19.5888,18.7453
2054648169,355.0751949,-75.81830476,-0.25316501,,19.9424,19.0938
2054648171,355.1247685,-75.81807523,-0.00305481,,19.634001,18.866501
2054660341,347.0460236,-75.70497183,-0.44215199,,20.002701,19.211901
2054660348,347.0992637,-75.69482511,-0.0917584,,18.7668,18.0315
2025978321,336.4065922,-75.48371073,-0.29603299,,18.840099,17.884701
2054660544,347.1572076,-75.67069936,0.035193201,,19.2101,18.511999
2054648060,354.416918,-75.89167128,0.187907,,19.336399,18.479099
2026017469,329.8475317,-74.33825181,0.0139913,,18.4512,17.581499
2026017504,329.718264,-74.30091757,0.18786199,,18.507799,17.618299
2026017913,329.373633,-74.2591343,-0.031697199,,18.5445,17.822001
2054648221,354.8619361,-75.765672,0.180921,,18.6136,17.7766
2054648075,354.3859798,-75.85632881,0.177808,,18.5961,17.816799
2054648243,355.3319419,-75.71825569,0.225127,,19.699699,18.8701
2054648253,355.1563195,-75.71566151,-0.68010801,,19.761801,18.982599
2054648266,354.8964346,-75.72028478,-0.25958401,,19.167601,18.450701
2025978461,336.9329909,-75.43177113,0.232511,,18.555799,17.6416
2054679184,350.9370458,-74.28391014,0.17568199,,18.568199,17.8391
2054683679,346.321262,-74.30606942,0.33782101,,18.7855,18.064501
2054683680,346.2823911,-74.30287717,-0.107562,,19.961901,19.1336
2054679083,351.3077541,-74.29586641,0.33728501,,18.413601,17.886499
2054683764,345.7409024,-74.26931551,-0.40546501,,19.837799,19.151501
2054648098,354.5720177,-75.85013491,0.291298,,19.167601,18.4205
2054648120,354.4385523,-75.8252909,0.567909,,19.0599,18.252001
2054679099,351.5585013,-74.30709135,0.193471,,18.574499,17.771299
2054649007,354.9912036,-75.60549634,0.152548,,18.839899,18.174
2054679117,351.456916,-74.27591894,0.13936,,19.774799,18.955099
2054679127,351.5891877,-74.24721198,-0.35879001,,20.133699,19.3524
2054679146,351.3495555,-74.25497116,0.35951799,,18.259701,17.556299
2025980754,335.6342353,-74.92864444,0.047981299,,18.506599,17.558701
2054619028,342.0746066,-75.62963619,0.13349199,,18.4659,17.725901
2054676198,349.4199897,-74.48942057,0.210024,,17.8706,17.134399
2054676222,349.4578407,-74.4518683,0.077721901,,18.3225,17.641001
2054676310,350.3648645,-74.48145513,-0.078368403,,18.172001,17.494499
2054676451,349.6265815,-74.40274178,0.14951301,,17.8978,17.140499
2054692564,358.1513751,-74.87728231,0.0587698,,18.486401,17.762501
2054683835,345.8534046,-74.18473236,-0.0046848101,,19.1094,18.4088
2054683849,345.8660428,-74.15078993,0.49618199,,18.902,18.077499
2054679167,351.3770806,-74.18839458,-0.47492599,,19.6499,18.847
2054660566,347.1656183,-75.62685989,0.27996001,,19.183701,18.369499
2054648988,355.2281689,-75.61513847,-0.114113,,19.7439,18.9872
2054648996,355.178136,-75.58851574,0.0123157,,19.0637,18.363001
2054683864,345.5949099,-74.13119968,0.092767403,,19.454201,18.685699
2054692744,358.4293401,-74.71304889,0.103297,,18.219999,17.497101
2054692834,358.1389457,-74.70214016,0.078406103,,18.5662,17.829599
2054693595,358.7122741,-74.71804153,0.14706799,,18.329901,17.492399
2054757298,341.5160095,-74.87417973,0.064373903,,18.979799,18.2435
2054684033,345.9256936,-74.1002199,0.066864997,,19.4345,18.749001
2054684035,345.8170449,-74.10903129,-0.117631,,19.510201,18.783199
2054757358,341.0433547,-75.06156478,0.30351499,,19.308201,18.5606
2054680036,351.1530217,-74.08158773,0.27056599,,18.553801,17.774799
2054679907,351.5176353,-74.17244343,-0.195778,,19.841801,19.138
2025978571,336.8026466,-75.3440878,0.00039788501,,18.598,17.680201
2025978601,336.638665,-75.30635998,-0.0233282,,18.689301,17.802099
2054684043,345.8544134,-74.07669313,0.37558001,,18.9436,18.2083
2054684067,345.745704,-74.07940636,-0.340294,,20.0777,19.238501
2054648305,354.7145444,-75.72181409,0.33266899,,19.110901,18.382401
2054648317,354.5850213,-75.69264718,0.102281,,19.4503,18.5959
2054648325,354.3773024,-75.71450209,0.150482,,19.4319,18.641701
2054649260,355.2957287,-75.45449382,0.257965,,18.4662,17.7481
2054663271,347.6366911,-75.55497978,-0.020483401,,18.915701,18.1476
2054693917,358.6000855,-74.48293331,-0.089899898,,18.5254,17.754999
2054696954,358.8763904,-74.36256956,0.083149701,,18.383301,17.5919
2054685222,345.2705109,-74.17047103,0.177839,,18.7964,18.1115
2054685236,345.2847241,-74.15987674,0.084638201,,19.068501,18.264999
2054685247,345.0976977,-74.16614824,0.154568,,19.2208,18.490801
2054648332,354.2654907,-75.70084646,0.071365297,,18.7971,18.068399
2054663321,347.8676032,-75.4533752,0.230757,,19.4767,18.680401
2054663346,347.7634671,-75.45797194,0.51842803,,19.3428,18.559999
2054757450,340.8569377,-74.98391796,0.157611,,19.072599,18.232201
2054757471,340.9061045,-74.9159876,0.36693001,,18.316601,17.5763
2025978680,336.027824,-75.48456667,-0.048806001,,18.954901,18.035
2054649337,355.4516122,-75.33628484,0.045963001,,19.4065,18.7134
2054663361,347.6087148,-75.39390456,0.183256,,19.2073,18.360399
2054663362,347.8223218,-75.42974148,0.135508,,18.833099,18.1686
2054663534,348.0499631,-75.36043829,0.36062601,,19.2456,18.5854
2054685278,345.074788,-74.09486307,0.060422499,,19.6366,18.834801
2054661411,349.191096,-75.7474865,0.30314901,,18.894699,18.055099
2054648372,354.5585829,-75.63737249,0.026577299,,19.391399,18.615101
2054648376,354.8142051,-75.61766864,-0.53505999,,20.493401,19.659599
2054648386,354.5358842,-75.65562745,-0.204906,,20.306101,19.454
2054697361,358.5343552,-74.04151797,0.25513601,,18.243299,17.4596
2025990752,328.6902505,-75.84919801,0.17125399,,18.5725,17.654301
2025991632,328.4202628,-75.599762,0.0844777,,18.5371,17.7187
2025991708,328.4974191,-75.47933202,0.073168904,,18.7325,17.864599
277892068,353.9262083,-74.04349664,0.213956,,17.616199,16.7722
2025994332,329.904076,-75.57463769,0.175028,,18.715799,17.804501
2025995298,329.5420871,-75.21292187,-0.273664,,18.7402,17.819599
2054661443,349.5242479,-75.7308444,0.076696299,,19.062401,18.465
2054661447,349.5375998,-75.71492256,0.225263,,19.1287,18.3664
2025978829,335.5956839,-75.4157174,-0.17198101,,18.763201,17.974701
2054661518,349.0096257,-75.73931992,0.207891,,19.025299,18.3722
2054661570,349.0248632,-75.65640415,0.018524701,,18.66,17.9877
2054648387,354.5248393,-75.64865333,0.244464,,18.521999,17.6991
2054648390,354.4983018,-75.63622763,0.47693199,,18.806299,18.068701
2054648391,354.4330075,-75.64086992,-0.0298591,,19.132999,18.5417
2054648412,354.4625248,-75.58961959,-0.141691,,20.064199,19.2304
2054663562,347.7002703,-75.32637875,0.185073,,18.738199,17.999399
2054757662,341.1065243,-74.89581609,-0.37614799,,19.3416,18.6898
2054757692,341.0390167,-74.81201576,0.205469,,18.834101,18.1304
2054757693,341.0441079,-74.79383186,0.0057025901,,20.002701,19.2061
2054663572,347.7509985,-75.28426258,0.255261,,18.7967,17.9785
2054663598,348.1721626,-75.26738443,0.0501936,,18.9907,18.384899
2054663600,348.2115256,-75.24082999,0.22009499,,19.326,18.5044
2054661655,349.6176175,-75.64735622,0.17080399,,19.0949,18.2715
2025980652,335.3174565,-75.09559273,0.0054137702,,18.7432,17.8139
2025979081,336.2799701,-75.13855347,0.32589099,,18.1215,17.216
2054680011,351.311585,-74.00607701,0.021364599,,19.5315,18.8363
2054680012,351.2664065,-74.00144178,0.33953899,,19.558901,18.7722
2054680089,351.1367705,-74.02679544,-0.103755,,19.473,18.7684
2025979206,336.0652236,-75.0758449,0.235926,,18.1026,17.218399
2054638183,350.8778151,-75.76796714,-0.00471594,,18.7393,18.041201
2054757745,341.1772812,-74.78472084,0.193497,,19.719299,18.894899
2054619140,342.6955793,-75.56445541,-0.179141,,18.9751,18.213499
2054619162,342.6845374,-75.50911527,0.114028,,18.6108,17.8092
2054619185,342.3980387,-75.50813971,0.0039939699,,18.6775,17.9293
2025981675,336.706314,-75.14956342,0.016236899,,18.7339,17.813101
2054757746,341.2365486,-74.77731392,-0.29132399,,19.5749,18.840099
2054757777,341.2007102,-74.74434572,0.243569,,18.1698,17.6087
2054661709,349.1710339,-75.57433127,0.36230701,,19.097401,18.424
2054676462,349.6013141,-74.35963677,0.088836201,,18.3395,17.6369
2054676924,349.079055,-74.61524736,0.14866801,,18.613199,17.7717
2054661720,349.6243574,-75.5822726,0.112079,,19.716299,18.968599
2054661740,349.4064185,-75.54414493,-0.62757498,,19.6985,18.9734
2054692565,358.1469475,-74.87555763,-0.027215499,,18.686199,17.8641
2054660816,350.4664813,-75.97207438,-1.00365,,20.1373,19.400299
2054661751,349.2390877,-75.50252656,0.23089901,,18.2623,17.557199
2054661753,349.2631469,-75.48871846,0.0167371,,18.9725,18.243999
2054661758,349.3506904,-75.5003586,0.31381199,,19.384399,18.563
2025989151,329.9848117,-75.74649718,0.242286,,18.7976,18.0075
2025992490,330.8301029,-75.75242625,-0.060990799,,18.958599,18.0774
2054661783,349.1157322,-75.60253306,0.264319,,19.846701,18.979099
2054661799,349.1277281,-75.54496046,0.119686,,19.421301,18.7213
2054650123,352.7530288,-75.63286886,-0.25162199,,19.2076,18.4447
2054650130,352.5756557,-75.61513786,0.126361,,19.9916,19.144899
261560628,349.126881,-74.3604379,0.37141699,,17.740601,17.0784
2054757870,340.8816368,-74.69858171,0.28457099,,19.6849,18.840401
2054758090,341.92425,-74.78054515,0.402603,,19.921101,19.092199
2025982134,336.4669664,-75.06783077,0.129411,,18.205099,17.384199
2025982168,336.3467018,-75.0119253,-0.0123827,,18.4202,17.6756
2025996082,330.5320385,-74.97514296,0.374634,,19.4109,18.5634
2026009993,331.0000817,-74.76989251,-0.084972098,,19.2736,18.367201
2025979278,334.7001248,-75.63691186,-0.384507,,19.295601,18.502199
2025979321,334.80118,-75.59095028,0.35890201,,19.4207,18.5466
2025979356,334.7795346,-75.51737484,0.036456201,,19.407801,18.6087
2054661803,349.1001779,-75.52972599,0.0089129303,,19.3209,18.487
2054661884,349.0912743,-75.4334345,0.23695301,,19.356501,18.561501
2025979580,334.8003414,-75.41355271,-0.35441601,,18.8899,18.073601
2025979664,334.4260168,-75.37404471,0.28101999,,19.3766,18.4149
2025979679,334.3186373,-75.37581031,0.27264801,,19.2474,18.2871
2054650134,352.7562616,-75.59096912,0.205313,,18.9144,18.045
2054762441,341.1318055,-74.22611233,0.217686,,19.4046,18.554001
2054660838,350.237327,-75.97787493,-0.35375899,,19.570499,18.876301
2054660840,350.1293052,-75.99263749,0.33428201,,18.3046,17.489901
2054660844,350.1053602,-75.95247684,0.086161502,,19.802099,18.9447
2054660862,350.0739172,-75.9121267,0.0393884,,19.0357,18.236799
2054660883,350.5038412,-75.89883552,-0.047658999,,19.1415,18.42
2054660887,350.4631248,-75.90757902,-0.226953,,19.2351,18.3783
2054660900,350.2043587,-75.90786006,0.163077,,18.566601,17.8766
2054758108,341.6218686,-74.76464534,0.034811001,,19.948601,19.1061
2054650184,352.816424,-75.55566304,0.367048,,18.940001,18.164499
2025980610,334.6665327,-75.04331489,0.29892099,,19.2673,18.351601
2025981133,334.088912,-74.92948854,0.394521,,19.254,18.3438
2025971859,339.1990185,-75.7987859,0.44753599,,19.4186,18.5868
261562544,349.4590138,-75.32370076,0.99555802,,13.2857,12.5748
261562589,349.4816889,-75.47686995,1.05301,,13.5827,12.8409
2054662143,349.9116653,-75.46344575,-0.417005,,19.4014,18.613001
2054662197,349.9051974,-75.4499395,-0.077371798,,19.047199,18.351299
2054650202,352.8534054,-75.51036998,-0.034703702,,19.7705,18.9498
2054650213,352.7096159,-75.44901005,0.135819,,19.1915,18.3617
2054667323,344.5780219,-75.17500969,0.0613092,,18.979799,18.1658
2054667327,344.672771,-75.16517381,-0.186527,,18.808399,18.067699
2054667362,344.9665354,-75.13147576,0.144613,,18.7316,17.946899
261562621,349.4003682,-75.59789725,1.9352,,12.4766,11.7376
261562633,349.3455768,-75.63824775,2.4201601,,11.8021,11.0739
261562718,349.3453422,-75.9620568,0.81753999,,13.4806,12.738
2054667371,344.9850858,-75.09982428,0.137105,,18.897301,18.0541
2054667375,344.8691169,-75.10903607,0.36624199,,18.778,18.0144
2025974245,339.969222,-75.72805372,-0.086213298,,19.3305,18.560699
2025974754,339.0200671,-75.46297918,0.28650901,,19.1752,18.3771
2026110114,338.0700895,-74.00619235,0.031623598,,18.988899,18.2332
2054678798,351.075844,-74.45463452,-0.28869599,,18.847,18.132401
2054662242,350.789796,-75.47284125,0.15790901,,19.874001,19.0721
2054662451,349.9997065,-75.31034474,-0.090147696,,19.6387,18.8561
2054650226,352.3342963,-75.56344326,0.0641625,,18.934,18.1458
2054650233,352.4626919,-75.54542286,-1.37666,,20.505699,19.674
2054758127,341.7689229,-74.71933003,-0.19057,,19.441299,18.632401
2054758128,341.6854434,-74.70111205,0.32925299,,18.580299,17.7456
2054758133,342.0560929,-74.77234723,0.14373399,,19.3307,18.630899
2054650282,352.481271,-75.48155017,-0.087398604,,18.9223,18.4394
2054678789,351.0654302,-74.4786318,0.149628,,19.2043,18.431
2054679065,351.232974,-74.33784709,0.0276992,,19.4188,18.683599
2054679919,351.5231157,-74.12966089,0.46618301,,19.2619,18.514299
2025995661,330.5902233,-75.18388148,-0.0140897,,19.0763,18.1994
2054650308,352.3989647,-75.39916164,0.236305,,19.295401,18.447701
2054650312,352.271982,-75.45406776,0.096044503,,18.494301,17.771
2054758163,342.1484032,-74.70296305,-0.15731201,,19.607599,18.846001
2054758203,341.9290687,-74.65962913,-0.112224,,19.1702,18.3475
2054662586,349.3882761,-75.42977999,0.152557,,19.3241,18.491301
2026010825,330.9611709,-74.40582489,-0.046794798,,18.9524,18.238899
2026010862,330.8061477,-74.43814747,0.168999,,18.955999,18.107401
2026018638,330.6966343,-74.01577919,0.452456,,18.7829,17.9326
2025979639,334.9172499,-75.32868933,0.19863801,,18.937201,18.0427
2054660908,350.1105329,-75.89610854,0.104704,,18.8153,18.140301
2054660937,349.9552315,-75.92118586,-0.197219,,19.0816,18.3188
2054667422,344.7482519,-74.99621348,0.058195401,,19.127199,18.3064
2054650349,352.9791508,-75.44783426,-0.149845,,20.212999,19.4118
2054650389,352.7175296,-75.39816963,0.0222723,,19.196199,18.456301
2054662600,349.429547,-75.38689576,0.100401,,18.733801,17.973301
2025979721,334.5679656,-75.31184743,0.40412,,19.201,18.361601
2025980968,334.3440274,-75.01037291,0.311095,,19.181801,18.441
2025981038,334.2991817,-74.95147381,0.074239202,,18.7645,17.9165
2025981041,334.4515257,-74.95698362,0.27409101,,19.237499,18.3438
2025971635,339.9378753,-75.98870655,0.378589,,18.972799,18.085699
2025973419,339.0431165,-75.7400674,0.094389401,,19.0707,18.25
2054758222,341.8014208,-74.63119143,0.057357699,,19.5753,18.8654
2054662646,349.757446,-75.32594205,0.223565,,18.355101,17.608999
2054662663,349.4828241,-75.35807967,0.0198738,,18.8762,18.396999
2054667774,343.9060717,-75.43382596,0.0152978,,19.0912,18.331499
2054667846,343.9591063,-75.34750617,-0.113737,,19.184601,18.471201
2054668635,344.0421216,-75.25964726,0.26370001,,18.908899,18.138599
2054650413,353.1850251,-75.38587955,0.123717,,19.6852,18.862499
2054650414,353.187718,-75.38224951,0.14843599,,19.2635,18.506701
2054678768,350.9873721,-74.51286802,-0.25302199,,19.146601,18.5448
2025993297,331.8602398,-75.44654088,0.24915799,,18.6551,17.758801
2025994843,330.274268,-75.27852044,0.36185801,,18.353901,17.4687
2054758436,341.9866019,-74.54344353,0.076756403,,19.531401,18.796301
2054662670,349.4953583,-75.340052,0.033911701,,20.046,19.2537
2054654175,354.2845137,-74.40865888,0.12676699,,18.953699,18.189699
2054654193,354.2604906,-74.33904657,-0.553132,,19.3328,18.5422
2054654265,354.0390446,-74.36828119,0.22716101,,18.9011,18.174801
2054654277,354.1893282,-74.34722117,-0.0096786702,,18.405899,17.969101
2054661138,350.4739301,-75.73070592,-0.090410903,,19.421101,18.7106
2054661143,350.718773,-75.71979732,0.49545801,,18.299601,17.5198
2054661148,350.5868909,-75.69111946,-0.42397001,,19.990601,19.178301
2025982317,336.0715463,-74.90200417,0.063949198,,18.3517,17.4986
2025982337,336.3028079,-74.90677238,0.26732799,,17.8629,17.0632
2054758524,341.4545301,-74.72875556,0.117793,,19.1639,18.396999
2054758528,341.4383454,-74.7062083,0.61222398,,18.7759,18.037901
2054758534,341.5141893,-74.69209346,-0.0041972599,,18.6,17.967501
2026017313,330.1992248,-74.38580319,0.27146399,,18.7145,17.822701
2025969421,334.2509474,-75.7524368,0.189275,,18.5158,17.7234
2025979269,334.5376218,-75.6356862,0.97412199,,18.9342,17.976299
2025979508,334.0586552,-75.43116236,0.34570399,,18.485901,17.8857
2054661163,350.3126633,-75.69433301,0.365466,,18.2878,17.436701
2054661188,350.0423906,-75.77638369,-0.135525,,19.527901,18.7638
2025980945,334.228025,-75.07855747,0.1117,,18.8116,17.9156
2025980964,334.3521636,-75.01853524,0.0177959,,18.9107,18.064699
2025974268,339.9517692,-75.66856964,0.025787201,,19.1094,18.3242
2054758548,341.3255088,-74.67811301,-0.45284301,,19.532,18.754801
2054758551,341.1806049,-74.68130801,0.110003,,18.7342,17.9879
2054650416,353.02247,-75.39240718,0.063496597,,18.4517,17.765301
2054650463,352.7252724,-75.31160484,0.25211301,,18.690201,18.0007
2025974513,339.6410014,-75.47699322,0.18122099,,18.6677,17.7901
2026110046,337.8374969,-74.069665,0.37561399,,18.6,17.8613
2026110455,338.6073551,-74.05897766,0.18416999,,18.5793,17.889601
2054668676,344.2318479,-75.20773321,0.23451,,18.792601,18.092699
2054701404,354.2203971,-74.24076911,0.35515001,,19.2701,18.4855
2054700889,354.9539096,-74.41564067,0.212046,,18.8818,18.110001
2054700892,354.9313171,-74.36951093,-0.17437799,,19.746401,19.053499
2054678808,351.4615441,-74.478443,0.221807,,18.708,17.9277
2054679049,351.5300126,-74.34949392,0.69443399,,18.474501,17.6726
2054679076,351.3149391,-74.31009587,0.29422799,,18.789101,18.0063
2054679156,351.1726385,-74.21520136,0.177082,,18.9827,18.361099
2025992166,331.698264,-75.72879291,0.23153199,,18.9751,18.0888
2025992216,331.9719841,-75.71880665,0.25936499,,19.0105,18.116501
261562347,349.5286684,-74.71529573,0.30417499,,16.8752,16.0425
261562428,349.3539906,-74.99147486,0.31491899,,16.4375,15.6286
261562495,349.5118918,-75.17432342,0.387099,,17.100401,16.254
2054700952,355.0012352,-74.30206941,0.246336,,19.042101,18.396099
2054650492,352.4505574,-75.38477098,-0.30642,,19.357201,18.493299
2054650497,352.6375941,-75.35796431,-0.224022,,19.2458,18.5515
2054701225,354.9488731,-74.07627485,0.165335,,19.1607,18.335899
2054701229,354.918363,-74.06765253,0.129585,,19.3146,18.597601
2054701233,354.6539331,-74.39958585,0.043562301,,18.8808,18.1541
2054701236,354.6852525,-74.3999682,0.062908798,,19.693001,18.8839
2054758597,341.5831951,-74.64015363,0.0522983,,19.816601,19.025101
2054758598,341.546299,-74.63741149,0.16151799,,19.2913,18.471201
261562345,349.3471843,-74.71141449,0.43853199,,16.378099,15.5944
261562361,349.635419,-74.75128612,0.41943401,,15.7015,14.9957
2025995846,330.5794175,-75.08031548,0.240678,,19.127899,18.313499
2025979290,334.5426402,-75.60723138,0.153166,,18.914801,17.999001
2025979324,334.8194672,-75.58650861,0.238484,,19.100401,18.160299
2054668705,344.0659182,-75.16930238,0.38348001,,17.8269,17.2684
2054668737,343.9925521,-75.07262979,0.191174,,19.071699,18.3193
2025980124,334.200472,-75.17656396,0.170206,,19.056,18.185499
2025980527,334.5459471,-75.17502384,0.114933,,19.1106,18.2146
2054701259,354.6834996,-74.33496111,0.43123999,,18.2862,17.4447
2054701264,354.6197888,-74.3134509,-0.139374,,19.8064,18.990801
2054650543,352.3222241,-75.28689292,0.328684,,18.5931,17.8766
2054650547,352.1854808,-75.29220815,-0.056547198,,19.1029,18.420601
421936805,342.988141,-75.01232483,0.36519301,,17.362,16.8237
2054661288,350.1770685,-75.62530115,0.32043999,,18.5306,17.7356
2054662115,349.905339,-75.53703067,-0.31690601,,19.651899,18.804399
2054662118,349.9012187,-75.5144211,-0.044676099,,18.972099,18.1465
2054661936,350.6250881,-75.63775259,0.300239,,19.164499,18.375299
2054661945,350.7693727,-75.61543044,0.29432699,,19.1028,18.2995
2054661948,350.6648071,-75.62353839,0.375137,,19.178301,18.445601
2054669044,343.9199132,-75.0186216,0.030657999,,18.8258,18.0152
2054668911,344.3259604,-75.1169307,0.0087923203,,19.8458,18.9977
2054650557,352.6465175,-75.29661482,-0.000118682,,19.147301,18.381701
2054650564,352.5564421,-75.30112272,0.093186103,,19.2987,18.5401
2054650608,352.2403397,-75.18827436,0.38953099,,19.6089,18.7633
2054758620,341.6260409,-74.5696237,0.26859701,,20.165899,19.323999
2054758625,341.4596049,-74.64522683,-0.29070801,,19.7127,19.0457
2054650923,351.8858057,-75.29030138,0.117108,,19.234699,18.4561
2054668924,344.4751468,-75.05846487,0.055496,,18.963301,18.151501
2054758641,341.3476978,-74.59696142,-0.73944402,,20.1031,19.2649
2054758646,341.3045248,-74.57184378,0.32429901,,18.941799,18.106701
2054672269,344.1318243,-74.65170974,0.25016701,,18.443501,17.642799
2025980987,334.6396315,-75.02160515,0.25089699,,19.220301,18.3349
2025971685,339.884015,-75.91292572,0.44000599,,19.072701,18.2201
2025974316,339.6465583,-75.68064102,0.267023,,19.069401,18.3169
2025974340,339.5442377,-75.68663184,0.050948299,,19.176399,18.301901
2054638051,351.4474488,-75.87519643,0.179129,,18.466999,17.5947
2054662002,350.7367363,-75.55880776,-0.078879498,,19.4163,18.6903
2054701319,354.5088395,-74.28277521,0.100778,,18.701599,18.098499
421920854,342.6119141,-74.02872479,0.320611,,18.1738,17.415899
2025974416,339.6313037,-75.61267775,0.085112199,,18.808599,17.990999
2025974479,339.6549074,-75.54177658,0.39792499,,19.0306,18.288099
2025974511,339.6403245,-75.48371285,0.28259701,,18.784599,17.941099
2025974645,339.1818083,-75.61788394,0.28247699,,18.9862,18.164301
421920923,342.7465284,-74.22826125,0.49158901,,18.0669,17.231701
2054662069,350.3834208,-75.45747071,-0.028417701,,19.3995,18.6311
2025974656,339.143172,-75.58077879,0.027441001,,18.7871,17.9918
2054678754,351.2602692,-74.48994047,0.065101303,,19.110001,18.333799
421936925,342.5552554,-75.3377151,0.30283001,,18.047701,17.2889
421936933,342.7159943,-75.36107813,0.61739397,,18.1731,17.3351
261562557,349.3657732,-75.3777003,0.432643,,15.6957,15.088
261562576,349.6483556,-75.43988035,0.65698898,,15.5555,14.8375
261562622,349.640177,-75.59787404,0.61504,,16.006399,15.1487
261562637,349.4459691,-75.65669348,0.499192,,16.0151,15.1663
261562656,349.5386395,-75.72256238,0.49398899,,15.9111,15.1255
2054758663,341.3738698,-74.53779283,-0.28564,,20.1304,19.3727
2054668942,344.1696292,-75.04745271,0.208902,,19.506201,18.731199
2054668944,344.0974662,-75.07565807,0.20274501,,18.702499,17.8759
2054668955,344.2738495,-75.01675136,0.295508,,18.519199,17.851601
2054662100,350.067925,-75.52096076,0.15786999,,18.7404,18.003901
2054758700,341.1028363,-74.61488963,0.26494399,,19.703199,18.9499
2054758712,341.1097576,-74.60014115,-0.90002102,,20.3155,19.489
2054758714,341.0274802,-74.56941615,0.228083,,19.4884,18.6789
2054651000,352.0831517,-75.17626371,0.297815,,19.308399,18.540501
2054701335,354.6506595,-74.23311829,0.215822,,18.639,17.913099
2054651327,353.0224792,-75.11384428,-0.054411199,,18.761999,18.032801
2054651354,352.6418734,-75.16151367,-0.358383,,19.9147,19.2892
2054758770,341.3098069,-74.52922761,0.270742,,18.917,18.0807
2054758772,341.2359856,-74.52610307,0.114761,,18.7703,18.0348
2054651363,352.5020715,-75.15467797,-0.39180401,,19.8022,19.136801
2054651376,352.3767369,-75.13935649,0.263129,,18.829,18.029301
2054701362,354.439325,-74.20788016,0.018743999,,19.7047,18.8946
2054662172,350.0979787,-75.43412952,0.246425,,19.4676,18.670099
2054662174,350.2687407,-75.4182968,-0.200654,,19.700001,18.937599
2025983494,336.8233777,-74.64738917,-0.024606099,,18.401199,17.7243
2025983527,336.8343376,-74.57507812,0.135004,,17.7388,17.067801
2054662186,350.0462765,-75.47122408,0.106724,,18.850401,18.0396
2025983538,336.6236016,-74.61521106,0.056434099,,18.194099,17.4081
2054758775,341.2608044,-74.51164982,0.215073,,18.7644,17.9216
2054758782,341.2369403,-74.50126646,0.34341899,,19.2062,18.439699
2054758812,340.9936004,-74.44412173,0.12778901,,18.972,18.2955
2054758815,341.7559697,-74.58729848,0.31820601,,19.2946,18.544701
261562671,349.4685819,-75.77137393,0.438526,,16.028099,15.2129
261562692,349.3031443,-75.8517064,0.55799901,,15.7411,14.9073
261562352,349.4820009,-74.73163332,0.66342002,,15.243,14.4338
261562371,349.4654097,-74.80725128,0.73709798,,14.497,13.6892
2054651453,352.5300895,-75.06111754,0.075502798,,18.8071,18.164101
277891766,354.0119087,-74.97668667,0.433505,,17.687599,17.0529
2054662249,350.7687848,-75.45771351,0.20822001,,19.288099,18.453501
2054662329,350.8282286,-75.3890797,0.300697,,19.3078,18.512699
2054651473,353.1876544,-75.08587179,0.152474,,18.7726,17.979401
2054662337,350.9549098,-75.37251978,0.130417,,19.052401,18.2526
2054662340,350.9734435,-75.36115058,0.201041,,18.8857,18.085501
2054662373,350.5769125,-75.29493964,0.12978899,,19.6835,18.938601
2054758825,341.7366372,-74.5407408,-0.101202,,19.807199,18.9762
2054651511,353.0597493,-75.03744036,-0.71205699,,20.318501,19.4877
2054651576,352.916467,-74.9626642,-0.33004501,,19.7605,19.0231
2054651611,352.8217876,-74.99258939,-0.27753901,,19.5221,18.718599
2054651612,352.7264912,-74.97773294,0.037077501,,19.558599,18.834801
2054668992,344.5017078,-74.98115136,0.226979,,18.5236,17.7052
2054669001,344.4944591,-74.95469901,-1.15052,,20.527599,19.702499
2054669005,344.2843921,-75.00842781,-0.092838697,,19.153,18.327499
2054758832,341.6725197,-74.53545733,0.084444202,,19.3055,18.5926
2054758833,341.6823989,-74.53299847,0.246306,,19.2586,18.443199
2054758849,341.7634622,-74.49541001,0.335704,,19.0263,18.261999
2025983588,337.0359614,-74.54692973,0.020586999,,18.492001,17.6807
2054758861,341.5626087,-74.49914762,0.122676,,18.683901,17.891701
2054758862,341.471585,-74.52365532,-0.228259,,19.815201,18.974199
2054758865,341.4154177,-74.50286179,0.40027401,,18.2048,17.35
2054662382,350.5302635,-75.27850858,-0.15008,,19.860701,19.0196
2054662396,350.1573208,-75.38727332,-0.28276601,,19.3564,18.6348
261562393,349.6482896,-74.8756574,0.86889601,,14.518,13.6757
261562459,349.5068036,-75.07708493,0.771034,,13.6723,12.9856
261562531,349.5747435,-75.28326932,0.83733398,,15.5502,14.6948
261562710,349.5587657,-75.93204634,0.75004703,,14.7694,13.9081
2054679974,351.6869735,-74.05838313,0.144375,,19.0466,18.2997
2054651624,352.6228114,-74.94794047,-0.20022701,,19.3799,18.652
2054651630,352.5436953,-74.98793351,0.39093399,,19.080601,18.280399
2054669063,344.0680544,-74.97538658,-0.65966201,,19.893,19.0968
2054669082,343.599002,-74.98272473,-0.17422099,,18.8722,18.3666
261562268,349.6123567,-74.51621277,9.7465,,8.1147804,7.44979
421920965,342.7931306,-74.33527121,1.29737,,12.9578,12.2421
421920977,342.9006592,-74.36683128,1.26199,,13.3131,12.6484
421920988,342.6223577,-74.39372483,1.5739599,,13.0494,12.312
2054651643,352.5764467,-74.9498793,0.25834501,,19.2313,18.558599
2025983851,336.8012947,-74.42112636,0.15909301,,17.979,17.2451
2054758942,341.5973115,-74.39361178,0.131694,,19.7188,18.879601
261562466,349.3452763,-75.09331857,0.72693402,,14.9746,14.1641
277910102,354.3954248,-74.23255307,1.28324,,,
261562136,349.4401652,-74.04542197,1.88018,,11.0559,10.4351
261562178,349.5161114,-74.16249729,2.43922,,10.5635,10.0709
421920869,342.6238979,-74.07800415,3.1273501,,11.9954,11.2631
421921060,342.8237906,-74.61351291,1.9896801,,12.042,11.2781
2054758967,341.2518726,-74.46760773,-0.42375201,,19.949301,19.1535
2054662405,350.3194487,-75.35727068,-0.46928701,,19.3389,18.6145
2054662407,350.3323763,-75.34024617,0.15735599,,18.6791,17.9125
277910121,354.1067894,-74.28198298,3.7946,,10.1037,9.3111095
277910037,354.1406553,-74.04737913,2.33898,,12.2011,11.5054
277910181,354.2144691,-74.46138434,1.12748,,11.9823,11.6474
261562175,349.391604,-74.16079402,1.13457,,13.5858,12.823
261562194,349.3178057,-74.21076714,1.8324,,13.6067,12.8422
261562274,349.4152287,-74.53071439,2.2060201,,12.3976,11.7189
2054669120,344.1435939,-74.87487256,-0.34299099,,20.024599,19.178801
2054669133,343.7589629,-74.89697672,0.19520301,,19.878401,19.073601
277874151,353.0453764,-75.79566612,2.02789,,13.32,12.4937
277874450,353.0273379,-74.64921449,1.09505,,13.6246,12.8821
2054670457,344.9692755,-74.95179623,0.52395803,,19.564501,18.7348
2054670469,344.712604,-74.97140537,0.11862,,18.76,18.0951
2054758980,341.3490666,-74.43911201,0.00030655999,,19.9028,19.130501
2054662516,350.1847174,-75.22456434,-0.053635001,,18.9907,18.179399
261562615,349.6171783,-75.57950204,0.86869001,,14.7923,13.9532
261562627,349.6589988,-75.61430331,1.10795,,15.0765,14.2231
2054662476,350.2788984,-75.27682123,-0.32578301,,19.739599,19.0457
261562277,349.6765877,-74.53914228,1.19249,,13.0655,12.3187
261562328,349.3157752,-74.67533156,0.32834399,,16.3393,15.5551
261562515,349.4333465,-75.22773712,0.48541799,,15.7636,14.9385
2054758995,341.2408024,-74.39658302,-0.167096,,19.5061,18.6616
2054758996,341.0858791,-74.43722183,-0.177532,,20.2124,19.367901
2054759005,341.0107941,-74.43419296,0.42042899,,18.5853,17.857401
2054759026,341.0919657,-74.36898676,0.36628899,,18.646,17.8298
261562645,349.513832,-75.68120057,0.44480401,,16.138599,15.3273
2054651648,352.423081,-74.93926503,-0.217473,,18.936199,18.1868
2054651679,352.8443891,-74.88237687,0.228155,,18.8549,18.018
2054651681,352.8835106,-74.88362437,0.244874,,19.542101,18.711201
2054648436,354.0166754,-75.84891921,0.32971001,,18.977301,18.119699
2054648515,354.1350739,-75.7298312,0.065460101,,18.9837,18.207701
2054648526,353.9986189,-75.68339136,0.31382701,,18.3965,17.550501
2054674831,349.9604201,-75.12226879,-0.44662601,,19.9189,19.202
2054674291,350.7065467,-75.24533809,0.073472798,,19.6709,18.875
2054697404,358.2742556,-74.1046524,0.111008,,18.3276,17.5951
261562332,349.6121099,-74.67850352,0.29177201,,17.190901,16.3806
261562373,349.5911269,-74.81788102,0.41468599,,17.1971,16.524799
2054674300,350.578565,-75.23349199,0.407033,,19.382,18.5411
261562407,349.4247148,-74.92546536,0.43324301,,16.400499,15.6065
261562464,349.6179019,-75.08842009,0.29403499,,16.8848,16.171301
261562483,349.6575957,-75.15072905,0.27439901,,17.1007,16.307899
261562549,349.4568111,-75.33318421,0.361947,,16.6493,15.8785
261562594,349.5431855,-75.49473209,0.43291801,,17.608801,16.813801
261562716,349.4126068,-75.94128742,0.30620399,,16.731001,15.9184
261562382,349.3838066,-74.85010293,0.290032,,17.462999,16.6621
261562620,349.3069928,-75.5975356,0.272475,,17.2318,16.3948
261562708,349.3550356,-75.92697532,0.14961299,,17.6199,16.814199
2054651728,352.1106049,-75.1330141,0.187907,,19.406601,18.734501
2054651754,352.0249173,-75.06155315,0.217665,,19.188499,18.413401
2054651756,352.050104,-75.07282465,0.46054301,,18.9617,18.149
2054651757,352.026519,-75.05590387,-0.237515,,20.074301,19.2735
2054759051,341.362125,-74.34422349,-0.70211899,,20.062,19.225599
2054759052,341.3886252,-74.356113,-0.27542701,,19.033199,18.2784
2054759063,341.4678449,-74.32968325,0.068014301,,19.0137,18.216801
2054759065,341.4895703,-74.31488009,-0.17161401,,19.644501,18.948099
2054651825,352.1186697,-74.98182506,0.25036901,,19.5909,18.771601
2054651833,352.0755565,-74.96072576,0.148416,,19.312099,18.606001
2054651834,352.0721729,-74.95536816,0.14963301,,18.8372,18.0096
2054651839,352.0993945,-74.93775863,-0.090302803,,19.287701,18.4662
2054652035,352.1239015,-74.92814801,-0.277143,,19.767599,18.9732
2054652042,352.2801065,-74.89737849,-0.110258,,19.2122,18.4097
2025984373,336.200172,-74.65378021,0.3256,,18.2938,17.448
2054652131,352.0277825,-74.78215677,-0.209886,,20.0385,19.2229
2054652142,351.9587679,-74.75101637,-0.57503998,,19.753099,18.924299
2054654396,353.082813,-74.83778213,0.148926,,18.3092,17.6586
2054654397,353.1409253,-74.8429776,0.117097,,19.402599,18.594101
2054674414,350.4249983,-75.21469365,0.220467,,19.668301,18.8696
2054674415,350.4706717,-75.21499227,0.045173399,,19.1532,18.429701
2054648735,353.7359825,-75.57274122,0.235689,,18.858801,18.145
2054674453,350.0682992,-75.16322131,0.40969101,,18.2938,17.4489
2054654494,352.5556774,-74.78627112,0.175082,,19.038799,18.2409
277910022,354.2897743,-74.01109521,1.66803,,13.7389,12.9535
277910041,354.10644,-74.06816999,0.27329701,,16.552601,15.7422
277874547,353.1585325,-74.26122432,0.225632,,16.438,15.6257
277874625,352.9571738,-74.00503019,0.173014,,16.0762,15.3061
2054654524,352.9536049,-74.78110766,-0.087766103,,18.923201,18.127001
2054654532,352.9575943,-74.74969952,0.225024,,19.0303,18.2202
2054654536,352.8225568,-74.7168353,0.153754,,19.373501,18.591
2054654556,352.5388333,-74.71034207,-0.21047799,,19.0802,18.360901
277891607,353.7800172,-75.49000543,0.529993,,16.1469,15.3172
277891937,353.9578379,-74.45343862,0.50447702,,15.5126,14.6662
277891952,353.7625371,-74.41622492,0.49369201,,16.1096,15.3017
2054654559,352.5064811,-74.67102496,-0.123123,,19.600401,18.763
2054674468,350.0901789,-75.10486548,-0.00142273,,19.3318,18.687201
2054654770,353.0433361,-74.57928903,-1.40188,,20.279499,19.524099
277910177,354.1263614,-74.45210615,0.414336,,16.3661,15.5963
277910182,354.1740545,-74.46459271,0.56332397,,13.6581,13.3477
2054654771,353.0296676,-74.56722699,-0.230643,,19.7652,18.99
2054654803,352.6975844,-74.50750008,0.183011,,18.382799,17.6803
2054654815,352.8160357,-74.47837196,0.105438,,19.104099,18.3923
2054648739,353.7452258,-75.5332974,0.0359159,,19.2316,18.3871
2054648760,354.2146391,-75.55105425,0.22271299,,18.625299,17.826
2054654834,352.1966575,-74.70191399,-0.20638099,,19.872499,19.087
2054654837,352.3511973,-74.71169297,0.333722,,19.242201,18.4694
2054654844,352.3293657,-74.67554301,0.304701,,19.176001,18.3585
2054654893,352.2418369,-74.64530269,0.308687,,17.941099,17.2423
2054654899,352.4360334,-74.62563233,-0.021820201,,18.5135,18.018499
2054654908,352.3309127,-74.62132689,0.13111299,,18.613001,17.912701
2025984431,336.0197653,-74.55179552,0.091958001,,18.3069,17.5907
2054674491,350.427501,-75.06206759,0.385041,,18.475901,17.706699
2054654909,352.3338283,-74.62169968,0.032581799,,19.517401,18.799601
2054648961,355.2762807,-75.66124089,-0.18205599,,19.014099,18.3881
2054648963,355.2705474,-75.64185638,0.017070699,,19.319201,18.471399
2054649549,354.019536,-75.42685616,0.150648,,19.3479,18.500299
2054649027,355.037662,-75.56959986,0.028742,,19.311399,18.4606
2054649043,355.3076539,-75.59408446,0.37594599,,18.3286,17.580799
273514600,348.0713778,-74.11435195,1.39884,,13.9439,13.1448
2054655127,352.409192,-74.49392817,0.076646097,,19.4387,18.782
2054655136,352.1730102,-74.52423385,0.130716,,19.0725,18.397699
2054655162,352.1340292,-74.46454603,0.163754,,18.7314,18.030701
2054759824,340.8678299,-74.19552243,0.0720395,,17.9702,17.2616
2054674499,350.4370146,-75.04119592,-0.46672401,,19.8277,19.125601
2054674504,350.2869675,-75.08513761,0.13373999,,19.187599,18.4608
277910072,354.204577,-74.13002376,0.97911203,,14.4969,13.793
277910124,354.0173495,-74.28570894,1.61808,,13.8527,13.0535
277910128,354.118888,-74.29366856,0.66417402,,14.534,13.7502
2054759751,340.7072063,-74.25753358,0.024085,,19.750299,19.0172
2054759752,340.7243446,-74.25364449,0.25606701,,19.456699,18.7041
2054759757,341.0597993,-74.30822159,0.117281,,18.726,18.0403
277939553,355.2913566,-75.81097319,1.2401,,13.6872,12.9573
293527014,352.3228089,-74.18938974,0.39231601,,16.0828,15.4031
277940039,355.3144971,-74.18103828,0.28166401,,17.1826,16.5021
2054655201,352.4456705,-74.39340684,-0.1919,,19.7139,19.022699
2054655209,352.2125674,-74.42754203,0.26376,,17.9228,17.2735
2054655221,352.3091721,-74.37698939,0.123377,,19.124901,18.337099
2054655257,351.8829671,-74.43487148,0.26623899,,19.089399,18.397499
2054655260,351.8428995,-74.40563267,0.43135601,,18.084801,17.3981
2054759784,340.9760675,-74.24078603,-0.470229,,20.049101,19.253401
2054760646,341.8574283,-74.37061674,-0.28191501,,19.6591,18.894199
273514796,347.7504031,-74.56958351,0.25856099,,15.9572,15.4714
273515083,347.7743254,-75.25443045,0.35360599,,16.556999,15.7776
273515190,347.7702529,-75.58114262,0.22348499,,16.0767,15.5168
277939578,355.5633893,-75.73849581,0.25880501,,16.1994,15.644
2054760680,341.7195712,-74.30065849,0.105201,,19.594299,18.860701
2054656027,351.9510183,-74.27546994,-0.060486801,,19.2055,18.6187
261644478,351.2385146,-74.15818846,0.63442302,,16.8857,16.0667
261644782,351.0789419,-75.36952898,0.32048699,,16.2644,15.5273
261644820,350.9630058,-75.48549863,0.32231399,,16.747801,15.96
261644883,351.0562798,-75.70494714,0.45884401,,15.8672,15.0381
2054759900,340.4098728,-74.18436827,-0.248215,,18.600901,17.886299
2054674553,350.1354336,-74.99615941,0.21315999,,19.040001,18.278
2054674574,351.1196682,-75.08930458,0.046032902,,18.8375,18.1397
2054655529,352.7102942,-74.42514945,0.215598,,19.152599,18.349701
2054655535,352.6948797,-74.39757315,0.26902601,,18.8979,18.0653
2054655538,352.6587866,-74.40291396,0.110785,,19.3722,18.6595
293527001,352.1376988,-74.15496226,0.34535399,,16.8566,16.233101
273514995,347.8413496,-75.03444152,0.36164999,,16.353901,15.5568
273515205,347.8011049,-75.61744202,0.25762701,,16.1017,15.4174
261644855,351.0516532,-75.62360035,0.582959,,15.7534,14.9448
261644912,351.093917,-75.83329493,0.333013,,16.541,15.6881
273398647,341.09093,-74.95171597,0.45214099,,15.5159,14.7467
273398665,341.0854825,-74.92362679,0.48752099,,16.3999,15.59
273514823,348.0055066,-74.61074823,0.51011199,,16.4042,15.6001
277939506,355.2974465,-75.92664672,0.45027801,,16.4821,15.6376
277939795,355.3319981,-75.02079058,0.54025102,,16.361099,15.5494
2054655561,352.9322358,-74.34645076,0.238152,,18.528299,17.7894
2054760745,341.9369539,-74.23842301,0.27932599,,19.748199,18.917299
2054759963,340.3203612,-74.08668642,-0.092506297,,18.1483,17.4041
293527102,352.2544142,-74.50328312,0.47641101,,16.1203,15.276
293527112,352.1087137,-74.52776369,0.466719,,16.125299,15.4192
293527311,352.0391755,-75.33792606,0.29713199,,15.1991,14.7188
2054674696,350.8903866,-74.91851051,0.35300699,,19.0826,18.271601
2054655590,352.8072785,-74.35614973,0.29138699,,19.205601,18.4611
2054655600,352.7196643,-74.31467421,0.240207,,18.8235,18.037701
2054655603,352.7036928,-74.2956556,0.068311803,,18.5333,17.8988
277910065,354.1611196,-74.11281367,0.54314703,,15.4567,14.773
2054649103,354.8377027,-75.61621866,0.479729,,18.782101,17.975901
2054649104,354.818288,-75.60572005,0.40434301,,18.834499,17.9811
2054649111,354.6524984,-75.57003162,0.347729,,19.503,18.692699
273515036,347.9358947,-75.12297454,0.62027502,,15.8741,15.0292
293527111,352.2253318,-74.51997785,0.87180102,,15.5348,14.7257
293527180,352.1448659,-74.83232976,0.78145099,,14.3653,13.6613
273398636,341.2477594,-74.98158205,0.52191401,,15.7112,14.9154
273398697,341.0655567,-74.84471479,0.397879,,15.9176,15.1225
273398735,341.2343268,-74.73561513,0.63172799,,15.9714,15.1357
2054649120,354.6017064,-75.53139667,0.195526,,18.5648,17.809299
2054674768,350.5855703,-74.95420379,0.52689099,,19.003599,18.166201
2054674786,350.5708979,-74.89851356,0.18003,,18.433701,17.714001
277910169,354.0477527,-74.40603185,0.61034501,,15.1445,14.3148
2054762512,341.2704998,-74.08992257,0.0175201,,18.651899,17.801701
273398751,341.2989843,-74.70742619,0.355726,,16.0816,15.2738
273514582,347.8973538,-74.05489424,0.608078,,16.1759,15.368
273510655,347.1049512,-75.61237677,1.08991,,13.7773,13.1004
273510766,347.0189998,-75.9090384,0.84654802,,14.1248,13.2881
421920888,342.8439577,-74.12522397,0.44391999,,16.7202,15.8965
421920916,342.6674641,-74.2072114,0.42905101,,16.440701,15.6178
2054649169,354.3446837,-75.46989254,0.22185799,,18.7026,17.912399
273514612,347.8934836,-74.14589733,0.24393301,,15.8685,15.2778
273515228,347.8649541,-75.69900761,0.79132998,,15.4322,14.5756
2054762976,340.3057882,-74.0296694,0.26008499,,18.0347,17.196199
2054685314,345.3110527,-74.02772633,0.138642,,18.3433,17.589001
421936745,342.8341439,-74.83671564,0.17915,,16.7278,15.8902
421936962,342.9514679,-75.43524009,0.37476301,,16.3389,15.6824
421937005,342.9046461,-75.55959922,0.350041,,15.7023,15.2831
273510661,347.0517084,-75.62854598,0.37965101,,16.7794,15.9692
261562146,349.4823268,-74.08903941,0.23272599,,16.565901,16.0208
2054694849,356.1844466,-74.5860333,0.279035,,17.570999,16.732
2054694879,356.0995575,-74.51098993,0.25592801,,18.2169,17.399799
2054694941,356.6919341,-74.56245822,-0.044181,,18.2279,17.5459
261562286,349.3743072,-74.56100967,0.432253,,16.3976,15.6017
261562294,349.4310455,-74.58712918,0.79036301,,15.0543,14.2737
273477111,347.2380438,-74.83673277,0.453491,,15.9024,15.0961
421920852,342.8020659,-74.02382481,0.30463001,,15.4854,14.8078
421920856,342.921292,-74.0394141,0.31353301,,16.317101,15.4968
421920861,342.6851497,-74.05666957,0.76356399,,15.6847,14.8488
2054760830,341.4134168,-74.20680941,0.13761801,,19.699301,18.963499
2054760846,341.2690165,-74.14938602,-0.017771199,,19.7537,18.9484
421936748,342.9858409,-74.88662922,0.447932,,15.973,15.1856
421936779,342.8292621,-74.95257207,0.633394,,15.551,14.81
421936781,342.8806928,-74.9608753,0.471636,,15.9412,15.0994
421936783,342.59523,-74.96130405,0.33467299,,16.236601,15.401
421936853,342.9233867,-75.13720803,0.73782599,,15.9675,15.1314
421936893,342.7953581,-75.25628746,0.551157,,16.2866,15.4356
421936916,342.7655608,-75.32965294,0.45547599,,16.4886,15.6494
421936959,342.8359099,-75.4286347,0.43662199,,15.751,14.8974
421936967,342.7247642,-75.45030404,0.67233199,,15.9208,15.1686
2054760850,341.6909198,-74.1947782,-0.1323,,19.172501,18.426901
2054760852,341.6506753,-74.18856211,0.132727,,19.151699,18.4125
2054760863,341.5412136,-74.15323234,-1.067,,20.150101,19.350599
2054649199,354.844832,-75.42405289,0.48276499,,19.095699,18.3689
2054649203,354.7925916,-75.42144934,0.298181,,19.134199,18.392099
2054695453,357.0754635,-74.27705991,-0.127487,,18.537901,17.711901
277939529,355.4684623,-75.86108897,0.106948,,15.778,15.3004
277939612,355.5017169,-75.62282556,0.841667,,15.6302,14.7843
277939703,355.5408904,-75.30100234,0.51025498,,15.9757,15.2299
273510657,347.1069466,-75.61890209,0.566145,,16.2192,15.3546
261562245,349.406781,-74.40396225,0.356902,,15.5905,14.9677
2054649242,354.5217359,-75.37106222,0.397369,,19.0597,18.2633
2054649244,354.4553966,-75.36861238,0.263998,,18.6168,17.926901
277910111,354.154762,-74.25387008,0.60090399,,16.399,15.5753
2054760875,341.6362286,-74.14355295,0.19917201,,19.1738,18.376101
2054760885,341.607437,-74.11781369,0.39362299,,18.9111,18.1257
2054649403,354.7098091,-75.38057422,0.0802821,,19.4226,18.7903
421920952,342.6215314,-74.30481672,0.45663401,,15.5093,14.6722
421920995,342.6060591,-74.40763525,0.832726,,14.8194,14.0402
421921054,342.8521676,-74.57996745,0.65799099,,15.4552,14.6115
421936726,342.9770384,-74.76316794,1.51247,,14.2435,13.4027
277939736,355.3010517,-75.20685346,0.65753102,,16.2122,15.3976
277939839,355.2222613,-74.87968354,0.32265201,,14.9288,14.3565
277939875,355.5327271,-74.73967783,0.632025,,14.8597,14.0907
2054643281,356.4552838,-75.67078346,0.415093,,19.1761,18.374599
261562363,349.521245,-74.76318437,0.30360901,,17.3113,16.4732
2054760906,341.4357856,-74.08182727,0.11869,,18.8993,18.1583
2054760954,341.9285464,-74.14054591,0.052725799,,18.4261,17.738501
261562385,349.4592767,-74.85925511,0.44922,,17.771799,16.959499
261562409,349.4129368,-74.92929141,0.29245001,,16.961599,16.231701
261562425,349.6166689,-74.98172394,0.36923501,,17.141701,16.309999
2054695871,356.1844773,-74.24421641,0.177497,,18.115101,17.4079
2054695956,355.9025343,-74.13710344,0.152776,,18.075199,17.2717
2054643446,355.5337055,-75.53733463,-0.13351201,,18.877899,18.150801
277910283,354.007113,-74.78363301,0.52832699,,16.9401,16.098301
277910173,354.0128847,-74.4208525,0.250009,,17.4841,16.7297
421936769,342.7426074,-74.93202449,1.18865,,14.1351,13.3467
2054643461,355.5364416,-75.46262177,0.050641298,,18.791,17.9755
277939945,355.3534067,-74.51266229,0.558788,,15.9802,15.1216
277939993,355.3205119,-74.34462201,0.49675301,,15.6545,14.8719
277940003,355.2382649,-74.29034836,0.452562,,16.3053,15.47
2054643513,355.5172279,-75.42742809,0.56113601,,18.933001,18.159
2054643526,355.5251697,-75.3946857,0.228248,,19.2169,18.495001
392814757,346.7302179,-74.64104355,0.46558401,,17.940399,17.106701
2054761076,341.8603633,-74.05260088,0.256641,,19.4074,18.6182
2054761081,341.7438949,-74.03638469,0.453504,,19.1359,18.294701
2054643535,355.649661,-75.37660937,-0.080383599,,19.6467,18.9142
2054643539,355.5681337,-75.38158294,0.079587497,,18.832399,18.183599
273476822,347.1813265,-74.03300156,0.63448602,,15.7045,14.8525
273476955,347.1879005,-74.39377668,0.568115,,15.4279,14.6639
273510758,346.9703441,-75.88916015,1.09329,,14.8625,14.0162
261562437,349.5117294,-75.01251097,0.34014401,,17.3013,16.5186
261562149,349.4276644,-74.09529154,1.19393,,14.1285,13.3788
261562181,349.3730299,-74.17799639,0.64599001,,15.1313,14.3237
261562191,349.4789613,-74.20669891,0.801916,,15.4107,14.6098
277874414,352.9379549,-74.77268313,0.32993901,,16.723801,15.8744
277910083,354.1613735,-74.16061486,0.41661501,,17.177601,16.360701
273550748,352.594952,-75.54384636,0.16064399,,17.231501,16.919399
273550760,352.4012566,-75.51845554,0.454402,,18.081499,17.2286
277891764,353.6099697,-74.98071054,0.035062,,18.441601,17.6537
2054761122,341.5085154,-74.00770473,-0.460109,,19.645,18.884501
2054761145,341.7611075,-74.00855997,-0.22126,,19.7544,19.0361
2054761147,341.7021978,-74.00489945,0.227901,,19.1525,18.432301
2054762448,341.0509395,-74.20102228,-0.0582036,,19.0044,18.196899
261644630,350.980154,-74.79574412,0.57319099,,15.9441,15.1454
261644645,351.0205351,-74.8614037,0.58565098,,15.5593,14.718
261644649,351.010009,-74.87699553,0.76708502,,14.3399,13.5778
261644758,351.1718575,-75.29503064,0.47267199,,15.7394,14.9764
293525212,351.9968256,-75.50158323,0.539029,,15.6019,14.8445
2054696031,356.5886703,-74.09160394,0.085520603,,18.481199,17.696199
2054696053,356.6414593,-74.09762039,-0.033154499,,18.571199,17.7623
2054649427,354.4132881,-75.30651891,0.425046,,19.644199,18.806
2054649439,354.4704461,-75.28671677,-0.0048276102,,19.0473,18.2313
2054675203,350.2360107,-74.79255576,0.26862699,,19.0644,18.215599
2054649445,354.4972758,-75.27743488,0.32061899,,19.7083,18.8736
2054649451,354.858228,-75.27955303,0.24892201,,19.785601,18.9886
2054649452,354.8320242,-75.27400877,-0.154957,,19.8053,18.9547
2054658449,348.9816069,-75.93367119,-0.064076103,,18.9,18.134199
2054658451,349.0009326,-75.9291104,-0.45146099,,20.262501,19.383801
2054646485,355.8122632,-75.33171305,0.334295,,19.077499,18.2311
2054646501,355.5573175,-75.3352163,0.135158,,18.557301,17.7939
277891949,353.9680679,-74.42701103,0.37291199,,16.838699,16.1017
277892070,353.7044922,-74.04025803,0.40817299,,17.0054,16.317301
277910063,354.0628938,-74.1105481,0.31652501,,16.9202,16.165899
293525251,352.0168754,-75.38832425,0.59450197,,16.1796,15.3495
293527145,352.0421343,-74.66856287,0.59869099,,15.0652,14.2367
261562193,349.6171255,-74.20999116,1.1672699,,14.0025,13.2079
261562210,349.4400411,-74.28112865,0.88594598,,14.76,13.9697
2054675376,349.3509781,-74.68041669,0.095922403,,18.864,18.082199
261562690,349.3317299,-75.83034361,0.18850601,,17.439699,16.5721
2054652350,355.1109036,-75.21958362,0.305233,,18.3022,17.5818
2054695112,355.85515,-74.36796322,0.49290201,,19.070299,18.2423
2025968753,332.0341462,-75.96342184,0.37851399,,18.416599,17.4946
2025969035,332.4929342,-75.78883516,0.0258731,,19.699699,18.8424
2025969781,332.5715671,-75.73879095,0.205439,,19.401199,18.5945
2025969784,332.6664637,-75.74259805,0.326938,,19.701,18.774799
2025969832,332.6084314,-75.70182056,0.46134701,,19.845301,18.919001
2025993106,332.461971,-75.56055888,0.313577,,19.4147,18.558701
2054700727,355.706406,-74.59140166,0.0099574598,,18.5089,17.659599
2054640937,359.3385865,-75.97881338,-0.0459143,,18.6064,17.746401
2025993572,332.0026944,-75.30125756,0.19970199,,18.761101,18.006901
2054652323,355.4517654,-75.2533578,0.214109,,18.9284,18.253901
2054652335,355.1635219,-75.23890192,-0.48150101,,19.559,18.839399
2054652423,354.8744198,-75.20780033,0.0196134,,19.107901,18.368999
2054643607,359.4507792,-75.91932366,0.0250028,,18.8255,17.9893
2054675993,349.8063736,-74.68622801,0.45219499,,19.2306,18.5165
261562267,349.3976436,-74.51431091,0.76812899,,14.4649,13.7632
261562282,349.6428053,-74.55603759,1.16677,,15.0964,14.2498
421920896,342.6424415,-74.14193,0.35144401,,16.981199,16.1395
421894595,339.2792138,-75.84183545,0.20075101,,17.969299,17.1056
2054676071,349.9574946,-74.54746722,-0.056126501,,19.2251,18.514
2054676074,349.7498655,-74.68513167,0.162148,,19.132799,18.3449
293527189,352.0868786,-74.85546241,0.357191,,15.8755,15.0306
293527292,352.3292399,-75.25560882,0.61821002,,15.6525,14.8064
293527326,352.4020464,-75.38888807,0.72640002,,14.7391,13.9532
293527454,352.1797562,-75.82203701,0.64292997,,16.1141,15.282
421936874,342.7222949,-75.19486086,0.25209799,,16.7981,15.9775
293527497,352.1764978,-75.97073123,0.65203398,,15.4594,14.7789
277939664,355.4563512,-75.43085008,0.49151,,16.337799,15.5075
273398707,341.1243099,-74.81251836,1.33418,,14.0189,13.2468
273476896,346.9297729,-74.20165995,0.462134,,16.6085,15.8104
273510658,346.9780083,-75.62296725,0.385977,,16.594299,15.7564
273510767,347.0106094,-75.9111105,0.142469,,17.3503,16.4778
2054643659,359.458329,-75.86897326,-0.218169,,18.930201,18.118299
2026007452,332.7735862,-75.19564314,0.0097094998,,19.507299,18.7076
2054638150,351.2335654,-75.80764781,0.38717899,,19.353399,18.556
2054638193,350.8602675,-75.75881231,0.109036,,18.6444,17.9734
2054649478,354.5200759,-75.25292445,0.25965801,,18.899099,18.0457
2054649480,354.4209112,-75.24300035,-0.58702302,,20.0016,19.174601
2054676092,349.6887309,-74.61953905,0.511756,,18.413601,17.603001
2054676112,349.5264799,-74.60991903,0.114543,,18.414101,17.672701
2054649494,354.6627456,-75.19573345,-0.20883501,,19.514999,18.8291
2054649520,354.2050261,-75.46950431,0.292171,,18.707899,17.9422
2054644355,357.9003398,-75.59638986,-0.58225501,,19.9953,19.1877
2054649571,353.9540427,-75.38095872,0.32336801,,19.201401,18.386
2054676120,349.3791476,-74.60109971,0.071152799,,18.8557,18.1092
2054649576,353.8730366,-75.38797169,0.049061,,18.473301,17.811001
273515193,348.1027524,-75.58433855,0.51206303,,14.8178,13.9566
2054643828,359.9972256,-75.88552487,0.35138199,,18.8314,18.013901
277910200,354.0988621,-74.51335575,0.150022,,16.564699,16.113001
261562271,349.6004875,-74.52258185,0.338429,,15.724,15.0238
261562291,349.6416043,-74.58354388,0.32767299,,16.8598,16.052401
421921027,342.6582979,-74.48379768,0.733509,,16.4118,15.5716
421936808,342.9020913,-75.01834167,0.537287,,16.0994,15.2514
2054649623,353.9506698,-75.35556326,0.48052901,,19.375601,18.607599
2054644054,359.4076629,-75.67304635,-0.241411,,19.9778,19.129801
2054643687,359.2471832,-75.93880206,0.186959,,18.2015,17.463699
2054644597,357.8871399,-75.39599965,-0.031044099,,19.7222,18.954201
2054644600,357.8916835,-75.3901622,-0.43492001,,19.5298,18.761499
2054644622,359.8900805,-75.67171104,-1.127,,20.254499,19.519199
261562583,349.4483076,-75.45063698,0.380934,,17.8104,16.9765
2054663620,347.8149915,-75.22458337,-0.027032601,,18.4986,17.6614
2054644056,359.4120457,-75.67018921,-0.60836899,,20.0562,19.205299
2054644135,358.888216,-75.53789374,-0.049897999,,19.557501,18.8659
2054645462,357.7797509,-75.31597001,0.23324101,,19.112301,18.293301
2054645474,358.0203831,-75.29272143,0.0357753,,19.539801,18.687099
2054638374,352.1054074,-75.87399289,0.38255301,,18.821501,18.0119
277939751,355.4997121,-75.1619005,1.37976,,14.1948,13.3736
277939787,355.5018675,-75.04696218,0.69792199,,15.1546,14.3141
2054649645,354.0517678,-75.30743154,0.29134601,,18.3477,17.645201
2054649648,354.0599382,-75.29269341,-0.39347699,,20.396799,19.5553
2054649804,354.3778816,-75.33191528,-0.13271999,,19.1887,18.4
2054644160,358.645063,-75.80140296,0.31330499,,18.855801,18.024401
2054644196,358.3590357,-75.7702855,-0.42000201,,20.3892,19.5411
421936862,342.8200677,-75.15975861,0.466234,,16.117701,15.3179
273398544,341.050141,-75.25413638,0.53013998,,17.5054,16.7164
273398580,341.30005,-75.16090354,0.171957,,18.501801,17.729799
273514956,348.1253423,-74.93418035,0.30778301,,18.0065,17.3519
273514999,348.0135921,-75.04540574,0.36767599,,18.096201,17.2995
2054638722,351.8308867,-75.83264196,0.32350299,,18.4786,17.7563
2054638736,351.6251406,-75.80286827,-0.183532,,19.610201,18.853901
277891553,353.6592669,-75.67994353,0.33134499,,18.195,17.346201
277891970,354.0272057,-74.35277697,0.25859901,,17.981501,17.2082
277939796,355.3872384,-75.01997473,0.84363198,,14.775,13.936
261644451,350.9395575,-74.05084626,0.50372601,,15.0492,14.3351
2054649817,354.2250748,-75.30877816,-0.082920998,,19.3414,18.655199
2054638741,351.6371528,-75.76798419,-0.307446,,19.594801,18.8396
277910203,354.0890485,-74.53186159,0.26755601,,17.683599,16.9634
261644516,351.2249954,-74.29872493,1.1490099,,14.4971,13.705
261644597,351.2177422,-74.61789649,0.895877,,14.5312,13.81
261644714,351.0347928,-75.06636912,0.62207001,,14.6743,13.8805
261644716,351.1234183,-75.08811377,0.73464102,,14.9511,14.1439
293525275,351.6490038,-75.32087748,1.7161,,13.8151,13.0294
293527125,352.1252272,-74.58233308,0.93795598,,14.7107,13.9535
2054645544,358.0021128,-75.23116686,0.23465499,,19.500999,18.714399
2054645759,357.905204,-75.16190713,0.52005899,,18.930799,18.1745
2054644259,358.4112899,-75.6562587,-0.069525398,,19.6882,18.8678
273396480,340.7053087,-74.50452331,-0.325959,,12.1646,11.2425
2054644271,358.0464071,-75.75550145,0.127221,,19.6609,18.8106
421921003,342.763839,-74.42447833,0.181104,,18.0242,17.301701
421920848,342.8834254,-74.00755354,0.18741401,,17.437901,16.6544
2054645841,357.5874786,-75.68743519,-0.251522,,19.3771,18.670099
2054638781,351.6223415,-75.75376603,0.40895,,19.276199,18.482901
2054649854,354.0491296,-75.25399457,0.072299302,,19.701599,18.884399
2054649882,353.9919095,-75.20170688,0.333873,,19.4748,18.687201
317018272,336.3110653,-74.3724493,0.49208301,,17.858999,17.1483
2054649904,354.2664907,-75.19340238,0.0173836,,18.986401,18.1684
407584737,352.773811,-74.13452085,11.88,,8.1848202,7.3782201
2054644373,358.6922407,-75.65474312,0.169679,,19.383301,18.5401
2054638828,351.3982132,-75.70384882,0.220314,,18.778601,18.0105
2054645852,357.6977716,-75.63453422,-0.815584,,19.655199,18.874001
2054663756,347.3029748,-75.30673642,0.18664999,,18.438999,17.593599
277891613,354.0168257,-75.48046132,0.118014,,18.088499,17.2414
277939546,355.5380575,-75.83099794,0.38758901,,14.0401,13.4186
277939560,355.5117347,-75.79661908,0.96772999,,14.0675,13.3482
261562188,349.5648703,-74.19230833,0.42806199,,17.117901,16.3242
2054645860,357.4270888,-75.60176991,-0.168439,,19.5791,18.847
277939665,355.2922771,-75.42833785,1.4583,,14.3249,13.5007
273396933,340.8342884,-75.79270552,3.7135,,12.0711,11.2236
293569908,359.6809504,-74.902002,1.46951,,12.572,11.884
273419141,343.8551587,-74.77174444,1.62406,,13.6775,12.9061
407580962,345.0041684,-74.0815643,3.2193699,,11.0476,10.3797
407581077,344.9913956,-74.68016617,1.3033201,,13.3923,12.5989
407581095,345.0372098,-74.74526613,1.31831,,13.2908,12.5405
407581202,345.0139822,-75.28423079,2.8057301,,12.2505,11.5234
2054663907,347.6219435,-75.28292616,0.0444871,,18.7197,17.941601
2054644394,358.4638778,-75.61846045,0.330477,,19.0487,18.1971
277939912,355.4054251,-74.62815151,1.28049,,14.1588,13.3628
2054644420,358.7291028,-75.58394959,-0.035991501,,18.588699,17.916901
2054644433,358.737555,-75.52888317,0.114299,,18.962799,18.1903
2054664008,347.303953,-75.10588812,0.237261,,18.4098,17.589399
261644526,351.0445481,-74.33761961,0.54872,,14.3727,13.5479
261644578,351.192856,-74.52763968,1.91994,,13.9282,13.107
261644728,351.0870431,-75.18237482,1.3874,,13.8147,13.0075
2054664131,346.8220044,-75.02430704,0.159603,,17.877899,17.1646
2054644447,358.6421677,-75.49339087,0.0017091,,19.7054,18.9533
2054644454,358.5388912,-75.54091945,0.015923301,,19.4335,18.708799
2054644469,358.3354186,-75.48934315,-0.141423,,19.016399,18.188499
277891936,353.7171889,-74.4596524,0.278133,,17.4256,16.576099
277892082,353.9208018,-74.01273305,0.122033,,17.4181,17.0165
273398590,341.1984287,-75.12229772,0.49785599,,18.159401,17.3057
273398474,341.2900439,-75.42117551,0.25264999,,18.204,17.4531
277910284,354.1821518,-74.78831261,0.297672,,17.7388,17.0133
277910287,354.0717133,-74.79472032,0.028273501,,18.2015,17.459299
277910027,354.2703348,-74.02536703,0.243288,,17.264,16.463301
277910043,354.0373707,-74.07188489,0.26092499,,17.752001,16.9713
2054664330,348.0011562,-75.14499343,0.036174599,,18.6059,17.8307
2054664336,347.978479,-75.11707757,0.0139564,,18.426001,17.758499
2054664724,347.4080975,-75.04129927,-0.19109499,,18.892099,18.054501
2054638875,351.2763859,-75.7370194,-0.0216315,,19.873899,19.0994
421936829,342.9482775,-75.06492761,0.25643501,,17.148701,16.3046
293527333,352.1621253,-75.41411226,0.85051101,,14.6792,13.8417
2054638977,350.9750077,-75.59808767,-0.036687899,,19.643101,18.950199
2054638978,350.9619559,-75.59067944,0.48231801,,17.861099,17.0464
421936847,342.8233093,-75.12165233,0.18004601,,17.202499,16.3787
421936878,342.6384003,-75.20535115,0.301016,,18.268999,17.4338
2054639001,351.9239705,-75.69412768,0.41522601,,19.390699,18.526699
2054645922,357.4216074,-75.53884981,-0.18903001,,19.255501,18.494499
2054645944,357.2447777,-75.49195569,0.16426,,19.061899,18.478701
2054645969,356.9413703,-75.52423679,-0.30698499,,19.788,19.011499
2054664933,346.9867995,-74.81153366,-0.15482201,,18.202299,17.5665
293570010,359.642661,-75.19423652,2.0806701,,12.0077,11.3088
293570057,359.566093,-75.32039905,1.39539,,12.3874,11.5812
293570058,359.7473541,-75.32159309,1.7414,,13.0353,12.3394
293570072,359.7005939,-75.3571236,1.07646,,12.1661,11.5139
407580995,344.9053207,-74.24312262,2.7727699,,10.8582,10.0757
2054649922,354.2568749,-75.13512162,0.18079799,,18.1605,17.6819
2054649947,353.9713414,-75.12225246,-0.084153198,,20.094601,19.2806
2054649949,354.143666,-75.1486113,0.25853699,,19.2097,18.3696
273398882,341.2730212,-74.3620671,0.68739498,,16.0683,15.2572
2054639036,351.5604325,-75.63701154,0.38272399,,18.419201,17.5874
277910104,354.3073339,-74.23534567,0.43163699,,17.181101,16.3773
2054646026,357.1388681,-75.45823528,-0.469089,,19.683001,18.8613
2054646033,357.0254689,-75.43285213,-0.13241901,,19.1518,18.3587
2054639069,351.8459917,-75.57860254,0.048744399,,19.534901,18.780899
2054639079,351.9761444,-75.56602673,0.322936,,19.846701,19.004101
2054639086,351.9706218,-75.51985875,0.043175802,,19.0737,18.280899
2054646205,357.1219178,-75.34437671,-0.0151014,,19.5501,18.8339
2054646089,357.6571761,-75.44128657,-0.73103398,,19.431299,18.664101
2054644854,359.0036875,-75.47042383,0.239749,,18.8901,18.1521
2054639108,351.6434986,-75.54405569,0.21087401,,19.3456,18.5315
407581233,344.9619856,-75.56813898,0.50152999,,15.8225,14.9776
277939597,355.4425604,-75.6725618,0.57786798,,15.6851,14.9193
277939701,355.2852306,-75.30380774,0.81365001,,14.4901,13.7654
2054639125,351.6984601,-75.48685265,0.224308,,19.0606,18.231701
2054645280,358.6990087,-75.49683123,0.138465,,18.774,18.0961
2054645290,358.6113806,-75.44620823,0.0731728,,18.5937,17.919901
421937010,342.9039534,-75.56540938,0.39804599,,17.0825,16.2757
2054646094,357.5021429,-75.42022891,-0.249755,,19.607401,18.846001
2054646107,357.3018373,-75.44701829,0.28342599,,18.7999,18.059299
2054646110,357.1782116,-75.42502334,0.388134,,18.747801,17.895599
277910132,354.1095025,-74.30009671,0.27659601,,17.258101,16.495899
277910170,354.3654148,-74.40740376,0.21898501,,17.3862,16.6689
2054639162,351.3464708,-75.51631909,0.47592399,,18.4678,17.748199
2054639164,351.2824785,-75.5245908,0.54644102,,18.306801,17.5336
2054639166,351.1863599,-75.52424202,0.072718002,,18.964399,18.2139
2054639178,351.1336693,-75.53329988,0.064596601,,18.9212,18.079399
2054646128,357.6729961,-75.42198297,-0.112117,,19.3839,18.6234
2054639254,351.0503186,-75.41406195,-0.214554,,19.095301,18.3234
2054639259,351.0224357,-75.40982553,0.216341,,18.756201,18.062901
2054639221,351.372943,-75.44521083,0.31534499,,19.0161,18.2484
2054645301,358.7151268,-75.4445356,0.105799,,19.213699,18.406799
2054645306,358.5518932,-75.4475572,-0.125035,,19.3514,18.6315
2054645307,358.5739447,-75.44511734,0.0943681,,19.065201,18.2812
2054645318,358.3352252,-75.40048669,-0.41901299,,19.9079,19.1548
273396520,340.772496,-74.60676035,2.0711999,,10.4138,9.9480104
273418987,343.9654674,-75.18282193,2.7576699,,11.4726,10.7759
273419164,344.0648022,-74.71759161,5.803,,10.8317,10.0405
407584875,352.7136885,-75.12662631,1.94671,,12.1623,11.456
2054646168,357.262839,-75.32688455,0.47269699,,18.8634,18.0725
2054645330,358.3232,-75.3542641,-0.130054,,18.934099,18.188999
407584914,352.8026991,-75.3444422,2.9146399,,11.1813,10.3683
293570022,359.6135055,-75.20700812,1.9493099,,11.8416,11.1458
273369559,340.612802,-74.22388804,1.66091,,12.6107,11.8166
2054639231,351.2320583,-75.42460321,0.12893,,19.0418,18.3381
2054639250,351.0404355,-75.44447783,0.36855599,,18.3346,17.5634
2054646191,357.1613351,-75.38673261,0.21126699,,19.030001,18.1987
273476901,347.0294996,-74.21282587,0.313209,,17.1814,16.3769
273510446,347.183142,-74.99020619,0.29030901,,17.156099,16.320101
273554765,356.3823004,-74.95135183,0.399093,,18.1544,17.459499
277939729,355.318023,-75.23464697,0.987872,,14.5873,13.7856
277939902,355.2708774,-74.65370641,0.650922,,15.6208,14.8519
277939996,355.3727715,-74.32691629,0.489272,,14.3519,13.6921
2054645401,358.4390091,-75.30528791,0.33374801,,18.885401,18.171301
261644513,351.1581494,-74.28920968,0.46679801,,15.8861,15.0602
261644752,350.915207,-75.2443986,0.36781901,,15.4423,14.8474
2054650632,351.8736681,-75.48308612,0.202181,,19.546801,18.7432
261562165,349.4365062,-74.13746022,0.27216101,,16.901699,16.0958
293525478,351.7795879,-74.59774826,0.68137199,,15.1313,14.295
293525653,351.8512627,-74.02114947,0.93066198,,14.8254,13.9878
2054650671,351.6904079,-75.45128341,0.218923,,19.568701,18.7892
2054650672,351.6916807,-75.43672602,-0.0275531,,19.2395,18.4785
2054650674,351.5968057,-75.44512798,-0.31336501,,19.7416,18.997
2054650676,351.6013514,-75.44154302,0.287772,,18.4203,17.6548
277910195,354.3909951,-74.50977999,0.22770999,,17.6369,16.9617
2054650712,351.8901149,-75.38946606,0.00053184998,,18.605301,17.9736
261541143,348.447573,-75.07944407,0.349693,,17.7731,17.1213
2054646261,356.927234,-75.2851312,0.28772801,,19.055799,18.214899
2054645466,357.9970442,-75.32319087,0.35502201,,19.4196,18.5653
2054650751,351.6721622,-75.3195251,0.48021501,,18.691799,17.974701
2054650762,351.6819417,-75.30783461,-0.0130284,,18.957199,18.2787
293527303,352.3492488,-75.29864379,1.0656101,,14.2125,13.4026
273396549,340.9968218,-74.67234731,1.4626,,13.1466,12.3048
273396576,340.8893536,-74.73949579,1.76371,,13.7296,12.9127
273396847,340.7020178,-75.52565209,2.1925199,,13.0033,12.1786
261592198,350.2594152,-75.73973658,0.32350299,,16.170099,15.4166
421920900,342.5831452,-74.15295236,0.248762,,17.9368,17.154499
293527432,352.263094,-75.74365708,0.41304201,,15.6052,14.7341
293527444,352.2142666,-75.7948898,0.91681302,,14.6938,13.8625
293527457,352.0488908,-75.82633223,0.63305002,,15.5344,14.8392
293527502,352.1917451,-75.99047704,0.67458999,,15.7528,14.9251
2054646886,357.5443121,-75.24251539,0.14118101,,18.999201,18.301701
2054646910,357.2400694,-75.23102694,0.37097299,,18.567499,17.846399
277874418,353.0632442,-74.76023435,0.511482,,16.8538,16.0909
277874496,353.1691973,-74.48222042,0.36465999,,17.4471,16.5912
2054645566,358.8362089,-75.32564146,0.34900001,,19.250799,18.484301
277910052,354.3558758,-74.08796549,0.215009,,17.7096,17.0548
2054645607,358.5273923,-75.27127569,0.18378399,,18.2665,17.7103
2054645612,358.4771182,-75.24837643,0.133642,,18.758801,18.0179
273398837,341.2653833,-74.47724395,0.87325799,,15.064,14.2985
273398902,341.1733025,-74.30674444,0.55053401,,15.2033,14.4837
2054650786,351.3154814,-75.37423105,0.399248,,19.0499,18.301901
2054650798,351.4750737,-75.37092993,0.115117,,19.2817,18.445
2054650802,351.4711661,-75.36576313,-0.180777,,19.474199,18.727501
2054646916,357.4364476,-75.21218599,-0.045495499,,19.7894,19.0266
2054646923,357.228279,-75.16211319,-0.570373,,20.1208,19.278799
277939848,355.2488277,-74.83979218,0.56336498,,15.5608,14.735
293507437,351.5769026,-74.12300819,0.25303799,,17.9634,17.3447
2054618089,341.3809974,-75.88403924,-0.29319099,,19.473301,18.6479
2054665177,347.1044107,-74.66519276,0.147131,,18.1765,17.4284
2054665194,347.1320009,-74.62746072,0.0059606899,,18.252001,17.410999
273396936,340.709043,-75.80001039,1.83189,,13.4486,12.5847
273396993,340.9356484,-75.97211153,1.5213799,,13.3732,12.585
273418776,343.8986495,-75.78092262,1.56865,,13.6274,12.8062
2054646933,357.534953,-75.18288708,0.169534,,18.7859,17.986601
293507835,351.2190785,-75.34599076,0.247998,,17.8922,17.249701
2054645698,358.4580682,-75.14749338,0.39175901,,18.6401,17.889799
293525228,351.9883745,-75.46724022,-0.055630598,,18.156099,17.806299
2054649969,353.8287212,-75.20781302,-0.36430901,,20.046301,19.219
2054652875,353.979288,-75.04354899,0.143785,,18.690201,17.9191
2054618142,341.8642371,-75.78579588,-0.0415603,,19.396601,18.5341
2054646965,357.3784166,-75.13890008,0.061914202,,18.8894,18.1709
293525564,351.65574,-74.30954208,0.47384799,,15.4863,14.7465
2054652430,354.7968159,-75.1893962,-0.140719,,20.118601,19.2756
2054618960,341.9961024,-75.71795135,0.16365699,,18.8759,18.2885
2054618961,342.0763663,-75.72518876,0.071032397,,18.7526,18.016399
2054618981,341.7886726,-75.71698658,0.17552,,18.8344,18.040701
293527151,352.3419977,-74.68131985,0.62772399,,15.1492,14.2974
421936900,342.9919893,-75.27781408,0.116349,,18.091,17.4119
2054650842,351.2796316,-75.29929043,-0.107853,,19.5382,18.735901
273398808,341.1040506,-74.53402033,0.61414897,,15.5702,14.7602
273398991,341.2287368,-74.06592725,0.85150999,,15.0085,14.236
273477064,347.243799,-74.67477934,0.18564899,,18.4198,17.5928
2054652472,354.7138547,-75.15473867,0.0918051,,18.6805,18.021601
2054646999,357.0254351,-75.21413522,-0.133624,,19.720699,19.0217
2054647000,357.0108815,-75.2028153,-0.0102735,,19.579,18.869301
2054647015,357.0683323,-75.13290207,0.30433601,,19.4056,18.6658
2054650892,351.2751173,-75.25914557,-0.28559801,,20.305599,19.4681
2054618991,341.6376661,-75.70208861,0.130156,,18.4207,17.8365
2054619000,341.8075745,-75.66894948,-0.37325799,,20.1672,19.368401
2054619016,342.0093508,-75.68169097,0.23377199,,19.318899,18.474701
261541256,348.179738,-74.75089743,0.43554199,,17.9683,17.1991
407584917,352.8664468,-75.37444895,2.3697,,13.4831,12.6624
407584931,352.868212,-75.43544239,2.9424901,,13.0267,12.1727
407584949,352.8953653,-75.5576545,1.02705,,13.5293,12.7557
293569934,359.8694293,-74.97425801,0.98121101,,13.6115,12.814
2054647073,357.0869923,-75.07438199,0.38202101,,18.854799,18.141001
2054647129,357.681255,-75.12150679,0.39464301,,18.544901,17.768499
2054636982,353.3689941,-75.93757331,0.262793,,19.5429,18.743299
261562263,349.3552459,-74.49975114,0.15284701,,17.835501,17.1329
261562290,349.3584462,-74.57503045,0.14597499,,17.761101,16.9671
2054650899,351.1804038,-75.22988468,0.214827,,18.6243,17.788601
2054650902,351.1221199,-75.18919776,0.14590999,,18.7836,18.2637
2054650904,351.2167582,-75.19259148,0.30656499,,18.592199,17.9725
2054650906,351.1901718,-75.18202005,0.110672,,18.836599,18.039301
2054636992,353.5155168,-75.92981715,-0.104404,,19.274401,18.5103
2054637003,353.3429225,-75.89476229,-0.19435599,,19.274599,18.4356
2054637009,353.12798,-75.91381567,0.0977026,,18.4993,18.069901
293570174,359.8762865,-75.6912024,2.32447,,12.9181,12.0969
2054645751,358.1435633,-75.1584029,0.081034303,,19.5058,18.730101
2054619052,341.8487324,-75.63203783,-0.014082,,19.007,18.247101
2054619070,341.923381,-75.56233868,-0.40733501,,19.894899,19.125799
2054691743,359.6662367,-75.22396974,-0.0921266,,18.5499,17.7036
2054691769,359.9704454,-75.23561548,0.101342,,18.2649,17.4335
2054691796,359.9999664,-75.19495326,-0.159196,,18.019199,17.372101
2054645817,358.0303447,-75.10418411,0.193985,,18.799299,18.127501
2054691907,358.9003282,-75.12949887,-0.0093261097,,19.202299,18.4044
2054691814,359.83868,-75.13021803,0.158086,,18.167999,17.3437
2054647270,356.9760188,-75.0144467,-0.057128999,,18.804199,18.091299
2054647279,357.1655598,-74.96016189,0.069551699,,19.8967,19.085899
2054647142,357.6434266,-75.11020479,-0.0046852701,,19.516199,18.733999
2054652558,354.7437213,-75.0398145,0.0115518,,18.9697,18.2348
2054692014,359.8929195,-75.11639499,0.31049401,,19.1752,18.5028
2054692347,359.112595,-74.82724694,0.164978,,19.426201,18.677099
2054647156,357.7115148,-75.05814925,0.207048,,18.862101,18.095699
2054647157,357.6764308,-75.04671227,-0.264918,,18.738199,18.078699
2054650946,351.856026,-75.25449044,0.024107801,,19.5751,18.8438
2054650954,351.7083711,-75.26195812,0.13711099,,19.4196,18.564899
2054647177,357.3465216,-75.07656769,0.314753,,18.347799,17.5242
277939657,355.4177605,-75.46054204,0.842592,,15.2682,14.4759
273512489,347.3590255,-74.88223786,1.6810499,,,
2054647213,357.7430754,-74.97640734,0.22121499,,19.034401,18.244101
2054692370,358.705269,-75.09268427,0.284612,,19.9235,19.0791
2054692374,358.6691208,-75.08038706,0.36367601,,18.7913,18.0455
2054692394,358.3835614,-75.0342457,-0.10663,,19.4886,18.8057
2054692399,358.5816108,-75.0259749,-0.00102587,,19.128,18.3151
421920951,342.6448404,-74.30361484,0.281299,,18.144199,17.325701
2054692446,358.6558991,-74.97613755,0.25973701,,18.8494,18.014799
277939888,355.3037915,-74.70368578,0.682854,,15.0078,14.3532
277939951,355.3077824,-74.47830562,0.91908598,,14.7287,13.9345
277939968,355.5282037,-74.43158598,0.73555499,,15.3348,14.5158
261644450,351.0378166,-74.0508033,0.82960898,,15.1772,14.3866
2054650980,352.1705473,-75.24354502,0.110679,,18.8915,18.062901
2054651016,351.8722335,-75.17355469,0.37067401,,18.9988,18.259701
261644719,351.0381492,-75.11384492,0.70165002,,15.0763,14.2405
2054692452,358.6886308,-74.95211935,0.11619,,19.664499,18.9632
2054619252,341.8795714,-75.52099001,0.237569,,19.497601,18.6495
2025947795,325.2038106,-75.93490136,0.030170601,,19.7204,18.92
2054651038,351.8708215,-75.14018675,0.363877,,18.3729,17.564899
2054651042,351.9130427,-75.10124663,-0.100634,,19.687599,19.0268
2054637083,353.0995267,-75.79403014,-0.712937,,20.3132,19.498199
2054620020,340.9700521,-75.99869986,-0.0130208,,18.8358,17.9813
2054620034,340.8418917,-75.98710676,0.0253003,,19.580999,18.7645
421920979,342.9615865,-74.373383,0.234254,,17.209,16.522499
421921011,342.6884865,-74.43561225,0.36791599,,17.195499,16.4189
2054620316,341.2366221,-75.86719504,-0.103581,,19.554701,18.7799
2054620318,341.3374188,-75.86187925,-0.189905,,18.6591,18.0984
2054620322,341.1184542,-75.85687904,0.283254,,19.719801,18.8428
2054651102,351.201557,-75.13380598,-0.222709,,20.172899,19.386499
2054638476,352.9000721,-75.79694113,-0.0093935104,,18.989401,18.1478
2054638547,352.8577539,-75.70545354,0.170568,,18.6471,17.872299
2054650100,352.8762705,-75.65666883,-0.116054,,20.092199,19.3288
2054650103,352.9411478,-75.65265747,0.31307501,,19.900101,19.0509
2054692007,358.908615,-74.99186181,0.120076,,18.5177,17.73
325339448,335.0739823,-74.41888357,0.529643,,17.794201,17.0089
2054620398,341.0519652,-75.73029189,-0.21174601,,20.097799,19.288
293525259,351.8887724,-75.35986738,0.87427002,,15.0441,14.2247
2054647247,357.3681602,-74.92981234,-0.81355399,,20.3367,19.572701
2054620406,341.4331865,-75.77496374,-0.218243,,19.759899,19.047199
2054620384,341.123617,-75.76824358,-0.085965902,,18.527901,17.944401
2054620390,341.0961079,-75.74858532,-0.075687699,,19.510099,18.693501
2054620410,341.3627038,-75.73867536,0.20239,,19.002899,18.150499
2054620418,341.3018346,-75.74544159,0.44775099,,18.500299,17.628
2054620426,341.4262296,-75.74091507,0.48694399,,18.484699,17.730499
2025980792,335.1239485,-74.98152578,-0.0613693,,19.221901,18.534401
2025980816,334.8331592,-74.97060823,-0.172571,,19.0172,18.2679
2025980817,334.8613044,-74.97223058,0.215225,,19.826401,18.8755
2054651106,351.3660231,-75.13353144,-0.112706,,19.347,18.5688
273512706,347.4748417,-74.2399195,1.97839,,,
2025980839,335.213135,-74.92283283,0.307423,,18.7258,17.7635
2025980869,335.3265386,-74.85408298,0.235376,,19.306299,18.3734
2025980909,334.4772494,-75.10458474,0.33671299,,19.7479,18.9121
2025980910,334.4819307,-75.10233616,-0.19506501,,19.816299,19.007401
2025980895,335.1562758,-74.81948694,-0.26808101,,19.7976,18.917299
2025981308,334.8025453,-74.78065381,0.096421301,,19.717199,18.913401
2025984638,335.1928718,-74.69982312,0.49880701,,18.575001,17.752899
273398946,341.2241159,-74.195434,0.72106498,,15.8925,15.0688
2025949856,325.0866523,-75.634585,0.49238199,,18.5662,17.632401
2025983976,335.792627,-74.89281683,-0.066330902,,19.7738,18.9457
2025973046,338.5852709,-75.99698803,0.21271899,,19.082001,18.1238
2054651138,351.6400888,-75.0836508,0.26765099,,18.4739,17.719
421936727,342.901235,-74.765386,0.188085,,18.121599,17.315599
421936759,342.8601114,-74.91075259,0.175101,,17.620501,16.926701
421936770,342.9085033,-74.93298877,0.41620901,,17.661501,16.8081
2025973114,338.7561248,-75.94335915,0.154938,,18.877701,18.0096
2025973132,338.7053628,-75.90720906,0.219873,,18.1255,17.4858
2025999615,324.9413158,-75.58094293,0.498871,,19.7603,18.866699
2025999501,325.1255174,-75.59199185,-0.0218907,,19.5863,18.783501
2025973182,338.5307163,-75.84746357,-0.150177,,19.383801,18.476101
2054620443,341.1637504,-75.71866314,-0.52117801,,20.2647,19.383801
2054620470,341.1461697,-75.66724984,-0.103886,,19.7565,18.9384
2054652770,355.0288523,-74.92418454,0.121943,,19.570299,18.8897
421936800,342.7513039,-74.99449555,0.36775801,,18.1231,17.2934
2054652786,354.9649181,-74.88449305,0.121671,,19.242599,18.457899
2054652822,354.7547761,-74.83767906,0.25280899,,18.613899,17.874901
2025973338,338.0860659,-75.74180001,0.032234602,,18.997299,18.1598
2054648473,353.6776897,-75.77677699,0.27293101,,18.9067,18.057501
2054648498,354.1457338,-75.76335348,0.020340201,,18.9667,18.205099
2054652856,354.183477,-75.08709469,0.069719002,,19.6455,18.903601
2054652896,354.4227395,-75.04154008,0.29923999,,18.586201,17.9468
421936838,342.684594,-75.09451873,0.45126501,,17.1499,16.4792
2054651162,351.3893686,-75.08628258,-0.134433,,18.9664,18.2369
2054651164,351.3265646,-75.07618652,0.184925,,18.9095,18.105301
2054620566,340.799113,-75.64623867,-0.31567299,,20.1574,19.3169
2054620570,340.9583707,-75.63952505,0.240504,,18.965099,18.111099
273512539,347.3591816,-74.74427442,,,13.0296,12.2617
2025947178,325.918012,-75.99563001,-0.108421,,19.5462,18.626699
2025947640,325.6713483,-75.98538455,0.038685199,,19.382099,18.491301
2025947733,325.6568595,-75.91216001,0.12565,,18.638901,17.915199
2025947721,325.9524926,-75.88510248,-0.22224601,,19.4879,18.6644
2054652946,354.0843169,-74.9217636,-0.028678499,,19.782301,19.021
2054620968,341.0448724,-75.56831698,-0.66021198,,19.900999,19.1401
2054620973,340.890275,-75.5499426,-0.105545,,19.587999,18.866301
2054620875,341.5793673,-75.60319557,0.42475799,,18.970301,18.129101
2054647343,357.1137486,-74.89543704,-0.413921,,19.904499,19.068199
2054694306,356.8844085,-74.78455922,-0.0953492,,18.8664,18.1959
2025973384,338.6088845,-75.79175692,0.21448199,,19.9342,19.0501
2025973385,338.5313467,-75.79871244,0.22997899,,19.452101,18.551001
2025973399,338.7589194,-75.7392209,0.32593599,,18.518299,17.7059
2025973400,338.7045507,-75.76769806,0.54662102,,18.5385,17.656401
2025973401,338.6852563,-75.74645904,-0.16463301,,19.808201,18.956499
2025973410,338.7042752,-75.73057486,0.045960799,,19.364201,18.480101
2025947753,325.7864839,-75.87680269,-0.076564699,,19.853001,19.0422
2025947769,325.6999949,-75.85005574,0.17644501,,19.6257,18.768299
273514686,348.0641525,-74.31843267,0.58010298,,16.2822,15.4628
2054651187,351.2390333,-75.02230363,-0.130236,,19.101999,18.271299
273515068,347.9756678,-75.21682704,0.50029999,,16.229,15.4035
2025973428,339.1571111,-75.75022323,-0.306642,,20.193701,19.351
2025973431,339.1022069,-75.71763625,0.26322299,,19.078699,18.232
2054651855,351.8635004,-74.96122025,-0.465976,,20.105,19.317801
2054651859,351.8053886,-74.94497594,0.149517,,18.1761,17.5541
273512523,347.6934631,-74.79532086,1.4515899,,13.5556,12.7846
2025973462,338.9375092,-75.68027662,0.48215801,,18.8179,17.944401
2025973465,338.873679,-75.6722633,0.092133299,,18.9566,18.068399
2025973498,338.4075424,-75.75382263,-0.318501,,19.629999,18.7181
2025973501,338.4242943,-75.74205157,0.1788,,18.7721,17.8834
2054692160,359.4681099,-74.95235457,0.14747401,,18.2349,17.5266
277874350,352.9737869,-75.03963272,0.43955001,,17.6325,16.9382
2054648546,353.9492381,-75.68122094,-0.210743,,19.460199,18.5987
2054648558,353.6263702,-75.76116832,0.22665501,,19.2244,18.413799
277874556,352.983501,-74.23607836,0.35639799,,18.3283,17.6105
2054620895,341.3106893,-75.58902213,0.28029501,,18.4722,17.7019
2054692532,357.8487308,-74.91521867,0.38846901,,19.118,18.3925
2054620919,341.5290596,-75.54419739,0.52794498,,18.6112,17.8552
273512594,347.6321478,-74.58473466,1.8178999,,13.0449,12.351
273512636,347.3693478,-74.48577129,1.4360501,,13.0523,12.3009
2025981895,337.7004906,-75.01203927,0.393944,,19.7253,18.889099
2025981900,337.6731138,-74.98891476,0.089619704,,19.036301,18.1987
2025981903,337.7389436,-74.96886387,0.122609,,19.246201,18.4928
2025981909,337.5437726,-74.97898044,0.013505,,19.045,18.219299
277939778,355.2568958,-75.07507484,0.47207099,,16.1264,15.3223
2054692867,358.1124255,-74.67586262,0.050128799,,19.590799,18.8727
2054651920,351.3716111,-74.98186901,0.42130601,,19.4447,18.625299
2054651924,351.4216871,-74.97000197,0.129031,,19.129999,18.2973
2054651934,351.386497,-74.92061757,0.035861298,,19.9484,19.116501
2054651935,351.4099764,-74.90727564,-0.45683399,,19.5889,18.820299
2054621000,340.7557026,-75.5424763,0.196778,,18.974001,18.134001
277939818,355.2093454,-74.95118944,0.88498598,,14.9794,14.1457
277940002,355.545991,-74.29632179,0.63155699,,16.2885,15.5216
2025981965,337.4371025,-74.9766185,0.257561,,18.5529,17.7013
2025981967,337.4108727,-74.96045911,0.34401399,,19.1961,18.413099
2054621071,340.9150847,-75.42965453,0.145422,,18.788601,17.9664
2054621072,340.92996,-75.41208657,-0.049391799,,19.062901,18.247
2054621044,341.2053723,-75.44603727,0.094067499,,19.276899,18.4638
2054621045,341.2041703,-75.44006882,0.54095203,,18.9797,18.223301
2054651944,351.3543129,-74.89721825,0.40614799,,18.0833,17.347601
2054651952,351.6817884,-74.93729671,-0.24362101,,19.390699,18.774401
2054651954,351.7834223,-74.93532818,0.12835,,18.698299,17.913601
2054693774,357.9121048,-74.6013352,-0.69445503,,19.8515,19.120199
2054693779,358.055606,-74.59026342,0.241403,,18.623199,17.797899
2054694134,357.9420773,-74.26585137,0.30115199,,18.507799,17.735001
2025997498,325.9960681,-75.73138725,0.31177399,,19.693501,18.8556
2054648619,353.5603291,-75.66966606,0.27875301,,18.372499,17.678499
2054648627,353.45495,-75.66080378,0.029669,,19.5144,18.653099
2054621086,340.8789055,-75.39329987,0.276456,,18.624901,17.8326
2054621087,340.9518776,-75.38824464,0.086195603,,19.033899,18.3004
2054621090,340.880785,-75.38920971,0.23255999,,19.683599,18.891899
2054651975,351.6234062,-74.88687655,0.265055,,18.6304,17.865601
2054651990,351.3443836,-74.87282985,-0.21109401,,19.795,18.9709
2054651992,351.3252815,-74.85410349,0.124184,,18.9,18.106001
2054651998,351.5494829,-74.85556952,0.0882269,,19.258499,18.433201
2054621290,340.9387008,-75.31190957,-0.54694098,,20.2899,19.451599
2054621297,341.113464,-75.31057857,-0.0308166,,20.178801,19.3479
2054621105,341.5954862,-75.48046558,-0.060915299,,19.064301,18.3871
277874123,352.9989345,-75.90944629,3.9418299,,11.1985,10.3923
421936884,342.9057713,-75.22673874,0.098880298,,17.472099,16.6777
421936904,342.7020924,-75.30343876,0.41255701,,17.923401,17.087
2054648644,353.4833704,-75.60291963,0.43689901,,18.7663,18.051001
2054648657,353.3182565,-75.6006445,-0.0159634,,19.0919,18.2992
2054648672,353.1911635,-75.5450573,0.00522024,,18.564501,18.1108
2025981994,337.1450247,-74.97059586,0.28194299,,19.2612,18.5427
2025981998,337.0529743,-74.97951922,0.188738,,18.548599,17.738001
2025982019,337.2853011,-74.93021092,0.249043,,19.8498,18.9821
2025982024,337.1336488,-74.89311333,-0.0280883,,19.1084,18.257799
2025982029,337.4933668,-74.9415758,0.33182701,,19.5308,18.735201
2025997714,325.670743,-75.61122793,-0.0497288,,19.467699,18.7145
2054621129,341.4903384,-75.46134342,0.057804901,,18.8144,18.035801
293527108,352.2795801,-74.51021207,0.50354999,,16.1548,15.3187
293527408,352.1443972,-75.67702768,0.589486,,15.5394,14.7013
2025982052,337.5287598,-74.87069377,-0.42086899,,19.939501,19.204599
2025982059,337.4961378,-74.86041557,0.227341,,18.3507,17.6427
293527492,352.2786829,-75.95889177,0.38095501,,15.2465,14.7442
2025982082,337.2633575,-74.84001594,-0.00414589,,19.1091,18.376801
273514798,348.0775361,-74.57682738,0.578857,,15.3498,14.6593
2054694254,357.5096437,-74.75137034,0.229151,,18.420099,17.6103
2054648777,353.8817648,-75.53177459,-0.0149391,,19.4977,18.685699
2025997737,325.8350919,-75.57408404,-0.40173301,,19.9245,19.168501
273512558,347.6077374,-74.69882422,1.56208,,13.2995,12.5145
2054692989,359.8133179,-74.84268809,0.13704599,,18.2239,17.5091
2054652020,352.2275794,-74.95371176,-0.86805099,,20.332701,19.496799
2054694266,357.2026496,-74.85957125,0.321354,,19.419399,18.686701
2025999839,325.8409375,-75.4093446,0.110118,,19.618999,18.761801
2054694270,357.2198298,-74.83291358,-1.14709,,20.281,19.4431
421936998,342.6700082,-75.54044031,0.240044,,17.767099,16.9093
273476951,347.2919826,-74.38481402,0.0141276,,17.9107,17.077
273476991,347.2266904,-74.4849162,0.25960499,,17.700001,17.013
273476994,347.2621983,-74.48886882,0.227771,,17.840599,17.129499
2054648819,353.4413845,-75.57277097,0.37671399,,18.733,17.9186
2054648827,353.4524624,-75.54373698,0.180307,,19.177999,18.421801
2054652141,352.1437349,-74.75487723,-1.00994,,20.1824,19.4776
2025999939,325.7469061,-75.35192895,-0.0077508101,,20.229601,19.3612
2025999928,326.0924564,-75.30649147,-0.14492001,,20.3302,19.442301
2054652205,351.4941772,-74.77720712,-0.36969,,20.0413,19.2985
2054652219,351.5127913,-74.76495047,0.21840701,,18.3808,17.688
277939722,355.4959723,-75.24934941,0.562249,,15.1679,14.5041
293525220,351.9000158,-75.48942499,0.55325001,,16.1443,15.3111
273476998,347.0677227,-74.495746,0.177705,,17.677401,16.9128
2054694358,356.9892905,-74.72375723,0.28235,,18.8253,18.005199
277874384,353.1462441,-74.90237199,1.93195,,12.4439,11.7366
277874282,353.0115834,-75.25632685,1.70112,,12.1431,11.3535
277874300,353.1842963,-75.20144261,1.66936,,12.6927,11.8983
2025982735,338.0401363,-74.91427792,-0.14212599,,19.658199,18.942801
2025982756,337.8735295,-74.88958484,-0.61416,,19.335199,18.608999
273510542,347.0001504,-75.28211061,0.33532599,,18.1782,17.369301
2054621214,341.6523241,-75.37043481,0.478019,,19.394699,18.614
2026001043,325.7455419,-75.17422765,-0.141029,,20.306,19.4156
2054621230,341.5569467,-75.32356399,0.0704448,,18.9869,18.276199
2054621243,341.5745635,-75.30855048,0.32132301,,18.878799,18.077999
2054621257,341.1048464,-75.38803404,-0.84369302,,20.5144,19.6579
2054621258,341.2370578,-75.37758638,0.032779299,,19.2206,18.620199
2054652230,351.3807487,-74.7240759,0.0023666101,,18.976801,18.219999
277874435,353.0269273,-74.69704614,2.1434,,11.9998,11.3338
273510764,347.1414767,-75.90827297,0.33219999,,17.1437,16.302
293527490,352.3810853,-75.94486227,0.360612,,15.997,15.1217
273514781,347.9117221,-74.55052152,0.35389501,,16.5163,15.9829
2025982789,337.9190834,-74.84654677,0.51326197,,18.876301,18.016001
2025982845,337.9144681,-74.79846906,0.27491501,,19.5494,18.745199
2025982886,337.8958768,-74.7180569,0.141992,,19.3561,18.660601
277874559,353.009455,-74.22784742,1.55521,,13.6298,12.8074
277874621,353.1008542,-74.02282767,1.85957,,13.347,12.5916
261644735,351.0273609,-75.1995837,0.33151501,,16.942301,16.090799
261644892,350.9982726,-75.74769696,0.39320999,,17.132601,16.314899
2054652270,351.5874659,-74.70993992,0.35049501,,19.267799,18.556601
2054652273,351.5522562,-74.7214505,0.40581,,18.023399,17.2139
2054652274,351.5073589,-74.71493223,-0.37988701,,19.701599,18.990101
2054652283,351.500173,-74.67061204,0.265376,,18.4988,17.6996
2054621261,341.1529947,-75.34721183,0.35764399,,19.1234,18.424601
2054621268,341.3367589,-75.34658429,-0.081883498,,19.582399,18.7997
2025999775,325.2437104,-75.37672395,0.089277603,,19.742001,18.907
261562157,349.3395814,-74.11157943,0.147108,,17.529499,16.7297
261562159,349.6712206,-74.11302504,0.24526399,,17.5389,16.772499
261562201,349.3818928,-74.24645358,0.20497499,,17.797001,16.991899
261562228,349.5592178,-74.34279531,0.32794401,,17.702101,16.877399
261562232,349.5033347,-74.37443849,0.342372,,17.9487,17.173401
261562276,349.6407206,-74.53656154,0.36828899,,16.8377,16.005501
293525504,352.0380615,-74.51029836,0.117409,,17.253099,16.4627
273398898,341.0423527,-74.32236659,0.20579,,16.0961,15.679
407581260,344.9312262,-75.73569055,0.39219999,,16.7407,15.8858
421936961,342.607071,-75.43393959,0.22422101,,18.273001,17.4228
273510490,346.8811829,-75.13188756,-0.0126463,,18.223,17.377399
261562141,349.6508798,-74.06633679,0.363933,,17.333599,16.5236
2054694342,357.0907994,-74.71948304,0.083625697,,18.431299,17.726601
2054654862,352.0339576,-74.69191297,-0.0710954,,19.025299,18.292
2054654866,352.1533532,-74.67353832,0.44393101,,18.315901,17.5791
273514608,348.0870186,-74.13578005,0.42670101,,16.953899,16.125401
277939981,355.356944,-74.3962618,0.44987699,,17.498501,16.6665
261644475,350.9701949,-74.14460702,0.27043399,,17.180599,16.381901
2025982888,337.9130856,-74.71071675,-0.132709,,19.8678,19.077101
2025982889,337.6398367,-74.86910131,0.25817201,,18.981899,18.1966
2025982903,337.5118523,-74.80686085,-0.466681,,19.4856,18.656401
277911986,354.5552482,-75.40504582,1.21571,,13.6771,12.9133
2054621322,341.3096413,-75.29241882,0.290647,,18.541401,17.871599
2025982922,337.5140612,-74.78501663,-0.050621498,,19.6458,18.899401
2054648922,353.408601,-75.43870375,0.20495699,,18.632401,17.8447
2054648925,353.3721331,-75.41505926,0.230212,,19.082899,18.2439
2026000531,325.1704786,-75.22780508,0.393161,,19.7896,18.8836
2054654966,351.852726,-74.66697096,0.40612799,,18.3016,17.4706
2054654973,351.7867367,-74.66223289,-0.041851599,,18.8095,18.0723
2054654997,351.8240602,-74.60289156,0.36098099,,18.089199,17.2705
2025982945,337.3184192,-74.74835997,-0.38157699,,19.7516,18.939699
2025982951,337.4499216,-74.74822085,0.253261,,18.622801,17.7859
2025982961,337.4481742,-74.72037463,-0.062384099,,19.3885,18.714899
277912049,354.5193287,-75.15695383,0.83433598,,13.1005,12.3489
277912097,354.7263356,-75.01725313,1.40558,,13.2802,12.5019
261644800,350.882638,-75.42109289,0.16565301,,16.8001,15.9732
261644843,351.1499471,-75.57240727,0.31921801,,17.352699,16.660101
261644859,350.978916,-75.6297965,0.220305,,16.9123,16.1415
261644940,351.0710182,-75.91902491,0.40877199,,16.1215,15.3104
2025982973,337.783856,-74.73983997,0.10231,,19.2854,18.5872
2025982975,337.7212315,-74.74228287,0.28987899,,19.553801,18.84
2025982978,337.6457503,-74.75650655,0.29958799,,18.8878,18.220699
2025982979,337.6465016,-74.74121374,0.073516801,,19.8279,19.0261
2025982981,337.7165333,-74.72770872,-0.216653,,19.8755,19.062901
2025982994,337.7208088,-74.70570942,0.23591401,,18.4575,17.7241
2054621348,341.1482511,-75.27520951,0.0369871,,19.7323,18.929001
2054648942,353.4296294,-75.40486489,0.48141399,,18.8165,18.0431
2026000618,325.0952104,-75.16126089,0.061607301,,19.9716,19.0833
2026000653,325.2208929,-75.08422464,-1.32003,,20.5133,19.696699
261644942,350.9039196,-75.9319125,0.42606401,,16.498301,15.7585
293525128,351.8414947,-75.78160833,0.43800601,,16.751101,15.8798
293525250,351.8256903,-75.39291493,0.23680399,,17.125601,16.3307
293525529,351.8922967,-74.41752187,0.43341801,,16.7948,15.9686
293527039,352.2560826,-74.27586876,0.57140797,,16.373199,15.6045
293527423,352.038471,-75.72642027,0.37264001,,17.0569,16.2794
293527437,352.3848786,-75.75939781,0.49058399,,16.3708,15.5298
293527446,352.2926525,-75.80021454,0.132842,,17.000401,16.153
277912227,354.6755893,-74.56343335,1.7071199,,13.3383,12.5267
2026000750,324.9653292,-75.09684664,-0.074329697,,18.4618,17.976101
2026000777,324.8600483,-75.09132768,-0.23431601,,19.6455,18.811501
2026000769,325.101341,-75.05274933,0.271763,,19.756001,18.919701
2026000770,325.0193444,-75.04622927,0.163105,,19.0194,18.1297
2026000775,324.8058187,-75.09679358,-0.051924001,,19.627399,18.7251
2054694400,357.6190196,-74.69246544,0.227654,,18.246799,17.511801
2054649556,353.856377,-75.42346314,0.097751804,,18.684299,17.9256
2054649558,353.8936465,-75.41803267,-0.581164,,19.867399,19.1891
2054649578,353.8228171,-75.3815525,-0.144177,,20.0093,19.2437
2054649634,353.8474947,-75.33489733,0.143693,,18.427601,17.7456
2025983027,337.6809754,-74.65000678,0.094689399,,20.257401,19.4046
2054621364,341.2775491,-75.20950169,0.141569,,17.9744,17.618999
2054621365,341.3017049,-75.19797044,0.301635,,18.6136,17.854401
2054621370,341.1380603,-75.2075833,0.060639001,,18.7939,18.009399
2054621763,340.9689198,-75.1406891,-0.17795201,,18.698299,18.1119
2054655009,351.6000185,-74.61643788,0.223305,,19.179501,18.329
2054655018,351.5428084,-74.61192906,0.33506,,18.672501,17.819099
2054655036,351.583026,-74.55584024,-0.32446799,,19.923201,19.1756
2054649669,353.7115775,-75.39214474,0.332261,,18.612101,17.940701
2025983089,338.2034925,-74.65827384,0.27991199,,18.857599,17.999599
2054649675,353.5474688,-75.35695066,0.35030401,,18.4625,17.652201
2054649692,353.6354101,-75.31310424,0.18582401,,19.937599,19.076799
2054757340,341.0090905,-75.08095185,0.085788101,,18.955799,18.2386
2054649706,353.4845759,-75.33623387,-0.097150199,,18.369101,18.0109
407581216,345.0188414,-75.37582376,0.230901,,17.358299,16.628
273514879,347.715525,-74.71044247,0.26669499,,18.2514,17.448299
2054694410,357.520461,-74.71798386,0.57348001,,18.1346,17.4238
261644894,351.0810725,-75.7521547,0.237946,,16.9673,16.135
293525572,351.9832237,-74.28860543,0.16935401,,17.7181,16.9282
2054694425,357.4089211,-74.66821041,0.27531099,,18.774401,18.0679
2054694430,357.5353163,-74.67990775,-0.55915302,,20.121201,19.2805
2054756803,341.6565842,-75.24559937,0.10976,,18.704901,17.9009
2054694454,357.7714277,-74.67802613,0.089429103,,19.6957,18.983
2054694455,357.7700598,-74.67619562,-0.67137098,,20.458599,19.6154
2054694483,357.6592615,-74.59182415,0.119174,,19.511101,18.6826
2054694492,357.426497,-74.60632749,-0.038195901,,19.8386,19.0648
2054694497,357.3980568,-74.58174086,-0.089144401,,19.2019,18.4951
2054694500,357.3804815,-74.58709251,-0.103892,,19.994801,19.1957
2054756895,341.8326203,-75.11896322,0.0270143,,19.114799,18.279699
2054756897,341.8009574,-75.10725554,0.249908,,19.178801,18.3507
2054756900,341.8429249,-75.09797528,-0.018136701,,18.8477,18.1287
2054756905,341.7938549,-75.0869875,0.088877499,,20.180401,19.3423
2054756922,341.429698,-75.16908452,-0.0152089,,19.103701,18.3486
2054694507,357.5495873,-74.58744187,-0.461528,,19.7113,18.8899
2054694511,357.5233178,-74.58951607,-0.270634,,19.7544,19.0844
2054694518,357.4010578,-74.5582214,-0.14710499,,19.816099,19.024099
273398870,341.2947761,-74.38804589,0.334382,,17.216999,16.4
293527245,352.3506505,-75.07498463,0.44198599,,16.930901,16.080299
2054694534,357.0753383,-74.64389146,-0.77710003,,20.204901,19.4035
2025983266,337.7114446,-74.55687812,0.147652,,19.7066,18.9711
277939514,355.5215534,-75.89293967,0.428543,,17.1383,16.3221
277939805,355.376878,-74.99122747,0.194428,,16.976999,16.353201
261644803,350.9310285,-75.44335688,0.201234,,17.489599,16.6411
261644839,350.9453416,-75.5428309,0.39022601,,17.2803,16.4359
2054694549,357.2005351,-74.58947469,0.213165,,18.3528,17.668301
2054694552,357.1846836,-74.60341111,-0.66381502,,19.810499,18.997801
2026000808,324.9142521,-75.01712039,0.0552609,,19.679199,18.799101
2054649732,353.3339186,-75.28944121,-0.56325698,,20.1031,19.261499
2054649746,353.5834468,-75.27777324,-0.0227024,,18.706699,17.9417
2054756938,341.4198899,-75.15486118,0.112533,,19.136999,18.492901
2054756940,341.5230668,-75.14679312,0.375696,,18.847799,18.0042
2054756956,341.2445896,-75.15836357,0.358233,,19.245199,18.5483
2054756962,341.2059933,-75.12555459,0.449157,,19.365101,18.514999
2025983297,338.0908631,-74.5493296,-0.15630101,,20.204,19.3486
2054694603,356.9171973,-74.54030609,-0.34551901,,19.2659,18.5441
2054694607,357.3192237,-74.56385203,0.29782099,,19.4105,18.5989
2054694610,357.1175484,-74.53636179,-0.15537401,,19.557501,18.7948
2054655057,351.8492318,-74.55779577,-0.53161198,,19.986,19.179701
2054655064,351.8394723,-74.53752093,0.44905999,,18.846399,18.0998
2054695203,357.6514029,-74.52768214,0.23894,,18.8867,18.0502
2054695209,357.8207649,-74.52371009,-0.0448034,,19.1131,18.351999
2054655092,351.6855485,-74.48418913,-0.36012501,,19.731199,19.002501
293527255,352.1727842,-75.1117736,0.32790399,,17.7596,16.912201
293527414,352.2401439,-75.68536783,0.29317501,,17.564301,16.7314
293527455,352.1380386,-75.82566172,0.265935,,17.5026,16.634199
2054756974,341.3849281,-75.09982781,0.435765,,18.780001,17.967899
2054756986,341.6458831,-75.12786352,-0.144693,,20.074699,19.2651
2054649773,353.4945269,-75.26180122,0.32497799,,18.104,17.3545
2025983343,337.7809325,-74.46139419,0.35906199,,19.284901,18.483101
2054695272,357.6221516,-74.45804723,0.0346427,,18.351101,17.7013
2054695283,357.7286057,-74.42873673,0.236177,,18.566799,17.735399
2054695285,357.721242,-74.42158498,0.084866598,,19.983801,19.1703
2054695293,357.5115507,-74.43321476,-0.30059499,,19.848101,19.114901
2025983366,337.2308146,-74.72431571,-0.031672999,,19.4541,18.627001
2054695306,357.6103367,-74.3711188,0.130669,,18.8438,18.041401
2025983400,337.0373933,-74.63772758,-0.159439,,19.426901,18.604401
2025983427,337.2403432,-74.6133352,-0.38942501,,19.3304,18.5028
2054649780,353.4266454,-75.24949502,0.0921112,,19.592699,18.837601
2054649786,353.5669501,-75.24081338,0.198192,,18.422001,17.724899
2025983438,337.4211906,-74.58528079,0.34833699,,19.311199,18.552601
2054650125,352.7664484,-75.61140612,0.020770701,,17.7817,17.0634
2054650139,352.7577646,-75.57721282,0.180224,,17.775299,16.926001
2054655106,351.5455516,-74.43987165,0.2262,,18.488199,17.688601
2054655111,352.4611847,-74.56012015,0.087261699,,18.816,18.169399
2054655262,351.7723763,-74.44260119,-0.21955299,,19.2388,18.5275
2054650255,352.2248229,-75.53149244,0.34294799,,17.890499,17.113001
2054655266,351.6712364,-74.43669369,-0.168322,,19.5406,18.694201
2054655268,351.7327302,-74.40808212,-0.572999,,19.567301,18.838499
2054655271,351.5712465,-74.40540419,0.069256499,,18.886299,18.1476
2054650259,352.1494769,-75.51884419,0.17174099,,18.559,17.7693
2054695348,357.1221443,-74.41030959,-0.219428,,19.312099,18.5194
2054695399,357.2644678,-74.3728779,0.36350101,,18.8995,18.063299
2054649867,353.8961275,-75.22853307,0.240035,,19.0851,18.355801
2054649962,353.835488,-75.2405312,0.338245,,19.059099,18.331301
2054649981,353.7995106,-75.17612449,0.24659701,,19.861,19.0548
2054757005,341.5123954,-75.07674407,-0.17032801,,19.454901,18.7404
2054757009,341.5400925,-75.08471929,0.042201899,,18.6448,17.923201
2054757039,341.3511071,-75.05428316,0.290418,,18.8479,18.0452
273512317,347.4802456,-75.33778401,0.71084797,,13.9578,13.2471
273572069,357.1199951,-75.56529651,0.0981071,,18.3361,17.654301
293528569,359.4488201,-75.74005513,0.297077,,17.458799,16.7173
273512493,347.4113923,-74.87168957,0.244414,,16.436501,15.6887
273512683,347.6367055,-74.32268684,0.38122901,,16.914801,16.1828
273398875,341.1382511,-74.37799554,0.30970201,,16.822399,16.0821
2054695465,357.8257098,-74.36675017,-0.110004,,19.400999,18.6388
2054655316,352.066052,-74.33637509,0.32168099,,18.1684,17.489901
2054655340,351.6129322,-74.29176539,-0.0227658,,19.4851,18.690901
2054695489,357.6719616,-74.3174177,0.035729598,,19.110399,18.322701
2026001710,325.1736203,-75.01272347,-0.078462303,,19.700899,18.9562
2054695530,357.7915426,-74.30754432,0.24175499,,18.657101,17.820299
2026038463,324.9224564,-74.8936183,0.32920101,,19.8043,18.985701
2026038533,325.1580816,-74.82138081,0.39994401,,18.6385,17.903299
2054757062,342.2185752,-75.13411885,0.133223,,19.895399,19.068001
2054649996,353.5178114,-75.18275968,0.42611599,,19.0846,18.347
2054650047,353.7919998,-75.07829701,0.00308421,,19.398399,18.625999
2054650048,353.8235697,-75.07823625,0.39131501,,18.955999,18.1789
2054650050,353.9209858,-75.07239387,0.28193399,,18.7582,17.933599
2054695557,357.6637218,-74.23416753,0.198456,,18.664101,17.9639
2054695569,357.481028,-74.24320246,0.17235599,,19.1157,18.343399
277910144,354.3945136,-74.32059481,0.00345204,,17.4881,16.8099
277910198,354.1556838,-74.5113116,0.0985661,,17.7097,17.0065
273512798,347.6901601,-74.02090563,0.44977,,16.698799,15.8897
273512239,347.3238551,-75.53110079,0.513147,,16.2768,15.4628
273512249,347.4546515,-75.51465465,0.77253002,,16.704201,15.859
273512522,347.3376847,-74.79777253,0.39915401,,16.583099,15.7884
2054757124,342.2386317,-74.9891195,0.29243201,,19.3018,18.629101
2054757126,342.3995611,-74.98527225,-0.213874,,18.8675,18.211201
2054757195,341.6216375,-75.02462784,0.18609001,,19.160801,18.3181
2054650509,352.4690966,-75.32808906,0.134607,,18.709801,17.8501
2025983649,337.4117844,-74.56312322,0.161459,,18.8619,18.085501
273512763,347.3798766,-74.10453122,0.43885401,,16.6416,15.8077
273512236,347.6532158,-75.54985079,0.51011902,,15.4746,14.6299
273512347,347.4291942,-75.29880105,0.56616497,,16.005501,15.2269
273512368,347.6004694,-75.23866296,0.33515799,,16.196501,15.3995
277874472,352.9745553,-74.56750995,0.69416898,,14.8135,14.159
2054757261,341.7051784,-74.91164145,0.44253701,,18.721701,17.954
2054650553,352.2145873,-75.27103313,0.052232102,,18.095699,17.286501
2054650585,352.3887615,-75.28670359,0.161752,,18.2027,17.4396
2054695635,357.0822827,-74.20451389,-0.0233647,,18.9484,18.285999
2054695650,356.9568026,-74.1661365,0.30059499,,18.304501,17.5161
277874568,352.9354193,-74.17075142,0.823394,,14.5625,13.7332
277911888,354.6925838,-75.73995172,0.24099299,,16.405899,15.6408
277874429,353.1869992,-74.72829477,0.30374399,,15.9779,15.5139
2054650158,353.0603974,-75.59731125,0.072508,,18.989599,18.353701
2025983728,337.2502967,-74.44511369,0.54997897,,18.883499,18.066999
2025983730,337.6517117,-74.48552818,0.0621466,,18.760201,18.0215
273512417,347.5233139,-75.0856034,0.59249997,,15.9632,15.1308
277874392,352.9930418,-74.86567882,0.48083499,,16.5292,15.7751
277874478,353.175216,-74.54498248,0.29773301,,16.522301,15.8017
277874560,353.1396082,-74.22179578,0.278469,,15.9201,15.2409
2054650992,351.9406244,-75.18587006,-0.0193261,,18.621799,17.8748
2054650331,352.1969633,-75.36102361,0.11999,,19.5273,18.721399
2025983747,337.5070863,-74.44429636,-0.27749899,,19.1759,18.477501
2025983748,337.6910649,-74.45649065,0.127731,,19.853399,19.095501
2054655356,353.5307066,-74.5882321,-1.07925,,20.309099,19.562401
2054656044,352.025452,-74.21128247,0.179903,,18.445,17.728901
2026039038,325.046026,-74.54990043,-0.37762699,,20.177299,19.340401
2054667854,343.7545873,-75.31106294,-0.084772199,,19.195601,18.5228
2054667861,343.8960629,-75.29953842,0.20209301,,19.2579,18.498899
2054667865,343.7656783,-75.2778341,0.0866521,,19.2115,18.452
2025983764,337.6495283,-74.40346199,0.123721,,18.8953,18.061701
2025983771,337.3369942,-74.43751316,0.305621,,19.5996,18.805401
2025983772,337.3387252,-74.42732577,0.333397,,19.097401,18.328199
2025983776,337.3759424,-74.4093584,0.30112299,,18.3951,17.655701
277874388,353.1356228,-74.88624216,0.33239499,,15.6331,14.9757
277911913,354.6866392,-75.64869989,0.56277102,,16.1292,15.3127
277874353,353.0416608,-75.03188579,0.37702999,,16.035801,15.3346
2054695670,357.2067711,-74.15916337,-0.313537,,19.948,19.122299
277874432,352.9987727,-74.71558299,0.49790999,,16.3512,15.4995
277874518,352.9877927,-74.38385451,0.260389,,16.371,15.5793
277874536,353.1715097,-74.30972704,0.41163501,,16.045601,15.213
2054656132,351.7412197,-74.1022701,0.62313598,,19.140699,18.332199
2054651383,352.3106346,-75.12780991,0.038728401,,18.0056,17.243299
2026039093,325.0238309,-74.46988428,-0.412478,,19.8571,18.9764
2026039527,325.0229073,-74.4268954,-0.47669801,,19.5797,18.762199
2025983802,337.0466838,-74.48587849,0.113838,,18.7174,17.860901
277911828,354.4070149,-75.96487869,0.402439,,15.9859,15.1737
277911834,354.5960164,-75.94240652,0.475959,,14.9466,14.2473
2054695676,357.328794,-74.17134756,0.215352,,18.6968,17.878
273512732,347.4229329,-74.179093,0.53328001,,15.6684,14.9084
394653685,358.8436752,-74.06268901,0.555776,,15.9435,15.1484
394653779,359.0063997,-74.38416449,0.62220401,,16.1651,15.3141
2054651573,352.895881,-74.96606305,0.276896,,18.2698,17.4321
273512655,347.3158224,-74.39674544,0.87334597,,14.7792,13.9867
273512752,347.4452901,-74.12473182,0.76554501,,15.3861,14.5514
2025983831,337.0096713,-74.42300609,0.168975,,19.645201,18.807899
2025983911,337.0495616,-74.34965284,-0.55518699,,19.7362,19.015301
2025983944,336.9566322,-74.28600981,0.14861199,,18.8871,18.064199
2025973519,338.4500763,-75.6767615,0.035109401,,19.8158,18.936199
2026042774,325.1487293,-74.41528902,-0.32177499,,19.8398,19.126499
2054656133,351.7357489,-74.09720636,0.18796,,19.672501,18.921499
2054697200,358.1241301,-74.12745644,0.035252102,,19.645201,18.8461
2054698760,357.687331,-74.12676395,-0.037328199,,19.889,19.0833
2026043322,325.0686797,-74.27257795,0.171139,,19.009001,18.290001
273512336,347.5650797,-75.313986,0.27686301,,15.5187,14.8767
2025973540,338.1871532,-75.67936586,0.41028801,,19.195499,18.3032
2025973546,338.2982868,-75.67837441,0.101787,,18.9676,18.0536
2025973552,338.3847312,-75.66207341,0.297593,,18.7243,17.9748
273512641,347.6202098,-74.47089295,0.69755203,,14.9946,14.1558
277939603,355.188362,-75.66031449,0.289446,,16.8153,16.088301
277939707,355.5771462,-75.29485346,0.184165,,16.984301,16.189199
277939893,355.3829812,-74.68883994,0.279944,,16.8542,16.057699
273419039,343.7996768,-75.04890995,1.15798,,13.846,13.1197
273419184,343.8304086,-74.67623387,1.08833,,13.8301,13.0858
407581185,344.8868795,-75.21971344,1.32829,,13.8179,13.0682
273369624,340.5828394,-74.11290722,0.044982798,,16.9233,16.1478
392815196,346.7820882,-75.97018643,1.11279,,,
2054650424,353.2363547,-75.35704013,0.193321,,18.803801,17.950899
392814870,346.841513,-75.01705761,3.8622501,,10.5328,9.9373999
392814871,346.8377807,-75.01786201,3.3838401,,9.8713703,9.3707199
392815102,346.7585346,-75.68517748,3.41256,,11.905,11.0943
392815198,346.8622185,-75.98067022,2.3006799,,11.8673,11.1999
2054667917,343.3568029,-75.27631404,0.16366801,,18.8934,18.15
2054667919,343.2926951,-75.30193937,0.42480999,,17.9772,17.216499
2054651740,352.1067146,-75.08574503,-0.035010599,,18.692101,17.892
277911932,354.5018418,-75.56538688,0.062075902,,16.1579,15.3722
277912166,354.475472,-74.81514001,0.54507399,,16.1654,15.3385
273396909,340.692314,-75.74926523,0.224696,,17.3752,16.5837
273418791,343.8147025,-75.73158656,0.27799499,,16.983999,16.241199
273419040,343.9474037,-75.04683812,0.36101601,,16.6064,15.7701
273419091,344.0347657,-74.89915113,0.451608,,16.696699,15.8765
407580950,344.9436009,-74.01096738,0.59737802,,16.2682,15.4627
407581123,344.9236113,-74.87164032,0.369748,,16.668301,15.8255
277874181,353.173636,-75.68426222,0.89116502,,14.0182,13.3872
2026043406,325.068116,-74.23442111,-0.54241502,,20.5443,19.6849
277939978,355.2324698,-74.39797762,0.238086,,16.968901,16.2838
392814800,346.6599318,-74.79871077,0.91618502,,13.6219,12.9102
392814893,346.5676005,-75.07343637,1.97507,,12.991,12.261
273512707,347.5886343,-74.23868829,1.30782,,14.6447,13.8014
273512762,347.5607066,-74.10589976,0.55147398,,14.8029,14.0221
2054698761,357.6664785,-74.12272499,0.37373,,19.1161,18.315901
2054698765,357.7406677,-74.11314107,-0.38778901,,19.775,18.993999
2054698767,357.6185488,-74.17633982,0.11381,,19.369699,18.5539
2054674339,350.8895588,-75.20304355,0.246874,,18.884899,18.213699
2054674636,350.9630786,-74.99624432,-0.202694,,19.688499,18.8965
2025973584,338.7427108,-75.64161938,0.200109,,19.728001,18.8473
2025973603,338.3584767,-75.62537787,-0.0264368,,19.8379,18.9765
2025973604,338.4549347,-75.62263975,-0.324462,,19.3932,18.4909
261592131,350.1241597,-75.51515173,3.4194601,,,
261591694,350.456471,-74.1669438,2.0659101,,11.932,11.1994
2054674668,350.8275159,-74.98085373,0.0242393,,19.8032,19.0907
2054675400,351.131696,-74.91356438,0.192656,,19.7208,18.928301
2054675402,351.0496817,-74.92968179,0.14388099,,19.0212,18.289801
2025973608,338.3310345,-75.61869908,0.121103,,18.5604,17.864599
2025973616,338.5211721,-75.5934725,-0.055702198,,19.0287,18.196301
2054698792,357.4585054,-74.10367685,0.374459,,18.904499,18.300501
2054675451,350.9666142,-74.82581233,0.16918901,,19.5049,18.6523
2054675462,350.8804154,-74.80855517,0.14357901,,19.076401,18.2906
407581200,344.8550913,-75.27232314,0.090361603,,16.6915,16.0888
407584732,352.721634,-74.11092143,0.35031101,,16.7516,16.101
407584738,352.851756,-74.13488818,0.35695899,,16.8883,16.1042
407584767,352.7074794,-74.33028385,0.24412601,,16.7197,16.045099
407584768,352.7707637,-74.34571356,0.49290499,,16.559799,15.7754
2054667982,343.3555345,-75.19943107,0.123105,,19.2637,18.544701
290305568,328.503746,-74.98050198,0.759408,,17.342899,16.4559
392815021,346.6088205,-75.47711473,1.1051,,13.5368,12.7976
392815033,346.9202935,-75.51680269,1.06967,,13.1321,12.488
392815193,346.5574385,-75.95796667,1.8986599,,13.4809,12.6383
2025973949,338.014118,-75.63272666,0.13145199,,19.1334,18.371901
2054675471,351.1374041,-74.84716269,-0.31581399,,19.4258,18.6859
2054675474,351.0952805,-74.82122668,0.303316,,18.7551,17.9482
2054698836,357.5664585,-74.02682818,0.20322099,,18.9562,18.136499
2054698854,357.4039595,-74.10810914,0.0509836,,18.8046,18.152
261592170,350.1560229,-75.63279815,16.878201,,7.41891,6.8537202
277874406,353.2086209,-74.80058312,0.36067501,,15.2494,14.5131
277874461,353.0190258,-74.60899215,0.778956,,14.1833,13.3395
277874594,352.9792891,-74.10361617,0.71555603,,14.6127,13.9422
2054698921,357.3838839,-74.01653877,-0.59142601,,19.545601,18.8304
2054675484,351.2785398,-74.79382779,-0.124548,,19.517599,18.8076
2054675524,350.988023,-74.72811216,0.360659,,18.337,17.5364
270275178,334.2557428,-74.49722007,0.460044,,17.851,17.0203
2054675678,351.3197834,-74.71373415,0.15911201,,18.636801,17.9203
2054675681,351.285257,-74.72238044,0.24654301,,18.112801,17.4687
2054675717,350.9022413,-74.61098053,-0.182592,,19.4671,18.643101
273512423,347.5769075,-75.0625534,0.275123,,16.6803,15.8606
273512573,347.4429097,-74.64829344,0.33768299,,16.6982,15.9044
2054698993,357.791655,-74.00437475,0.15589701,,18.573601,17.794701
277911878,354.5623939,-75.77699253,1.54361,,14.4634,13.6341
2025973999,338.0187125,-75.55879696,-0.82031202,,20.6259,19.7178
2054651805,352.1432055,-75.03778763,0.024596,,18.384899,17.578501
277911929,354.6245434,-75.57499889,0.64562899,,15.0607,14.2454
2025974045,337.9358117,-75.51737948,-0.91718602,,19.9468,19.059099
2025974217,339.9502466,-75.82143303,0.032134,,19.968201,19.1007
2025974673,338.9321508,-75.58827989,0.053654101,,18.7787,18.0868
261591766,350.3584139,-74.36069839,1.00322,,13.4237,12.7877
261591778,350.1127936,-74.39510655,1.4892401,,12.8356,12.1757
261591796,350.2913043,-74.44384277,1.5725501,,13.636,12.8788
2026043861,324.9938644,-74.06436018,-0.101804,,19.415001,18.577101
2054667989,343.3871324,-75.17903635,0.227257,,18.616301,17.9375
2054668038,342.8452316,-75.41708041,0.54175103,,18.7479,18.062201
325339534,335.1234217,-74.61008784,0.58581001,,17.5777,16.8218
2054675800,351.0042027,-74.54335925,0.460803,,18.7805,17.9951
2054647940,354.9988081,-75.98742598,0.067489997,,19.7118,18.863001
2054642168,355.8413944,-75.98335248,0.13581701,,18.5464,17.7134
261591810,350.1854475,-74.49059597,1.50956,,13.7302,12.9278
261591861,350.3931302,-74.65584904,2.9440501,,12.8781,12.0738
293569839,359.6416462,-74.68416207,0.39029899,,16.4261,15.599
293570115,359.7925995,-75.48549341,0.26410899,,16.7356,15.9603
2054668314,342.9993576,-75.29284013,0.353937,,18.7763,18.0741
2054668322,342.992362,-75.26446329,-0.229131,,19.328899,18.627399
2054651832,352.0878249,-74.96075118,0.0508474,,18.763599,17.9284
2026001598,325.4120951,-74.98083379,-0.00526613,,18.7579,17.995199
2026001646,325.7984712,-74.95887711,0.22169399,,18.9361,18.073999
2026001641,325.7375168,-74.97145145,0.056860399,,19.617201,18.754
293527244,352.412429,-75.06706157,0.37332001,,17.2766,16.467699
273419087,344.0079725,-74.9146746,0.450216,,16.756399,15.915
293570145,359.5616903,-75.59665881,0.237688,,14.7251,14.3336
273419015,344.1550081,-75.10650227,0.40656799,,15.4169,14.7905
277912014,354.478915,-75.28889185,0.78404701,,15.5586,14.6979
277912023,354.4111274,-75.25742413,0.59463799,,13.8043,13.0421
277912056,354.6430215,-75.14455112,0.71071303,,14.8129,14.0645
277912090,354.5551085,-75.03096225,0.52208602,,15.1937,14.5625
2026001932,325.949583,-74.85034849,0.23486701,,20.0942,19.2227
293570037,359.6912342,-75.24184571,0.54566097,,15.8954,15.0809
293570087,359.821896,-75.40506176,0.84671801,,16.1229,15.3154
407581009,345.0618011,-74.33140273,0.26202801,,16.3304,15.5293
2026001996,325.9263504,-74.80950008,0.32895699,,18.844601,18.0266
277912107,354.572696,-74.96385459,0.57417798,,15.6467,14.9491
277874136,353.0028604,-75.85503422,0.474435,,16.6588,15.7878
277874195,353.1435135,-75.63807869,0.38796899,,16.483,15.6233
273396762,340.92509,-75.28330662,0.50950199,,16.302299,15.4905
273418913,344.1376652,-75.37634151,0.36336401,,16.364201,15.605
407581104,344.9567276,-74.78707559,0.50546497,,15.9425,15.1734
2026002158,325.8509621,-74.69045597,-0.020979401,,19.566401,18.782801
2026005684,326.0509208,-74.63135736,-0.93134397,,20.510599,19.6824
261562246,349.4301885,-74.40452286,0.0087989504,,17.5242,16.732
293570076,359.5835004,-75.36867945,0.47946301,,16.3041,15.4595
273396317,340.7395139,-74.02721624,0.45396501,,16.1134,15.4005
273396371,340.9896188,-74.17475743,0.45381501,,15.984,15.2731
273396498,340.890978,-74.55974883,0.49851099,,16.061899,15.2792
261591874,350.2275511,-74.70263355,1.26323,,12.5523,11.8008
261591915,350.4601585,-74.83280313,1.0174,,13.5972,12.8073
261591967,350.2840846,-75.00503026,1.8477499,,13.6754,12.8718
261591996,350.1871436,-75.08896482,2.4895101,,11.457,10.6998
2054654481,352.9168184,-74.7980249,-0.214745,,18.553699,17.8255
2025974817,338.5489126,-75.49396713,0.47657001,,18.937201,18.1215
277911830,354.4495174,-75.95202053,0.39786401,,16.561501,15.7375
2054642356,355.7574735,-75.92869524,0.31378999,,19.220301,18.441799
2054642357,355.7277717,-75.95653947,-0.33198601,,20.016001,19.160601
261592260,350.2230475,-75.94615764,1.72273,,11.987,11.2718
273396732,340.8523547,-75.18956359,0.51890099,,16.052999,15.3186
277911940,354.5401532,-75.53712583,0.365953,,17.027201,16.180599
277912006,354.5640082,-75.32027969,0.426496,,16.3887,15.5838
2026042570,325.6593652,-74.51261425,0.135408,,19.7414,18.959299
2026042684,325.69863,-74.42747561,0.14150999,,19.808201,19.0501
2054668344,342.9872764,-75.21868594,-0.30102301,,20.090799,19.2652
2025974840,338.8133017,-75.47557954,-0.35458899,,19.1889,18.4072
2025974841,338.8156577,-75.47588148,-0.23746701,,19.721901,18.855301
293527359,352.1366097,-75.53544347,0.454054,,16.724501,15.8788
2054668388,343.0982376,-75.20946448,-0.123544,,20.1257,19.291201
277912118,354.4051236,-74.93750525,0.65767598,,16.7981,16.0086
273419280,343.9771016,-74.46745055,0.41690999,,16.323999,15.4797
273419407,344.0335417,-74.11337461,0.46865201,,16.300699,15.5023
261593419,350.8458403,-75.58246523,2.0889299,,13.292,12.5034
261593460,350.7748102,-75.43339997,1.24038,,12.6672,11.9191
261593464,350.557752,-75.42966768,1.73894,,13.4346,12.6128
273419427,344.0628367,-74.05816715,0.76100898,,15.1939,14.3939
407581052,344.8682386,-74.55742967,0.60195398,,15.9618,15.1532
407584842,352.8757529,-74.89046742,0.32433799,,16.275801,15.4494
407584923,352.7290655,-75.41597418,0.77028799,,16.1175,15.2605
407584972,352.7214829,-75.71090755,0.46896201,,15.7786,14.951
293569631,359.879342,-74.00111351,0.52376097,,15.9428,15.1433
293569753,359.7248241,-74.374921,0.75016499,,15.1687,14.324
2054669215,343.0042553,-75.05953567,0.16015799,,18.858,18.092199
277912225,354.5328483,-74.56743814,0.35858101,,16.7166,15.8483
261593555,350.7831132,-75.10063611,1.4934601,,13.2299,12.4198
273512304,347.4199746,-75.35921735,0.210843,,16.958599,16.170799
273512338,347.5768332,-75.31140256,0.29816899,,17.000099,16.182699
273512339,347.6047212,-75.30904647,0.52318799,,16.5501,15.7423
273512373,347.6637463,-75.22485842,0.33859199,,16.340099,15.6192
2026109320,338.8222681,-74.40877547,-0.089054704,,19.8535,19.1014
2026109641,337.669403,-74.33590684,0.177411,,18.7812,18.101101
2026109643,337.8267968,-74.36377379,0.24510901,,18.548901,17.8988
2026109645,337.7400371,-74.34946962,0.107754,,18.943001,18.1714
2026109672,337.4096583,-74.31624542,0.340711,,19.2477,18.408501
273512413,347.5886193,-75.09161037,0.217645,,16.9597,16.524
273512598,347.534095,-74.57402758,0.41976801,,17.0534,16.235701
273512651,347.4940463,-74.41522282,0.33008501,,16.722401,15.9215
273512791,347.6022591,-74.03986537,0.380164,,16.8529,16.0193
2054654824,352.2521508,-74.74851692,-0.028573699,,18.7712,17.9555
2054654853,352.0993693,-74.69462738,-0.14453501,,18.477301,17.626801
277911921,354.4256473,-75.61478133,0.22519299,,17.1588,16.316601
277911957,354.5804431,-75.48089454,0.52437699,,17.023001,16.200899
293507420,351.5748075,-74.08071939,2.9953301,,11.0886,10.4112
2026042841,325.6556982,-74.34307704,0.165659,,19.942301,19.1154
293569991,359.5056169,-75.15869655,0.549532,,16.102699,15.3002
293569994,359.7369154,-75.16666211,0.33358899,,16.2577,15.4832
293570067,359.8622879,-75.34595587,0.87540197,,14.8322,14.0348
2054668645,343.8658277,-75.23526722,0.105861,,18.739901,18.004999
2054668662,343.9413247,-75.17473753,0.098800398,,19.1922,18.6117
2054654884,352.4171221,-74.68478378,0.14331201,,18.3766,17.570801
2054654897,352.3440651,-74.63199496,0.206209,,17.957899,17.194599
293570141,359.8001288,-75.58647084,0.56726497,,15.948,15.1083
293569831,359.5945048,-74.65278943,1.54199,,14.0537,13.2781
273512437,347.6849157,-75.01036973,0.46267599,,16.990101,16.155001
2025990423,327.4886248,-75.82863261,0.34639999,,19.8013,18.8771
2025990482,327.7072918,-75.81185951,-0.172607,,19.660101,18.769501
2054668763,343.8348009,-75.20132339,0.335812,,18.485001,17.8111
2054668764,343.7884884,-75.18721062,0.156626,,18.939899,18.190901
2054668787,343.5433641,-75.17481271,0.440835,,18.064699,17.346201
277874130,352.9337049,-75.88159021,-0.021725999,,17.951099,17.165001
2026109714,337.8956604,-74.26592125,0.00160865,,19.427999,18.6961
2026109717,337.7989733,-74.27734925,-0.178183,,19.341,18.6077
2026109725,337.790253,-74.24844422,-0.154369,,19.176901,18.4585
2026109754,337.7423291,-74.24674389,0.210146,,18.7344,18.1173
2026109759,337.6098366,-74.24153671,0.234569,,18.52,17.800501
2054642392,355.5458343,-75.91236183,0.40779099,,18.2327,17.497499
2054642396,355.5511171,-75.88888035,-0.155801,,18.7094,18.015499
2054642412,355.5362484,-75.87601707,-0.391184,,18.487301,17.8969
2054642413,355.5911823,-75.86402062,0.115084,,18.837099,18.1329
293525105,351.7398555,-75.90058669,0.22341201,,18.138,17.2981
2054642433,355.827489,-75.83651472,-0.103604,,18.994499,18.2384
293507427,351.4270937,-74.09267069,2.3845999,,12.5002,11.6951
2054668793,343.5802012,-75.16390454,-0.201047,,19.681801,18.9238
352479539,323.9298774,-74.85058086,0.863451,,,
273396499,340.8396933,-74.56064466,1.26624,,14.1526,13.3154
273396712,340.664594,-75.11690568,1.23734,,14.3384,13.559
392759776,327.351298,-74.90519736,0.45051599,,17.8277,16.998501
270244379,332.7400844,-75.22602675,0.46258801,,17.878901,17.059601
277874265,352.9097521,-75.31592021,0.114135,,17.7946,17.0051
421938707,343.3032909,-74.79856277,0.738859,,,
2026109764,337.6299895,-74.22994914,-0.23571099,,19.712,18.938499
290370920,329.820516,-74.10787872,0.56801802,,15.3229,14.4901
2026109783,337.599194,-74.16856707,0.436441,,19.296499,18.4883
2026109789,337.2967045,-74.29371533,0.036741398,,18.877899,18.170799
273512500,347.6687652,-74.86040402,0.031334002,,18.176399,17.4895
2025998094,327.627568,-75.66385095,0.148536,,18.9004,18.0924
2025998105,327.6394522,-75.64114916,0.488801,,19.587799,18.7099
2025998164,327.6000829,-75.5427359,0.362766,,19.4489,18.6756
270275275,334.3551966,-74.72144133,0.53442597,,17.502199,16.723499
273396924,340.9622304,-75.77649342,0.78030598,,15.2369,14.3765
273396979,340.674086,-75.94565958,0.67150003,,14.7652,13.8953
2054668855,343.9610683,-75.06684231,0.456175,,19.1252,18.302601
2054668861,343.7510009,-75.04189365,0.32524401,,18.5797,17.815701
2054668872,343.6302649,-75.07353491,-0.52612197,,19.6,18.9076
293507804,351.3249272,-75.2507521,1.44139,,13.542,12.7556
2054668886,343.6407778,-75.01827485,-0.772524,,19.664801,18.935801
2054668895,343.5638189,-74.98912228,0.13187601,,18.926901,18.094299
2026109807,337.241803,-74.2645031,0.479891,,18.322399,17.5823
2026109830,337.1161644,-74.25920969,0.225658,,19.205299,18.486601
2025998220,327.6215969,-75.51306187,0.308759,,18.9223,18.0257
2025998236,327.6950259,-75.47687702,-0.145623,,20.1672,19.313801
270275342,334.0513251,-74.91295755,0.63080698,,18.2458,17.3652
273512642,347.687744,-74.44480074,0.40334499,,16.8818,16.0762
273512661,347.3700839,-74.38004361,0.297315,,17.0522,16.2542
2054668901,344.4033858,-75.12183662,0.407435,,18.623699,17.785601
273569365,357.1250261,-75.76226806,0.333314,,18.228399,17.458099
273569555,356.7749748,-75.12966789,0.29708499,,18.356001,17.5632
293507887,351.3593038,-75.49299553,0.65090698,,11.7369,11.306
293508028,351.5589201,-75.99139727,2.0790601,,12.3612,11.6067
273419016,344.1093975,-75.09742472,0.80892599,,14.75,13.9117
2054655168,352.0875702,-74.425032,0.090423599,,18.483101,17.671499
2054655307,351.830955,-74.35589634,0.288596,,17.731899,17.023701
2054655512,352.9886471,-74.44028705,-0.0045449198,,18.826401,18.046801
2054669104,344.0102939,-74.92545814,-0.83056599,,19.8582,19.177601
277874475,353.0391849,-74.56054187,0.144045,,18.109301,17.2626
2026109859,337.1966308,-74.20123957,0.341167,,17.9564,17.2094
392814623,346.534955,-74.25562826,1.02195,,13.9213,13.1834
392814651,346.9223158,-74.33486504,1.16046,,14.1827,13.4184
392814876,346.5443669,-75.02804711,0.88729602,,14.0677,13.3002
392814944,346.756276,-75.21972256,1.1473401,,14.1702,13.393
392815061,346.5340063,-75.57653343,1.08962,,13.8723,13.0536
273569719,356.8557984,-74.63431651,0.42111599,,18.415199,17.584499
273569852,356.825667,-74.27471728,0.28437299,,18.145599,17.441099
2054669160,343.7985037,-74.82664138,-0.083852597,,19.933001,19.169201
407581054,344.90403,-74.56850844,0.93530601,,13.7589,12.9507
407584764,352.9034659,-74.29334583,1.3431799,,14.3732,13.5763
407584776,352.9005096,-74.42278171,0.77967799,,14.4325,13.5854
273571643,357.378848,-74.41240642,0.216161,,18.2792,17.5574
293525113,351.8344206,-75.85821337,3.9133899,,11.4257,10.6418
293525115,351.8581421,-75.8431098,1.1045001,,12.7564,12.0326
293525179,351.6495045,-75.65308503,1.25665,,13.3713,12.7011
293525219,351.9570342,-75.48943837,1.99508,,12.3572,11.6818
407584943,352.7474581,-75.50007137,1.23927,,14.0502,13.2425
407584966,352.829304,-75.68440371,0.75406498,,14.4008,13.5992
407584978,352.7095617,-75.75999649,1.00622,,14.6401,13.8101
293525326,352.0248573,-75.16287245,6.3590398,,11.1287,10.3297
2054669202,343.1013184,-75.0913388,0.178077,,19.7486,18.9454
407581246,344.9184055,-75.65103392,0.304557,,16.971201,16.1273
407581300,344.973139,-75.96590877,0.233751,,16.978201,16.130899
392814618,346.9067652,-74.24442646,0.50581402,,16.5212,15.7235
421938678,343.3293419,-74.88089177,0.55744803,,17.262501,16.4904
273571492,357.3401487,-74.08400272,0.27924201,,16.9781,16.2418
2054669222,343.1425445,-75.0089995,0.13416401,,19.720301,18.9189
2026109907,337.4716064,-74.1363406,0.281912,,19.4478,18.625099
2026109916,337.4494791,-74.11842912,-0.34715101,,19.277201,18.6646
2026109922,337.2852243,-74.16037106,-0.045067001,,19.4652,18.7834
2026109941,337.2503448,-74.13138863,-0.17181499,,19.516899,18.906799
2026109948,337.3608781,-74.12173488,-0.0032575401,,19.613199,18.8262
270203247,332.0659148,-74.81146054,0.300529,,18.392799,17.608801
2026009771,332.7616487,-74.2910374,0.315126,,18.744699,18.1672
2025998680,327.9652221,-75.32487499,0.64663202,,19.6255,18.705299
2025999140,327.2950408,-75.26637397,0.108142,,19.436001,18.527201
2025999221,327.4753329,-75.1850122,0.18121,,19.6112,18.827101
277874483,353.011007,-74.53298176,0.14121,,17.990601,17.205299
394653776,358.9468612,-74.37784298,0.17653801,,16.995899,16.2204
394653863,358.8246028,-74.66278146,0.195049,,16.517401,15.8212
273515123,348.0918814,-75.37829627,0.25381699,,17.023199,16.221901
277940011,355.2592161,-74.26569395,0.37458399,,16.7976,16.074699
293525573,351.7592788,-74.2845088,0.402426,,16.917601,16.1408
392815100,346.7263114,-75.68343734,0.076976202,,17.694099,16.8535
392814552,346.7869017,-74.04324786,0.501881,,16.637199,15.8044
392814654,346.6204244,-74.33980666,0.32643399,,16.802,15.9596
392814741,346.5847142,-74.590003,0.47451499,,16.517401,15.7056
293569842,359.54995,-74.68830921,1.00815,,14.1614,13.3606
293569933,359.7349855,-74.96696863,1.20761,,13.9357,13.2339
293570002,359.7329624,-75.17933438,0.56013501,,15.198,14.3661
273396320,340.677932,-74.03947841,0.67110097,,16.0366,15.2094
2054669304,343.1049739,-74.89909066,0.15207499,,18.654699,18.0376
273396545,340.6328692,-74.66448564,0.68649399,,14.9786,14.1408
2026011406,332.4878274,-74.27958392,0.26898,,19.427,18.637899
2054658529,348.7998741,-75.95372796,0.383407,,19.4261,18.623501
2054658520,349.0779953,-75.84074333,0.15577599,,19.1693,18.378099
2054661403,349.2396261,-75.76725685,0.325223,,18.1521,17.441999
2054669610,342.9763666,-74.80726164,-0.167473,,19.158199,18.3757
2054669605,342.9884543,-74.84124285,0.20992801,,18.120001,17.4487
277938169,354.8752871,-75.48736299,,,12.1372,11.447
277938260,354.8072166,-75.77096069,1.51843,,,
277937798,354.8348396,-74.29142225,1.11998,,13.5295,12.7786
277937807,355.1055738,-74.30763722,1.4007699,,13.5573,12.74
2054660951,349.8562811,-75.87241971,0.082298398,,18.8967,18.1096
2054660952,349.8173724,-75.8500904,-0.0295674,,19.632999,18.818501
2054660962,349.6140301,-75.88946227,0.130108,,18.8577,18.006701
392814858,346.6547557,-74.9802525,0.58056301,,16.403601,15.6243
392814556,346.8841159,-74.05389609,0.53718603,,16.250401,15.501
277911876,354.7270523,-75.78664914,0.025501899,,17.870501,17.176701
277937857,355.052637,-74.46829507,1.3442301,,11.9668,11.5009
277938071,354.9477256,-75.21406059,2.07638,,12.4152,11.7143
277937928,354.95062,-74.73720979,2.3324001,,11.8989,11.086
277938322,355.0731239,-75.97110403,1.5252399,,11.7579,10.9664
2054669483,343.202578,-74.89857781,0.25119001,,18.6998,17.8813
2054660979,349.6716016,-75.8348585,-0.54370999,,19.739,18.9666
290305882,328.5222817,-75.80311512,0.28244901,,17.5056,16.5697
277937936,355.0737804,-74.75021915,1.96632,,13.7152,12.893
277938022,354.979836,-75.06147343,1.08785,,13.0858,12.3816
277937971,355.018075,-74.91182143,1.16524,,13.0755,12.4114
273396939,340.8046783,-75.81152563,0.49504799,,15.9056,15.0734
273396994,341.0146439,-75.97378317,0.55342299,,15.6145,14.7265
273419221,344.061666,-74.5871978,0.57588899,,14.85,14.0411
2026003069,327.4532038,-74.98010434,0.120319,,19.4452,18.594101
273512789,347.4496845,-74.0429596,0.26541701,,18.090599,17.3018
2025968855,332.4886991,-75.93301142,0.34171399,,18.5875,17.707701
2025968969,332.4019618,-75.8697068,0.23560899,,18.725401,17.8349
2026003138,327.6328288,-74.92844874,0.160234,,19.719,18.821199
2054661059,350.6667538,-75.86036818,0.223253,,19.089701,18.399
2026003186,327.3647806,-74.85676,-0.43131801,,19.898001,19.055901
277911934,354.5098366,-75.55962903,0.25108901,,17.312099,16.4562
2054669511,343.2702187,-74.80860517,0.215657,,19.284,18.5611
2054669525,343.6428015,-74.84708859,0.269912,,18.950399,18.1019
2054669532,343.4896453,-74.82370547,0.206687,,18.6933,17.8538
392814668,346.6858267,-74.37887821,0.313508,,16.0236,15.2092
392814688,346.9216002,-74.43887058,0.32526401,,16.4133,15.6441
277937974,355.1849143,-74.92651356,1.7474101,,12.9221,12.0912
277938063,355.0586504,-75.20236653,1.16835,,13.3702,12.7412
277938067,354.9499164,-75.20675426,1.43101,,13.7009,12.9271
277938069,354.8962811,-75.21051785,1.2686599,,13.3932,12.705
277938087,355.1242683,-75.25880721,1.41967,,13.5475,12.7498
392793177,345.897292,-75.55314936,0.451235,,18.038601,17.285
2025993415,332.3603497,-75.38723459,-0.57504398,,20.021299,19.076401
2054669588,343.371831,-74.72644228,0.202143,,18.935499,18.171
2054661254,349.7802627,-75.67348166,0.35140201,,18.0413,17.367399
273419327,344.070353,-74.36145604,0.58521301,,15.5255,14.6933
407580977,344.9027966,-74.16570443,0.93119001,,15.3776,14.5528
407581003,344.8957454,-74.28743323,0.60500699,,15.8269,15.034
2054669681,343.0070246,-74.73655952,0.233833,,19.462601,18.764601
277939812,355.2974231,-74.9682538,0.37462801,,16.465799,15.6889
2026005178,327.5148775,-74.72067372,0.0285649,,19.5623,18.8104
273512289,347.4607492,-75.40537438,0.156804,,17.9394,17.0872
2026005258,327.7415362,-74.65567115,-0.32959801,,20.156,19.2672
273512367,347.3138659,-75.24003397,0.199387,,17.252701,16.746799
273512409,347.5993652,-75.10035374,0.127313,,17.648001,16.9464
407581094,344.8692903,-74.74314011,0.68472701,,15.6605,14.9055
2054661316,349.8467397,-75.59210179,0.18248799,,18.5191,17.725599
2026005316,327.3814428,-74.60420671,0.032616802,,19.0275,18.3069
2025993467,332.6329002,-75.32920428,0.092082202,,19.4487,18.591101
2025993521,332.3461776,-75.32426458,-0.42243701,,20.416201,19.496201
392814910,346.6455077,-75.1140569,0.398307,,16.4011,15.5699
392814969,346.7421001,-75.30063869,0.74321902,,14.7233,13.9083
273512464,347.3439995,-74.93032862,0.111504,,17.4142,16.592199
273512472,347.4500254,-74.92491946,0.295679,,17.811001,17.0478
407584746,352.8341035,-74.18235035,1.08304,,14.1471,13.3808
407584796,352.9139424,-74.54227802,0.96163797,,14.4495,13.7196
273514717,348.0741296,-74.40455022,0.40527299,,16.757401,15.9293
392815015,346.892499,-75.46192994,0.59287202,,16.1416,15.3391
392815024,346.7588061,-75.48082734,0.49870601,,16.155001,15.4165
2026006322,327.4465207,-74.44367218,0.318607,,19.7416,18.8603
2026006195,327.73575,-74.51166367,-0.023251399,,20.0741,19.261499
273512515,347.5961817,-74.81036325,0.27699,,17.4879,16.7969
273512557,347.5277668,-74.70126279,0.340112,,17.427099,16.726801
2054661347,349.4455607,-75.85682294,0.210814,,19.261,18.3923
2026006348,327.3322841,-74.44445664,0.236802,,19.6623,18.781601
392814539,346.7439161,-74.01264625,1.45822,,14.3564,13.5267
392814583,346.8549774,-74.14885653,0.80171901,,14.6716,13.8384
392814587,346.9180048,-74.15163656,0.72465497,,15.8374,15.0742
392814638,346.6766661,-74.30514086,1.31383,,14.4631,13.6761
277939678,355.5463904,-75.38103273,0.33641499,,16.818001,15.9809
293526990,352.2582229,-74.11139262,0.22565401,,16.7369,15.9049
277912086,354.3995744,-75.04020272,0.29346699,,16.8284,16.057199
277912089,354.4536167,-75.03375448,0.385124,,17.0949,16.2593
2054661365,349.5219382,-75.82959168,-0.40212899,,20.259199,19.4496
2054661375,349.3515058,-75.81698526,0.30599499,,18.7721,17.944799
277912101,354.5667129,-74.99380793,0.30069399,,17.0986,16.4069
273512652,347.5902339,-74.41280212,0.498391,,17.191299,16.4319
273512654,347.639214,-74.40956846,0.23863301,,17.4895,16.7575
392814646,346.7897963,-74.32404524,0.96371001,,14.2933,13.4605
392814726,346.7679505,-74.54206898,0.42339301,,16.150999,15.3644
2026006384,327.4396403,-74.35175079,0.181777,,19.450399,18.6464
2026006386,327.3479554,-74.34015126,0.380086,,19.470501,18.6443
2026006432,327.4036587,-74.33007228,0.167996,,19.775101,19.0137
2026007429,332.6949184,-75.24193107,-0.88747501,,20.6691,19.749399
2026007635,332.7903726,-75.09443049,0.29171601,,19.628599,18.714001
392814832,346.8808551,-74.88983715,0.97742099,,15.2275,14.3921
2026008103,332.2789646,-74.94591957,0.438306,,19.0117,18.2297
2026008107,332.3361914,-74.93331615,0.261686,,19.152599,18.2647
392814880,346.6984134,-75.03406056,0.718997,,14.4826,13.6441
392814985,346.636238,-75.35340469,1.27284,,14.2927,13.5161
2026006423,327.5362261,-74.36930823,-0.46422201,,19.5889,18.8671
2026006691,327.7884001,-74.17001525,0.092237704,,19.7152,18.8678
2026009764,332.9352057,-74.29527973,0.124701,,18.921101,18.054501
2026007085,327.5983383,-74.10497988,-0.179493,,18.2586,17.9158
2026007146,327.6254655,-74.09936646,0.32857701,,18.2733,17.524401
2054672781,342.9023746,-74.56572688,0.021653101,,19.312799,18.703501
392815060,346.7787986,-75.57236558,0.856152,,14.8625,14.0352
2054661388,349.199389,-75.79326086,0.232544,,19.4981,18.709999
273512667,347.3796343,-74.36463439,0.16210601,,17.5345,16.705299
389130253,345.0037312,-74.06257014,0.39628199,,18.1654,17.470301
407584851,352.8623672,-74.95832134,0.97693801,,14.5663,13.7681
2026011094,332.2975081,-74.43943738,0.045917701,,18.970501,18.2208
2026011097,332.2638882,-74.41649676,0.522811,,19.4702,18.6206
2026011344,332.438132,-74.34208928,0.224805,,18.4704,17.7439
2026007175,327.5031895,-74.07441957,0.0264105,,18.926701,18.108101
2025988843,330.4508077,-75.99869731,0.091803104,,19.4121,18.644699
261560331,349.06345,-75.4062889,0.0566587,,16.026899,15.1764
392815134,346.8794002,-75.76406132,1.02448,,14.1489,13.3881
273514741,347.8815566,-74.44631982,0.33027101,,17.010401,16.2201
277939581,355.5311486,-75.7333989,0.427784,,16.580999,15.7712
277939633,355.4986694,-75.52910825,0.34094799,,16.6105,15.7845
2025989046,329.9660181,-75.87456974,-0.24782699,,20.0096,19.098101
2025992536,330.8187283,-75.65844529,0.0053351298,,19.517599,18.7176
273512726,347.4980502,-74.1954509,0.35374501,,17.821199,17.0133
273512742,347.4147381,-74.15496816,0.31195799,,17.6415,16.8813
392793580,346.1132775,-74.33757497,0.341813,,18.127701,17.350201
277889786,353.3177261,-74.2199239,0.317599,,18.0154,17.272499
2025994374,330.3382224,-75.5346259,-0.107092,,19.9027,19.0961
2054672214,343.8646635,-74.79240493,0.52644998,,19.1975,18.360399
2054672216,343.8438844,-74.76730756,0.33511001,,19.6231,18.8146
2025995700,330.7269232,-75.17684638,-1.25727,,20.507601,19.6675
2025995701,330.7392363,-75.1834473,-0.15301999,,19.6798,18.8533
2054672282,344.758997,-74.74821627,0.172282,,18.389799,17.686899
2054672596,343.5613653,-74.72318654,0.22639801,,18.8988,18.1523
277889807,353.4161734,-74.2877198,0.427349,,18.1406,17.2995
277889857,353.182216,-74.46040613,0.297075,,18.3395,17.5417
2026011352,332.2912974,-74.34962481,0.15628301,,18.555099,17.780701
2026011461,332.4087221,-74.1761157,0.225261,,18.5821,17.785999
273512764,347.3236272,-74.1033648,0.278395,,18.1768,17.429001
273512776,347.6069341,-74.07118015,0.312951,,17.344299,16.551399
273512785,347.3679291,-74.05550995,0.0922563,,17.828199,17.116199
273512792,347.5555331,-74.03817764,0.190911,,17.8936,17.1903
293569859,359.5172373,-74.74938958,0.520904,,15.0257,14.1844
293569914,359.6054997,-74.9216823,0.46361199,,15.3731,14.5644
277938192,354.8854079,-75.58026528,0.424254,,16.2792,15.4484
277913926,354.9827337,-74.27407502,0.037918299,,15.7123,14.9461
392814924,346.7551389,-75.15284906,0.66653198,,15.7271,14.8797
277937925,355.0675395,-74.73199816,0.35262099,,15.2144,14.7205
277938088,355.088986,-75.26085803,0.277969,,15.6181,15.2386
277937911,355.16485,-74.66343243,0.48130801,,16.1031,15.275
273512799,347.5311388,-74.01367161,0.27302,,17.2075,16.517
277874155,353.1697025,-75.77717274,0.217305,,17.5385,16.705299
277874188,353.0542139,-75.66562255,0.158747,,17.8011,17.049801
277910251,354.2378799,-74.67337913,0.339192,,18.158899,17.429199
277910332,354.0770376,-74.95856051,0.43587801,,18.0867,17.283199
277874225,352.9249521,-75.50711672,0.130833,,17.872601,17.0445
277874252,353.1669823,-75.39298115,0.120952,,17.1716,16.537399
293569988,359.8375271,-75.14631724,0.55812001,,14.793,14.0321
293569997,359.503438,-75.16834776,1.2289,,14.4409,13.6354
277937861,354.8388881,-74.48058127,0.41396001,,15.4361,14.7521
277937887,355.0052566,-74.57627367,0.49542201,,15.9504,15.1218
277937926,354.8812269,-74.73211019,0.78519797,,15.6403,14.8334
277938108,355.111162,-75.32187218,0.63531798,,15.7433,14.9803
2026011616,332.0913909,-74.05743942,-0.17215499,,19.052401,18.259701
392757992,327.1352008,-75.61628573,0.61556,,17.991699,17.058001
2025995747,330.4094415,-75.21255071,-0.235929,,19.7036,18.8433
392814602,346.7956513,-74.17799612,0.26656801,,17.1339,16.3085
392814740,346.6217507,-74.58781907,0.44534901,,16.8939,16.0583
392814784,346.5677897,-74.73787098,0.34378201,,16.6078,15.8027
392814792,346.5709243,-74.774655,0.279668,,17.4107,16.578699
394653821,359.0680191,-74.5205998,0.223263,,17.9758,17.223499
394653864,359.0574912,-74.66404023,0.123921,,17.494301,16.6467
293570059,359.6910222,-75.32204566,1.05919,,14.6948,13.8564
293570138,359.5070917,-75.58250027,0.57564503,,14.5337,13.8566
2026014716,332.4637612,-74.13939687,0.056500599,,20.0317,19.2134
2054672600,343.7817506,-74.7365389,0.102815,,19.0317,18.222099
277938247,355.076455,-75.7355724,0.53184998,,15.8268,15.1112
277937980,354.8689227,-74.93664066,1.09255,,13.9927,13.3019
261560168,349.1346441,-75.94138889,1.2595201,,13.2316,12.5606
261560693,349.1937928,-74.14329486,4.6199298,,10.0699,9.4141302
261560198,349.1869231,-75.83948707,1.93349,,11.0334,10.2927
392814803,346.8728755,-74.8125847,0.42084599,,16.7421,15.935
392814823,346.7011349,-74.86787403,0.38842601,,16.7659,15.9676
392814970,346.5551285,-75.30701868,0.322229,,16.653,15.9421
392815090,346.8232996,-75.64919157,0.30006099,,17.1329,16.2936
273396589,340.8968202,-74.78064268,0.34233901,,15.7627,14.9745
407584806,352.7907085,-74.66926127,0.38323301,,17.2353,16.384001
273396335,340.6823022,-74.09351485,0.37026,,16.457199,15.7318
273396494,340.7348596,-74.54210655,0.242505,,17.186199,16.372601
273396522,340.8416255,-74.60811622,0.32561499,,16.868099,16.0711
273396524,340.7405857,-74.6101064,0.524957,,16.8769,16.089399
2025996327,330.1449472,-74.92319391,0.43926701,,18.6647,17.7654
2026014777,333.0324105,-74.08340911,0.271552,,19.5879,18.7855
2025976904,338.5848181,-74.76664313,-0.046375599,,19.52,18.6807
277874374,352.9801846,-74.93642695,0.26840901,,17.834299,17.039101
261560441,349.0693314,-74.99214894,4.2841101,,11.506,10.6736
277874462,352.9006546,-74.60588838,0.210666,,17.9083,17.09
2026002615,329.0190759,-75.04819682,0.284677,,18.823099,17.9436
2026002616,329.0403268,-75.03155075,-0.031427499,,19.258301,18.3848
2026002707,328.5395152,-75.01306873,0.0188672,,18.9473,18.103701
2026002738,328.3677245,-75.00399786,0.127584,,18.8423,18.008499
2026002741,328.2870243,-74.99898701,-0.264548,,20.1833,19.3304
2025996780,330.0166452,-74.67431429,-0.116985,,19.49,18.6546
2026010410,330.7194249,-74.7417498,-0.32690701,,19.665001,18.7582
2026010594,330.0479243,-74.60122861,0.18899401,,18.2969,17.57
273396672,340.7850666,-75.0083022,0.30461499,,16.8804,16.0618
273396682,340.8957878,-75.02547823,0.39376101,,17.105101,16.2687
273396911,340.8937489,-75.75248465,0.234906,,17.238001,16.363501
273396989,340.919182,-75.96517854,0.28175199,,17.248699,16.447599
273418989,344.1297412,-75.17625986,0.383854,,16.7822,15.9731
277937892,355.1836466,-74.59786933,0.86955398,,13.6618,13.0586
277937895,354.8050638,-74.60461995,1.0795799,,14.6615,13.8084
277937931,355.178455,-74.73773416,1.21477,,14.0258,13.225
277874512,352.8970443,-74.41227978,0.234767,,17.917601,17.0933
277874503,353.0480115,-74.45750811,0.35885501,,17.3486,16.493799
277874557,353.0165546,-74.23415625,0.286392,,17.1721,16.390499
277874579,353.1205862,-74.13965153,0.32422599,,17.055901,16.2395
277938023,354.8780251,-75.06398672,1.30769,,14.6978,13.8487
273419385,343.9401955,-74.15954328,0.23785201,,17.174801,16.4319
407580993,345.0442972,-74.23754536,0.252121,,16.890301,16.0707
261560477,349.2790213,-74.894789,1.50201,,12.5692,11.9521
2054672627,343.4574488,-74.70303081,0.34755,,18.85,18.0012
277913890,354.9110133,-74.16798342,0.80131102,,15.0867,14.261
277913905,355.1305138,-74.20633918,0.62158602,,15.8683,15.0808
407581048,344.8766163,-74.51931947,0.25520799,,16.603901,15.8859
407581076,344.9761167,-74.67366341,0.54304397,,16.3013,15.4871
407584729,352.810364,-74.10037101,0.342924,,16.8293,16.024799
407584886,352.7422514,-75.1707957,0.45428601,,16.9417,16.183901
407584899,352.8414991,-75.27883234,0.41852501,,17.0361,16.260799
2054670945,346.4744149,-74.79559355,-0.10576,,18.1922,17.4746
392815105,346.8264559,-75.69342176,0.37190801,,16.918699,16.0923
392815151,346.7648796,-75.8275332,0.31828099,,16.533001,15.8826
277939564,355.3454974,-75.79109298,0.277347,,18.178801,17.330601
2054672654,343.4806769,-74.66613696,-0.144187,,19.553301,18.759399
2026011814,330.8455969,-74.23535303,-0.216189,,20.0842,19.1992
2026017357,330.1019446,-74.35525658,0.057099901,,18.7026,17.8967
2026018502,330.7716601,-74.16050391,-0.32082599,,19.705999,18.819201
261560715,349.0296031,-74.03142867,1.12423,,12.757,12.2563
277891933,353.8187463,-74.46719829,1.1907901,,13.4389,12.7004
2025976971,338.6479361,-74.67803534,0.206193,,19.5462,18.743401
2025976987,338.571644,-74.62206555,0.26304999,,19.3043,18.607201
277939705,355.4113247,-75.30055032,0.272966,,18.029699,17.185699
2025989059,329.8985779,-75.89515678,0.0550768,,19.8976,19.07
2025992375,331.368736,-75.60214872,-0.383315,,20.048201,19.251699
2025993687,331.4739483,-75.40616721,-0.55083001,,19.8293,18.945101
293569757,359.7044805,-74.40365458,0.48627999,,16.459,15.6819
293569909,359.7021723,-74.90707769,0.34277701,,16.3232,15.5063
407581251,345.022122,-75.67096069,0.26838601,,17.2885,16.451099
392814852,346.8589904,-74.9642208,0.35619101,,17.358,16.5252
352479631,323.7247817,-74.658112,0.39479601,,18.358101,17.483999
352479719,323.7928138,-74.40354909,0.3831,,18.257,17.430799
392814536,346.6968917,-74.00909614,0.231415,,17.6982,16.851601
392814538,346.8202078,-74.012544,0.293167,,17.417101,16.596201
392814541,346.5672758,-74.02172119,0.14951,,17.952999,17.163601
392814551,346.6321006,-74.03559432,0.33650199,,17.3456,16.535601
2025981878,337.939231,-74.96093661,-0.015799901,,20.072399,19.249399
2025982805,338.1549122,-74.85844505,0.38276201,,18.1961,17.4895
2025982822,338.0499301,-74.80914107,0.18157101,,18.8862,18.038401
2025982823,338.0661257,-74.80752861,-0.040208898,,19.553101,18.701099
2025982830,338.1859062,-74.78325497,0.444433,,18.2195,17.4718
2025994129,331.6367489,-75.17055853,0.50967097,,19.614901,18.705601
2025994130,331.6178102,-75.16621243,-1.24558,,20.4814,19.6154
2025994238,331.498717,-75.04879181,0.126899,,20.098101,19.188101
273419163,344.0739876,-74.72175282,0.487737,,14.6403,14.0075
277874624,353.1396569,-74.00610039,0.249503,,17.507299,16.820499
277911822,354.6927754,-75.98332478,0.31991199,,17.3736,16.5347
277911824,354.5032173,-75.97544757,0.230538,,17.750999,16.906
2054672739,343.2194547,-74.63642236,0.32563701,,19.1201,18.4051
392814577,346.8176112,-74.12409526,0.24167199,,17.5403,16.745001
392814585,346.7652504,-74.15017556,0.173457,,17.978701,17.231701
392814589,346.6846053,-74.15215475,0.40914601,,17.8074,17.004499
2025982853,337.9424817,-74.79499932,-0.17769299,,19.0986,18.4042
293570032,359.8839794,-75.23163748,0.39974999,,15.881,15.1173
2054671254,346.6374147,-74.65632735,0.263385,,18.195499,17.390699
2054671284,346.8746908,-74.60797694,0.039735898,,18.659401,17.862301
2025989095,330.2132367,-75.8567263,0.32054201,,19.684999,18.823799
2025990953,329.9002915,-75.70035206,0.188777,,19.5527,18.656099
277913835,354.8336526,-74.02540813,0.70969301,,15.237,14.4253
277911875,354.4118425,-75.79216121,0.19219001,,17.7841,16.9266
277911879,354.4140939,-75.77199948,0.30924001,,17.211,16.369301
277911916,354.5965812,-75.63527839,0.131065,,17.9515,17.1738
261591897,350.3854674,-74.76813121,1.1595,,14.8334,14.0477
392814613,346.8806954,-74.23575065,0.309708,,17.354799,16.643801
392814617,346.6091001,-74.24369178,0.154633,,17.7439,16.900299
392814625,346.5970903,-74.2568654,0.18629999,,17.821301,17.0632
2025990999,329.6725508,-75.64368046,-0.45162299,,20.102699,19.1817
2025994283,329.8387584,-75.64909543,0.195686,,18.6401,17.941799
2025994285,329.9792479,-75.63533219,0.429409,,18.428301,17.527399
2025994286,329.9759322,-75.64148556,0.42971599,,18.430799,17.525801
2026010329,331.6098755,-74.59593478,0.537435,,18.5481,17.695999
2026010796,331.1500993,-74.42525585,0.305825,,18.3442,17.5945
293525139,351.9065422,-75.76577344,0.177212,,17.071199,16.3139
277911992,354.6705222,-75.37600907,0.278799,,17.799101,17.052401
277912026,354.7896956,-75.2402019,0.26572299,,17.322001,16.6422
290401974,330.4734509,-75.45496321,0.44940299,,18.146,17.3493
2054672808,343.2422074,-74.54767968,-0.0452292,,19.130899,18.4249
2054672812,343.2493462,-74.52489696,0.051300801,,19.638599,18.9694
277913883,355.1567775,-74.1499339,0.48003399,,15.8432,15.0731
277937817,354.8131818,-74.36363097,0.548374,,15.8526,15.0267
277937972,354.9401384,-74.92193028,0.29826599,,16.0016,15.2707
277938135,354.9137583,-75.40690262,0.54966599,,15.377,14.6245
277938304,355.0891066,-75.90844009,0.707012,,15.6925,14.8865
261592129,350.3173525,-75.50413784,0.805794,,15.2317,14.3967
261592120,350.1166105,-75.4823019,-0.100912,,16.7428,16.298
293507640,351.3705799,-74.68728943,1.0519201,,14.8111,14.0255
293507704,351.4082305,-74.90321002,0.17402001,,17.9025,17.212601
2025994430,329.6194441,-75.58166154,0.042206801,,19.053499,18.1756
2025994343,329.8578505,-75.56010287,-0.033844199,,19.938499,19.0578
2025994397,329.9328607,-75.51208212,0.061659399,,18.780701,17.9403
273418823,344.0347126,-75.6107537,0.394333,,16.856199,16.0103
273396541,340.9318997,-74.65946495,0.58582598,,16.262501,15.4043
2025991919,331.4760616,-75.86600599,0.53038502,,18.3494,17.457001
2025992399,331.498264,-75.53787791,0.175152,,19.8734,18.9491
277938230,355.0533758,-75.7041724,0.95227897,,14.4575,13.6516
273369519,340.3406442,-74.32574149,0.27431101,,18.24,17.4424
2025983202,337.9125155,-74.65519392,0.0563628,,19.621599,18.890301
2025983203,337.9497544,-74.64999179,0.363056,,18.771601,17.918301
273396384,340.9125474,-74.21106162,0.672553,,16.019199,15.2062
277937852,355.090494,-74.45487705,0.29020301,,16.768499,15.9649
277937999,355.0699983,-74.99317003,0.35556099,,16.2955,15.6154
277938053,354.9857904,-75.16589523,0.256643,,16.7742,16.1504
277938164,354.8635087,-75.48001179,0.178822,,16.807199,16.1828
261591788,350.1842865,-74.4082498,0.19676,,17.067301,16.297199
261590024,350.0690417,-74.61160707,0.38546801,,16.5923,15.7688
2054671436,346.2338625,-74.49931025,0.16562399,,18.0294,17.3009
2025992740,331.2662079,-75.62710273,0.102549,,19.295601,18.4375
2025992768,330.9970668,-75.59024792,-0.148725,,19.485701,18.6245
2054671752,345.2047176,-74.43908107,0.32997,,18.0198,17.2349
2054671791,345.8602456,-74.53112413,-0.23099799,,18.762699,18.0145
277938166,355.0751791,-75.48080683,0.45212999,,16.5347,15.6874
277937881,354.9112876,-74.55732421,0.37023401,,16.312201,15.6666
277938113,355.0298938,-75.33595748,0.28618199,,16.700701,15.8766
277938185,354.8547042,-75.54549308,0.275076,,17.2411,16.526699
2025993356,332.5204773,-75.45739786,-0.063373297,,19.9587,19.085699
392814661,346.5871533,-74.35589348,0.13167299,,17.6987,16.858601
2025992842,331.2664722,-75.48671654,-0.117514,,19.5172,18.663401
2025993714,331.4155806,-75.38465068,0.131363,,19.311899,18.5793
2025993720,331.3604723,-75.3728634,0.102281,,18.8262,18.166401
2054671843,345.9887188,-74.41887567,0.18409,,18.416,17.654499
261591758,350.2565807,-74.33790229,0.475054,,16.585899,15.752
261591790,350.2971069,-74.41398832,0.50569803,,15.5698,14.8166
261591838,350.0719657,-74.59870504,0.40462601,,16.493099,15.6834
261593520,350.8314168,-75.20172821,0.214829,,16.1355,15.5181
2054683220,346.6679264,-74.43052581,-0.28009,,18.8864,18.1936
421919085,342.3962893,-74.82979309,0.32914701,,18.2302,17.440599
2025994050,331.9535559,-75.20755082,0.179432,,18.782,17.896799
273398842,341.2021368,-74.46173471,-0.0314929,,18.3836,17.542101
2025983119,338.3163753,-74.6192721,0.27511099,,18.7479,17.9228
2025983126,338.4432498,-74.6236555,0.0140394,,19.395201,18.5714
2054683223,346.5379224,-74.42622148,0.0144175,,18.2262,17.4849
392814689,346.8665848,-74.44089594,0.27177301,,17.036501,16.2027
392814691,346.717553,-74.44321152,0.29833201,,17.386499,16.558701
392814707,346.8128529,-74.48528935,0.41396299,,17.254601,16.4744
2026007456,332.7929373,-75.18659071,0.71215701,,18.756201,17.9254
2026007660,332.7753214,-75.02870571,0.17626999,,18.8326,17.940901
2054672898,343.912912,-74.53139948,0.143069,,18.944201,18.170099
2054672902,343.9992783,-74.52767691,0.0152472,,19.4111,18.5846
261593542,350.8126401,-75.13581983,0.37194899,,16.5005,15.6729
261593651,350.4672412,-74.80144813,0.43605101,,16.4261,15.5957
293507461,351.4462514,-74.19515528,0.502536,,16.364201,15.5347
293507468,351.3040467,-74.2167539,0.48563299,,16.3561,15.6957
293507504,351.5452769,-74.30714416,0.52541798,,17.0898,16.2966
2025996006,331.1628739,-74.97070504,-0.326112,,19.145399,18.435301
392814742,346.5946087,-74.60235229,0.27798301,,17.9554,17.120399
273418860,344.1470635,-75.50586016,0.43507901,,16.6796,15.8353
261560265,349.2608977,-75.63303948,1.5024101,,14.1005,13.2493
2025983139,338.3359904,-74.60009932,-0.11697,,20.008101,19.2614
293507522,351.529546,-74.33667361,0.45322099,,16.4653,15.6841
293507624,351.6189578,-74.63723462,0.423379,,16.523001,15.7489
293507796,351.5857611,-75.21721947,0.44227201,,16.409,15.6439
293507899,351.4803356,-75.52385718,0.36159199,,16.686199,15.8697
277912051,354.7900659,-75.15195703,0.26991701,,17.4575,16.688
261560206,349.215414,-75.82230493,0.496741,,16.509701,15.6508
261560347,349.1432715,-75.35642178,0.404825,,16.5161,15.7082
277891854,353.9206112,-74.72715403,0.393105,,16.4168,15.6433
2026008173,331.5587984,-74.97680828,-0.47059,,20.385599,19.5126
2026009813,331.4328212,-74.85158223,0.32268,,18.9377,18.136101
2026009961,331.1376666,-74.8048937,0.063200101,,19.2139,18.400101
2026009967,331.0912281,-74.76541591,0.27477601,,18.615101,17.843201
261560652,349.2159872,-74.29096778,0.56144601,,15.7841,15.033
261560685,349.2276682,-74.18721907,0.42992699,,16.3328,15.5075
2054683518,346.6311952,-74.22130631,0.12358,,18.2358,17.389099
2054672924,343.6477534,-74.53379736,0.65692103,,18.8661,18.125099
2054672933,343.5367696,-74.49820587,0.074134,,19.562401,18.8773
2054683574,346.6550905,-74.15465174,-0.194809,,18.650299,17.9191
392814797,346.7212325,-74.79518917,0.26697201,,17.4734,16.710899
277912055,354.6447106,-75.14612644,0.166334,,17.565201,16.746099
2025983154,338.2647087,-74.60844472,-0.047019798,,19.801399,19.027599
2025983156,338.2694923,-74.59598147,0.077193297,,19.421801,18.6409
2026010277,331.4580328,-74.60676395,0.22966599,,19.904699,19.0256
273514996,348.0090493,-75.03683742,0.18630201,,17.980101,17.2358
2054672971,343.872632,-74.45597263,0.034650501,,19.132299,18.3666
2054672988,343.9535767,-74.40724532,0.111089,,19.297001,18.551901
2054673006,343.6969021,-74.40220717,0.0194373,,19.5765,18.8328
277912105,354.5150076,-74.9716261,0.319278,,17.518801,16.715799
277912144,354.7530542,-74.88246327,0.067498103,,16.780899,16.0585
261560711,349.2208377,-74.04960016,0.39543799,,16.166401,15.341
277891910,353.7484159,-74.55016483,0.50369298,,16.2264,15.3789
277892051,353.7437981,-74.08666024,0.62633699,,16.1397,15.3002
2054673020,343.8657956,-74.37510827,0.73396099,,18.825399,18.0432
392814867,346.5990545,-75.01185776,0.442687,,16.988899,16.212799
392814882,346.5008963,-75.04055131,0.00770459,,18.2756,17.552401
2026009403,332.6032666,-74.53160956,0.215152,,18.3496,17.590599
2026009405,332.6782109,-74.53466426,-0.24683499,,19.796801,18.9638
2026009540,333.029035,-74.4273867,0.231925,,20.019501,19.163401
2025983161,338.1546142,-74.61242319,0.036410999,,19.2309,18.460699
2025983172,338.0879643,-74.57816503,-0.094398402,,19.02,18.253201
2026009780,332.7813873,-74.25662428,0.25613299,,18.489799,17.712099
2026011323,332.5216761,-74.38184576,0.39828801,,18.858601,17.991899
392793146,345.8579185,-75.67064007,,,13.2935,12.4701
270261202,355.9526963,-75.5460039,0.235082,,11.7656,11.1091
261563811,350.0241749,-75.77886524,2.7440801,,11.1602,10.359
261563959,349.9400311,-75.28778204,0.43313399,,16.2635,15.4513
2054673034,343.4536195,-74.48792719,-0.0207703,,19.710501,18.996
2054673036,343.5309426,-74.46457875,0.124428,,18.714701,17.9632
2054673047,343.3148322,-74.44354189,0.69140899,,19.0548,18.2386
277912150,354.4604669,-74.86273929,0.173236,,17.7645,17.075899
277912162,354.7229133,-74.82498322,0.033181299,,17.711599,16.9338
277912163,354.5252085,-74.82231786,0.28200701,,17.372101,16.6765
277912183,354.7724576,-74.74155215,0.191891,,18.2418,17.370501
2054669403,342.6813591,-74.88297334,0.62305802,,18.700899,17.913
392814889,346.7526553,-75.06504682,0.292795,,17.4056,16.5756
2054669416,342.5734078,-74.86050598,0.0577235,,18.4135,17.753201
2054669419,342.5899558,-74.8546549,0.41821101,,18.5723,17.7267
2054669421,342.7898748,-74.84632138,0.36692199,,18.4146,17.575399
2025983310,337.9179457,-74.50171378,0.32516801,,19.3673,18.542601
2025983307,338.063963,-74.48885744,0.462082,,19.048201,18.361099
2026011657,331.2284185,-74.36260719,-0.27870199,,19.724701,18.836901
2026011704,331.5709431,-74.26441601,-0.28407601,,19.9254,19.167
261564045,350.0357282,-75.01758593,0.71676201,,16.0198,15.1703
261564050,349.8382476,-75.00448817,0.48414999,,16.2208,15.3771
261564149,349.7410901,-74.70297762,0.48676601,,16.152,15.388
261564166,350.0505864,-74.64376069,0.58724999,,16.388901,15.5421
261564168,349.7075644,-74.6383524,0.52392,,15.7594,14.9819
2026012019,332.0332256,-74.04677215,-0.25581399,,20.1786,19.3244
407584774,352.784673,-74.38078149,0.56101501,,16.2178,15.3812
407584794,352.7387372,-74.52930477,0.68395197,,15.5356,14.8378
2054683970,346.421624,-74.12857426,0.0669339,,18.5881,17.790199
261560483,349.1057176,-74.88069671,0.71127099,,14.5074,13.6635
2026109213,337.9165572,-74.44822803,0.0164217,,20.1108,19.3484
2026109215,337.9321656,-74.42740946,-1.73325,,20.1507,19.4674
2026109217,337.9358451,-74.42830268,-0.0021784999,,18.6735,17.9674
2026109218,337.9193969,-74.42545397,0.227467,,18.5644,17.7307
2026109185,338.2299736,-74.46064193,-0.00152434,,19.351801,18.6001
261560576,349.1486534,-74.54312344,1.75655,,14.0169,13.1986
261560594,349.1955698,-74.49749474,1.2725,,13.81,13.1615
261560596,349.1755258,-74.49393114,0.85497499,,15.1537,14.3323
261560633,349.0815164,-74.34469062,1.21137,,13.8685,13.0664
277913855,355.1352687,-74.08071376,0.33029199,,16.777599,16.060301
277937808,354.9192574,-74.31116819,0.43950599,,17.036301,16.2358
261563840,349.8741467,-75.65503135,2.3171501,,12.0324,11.2877
270261221,356.0882348,-75.480197,2.0176799,,12.5376,11.8126
392793136,345.8701289,-75.71049158,1.1739,,12.3794,11.7549
392793202,345.9075471,-75.44335803,1.8831,,12.4818,11.7541
392793303,345.8699777,-75.13619638,3.6691999,,11.2796,10.5771
261591802,350.1056506,-74.47133515,0.63024998,,15.6355,14.87
261591860,350.3655404,-74.65544318,0.42591599,,16.194901,15.3787
261592253,350.4328988,-75.90751879,0.512012,,15.923,15.1017
261593377,350.760699,-75.68618261,0.75220501,,15.7529,14.9284
2054673082,343.3210036,-74.40804277,-0.043072902,,19.903099,19.1096
2026109188,338.2264665,-74.4437327,-0.166146,,20.046499,19.228201
2026107941,338.9152173,-74.6380396,0.204714,,18.764,17.9643
2026107943,338.8607845,-74.63069957,0.124582,,19.6511,18.8855
2054673113,343.5718511,-74.35945904,-0.068108,,19.619699,18.7994
277939575,355.33842,-75.7555352,0.33890399,,17.764799,16.9107
277939631,355.3028627,-75.53256839,0.30599201,,17.5467,16.694401
2025979983,333.4564703,-75.30251014,-0.202306,,19.917801,19.068001
293569673,359.7124424,-74.10790765,0.52679503,,16.294201,15.4567
293569781,359.5406845,-74.47255639,0.38619399,,16.355801,15.5336
293569794,359.7235284,-74.53825048,0.53943503,,16.1187,15.2966
261593469,350.6402788,-75.40575957,0.41883901,,15.6962,14.8964
261593574,350.4822893,-75.04749757,0.53746802,,15.9655,15.1784
261593628,350.477357,-74.87527794,0.47067201,,16.0653,15.2943
261593635,350.6398569,-74.84854983,0.655352,,16.1189,15.2781
277937955,354.9069778,-74.83665783,0.50355703,,16.4077,15.578
2054647954,354.8204588,-75.95137166,0.198625,,18.005199,17.3078
392793422,346.0983646,-74.77736764,1.22296,,13.3948,12.6614
2026107965,338.8005942,-74.61230152,0.27424401,,19.719801,18.8979
293507405,351.5389743,-74.03814169,0.425524,,16.3235,15.4883
293569947,359.6210198,-75.02438054,0.58864897,,16.6593,15.8252
293570105,359.5064463,-75.45452636,0.441686,,15.6855,14.8736
261563906,349.9284738,-75.43776158,1.79927,,13.6568,12.873
261590114,349.9359706,-74.32118103,1.14943,,13.5961,12.8845
261590116,349.7920779,-74.30828025,2.31094,,13.0028,12.2507
277937962,355.039693,-74.86869319,0.34317201,,17.2197,16.3748
277938035,354.8732785,-75.09799435,0.27468899,,17.2535,16.4709
261590132,349.9493265,-74.25252322,1.31493,,13.002,12.2302
261590177,349.97463,-74.14384854,1.68177,,11.4286,10.802
261591628,350.3702849,-74.02393393,0.85152298,,12.2228,11.5034
261591642,350.110564,-74.04979435,1.29259,,13.4643,12.6763
2026007738,333.0021905,-75.04808356,0.5165,,19.8505,18.9305
2026007823,332.933628,-75.02500577,0.101522,,19.5396,18.771
293507647,351.4640634,-74.71183267,0.60960799,,15.6317,14.8286
293507690,351.4427578,-74.85967171,0.47510299,,15.9771,15.2043
2054756839,341.9360363,-75.21059852,0.145099,,19.093,18.354
2054756840,341.9320031,-75.20585985,0.059011701,,19.061701,18.304899
2054756871,341.8569739,-75.183025,0.46542299,,18.1376,17.4062
2054756856,342.1065233,-75.14420267,-0.205589,,19.770399,19.0142
293507800,351.398832,-75.22997911,0.35845399,,16.209999,15.4277
293507801,351.4726446,-75.23537445,0.51032501,,16.163,15.3432
293507841,351.3038032,-75.35900885,0.51794398,,15.9004,15.0434
2054757090,341.9927109,-75.0995462,0.088742502,,19.5965,18.8057
2054757076,342.271647,-75.08437966,-0.192375,,19.677099,18.874399
293525107,351.8467618,-75.89316693,0.56950599,,15.4068,14.57
293525151,351.8973223,-75.73595828,0.22295401,,15.8428,15.2322
293525252,351.8626227,-75.38815861,0.424007,,15.2869,14.5449
273396588,340.893942,-74.776929,0.249172,,17.2033,16.506701
2054648105,354.6987472,-75.81482594,0.14708699,,18.0595,17.282801
2054648110,354.7385509,-75.80750791,0.095794603,,18.2826,17.539801
277892050,353.8105244,-74.08759305,0.52329701,,16.0084,15.1795
261560160,348.977011,-75.97930348,0.455632,,15.6485,14.764
261591684,350.2761407,-74.13969699,1.24555,,12.9296,12.2835
270261629,356.2840175,-74.06430673,1.24483,,13.3785,12.6983
270261631,356.180203,-74.05112478,2.6222,,11.7732,11.087
270261233,356.0968483,-75.4470516,1.59559,,13.5284,12.7863
270261350,356.0675938,-75.05774474,0.98247999,,13.7564,12.9181
270261390,356.1875994,-74.90267351,1.02025,,12.4708,12.0894
261564013,349.75219,-75.12271315,0.478645,,15.363,14.524
261564043,349.9946496,-75.01914642,1.08047,,14.773,13.9356
2054673750,343.7921054,-74.33274438,-0.78718698,,19.557199,18.7145
2054673751,343.6954667,-74.31618176,0.44953001,,19.1819,18.3883
2026107975,338.5910135,-74.60010418,0.27043301,,19.195999,18.464399
2026108008,338.7002188,-74.53560211,0.29609001,,18.019199,17.3097
2054757163,342.1430268,-74.95457504,0.0110502,,19.451599,18.6548
261644477,351.0398295,-74.15356409,0.126312,,18.007099,17.2111
2054757132,342.193396,-74.97580148,0.430868,,18.970699,18.224899
2026009498,333.2282696,-74.53459771,-0.206664,,20.0322,19.190599
2026108080,338.9783026,-74.49755588,-0.27580401,,19.8522,19.111
2026108082,338.9072714,-74.48602489,-0.104741,,19.0835,18.235901
261560263,348.9487421,-75.63580778,1.0165,,15.294,14.4416
261560266,349.1457835,-75.63239846,0.73462099,,15.5307,14.6849
2054673827,343.5937475,-74.30636719,0.425791,,18.4921,17.690901
2026108301,338.8996155,-74.39549918,-0.074942604,,19.0697,18.2889
2026108311,338.9716568,-74.38374516,0.037350498,,19.1243,18.389601
270248195,333.4419732,-74.17979586,0.49502599,,18.1096,17.267
421937029,342.7906303,-75.65316854,0.0976808,,17.748199,17.022699
392814921,346.5788918,-75.1485181,0.36048999,,17.611,16.8402
2054673856,343.5614413,-74.20621383,0.173299,,19.1607,18.471701
2026013078,333.2728326,-74.16149205,-0.184752,,19.7973,19.046101
2026013080,333.2066309,-74.16460381,-0.425042,,19.746099,18.884501
2025994822,330.1098213,-75.31316275,0.1445,,19.2596,18.4398
2025994878,329.9632584,-75.22718482,0.28742599,,19.3181,18.3923
261560609,349.1987952,-74.43352359,0.45259401,,16.0291,15.2127
261560631,349.1546977,-74.34879402,0.43950501,,15.5579,14.752
2054673866,343.423439,-74.23501902,0.084277801,,19.2815,18.569099
2054673876,343.3455649,-74.22022063,-0.080246396,,18.982201,18.225
2054673882,343.5026985,-74.20319866,-1.10014,,19.834999,19.033199
2054758057,341.992691,-74.86746169,-0.199057,,19.300501,18.5916
2054757937,342.5042727,-74.87725219,-0.20395599,,19.6882,18.890699
270261399,356.0692171,-74.85156266,1.71551,,13.1874,12.3577
277938183,354.9793348,-75.53295728,0.27099499,,16.892,16.0832
261541389,348.1680742,-74.38018761,1.41888,,12.6763,11.9425
261541399,348.1194297,-74.34687366,2.2541201,,12.9502,12.188
261590033,349.8125989,-74.5883451,1.16548,,14.745,13.922
392814950,346.6265877,-75.24528552,0.232301,,17.3657,16.543501
392814958,346.7889582,-75.27257052,0.265145,,17.294901,16.485901
277938323,355.1543311,-75.98248097,0.144567,,17.0161,16.1689
2026013312,333.4096566,-74.05906464,0.35712099,,18.6033,17.796301
2026014785,333.0289938,-74.04873006,0.262986,,18.5228,17.802299
2025995261,329.7469606,-75.2595087,-0.065401897,,19.7815,18.9105
2026108377,339.2106972,-74.31946347,0.154718,,19.0469,18.278099
277890263,353.4069572,-75.80567926,0.32441601,,18.496401,17.6369
392814967,346.7069788,-75.29686169,0.40704799,,17.3148,16.514
2025995329,329.8948821,-75.17970663,-0.056983899,,19.4181,18.646601
2025995333,329.9034062,-75.16187818,0.200977,,19.118,18.3304
2025996247,329.7825003,-75.05705774,0.437213,,18.319,17.4998
2025996256,329.9141949,-75.02836744,0.106267,,19.4597,18.5919
2054673925,343.7193676,-74.14775936,-0.256439,,19.066,18.268299
2054673940,343.4940557,-74.14630954,-0.86016399,,20.235399,19.452801
392814976,346.5403589,-75.32028392,0.15368,,17.456301,16.6653
392814986,346.7664098,-75.37094554,0.196495,,17.7292,16.9039
2026014789,332.8652639,-74.05053228,0.226711,,19.971201,19.1166
2025979897,333.6386452,-75.30057179,0.349731,,19.689501,18.8533
277892055,353.931321,-74.06737132,0.69501799,,15.5803,14.8094
392815001,346.5984467,-75.42224064,0.23195,,17.4839,16.679899
392815003,346.5666278,-75.43220262,0.107957,,18.242599,17.3976
261541455,348.4794164,-74.13780616,0.390239,,15.8921,15.4511
261541490,348.1741269,-74.02201923,0.681871,,16.5221,15.6868
261541456,348.333617,-74.13669398,0.53115797,,16.043699,15.2503
261541464,348.1775198,-74.11642079,0.58862799,,15.4276,14.6206
261541476,348.4356873,-74.08488027,0.53307199,,15.8923,15.0908
261541473,348.3668479,-74.0961384,0.58666301,,15.3548,14.5417
392815051,346.8544814,-75.55190973,0.0734355,,17.826599,16.9963
392815059,346.6723999,-75.57162803,0.21736699,,17.560301,16.757401
2025988925,330.4923386,-75.91549867,-0.208625,,19.5902,18.777901
2025996211,329.9239823,-75.07756265,0.41176,,18.736,17.827801
2025996266,329.8949784,-74.99634755,-0.29965499,,19.978201,19.173401
2026109062,338.3744887,-74.50749958,0.159815,,19.0063,18.1712
261541465,348.2535206,-74.1121957,0.493166,,15.612,14.7681
392815120,346.5749509,-75.73357085,0.091342099,,17.6901,16.9168
392815122,346.6400007,-75.7380518,0.29863101,,17.2987,16.4974
392815146,346.6359867,-75.8153301,0.31808701,,17.2596,16.442499
392815149,346.8007449,-75.82083354,0.183699,,17.316,16.591299
2054648298,354.5341829,-75.73449505,0.26679799,,17.8974,17.153299
2054673945,343.5483568,-74.13647097,-0.092655301,,19.849899,19.0784
2054757942,342.33396,-74.86703565,0.048515402,,18.8993,18.169901
261560400,349.1353755,-75.13817479,0.39335999,,16.8543,16.088301
392814860,346.669955,-74.98614046,0.16845299,,18.050301,17.290199
392814952,346.7988763,-75.24992238,0.241897,,17.7001,16.924299
261541482,348.2587608,-74.05484415,0.372251,,16.253099,15.4375
261541398,348.130468,-74.34969715,0.157653,,16.3298,15.8167
261541425,348.1243751,-74.24774347,0.20168599,,17.0305,16.313101
261541469,348.2732691,-74.10545834,0.50175297,,16.5413,15.7168
261541484,348.1968769,-74.05073801,0.45162901,,16.627701,15.8251
2026008690,333.7256529,-74.73090434,0.26848999,,18.545401,17.6541
2026008827,333.1491324,-74.68133343,0.41617799,,18.688801,17.813
261541486,348.3057001,-74.04978758,0.44532299,,16.935301,16.158199
2025996305,329.943871,-74.98726026,0.18577,,18.4765,17.811399
2025996358,329.7912915,-74.97120629,-0.039160602,,19.9011,19.124001
2025988929,330.6663237,-75.92240716,0.42690501,,18.0741,17.1982
2054676059,349.9078278,-74.61389503,0.27567199,,18.059299,17.2351
2054676084,349.6455438,-74.65484309,0.056878801,,18.5648,17.7369
2054674116,343.8079681,-74.09004857,0.306326,,18.6492,17.809099
2054674122,343.7174883,-74.08848602,0.136612,,19.375601,18.568199
2054674125,343.7931265,-74.082744,-0.34512299,,20.3601,19.5096
277937831,354.9344386,-74.41084942,0.248252,,17.9526,17.233101
2026109079,338.3179555,-74.46276372,-0.50059497,,20.188601,19.372499
2026109102,338.607049,-74.45834097,0.157718,,18.506701,17.834801
2054644138,358.7686842,-75.87324619,0.13946199,,18.1998,17.4419
261541432,348.2746073,-74.21499694,0.32582399,,17.3559,16.6805
261541449,348.3799674,-74.14860976,0.142456,,17.9753,17.239599
261591780,350.1841818,-74.3991106,1.3005199,,14.2197,13.4545
261591786,350.4060785,-74.40657242,0.98569,,14.3634,13.5521
261591797,350.1301929,-74.44470878,1.2020299,,13.9175,13.1453
352545624,325.8316928,-74.42012796,0.45315999,,18.639,17.7708
2025996439,329.7439763,-74.90548681,-0.237436,,19.4839,18.6584
2025996442,329.9084145,-74.90785965,0.39219701,,18.2729,17.371599
2054674140,343.7879432,-74.03686703,0.21482401,,19.291,18.460501
2026009025,333.5354865,-74.64407952,0.057661399,,20.024099,19.1628
2026009048,333.6029728,-74.58445073,-0.69764501,,20.1113,19.270599
277938151,355.1665261,-75.45535206,0.13831601,,18.112301,17.300501
277938227,354.8969663,-75.69791038,0.304748,,18.0301,17.176701
2025996708,329.8625569,-74.76885203,-0.36866999,,20.0191,19.2038
2025996713,329.9792407,-74.73904493,-0.60777402,,19.798,19.0123
2054674147,343.6586592,-74.08011173,-0.76707,,20.236,19.428801
2054674165,343.48972,-74.00986488,0.0568492,,18.9709,18.2248
2026109151,338.5504486,-74.3583811,0.126454,,18.703899,17.891001
2026109154,338.4311841,-74.37970649,0.105256,,19.111601,18.372499
2026109165,338.1733321,-74.48776402,0.26726499,,19.7939,18.939199
2054644222,358.6512004,-75.70421262,0.068471901,,18.6464,17.8165
277891895,353.8225328,-74.58672438,0.448935,,16.6357,15.846
2054664208,348.755202,-75.1988215,0.085438602,,19.359501,18.5909
2054664212,348.7462247,-75.1940044,0.215499,,19.7388,18.9842
2054758140,342.1474975,-74.73867478,-0.21999399,,18.9086,18.0991
261591877,350.3681717,-74.71101775,0.445425,,16.1919,15.3808
2054757985,342.1144964,-74.79199746,0.115935,,19.892099,19.161699
2054757987,342.5401881,-74.86661926,-0.153951,,19.281601,18.5784
273474891,344.7370262,-75.58935315,0.22939,,17.6646,16.8592
2054664217,348.7099003,-75.19279939,0.153643,,19.1301,18.498501
2054664220,348.813958,-75.18534739,0.108802,,19.0632,18.367001
2054664228,348.6821064,-75.16589444,-0.0427313,,19.3514,18.5973
2026009708,332.891434,-74.37536081,-0.70802498,,20.051901,19.230301
2026109227,337.8415981,-74.39054889,-0.213773,,19.4482,18.636499
2025996772,329.9808997,-74.67087454,0.0242355,,18.9685,18.115
2026003881,329.7177764,-74.69714312,0.292882,,18.608999,17.7626
2054758287,342.7545013,-74.68155462,0.024564,,18.5599,17.7722
2054617834,341.1906328,-75.98855406,0.24207699,,19.806601,18.904499
2054617860,341.5504713,-75.99056137,-0.457634,,19.238899,18.4053
2054617872,341.427261,-75.99522827,0.35263401,,18.594601,17.8936
2054617878,341.2533583,-75.97692793,0.14655399,,18.9589,18.1605
2025992593,330.2467832,-75.70450874,-0.0294552,,19.3549,18.493601
2026012487,333.9593943,-74.33218232,-0.071956098,,20.067801,19.213499
2026012515,333.9034592,-74.33414924,-0.406041,,20.030001,19.2675
277892038,353.6794206,-74.10209184,0.29743001,,16.7556,15.916
273474892,344.8615475,-75.58858251,0.196374,,18.0417,17.2169
261591986,350.1465176,-75.06333245,0.79414999,,14.6636,13.8374
261591987,350.0804818,-75.06547296,0.70546901,,15.1964,14.3945
2026109299,337.9806239,-74.33763696,-0.112683,,20.0802,19.26
2026109308,337.9529143,-74.30298467,-0.12851,,19.6362,18.874001
277913920,355.0663066,-74.25854238,0.24138001,,17.569201,16.8375
277937799,355.1749599,-74.29502776,0.033876002,,17.560301,16.725201
2054617960,341.9439632,-75.92394097,-0.113787,,19.7729,19.014799
2054618050,341.6408913,-75.95910514,-0.29079601,,19.715799,18.8636
2054664241,348.6634241,-75.11442765,0.033374999,,19.094,18.294901
2054664255,348.3666524,-75.14620997,0.276577,,18.9198,18.108999
261560703,349.1799864,-74.10339432,1.5615799,,14.0296,13.2067
2025992697,330.4332566,-75.602336,0.0942958,,19.032801,18.3608
2025993019,332.3650378,-75.67870982,0.189173,,20.142401,19.2477
273369562,340.3042637,-74.21799523,0.068763398,,18.064199,17.334299
261592039,350.0708595,-75.20603353,0.86086398,,14.4513,13.6625
261592043,350.1081776,-75.21929723,0.51950902,,16.173599,15.3485
261592050,350.3009457,-75.23934441,0.52507299,,15.9917,15.1832
261592060,350.3132732,-75.27756029,1.15983,,13.7509,13.0246
261592088,350.3641465,-75.37748146,0.82554501,,15.4493,14.6291
2054618053,341.6378493,-75.94795011,0.330942,,18.305,17.588499
2054618062,341.8010015,-75.90062907,0.17964301,,19.4692,18.7335
2054618064,341.7534367,-75.88935364,-0.15551101,,19.726299,18.926399
2054618073,341.6543715,-75.87304812,-0.0695972,,19.570299,18.786301
2054664283,348.4176645,-75.08000916,0.092437401,,19.4119,18.7883
2054664306,348.2429561,-75.15758835,0.196418,,18.3939,17.654699
277891838,353.8128003,-74.77655293,0.29960099,,17.379499,16.5947
277937840,355.01415,-74.42664345,0.31191,,16.9473,16.216
277937868,354.9875192,-74.5029485,0.27742401,,17.746799,17.076799
2054645447,357.9305492,-75.35988928,-0.30333,,18.3631,17.624599
273396308,340.7504182,-74.01459553,0.204576,,17.194799,16.358101
2026109265,338.1824506,-74.36935772,0.318095,,19.2901,18.457899
2026109269,338.2362423,-74.35174952,0.119745,,19.0368,18.3244
2026109273,338.3007379,-74.33072673,0.26665699,,18.6602,17.861099
261592216,350.2485186,-75.77907544,1.17682,,13.9039,13.1426
2026017256,329.757209,-74.47757966,-0.068492599,,19.551201,18.7253
2026017257,329.7566137,-74.47373117,-0.0241111,,19.627501,18.753799
2026017260,329.8826934,-74.49128841,0.71925801,,19.173201,18.2724
2026017250,329.7310119,-74.50449614,-0.24143,,19.694799,19.0137
2026017235,329.8203376,-74.53501311,0.37204301,,19.559799,18.7262
2054757145,342.0549402,-74.99652605,-0.38418099,,19.085501,18.3323
2054757151,342.0822611,-74.97211274,0.122588,,19.028999,18.1868
2054617890,341.5181643,-75.94051142,-0.073954597,,19.3517,18.530399
2054645367,358.6467812,-75.30678405,-0.072790101,,18.4578,17.6299
277937918,354.9738953,-74.69636383,0.30694899,,17.2246,16.363701
277937951,354.8800194,-74.81673062,0.038377501,,17.7332,16.9757
261592276,350.2901744,-75.99512578,0.54963303,,14.7497,13.9228
2054758468,342.2383416,-74.51675864,0.195905,,17.9641,17.174
2054758470,342.2755024,-74.517089,0.0125256,,17.296301,16.931601
2054666471,345.2756281,-75.52316606,0.174491,,18.380699,17.5376
2054669380,343.0216676,-74.9006784,0.309562,,19.250099,18.468599
2054757975,342.3051486,-74.84070253,0.106197,,19.1759,18.431
2025994857,330.1759364,-75.219743,0.117537,,19.5396,18.6224
2025995613,330.665795,-75.31188898,-0.290007,,19.904301,19.1467
261593344,350.7387406,-75.79405776,1.06628,,14.9282,14.117
261593401,350.7539351,-75.62741451,0.77111602,,13.775,13.0358
261593437,350.8488333,-75.48544263,1.33667,,14.3276,13.4753
2054664310,348.0820039,-75.15315937,-0.175018,,19.754801,18.9349
2054664315,348.0302154,-75.18222302,0.21507999,,18.3382,17.6535
2054664364,348.3672674,-75.08678841,0.141361,,18.450001,17.798201
2054664374,348.2018495,-75.07418912,0.130614,,19.410999,18.585899
277938001,355.0381199,-75.00078938,0.293538,,17.58,16.788099
273398896,341.3996492,-74.32898067,0.396635,,17.191,16.364799
2054666479,345.3702056,-75.49843722,0.143879,,18.615499,17.7995
2054645565,357.8430529,-75.18282401,0.177597,,18.4702,17.6686
2054645601,358.6478435,-75.21583997,-0.163416,,18.1008,17.429899
2025948614,323.9336143,-75.95995981,0.49757901,,18.895,18.055099
2025948642,323.7588467,-75.95409215,0.031578001,,19.2218,18.375999
2025948645,323.8811788,-75.93189848,0.55734599,,19.487101,18.578899
2025995711,330.6694983,-75.16816451,0.265558,,19.5299,18.761499
2025995714,330.5597921,-75.15513069,-0.29720601,,20.101299,19.2293
2054666536,345.4581585,-75.41226078,-0.097115003,,18.694799,17.9154
261593514,350.53641,-75.214961,0.50541502,,15.644,14.831
273396527,340.7667215,-74.62407489,0.18122201,,16.748501,16.067101
277938120,354.9261658,-75.35864208,0.30282101,,17.553699,16.7201
277938144,355.0214665,-75.43261205,0.259507,,17.989599,17.209101
2054664419,348.8554389,-75.13012436,-0.23686001,,20.1866,19.3454
2054664421,348.7700251,-75.13029586,0.40413901,,18.821899,18.0968
2026017366,329.6380549,-74.49203803,0.334216,,19.873199,18.982901
2026017267,329.8751076,-74.46261239,0.35764101,,17.943701,17.1702
2026017321,330.0211671,-74.4265674,-0.51689798,,20.0539,19.176901
2026017323,330.067958,-74.41916444,0.185513,,19.2337,18.432301
261560353,349.084699,-75.34143648,-0.232466,,18.080799,17.3971
2026017339,329.9501328,-74.38556276,-0.0195802,,19.8276,18.9708
2026017398,329.6306715,-74.42743073,0.18341599,,20.140301,19.253901
277938265,354.9046504,-75.78079251,0.113429,,17.118999,16.430401
273514730,348.0545341,-74.42105564,0.286926,,17.403,16.639799
273514744,347.7233738,-74.4554917,0.13614599,,17.3773,16.684999
273514866,347.8171061,-74.68711481,0.27947,,17.311399,16.525999
273515137,348.083794,-75.41467573,0.114944,,17.3955,16.8255
261593606,350.6987684,-74.9690174,0.70329797,,15.7617,14.9489
2026109344,338.8289752,-74.33640656,0.12316,,19.4736,18.6562
2026109352,338.7371734,-74.32519011,0.42897999,,18.5742,17.7883
2026109358,338.6020411,-74.33873339,0.52844602,,18.8123,17.9779
2026109360,338.6351848,-74.31988067,0.210197,,18.5312,17.681
2026109374,338.6240991,-74.30592442,-0.392775,,19.192801,18.4615
2054666761,345.6661891,-75.31176869,0.169267,,18.408701,17.654301
273418764,344.1503702,-75.7947337,0.090145104,,18.1378,17.360901
2026017490,329.6326188,-74.326076,-0.22110701,,19.2479,18.4251
2026017473,329.9129501,-74.32018276,0.0269574,,20.0438,19.217501
2054645693,358.4551714,-75.15546485,0.079855397,,18.4788,17.653
2025950044,323.8501973,-75.8541282,0.210348,,18.688299,17.887699
2025950047,323.7514136,-75.84392151,-0.195274,,20.0814,19.1584
261560660,348.9415541,-74.2688845,0.200045,,16.7363,15.9728
261560700,349.0017037,-74.10815438,0.33972499,,17.304399,16.465799
2054645820,357.9694844,-75.07698619,-0.103168,,18.574499,17.8414
2054665372,345.0052159,-75.91525604,0.13906699,,19.339199,18.5065
2026017805,329.947508,-74.11637971,-0.099032298,,19.8806,18.990499
2026018231,329.7470974,-74.10987676,-0.041694399,,19.980801,19.1674
293507438,351.2907155,-74.1288693,0.44302201,,15.1849,14.4591
293507487,351.3441593,-74.26643491,1.17679,,13.7812,13.0622
293507508,351.3851475,-74.31202391,0.75651002,,14.5961,13.7578
293507510,351.4375076,-74.31678153,1.08026,,14.3352,13.5899
2054665229,345.5463332,-75.99649516,-0.46973199,,19.960501,19.1474
2054665244,345.6275673,-75.94621139,0.31251201,,19.5445,18.740801
2054665250,345.4725669,-75.91410487,-0.0242032,,19.901899,19.0424
2026109399,338.7923722,-74.2778417,0.260084,,18.8536,18.095699
2026109411,339.0189266,-74.22939399,0.22768199,,18.6831,17.9354
2026109427,338.7652617,-74.26120668,-0.0160622,,19.729,19.0226
2026109428,338.7741177,-74.25913417,0.029095,,19.808599,18.9512
277937837,354.969527,-74.42161068,0.232593,,17.795401,17.0089
277937902,354.9860074,-74.63457682,0.192885,,17.0695,16.296499
2026109452,338.7367116,-74.20645265,0.049621802,,19.6159,18.850599
2054665289,345.8774371,-75.88593316,-0.016370401,,19.518801,18.8181
277937975,354.9795732,-74.93296111,0.29846001,,17.3328,16.599199
2054664549,348.3933962,-75.0499285,0.071659297,,18.577,17.866501
277939695,355.1961699,-75.32759658,0.42176399,,17.3153,16.4743
277939763,355.2837239,-75.10260807,0.287947,,17.2938,16.5056
277939799,355.1873299,-75.00771671,0.361835,,17.0634,16.250999
277939837,355.3061939,-74.8817829,0.19792099,,17.4429,16.7582
277939866,355.215755,-74.75762707,0.392847,,17.3778,16.5266
2026018284,329.6626554,-74.006074,0.027711799,,20.0432,19.193001
2025991816,331.5687484,-75.98811831,0.39077899,,19.221399,18.4109
2025991896,331.788559,-75.86930723,0.0092044696,,19.031601,18.1143
2025992060,331.2853418,-75.8027905,0.100761,,19.120399,18.4501
277938040,355.1589756,-75.12127798,0.0551701,,17.657301,16.8297
277938105,354.846578,-75.31025758,-0.00339101,,17.518999,16.770901
2025992249,331.5019391,-75.7558503,-0.12607101,,19.5504,18.694
2054664570,348.4559212,-74.97645015,-0.280947,,19.149599,18.548201
2026010768,331.0070951,-74.47593461,0.44005299,,19.224899,18.366501
2026010905,330.6075539,-74.38053048,-0.58643502,,20.274599,19.452101
2026011827,330.9765662,-74.19943559,-0.33776599,,20.025999,19.217501
2054664625,348.3381145,-74.94190688,0.53985602,,18.819599,17.9792
2026017634,330.3419823,-74.2587161,-0.0429818,,19.9916,19.168501
2025993768,331.3780438,-75.34974893,0.063476101,,19.481199,18.625
2054666920,345.1588149,-75.37347101,0.214168,,17.805099,17.1577
2054666921,345.1518882,-75.37878414,0.293639,,17.8964,17.149599
277939897,355.568462,-74.68595116,0.31036401,,17.241501,16.4837
277939916,355.2139863,-74.61736123,0.227413,,17.5191,16.719299
277939992,355.3957996,-74.34786833,0.52086997,,17.4622,16.646
261644573,350.9424179,-74.50192232,0.212578,,17.6717,16.9699
261644574,350.9754851,-74.50240181,0.217278,,17.750601,16.9772
261644614,350.9092014,-74.69945565,0.28575501,,17.258301,16.415501
2026018598,330.9565879,-74.05468605,-0.42483401,,19.534599,18.9111
2026018605,330.8973287,-74.04418217,-0.245249,,19.931601,19.135099
277938172,355.0756453,-75.49653208,0.39618599,,17.5411,16.7584
277938209,355.0027148,-75.63243048,0.338036,,17.508101,16.8132
2025969011,332.4730955,-75.8547329,0.20207299,,19.2848,18.390499
2025993132,332.4532336,-75.51034957,-0.77816701,,20.372601,19.5096
407581049,344.9097148,-74.5349032,0.314064,,16.8445,16.053301
293507566,351.607679,-74.46705023,1.05293,,14.5319,13.7313
293507579,351.415407,-74.51064249,1.3304501,,14.0526,13.2572
293507585,351.5681063,-74.52331767,1.48171,,14.2247,13.4056
407581167,345.0229895,-75.12117,0.315523,,16.968599,16.1334
261560230,349.2978047,-75.75373974,0.071915403,,18.4128,17.5539
2054664642,348.4586961,-74.87662358,0.33368701,,18.7117,17.945299
2054664647,348.3588882,-74.8767779,-0.354794,,19.5453,18.754499
2054664648,348.2875632,-74.87771675,0.088001303,,19.540501,18.811399
2054666947,345.1624877,-75.33341243,-0.178048,,18.648399,17.8895
2025993427,332.4391682,-75.3664635,-0.034370001,,19.8414,18.9193
277938262,354.9253339,-75.77739628,0.0925394,,17.7526,16.940201
2054665325,345.5198303,-75.84979231,0.00094605901,,19.657499,18.8241
261560335,348.988536,-75.39395594,0.28017601,,17.007401,16.160299
2025993874,331.2182163,-75.27018159,0.40490001,,18.9265,18.064301
2025994114,331.4736874,-75.23343125,0.43666101,,19.8088,18.941999
2054665339,345.3176992,-75.94688433,0.14821599,,18.9991,18.1989
2054665347,345.1025878,-75.91971551,-0.373557,,19.2579,18.563
2026009837,331.3512848,-74.86625356,-0.68182999,,20.132999,19.2659
2026010147,331.4508928,-74.69568733,0.066619404,,20.1157,19.247601
2054664687,348.1214402,-74.81385833,-0.130667,,19.388599,18.7218
277938072,355.1714915,-75.22451183,0.0480555,,17.6269,16.9401
277938103,354.8975211,-75.30681613,0.36182499,,16.851101,16.079901
277938115,355.0655623,-75.34658697,0.263556,,18.0257,17.276501
2054677140,347.9115051,-74.70499792,-0.0805218,,19.27,18.43
2054677134,348.0041869,-74.72818225,0.182668,,18.6063,17.8806
2026010217,331.8172678,-74.59729893,-0.30979499,,18.958599,18.1705
2026010317,331.3817931,-74.57030162,-0.240095,,20.070299,19.2101
2026011052,331.8149423,-74.51085785,0.47579399,,18.941601,18.0702
2054760123,342.5372931,-74.52111344,0.188638,,19.1514,18.560801
2054760133,342.5545018,-74.50987072,-0.046653502,,19.094299,18.4303
2026011880,331.2130963,-74.10751797,0.34496301,,19.419399,18.5422
261644777,350.8591245,-75.36258995,0.27050301,,17.287399,16.460199
293525089,351.7189985,-75.93792262,0.19392499,,17.4869,16.7624
293525332,351.8574047,-75.14469754,0.41420799,,17.252001,16.4412
293525587,351.8650037,-74.24502127,0.32897899,,17.3433,16.532101
2054665402,345.2994459,-75.85667391,-0.61869401,,19.821501,18.9657
293526995,352.2594498,-74.12822225,0.26581299,,17.2778,16.474199
293527034,352.3560427,-74.26633891,0.33845001,,17.4583,16.6647
293527205,352.1042345,-74.9296303,0.21116699,,17.0516,16.245899
293527495,352.4017216,-75.96357021,0.30861199,,17.380199,16.5051
273398619,341.3901215,-75.03107011,0.31738099,,17.7122,16.99
2054760140,342.6618144,-74.48507514,0.109582,,19.7754,19.006701
2054760141,342.6241464,-74.49239484,0.29131299,,19.1092,18.279301
2054760147,342.6238733,-74.46222233,0.079175703,,19.833,18.992201
2054676580,348.7812013,-74.90722111,-0.12626299,,19.993099,19.2481
2054760177,342.8184341,-74.44957365,-0.136935,,19.653,18.8808
2054760178,342.7905983,-74.44561184,0.47138199,,19.658701,18.832399
2054760195,342.8916451,-74.41854443,0.36976299,,18.8556,18.1259
2054760206,342.7075554,-74.45427525,0.56956601,,19.2577,18.4277
277913911,354.9899218,-74.22953971,0.20288099,,18.450399,17.6607
2054757405,341.240801,-75.02426234,-0.0055986298,,18.566601,17.763201
2054757429,341.1973211,-74.95155229,-0.179974,,18.366899,17.663601
293569636,359.6714503,-74.01319617,0.209418,,16.9569,16.139
2026012065,331.713021,-74.00272959,-0.153925,,18.9923,18.2649
2025969171,334.0654317,-75.93166509,0.132781,,19.207899,18.328501
2054665419,345.3764683,-75.83010219,0.358879,,18.618099,17.7626
2054665423,345.4257355,-75.80589842,0.087655902,,18.7104,17.901899
261560176,349.0355628,-75.90646373,0.34652099,,17.2621,16.431299
261560213,349.1154501,-75.79867847,0.329575,,16.837,16.009001
2025969483,333.7978108,-75.7382166,0.31056899,,20.1206,19.1492
293507744,351.5745287,-75.01082294,1.04325,,14.2432,13.4587
293507785,351.3240999,-75.18342953,0.61616302,,16.067101,15.2245
2054676628,348.9104879,-74.81195695,0.16956501,,18.830601,18.0569
2054676666,348.6296803,-74.78690266,0.186399,,18.827499,18.011499
2054676689,348.7312167,-74.71201327,0.0751779,,19.002701,18.2908
2054757638,341.1876492,-74.88590918,0.0172328,,18.6171,17.844299
2025969394,334.2110501,-75.76425812,-0.353412,,19.4002,18.5847
2025969400,334.1643205,-75.7445813,-0.088144101,,19.758101,18.785299
2025969554,334.033468,-75.67337593,0.35391599,,18.99,18.0098
2054757712,341.5065796,-74.81614799,0.107267,,18.7619,17.9091
2054757750,341.1317648,-74.78889807,0.032281101,,18.597601,17.828899
2054760212,342.5472112,-74.41397796,0.60650498,,19.1385,18.375999
261560231,348.9789597,-75.75287152,0.272293,,17.4259,16.673401
261560241,349.0700327,-75.72708174,0.209544,,17.0385,16.333
261560244,349.2678693,-75.71071988,0.214467,,17.8641,17.0191
261560300,349.1192971,-75.50858011,0.172708,,17.685801,16.896601
2054760243,342.4193194,-74.47229272,0.28518099,,19.1614,18.4655
2054760248,342.3863108,-74.4527923,0.28056601,,18.453199,17.7523
2054760253,342.234244,-74.46419027,0.30969799,,18.6469,17.847099
2054760255,342.333534,-74.44686501,0.13028701,,19.936399,19.1007
2054669950,345.6578174,-75.14512318,-0.307015,,19.0777,18.2978
2054665428,345.2297729,-75.78674078,-0.28075099,,19.744101,19.048201
2025950182,323.800811,-75.69621154,-0.113272,,19.3549,18.5375
2025950158,324.051232,-75.72097746,-0.43577,,19.8034,18.968399
2025950176,323.8754635,-75.69742715,0.31947601,,19.4203,18.5931
2025950208,323.9663977,-75.63893127,0.185486,,19.7638,18.8766
293569680,359.5681078,-74.12503169,0.128655,,16.990601,16.188801
293569686,359.6832245,-74.13993067,0.60692799,,16.9739,16.1758
2054665469,345.0736446,-75.7388866,0.178496,,19.3452,18.6112
2054665473,345.0396357,-75.71942852,-0.204445,,19.799,19.0109
2054665474,345.8779449,-75.87382682,0.16061901,,18.6001,17.783899
293507822,351.3996449,-75.30919967,0.71787101,,15.6161,14.8375
293507864,351.4225443,-75.42491681,0.817523,,15.3573,14.5192
2054676727,348.1659357,-74.80319579,0.55548698,,19.427799,18.620899
2054676735,348.1523483,-74.75544936,0.270583,,19.3514,18.529499
2054676739,348.336626,-74.76766827,-0.15203799,,18.863501,18.166599
261560303,348.9499245,-75.50034794,0.075254999,,17.761101,16.953501
293569813,359.6119683,-74.60317338,0.17081501,,16.9534,16.125799
2054760261,342.4427728,-74.40764448,0.38365501,,18.878,18.026899
2025979789,333.9525348,-75.43309525,-0.106374,,19.0238,18.4923
293569849,359.5834333,-74.70340406,0.27790099,,17.064699,16.3437
2025969707,333.2236209,-75.75216721,0.44487101,,19.3153,18.3626
277939622,355.2796657,-75.57229163,0.34058699,,17.479,16.622801
277939623,355.4239219,-75.56332278,0.29981101,,17.5709,16.878401
277939641,355.3093132,-75.51714221,0.089980699,,18.062401,17.330099
2054757879,341.0305545,-74.69577798,-0.116924,,18.7691,18.038
277940017,355.4144194,-74.24797696,0.27393299,,17.9373,17.123899
2025996995,326.488157,-75.87908724,-0.49237001,,20.211901,19.358101
2025996996,326.5202731,-75.86679715,0.328273,,18.307199,17.5231
2025997083,326.5924307,-75.80386691,-0.0749292,,20.252399,19.3293
2025997094,326.470444,-75.79894611,0.185331,,19.073099,18.200701
2025947689,325.4995939,-75.91856286,0.32511401,,18.670401,17.8822
2025947738,325.771388,-75.90756499,0.29861099,,19.323099,18.5919
2025947742,325.8035694,-75.89423102,0.35842499,,18.8619,18.026699
2025947743,325.5450541,-75.88823022,0.089743301,,19.263399,18.4226
261644531,350.9883003,-74.35767959,0.16982,,17.9692,17.1766
261644646,350.7998559,-74.86374563,0.23140401,,17.850901,17.0734
261644692,351.0738257,-74.9899845,0.379244,,18.0079,17.1628
261644731,350.8920465,-75.18708502,0.24687,,17.775101,16.992701
2025980212,333.7085203,-75.1622395,0.085462302,,19.867599,19.059601
2054760287,342.1180398,-74.41263239,-0.072090797,,19.714001,18.9687
2054760296,342.2719683,-74.36922616,0.0057293898,,19.032801,18.192499
2054665501,345.9563866,-75.79121885,0.27661499,,19.622,18.849001
2026009034,333.6333992,-74.62475698,-0.21611799,,19.8323,19.009899
261560369,349.191521,-75.26947329,0.232529,,17.5438,16.7547
2026009038,333.6652446,-74.60476006,0.108551,,18.444201,17.7101
2025981171,333.8766737,-74.85629123,-0.070726097,,18.855101,18.065201
2026013154,333.7480333,-74.16884492,-0.0874203,,19.3657,18.5494
293507958,351.2531704,-75.71405592,0.71732402,,15.259,14.5159
2026013162,333.8845921,-74.14104745,0.35023299,,19.135,18.4744
2026013131,333.1441211,-74.09060199,-0.395017,,20.2416,19.4109
2054760312,342.4210728,-74.36450558,0.27253899,,19.4149,18.573099
261560412,349.0085282,-75.09028908,0.268866,,17.721001,16.910801
2054670311,345.5705902,-75.061464,0.086981997,,17.783501,17.0912
2054758719,340.8526542,-74.61864294,0.074005298,,17.8615,17.127899
293525122,351.6514607,-75.80722812,1.46418,,14.2612,13.4514
2025990235,328.0415761,-75.97345095,0.168263,,19.1882,18.3594
2025990229,328.0020424,-75.99606239,0.174439,,19.7211,18.856199
261560526,349.1849076,-74.73886721,0.17350601,,17.8547,17.0399
2025981182,334.1104707,-74.82170765,0.413481,,19.0443,18.2528
2026007413,333.0519579,-75.23944039,0.120048,,18.6831,17.859501
2026007476,333.0551591,-75.20031522,0.175769,,19.549,18.7673
2054665635,345.3031016,-75.75912776,0.23713,,19.349899,18.5546
392793061,346.0171453,-75.95230799,1.098,,13.8475,13.161
392793092,346.0797181,-75.87395251,1.12603,,14.1753,13.4058
392793107,345.7658731,-75.82001807,1.4712,,13.9267,13.1632
2054760327,342.4457591,-74.32512345,0.286991,,18.0909,17.362101
2054760329,342.4075428,-74.32476061,-0.19383,,19.239901,18.543699
270261544,356.2446596,-74.36127393,0.62924498,,14.0942,13.373
270261266,356.0632379,-75.35866725,0.63797301,,13.7788,12.9973
392793213,345.8412202,-75.4144701,0.242256,,17.054501,16.3283
392793665,345.743711,-74.13335242,0.31136999,,16.755199,16.111601
392793674,345.9813686,-74.12186375,0.38939199,,16.6206,15.8534
261563911,350.0199278,-75.42873728,0.0376046,,16.5394,15.8595
2026007496,333.2791258,-75.16949256,0.0438818,,19.164301,18.2784
2026007795,333.2812532,-74.96324341,-0.68180001,,20.312901,19.4051
293527241,352.2672729,-75.05561577,0.0111249,,17.853001,17.1817
2025990280,328.2430122,-75.92068019,-0.135153,,19.114401,18.1805
2025988440,330.9617472,-75.97914423,0.18319,,18.2967,17.796801
293569936,359.5802602,-74.98145141,0.26082501,,17.056,16.2794
261560577,348.9108731,-74.54279797,0.16265,,17.5086,16.7479
261560590,349.0704719,-74.50986083,0.25704899,,17.604099,16.7932
261560620,348.9664263,-74.39053161,0.199256,,17.620501,16.983801
2054670419,345.3838912,-74.90387681,0.14207,,18.2281,17.444901
293527484,352.1275896,-75.92549501,0.175263,,17.7945,16.975599
273398640,341.282151,-74.96707758,0.0040871101,,17.447599,16.6852
273398668,341.3314049,-74.91989567,0.34278801,,17.643,16.8137
273398687,341.3915665,-74.86129968,0.13289399,,17.6535,16.9743
273398741,341.0955143,-74.72391114,0.17670099,,17.1359,16.316601
2026007923,333.1987856,-74.88472513,0.154829,,19.0123,18.1719
2026007928,333.0964231,-74.89890387,-0.00877761,,19.2777,18.380699
2026007930,333.1499725,-74.8722932,0.057105899,,19.9958,19.1637
2026008710,333.2607114,-74.82033631,0.134598,,18.6612,17.8559
2026008711,333.2734046,-74.82237346,0.208058,,18.840799,18.0263
293525178,351.9665412,-75.65574979,1.38697,,14.0595,13.2197
293525292,351.8561629,-75.26659359,0.583296,,15.707,14.8985
261564008,349.7256998,-75.13146428,0.52020901,,15.3848,14.6079
261564073,349.9580977,-74.9512158,0.48225701,,17.1033,16.27
261564083,349.7524205,-74.90241915,0.35837901,,16.094299,15.4967
261591640,350.1689829,-74.04347618,0.417651,,15.9876,15.4557
270261102,356.2536628,-75.88043856,0.38847601,,16.432301,15.6011
2054643450,355.5130998,-75.51306739,-0.0108772,,18.5711,17.7852
2054643519,355.608018,-75.41622194,-0.037919801,,18.4547,17.6805
392793394,346.0249391,-74.84512931,0.62589502,,15.9345,15.1413
261560665,349.2397479,-74.24571359,0.26436099,,17.5077,16.687099
2054676839,349.0984185,-74.73060426,0.202966,,19.102699,18.2787
2054676878,348.7125692,-74.6654749,0.160632,,19.744301,18.9904
2054676910,349.1235126,-74.62678834,0.156443,,19.110201,18.302299
2054646523,355.987105,-75.31546246,0.0188802,,18.579599,17.846201
261564147,349.9572298,-74.70719926,0.419294,,16.113199,15.3386
392793307,345.9687865,-75.1292158,1.17599,,14.9531,14.1444
2025973774,337.3440322,-75.79354276,0.50589401,,19.4716,18.591999
2054644591,357.8212042,-75.40600321,0.223867,,18.247499,17.3953
2025992119,332.0733355,-75.81540296,0.0195916,,18.6656,17.959
2025992135,331.7239417,-75.81756708,0.118824,,18.832199,17.945601
2054670613,345.3699094,-74.89849743,0.10884,,18.4296,17.5889
261560708,349.3100766,-74.06880296,0.058610901,,17.688101,16.9776
277891826,353.8618749,-74.8186071,0.23092,,17.1485,16.35
2025973867,337.5476394,-75.65113668,0.0305562,,19.9105,19.0704
392793700,345.7407329,-74.04221474,0.35847601,,16.356199,15.618
2025973905,337.2493606,-75.58531062,0.44982001,,18.331699,17.455
273398919,341.403566,-74.27409947,0.20328601,,17.578699,16.758101
2054670658,345.7523559,-74.82885318,0.227152,,18.1318,17.415199
2054670701,345.5813005,-74.79692473,0.19315401,,17.7463,16.959801
2054670704,345.3807571,-74.78519878,0.082104497,,17.969801,17.3009
2054676978,348.6123469,-74.65634634,0.466048,,19.238501,18.4676
277891886,353.7896756,-74.61739276,0.20511,,18.0338,17.2409
2026009012,333.9698823,-74.53440289,-0.193069,,19.1707,18.317101
2026009134,333.533456,-74.49590579,0.25847301,,19.303101,18.4354
261592111,350.411855,-75.46323081,0.61351001,,15.733,14.9093
2025974042,337.8803975,-75.51510772,-0.034306999,,19.4338,18.580299
261563796,349.9590617,-75.82370901,0.27457899,,15.3249,14.5899
261564052,349.9555498,-74.99964091,0.473546,,15.2768,14.5612
261564121,349.8008126,-74.79729145,0.48665401,,16.348801,15.5842
407581262,345.0305173,-75.74610777,0.21935,,17.768299,16.905399
2054665705,345.5161833,-75.64520713,0.149699,,18.2728,17.559299
2054665712,345.4574425,-75.63169924,0.135002,,18.7178,17.9834
2054653599,355.3629933,-74.64097886,0.25168601,,18.0797,17.359301
2054653600,355.2519123,-74.66447193,0.283052,,18.3592,17.532801
2054758823,341.8108938,-74.55529728,0.35465801,,17.1425,16.368999
2054758838,341.8834276,-74.51609586,0.16117901,,18.2103,17.5133
273514597,347.9565205,-74.11409161,0.233487,,17.920799,17.157801
273514629,347.7641709,-74.18833004,0.117276,,18.0902,17.281401
273514656,347.8141941,-74.25085119,0.300946,,17.6754,16.846701
273514728,347.934427,-74.41398754,0.25875399,,17.934099,17.1075
273514759,347.8449207,-74.48878489,0.154029,,18.1689,17.3995
273515165,347.7589562,-75.48937236,0.25892001,,17.6008,16.8281
273515179,347.913847,-75.53966248,0.336532,,17.622999,16.782301
273515191,348.0861906,-75.58224223,0.15994,,17.5529,16.866501
273515237,347.8231658,-75.72401954,0.203844,,17.944799,17.2129
2025992136,331.7847457,-75.81570847,-0.118099,,19.6544,18.7962
2025992138,331.8034009,-75.79965681,0.462881,,19.239599,18.4496
2054647005,357.0820468,-75.165044,0.0219738,,18.654699,17.859501
2054646881,357.6221649,-75.25072249,-0.0149124,,18.5749,17.8009
2054646888,357.5668085,-75.23779553,0.10738,,18.225599,17.522699
277939572,355.4855135,-75.76372146,0.139176,,17.5415,16.815201
277939582,355.2524035,-75.73147942,0.120548,,17.679199,16.968201
277939724,355.4198341,-75.24351828,0.18451799,,17.9611,17.2859
2054665720,345.5224631,-75.63496492,0.22168399,,17.503,17.0473
2054666028,345.008415,-75.70066401,0.0479456,,19.9028,19.0422
2026009493,333.1000993,-74.5169987,-0.0312916,,19.4946,18.676001
2026012913,333.7934531,-74.25932873,-0.37057701,,19.6985,18.888399
2054653645,355.4394299,-74.60915875,0.080663897,,19.7911,18.9361
2054653646,355.4290079,-74.60681505,-0.478787,,19.6049,18.907801
277939911,355.4527798,-74.62885118,0.097847097,,17.9233,17.1
261593471,350.7069918,-75.39633596,0.310745,,16.113001,15.2851
261593491,350.72104,-75.29751395,0.43265501,,16.502199,15.6618
2054758874,341.5810087,-74.49262517,0.234467,,18.314899,17.4821
2054758877,341.6328822,-74.47701375,0.049286701,,18.2631,17.484301
2054666119,344.9934615,-75.55700737,0.056268699,,19.6147,18.835899
277891941,353.8844228,-74.44091626,0.315566,,17.7491,16.9914
277891945,353.7291585,-74.43692537,0.247233,,16.766001,16.0821
277891963,353.8137018,-74.37589209,0.19350199,,17.610001,16.822201
277891978,353.6328928,-74.32881711,0.042850599,,17.5259,16.740601
2054653661,355.3798422,-74.54970686,0.072053201,,19.3559,18.6278
261564123,349.8343481,-74.79218702,1.27888,,14.3918,13.6322
261590154,349.9370822,-74.20120901,0.54606903,,15.458,14.6563
261591641,350.4573327,-74.04532373,0.59306002,,15.6724,14.8749
270261364,356.0859241,-75.01919044,0.59128499,,15.1078,14.266
2054666863,345.0225213,-75.44685316,0.019394301,,19.694201,18.9491
2025981228,334.5090283,-74.90166289,0.44370601,,19.376801,18.5884
2025981236,334.4226524,-74.89043815,-0.18826699,,19.013,18.200701
2025981251,334.5747593,-74.86024219,0.26514199,,18.696501,17.842699
2054666409,345.822177,-75.4929724,-0.26483101,,19.834,19.0611
2054653673,355.0631728,-74.66299998,0.125314,,19.8365,19.0296
2054653706,354.9567001,-74.57266232,0.220901,,18.739,17.9286
2054653708,354.9467087,-74.57126304,0.240382,,19.027,18.1665
277939935,355.4399015,-74.56980629,0.34766501,,17.231199,16.523899
2054647176,357.3494377,-75.07929636,0.068617903,,18.302,17.567101
2025993920,331.0540239,-75.22825325,-0.016849199,,19.8487,18.929001
2054642251,356.2770033,-75.96228336,-0.021763301,,19.516399,18.6623
2054642335,355.923982,-75.86341704,0.126165,,19.948799,19.105499
2054642340,356.0079479,-75.85567068,0.29282501,,18.517099,17.689301
2054642309,356.3787299,-75.92046039,0.0318796,,18.7327,18.076
2025981265,334.5620262,-74.79908909,0.30604199,,19.3906,18.5341
2025981273,334.8340227,-74.8446483,0.28270999,,18.9172,18.074699
261560298,349.1628509,-75.52149456,0.27196899,,17.444,16.582899
261560365,349.0200929,-75.28606017,0.52147901,,17.146,16.3241
277891877,353.930862,-74.649522,0.310763,,17.2985,16.499901
277892018,353.8625431,-74.16418964,0.32105601,,18.0387,17.2598
2054670746,345.3100022,-74.79874987,-0.192617,,18.054701,17.416
270261200,356.2537676,-75.54743681,0.39140201,,15.6351,14.9088
270261525,356.0886101,-74.4208556,0.36850399,,15.9598,15.2443
2025975719,338.2702349,-75.12098854,-0.34625399,,19.943001,19.184999
2025981290,334.8432888,-74.83026303,-0.883964,,20.103399,19.2192
2025981302,334.9688666,-74.78442813,-0.33729199,,20.3435,19.4734
261644796,351.0697548,-75.41659188,0.22294401,,17.8873,17.083
2054670794,344.9611014,-74.73960423,-0.23450799,,18.873301,18.091499
2054670845,344.9750508,-74.70831479,0.113524,,18.4186,17.7012
2025978210,337.0197476,-75.55739714,0.202628,,20.147499,19.241699
2025994000,331.6160863,-75.25147928,0.105594,,20.223,19.308901
2025994198,331.673519,-75.11219606,0.14218,,18.945601,18.1453
2054643050,355.9897211,-75.78928892,0.27989599,,18.2707,17.496099
293507428,351.4151492,-74.09479471,1.21468,,14.2193,13.3905
2054759084,341.1570329,-74.29609977,0.14813501,,18.253201,17.556
2054759750,340.7045836,-74.26862854,0.31763399,,18.084499,17.3043
2054653783,354.8383341,-74.5320076,0.0129373,,18.8622,18.1534
2054653778,354.9145361,-74.55262641,-0.0025220399,,19.5597,18.7391
2025995693,330.8958129,-75.14528472,0.108463,,18.578899,17.816401
2025995946,330.9906097,-75.00579518,-0.58575398,,19.5144,18.815201
392793291,345.8928628,-75.17754533,1.13332,,14.433,13.6085
2025978527,336.9795193,-75.31656086,-0.199109,,19.3731,18.5466
2025978508,337.4526655,-75.35885347,-0.58875197,,19.762699,18.8554
2025978513,337.2366908,-75.3309203,-0.159537,,19.1437,18.387699
2025995952,330.8593295,-75.00634251,-0.0219728,,18.8503,18.0277
2025995991,331.2937194,-74.97148761,0.226293,,19.5186,18.737301
2025981321,334.7703307,-74.78703678,0.28516299,,18.7997,17.912201
2025981336,334.7389565,-74.77304682,0.35500401,,19.7372,18.879
2025981340,334.7977916,-74.74257306,-0.217755,,19.989799,19.1555
261644925,350.8676043,-75.88020107,0.33632401,,17.6399,16.807199
261644943,350.9200113,-75.9369603,0.182088,,17.893,17.1693
2054670836,345.2306538,-74.7031938,-0.1043,,18.0895,17.320801
2054670837,345.2458264,-74.69332085,0.088411197,,18.0751,17.371799
2054670861,345.1163079,-74.65302745,-0.104448,,18.792,18.004601
2026010020,331.3414559,-74.73994616,-0.450362,,19.240999,18.465401
293525563,351.9404926,-74.31018475,0.46151501,,17.7402,16.9167
293526967,352.3605319,-74.01985687,0.180438,,17.827299,17.008301
2025981348,334.6605414,-74.73657408,0.43733999,,18.816099,17.9519
2025981350,334.726729,-74.73135148,0.50463098,,18.9153,18.032801
2026010289,331.2552472,-74.63673185,-0.24241699,,19.596201,18.930599
2026010247,331.489725,-74.66591943,0.50540698,,18.919001,18.106899
2054642743,356.7554205,-75.75851645,0.331065,,19.600599,18.739901
2054642748,356.7359991,-75.75928065,0.234152,,19.454,18.682301
2054642886,356.9603795,-75.75198034,-0.083804101,,19.7075,18.9468
2054642915,356.6422011,-75.70773849,-0.28942201,,19.494101,18.7458
2026011631,331.2962631,-74.34715729,0.48717001,,19.216999,18.3682
2054667819,344.1486637,-75.3952336,-0.18658499,,18.5723,17.722099
293527197,352.1382392,-74.88380246,0.22812,,17.411301,16.574301
293527279,352.0843692,-75.21894889,0.33948699,,17.2638,16.504299
2026011731,331.5895414,-74.20596866,0.124095,,19.520901,18.7204
2026011736,331.3340955,-74.24619087,0.056450401,,18.8841,18.1057
293527332,352.2622589,-75.4098128,0.334198,,17.054001,16.224899
293527379,352.2112975,-75.6033102,0.143492,,17.837,17.115499
293527452,352.3542937,-75.81772581,0.29363701,,17.392599,16.5672
2026011899,330.9823867,-74.10657463,0.147339,,19.381701,18.597099
2025978622,336.8838062,-75.28560994,-0.65819699,,20.403099,19.5278
2054694274,357.065219,-74.83352278,0.50781798,,16.320999,15.4973
2025969617,333.1688053,-75.86058802,-0.082263798,,19.3578,18.4793
2025969622,333.0857799,-75.84392916,0.218384,,19.587999,18.7047
293507613,351.453049,-74.59150617,0.212585,,15.2219,14.831
293507676,351.2892383,-74.80071263,0.634817,,15.563,14.7108
2025981423,334.3610791,-74.72762487,0.22213,,18.6397,17.8377
293527465,352.2360085,-75.84674781,0.244919,,17.984301,17.141899
273398709,341.0447038,-74.81108208,0.19534799,,17.577499,16.728701
2025980099,334.0404795,-75.19451218,0.237122,,18.876801,17.994499
2025980261,333.8548632,-75.12186189,-0.146198,,20.103901,19.1847
2025981112,333.944742,-74.93674245,-0.36871901,,19.146601,18.3613
2026007773,333.4266871,-75.0042794,-0.0077992999,,19.3519,18.463699
2054694362,356.9770818,-74.70537325,-0.26334599,,18.192301,17.510799
2054694337,357.1484852,-74.74313699,0.15730099,,18.499599,17.6747
2026008694,333.5743383,-74.74446856,0.35201901,,18.242001,17.3874
2026008699,333.2782502,-74.86760488,0.644131,,19.374701,18.500299
2025981458,334.2373603,-74.6886441,-0.48117301,,20.1775,19.355499
2026009123,333.5303825,-74.53702252,-0.36992699,,19.531401,18.8291
293525094,351.7297563,-75.92563739,0.282325,,16.1775,15.337
2054760683,341.6620339,-74.30116306,-0.0056176302,,18.657499,17.8787
392793511,346.0642461,-74.54588845,0.58717799,,15.2726,14.43
392793589,346.0877736,-74.3199353,0.65211803,,15.5677,14.7416
2054694392,357.698237,-74.73343566,0.101682,,18.316799,17.5679
273398958,341.2085225,-74.17085611,0.16193099,,18.1532,17.3102
273514666,347.7219877,-74.26175188,-0.030636501,,18.111,17.4617
2054694458,357.8144649,-74.66170162,-0.173814,,18.3657,17.541599
2054694465,357.674277,-74.63769539,0.259579,,18.4512,17.6122
2026012898,333.6574594,-74.30640372,-0.119082,,19.867599,19.121401
2054760756,341.9562175,-74.20486202,0.0440218,,18.431801,17.676201
2054643035,356.2299422,-75.78730518,0.23242401,,18.516399,17.6632
2026012978,333.1778796,-74.30840191,0.090028398,,19.498501,18.6821
2026013188,333.6135231,-74.1255739,0.20799699,,19.588699,18.853701
2026013351,333.4153268,-74.00204159,0.29645401,,19.666,18.874399
2026110018,337.8422809,-74.16090776,0.44901001,,19.323099,18.5347
2026110020,337.855763,-74.14826359,0.18967099,,18.746401,18.003
2026110028,337.6930919,-74.14090793,0.18029501,,19.0289,18.3179
2025981548,337.2192279,-75.1658373,-0.421271,,20.377701,19.478399
392793715,345.8329485,-74.01017212,0.80864298,,15.2213,14.3818
2025984664,334.7139208,-74.67777856,-0.099527203,,18.972,18.2421
2025984736,335.0698447,-74.54270776,-0.054910801,,18.784599,18.0439
2025984759,334.6750525,-74.65459836,0.088023201,,18.555099,17.842699
273514876,347.8194168,-74.70574031,0.115078,,18.2349,17.496
273514961,348.0553542,-74.95722309,0.15012699,,17.982599,17.187401
293525173,351.9622865,-75.67797818,0.0632836,,15.4432,14.8819
293525265,351.8789642,-75.3447695,0.47565001,,16.2472,15.4369
2054643117,356.1386285,-75.68317838,-0.74514699,,19.726999,18.998899
261563926,349.9275378,-75.38977499,0.42738399,,15.8483,15.0085
261563965,349.7218551,-75.27230801,0.58678699,,15.0761,14.2573
2026110133,337.6168583,-74.13917513,-0.020994101,,19.572201,18.7752
2026110150,337.6408372,-74.07469517,0.14809699,,18.8577,18.119699
273515023,347.9902916,-75.08872672,0.32066399,,17.6495,16.811001
277939554,355.2559056,-75.80941696,0.33626801,,17.6134,16.8307
2054643183,355.4325883,-75.71359156,0.28900099,,18.4217,17.732201
2054643196,355.504633,-75.67338055,-0.00077096699,,18.8675,18.1654
2054643204,355.5235307,-75.64687211,0.26900601,,18.4478,17.621901
325342225,337.7823033,-74.1033228,,,12.4628,11.6181
270246279,332.9839044,-74.66803531,1.33315,,13.6941,12.8271
2054643213,355.8426016,-75.66360411,0.27993,,18.456499,17.7188
2054643218,355.8205093,-75.67180649,0.0141507,,19.4058,18.6464
2054643222,355.8127888,-75.64394972,0.342567,,19.3918,18.5812
2054643223,355.7833319,-75.64219097,0.37661999,,19.2957,18.5366
2054643237,355.7719592,-75.61979939,0.106365,,19.4664,18.685699
277939601,355.4570245,-75.66305278,0.200968,,17.679399,16.948799
277939717,355.5124375,-75.25688368,0.30146399,,17.495399,16.6705
2026110159,337.6527296,-74.04436684,0.228597,,18.360399,17.646601
277939904,355.4781194,-74.6518276,0.39537001,,16.788,16.048401
277939942,355.5639333,-74.53131273,0.147193,,18.3312,17.492599
2054695280,357.7683023,-74.4201572,-0.203371,,18.927799,18.135599
2025984770,334.7686807,-74.63234046,0.185056,,18.8913,18.2248
2025984779,334.7676086,-74.59918196,-0.068550497,,19.189699,18.441099
2026110182,337.3456074,-74.02922029,0.20569199,,18.531099,17.851801
261564074,349.939359,-74.93968409,0.859505,,14.4388,13.7363
261564110,349.6904984,-74.82212529,0.54784298,,15.3996,14.5635
261564144,349.7036299,-74.71129754,0.749946,,14.8721,14.0873
2054643326,356.157806,-75.55500074,0.34408399,,18.176001,17.4666
2025984804,334.5596316,-74.57472422,0.10528,,18.726801,17.9062
2025984806,334.4981749,-74.55892614,-0.068480998,,19.434999,18.5959
2025984807,334.580572,-74.57192245,0.36940899,,19.180799,18.315701
2025984822,334.6714976,-74.56521933,0.665443,,19.015301,18.1595
273419161,343.9401479,-74.72474709,0.089883499,,18.4764,17.6605
2054668965,344.0438808,-75.01188906,-0.53485101,,19.070601,18.2798
2054669021,344.2971976,-74.94643791,0.098244101,,17.969,17.153299
2026111535,336.9606969,-74.10117482,-0.115189,,20.075199,19.2654
2054671720,345.3105127,-74.53532322,0.26562801,,17.875601,17.1376
2026111551,337.0427843,-74.05481756,0.138878,,19.4904,18.765301
2026111557,337.1189513,-74.03243807,0.103318,,18.678499,18.044901
273419374,343.834783,-74.19997822,0.044704001,,18.4021,17.5721
2025984826,334.7003004,-74.52078936,0.37813401,,18.3951,17.6262
261564160,349.8673163,-74.66452402,0.33696601,,16.1912,15.3539
261590075,349.6920923,-74.44954501,0.86557299,,13.8599,13.162
261590140,350.0185336,-74.23268905,1.00385,,14.4654,13.784
261590143,349.9385239,-74.2255202,0.70890599,,15.2227,14.3907
261590165,349.8408091,-74.17192591,1.2805099,,14.1537,13.3398
277940030,355.5131019,-74.20977369,0.29487601,,17.3435,16.519199
261644819,351.1265684,-75.48492419,0.35015601,,17.5266,16.7099
2025974866,338.8535058,-75.39149732,0.148334,,18.534,17.721001
270201360,331.7014023,-75.53830499,1.60666,,12.6102,11.9103
325279801,334.505568,-75.86053391,1.2871701,,13.0304,12.1529
325279874,334.5896774,-75.61163497,3.2260699,,11.4973,10.5948
325279997,334.5052239,-75.28564522,1.83781,,12.797,11.9962
325280055,334.3847649,-75.13339843,1.3350101,,12.8166,12.0622
325280066,334.7446549,-75.11116287,1.54116,,13.2441,12.3496
325280336,334.6561194,-74.45201138,1.2951,,13.576,12.7768
325280348,334.5609745,-74.42514851,2.55158,,11.8151,11.1539
2054648423,354.3358814,-75.57799402,0.126491,,18.231899,17.3836
293525636,351.6855818,-74.10282604,0.096813098,,17.8528,17.192499
293527183,352.1608175,-74.84342368,0.128482,,17.5989,16.7693
2025974889,338.7370406,-75.36729616,0.56224102,,18.682899,17.889
2025974894,338.6069351,-75.39231527,-0.059463199,,19.2493,18.545
2025974904,339.4475298,-75.47647219,0.107536,,19.5525,18.742599
2054643384,356.2067181,-75.48928012,-0.171829,,18.7078,18.0536
2025981660,336.8750856,-75.18205616,0.33603799,,18.2955,17.494699
2025981709,337.1397974,-75.12162058,-0.34221101,,19.7381,18.8337
2025981722,337.0464124,-75.11092735,0.36539501,,19.882,18.992599
2025981727,337.2670159,-75.09023582,0.031631,,19.1726,18.411301
261590207,349.9742795,-74.03602762,0.685817,,15.1593,14.4425
261591665,350.3726476,-74.10856998,1.01776,,14.5561,13.7319
325280409,334.7149108,-74.24751113,1.21683,,12.7862,12.0927
270261438,356.0653485,-74.71220123,0.60373801,,14.6609,13.8792
2054643478,355.8468458,-75.462538,0.070219703,,19.9053,19.076599
2025984851,334.8122913,-74.48398572,0.121621,,19.3374,18.512501
2025984861,334.5367104,-74.48372928,0.469037,,19.516001,18.697399
273367286,339.9288856,-74.6592436,0.23009101,,13.67,12.9869
2026018401,329.4404264,-74.00427769,-0.34181401,,18.6984,17.907101
2025982004,337.0604231,-74.95835325,-0.161514,,19.1213,18.231899
2025981803,337.6456552,-75.06622679,-0.45283699,,19.890699,19.106501
2025981821,337.5329164,-75.07455949,0.286881,,19.488899,18.6539
2054643249,355.6292684,-75.61734985,0.21613,,18.506599,17.681801
2054668432,342.8323833,-75.14489652,0.172874,,18.393801,17.600599
2025985080,334.7053568,-74.44743581,0.26700401,,19.254101,18.483601
2025985091,334.6780569,-74.42692447,-0.20888001,,19.682501,18.9051
2025975115,338.878419,-75.31300118,-0.199145,,19.1775,18.4953
2054671877,345.9563161,-74.3774305,0.115177,,18.0865,17.305201
2025975205,338.8721814,-75.17462454,0.18528099,,19.431601,18.7104
2025975212,338.3063503,-75.50396398,-0.244554,,19.9265,19.0525
2025975215,338.3440868,-75.48662799,0.310063,,18.322001,17.5005
2054760990,342.2074732,-74.10578625,0.200855,,18.5273,17.6796
2025981866,337.7616938,-74.98521342,0.0763852,,19.2062,18.381399
2025985294,336.2269615,-74.44396624,-0.45469201,,19.9618,19.184
261564015,350.0350255,-75.11437848,0.42980701,,17.231001,16.417801
261564064,349.8819359,-74.97449654,0.31156299,,17.400801,16.6712
261564104,349.9856866,-74.83623065,0.32058701,,16.739,15.9462
2054671928,345.4904526,-74.38807989,0.053237401,,18.346201,17.678699
2054671957,345.2331606,-74.35927172,-0.33705601,,18.799,18.124701
270273033,333.9228782,-75.0317163,1.19309,,13.0366,12.1819
325341827,337.7659719,-75.19128805,3.1459401,,11.5101,10.7536
2025985105,334.8201286,-74.40379277,0.304272,,18.741301,17.9445
2025985114,334.7566954,-74.38636732,-0.111449,,19.704599,18.9648
2025975236,338.3617548,-75.46401294,0.37634301,,19.537001,18.735001
2025975259,338.0812177,-75.44017457,0.167523,,20.1264,19.233601
2025975262,338.0979458,-75.41593062,-0.0143086,,19.0748,18.298599
2054698750,357.8205754,-74.15792035,0.0357165,,18.7075,17.9189
270261077,355.9483107,-75.96116152,1.15123,,14.3292,13.5171
270261072,356.2142246,-75.97603542,0.68072301,,15.7137,14.8674
2025975305,338.4928578,-75.40094799,0.20751899,,19.454,18.6915
2025975329,338.6004551,-75.33759735,-0.037313402,,19.4119,18.5532
2025985181,334.9584266,-74.2998844,-0.205391,,19.6061,18.7523
2025985183,334.942192,-74.29077293,0.31300801,,18.612,17.8104
270261127,356.1448091,-75.7584452,0.833718,,15.2092,14.3548
270261144,355.9505753,-75.71235992,0.65109402,,15.5866,14.7502
270261201,356.0871041,-75.54696953,0.62325501,,15.4629,14.6484
2054698753,357.9147944,-74.14589722,0.035859801,,18.615801,17.7997
2054683686,346.3343947,-74.2808603,0.201768,,18.406601,17.589899
2026008949,334.157915,-74.63583865,0.424422,,19.356001,18.531099
2026008958,334.2508656,-74.59731101,0.32290301,,18.5245,17.691099
2026012292,333.9361441,-74.51523954,0.109744,,19.021,18.212601
2054646059,356.8378902,-75.38618301,-0.30773401,,20.1924,19.3783
2054646061,356.8218434,-75.37935694,0.50517201,,18.5861,17.735399
261564129,349.725129,-74.76411057,0.52679098,,16.6005,15.7615
261590019,350.0504534,-74.61927277,0.32143399,,16.767099,15.9389
261590023,350.0001748,-74.61194677,0.30673,,16.9293,16.1591
261591690,350.1280277,-74.15474562,0.350952,,17.045,16.2052
261591702,350.4318126,-74.18831388,0.31216899,,17.306801,16.4946
2025985342,336.3631912,-74.4573913,-0.14049201,,20.006001,19.201799
2025985362,336.2353611,-74.41580086,0.272459,,19.4681,18.698
2054649180,354.850051,-75.5052084,-0.074607201,,18.7465,17.898701
2054646235,356.7666528,-75.33566729,-0.61953002,,19.746799,18.9471
2054683828,345.515121,-74.17257854,-0.027050801,,17.7929,17.4401
2054649241,354.5055173,-75.37373022,-0.134635,,18.506901,17.768299
2025975357,338.1953047,-75.29089545,0.353295,,19.026899,18.187
2025975443,338.0412092,-75.28367176,-0.0048955702,,19.1562,18.352699
2054649362,354.9750202,-75.32901771,0.25647801,,18.4596,17.6471
261591862,350.1538698,-74.6605796,0.39740101,,16.811001,16.0026
261591905,350.4360755,-74.79522182,0.44432199,,16.880699,16.0406
2054683843,345.8808256,-74.16897807,0.23546299,,17.9161,17.2101
261591992,350.4071983,-75.07898909,0.38083199,,16.324301,15.5293
261592085,350.1655371,-75.37488611,0.379935,,16.4648,15.614
2054684069,345.6603,-74.06531903,0.304865,,18.3125,17.4881
2025975454,338.1027542,-75.26029002,0.18863399,,18.366199,17.611401
2025975461,337.8648366,-75.26841192,-0.26517901,,19.2985,18.5058
2054646245,356.8141444,-75.31092007,0.2976,,18.382,17.585699
2054672335,344.5265408,-74.6852404,0.115519,,18.164,17.4568
2054672341,344.4064045,-74.68125059,0.029391401,,18.2819,17.598
270273049,333.698467,-74.99540917,3.82304,,8.7033901,8.3383503
325341583,337.6867976,-75.79838212,5.1648998,,9.9562502,9.2221298
325342251,337.8253892,-74.01920527,2.62516,,10.8431,10.355
2025975505,338.6765993,-75.27226667,0.26831099,,18.234699,17.4338
293569807,359.6228624,-74.58364602,0.0347916,,17.174101,16.730499
2026012249,334.1093999,-74.55053984,0.31393901,,19.459101,18.6301
270244186,332.425128,-74.6220567,2.40308,,12.4886,11.7287
316992950,335.7007479,-74.13075424,4.16471,,11.2331,10.4801
325341817,337.6988781,-75.22286859,1.44981,,11.3902,11.0509
2054761116,341.6669084,-74.00461058,0.038912501,,18.5931,17.836399
2026012277,334.2564095,-74.47269347,0.0079113897,,19.271601,18.445999
2026012278,334.0458964,-74.53389729,0.31232399,,18.437401,17.5714
2054646294,356.7894895,-75.21897923,0.085381702,,18.8083,18.005301
2054646306,356.5603089,-75.50101981,-0.0241697,,18.7617,18.0231
270261289,356.0486691,-75.26212733,0.38638899,,15.9266,15.1542
402104817,358.7027716,-75.84033733,5.25421,,11.6768,10.8377
2025975562,338.7453488,-75.21083333,-0.201717,,19.046301,18.190399
2025975570,338.5979909,-75.20619248,0.322027,,19.681,18.8992
2054672445,344.382598,-74.62988936,-0.072652601,,19.0704,18.2278
2054672470,344.1097009,-74.60149943,0.24730401,,18.398899,17.5837
2025975579,338.6676657,-75.1965158,0.034557998,,19.5145,18.7808
2025975605,338.5540437,-75.17884966,0.13581499,,18.461201,17.761801
2054646400,356.3710184,-75.38305639,-0.52875698,,19.769899,19.080601
2054658453,349.3621057,-75.96225724,0.30893701,,18.181299,17.3188
261592173,350.0833032,-75.64643758,0.44398999,,16.468,15.6854
261592188,350.1554731,-75.6938429,0.299714,,16.844299,16.1073
261592189,350.1960466,-75.69693683,0.47641101,,16.693001,15.8714
261592197,350.3454167,-75.73718472,0.36983499,,16.456699,15.612
261593368,350.7801755,-75.71744539,0.51564401,,16.747801,15.9142
2054661477,349.0508308,-75.70469729,0.069477797,,17.957701,17.1703
2054661684,349.233686,-75.63648776,0.125503,,18.4023,17.624599
2054661685,349.2185269,-75.62556631,0.194226,,17.930599,17.185499
352546171,325.8973453,-75.97481111,1.42457,,,
261593398,350.7891981,-75.63191333,0.333166,,16.827999,16.0937
261593609,350.4672745,-74.9474747,0.37649399,,16.183399,15.3438
261593617,350.8079856,-74.92200637,0.39015701,,16.589001,15.7445
270261291,355.9452067,-75.2539236,0.71381402,,14.5195,13.7164
270261325,356.1768796,-75.14126526,0.88123798,,14.2236,13.4144
270261328,356.1552096,-75.13247898,1.3340501,,13.8678,13.0569
270261349,356.3092976,-75.06300462,0.75241899,,14.3257,13.5198
2054661695,349.1627532,-75.6094389,0.211247,,17.9102,17.0884
293507429,351.4769036,-74.09630838,0.40747499,,17.2437,16.5396
273369542,340.5139996,-74.25796737,0.399661,,17.6182,16.8074
273369570,340.541587,-74.17627091,0.318995,,17.446899,16.711201
2054661792,348.9773096,-75.58132587,0.084524199,,18.383101,17.552999
2054661864,349.0435101,-75.49198146,0.28779599,,18.3708,17.534401
352546007,326.0141875,-75.48123935,8.9555502,,9.7130604,9.0013399
352511453,325.2542093,-75.81617188,1.43677,,13.5485,12.691
421919078,342.452293,-74.84292266,5.9061098,,10.3043,9.4835901
421919117,342.2185253,-74.73448272,3.5975699,,11.6634,10.8898
325280228,334.7230646,-74.73827412,1.76834,,13.4884,12.6513
325280301,334.4295095,-74.53979455,1.5114501,,13.0432,12.1877
325280404,334.7553542,-74.26101655,1.8757401,,13.3781,12.5336
325341990,337.8746869,-74.76131949,2.8129301,,12.7491,11.9194
325342092,337.7489812,-74.47305444,2.6176801,,12.4198,11.5888
270261440,355.9942413,-74.70687072,1.12474,,14.3562,13.512
293507616,351.4069657,-74.614966,0.46931601,,16.5107,15.6662
293507656,351.4956873,-74.73984574,0.38542601,,16.3918,15.5507
293507721,351.5537365,-74.94089202,0.33733401,,17.1693,16.409599
421918972,342.5350037,-75.14146235,5.3664498,,11.5877,10.786
421919178,342.4984021,-74.52075392,2.61131,,11.6332,10.8913
352510917,325.1652575,-74.475293,4.6663198,,10.4751,9.7640104
273369572,340.5510527,-74.16525581,0.40542001,,17.5986,16.7591
273369654,340.5891057,-74.08158245,0.191103,,17.4771,16.673
2025975622,338.605792,-75.14381405,0.39352,,19.869301,19.015699
273396337,341.0051375,-74.0953956,0.178505,,18.0044,17.165199
290401860,330.5719359,-75.77901626,2.63885,,12.5126,11.7078
273367237,340.1953774,-74.5104751,1.4689699,,12.3658,11.6556
2026012360,334.4018778,-74.39058575,-0.045813501,,19.6483,18.841299
2026012383,334.3717912,-74.37595899,0.32585901,,19.313801,18.535299
2026012388,334.2046954,-74.3596123,-0.19769301,,18.945499,18.254801
2026012393,334.2741265,-74.35706446,-0.095861502,,18.9391,18.142599
2026012433,333.8068998,-74.41833241,-0.041030101,,19.465099,18.757601
2054662595,349.4773432,-75.40649285,0.0175862,,18.704599,17.853001
273368983,340.5513552,-75.8699355,1.65351,,12.497,11.7234
273369128,340.4285226,-75.42312627,1.38877,,11.8923,11.1947
273369225,340.5156085,-75.16893453,1.86665,,12.2709,11.5786
273369346,340.368179,-74.82635678,4.4125199,,11.1427,10.3065
421918887,342.4198568,-75.4023599,2.01457,,12.2215,11.4356
421919067,342.2784856,-74.86693014,3.34249,,11.5593,10.7613
2025975653,338.1719136,-75.2084436,0.165324,,19.308001,18.4529
2025975666,338.0646583,-75.18237496,0.25247201,,18.518499,17.679701
2025975672,338.2730764,-75.15550363,-0.062733203,,19.753401,18.900101
2025975673,338.2701319,-75.15499715,0.36798301,,18.941999,18.1133
2054673408,344.4248526,-74.33639202,-0.0064415699,,18.7801,17.9674
2054673419,344.4100471,-74.30096054,-0.0039259698,,18.4394,17.7162
2054662607,349.4162158,-75.37126336,0.072722003,,18.5168,17.701
2054662621,349.7673224,-75.39813475,0.197384,,17.990999,17.2008
2054646462,356.1338348,-75.29040393,0.18310501,,18.26,17.603701
352479771,324.115226,-74.25412236,1.67927,,12.8166,11.9731
325279887,334.6257623,-75.59840999,1.0096101,,13.5166,12.8405
325279951,334.7128404,-75.43132635,1.42457,,13.4509,12.5138
325279987,334.7207087,-75.30690334,1.49281,,12.7973,11.9002
2054654186,354.3615914,-74.35988377,0.079382502,,18.142799,17.452499
352566751,326.3848656,-75.60447148,2.56651,,12.8049,11.957
352566814,326.2115629,-75.48387737,1.06148,,13.1668,12.3146
352567330,326.3125404,-74.14154604,1.74078,,12.9395,12.2124
2054652337,355.0796944,-75.25465086,-0.0695263,,18.872601,18.057301
2054652373,355.4000218,-75.19435022,-0.089763902,,18.616199,17.820601
352511224,325.1921777,-75.26107723,1.52937,,13.6731,12.8252
290370330,330.0274778,-74.92556363,1.9719599,,13.3747,12.4775
290374899,330.3521491,-75.17098942,1.28894,,13.2841,12.4716
270261520,356.1098544,-74.4349483,0.88367999,,15.4314,14.647
270261537,356.0377281,-74.37321631,0.51233798,,15.3744,14.653
2054673572,344.7135338,-74.29320359,-0.074124999,,18.8498,18.016701
2054673611,344.4437513,-74.24824256,0.131982,,18.251499,17.450899
325341575,337.8621335,-75.81212893,1.24619,,13.1935,12.292
325341608,337.6558994,-75.72928392,1.1869,,13.4126,12.5962
392793087,345.9964957,-75.89002039,0.45077699,,16.449499,15.7144
290402235,330.7953641,-74.74007397,0.91313398,,12.8596,12.004
421918735,342.4618631,-75.88313877,1.19657,,13.0393,12.329
273367222,340.1408735,-74.46560499,2.3122499,,12.2549,11.547
2054646730,355.9024318,-75.20520012,0.30037701,,18.492201,17.689699
2025985475,336.0796262,-74.3838163,-0.052552,,19.8207,18.958401
2054673614,344.4647324,-74.22626054,0.067032397,,18.527599,17.7889
2054673785,344.216434,-74.26849005,0.208416,,18.435801,17.6544
2025975709,337.9679814,-75.08466006,0.035322599,,19.250999,18.3993
2025975710,337.9232413,-75.09319497,-0.082799599,,19.2381,18.4123
2025975765,338.0028581,-75.07238812,-0.214679,,19.3258,18.5762
2025975732,338.2686074,-75.08717442,0.27003601,,19.6614,18.837999
2025985523,335.8221529,-74.32478355,-0.289873,,19.855301,19.0432
273396591,340.8858224,-74.78810873,0.237259,,17.9296,17.111401
273396637,340.9196885,-74.9063791,0.018397,,18.120199,17.387199
273396650,340.6721542,-74.9502695,0.152986,,18.007299,17.224701
2025985795,336.024602,-74.21600798,-0.044108398,,19.658001,18.8454
2025985560,336.7399904,-74.37026894,-0.0179903,,19.610399,18.793699
2025985591,336.6141746,-74.32707479,-1.04757,,20.245501,19.401199
2054701245,354.4948595,-74.37538816,-0.021865901,,18.638,17.787901
2054701289,354.3093327,-74.30327042,-0.0517103,,18.3335,17.6658
2054677106,348.4988871,-74.47755587,0.153551,,17.9429,17.276699
2025985610,336.3974454,-74.32506274,0.154219,,19.683001,18.8992
2025975741,338.3737302,-75.08185222,0.141344,,19.0044,18.3242
2025975747,338.2774034,-75.05735549,-0.205825,,19.413099,18.655899
2025975749,338.3244856,-75.05261613,0.208762,,18.707701,17.900999
2025975760,338.1567756,-75.07275996,0.27815899,,18.536501,17.730101
273396739,340.6836238,-75.21983687,0.214351,,18.0597,17.226
273396757,340.6547345,-75.27159716,0.17616899,,17.4834,16.6264
2054677514,347.8728652,-74.41676506,0.13448399,,18.362499,17.538601
325341762,337.6897084,-75.33820947,1.62262,,13.699,12.8522
325341842,337.7297377,-75.16674925,1.04606,,13.2713,12.4833
325341936,337.691763,-74.91707593,1.96858,,12.7975,12.0579
325341981,337.6637224,-74.7944304,1.68129,,13.5877,12.8325
325342123,337.7432029,-74.37527117,1.5063,,12.5742,11.9295
2026012737,333.8946668,-74.2409242,0.29543301,,19.040701,18.287901
2026012566,334.7312264,-74.32906678,-0.19272099,,19.3547,18.5366
2026012567,334.6776677,-74.32712811,0.40403599,,18.5305,17.673201
2054649605,354.3463897,-75.36360549,0.053169601,,17.9972,17.299
2054701390,354.1222364,-74.26732241,0.164793,,18.374901,17.5473
402105084,358.5852446,-75.06089779,1.32205,,13.6911,12.8498
402105147,358.5317395,-74.82590103,1.48192,,12.1744,11.3669
402105164,358.3691973,-74.75340846,0.95194399,,13.142,12.4399
2025976409,338.7388966,-75.07624526,0.15198199,,19.2052,18.4235
293507787,351.3500338,-75.19131816,0.12893,,16.9499,16.125601
293507814,351.5656679,-75.28433698,0.40457499,,16.808599,15.9842
293507817,351.3890909,-75.29542985,0.40204999,,17.268499,16.4552
2026012601,334.4688757,-74.28278606,0.32138401,,18.4681,17.6479
2054646616,356.5894125,-75.25557423,-0.63071102,,20.1882,19.3389
2054646624,356.4488888,-75.22233663,-0.30141899,,18.767401,18.173201
2054646628,356.387128,-75.20738983,0.274863,,18.3326,17.562401
2054646630,356.3391537,-75.26758268,-0.32335401,,20.208599,19.3624
2054646636,356.2144482,-75.25097979,-0.652578,,20.0256,19.190701
2054646657,356.1185383,-75.16605864,-0.143022,,19.846701,19.1164
2054677872,348.7200737,-74.35722638,0.24462201,,17.8426,17.113501
2054677880,348.8688618,-74.33231818,0.19690999,,18.2241,17.419399
2054677891,348.7048822,-74.31785905,0.101169,,17.733,17.045401
352479789,323.9801856,-74.21957377,1.15236,,13.5778,12.8128
2025985632,336.4294005,-74.27546266,-0.121436,,18.6987,18.035101
2026012679,334.2119046,-74.31010817,0.055941701,,19.7948,18.9513
2026012680,334.2353642,-74.30647051,-0.164487,,19.9664,19.188101
2025976439,338.5893692,-75.05681066,-0.049837001,,19.372299,18.6213
352546095,325.8393358,-75.70929163,1.17355,,13.3897,12.632
290402504,330.6295533,-74.0521437,0.935265,,12.9026,12.4981
290374402,330.3337321,-74.39948457,1.7482899,,13.5116,12.6972
2054646707,356.3638649,-75.11477631,0.335915,,18.474701,17.730101
277912210,354.4342773,-74.61220712,0.28570199,,17.6689,16.8451
273367426,340.1486398,-75.03301096,1.5739501,,13.563,12.7501
273367473,340.1272567,-75.16934888,2.45768,,12.1322,11.401
2054646713,356.1679437,-75.1076355,-1.0902801,,20.537001,19.688499
2025976464,338.5752376,-74.99343608,0.290443,,18.471201,17.700701
2025976466,338.6150806,-75.00201049,0.44311801,,18.6029,17.809401
2054647543,355.8894447,-74.97003153,0.053015199,,19.4753,18.629601
273369442,340.617479,-74.55411641,2.217,,13.0313,12.1863
273369483,340.4387823,-74.43699626,1.47813,,13.7254,12.9151
2026012710,334.2952591,-74.23734593,-0.74294001,,20.1185,19.277
273369506,340.3029313,-74.35184677,1.94681,,13.0806,12.284
421918721,342.2862061,-75.92072578,1.95798,,13.3077,12.4326
421918731,342.2670526,-75.88613027,1.9394,,13.4625,12.6003
421919002,342.4307398,-75.03827384,1.29696,,13.6121,12.7816
421919034,342.4289695,-74.95564842,1.88405,,13.0485,12.3183
2025985694,336.6126046,-74.21963011,-0.71335697,,19.9473,19.238501
2025985700,336.4925341,-74.20978504,0.123769,,19.7857,19.0135
2025985768,336.2896881,-74.23074597,-1.1785001,,19.833,19.1374
2025985800,336.0843866,-74.20937289,0.28246999,,18.587,17.747101
392793423,346.0589183,-74.77599714,0.602669,,16.6154,15.8081
392793503,345.9818755,-74.57925105,0.188805,,16.3785,15.604
392793520,345.9188319,-74.51904312,0.37061101,,16.717699,15.884
392793559,345.8356824,-74.40725571,0.398146,,16.9953,16.1567
2025976531,338.7355431,-74.96940135,-0.051566701,,19.4063,18.7003
2026012721,334.2134268,-74.20634488,0.185387,,19.760099,18.948299
2025976582,338.4811908,-74.98993422,-0.90161997,,19.8937,19.1448
2025976607,338.1940128,-74.96934692,0.220396,,17.419201,17.064199
2025976612,338.1125853,-74.97901971,-0.15045901,,18.906601,18.1628
2025976615,338.0996944,-74.94928577,0.25244701,,18.7068,17.8734
270202916,332.4323701,-75.62709723,0.27155301,,18.704399,17.841801
290352004,329.5085413,-74.92179386,4.3769302,,9.9333,9.2606401
290402323,330.5267708,-74.49874477,4.4237299,,8.5625601,8.1231899
2025980317,333.6985277,-74.99605422,3.7204599,,10.659,9.9685898
2054647315,356.8482635,-74.92654028,-0.16741499,,19.5243,18.863001
2025976636,338.250607,-74.91482405,0.098040603,,18.8032,17.959499
2025985871,336.169512,-74.13421343,-0.480829,,19.826099,19.025499
2025976658,338.4284164,-74.92441601,0.069277301,,18.9058,18.0497
2025976663,338.5409109,-74.91394438,-0.059766699,,19.3365,18.472
2025976669,338.7058311,-74.88652633,-0.11737,,19.9883,19.124701
2026003367,328.194507,-74.75005516,-0.072093397,,19.143101,18.3713
2054647407,356.5970182,-75.09292064,-0.120498,,19.9764,19.2344
2054647418,356.4346772,-75.03543886,-0.49073201,,19.6252,18.927999
2026004217,328.3350815,-74.69225433,0.26919299,,18.532801,17.654301
2026004221,328.298512,-74.65916822,0.183107,,19.726601,18.905399
2026004206,328.3945877,-74.67715154,-0.327584,,20.1521,19.350401
2026004228,328.5264114,-74.66220961,0.34410799,,18.260401,17.509001
2026004231,328.3940979,-74.66781248,0.32575199,,18.679701,17.942699
2025976688,338.3577519,-74.87131914,0.0532097,,18.598301,17.857201
2025976840,339.050008,-74.7598731,0.160043,,18.889601,18.1693
2025976841,339.1759242,-74.74524523,-0.212173,,19.898399,19.114201
2025976875,338.7467693,-74.77163487,0.274306,,19.3312,18.524401
2025976880,338.6300635,-74.77242397,-0.23734599,,19.3657,18.6206
2025976884,338.7219256,-74.76185323,-0.022423301,,19.4641,18.732201
2026004453,328.2564948,-74.51349432,0.049051698,,19.021,18.224199
2026004420,328.2519285,-74.54562364,0.45110101,,19.035801,18.235901
273396925,340.9945736,-75.77716152,0.140129,,18.403,17.606001
273396934,340.869191,-75.79270062,0.137464,,17.697701,16.8969
273396952,340.8362177,-75.85173542,0.27595901,,17.7761,16.8957
2054619236,342.2027651,-75.50874963,-0.0020697899,,19.2705,18.4116
2054619315,341.9883115,-75.44744492,-0.124214,,19.8808,19.1092
2026004468,328.3256503,-74.4907797,0.40415299,,19.8001,18.900299
2026004476,328.251957,-74.48021825,-0.34116,,19.425301,18.5618
261563883,349.7899737,-75.52450437,0.387916,,16.936501,16.079201
261563920,349.6929444,-75.4061087,0.35511699,,16.9422,16.134701
261563921,350.029291,-75.40607466,0.32215199,,16.9587,16.147699
392759783,327.5373408,-74.88543954,1.27452,,13.3173,12.5063
2054619336,342.0162129,-75.39208837,0.28796601,,19.468201,18.672199
2054619338,342.0693595,-75.37637934,0.292945,,18.371201,17.7313
392760011,327.5533418,-74.21636924,1.16632,,13.5843,12.7053
392762130,327.8624222,-74.93088531,1.61164,,13.6906,12.8123
2054756754,341.9985491,-75.31146569,0.61581802,,19.138,18.334499
2054668001,342.8318123,-75.4968429,0.38153699,,18.7472,18.0334
290351921,329.5495322,-74.70033528,2.08336,,11.7987,10.9914
270201444,331.7615632,-75.77492939,1.56306,,12.933,12.196
290374744,330.1498817,-74.9039289,1.65718,,13.1473,12.2358
290375395,330.1384371,-75.93609118,1.54555,,13.8351,12.9316
2026004480,328.2893917,-74.45877034,0.108708,,18.7645,17.9042
2026004677,328.4543635,-74.42216992,0.450183,,19.402901,18.5049
2026004687,328.2864465,-74.40521202,-0.12663101,,18.931299,18.4552
2054647451,356.2174266,-75.01702204,0.34128499,,18.670401,17.859301
2026004709,328.3928199,-74.36684884,0.044902202,,19.550501,18.6612
2026006467,328.1788387,-74.40000329,0.200564,,19.089701,18.2325
2026006474,328.1174461,-74.38005776,-0.169636,,19.3039,18.501801
2026006501,328.2748622,-74.33207018,-0.0042681098,,19.8311,19.0459
2026006581,328.2390756,-74.26157665,0.237517,,18.283199,17.6175
2054647478,356.3789797,-74.99710886,0.39509699,,19.546,18.771999
273418792,344.1095605,-75.7261551,0.282579,,17.538,16.7785
2025986223,335.8365854,-74.14394163,0.0216351,,19.846399,19.1005
2025986295,336.0493669,-74.06910572,0.102587,,19.617701,18.8361
2026006584,328.2573712,-74.2459194,-0.67649299,,19.8978,19.129
2026006589,328.1434655,-74.23435494,0.211326,,18.6455,17.7915
2026006558,328.3744904,-74.26996781,0.15602601,,19.507601,18.619499
2026111464,336.9792784,-74.16419615,0.14279,,19.677099,18.855499
2054668011,342.7268265,-75.48332891,-0.55827999,,19.9925,19.213699
2054668016,342.7619978,-75.44674908,0.22451399,,18.9105,18.1842
270246139,332.9714337,-75.04690199,1.0142601,,13.4647,12.6142
2026020018,328.3434793,-74.085138,-0.204014,,19.168501,18.396
2026020007,328.3257182,-74.08974439,0.073919602,,19.206301,18.3153
2026111589,336.9200587,-74.03054939,-1.90421,,20.632401,19.8272
2026111609,336.6123331,-74.10558473,-1.01609,,20.3943,19.6049
277912386,354.5170258,-74.06910188,1.74224,,13.7501,12.9352
2026019912,328.4367316,-74.08764509,0.144051,,19.4636,18.6262
2026020026,328.3965485,-74.06176358,-0.205856,,19.7209,18.952499
273418928,343.8045679,-75.31736121,0.228631,,17.5648,16.9394
273418951,344.0432393,-75.26607597,0.419779,,17.4527,16.711399
2054647513,356.2128663,-74.89712864,-0.12730099,,19.8841,19.1091
261563956,349.9406761,-75.30403246,0.45425999,,16.0287,15.2224
261564037,349.994452,-75.04637267,0.75138903,,16.8239,15.9905
2025990144,327.3674705,-75.98373822,-1.0554301,,19.835501,18.980301
2054647639,355.969068,-74.8509711,0.359505,,18.309099,17.496
2054647645,355.833639,-74.89556828,-0.45686001,,19.8034,19.0998
273419073,344.0404246,-74.94947673,0.22543301,,17.3151,16.4848
290305748,328.5582567,-75.45530258,4.0212102,,11.1636,10.4712
290349816,329.0107286,-74.39153818,3.13623,,11.4444,10.5847
270246367,332.9772816,-74.40127448,1.58928,,12.3094,11.5233
270173562,331.4704114,-74.32907239,1.6831,,13.3517,12.4933
290404198,330.9524278,-74.14679323,1.3857,,13.5892,12.8336
2025990400,327.4442723,-75.87263339,0.237179,,19.4837,18.6714
2025990404,327.5569683,-75.88262638,-0.079990298,,19.469801,18.536501
2026111689,336.6605888,-74.00500954,0.214499,,18.507999,17.718
2026112092,336.2008309,-74.04583531,0.0172641,,19.7411,18.9436
2025997130,327.2573422,-75.81942043,0.122712,,18.9681,18.2113
2025997158,327.0931331,-75.79785663,0.0137523,,18.7509,17.977501
2025997146,327.3338255,-75.79598487,0.0080767898,,18.9342,18.1105
2054647710,356.2587904,-74.8521962,0.00091589103,,19.397301,18.651899
2054760936,342.3005275,-74.14566505,-0.194187,,19.248199,18.4063
273419143,343.7913297,-74.77108392,0.116702,,17.2675,16.544701
293507646,351.4955127,-74.70812667,0.352974,,17.5284,16.676001
293507912,351.2652129,-75.56554781,0.46022299,,17.0117,16.153
277912315,354.719349,-74.30853259,2.1499,,13.228,12.386
2054647754,356.3493561,-74.80286507,0.041907098,,19.398001,18.654301
2025997221,327.5423189,-75.72675102,0.16129699,,18.977501,18.084101
2025997225,327.6622645,-75.71516371,0.053028401,,19.3911,18.515499
2025997256,327.370683,-75.66242442,-0.153916,,19.2061,18.3897
273419344,343.7405701,-74.3038167,0.238263,,18.079901,17.284901
273419346,344.1253176,-74.29566605,0.40149,,17.440001,16.7108
2025997388,327.2214474,-75.64285792,0.49384499,,19.693899,18.753901
2025997393,327.2651276,-75.63722339,-0.108477,,19.606701,18.696501
2025998257,327.2127346,-75.56037517,-0.23796099,,19.7068,18.903
293525216,351.9307087,-75.49414601,0.28460699,,16.922001,16.0648
2054761221,343.2259074,-74.22287402,0.47750399,,19.784201,18.929001
2054761255,342.9613777,-74.13384355,-0.300787,,19.5553,18.778299
273419420,343.9416142,-74.0714749,0.27080601,,17.2812,16.6367
407581004,345.0494462,-74.2987654,0.41455001,,17.3151,16.495701
2054668046,342.6051799,-75.44907098,-0.209996,,19.0989,18.2589
2025998398,327.2180794,-75.43659611,0.0786791,,19.112,18.2729
407581092,344.9931579,-74.73382463,0.221047,,17.424,16.609501
2054668053,342.6870548,-75.40931941,0.35865101,,18.9508,18.143
2054668070,342.5824252,-75.36940352,0.47367799,,18.870701,18.052601
2054647769,356.4302817,-74.76405321,-0.56093299,,19.664,18.8452
2054647771,356.4801715,-74.76892824,0.371887,,18.7127,17.889099
2025998350,327.485681,-75.47032528,0.44155499,,19.6534,18.813801
2025998651,327.4708817,-75.34901853,-0.0102319,,18.8356,18.011299
2025998652,327.4130103,-75.32936894,0.39904299,,18.3202,17.402201
407581196,345.1604681,-75.26837371,0.23591299,,17.955299,17.2288
407584749,352.7851309,-74.19170196,0.24027801,,17.462999,16.8067
2054668122,342.6865039,-75.35094912,-0.97070098,,19.9519,19.267
2054694810,356.1820252,-74.59309874,0.159059,,18.828501,18.0842
2054668134,342.809371,-75.31988516,-0.0083172498,,19.493999,18.6954
2054668140,342.8022213,-75.28827926,0.071471103,,18.6973,17.968901
2054668155,342.4245918,-75.38902042,0.392928,,19.646099,18.802999
2054761260,342.9201474,-74.10894499,-0.37172899,,19.583,18.9028
2054761364,342.6881905,-74.10178003,0.078786999,,19.7363,18.9175
2054761374,342.8231673,-74.06815909,-0.25779399,,19.3773,18.5989
2054761388,342.7365981,-74.02535485,-0.151944,,19.7432,19.0084
2025999173,327.1546654,-75.24776218,0.46039999,,18.327499,17.4342
2025999178,327.1979219,-75.22595032,0.0135122,,18.655399,17.893499
2054668195,342.0353495,-75.32376091,0.152853,,19.7276,18.868601
2054761389,342.6015572,-74.08230421,-0.83135003,,19.8008,19.122499
2054668201,342.2723753,-75.33258199,-0.5165,,19.5765,18.855301
2054668203,342.1997671,-75.31530478,0.36009699,,18.2022,17.351101
2054668212,342.31843,-75.30176269,-0.074558496,,19.9046,19.104
2054668220,342.1665785,-75.28001831,0.29883,,18.0151,17.378599
261590017,349.9692624,-74.62193154,0.183027,,18.044201,17.2391
2054694334,357.2275675,-74.73922662,-0.060303301,,19.743401,18.937901
407584870,352.7956111,-75.05148233,0.25139701,,17.513201,16.691099
2054677949,349.2271413,-74.3676804,0.33066601,,18.6975,17.945299
261591707,350.172149,-74.20186814,0.25538701,,17.1243,16.324499
2026003099,327.1159093,-74.96398428,0.34781501,,18.772699,17.969601
2026003100,327.1149893,-74.96140618,0.089871399,,19.421,18.5306
290404398,331.1515189,-74.58456586,1.647,,13.4718,12.583
290404746,331.1914524,-75.45346246,2.8423901,,11.2571,10.5516
290404896,330.8981696,-75.89454665,4.5947099,,10.2877,9.7156
325339400,335.0366605,-74.24970853,1.27367,,13.6443,12.8762
407584944,352.7269628,-75.50789249,0.28720301,,17.630899,16.781
2026003191,327.5161275,-74.8626234,-0.209479,,19.9492,19.0945
2026003192,327.5728782,-74.8594134,0.52298898,,18.6134,17.7738
2026003197,327.5448413,-74.82660437,0.26324001,,20.0753,19.187
325339419,334.8732671,-74.31808147,1.02071,,13.3647,12.656
325339587,335.1005155,-74.74847307,4.8935399,,10.9016,10.129
270246450,332.8150568,-74.23833568,1.9337699,,12.5134,11.7477
2054677971,349.1294474,-74.35173157,-0.809322,,20.277,19.505199
2054678064,348.9477435,-74.31985721,0.41585201,,18.5438,17.735901
261564148,349.7471335,-74.70598312,0.309214,,16.9715,16.1488
261591643,350.2912673,-74.05301869,0.298599,,16.8339,16.0425
273551043,352.5245305,-75.03990133,2.16592,,12.8891,12.1616
2026005224,327.3870519,-74.67795473,-0.40917701,,20.186001,19.321899
2026005209,327.3352931,-74.69198098,-0.317083,,20.1355,19.2831
2026005226,327.4042536,-74.67880067,-0.19858401,,19.444,18.6964
2026005236,327.4290544,-74.64359808,0.515028,,19.054199,18.1968
270246003,333.074083,-75.44442804,3.3043201,,10.7368,9.9709997
325339391,334.8102748,-74.23542799,6.6880698,,10.9609,10.1726
2054678024,349.4938847,-74.27015207,-0.0140476,,19.2658,18.5362
261591883,350.4104874,-74.72988661,0.42162499,,16.9179,16.089701
2054668282,342.3262565,-75.2290005,-0.029118801,,19.2313,18.395901
2054694578,356.8066427,-74.60377595,-0.76245302,,19.7526,18.9797
293569645,359.6488221,-74.03787765,0.160373,,17.517401,16.702
293569685,359.510472,-74.13822488,0.25865,,17.4065,16.630199
293569694,359.5788688,-74.16385316,0.217896,,16.764299,16.0742
325339727,335.0274934,-75.06642991,2.06183,,13.3456,12.4569
325339808,334.9335011,-75.24563698,1.84051,,13.0227,12.1806
261591654,350.1887359,-74.08078494,0.439679,,16.814301,16.067801
261591671,350.4375989,-74.11244049,0.442404,,16.8549,16.1138
261591682,350.3651925,-74.13662974,0.34963101,,16.897699,16.0763
270261623,355.9875152,-74.09898354,0.40437299,,16.6621,15.833
2026005312,327.431042,-74.60712486,-0.265232,,19.541,18.685801
2054762526,341.2557766,-74.0640311,0.34192401,,18.191401,17.3764
2054678080,348.7845497,-74.28881138,-0.75278503,,20.068701,19.315901
270261326,356.002019,-75.1410517,0.24759901,,16.6717,15.8719
261592017,350.4110356,-75.13969904,0.192931,,17.396299,16.554399
2026005475,327.2376459,-74.4560903,-0.0181318,,19.8034,19.023899
2026006366,327.2596665,-74.38710462,-0.171584,,20.2267,19.370001
261592087,350.3887563,-75.37612838,0.410384,,16.9688,16.1562
2054678122,348.7128139,-74.21243555,0.106496,,19.0653,18.242001
2054678123,348.6397345,-74.20961866,-0.38693801,,19.743299,19.034901
2026006329,327.6112526,-74.4301131,0.39580899,,19.0268,18.145599
2054678039,349.2113333,-74.23966538,-0.179942,,19.645599,18.921101
2054678192,348.7316267,-74.119255,-0.044444799,,18.9802,18.320601
261564026,349.7429958,-75.08406906,0.367607,,16.6063,15.87
2025949814,325.250388,-75.67806147,0.031642899,,19.4069,18.5196
2025997745,325.7878735,-75.56807259,0.47840399,,19.158701,18.354401
2026006373,327.4833781,-74.38850366,0.137806,,19.2278,18.3533
2026006374,327.5208473,-74.37937644,0.27779001,,18.562799,17.696501
2026006861,327.354501,-74.21808839,0.34447899,,19.714701,18.825701
2026007223,327.2946591,-74.09898224,0.265874,,19.706699,18.889799
2026007191,327.5511288,-74.04114968,-0.27426901,,20.2115,19.382099
2026007193,327.5146317,-74.03102661,0.080466799,,19.631901,18.7799
2026007194,327.6801404,-74.03583521,0.13083699,,19.0581,18.1598
293569780,359.5621848,-74.46832186,0.383977,,17.2083,16.4142
293569782,359.7594353,-74.47816541,0.084166199,,17.640499,16.8269
2026007267,327.0517572,-74.05229552,-0.075790003,,19.5686,18.863701
2026007311,327.4505813,-74.00722182,0.51470399,,18.701599,17.842501
2026043296,324.9084227,-74.3474128,-0.13817701,,19.514601,18.6548
2026043824,325.0373274,-74.08434911,0.44346601,,19.326401,18.589701
2026042566,325.8530897,-74.49843114,-0.38573301,,19.288799,18.508301
2026003745,328.650113,-74.77365974,-0.32960701,,18.5933,17.941299
2026004202,328.4210989,-74.70189566,-0.470213,,18.9606,18.2183
2054679483,349.7731651,-74.28020875,0.245995,,17.837601,17.307199
261592147,350.1435134,-75.58244497,0.248181,,16.874001,16.0672
270261373,356.243599,-74.98206861,0.370684,,16.478399,15.6513
392793342,345.810158,-75.00054728,0.20539901,,17.0399,16.314699
2026004283,328.7619062,-74.56411924,-0.37558299,,19.4547,18.7197
2026042908,326.101441,-74.38188238,0.072464198,,19.3901,18.6056
2026043100,325.8166519,-74.20296819,0.071253598,,19.565599,18.723
2025999255,327.3143692,-75.15326101,0.260777,,19.3043,18.437901
2026002910,327.5161605,-75.03038248,-0.123444,,19.429701,18.627501
273550921,352.5431405,-75.23786609,0.74434602,,15.1244,14.3253
273551098,352.4529892,-74.93527666,0.61480498,,15.5155,14.7862
2026004646,328.4865618,-74.45083219,0.34151,,19.115999,18.3559
2054678234,348.222752,-74.33476468,0.43927899,,17.9163,17.140499
2054679507,349.7644347,-74.26752534,0.27238601,,19.6812,18.9011
293569866,359.6499569,-74.78098006,0.36027601,,17.402,16.569901
2026004665,328.5833905,-74.40836775,0.24290299,,19.3263,18.538
2026004667,328.6419691,-74.38985487,-0.14768,,19.8505,18.9638
2026004694,328.5236809,-74.40281698,0.159932,,18.9604,18.2026
2026004696,328.5108088,-74.40090075,0.209187,,18.922501,18.160601
2026004701,328.5460508,-74.3884518,-0.053718999,,19.0333,18.3407
2026004703,328.4809726,-74.3650901,0.14240199,,19.096399,18.1978
2026005288,327.6981451,-74.59796564,-0.196669,,19.3309,18.676001
392793421,345.9082276,-74.77908141,0.30419201,,17.166901,16.433901
293569875,359.5811089,-74.81012,0.23361599,,17.2293,16.476999
2026004775,328.5739608,-74.3025728,-0.037793599,,19.9303,19.078899
293569948,359.6477993,-75.02780014,0.360699,,17.841,16.997999
2054679761,350.0604675,-74.06572992,0.423401,,18.220699,17.533001
2026004792,328.5706599,-74.25311819,0.177458,,18.6717,17.9154
2026006573,328.4800747,-74.21769904,0.186156,,19.870001,19.042299
2026006575,328.4960891,-74.20860031,0.206614,,19.302799,18.594
2025988998,330.4217239,-75.81226508,0.51167399,,19.4492,18.6024
2025992978,330.7763856,-75.43869459,0.043652799,,19.245001,18.503799
273550578,352.4140928,-75.84388497,0.90753502,,15.0783,14.22
273550644,352.4411947,-75.72806861,1.02985,,14.0689,13.1927
261590073,349.7390351,-74.45866681,-0.0124916,,17.0224,16.2925
261591627,350.2189429,-74.0157467,0.436248,,17.376699,16.5439
270261321,355.9485746,-75.14678721,0.0183321,,18.178699,17.4674
2026019853,328.5329774,-74.151184,0.582133,,19.116699,18.2293
2026019833,328.5881179,-74.20177538,-0.36716601,,19.5231,18.737499
2026019835,328.5659336,-74.18870198,0.324797,,19.0436,18.1385
2026019860,328.665327,-74.16194757,0.32323301,,19.554199,18.740999
273550718,352.4617547,-75.59909494,0.645042,,14.8377,14.0093
273550894,352.607557,-75.29335274,1.11076,,14.2447,13.4807
273550723,352.4621811,-75.57954834,0.59421098,,16.174101,15.3412
273550834,352.5041528,-75.39808113,0.94361901,,15.1216,14.3084
273551016,352.5422241,-75.09020807,0.69841802,,15.5103,14.7042
2026008149,331.8137813,-74.9717954,0.034019399,,19.289301,18.497101
2025993497,332.200732,-75.41257568,0.37266001,,19.278299,18.3501
2025994067,332.1847336,-75.15850742,-0.26564699,,19.238701,18.375401
293570034,359.5850779,-75.23456702,0.30616599,,17.481501,16.6369
2026019874,328.6006092,-74.11805646,0.060022101,,19.1355,18.386101
2026019900,328.5881188,-74.10969557,0.26995099,,19.9786,19.1262
261593346,350.4770476,-75.78765644,0.33217901,,16.948,16.142401
261593362,350.6927324,-75.74981659,0.362425,,16.692101,15.8546
273551606,352.4141061,-74.07910699,0.86569899,,15.1806,14.3842
273550533,352.6221775,-75.9326336,0.50471699,,16.549,15.6733
2026019956,328.5777823,-74.07317212,0.36528501,,19.014601,18.121901
2025990566,329.0419595,-75.98118519,0.086900502,,19.5697,18.7484
290404701,331.2164219,-75.34777534,1.03274,,13.9578,13.0241
290404636,331.1721263,-75.19587987,1.15599,,14.1208,13.2092
273551530,352.4929877,-74.19958498,0.37685299,,16.4501,15.6109
2026011325,332.4995199,-74.37214134,-0.251966,,19.6763,18.844101
2025979770,333.7160492,-75.50069407,-0.214821,,19.5207,18.590401
293570090,359.789542,-75.40800268,0.22395,,17.779699,16.950199
293570125,359.7336193,-75.52612207,0.169112,,17.474001,16.754499
2054678246,348.0768393,-74.34299212,-0.56153297,,19.5604,18.7971
2025990787,329.0729122,-75.81352328,-0.64820099,,20.3412,19.4151
2025990796,329.0370086,-75.79719543,0.29367101,,18.8395,17.9408
270203127,332.2342928,-75.06695272,0.43955299,,16.620399,15.7935
270273179,333.7582173,-74.64344182,0.34015501,,16.6749,15.8025
270203065,332.3840248,-75.25071363,0.37758401,,16.978399,16.054001
2025990855,328.8002976,-75.73247299,-0.033119999,,19.756201,18.8647
2025990857,328.8849804,-75.72272344,0.224079,,20.060699,19.1465
2025990861,329.5620953,-75.8484455,-0.485661,,20.1453,19.241199
2025990865,329.6916009,-75.8484356,0.045199201,,19.3773,18.4585
270245933,332.9841187,-75.70623395,0.46700901,,16.3253,15.3817
325339298,334.7959109,-74.01276521,0.35000601,,16.203199,15.3481
2054681051,349.5366051,-74.09122076,0.0037356101,,19.282101,18.6033
2054678272,348.026281,-74.25094992,-0.192641,,19.0989,18.372999
270271151,333.2479541,-75.45436708,0.62096202,,15.6908,14.8454
273551041,352.5535891,-75.03994002,0.28743699,,17.072901,16.296301
273551068,352.612627,-74.98591303,0.27748799,,16.7652,16.0187
2025991019,329.2125674,-75.73003912,0.41131401,,18.218399,17.453501
2025991070,328.8966075,-75.69523456,0.39324799,,18.975401,18.0417
2025991175,329.3104656,-75.55564147,0.29887399,,19.955099,19.032101
392793464,345.8175376,-74.68049246,0.40065899,,17.6971,16.8843
270273141,333.7141994,-74.74608967,0.39310399,,16.1098,15.27
270275427,334.006589,-75.12347933,0.55677998,,16.179501,15.3046
2025991555,328.9618951,-75.53304629,-0.41235599,,19.825001,18.9841
2025991562,329.206002,-75.51863415,-0.033651099,,19.922701,19.043301
270261259,356.2544572,-75.37170018,0.178074,,17.7974,16.993
270246505,332.8211587,-74.08366911,1.14169,,13.8735,13.0653
2054678301,348.2706372,-74.23798668,-0.13786601,,19.874399,19.2005
2054678316,348.1285564,-74.2472849,0.13720299,,19.429701,18.7262
2054652931,354.166621,-74.99439786,-0.076610602,,19.427,18.7316
273396461,340.7329435,-74.44605425,-0.13339099,,18.4443,17.6014
290404473,331.09652,-74.77740083,0.80625403,,14.6396,13.7951
290404518,331.1501784,-74.8786921,0.52934301,,14.6252,13.7908
270202984,332.0340788,-75.48441064,0.93606699,,14.4468,13.6514
270203350,332.1746909,-74.52939324,0.885638,,14.2138,13.3371
261593466,350.5564592,-75.4179267,0.15830299,,17.1339,16.419901
392793139,346.0413314,-75.70598084,0.46035999,,16.667801,15.8127
2054666868,345.1782983,-75.44508801,0.31900099,,19.4,18.6763
2054642286,355.9549108,-75.90730037,0.61021399,,19.3864,18.5488
2054642908,356.8793628,-75.67759365,0.270596,,19.588301,18.7838
2054642927,356.7070642,-75.6625433,0.25021201,,19.0674,18.3015
325339740,335.1054174,-75.0965102,0.75819701,,13.9653,13.2695
273550501,352.4674392,-75.97884979,0.21278299,,17.2882,16.466299
270246293,332.9240459,-74.60895871,0.65555602,,15.9792,15.0911
2054678328,348.1399774,-74.19304033,0.0061650001,,19.4091,18.6413
2054678330,348.2105942,-74.20212818,0.117324,,19.0424,18.4524
2054678337,348.0410015,-74.16602844,-0.0983942,,19.366899,18.643499
2054652940,354.0627893,-74.94588219,0.270648,,19.304001,18.5625
270245913,333.110815,-75.76240864,1.12916,,15.5645,14.6607
290404914,330.9974621,-75.95668968,0.60963798,,15.4313,14.6429
2025995049,329.0873692,-75.34606117,-0.0611591,,19.7306,18.916201
2025995103,328.8289574,-75.35945608,0.016771,,20.1744,19.2743
2025995196,329.1248337,-75.21643929,0.0063374201,,18.988001,18.2679
270203420,332.182916,-74.33222909,0.60779899,,16.056499,15.1666
290404863,331.2228966,-75.79357516,0.30681399,,15.3079,14.6682
325339299,335.1190469,-74.01464336,1.07687,,14.6892,13.9028
325339388,334.9622859,-74.23159634,0.92853099,,14.2203,13.3833
2025995179,329.21018,-75.25845155,0.47719699,,18.6399,17.7743
2025995188,329.0581204,-75.26178523,0.20296,,18.4028,17.599001
325339507,335.031205,-74.55048985,0.575095,,15.8897,15.0584
273550852,352.4327424,-75.3792404,-0.0095510799,,16.8326,16.0804
270248389,333.2604065,-74.66299115,0.13294899,,14.3569,13.9582
2054678463,348.3658531,-74.19092387,-0.047782298,,19.518,18.7409
2054678471,348.3771522,-74.16609607,-0.287429,,19.9331,19.1507
2025995465,329.0596609,-75.13736468,0.28978699,,18.5292,17.6803
2025995466,329.0576095,-75.12908915,0.467213,,18.503099,17.677299
2025995455,328.9218643,-75.16147593,0.32442099,,20.002399,19.110701
273396570,340.662973,-74.72860751,0.23013499,,17.629601,16.791599
273396657,340.7043677,-74.96619539,0.102929,,18.258699,17.5473
270271239,333.1903694,-75.70787577,0.40627,,15.5356,14.6137
2054645980,356.7519327,-75.55217782,-0.200083,,19.2087,18.4431
2054646789,355.5993641,-75.07548678,-0.204052,,19.5418,18.695999
2054647327,357.223504,-74.92366891,0.179959,,19.387199,18.721901
2054653161,354.5289222,-74.82415315,0.253144,,18.1355,17.4496
2054653169,354.4287938,-74.80693688,-0.37256801,,20.222799,19.429501
273550957,352.503088,-75.16560944,0.48553199,,16.556,15.793
273551027,352.5872501,-75.06106251,0.45325899,,16.6516,15.9024
273551108,352.5154423,-74.9316248,0.298219,,16.990499,16.1527
273396799,340.9319647,-75.35681256,0.210096,,17.065901,16.242599
273396978,340.7247168,-75.94498347,0.217399,,18.2577,17.369699
290404915,331.037525,-75.95736493,0.41586,,16.162399,15.3002
273419059,344.0753827,-74.98647509,0.072363399,,17.8556,17.1509
2054647459,356.5778517,-75.01956804,0.093747303,,19.4853,18.776501
2054647851,356.0651351,-74.74575709,-0.146906,,19.2199,18.5023
261563924,349.8128516,-75.39768994,0.51667798,,17.1866,16.372801
2054653192,354.0400359,-74.77999475,0.118568,,19.5886,18.7668
2025949714,325.0293703,-75.82929232,0.073839098,,18.9842,18.084999
273419310,344.087251,-74.38430463,0.291278,,18.2904,17.461901
2026002570,328.8730981,-75.03915541,0.12868001,,18.8825,18.0725
2026002629,328.9978658,-74.99210486,0.23406801,,19.3064,18.464001
2054653283,354.0066492,-74.71058779,-0.135566,,19.359501,18.658899
407584731,352.7641885,-74.10971646,0.45338801,,17.41,16.6042
407584754,352.8098445,-74.22915047,0.203234,,17.6908,16.9009
407584867,352.8337118,-75.04181995,0.198622,,17.5516,16.838499
293570016,359.6438273,-75.19878129,0.36477101,,17.5408,16.8018
2025999838,325.8704757,-75.42208946,0.45098501,,19.168501,18.260401
2026000555,324.9008161,-75.22017206,0.40344799,,19.3099,18.518
2026038807,325.0411218,-74.71153549,0.28785601,,19.1266,18.259899
2054678475,348.4443599,-74.16908878,-0.154267,,19.525999,18.8032
2054678520,348.2343848,-74.11344919,-0.061389599,,19.547199,18.804501
325339325,334.964476,-74.09351044,0.52875602,,16.256399,15.4149
2054660257,347.1352146,-75.83028588,0.28865099,,18.061501,17.234501
273551229,352.4287155,-74.67250435,0.054635599,,18.5086,17.670401
2026003602,328.9964023,-74.85163307,-0.98705798,,19.9387,19.2117
2026003610,329.1492037,-74.83561952,0.40969199,,19.0397,18.149799
2026003580,329.3431295,-74.855554,0.24480499,,19.040501,18.172199
2054653694,355.0635582,-74.58634023,0.0558891,,19.7164,18.851101
2054653760,354.9625441,-74.54640582,-0.237774,,19.573299,18.8853
2026043261,325.0021968,-74.38037244,0.0534859,,19.348301,18.5627
2026043290,325.140815,-74.29817721,-0.121562,,19.3344,18.6292
2026005819,325.9949585,-74.4842493,0.30043599,,19.0653,18.3999
2054653803,354.9430631,-74.46839542,0.33132401,,19.554399,18.781
2054653814,354.7933158,-74.45763738,0.53658998,,19.434601,18.6138
325339582,335.103058,-74.7361527,0.26052999,,15.667,14.9182
325339830,334.9086444,-75.2965752,0.42853701,,16.2535,15.2958
261591663,350.0862822,-74.10610445,0.226592,,18.2833,17.4478
2026043088,325.8699931,-74.24522248,0.48206699,,19.179501,18.4375
2025998157,327.6197192,-75.5516171,0.30407801,,19.2789,18.396999
2026006668,327.603077,-74.21915079,0.16626599,,19.1996,18.322901
270261119,356.2389862,-75.8021271,0.217105,,17.141199,16.3053
270261304,356.2307651,-75.20538955,0.378382,,16.920601,16.089001
2025989047,330.0825487,-75.87434828,-0.12797099,,19.035,18.182301
2026010591,330.2113641,-74.59213396,-0.0298943,,18.9599,18.1287
2025992228,331.8983766,-75.68315182,-0.050409801,,18.9522,18.127001
273550624,352.6013883,-75.75767793,0.36160699,,17.5154,16.7897
2054653831,354.4524596,-74.74806605,-0.12920199,,19.8717,19.092699
2026003593,329.0322746,-74.88183754,-0.186562,,19.875999,19.069799
2026003695,328.9103119,-74.83873636,0.29366201,,19.297001,18.535
2026003620,329.1641563,-74.81981426,0.28427199,,18.379299,17.535601
2026003626,329.4109614,-74.85037464,-0.049341999,,19.6327,18.769501
2026003668,329.10657,-74.78796864,0.245387,,19.285601,18.4655
2054678533,348.168944,-74.06823408,-0.420564,,19.3297,18.771099
2054678549,348.5273697,-74.08051834,0.15775999,,19.4751,18.650999
2026010049,331.0876935,-74.72764373,0.186975,,19.1094,18.358999
2025968831,332.5332096,-75.99677424,0.090427101,,19.1387,18.288099
2025969800,332.6483909,-75.71594591,-0.063087501,,19.489,18.5641
270261310,356.2274826,-75.18080828,0.372623,,16.9645,16.226999
270261312,356.0431788,-75.17107262,0.26639599,,16.7796,16.109301
270261431,356.0487693,-74.73885842,0.44310701,,16.210199,15.3815
2054660153,347.5730576,-75.657297,0.108862,,18.575899,17.709299
2054660160,347.3931538,-75.66032816,0.041662998,,18.499701,17.7267
273550666,352.5312173,-75.69216416,0.070513599,,18.007999,17.2766
2025994066,332.1420312,-75.16913611,0.369515,,19.139999,18.3757
2026007563,332.6952939,-75.19768312,-0.15905,,19.2442,18.382299
2026007820,332.9692671,-75.03586056,-0.0255991,,18.9499,18.0851
2026008888,333.7440607,-74.71995217,0.246884,,19.0646,18.197001
2026012470,333.6747008,-74.33602978,-0.047406301,,19.317801,18.4711
2025979772,333.7439954,-75.47855744,0.29623201,,19.1003,18.1541
2054653854,354.3919129,-74.69019782,-0.122316,,19.524799,18.671301
273550840,352.6073663,-75.39436861,0.31306699,,17.1483,16.449499
273550855,352.5108577,-75.37002664,0.227046,,17.471701,16.6642
273550946,352.434307,-75.18783674,0.080761597,,17.358801,16.616699
270261626,356.100924,-74.08531934,0.37408099,,16.8402,16.0257
2026003718,328.8464675,-74.77765723,0.0189097,,18.4659,17.7442
2026003772,329.1447962,-74.74859945,-0.054226801,,19.418501,18.6703
2026003784,329.0082649,-74.73035954,-0.0667715,,19.6733,18.8983
290404188,330.9423548,-74.11151588,0.489721,,16.584999,15.7292
290404384,331.2823489,-74.54692062,1.1302,,14.2293,13.3566
270203352,332.3647008,-74.52586117,0.48092601,,16.5583,15.7212
290404492,330.8878923,-74.82198313,0.31577799,,16.8587,15.947
290404934,330.8432357,-75.9987972,0.37215099,,16.9107,16.0811
270246313,333.1520255,-74.53934471,0.33324099,,17.442101,16.681
273550955,352.6454022,-75.16956324,0.275424,,17.318899,16.4671
273550969,352.5842753,-75.15800832,0.283099,,17.708599,16.856001
270261115,356.2484271,-75.82388023,0.45835999,,16.6875,15.9328
270261164,356.1279007,-75.64928107,0.376517,,17.2166,16.3992
2026013264,333.7076747,-74.06159594,0.52333498,,18.952999,18.238701
2026013389,333.5302061,-74.00365613,0.16479,,18.952801,18.1726
2054665257,345.8933465,-75.96854816,-0.123928,,18.954399,18.1696
2054666137,344.9367755,-75.52421224,0.0466775,,19.231001,18.577101
2054642337,356.0926044,-75.87480914,0.095503502,,19.021999,18.2896
2054642669,356.6794799,-75.84312764,0.26887599,,19.151501,18.3426
2054642683,356.9608297,-75.87264972,0.46905401,,19.1173,18.3283
2054642904,356.9100882,-75.69046577,0.171262,,18.9646,18.197599
2054643004,356.6097936,-75.53804176,0.227957,,19.0788,18.344801
325339478,335.01642,-74.4939165,0.179768,,16.7847,16.0653
270273200,333.6569539,-74.59039711,-0.0098956898,,17.7106,17.009501
273551207,352.7024695,-74.71734654,0.200426,,17.153299,16.4049
273551211,352.6185985,-74.71315996,0.30623099,,17.854401,17.009899
2026003832,329.008509,-74.68833437,0.160449,,19.577801,18.7789
2026004058,329.2657296,-74.56136453,0.418037,,18.869801,18.036699
2054681149,348.80221,-74.08690745,0.36172301,,18.869101,18.181999
2054660659,347.1296888,-75.51435929,-0.0092510898,,18.7071,17.8526
293507753,351.4776468,-75.05637365,0.301806,,16.9431,16.159401
2054646051,356.7128269,-75.41700671,0.167918,,19.039801,18.304399
2054646369,356.2009848,-75.37981837,0.37390801,,19.128799,18.443899
2054646600,356.3732325,-75.2960713,-0.068130098,,19.1898,18.347799
2054681155,348.8306847,-74.05111589,0.023417501,,18.4119,17.964001
2054681165,348.7737687,-74.0268759,0.0272021,,18.9345,18.1061
293507818,351.5130927,-75.29599832,0.41020399,,17.201599,16.4028
290404798,330.8694392,-75.61336027,0.35471699,,17.9503,17.098499
2054681173,348.7385958,-74.00772276,-0.44321501,,19.5431,18.8873
2054654028,353.8823664,-74.4945105,0.17391001,,19.726801,18.8871
2054654208,353.9678049,-74.43583818,0.34170601,,19.4184,18.591499
2026004512,328.8362351,-74.51956157,0.48099399,,18.9594,18.1957
2026004532,328.7561058,-74.54009226,0.0201906,,19.577,18.812099
2054646643,356.3213626,-75.23484682,-0.048007999,,19.200001,18.427
2054647035,356.8636055,-75.13062107,-0.102714,,19.2327,18.401699
2054647100,356.9183212,-75.03756724,0.018694101,,18.993401,18.2999
2054647751,356.422686,-74.82316738,0.306633,,19.0175,18.2327
2025949789,325.195888,-75.74694056,0.263809,,19.1992,18.365999
2025999609,325.1166174,-75.57842251,0.217456,,19.087601,18.3433
2054659410,346.3619801,-75.99394731,-0.096415803,,19.6164,18.931
2026004613,328.8978211,-74.41308884,0.1031,,18.8804,18.053699
2026004606,329.1874385,-74.39541637,-0.13170201,,19.8909,19.0938
2026004619,328.9813904,-74.39418497,0.18018401,,18.629601,17.846901
2054659501,346.7408247,-75.98518424,0.034462102,,19.462601,18.582701
2054659502,346.7185622,-75.97908345,0.168367,,19.747999,18.8871
2054659510,346.7265061,-75.95726293,0.30338499,,18.0459,17.4053
2026017843,329.2202006,-74.33009451,0.0167406,,19.7444,18.921
2026017881,329.0318371,-74.32382262,0.211178,,19.4869,18.6262
2054659552,346.9368718,-75.85616422,0.16131,,18.9853,18.194099
2054659555,346.6992019,-75.91897532,0.100577,,19.664101,18.940599
2054659570,346.6977349,-75.86694689,0.390567,,19.4972,18.6262
273551239,352.5533055,-74.66233928,0.30461401,,17.1901,16.454599
273551297,352.7832734,-74.58810954,0.120566,,17.9438,17.2563
273551350,352.6932819,-74.469026,0.374845,,17.332001,16.508301
273551399,352.545044,-74.40949558,0.207508,,17.8573,17.075399
2054663328,348.1087974,-75.43504859,0.0071678301,,18.542299,17.817499
2054654083,354.4421983,-74.52388649,0.260234,,19.2789,18.5923
273551446,352.6185776,-74.30418115,0.332618,,17.128,16.380899
273551466,352.6783284,-74.27334736,0.103339,,17.813601,17.0776
273551522,352.5067701,-74.20778052,0.229228,,18.0977,17.262899
2054654140,354.4630783,-74.46953769,-0.35872799,,19.6022,18.866199
2054654164,354.4312462,-74.44389609,-0.42365101,,19.702299,18.9897
2025999804,325.8120421,-75.4724877,0.24535801,,19.0909,18.268101
2026001044,325.6936032,-75.18655212,0.15103699,,19.419701,18.5951
2026001069,325.7173327,-75.09777603,0.18230399,,19.238501,18.498199
2025992469,330.6735658,-75.78723896,0.25105599,,19.427799,18.5298
2026010772,330.8381388,-74.44535851,-0.020343799,,18.9013,18.118401
273551553,352.4790156,-74.16252616,0.41889301,,17.209101,16.432899
273551584,352.68789,-74.12142924,0.27388901,,17.910801,17.1054
273551624,352.5813876,-74.04237762,0.34309101,,17.1451,16.4573
270261297,356.2533514,-75.23302492,0.226199,,16.901899,16.1133
270261329,356.2274215,-75.12439331,0.157258,,16.698,16.1364
2026001745,325.0178325,-74.97501313,0.42277801,,19.261101,18.376699
2026001709,325.1695025,-75.00088191,0.16210499,,19.1688,18.3004
2026001165,326.7033136,-75.11362936,0.14726999,,19.565701,18.6709
2025975474,337.8530737,-75.20957095,0.403106,,19.4461,18.5888
2025981783,336.9646546,-74.9753049,-0.136839,,19.3209,18.549601
273550745,352.5901228,-75.54518218,0.232812,,17.185101,16.4914
