2026002070,325.6375234,-74.79772746,0.48272699,,18.931,18.115299
2026002192,325.7542647,-74.64344427,0.139999,,19.5058,18.653099
2026042710,325.8197852,-74.37247552,0.13495301,,19.3016,18.433901
2025985504,336.2037648,-74.31105417,-0.080368601,,19.5208,18.7052
2025985664,336.9220895,-74.23641642,-0.098769203,,19.549101,18.845699
2025985767,336.2507979,-74.24232959,0.298004,,19.3067,18.618299
2025985876,336.1455206,-74.10621681,-0.079324998,,19.308399,18.695
293507965,351.3725008,-75.73079697,0.30543599,,17.239,16.375099
2026018101,328.9250736,-74.15357335,0.196817,,18.7304,17.8923
2026018110,328.8639774,-74.1297823,0.0152969,,20.0404,19.145901
2054660295,346.8470722,-75.76171271,-0.0732705,,18.993799,18.4811
2054660372,346.7596926,-75.69420283,0.132992,,19.0284,18.1779
2054660381,346.8014605,-75.67087772,-0.178912,,19.334499,18.581301
2026111590,336.92421,-74.02712406,-0.203209,,19.4863,18.7994
270261416,356.2374947,-74.79106218,0.0103915,,18.0949,17.461
270261418,356.0323344,-74.78611416,0.57326901,,16.4848,15.6496
2025969775,332.6738698,-75.74451732,0.104765,,18.295099,17.3783
2054653895,354.3710929,-74.61864488,-0.30305099,,19.547701,18.8043
2026018322,329.3738164,-74.06356054,-0.0110217,,18.706301,18.0373
2026018358,329.2067251,-74.04001084,-0.90063298,,20.302799,19.4862
2054660413,346.441877,-75.73474528,-0.0091706803,,19.5445,18.6915
2054660427,346.5266849,-75.6863041,0.47174701,,19.512501,18.647499
2025989026,329.8930979,-75.91369874,0.043489899,,18.6991,17.8986
2025998755,327.7904485,-75.22548662,0.51062298,,19.054501,18.1675
2025999254,327.332737,-75.16146366,0.092385501,,19.1052,18.2241
2025999263,327.3350538,-75.12639241,0.41949299,,19.4524,18.566799
2026010454,330.4610961,-74.65656592,0.42862999,,18.764099,17.974199
2026007521,332.8461731,-75.15481109,0.39820701,,18.5229,17.6203
2025969768,332.7130939,-75.78951168,0.15202799,,18.8346,17.947201
2026008602,333.6724229,-74.84773995,0.458933,,18.951,18.0898
2026007901,332.729096,-74.88665856,0.182473,,19.223801,18.322599
2026008412,332.5116235,-74.7235385,0.086495802,,19.518801,18.722099
2026008413,332.4855201,-74.71532445,-0.021221399,,19.4592,18.677999
2025973901,337.3557601,-75.58531992,0.116372,,18.8332,18.0203
2025978142,336.82481,-75.63600201,0.28676599,,18.856199,17.9946
2025978144,337.0055845,-75.65209447,0.42741901,,18.704599,17.8701
2025978418,337.0371845,-75.47788453,0.40853399,,18.5042,17.7533
2026006695,328.1223185,-74.18452954,0.24194001,,19.119699,18.285299
2026011821,330.750129,-74.20762481,0.22435901,,19.1397,18.396799
2054638375,352.0415902,-75.87508548,-0.0283917,,18.438299,17.637199
2054638721,351.5965571,-75.80908561,0.23903701,,18.158001,17.4217
2025981867,337.8079137,-74.9874704,0.266983,,18.5931,17.865601
2025985358,336.2507851,-74.42612418,0.0434248,,18.7971,18.029699
2025985693,336.6310377,-74.22734522,0.097729899,,18.9403,18.2609
2054660487,346.5747387,-75.64699093,0.28537199,,18.7363,18.007099
2054660490,346.5789554,-75.63399833,-0.140489,,19.3543,18.499901
293508006,351.3275172,-75.90290922,0.30815899,,16.8505,16.02
2025985786,336.0511318,-74.2526964,0.28002599,,18.796301,18.0214
2025986300,336.0974435,-74.04836068,0.46692601,,18.906099,18.105101
2026111513,336.8623101,-74.10672587,0.31816199,,19.0481,18.2022
2054761014,342.0606588,-74.07097515,0.0554296,,18.7491,17.9963
2054638747,351.4984592,-75.8104565,0.31170401,,17.831699,17.041901
2026010801,331.2773549,-74.43646482,0.0020133499,,18.980801,18.1043
2054679803,349.8629429,-74.00928379,-0.00150259,,18.913401,18.242399
2054679903,351.4543644,-74.192523,0.33332399,,18.839701,18.0839
2054680988,349.4652079,-74.16916224,0.270955,,18.572901,17.9198
2054681025,349.1916641,-74.11453145,0.0722479,,19.005199,18.327
2054653285,353.8773192,-74.70271771,0.49485701,,18.442499,17.7705
352479332,324.1125225,-75.36062679,1.26115,,14.3076,13.3587
352479543,324.0071089,-74.836965,0.95414102,,13.8957,13.045
2054654211,354.1471142,-74.4381944,0.49293199,,18.464701,17.695801
2054654084,354.6148697,-74.54704755,0.376432,,18.6723,17.905899
2025994393,329.9863287,-75.52388126,0.082339302,,19.0056,18.258699
2025994831,330.093967,-75.29113309,-0.117073,,19.1583,18.327801
2025995879,330.4813912,-75.05295343,0.243634,,19.3864,18.5404
2025996747,330.2427264,-74.72318997,0.20415901,,19.346399,18.555599
2026010564,330.2077008,-74.65473611,-0.27770901,,19.384701,18.508101
2026010748,330.9465696,-74.52252452,0.0876479,,19.3671,18.571899
2026010988,330.7783595,-74.28751521,0.0619293,,19.2593,18.465401
2054638812,351.6816533,-75.70806488,0.141904,,18.1546,17.425301
2054660522,346.3164668,-75.59721898,-0.189816,,19.1987,18.3512
270202932,332.3089553,-75.60585837,0.32563299,,17.2721,16.3999
2026008504,332.3688553,-74.75339803,-0.0495914,,18.162701,17.6339
352546101,326.0581995,-75.72536746,1.0225199,,14.0553,13.2121
352566979,326.4184168,-75.04761199,1.06889,,14.2648,13.3994
352567326,326.4873555,-74.1483395,0.99255198,,13.7165,12.9477
392757569,327.251797,-74.53678289,1.55367,,13.8202,13.003
2026008685,333.5129501,-74.75728228,-0.0332212,,19.3134,18.448999
270261487,355.9637591,-74.54737685,0.34034601,,16.907,16.0797
2025981126,334.1341479,-74.95073872,0.58611,,19.145,18.309099
2025973804,337.4779488,-75.71560555,0.39040199,,19.267799,18.3624
352508694,324.6895115,-74.66257965,0.510818,,17.750601,16.893
270203355,332.0840396,-74.52206221,0.23272499,,16.7677,15.9521
325339617,334.8478287,-74.81840812,0.252514,,17.2565,16.393299
2054665317,345.6389493,-75.87728079,-0.064544,,19.192801,18.4189
2054665641,345.3378201,-75.73975781,0.132341,,18.9788,18.2981
2026009662,332.6606121,-74.40344392,-0.29123601,,19.7693,18.8927
2025974095,337.6333821,-75.53778781,-0.0550007,,19.2698,18.5236
2025974157,337.6557957,-75.45238981,0.36390099,,19.040899,18.305201
2054665666,345.338345,-75.68666578,0.106619,,18.807301,18.0508
2054643019,356.2984717,-75.81729248,0.48944601,,18.9226,18.1
2054643389,356.2088561,-75.48421781,0.185911,,19.2626,18.551001
2054646215,357.0132469,-75.32362209,0.39183,,19.245399,18.5354
392793137,345.7410661,-75.70942865,0.135976,,16.8083,16.2075
392793164,345.9055716,-75.60331382,0.31963101,,17.442101,16.622
392793165,346.089799,-75.60091059,0.36325601,,17.552601,16.813801
2054638876,351.2606387,-75.73587358,0.090103,,18.226101,17.359501
2054660618,347.3683485,-75.58148964,0.217512,,18.672199,17.9431
2054660681,346.6188525,-75.57320112,0.35304499,,18.5797,17.8806
2054660697,346.6513868,-75.50064258,0.31738201,,18.218901,17.4401
2025978466,336.8702242,-75.41385863,0.151132,,19.124599,18.255899
2025978629,337.0255738,-75.24675237,-0.051720601,,18.9356,18.180201
2025978632,336.880028,-75.25747653,0.27427599,,19.0951,18.253099
270273360,333.930385,-74.18537829,0.29695001,,17.150101,16.320499
2054646301,356.7551322,-75.17377351,0.16091999,,19.155701,18.528
2054647808,356.0528032,-74.76978748,0.48778501,,18.9648,18.235001
392755371,326.55102,-74.68949592,1.1443599,,14.2928,13.3527
273367479,339.9905085,-75.1812037,0.91395003,,14.7471,13.956
2054639047,351.6608997,-75.60870421,0.195981,,18.603399,17.755301
2054694328,356.7915738,-74.7084164,0.091196798,,19.377001,18.538799
2026000504,325.2783187,-75.27274828,0.072273202,,18.9559,18.187
2026000566,325.1263198,-75.20618494,0.0083603496,,19.0984,18.216801
2026038555,324.9195801,-74.82900713,-0.075556897,,19.089001,18.2514
392793254,345.7276956,-75.28837709,0.324644,,18.1248,17.302299
2025981522,337.2985287,-75.2769205,0.180742,,19.031,18.2064
2025981847,337.5694259,-75.00894683,0.25165701,,19.1737,18.3426
2025985385,336.3269906,-74.36472034,-0.109569,,18.9709,18.246901
352545644,325.7996616,-74.47877339,0.078335099,,15.6425,15.2572
325339566,334.876562,-74.70649928,0.45879301,,17.0693,16.2047
270248428,333.5776503,-74.77703232,0.422387,,16.4993,15.6209
392793329,345.9330189,-75.0540119,0.40310001,,17.116301,16.2824
2025985727,336.5833189,-74.17119442,0.208386,,19.507999,18.7048
2025985803,336.1534261,-74.21288783,-0.036177099,,19.378901,18.637699
2025985868,336.0902813,-74.13474825,0.33802801,,19.2211,18.502001
2026111494,336.8064859,-74.15528516,0.051580299,,19.297701,18.548401
2026111568,336.87173,-74.05708976,0.107737,,19.006001,18.167801
392793480,345.8291248,-74.64308687,0.342251,,17.405001,16.719601
2026011084,332.240503,-74.45894261,0.048270699,,19.726,18.884701
2026011133,332.2530123,-74.37723303,-0.561194,,19.8102,19.1038
2026011342,332.61235,-74.32727562,0.37171301,,18.8806,18.052601
293525280,351.8586314,-75.30704358,0.29259899,,16.561899,15.7562
293525353,351.835893,-75.02024895,0.17973,,16.894899,16.154301
290401922,330.6200201,-75.5697239,0.29836801,,17.0975,16.174101
290404557,331.0216907,-74.99854544,0.43772101,,16.555401,15.6673
273367163,340.1068333,-74.27755037,0.57038999,,16.4058,15.5586
2025988939,330.7503085,-75.90648335,0.032278199,,19.1161,18.218201
2025992902,330.5025351,-75.53166759,-0.165371,,19.0886,18.274799
2025993007,330.6979308,-75.37780425,0.216783,,19.453699,18.5937
2054639104,351.7093651,-75.55726733,-0.033761799,,18.360399,17.656
2054761402,342.6585538,-74.0418606,0.051147301,,19.013599,18.300301
392793619,345.7868465,-74.24571314,0.34723699,,17.285801,16.5581
2054653481,354.7334808,-74.76467175,0.13568,,19.360901,18.6576
2054653529,354.7399814,-74.69600123,0.067387998,,19.308599,18.464701
2054653853,354.3996678,-74.69657465,-0.206992,,19.2505,18.492399
2054653909,354.4083725,-74.56043301,-0.170899,,19.0902,18.384501
2054639121,351.7227347,-75.49879039,-0.0253105,,18.1462,17.372601
2054660716,346.5493042,-75.4929339,0.276254,,18.6637,17.860701
2025995881,330.4453732,-75.01777008,0.12944099,,19.3584,18.497801
2026010775,330.8792043,-74.43060057,-0.00548751,,18.8592,18.001499
273367351,340.0967814,-74.80576815,0.60877901,,16.4977,15.6465
273367455,339.8871781,-75.11191427,0.50058103,,16.063801,15.2295
273369011,340.3423987,-75.7678195,0.27688801,,16.650299,15.9436
421918866,342.390142,-75.45691765,0.526371,,16.843,16.0271
2025994776,330.0941892,-75.34276722,-0.52183801,,19.9879,19.1126
2026008851,333.92179,-74.7436651,0.31413701,,18.9445,18.1423
2025973843,337.1167833,-75.62719268,0.45528299,,19.1112,18.2076
293525363,351.6956143,-74.99663658,0.33666599,,17.111099,16.291901
261563949,350.0406347,-75.31255695,0.27684,,17.719601,16.8927
261564014,350.0593825,-75.12017497,0.298684,,17.4599,16.6716
421919147,342.351545,-74.64799651,0.40484199,,16.5037,15.6796
421919244,342.51872,-74.33420118,0.19198801,,16.002899,15.5858
2054639251,350.9773016,-75.4319268,0.28229001,,18.271099,17.4624
273367384,340.1009917,-74.91632771,0.52312303,,16.2045,15.345
421918775,342.4246556,-75.74037663,0.82558399,,14.9278,14.305
421918801,342.5341078,-75.6318397,0.74081999,,15.2161,14.4589
2025973892,337.2315174,-75.59738138,0.073540598,,19.1388,18.348801
2025978216,337.1846009,-75.53262669,-0.0541518,,19.115999,18.2244
2026002160,325.8999874,-74.67005041,0.52203298,,19.2082,18.4195
2026042643,325.858502,-74.45851881,0.0798366,,18.9242,18.197001
2025990391,327.5134812,-75.89612946,-0.028034201,,19.064899,18.2019
2025990397,327.4054926,-75.88726111,0.228475,,19.115999,18.2789
1987929935,316.2676412,-75.9402319,0.30364799,,18.6744,17.8479
261564090,349.9793021,-74.87768778,0.093702398,,17.573099,16.8036
261564115,349.7658774,-74.81595222,0.34102899,,17.885201,17.07
290404418,330.865627,-74.63411309,0.43836701,,14.8192,14.4549
273369472,340.3875407,-74.47644406,0.52331799,,16.1031,15.3786
2025994846,330.2839889,-75.26919291,0.077583797,,19.7985,18.8736
2025995650,330.6337597,-75.23370967,0.43500799,,19.4942,18.629601
325339413,335.0875077,-74.30793083,0.37026101,,17.9853,17.155001
325339465,334.9704879,-74.45979601,0.221517,,18.1513,17.2813
2025995787,330.3792727,-75.13936873,-0.131622,,19.671301,18.938499
261563844,349.7936582,-75.64549007,0.11974,,17.8251,17.09
1987930083,316.0102506,-75.89404715,0.43483901,,18.869301,17.980301
1987930092,316.0178067,-75.85848933,0.0151641,,19.0404,18.2166
1987930079,316.0814859,-75.88482876,-0.297131,,19.9685,19.159
2025996326,330.1674284,-74.93227105,0.39677399,,18.8591,17.9699
273367482,340.0189511,-75.18673648,0.45449501,,16.1437,15.3029
273368973,340.5925299,-75.88236869,0.43151399,,16.496901,15.6135
2026011484,331.9898867,-74.24573461,0.123905,,19.013399,18.204
2026011490,332.1329037,-74.23940013,0.105754,,19.118999,18.316601
392755542,326.6681698,-74.27210594,0.51894701,,14.2265,13.7783
273367350,340.173659,-74.80219227,0.62526703,,15.9637,15.1141
273367635,340.0553712,-75.69201278,0.56444299,,16.020201,15.2807
1987932438,315.941986,-75.7116083,-0.29588199,,19.304001,18.5079
352479772,324.0274043,-74.25348868,0.31257701,,16.0739,15.2197
2054639247,351.1254733,-75.43089478,0.070842803,,18.3596,17.540199
261563913,349.7042156,-75.42442962,0.164009,,18.0422,17.196301
270271241,333.4607893,-75.70924218,0.142937,,18.472601,17.4942
1987940250,316.2011878,-75.66430507,-0.35508201,,19.766899,18.927601
1987940278,316.0392076,-75.64119157,0.230831,,19.041201,18.263599
1987940422,315.8736169,-75.60733947,0.055420902,,18.971399,18.224701
2054650631,351.8854208,-75.48565205,-0.081787601,,17.577,17.1528
2026011416,332.7104808,-74.24793009,0.255916,,18.978701,18.2178
2025979992,333.5773687,-75.27312078,0.29126999,,19.0646,18.201799
2026013027,332.9428654,-74.25776021,0.25745499,,18.893101,18.0711
2026013318,333.4303063,-74.03211549,0.30815199,,18.884501,18.0343
2026007710,333.2498014,-75.10676638,0.27219501,,18.677299,17.8253
1987940426,315.902992,-75.59478687,0.27779999,,19.513901,18.7019
1987940384,316.2084241,-75.53329046,0.046824101,,18.817101,18.0226
1987940387,316.2081021,-75.50703492,0.360998,,18.3951,17.643999
1987940389,316.2819623,-75.51554445,0.238677,,19.635599,18.8284
290404883,330.8960183,-75.84596994,0.60685301,,15.714,14.9028
290402443,330.8464675,-74.18739401,0.45597199,,16.409,15.5326
290404153,331.0448094,-74.0371514,0.612243,,16.317801,15.45
2025996739,330.086178,-74.75336346,0.17342301,,19.1392,18.3694
2025996743,330.0433414,-74.72814719,0.34484699,,19.596701,18.7593
2026010510,330.7251825,-74.62597828,0.262896,,18.393,17.569799
316991034,335.4874768,-75.67221467,0.65368301,,15.984,15.0674
273367133,340.0704233,-74.21673102,0.80631399,,15.4861,14.6315
273367159,340.0935058,-74.2709871,0.42688701,,16.242701,15.3977
273367378,339.8587048,-74.90693513,0.43222901,,15.5735,14.7898
273367395,340.1178647,-74.94904566,0.292252,,16.349001,15.4922
273367503,340.2234869,-75.24592536,0.73087102,,15.6203,14.7958
2054650690,351.5709653,-75.40222117,0.25333899,,18.3032,17.494101
2054650729,352.0846533,-75.34446444,0.180627,,18.435801,17.6406
273367656,339.8832399,-75.76522962,0.70211399,,15.8115,14.9485
273369006,340.2909004,-75.77884634,0.57522398,,15.9296,15.0611
1987940588,316.1718093,-75.42014744,0.174522,,19.0357,18.210199
2025981612,337.4612555,-75.1133631,-0.110291,,19.016399,18.1852
2025981827,337.3692355,-75.06429076,0.0466551,,18.9783,18.0811
2025985363,336.2430125,-74.41146549,0.42056301,,18.861401,18.018499
2025985491,336.236557,-74.3466909,-0.187306,,18.980101,18.3134
2025985598,336.6241173,-74.30463913,0.149426,,19.3137,18.4611
290404318,331.0787134,-74.39736072,0.26868501,,18.452801,17.599701
273369017,340.2846846,-75.74777287,0.43828499,,16.147499,15.3924
273369152,340.4261838,-75.35618677,0.74441499,,16.604799,15.7452
273369165,340.4267692,-75.32455075,0.371288,,16.1429,15.293
273369204,340.2697767,-75.21493137,0.32548299,,15.5506,14.9385
2025985844,336.3998262,-74.13970968,-0.075425997,,19.2176,18.483101
325339318,334.8050919,-74.07773303,0.092679404,,18.020599,17.186501
273369223,340.5592311,-75.17261077,0.39681599,,16.556999,15.7063
273369298,340.3702112,-74.95845957,0.49163899,,15.99,15.3272
273369312,340.3566786,-74.91363424,0.258717,,16.358299,15.5553
273369366,340.6235629,-74.77947937,0.38569501,,15.9348,15.2024
1987940589,316.1954963,-75.41278131,0.268574,,19.4163,18.6567
1987940617,315.9034586,-75.41864077,0.17135,,19.357901,18.551399
1987940650,316.7166076,-75.51580461,-0.033648901,,19.452,18.7108
273369437,340.6181314,-74.57244251,0.399914,,16.241699,15.4807
273369458,340.444257,-74.51872302,0.31712899,,16.285299,15.4306
421918886,342.3699652,-75.40283869,0.59315699,,15.7867,15.0168
421918923,342.3576484,-75.28552669,0.47686201,,15.7689,14.9216
421918981,342.2398799,-75.11323843,0.55095899,,16.142401,15.3101
2054650860,351.3122305,-75.28989035,0.035765801,,17.8612,17.1474
2054650863,351.4225668,-75.28667023,0.110467,,18.598499,17.8204
2054650865,351.3489129,-75.26253757,0.037482802,,18.356501,17.642799
1987941527,315.9753461,-75.25947607,0.337064,,19.309999,18.460199
1987941528,316.0361483,-75.25879913,-0.39874801,,19.769501,18.900299
1987941487,316.1758767,-75.27756942,0.44140401,,20.019199,19.1537
261564169,350.0643398,-74.63765636,0.31767899,,17.251301,16.554399
261591696,350.4227002,-74.17237104,0.193455,,17.828899,16.9928
261591719,350.2873545,-74.23347159,0.299732,,17.376699,16.5973
421919044,342.2840967,-74.92375457,0.23998,,16.081699,15.2683
421919119,342.4721632,-74.73312107,0.60306501,,16.098801,15.2762
1987941503,316.2757469,-75.26231725,0.36722201,,19.4986,18.697001
270272815,333.6004345,-75.67416277,-0.090968899,,17.169001,16.709299
270273109,333.7193918,-74.82221741,0.21245199,,18.197399,17.396999
1987941553,316.1738478,-75.20260792,-0.44018301,,20.136299,19.348101
352479598,323.949029,-74.72482806,0.44979501,,15.5337,14.7669
261563952,349.643095,-75.31038789,0.26631999,,17.966499,17.1192
261563996,349.8948538,-75.17708814,0.19822399,,17.479,16.8134
2026112093,336.2207874,-74.03458172,-0.13368399,,19.0966,18.4513
2054761020,342.0606336,-74.04059437,0.127533,,19.117701,18.282801
2054761371,342.8699943,-74.0679517,0.0046318402,,18.649,18.003201
2054677964,349.3579905,-74.30530556,0.44611999,,18.964399,18.2988
2054679783,349.8166401,-74.07415637,0.120039,,19.438299,18.7491
2054660754,346.8907004,-75.42484105,0.287168,,18.4519,17.704901
1987941836,316.108213,-75.02680767,0.29648799,,19.6658,18.9081
1987941853,316.0889885,-75.00172023,0.0267557,,19.825199,19.0317
2054681036,349.3526739,-74.11479242,0.236542,,19.2812,18.4965
2054653810,354.6963818,-74.45697325,-0.077086598,,19.2089,18.489901
392755585,326.566966,-74.17844255,1.09297,,14.8263,13.9842
352510997,324.9443869,-74.67075372,0.472599,,14.8554,14.2006
1987977569,315.9999453,-74.91241651,0.430262,,18.8403,18.065701
1987977565,316.0078069,-74.93868648,0.103432,,19.517799,18.8293
1987977623,315.9484517,-74.85659786,0.46761101,,18.573,17.790899
1987977628,316.1365831,-74.85090808,0.215509,,18.4396,17.690001
2025991860,331.3994126,-75.91090885,-0.079028197,,19.5509,18.7913
2054653851,354.4653962,-74.71736371,0.187782,,19.088699,18.389799
2054653873,354.3491205,-74.65199859,-0.0063076001,,18.7791,18.0322
2054653970,354.0484393,-74.59996859,0.250532,,18.8951,18.198799
2025995882,330.3446787,-75.0221197,0.22465201,,19.249901,18.397699
2026010774,330.9269819,-74.4576609,0.18309601,,18.7754,17.893499
2026010952,330.7976538,-74.326119,0.36245099,,18.827299,18.038
352511423,325.1486387,-75.75572364,1.27812,,14.4635,13.5687
352541567,325.0836419,-75.85034226,0.64302999,,15.1819,14.2945
290401864,330.4755231,-75.76288092,0.62418401,,15.7214,14.8257
2025969879,333.0017397,-75.62952486,0.28743699,,18.654499,17.7491
2025993042,332.3832731,-75.62663717,0.147843,,19.0235,18.1737
2054660769,346.6082879,-75.44533234,0.127766,,19.309299,18.662201
2054660772,346.4483288,-75.42110895,0.393457,,19.572399,18.740601
2054660774,346.5394227,-75.4179075,0.38104701,,18.201099,17.4252
261591728,350.1295197,-74.26370993,0.047199801,,17.571301,16.9251
261591733,350.1112852,-74.27414992,0.31679201,,17.4856,16.6766
261591749,350.1431586,-74.32538159,0.2696,,17.495399,16.7034
261591752,350.2452577,-74.32865906,0.13925201,,17.885201,17.0592
290370249,329.6920539,-75.05862325,1.01107,,14.6788,13.79
290401798,330.8286319,-75.90885531,0.81907499,,15.251,14.4089
290404268,331.2190285,-74.30095016,0.473317,,15.9928,15.1245
290404328,330.8866982,-74.43189536,0.63453501,,13.9687,13.0917
2054660784,346.5311257,-75.39111887,0.0464576,,19.6612,18.854601
2054660790,346.583262,-75.36939659,0.557226,,19.201,18.427999
325339676,334.8243729,-74.94462599,0.168253,,18.377199,17.5478
290404424,330.8710159,-74.64583404,0.85952502,,15.1446,14.2742
273367435,340.0727839,-75.05904615,1.11956,,13.8273,13.0981
273367679,340.1594135,-75.82246199,1.58345,,14.1585,13.2811
2026008919,333.7786351,-74.63005794,0.097683899,,18.898399,18.2306
2026009163,333.4928702,-74.4418733,0.34503299,,18.632,17.813801
2054665426,345.2828351,-75.81219676,-0.032524999,,18.721901,17.9928
273369138,340.4986149,-75.38906084,0.87244201,,15.1851,14.364
2054650957,351.6725794,-75.24043721,-0.104025,,18.4613,17.642599
273369328,340.4030939,-74.88162148,0.47863799,,15.324,14.4651
273369364,340.5285085,-74.78130606,0.76171201,,15.5565,14.7753
2025992160,331.7763551,-75.75311692,-0.035516098,,19.307699,18.4776
2025969787,332.62916,-75.7285242,0.0162303,,19.339701,18.456699
261564119,349.9234413,-74.80675867,0.32505101,,17.5107,16.683599
2054663805,346.6715076,-75.32298108,-0.0497053,,19.2495,18.5207
2054663809,346.5910974,-75.32895338,0.52245402,,19.200399,18.393
2054663811,346.646865,-75.31715483,0.205099,,19.453899,18.636999
421918820,342.2234893,-75.55325709,0.92652202,,14.4,13.6154
421918853,342.4404135,-75.48153211,1.01311,,14.0884,13.2433
421918892,342.2905984,-75.38650105,1.16956,,13.9931,13.1703
2026008748,333.0391203,-74.76752599,0.465074,,19.123899,18.268801
2026009005,333.8997136,-74.55837416,0.205423,,18.8957,18.027399
2026009577,333.3439591,-74.39064335,0.029634699,,18.957199,18.221201
2025973825,337.1540225,-75.69971776,0.073827296,,18.9552,18.0289
261564143,349.8850055,-74.7210602,0.191256,,17.6124,16.793699
261590074,349.9450465,-74.45312337,0.28845599,,17.3027,16.4886
261590101,349.9842956,-74.36211426,0.26573101,,17.4625,16.7309
2025974076,337.5237601,-75.59080148,0.18765301,,18.928699,18.0406
2025978151,336.9562648,-75.61890971,0.367989,,19.1252,18.246401
2025978223,337.0007933,-75.48855007,0.54223597,,18.929701,18.010201
2025978502,337.3627138,-75.36484308,0.50295401,,18.482401,17.647699
2025978515,337.2979715,-75.3209431,-0.085309997,,18.8269,18.056801
2025981518,337.419344,-75.21800591,-0.129851,,18.869801,18.1138
2025981521,337.2543537,-75.28062297,0.196879,,18.887199,18.101999
2025981602,337.5195458,-75.13857161,0.27391201,,18.691099,17.8279
2025985331,336.6644502,-74.4371795,0.123151,,19.2239,18.452299
2054663824,346.7170722,-75.29367954,0.152924,,19.3256,18.653999
290404472,331.1304871,-74.77506652,0.27326,,17.510099,16.640499
290404514,330.9788654,-74.86432145,0.25922501,,17.347099,16.6192
270203130,332.4704374,-75.06336946,0.231571,,17.9865,17.0931
270203491,332.154655,-74.11999703,0.31679201,,17.5203,16.668301
290404399,331.0683836,-74.58832475,0.093276396,,17.932301,17.101999
2025985367,336.4461312,-74.40636164,-0.027669899,,18.797501,18.1112
2026111498,336.7486858,-74.12591706,0.53121299,,19.1723,18.3876
2026111584,336.7992817,-74.04070176,0.53979498,,18.9974,18.163799
352566683,326.345992,-75.78105593,0.80092901,,14.185,13.4195
2054664050,346.800701,-75.13041153,-0.58709902,,19.6103,18.898001
2025993391,332.3653483,-75.43816131,-0.243855,,19.6469,18.8204
2054666339,345.8913266,-75.59817966,0.539464,,18.9776,18.249901
2054666340,345.9100671,-75.58460341,0.43271601,,19.133101,18.3899
2054641958,356.7298273,-75.96162298,0.290389,,18.674601,17.8211
2025993589,332.3385183,-75.27947876,0.35275501,,18.4286,17.548901
392755443,326.847909,-74.50234669,1.0083801,,14.016,13.2421
2054760916,342.1298795,-74.20641355,0.0044587101,,19.058001,18.301399
2054761011,342.115312,-74.08597656,-0.16393,,18.875099,18.161501
2054678020,349.2649766,-74.25711649,0.62993598,,18.931299,18.146799
2054678047,349.0918052,-74.20114477,0.097110599,,18.975599,18.2155
2054679802,349.8846708,-74.01181248,0.0257088,,19.0912,18.382299
1987977767,315.7946485,-74.87083745,0.131878,,19.3438,18.471901
2054642661,356.5488507,-75.85755445,-0.24176501,,18.947201,18.1444
2054646266,356.9624472,-75.2707861,0.118761,,18.9543,18.2195
290374775,330.2438397,-74.95424294,1.27156,,14.3945,13.5141
273367131,340.0288929,-74.19869376,1.21684,,13.9869,13.1396
261591761,350.0913892,-74.34471783,0.36894199,,17.166401,16.379999
325339386,334.8730908,-74.22677732,0.38004401,,17.866199,17.0385
2054646330,356.5954832,-75.43334073,-0.080009103,,18.784,18.0424
2054646451,356.3088242,-75.32709619,0.185312,,18.785101,17.9942
2054646724,356.0670042,-75.20320617,0.229441,,18.955601,18.3041
2054646809,356.0357956,-75.07854079,-0.0095854299,,19.1807,18.376801
273367706,340.1338225,-75.90248697,0.74427903,,14.4453,13.6989
273367728,340.1615713,-75.98079697,1.04842,,14.1056,13.199
273369051,340.608309,-75.64760726,0.70734602,,14.457,13.6164
2054653488,354.6740773,-74.74805865,0.126349,,18.8619,18.238899
2054653838,354.5579749,-74.71722439,0.083760701,,19.028099,18.2939
2054647494,356.1848101,-74.94322855,-0.098046899,,18.889999,18.2111
2054647718,356.3524788,-74.84473685,-0.164572,,18.5539,18.145201
2054647738,356.5210644,-74.82512396,-0.136857,,18.844801,18.2358
2026008063,332.4503655,-75.00731889,0.00276831,,19.9177,19.112301
2026008276,332.4712987,-74.9426628,-0.018034499,,18.4366,17.820801
273369158,340.2616351,-75.34356824,0.75343698,,14.5718,13.713
273369326,340.5269641,-74.88320358,1.4254,,13.7262,12.9703
2026008521,332.4237349,-74.71822605,-0.30437499,,19.0378,18.2038
2026008524,332.4230903,-74.70108243,0.39586401,,18.980499,18.0812
273369440,340.6264814,-74.56082967,0.87639201,,14.4159,13.6841
421918755,342.3496963,-75.8151979,1.54251,,14.0433,13.2108
421918909,342.4965788,-75.34313561,1.29872,,13.7612,13.0296
421918947,342.3902159,-75.22567427,1.11937,,13.8316,13.0944
421919140,342.4365718,-74.66876325,0.77008802,,14.9197,14.1518
1987977808,315.8503156,-74.7870766,0.40617099,,19.719999,18.9254
1987977925,315.998317,-74.72022912,0.119489,,19.7726,19.023001
1987977930,316.0173918,-74.68605896,-0.59882998,,20.2666,19.4534
352545954,326.0530202,-75.31350069,0.62262201,,15.5131,14.6415
2054651067,351.5241497,-75.18342606,0.23394699,,18.162701,17.3815
2054651097,351.1889459,-75.15292359,0.066769503,,18.551701,17.771299
290374860,330.2042044,-75.11321361,0.50041002,,16.087099,15.2421
1987977944,316.0952703,-74.68926182,-0.236838,,19.3041,18.5231
1987977945,316.0850129,-74.68279748,0.111787,,19.098,18.3715
1987977950,316.0599033,-74.67255739,-0.035147399,,19.0942,18.304399
2054651155,351.5430447,-75.04942013,0.0269127,,18.1506,17.3606
2054651779,351.9225895,-75.03498552,-0.21348,,18.5245,17.768999
325339585,335.1475989,-74.74753314,0.26808,,18.032,17.169001
325339639,335.0179924,-74.85791252,0.45409799,,17.2988,16.412901
1987978167,316.3575345,-74.62475451,0.30729899,,19.170401,18.438999
1987978169,316.2941488,-74.62808405,-0.075465702,,19.8752,19.174
270246154,332.8466891,-74.99531638,1.44226,,14.281,13.3886
270244265,332.6509065,-74.88433887,1.0193501,,14.3151,13.4531
325279785,334.4368255,-75.90410354,1.14969,,14.0996,13.2217
325280044,334.7348623,-75.15248498,1.53973,,14.1169,13.2338
325280111,334.4823572,-74.9906278,1.35229,,14.0057,13.0987
1987978490,316.0078437,-74.59072803,-0.19026899,,19.829399,19.049999
1987978491,315.8710577,-74.59540018,-0.26616001,,19.738199,18.870001
325279843,334.6387216,-75.72560723,1.312,,14.0784,13.1513
352545583,325.8701882,-74.31840379,0.79777801,,15.7005,14.8733
352545696,326.0219831,-74.63600508,0.73497802,,15.313,14.4582
352545724,325.7525937,-74.69020191,0.85125297,,14.8559,13.9783
352545743,325.7865181,-74.736849,0.64093602,,15.0112,14.2395
352545994,325.9925678,-75.448233,0.50831598,,15.726,14.8068
352545996,325.8759043,-75.45312606,0.65369099,,14.5959,13.7208
352546053,326.0453487,-75.60102878,0.56109601,,15.4488,14.5831
316992965,335.8909104,-74.18573844,0.43823999,,16.527,15.6731
325280199,334.4264003,-74.79775922,0.33430099,,16.4977,15.6833
2054664110,346.7633138,-75.0543855,0.110237,,18.962,18.177401
325339687,334.8422423,-74.96593465,0.24684601,,17.7071,16.8283
325339743,335.0583426,-75.10619409,0.17534,,17.989901,17.0273
352566723,326.4531913,-75.66431116,0.93721402,,14.7222,13.8961
352566855,326.4429236,-75.37986836,0.93089199,,14.8123,13.9035
352566906,326.1333868,-75.24431755,0.71968001,,15.0628,14.1973
352566914,326.4033846,-75.22537691,0.59378701,,16.232,15.3198
1987978792,316.2502021,-74.51945785,0.275482,,19.2272,18.407301
2026009749,332.8235476,-74.31100634,-0.084599897,,19.2152,18.417299
392757403,327.2007505,-74.03925762,0.401122,,15.3106,14.436
261591841,350.3102695,-74.60583289,0.34988499,,17.091101,16.329399
261591851,350.2705814,-74.63129552,0.25649601,,17.3095,16.466999
261591854,350.4425288,-74.63689837,0.085754901,,17.4986,16.7209
261591859,350.2594078,-74.65546441,0.32078099,,17.553801,16.7099
261591921,350.3854367,-74.86337661,0.16311499,,17.165899,16.504
261591925,350.1044667,-74.87286301,0.20651101,,17.656401,16.8473
392755489,326.655245,-74.39681672,0.52595103,,15.8303,14.9608
392755540,326.8284281,-74.27664445,0.849549,,14.5926,13.8332
2054651851,351.8085818,-74.96918221,0.071028002,,18.2868,17.4946
392755625,326.7487915,-74.08950735,0.854087,,14.7935,14.0144
392755657,326.5270803,-74.0105255,0.44612101,,15.8447,14.9829
352510992,325.2793417,-74.65489062,0.566688,,15.657,14.7981
352511176,324.9806559,-75.11945787,0.528678,,14.7573,14.0896
352511422,325.1913674,-75.75356062,0.75603998,,15.2416,14.3097
352541615,325.1067777,-75.96845727,0.79853702,,15.2453,14.3406
2054651918,351.3590456,-74.99231591,0.171167,,18.154699,17.389
2054651943,351.3324976,-74.90885198,0.0925427,,18.3214,17.618299
2025983986,335.6056605,-74.89917493,0.15116499,,18.8832,18.029499
2025983988,335.6919365,-74.89489792,0.10232,,18.7132,17.8731
2025983995,335.6646541,-74.87150778,-0.225208,,19.6397,18.936701
2025983998,335.5780812,-74.87904055,0.0461713,,19.3267,18.4459
1987978821,316.0094284,-74.49107258,0.116514,,19.778,18.953699
1987978826,316.037906,-74.47943536,-0.43480501,,20.081699,19.2952
1987978828,316.1222814,-74.47433929,-0.039145,,19.5394,18.7442
316992964,335.8199788,-74.1805273,0.160395,,16.4639,15.8241
270271301,333.4839752,-75.89141122,0.33260301,,17.0499,16.1
325341724,337.6841272,-75.43244463,0.558842,,16.5063,15.6088
270248505,333.5031833,-75.01933815,0.44297001,,17.834,16.928499
1987978859,316.3875719,-74.46934754,-0.119116,,19.653999,18.8218
2054652140,352.064235,-74.76571778,0.195685,,18.0037,17.1784
2054652163,351.7978409,-74.83907016,0.28273401,,18.030701,17.232599
2054664908,346.9368721,-74.88507392,0.195986,,19.070101,18.350401
325341862,337.5648166,-75.09667071,0.41857699,,17.454399,16.591801
325342198,337.7353847,-74.17922716,0.45754299,,16.6129,15.804
402104905,358.5693126,-75.56130416,0.57240498,,15.9085,15.0715
402105063,358.7002512,-75.10173693,0.59993303,,16.563601,15.7457
402105353,358.5941308,-74.07987236,0.41777399,,16.692801,15.8965
2054652247,351.8643791,-74.73246634,0.14045499,,18.343599,17.5748
2054652291,351.5863585,-74.64531339,-0.139218,,18.418699,17.7269
261592032,350.1729887,-75.18403739,0.35977101,,17.464199,16.6756
273367081,340.1686998,-74.07311919,0.45510399,,15.9326,15.1128
273367380,340.1409297,-74.91073953,0.843714,,15.1181,14.27
273367406,340.1952138,-74.97828044,0.36151201,,15.6392,14.7988
316992974,335.6175621,-74.21097248,0.57391798,,15.1998,14.571
270248554,333.3228473,-75.16189818,0.26619801,,17.162901,16.2789
270273014,333.7972216,-75.1022729,0.17865001,,18.0728,17.1686
270273111,333.6187449,-74.81877113,0.177086,,17.252501,16.776899
2054654864,352.1643398,-74.67374151,0.24190301,,17.587,16.9023
2054654988,351.9340024,-74.64037553,-0.182447,,18.6553,17.9571
273367413,340.1760232,-74.98960073,0.83775097,,15.0423,14.2597
273367541,339.9476697,-75.38397653,0.98415703,,14.2348,13.373
261591625,350.4464675,-74.00340923,0.37882701,,17.909,17.082001
261591659,350.1195939,-74.09879051,0.16818599,,17.6425,16.8654
261591662,350.212954,-74.10132919,0.222563,,17.0917,16.4259
2054655089,351.7080005,-74.48157029,0.0148879,,18.2372,17.43
2054655094,351.6950138,-74.47017552,0.120374,,18.382299,17.5821
261592049,350.0751428,-75.23773295,0.188069,,17.301901,16.5516
261592071,350.4352366,-75.32504757,0.232342,,17.6504,16.865
1987979081,316.2992162,-74.33043211,-0.37362,,19.808901,19.110201
1987979127,315.9261424,-74.29515412,-0.024150601,,18.907499,18.1185
290404379,330.9203992,-74.53170188,0.165269,,17.310101,16.521
290404386,331.130564,-74.55304425,0.39847001,,17.4135,16.604
2025984023,335.6391761,-74.80406772,0.097076997,,19.4988,18.7502
2025984040,335.9212198,-74.80478858,0.179381,,17.879999,17.321301
273369028,340.5038861,-75.72740292,0.58124399,,15.5033,14.6514
270246380,332.8387194,-74.37785608,0.31205401,,16.5896,15.7079
1987979136,315.9969141,-74.30175133,0.39649701,,19.815599,18.962099
273369104,340.5197154,-75.50602243,0.86526299,,15.1361,14.2921
273369135,340.4836985,-75.39445453,0.50996399,,15.4605,14.6455
273369154,340.3668489,-75.35508164,1.1835099,,14.6534,13.7907
273369181,340.5389166,-75.26786525,0.882083,,14.5109,13.7569
325342117,337.8816647,-74.38638932,0.043914501,,15.3187,14.8255
402104789,358.5633425,-75.9334374,0.26202601,,15.7809,15.2367
273369340,340.5484981,-74.83295892,0.680417,,15.6333,14.7879
273369365,340.3261962,-74.78050985,0.60074002,,15.2613,14.4829
273369372,340.2418296,-74.77012516,0.531295,,14.5849,13.8747
273369392,340.3902209,-74.6910995,0.81690598,,14.6547,13.8181
270203348,332.2030037,-74.54367226,0.172535,,17.6432,16.760799
2025984066,335.751635,-74.80961775,0.19357701,,19.4014,18.5748
2025984074,335.7096853,-74.79827642,0.144703,,18.5592,17.813101
2025984081,335.676753,-74.751885,-0.35237601,,19.993999,19.167801
325339412,335.0156864,-74.30571706,0.30326599,,17.526699,16.669701
1987983418,316.2291562,-74.23328376,0.110662,,18.610701,17.9053
1987983421,316.2509745,-74.22156828,0.384478,,18.990101,18.316099
325280040,334.5531611,-75.17128275,0.50239497,,16.070601,15.1841
325280239,334.5569153,-74.7002805,0.71594799,,15.3686,14.5391
325280426,334.4441516,-74.19602708,0.202354,,15.9828,15.2232
2054665552,345.9080963,-75.75578358,0.272017,,19.7393,18.8815
2054665568,346.0726834,-75.70604469,0.18836901,,19.067801,18.2146
2054666302,345.9351541,-75.64774667,0.40158799,,18.8291,18.0012
273369433,340.5873325,-74.57494494,0.72109097,,15.449,14.6354
2054655115,352.3059633,-74.53893333,0.26539001,,18.447399,17.6113
2054655265,351.7073246,-74.44393389,-0.15682399,,18.6532,17.941401
2054655295,352.0343808,-74.38524188,0.33305299,,18.141001,17.305401
325339581,335.0291153,-74.73415139,0.052385401,,17.7759,16.9016
325339588,334.7638326,-74.74888818,0.274955,,17.5895,16.690599
325339635,334.9411519,-74.84759479,0.194132,,17.780899,16.850599
421918701,342.3330012,-75.97679086,0.707021,,15.3909,14.5326
421918715,342.3552086,-75.93670851,0.66690302,,15.0251,14.1796
1987985451,316.0708134,-74.13605505,0.25985599,,19.3722,18.524599
1987985456,316.1765075,-74.12166116,0.458233,,19.946301,19.0909
270261365,356.0902035,-75.01325975,0.33934501,,17.594299,16.794201
270261547,356.2838308,-74.34981804,0.188352,,17.9284,17.107901
270261625,355.9447743,-74.0954216,0.287853,,17.455299,16.658899
402105007,358.578354,-75.27083666,0.46788299,,15.8461,14.9949
270246103,332.912489,-75.13743469,0.43567801,,15.9593,15.0775
270273402,333.791566,-74.10206308,0.0950533,,17.861601,17.012899
2025984123,335.3907509,-74.81741358,0.048454899,,19.954901,19.0802
2025984128,335.5179479,-74.80476561,0.072366297,,19.598801,18.801901
421918967,342.3617223,-75.16505308,1.1019,,15.0783,14.2532
421918998,342.3357341,-75.05677946,0.59095198,,15.5738,14.7408
325279751,334.5920805,-75.97297694,0.65488303,,16.157499,15.2524
325279794,334.6781266,-75.88037188,0.64907098,,16.065201,15.1378
2054656298,351.9793324,-74.01441379,0.13374799,,18.649799,17.834
2054674556,350.1512077,-74.97981621,0.149157,,18.196899,17.380899
1987985459,316.1370119,-74.12866419,-0.083608799,,18.6703,17.976999
1987985509,316.1239735,-74.08446222,0.55736399,,19.7747,18.900101
2025984166,335.2900803,-74.76359409,0.31153801,,18.6418,17.8479
2025984178,335.3038936,-74.74316137,0.0301835,,19.760401,18.9499
2025984187,335.2194527,-74.71062834,0.080658302,,19.719801,18.898701
421919238,342.5934224,-74.34244662,0.56845403,,15.4694,14.735
2025984195,335.6681871,-74.74644475,0.096947402,,18.781,17.9811
1987985533,316.3423492,-74.08358205,0.249743,,19.371,18.5711
1987985593,316.1422291,-74.04180969,0.13409699,,19.4086,18.6432
325280032,334.4798424,-75.19738507,0.46465001,,16.2841,15.3762
325280104,334.5999625,-75.0048583,0.504776,,16.353001,15.4462
325280124,334.6173044,-74.9629599,0.63225102,,16.0944,15.1685
2054675492,351.1605301,-74.79472469,0.0976668,,18.093399,17.3958
2054675677,351.1313468,-74.71191495,0.0250996,,17.937599,17.183399
421919268,342.2267814,-74.26673367,0.918688,,15.023,14.1681
352479134,324.0846315,-75.93042834,0.48350301,,16.6481,15.7353
352479315,324.0178526,-75.43333503,0.51210803,,16.2946,15.3872
1987985735,316.1393372,-74.00566987,-0.43176201,,20.701599,19.8487
325280298,334.399315,-74.54784696,0.69341302,,15.0145,14.2521
325280367,334.470563,-74.3789426,0.31343901,,16.2831,15.4471
325280457,334.5751497,-74.13237664,0.82435602,,15.4256,14.5699
290305260,328.825259,-74.01760015,1.4513201,,13.8108,13.0133
352479601,323.7849895,-74.722109,0.54369599,,16.296301,15.4022
2054675767,351.0449536,-74.61262065,0.082890503,,17.9226,17.276501
261592100,350.2547122,-75.42980043,0.23624501,,17.373501,16.6542
261592108,350.1802161,-75.45410069,0.32732299,,17.5063,16.6632
392759554,327.6164802,-75.48926435,1.2653,,14.0108,13.1241
392759920,327.3708723,-74.46541143,1.31909,,14.1905,13.2833
392760067,327.4063817,-74.03566911,1.3466901,,13.9195,13.078
270173143,331.2606401,-75.42490706,0.898525,,13.9167,13.0842
290375290,330.3857253,-75.75258091,1.22456,,14.0298,13.1386
2054675799,350.9890268,-74.54550635,0.185395,,18.430799,17.6064
352545875,326.0111491,-75.07380928,0.69624603,,15.8056,14.9194
352546048,325.8533115,-75.59051026,0.50607097,,15.9845,15.0686
2025984225,335.6054434,-74.67114798,0.43470499,,18.692301,17.881201
2025984242,335.2232671,-74.69621113,-0.388311,,19.808599,19.048201
2025984244,335.2375782,-74.68354305,-0.52615899,,19.596901,18.844999
2025984245,335.2443505,-74.68015044,-0.35014001,,19.483101,18.694599
352546071,325.887479,-75.64733409,0.42122799,,16.429199,15.603
325341640,337.6311055,-75.64487942,0.65617198,,15.8485,14.9854
1987936794,319.8126918,-75.5352636,0.0137189,,19.419399,18.5937
1987936838,319.8313617,-75.46679207,-0.72248602,,19.9722,19.086399
1987936842,319.7949822,-75.46300287,-0.023714099,,19.515699,18.7194
2025984353,335.8819369,-74.64045316,0.19765,,18.636299,17.7903
2025984447,335.7449392,-74.66549279,0.0136077,,19.859501,19.025101
1987936941,319.2747066,-75.44914897,-0.104312,,19.7202,18.914
2054666360,346.1953347,-75.57586359,-0.0130272,,18.818199,18.0417
2054666371,346.2792221,-75.55671916,0.111917,,18.4895,17.817301
270261107,356.1641407,-75.85333701,0.146605,,18.231701,17.381599
1987936983,319.7345929,-75.4412923,-0.0032538699,,19.0975,18.263599
1987937000,319.6773586,-75.41276167,0.065351903,,18.9438,18.274099
1987937032,319.3457544,-75.40778999,0.36065,,20.0744,19.198
1987937036,319.5216316,-75.41051653,0.0074865599,,19.8801,19.0753
1987937037,319.5755564,-75.41314968,0.0089919204,,19.087099,18.2451
2025984464,335.6531919,-74.64036548,-0.0166585,,18.849001,18.051901
2025984468,335.6357135,-74.61855123,0.30332199,,18.6733,17.806
2025984484,335.7038904,-74.59092662,0.45420301,,18.417801,17.672001
2025984487,335.7649144,-74.57459228,0.30166101,,19.4123,18.5567
277912279,354.7904593,-74.40352368,1.33034,,13.9392,13.1519
325341643,337.6900021,-75.63936949,0.78135598,,15.8419,14.928
325341688,337.6775828,-75.52396581,0.42788401,,16.356001,15.5025
325341755,337.6415001,-75.34658421,0.48217499,,16.4212,15.5243
325339689,335.1239405,-74.96781621,0.18547,,18.3375,17.447001
1987937104,319.8893191,-75.36866898,0.48368701,,18.652901,17.7866
1987937135,319.5322598,-75.34501556,0.235525,,18.5679,17.6831
1987937137,319.547252,-75.33161764,-0.30213499,,18.846701,18.2255
270201299,331.9740116,-75.37120087,0.490688,,16.7341,15.8187
290402004,330.7850766,-75.38585015,0.84300798,,15.5379,14.6366
273367211,339.9144868,-74.45061061,0.33991101,,16.6019,15.8117
402104898,358.6758426,-75.58273679,0.48133099,,16.021,15.1728
270271237,333.2574354,-75.70315473,0.149267,,18.121099,17.1984
352511277,325.1259767,-75.41824806,0.54370099,,16.215099,15.3113
1987937185,319.8902361,-75.28352853,0.039939199,,19.335899,18.589399
394653942,358.751379,-74.89740469,0.293428,,16.571699,15.7524
290351720,329.5101653,-74.18634599,0.289404,,16.7666,15.9446
290374742,330.3376105,-74.89971164,0.32197499,,16.815399,15.8971
290404449,331.1505049,-74.72155478,0.36013201,,16.531099,15.6731
2025984565,335.8266464,-74.52144206,0.249753,,19.1385,18.2976
2025984567,335.8851488,-74.50965153,0.277307,,18.766001,17.898899
402104939,358.4872598,-75.46472427,0.57478201,,15.9739,15.125
402105040,358.3808646,-75.16039523,0.31004801,,16.388599,15.5705
402105133,358.5992335,-74.88451936,0.45300201,,15.9998,15.2124
402105243,358.6777481,-74.46311194,0.64348298,,15.9672,15.2098
1987943443,319.6129711,-75.24767024,0.13849901,,18.579,17.889601
1987943444,319.6393601,-75.23702818,0.198851,,19.715401,18.9884
1987943491,319.4345796,-75.19320377,0.25785699,,19.4046,18.618299
273367325,339.9147755,-74.75651949,0.58775598,,16.523001,15.6733
290375347,330.212152,-75.84898061,0.38235599,,16.310801,15.3928
270246520,332.8684098,-74.04658892,0.43778199,,16.4216,15.7498
270246008,332.8530255,-75.42904911,0.71012801,,15.5905,14.6428
392759830,327.3678226,-74.72610417,0.54450101,,13.6219,13.1747
1987943561,319.7917437,-75.10738635,-0.228516,,19.3461,18.794201
325280079,334.4800977,-75.0763207,0.693968,,16.183701,15.2868
273367357,340.2320626,-74.82513238,0.39922801,,16.5406,15.7112
1987943749,319.4807639,-75.04501183,0.375117,,19.435301,18.7106
290305714,328.76405,-75.36237636,0.54088902,,16.1138,15.1979
2025984684,335.2512107,-74.64530906,0.141693,,18.4226,17.7257
2025984697,335.2515496,-74.62589198,-0.097329497,,19.1283,18.380899
2025984636,335.0774137,-74.71980869,0.0632663,,18.652,17.820499
392759760,327.4702899,-74.95479603,0.32651201,,15.9938,15.0904
1987943798,319.3871105,-75.02376641,0.23790701,,19.580601,18.8144
1987943918,319.5902326,-74.98391521,0.144925,,19.299,18.561501
325341649,337.6729848,-75.62719535,0.26591599,,16.4848,15.6647
270272918,333.6743413,-75.36104208,0.590523,,16.517099,15.5798
392760072,327.3997876,-74.02598634,0.56969798,,16.0595,15.1917
2025984707,335.1141789,-74.59779653,-0.378131,,20.2749,19.4137
2025984730,334.8768996,-74.57534698,0.74711102,,18.6744,17.8083
273369344,340.244787,-74.82813403,0.332304,,15.9446,15.2127
421918732,342.2550353,-75.88552156,0.49036899,,16.198099,15.3855
290352055,329.3314537,-75.07137137,0.59060401,,16.1705,15.2665
270200894,331.7356873,-74.22205287,0.36120799,,16.1987,15.3145
2025984742,334.9053629,-74.55233065,0.050242901,,18.9911,18.1516
2025984743,335.0022708,-74.54346633,0.37981999,,19.054399,18.195601
2025984880,334.6293908,-74.43560898,-0.0076323799,,19.4296,18.760401
261592274,350.3920459,-75.99021089,0.211922,,17.2171,16.3613
2025984887,335.3914549,-74.5782501,0.22515699,,17.6717,17.178301
325341670,337.5474897,-75.57336895,0.67163301,,16.8547,15.9512
421919022,342.5008852,-74.9952151,0.41007099,,16.229099,15.3961
2025984904,335.2296995,-74.52561898,-0.0244547,,19.2188,18.421301
1987943906,319.828593,-74.95097093,0.23609,,18.4855,17.7621
352479536,323.8643934,-74.86149914,0.272486,,15.7362,15.0102
1987943997,319.8471074,-74.88544424,0.00757031,,18.883499,18.100599
1987944411,319.5445213,-74.90318037,0.063181899,,19.715599,18.9086
1987944537,319.4866716,-74.82743237,0.127048,,18.9191,18.1908
2025984921,335.3229698,-74.48886101,0.63764203,,18.666901,17.891701
2025984925,335.1382806,-74.52520528,0.47653499,,18.807199,18.041901
2025984931,335.1269331,-74.51477199,0.064459302,,19.4317,18.6166
2025983959,335.7558777,-74.91630598,0.161608,,18.454599,17.5228
352545826,325.8494644,-74.94879029,0.400989,,16.332199,15.4386
290402177,330.8420237,-74.86295491,0.677275,,16.0252,15.1055
2025984954,335.2975567,-74.46585846,-0.267349,,19.460899,18.7523
2025984956,335.2213763,-74.46531839,0.41440499,,18.766701,17.9065
2025984963,335.1526541,-74.45810035,-0.27207601,,19.0341,18.3759
2025984964,335.1399114,-74.4488653,-0.81614298,,19.665001,18.834801
392757874,327.2220764,-75.31381683,0.34560901,,16.501101,15.605
325280186,334.4392723,-74.82862657,0.65405297,,15.635,14.7761
325280450,334.5561324,-74.14611861,0.508627,,15.9562,15.1179
270273187,333.871219,-74.62143625,0.98672497,,14.5197,13.6325
261593325,350.7772017,-75.87760449,0.477213,,17.370399,16.533701
1987944510,319.7095645,-74.81799182,-0.38274601,,19.896799,19.172501
1987944512,319.7367503,-74.80709773,0.118474,,19.3556,18.5613
352511007,325.0341094,-74.70144233,0.80917603,,15.6177,14.7643
270245968,333.0843325,-75.57625562,0.68792403,,16.105101,15.1808
273367171,339.9730364,-74.33061695,0.42191401,,16.282101,15.4877
273367216,339.8788669,-74.45266989,0.41742799,,15.6051,14.842
273367250,340.120869,-74.54106271,0.61616099,,15.5401,14.7202
1987944535,319.7345836,-74.74920433,-0.041104,,19.646601,18.851999
1987944555,319.4118567,-74.80779571,0.17531499,,18.613001,17.857201
2025973134,338.8969274,-75.91689579,0.144172,,18.635401,17.711599
270261182,356.1069546,-75.59763753,0.29662299,,17.489799,16.672701
270261188,356.2136538,-75.58348365,0.241184,,17.876101,17.1036
261593379,350.8393907,-75.68534487,0.24963699,,17.1387,16.4175
402104831,358.6053274,-75.79151308,0.98096901,,14.2535,13.4125
273369288,340.2877095,-74.99275021,0.43460801,,16.8008,15.9491
273367335,340.149048,-74.77790393,0.47327399,,15.8507,15.0195
273369487,340.2882617,-74.42020399,0.51461703,,15.3262,14.5152
402105085,358.4267892,-75.05153995,1.12489,,14.0652,13.2168
402105292,358.3226166,-74.25968416,0.72068602,,14.7611,13.9706
261593448,350.6030826,-75.4561011,0.285422,,17.543301,16.7257
1987944934,319.4898632,-74.63946164,-0.029975001,,19.444201,18.602301
1987944935,319.5930662,-74.63532499,0.19946299,,19.3571,18.488701
277912294,354.5277045,-74.36109557,0.429028,,16.3193,15.4866
277912307,354.6197074,-74.33405975,0.52130502,,15.709,14.8925
277912359,354.6426643,-74.17806755,0.86436898,,15.882,15.0543
2025973221,338.1454077,-75.87922819,0.0157563,,18.6768,17.802
2025973310,338.0685094,-75.79128095,0.052632298,,18.677999,17.7939
469812034,300.0142759,-74.61404462,0.46778899,,17.8069,16.970501
2025985006,335.4657784,-74.37644928,-0.65325898,,20.047001,19.193899
2025985017,335.3321624,-74.41896861,0.076920003,,18.444901,17.7936
1987944942,319.7090239,-74.61370872,0.394238,,19.3419,18.5655
1987944864,319.6199005,-74.68577772,0.43906301,,19.606501,18.8048
261396565,303.9139904,-75.41222731,0.40803,,18.2411,17.4685
2025973328,338.1731483,-75.75939241,0.028230101,,18.542,17.640499
261593485,350.7791918,-75.34574818,0.250341,,17.501499,16.672501
261593497,350.4943981,-75.28255612,0.21594,,17.255899,16.506701
261593502,350.5204515,-75.2660019,0.232466,,17.8008,16.9839
2025985022,335.2395814,-74.40407633,-0.99083102,,19.941799,19.074699
2025985025,335.1827981,-74.38205946,0.142308,,19.3144,18.5641
404348594,321.1738744,-74.04776809,0.46202099,,18.502501,17.646099
2025973477,338.8264235,-75.65056762,-0.0113377,,18.129601,17.256399
2025981919,337.7742677,-74.94803782,-0.033562198,,18.668699,17.831499
2025981933,337.664705,-74.91350295,-0.18225899,,18.5207,17.750099
1987944956,319.6690921,-74.58286308,0.43496999,,18.3388,17.539801
352479140,324.0764957,-75.91522287,0.33260599,,16.217899,15.3469
2054666648,346.4565531,-75.3375515,-0.61023998,,19.1831,18.627001
2054666655,346.3715417,-75.31844908,0.40028,,19.087299,18.3613
2025985044,335.3004082,-74.35481786,0.28315899,,18.3083,17.5264
2026107905,339.1477818,-74.58892157,0.41723201,,18.6576,17.805799
2026107912,339.3748928,-74.58452799,0.34127501,,18.555099,17.7286
270201277,331.7560966,-75.29282794,0.80683702,,14.9915,14.0945
2025981983,337.1376532,-74.99801042,0.121497,,18.3841,17.552999
2025982001,337.0304407,-74.97289209,0.089821599,,18.029499,17.2087
2026029359,320.8250484,-75.97768231,0.255063,,18.7747,17.997999
2026108043,339.1953677,-74.53539159,0.16021401,,19.4027,18.5469
352511037,325.3121012,-74.77240743,0.57034701,,16.6087,15.726
2025982045,337.5223513,-74.91485162,-0.165996,,18.865601,18.0935
2025982080,337.3596871,-74.83161804,0.0052434001,,18.684401,17.8939
270261268,356.1819627,-75.34876989,0.245546,,17.557301,16.7369
270261269,356.3230578,-75.34754118,0.35438901,,17.4403,16.6581
331679391,306.6980861,-74.31655863,0.38283801,,16.7321,15.9208
2026029333,321.0667504,-75.99498141,0.28922701,,19.469801,18.732
2026029363,320.6311285,-75.97763914,0.0201366,,19.4258,18.714199
2026029509,320.5840813,-75.95056677,-0.30018401,,19.7141,18.9916
2025982087,337.2833093,-74.82407289,0.088595599,,18.360701,17.5296
2025982089,337.2432137,-74.81529558,-0.112015,,18.945299,18.108
2025982445,336.9189606,-74.88171701,0.165737,,18.118299,17.2897
261593517,350.8199646,-75.20918606,0.27532601,,17.2922,16.5534
261593526,350.6062779,-75.18270249,0.27467999,,17.6959,16.8806
261593551,350.6200925,-75.10802806,0.098421402,,17.859301,17.040701
2025982732,338.0677676,-74.93153324,0.29896501,,17.715799,16.943399
2025983381,336.885116,-74.69404436,0.0134672,,18.6707,17.8318
2026108045,339.0818957,-74.53395957,0.46941,,18.1266,17.419399
2026029391,320.7939127,-75.91947856,-0.0677085,,19.009001,18.2129
2026029594,320.5125479,-75.8151329,-0.25824001,,19.3165,18.4764
273369462,340.2841785,-74.50631346,0.29218999,,17.1124,16.274099
352479196,323.8788561,-75.75273403,0.43706101,,17.0459,16.111099
352479568,323.8458066,-74.78872152,0.228109,,16.849199,15.9454
352545649,325.7618333,-74.50091033,0.36896899,,16.735901,15.868
352545739,325.7521629,-74.7272659,0.38130799,,16.6332,15.7638
2025982966,337.7629734,-74.77176304,-0.083745703,,18.648701,17.9041
270261340,356.098945,-75.0868658,0.25335801,,17.5588,16.777
270261370,356.3340414,-74.99524584,0.241152,,18.028999,17.1859
1922129756,297.4472221,-75.51482424,0.42708501,,18.7181,17.778799
2025983087,338.0997242,-74.67878109,0.112978,,18.281401,17.429899
2025983219,337.9800427,-74.62212864,0.068917297,,18.4305,17.702499
352546013,325.96619,-75.50081365,0.36777201,,16.8547,15.9318
352546068,325.9008759,-75.63651657,0.25624999,,16.672701,15.7613
352546087,326.0839911,-75.69114892,0.43361801,,16.669701,15.7814
352546100,326.0771766,-75.72492858,0.34031501,,16.776699,15.8481
352566645,326.4364583,-75.87900567,0.43798599,,16.9603,16.0264
352566648,326.3594629,-75.8742039,0.48363799,,16.631599,15.76
352567269,326.2039477,-74.32388046,0.272192,,16.7311,15.8692
392755536,326.6478482,-74.28421853,0.62280703,,16.7509,15.8869
2054666693,346.0297461,-75.27350282,0.026129499,,18.771601,17.9967
1922130720,297.4560566,-75.33770744,-0.773283,,19.882999,19.0051
2025983341,337.7936393,-74.47171374,0.031833801,,18.1712,17.48
352510913,325.06588,-74.45983171,0.241208,,16.9785,16.141199
2025983463,336.9886422,-74.58769477,0.21702901,,18.101999,17.241301
1922165640,297.48191,-75.09235576,0.26385099,,18.4736,17.6462
290404534,330.9752212,-74.92482948,0.41714799,,16.952,16.044701
2025983482,337.0643238,-74.55369622,0.14617801,,17.8419,17.1549
290402117,330.7205227,-75.05961705,0.416944,,16.8363,15.9784
290402237,330.5991802,-74.73917102,0.396633,,16.5968,15.7141
392759713,327.4826069,-75.05379766,0.31646901,,15.8769,15.0775
392759889,327.4072215,-74.55163995,0.60209697,,16.132999,15.2473
290404152,330.8678902,-74.03656371,0.181705,,16.556299,15.8233
2026108023,339.0553885,-74.54955575,0.335794,,19.186199,18.341101
2026108029,339.0063051,-74.55615446,0.0254205,,18.9711,18.181101
273367097,340.0259262,-74.11839679,0.41861799,,17.1579,16.330299
2026029605,320.872947,-75.85652042,0.35504699,,19.3645,18.4856
2025983582,336.8000806,-74.54946407,0.13058101,,17.8596,17.0735
2025983669,337.3966244,-74.51322583,0.0288433,,18.5336,17.6752
1922166883,297.4706918,-74.92376673,-0.0610056,,20.269699,19.457199
1922166961,297.3946332,-74.88152038,0.081510499,,18.8468,18.281
325279859,334.4153453,-75.6625471,0.96925402,,14.2593,13.3256
273367316,339.9209454,-74.7264126,0.195573,,16.943001,16.170601
273367454,339.889654,-75.11117782,0.46737301,,16.682301,15.8246
407581292,345.0114135,-75.89458596,5.5517602,,9.9644499,9.3530502
270244278,332.7265261,-74.93045696,2.6284499,,11.9998,11.2023
290401784,330.5292037,-75.94016986,0.45489299,,16.1943,15.3384
273367689,340.1783487,-75.85743821,0.0248577,,17.4566,16.706699
273369050,340.5131882,-75.64943358,0.45053801,,16.7491,15.888
2026029679,320.771534,-75.75330327,-0.116864,,19.1614,18.3916
2026029670,320.8750315,-75.76334438,-0.219051,,19.806,18.984501
290305482,328.686736,-74.71851131,0.79097903,,15.1762,14.3602
2054669768,346.4408188,-75.252802,-0.0081404597,,19.6444,18.8997
270261401,356.203455,-74.84436121,0.216695,,17.3507,16.628901
270261409,356.0896787,-74.81663707,0.17343999,,17.8288,17.0156
2054669774,346.377578,-75.23948791,0.081309997,,18.891399,18.1994
325280037,334.5818818,-75.17552688,0.95678401,,14.2512,13.3754
325280185,334.5957685,-74.83038343,1.01722,,14.3724,13.5932
2026108112,339.505717,-74.55071209,0.295439,,18.9163,18.176901
273369134,340.5383134,-75.39762546,0.48180401,,17.056,16.217501
273369182,340.295472,-75.26593456,0.40484399,,17.390301,16.596701
273369185,340.304629,-75.25728473,0.26964399,,16.6541,15.8026
2025983826,337.0988181,-74.43111367,0.147433,,18.1343,17.4779
2025983828,337.1989461,-74.41450664,0.087398998,,18.566799,17.7731
2026108129,339.5532381,-74.51063372,0.25060701,,18.551701,17.775801
2026108157,339.5083528,-74.47453963,-0.161126,,19.749001,18.9328
261593598,350.4834974,-74.99112915,0.179011,,17.2605,16.5273
270244557,332.6932753,-75.70019387,1.13925,,13.4284,12.6046
421919274,342.2433392,-74.24398689,2.0190101,,12.7729,12.0125
421919295,342.3280345,-74.17050277,1.43267,,13.6281,12.8712
407581047,344.8527643,-74.51742102,1.5022399,,13.1358,12.3595
273367484,339.9342197,-75.18944297,0.73292297,,15.6243,14.7683
392759813,327.5028571,-74.79121608,0.65980202,,15.8987,15.0008
270201449,331.6170049,-75.78567831,0.65335,,15.4888,14.6597
277912281,354.4553833,-74.40140812,0.40099701,,16.603901,15.8385
290401888,330.6976272,-75.68192036,0.55847299,,14.6589,13.8653
290305401,328.494718,-74.42405208,1.25906,,14.0435,13.1877
2026108177,339.7258185,-74.48764037,0.24425,,19.560801,18.8092
290404302,330.9860032,-74.35428409,1.18643,,13.0252,12.2662
270245839,333.0181626,-75.99334056,1.78294,,13.7479,12.8267
2026108235,339.6127912,-74.38924219,-0.0083888099,,19.046301,18.459101
2026108242,339.5941315,-74.37432408,-0.17352,,19.3514,18.514299
325340065,334.8672021,-75.98987516,1.4389499,,12.9295,12.1276
407581075,344.9704962,-74.67257664,1.62275,,13.4174,12.7015
325280271,334.6248984,-74.63386309,1.15109,,14.7129,13.8253
325280375,334.4526705,-74.34825786,1.10667,,14.6672,13.8681
325280413,334.4316528,-74.2428367,1.16953,,15.0247,14.1594
392759636,327.6673781,-75.27842474,1.48614,,13.9187,13.0483
392759656,327.6025639,-75.21522236,0.692002,,16.0042,15.0847
290351684,329.4746185,-74.06579432,0.98912299,,14.4215,13.5229
2026032974,320.7160335,-75.59989864,-0.47888601,,20.133499,19.367701
2026032990,320.7006287,-75.55117032,0.116733,,19.3372,18.477501
2026108277,339.1598557,-74.41775317,-0.93216097,,19.7295,19.003201
2026108283,339.0046486,-74.4563587,0.49518701,,18.589199,17.851299
325280463,334.7573926,-74.11989116,0.85447103,,14.8646,14.0534
1922173120,297.4357762,-74.2199595,-0.76598799,,19.995399,19.240801
2026108315,338.9398165,-74.36746443,-0.186405,,19.884399,19.0658
273369206,340.2764478,-75.21208447,0.40333399,,16.6213,15.7939
273369253,340.4520578,-75.10262857,0.26162899,,18.2505,17.4438
273369302,340.2522991,-74.94801976,0.39799401,,16.559,15.7345
2026108348,339.4463853,-74.32074185,0.242603,,18.458401,17.6506
273369380,340.5872881,-74.74447051,0.237307,,16.881201,16.024099
273369408,340.2443381,-74.6447302,0.317269,,16.875601,16.150999
273369435,340.5894423,-74.57365316,0.220999,,17.0116,16.2236
273369468,340.269622,-74.48764461,0.50653601,,16.6532,15.8531
2054636976,353.4248216,-75.9516619,0.27042001,,17.464199,16.635401
2026109034,338.4649606,-74.54080402,-0.0025531801,,19.367001,18.5741
2026109026,338.5029412,-74.57974333,0.020443199,,19.2806,18.608801
290404320,330.9359331,-74.39990607,0.58526599,,15.8678,15.0307
273367709,339.8819393,-75.91620422,0.52135497,,15.7172,14.9549
2026033045,320.7258222,-75.53342699,0.58563,,18.543699,17.744499
2026033037,320.8556412,-75.51945782,0.13131601,,19.714001,18.8769
2026109661,337.6946102,-74.28754436,0.069294997,,18.093599,17.3277
392759854,327.5142428,-74.65746778,0.632842,,14.8098,13.9681
1922131443,298.2557771,-75.05928763,0.0772487,,20.478201,19.5639
290402308,330.751916,-74.55068162,0.90221202,,15.0672,14.2517
290402312,330.7985491,-74.54362633,1.1490999,,14.3816,13.5365
2026033165,320.6616755,-75.50544483,0.034886502,,18.621401,17.8582
2026033166,320.7066008,-75.48959883,0.53752702,,18.8444,17.964001
2026033203,320.793988,-75.40429975,-0.56653702,,19.660101,18.7892
2026108429,339.6602649,-74.36704034,0.0146897,,18.3519,17.867001
2026108431,339.6158491,-74.33358725,-0.015802899,,18.433399,17.7299
273369497,340.5139448,-74.40246351,0.504677,,16.535601,15.6968
273369514,340.4972477,-74.33809053,0.184808,,17.138201,16.2962
290305504,328.7550487,-74.78492308,0.97294003,,13.6864,12.9451
2054648475,353.8423853,-75.7893079,0.039430998,,18.1259,17.2985
392759443,327.4896591,-75.82297248,1.20349,,14.1499,13.2347
2026108494,339.9086135,-74.20084301,-0.222948,,20.1222,19.277599
293507406,351.4248036,-74.04212343,0.36744401,,17.577801,16.902599
293507422,351.4715069,-74.08560159,0.220238,,17.3799,16.6299
293507440,351.3931593,-74.1298908,0.37720099,,17.317499,16.4793
293507456,351.2799769,-74.17703751,0.16419899,,17.733,17.073299
421918854,342.2203572,-75.47614318,0.304993,,16.7812,16.0061
421918860,342.327122,-75.46729518,0.541646,,16.779499,15.9196
421918863,342.292615,-75.46392094,0.43400699,,15.4289,14.8385
421919028,342.2241694,-74.97175195,0.35305101,,16.7456,15.9016
392759719,327.6186796,-75.03678415,0.95705301,,14.7845,13.9227
2026033489,320.7706395,-75.33175138,0.202134,,19.632799,18.7848
270203402,332.0941586,-74.3949036,1.37428,,14.4061,13.5329
290349756,329.1165687,-74.58523498,1.29232,,14.5101,13.6134
290351810,329.5362117,-74.42637358,1.53859,,14.2906,13.4012
2026109686,337.6746006,-74.2959674,0.086992398,,18.5898,17.752899
2026109715,337.7954133,-74.29386895,0.062128302,,18.587799,17.805099
325341673,337.8196477,-75.56862196,1.14544,,14.9202,14.0219
2054648598,353.1172554,-75.70658989,-0.101881,,18.872299,18.0068
2054648651,353.1597841,-75.62141078,0.0594026,,18.311399,17.5137
1922173617,298.4281291,-74.05288956,-0.0522222,,20.1532,19.340599
1987873342,306.4207963,-75.98979529,-0.69966203,,20.3018,19.518499
290351863,329.6322558,-74.57588532,1.38529,,14.018,13.1511
325341747,337.7504835,-75.35913599,1.3141,,14.6301,13.7503
325341780,337.9122805,-75.30113641,1.05242,,13.7823,12.9877
325341861,337.6548867,-75.10361999,1.37309,,13.8077,12.9795
325342002,337.9112829,-74.72112443,0.89279598,,14.6326,13.786
2026033444,320.8363456,-75.37597713,0.102799,,19.6947,18.888
2026033445,320.9197583,-75.37162687,0.31925499,,18.367599,17.598101
2026033454,321.0223613,-75.36371611,0.34724301,,18.9986,18.2934
2026033585,321.0696933,-75.26060745,-0.0623114,,19.9902,19.1038
2026033586,321.089513,-75.2549178,0.42309901,,19.3211,18.447901
2026108527,339.7044437,-74.16079315,-0.29187301,,19.133301,18.356001
2026108531,339.4254923,-74.29938398,-0.204008,,19.6373,18.8405
1987873408,306.281532,-75.94591442,-0.87432897,,20.299601,19.4944
1987876314,306.4331207,-75.82362053,-1.0779001,,20.823999,19.9429
2026109747,337.8160845,-74.20059109,0.094621599,,18.6465,17.8225
2026109757,337.6845129,-74.23949247,0.20847,,18.178801,17.417101
2026108554,339.4421959,-74.23946945,-0.0049544298,,19.185499,18.4673
2026108560,339.2961892,-74.26086447,-0.097848602,,20.118099,19.261299
2026108565,339.2792177,-74.24967455,-0.117346,,19.258301,18.441999
2026108567,339.3154815,-74.23122355,-0.0970442,,19.1339,18.342501
421919137,342.2292333,-74.67352135,0.29876,,16.532301,15.7479
421919259,342.4511274,-74.29608328,0.46453199,,16.6994,15.8626
421919273,342.5006399,-74.24628682,0.35340801,,16.6141,15.7869
2026108587,339.3470089,-74.2059111,0.53539997,,18.247601,17.414499
2026108588,339.3509697,-74.18979457,0.136849,,19.6278,18.861401
2026108590,339.285361,-74.19038832,0.0605627,,19.097099,18.513399
293507515,351.5566272,-74.32435309,0.099570401,,17.388201,16.6721
2026108600,339.5985844,-74.22973784,0.209948,,18.566999,17.794701
2026108616,339.6931392,-74.13847715,-0.307206,,19.642401,18.795601
2026108618,339.5999272,-74.13066073,-0.89613301,,20.260799,19.473
290402095,330.6210932,-75.13212368,0.93303502,,14.5818,13.7011
2026109876,337.460606,-74.20123889,0.0420646,,17.6817,16.872999
2026033951,320.8722091,-75.24477754,-0.244045,,19.6597,18.945601
2026108633,339.2785047,-74.12875632,-0.082055502,,19.2244,18.4508
2026108644,339.4682195,-74.09943966,-0.25831801,,19.5774,18.8596
2026108674,339.9066497,-74.13642512,-0.161336,,19.785101,18.941999
293507583,351.2656889,-74.51738466,0.19141901,,17.5168,16.789
293507588,351.341752,-74.53113446,0.201601,,17.5989,16.7885
2026033973,320.8742724,-75.17567023,-0.133452,,20.0285,19.2463
2026033978,320.8428627,-75.17056824,-0.47398701,,19.7449,19.0786
1987876543,306.2722112,-75.68464226,0.472422,,18.3503,17.512199
1987876625,306.369181,-75.65834847,0.25265101,,18.3141,17.7477
2026034040,320.8268151,-75.11629754,0.384112,,18.2749,17.4044
2026034041,320.8786864,-75.12082572,0.083432101,,20.3515,19.4643
325342024,337.7494793,-74.67039838,1.0827301,,14.7705,13.9193
325342069,337.6128918,-74.53204895,1.28966,,13.7655,12.9485
2026108680,339.8161024,-74.15025835,0.116563,,19.7738,18.9624
2026108689,339.7975038,-74.12120452,-0.49382699,,19.571301,18.851299
2026035198,320.7317997,-75.02671325,0.0487989,,19.976,19.0842
2026035191,320.7892233,-75.03136283,0.074375503,,19.4046,18.535
1987877466,306.2695621,-75.45664617,-0.42427799,,20.065399,19.2897
402105092,358.4350741,-75.02662032,0.87015003,,14.2562,13.5107
2054648673,353.1775232,-75.5332052,0.170169,,18.3321,17.512699
2054669886,346.3295675,-75.11356402,0.041745,,19.365101,18.6556
2054669894,346.2957144,-75.10574615,-0.087061599,,19.338301,18.6616
2026035222,320.8316808,-74.97547868,0.221642,,18.5417,17.7159
2026035231,320.9183521,-74.94679176,0.190577,,19.0305,18.1544
2026035232,320.8467406,-74.94088842,-0.20104501,,19.788799,18.924299
2026035262,320.8363045,-74.93912377,0.1285,,18.3873,17.844101
2026035320,320.9019204,-74.8704164,-0.51737499,,20.124399,19.2742
2026108702,339.8631033,-74.10317851,0.33407301,,19.674,18.8568
2026108704,339.8522821,-74.10228045,0.17333899,,18.508699,17.744801
1987966442,306.4398138,-75.34545742,0.170442,,20.1898,19.3444
1987966510,306.3074854,-75.25924333,0.0237503,,20.213301,19.320101
2026036039,320.5388279,-74.80128262,-0.262611,,19.6584,18.795401
2026036082,320.600353,-74.7552734,0.44235399,,19.32,18.432501
1988022336,306.3026954,-75.21854479,0.25008401,,18.540701,17.717699
1988022415,306.2191965,-75.13725362,0.0018243199,,20.1483,19.309299
2026036312,321.1216178,-74.7124319,0.099403001,,19.2246,18.366301
2026036316,321.1206415,-74.67889469,0.131901,,19.7414,18.8393
402105359,358.6705784,-74.0699805,0.902197,,14.2658,13.4554
352566774,326.3605529,-75.55957594,0.22143801,,17.969801,17.1607
2026108738,339.5926119,-74.10221591,0.355481,,19.8503,19.015699
2026108763,339.6748737,-74.06666635,0.28521001,,18.507999,17.7159
2026108764,339.6904503,-74.02570728,-0.073130801,,18.7178,17.9937
2026108767,339.4301681,-74.06792255,0.125466,,19.927401,19.119301
2026036453,320.6431526,-74.6736026,0.454274,,19.0958,18.2556
2026036356,320.9618962,-74.63189632,0.49008799,,18.8202,17.9718
2026108775,339.4154093,-74.06169372,-0.0122449,,18.754601,18.1528
273367058,340.1158878,-74.02193185,0.37593701,,17.546101,16.701099
290402380,330.6548814,-74.36249823,0.93257999,,14.0885,13.2466
1988023671,306.4682811,-74.85983467,-0.64854997,,20.535299,19.6966
2054669896,346.2515757,-75.08553924,0.33255699,,18.393499,17.637699
2054669920,346.0413974,-75.14300537,0.092413999,,19.589399,18.863701
2054669984,345.9281572,-75.07576328,0.125211,,19.1485,18.305901
2054669974,346.1519155,-75.11051823,0.54407901,,19.2276,18.467199
2026036549,320.8116656,-74.54044598,0.0680767,,18.752501,18.009199
2026036611,320.7633189,-74.44613255,0.12918,,19.499901,18.7337
421918802,342.4729128,-75.63152801,0.18828601,,18.488501,17.655899
352479210,324.0207215,-75.71406049,0.055761199,,18.086399,17.187099
270244538,332.630255,-75.66025654,1.08921,,14.5899,13.6789
2026049003,320.9304889,-74.34458316,0.526582,,18.587799,17.7176
1988024067,306.285041,-74.69681459,0.438743,,18.570499,17.737101
290401910,330.5072969,-75.60980492,0.78574097,,14.5115,13.6011
290404208,331.1023515,-74.17327457,1.16178,,14.3106,13.435
352545503,325.801129,-74.09678737,,,12.9909,12.2299
352567010,326.339274,-74.97908286,,,13.1778,12.2687
352566642,326.316952,-75.89135776,0.79752201,,13.1843,12.6134
2026049123,320.8660955,-74.24615145,0.0086235497,,19.4039,18.6702
2054658473,349.4302594,-75.93438225,0.14184,,18.307699,17.4286
1988024103,306.4144669,-74.61684484,0.094214499,,18.6507,17.9018
1988025319,306.4937487,-74.60245822,-0.155246,,20.072599,19.242901
2026033375,321.6008128,-75.31900773,-0.173774,,19.076799,18.2736
273367301,340.0200727,-74.69271794,0.92018801,,14.3579,13.5266
316993253,335.58196,-75.04913357,2.0423601,,11.185,10.4396
352545501,325.9307353,-74.09663466,2.77402,,11.178,10.5176
270246220,333.1877588,-74.81371504,2.6319101,,11.426,10.5524
270272970,333.8709413,-75.19813811,2.45889,,12.0441,11.3266
2026034591,321.5205553,-75.09529597,0.43753299,,18.1565,17.337799
1987967048,307.428645,-75.04671886,0.35253,,18.504999,17.6087
325279795,334.6165262,-75.87652046,0.44300199,,15.8516,14.9227
2026034892,321.8581711,-74.97032657,-0.434214,,20.1166,19.263901
2054649681,353.7246687,-75.34393362,0.15764099,,18.257099,17.4506
2026035131,321.4050415,-74.97831281,-0.095868103,,19.9443,19.1007
325279992,334.6781598,-75.29983565,0.92569602,,15.2349,14.304
352566828,326.2237182,-75.44243089,1.25106,,13.2858,12.4455
352567023,326.4174802,-74.94961424,3.0796299,,12.621,11.7692
2054660973,349.7464922,-75.84977478,0.168595,,18.070601,17.3225
325280050,334.6550582,-75.14092042,1.25072,,14.3871,13.5653
325280150,334.6721638,-74.91114176,0.54510099,,15.9855,15.1209
325280151,334.5163012,-74.90830907,0.58894801,,14.439,13.7019
325280194,334.5960859,-74.81088125,1.2918299,,14.4208,13.5206
392757467,327.0797366,-74.19219362,1.38835,,13.2978,12.4168
270205240,332.4158767,-74.21862825,1.92642,,12.7668,11.9746
270244357,332.4225826,-75.14723759,1.36637,,13.2843,12.4539
2054670207,345.9201043,-74.99748555,-0.18313199,,19.155199,18.317499
2054670060,346.7194426,-75.07247822,0.118469,,18.7845,18.0781
293507722,351.6171158,-74.94172775,0.18483,,17.4874,16.777599
2054661010,350.0722791,-75.82066452,-0.0120811,,18.540701,17.7827
2054661037,349.6152603,-75.80672621,0.353845,,18.248199,17.3773
1988024464,307.47073,-74.75984551,0.225284,,20.244699,19.3839
1988025171,307.4676665,-74.5956758,0.49924099,,18.3445,17.464899
270271201,333.4573487,-75.63102655,1.39035,,13.4821,12.6185
352566736,326.1407629,-75.63775323,2.5313001,,11.6656,10.8743
270248504,333.549875,-75.01794408,0.68903297,,,
317017891,336.2917176,-74.96937055,,,12.4693,11.5673
317021727,336.4257624,-74.72071213,7.0904102,,9.0408897,8.3563995
317021841,336.4631431,-75.0156882,42.723598,,6.2979002,5.52281
1988025403,307.1615789,-74.51054873,0.378243,,17.9629,17.2561
1988025810,307.24074,-74.37745806,-0.063590199,,20.2749,19.4704
352566789,326.48618,-75.52895294,1.14572,,13.2544,12.4404
392757700,327.1797091,-74.82884689,2.4560599,,11.4558,10.511
270248378,333.2604381,-74.63570288,1.7625999,,12.9134,12.0643
352566629,326.1527807,-75.93321825,1.0231,,13.4037,12.6527
352566740,326.2713329,-75.63194201,1.83039,,12.7452,11.8268
1988025825,307.3048201,-74.34712236,-0.47422099,,20.207001,19.4256
1988025832,307.662733,-74.38982671,0.085328102,,18.784599,18.3039
273417130,341.5380091,-75.38757095,6.0446601,,10.2589,9.5685701
1988025834,307.7358752,-74.3712118,-0.197226,,20.5014,19.631701
1988028355,307.3060269,-74.31451107,0.29583901,,18.3144,17.584801
1988028479,307.2937328,-74.24572467,0.34225199,,18.5588,17.710899
1988028447,307.3038497,-74.27481901,-0.53533399,,20.205799,19.4485
421916982,342.1808634,-74.02342493,1.94269,,10.9271,10.3058
273604506,357.635926,-74.53354646,4.7322502,,10.848,10.0779
270245958,333.1040869,-75.62133122,3.28179,,11.7392,10.861
270273335,333.833292,-74.21812766,1.37221,,13.7116,12.9246
273416602,341.7653574,-74.03982711,3.84689,,11.8192,11.0245
293507815,351.6253877,-75.28833823,0.318553,,16.9741,16.3181
421917429,342.1194123,-75.44132105,4.4826398,,10.9622,10.2507
1987961815,308.3215065,-75.94760179,-0.38283801,,20.044901,19.291401
293507816,351.4191243,-75.29170282,0.28209201,,17.726601,16.917101
1987962386,308.3607382,-75.7394908,0.26611999,,18.631701,17.7777
392758107,327.0293795,-75.93910657,1.38176,,13.6727,12.8493
316993064,335.6140782,-74.45862047,1.40775,,12.8695,12.0124
2054670107,346.351805,-75.00687191,-0.26631799,,19.4837,18.769501
273367129,340.014688,-74.19120557,0.319837,,17.9652,17.1467
273367518,340.1222454,-75.30722476,0.367039,,18.209,17.3647
394653720,358.7371289,-74.20463933,1.12026,,14.1882,13.4572
316993119,335.7724626,-74.59620608,1.61278,,13.4902,12.7426
316993144,335.6937366,-74.70627385,1.4734499,,12.5501,11.899
316993173,335.8334157,-74.8361644,1.71386,,13.0884,12.1968
316993267,335.5450847,-75.08729766,1.66982,,13.6409,12.6817
2026035426,321.3633743,-74.87084374,-0.062500201,,19.8797,18.998501
2026035437,321.4929259,-74.8588171,0.44700801,,18.819599,18.127199
2026032203,322.4608689,-75.44342766,-1.00291,,20.2623,19.4396
2026032297,322.4349359,-75.37447526,0.28764701,,19.015699,18.103001
325280320,334.669947,-74.49588202,0.79263097,,14.7412,13.9378
325280337,334.4309991,-74.44955129,0.80327398,,14.9369,14.0636
2026032462,322.4165432,-75.24515069,-0.126399,,19.586201,18.6989
2026032592,322.6911504,-75.23987997,0.0610523,,19.0366,18.169701
2026032600,322.8075062,-75.22890274,0.246401,,19.254101,18.370701
2026032815,322.7247138,-75.11360131,-0.54252499,,19.949301,19.133499
2026034732,322.4787877,-75.02349977,0.175852,,19.437901,18.5436
2026034741,322.3680768,-74.99821395,0.0319416,,19.700399,18.8204
290305382,328.7919894,-74.36295038,0.402311,,15.9465,15.1221
290305363,328.5654079,-74.30241788,0.76080197,,14.5943,13.809
2026034749,322.6269113,-74.99297358,-0.48395401,,19.6523,18.7652
2026034750,322.6012851,-74.9749739,-0.23300201,,19.754,18.952101
2026034758,322.5367479,-74.96438977,-0.142407,,19.7925,18.9818
2026034754,322.5957618,-74.95467794,-0.212257,,19.276199,18.6369
270246264,332.8654719,-74.71636369,5.7237101,,11.2743,10.4147
270246231,333.1693957,-74.78742695,2.6851299,,10.7025,10.227
270271330,333.3855341,-75.95920998,1.8989,,12.0213,11.1053
273416900,341.5466585,-74.77387918,3.0206399,,12.3724,11.6114
273417203,341.7304882,-75.57976196,2.8464601,,11.92,11.1851
316992904,335.724575,-74.03290661,0.638506,,15.6504,14.8018
2026039962,322.3165441,-74.84824889,0.218798,,19.013,18.2938
2026039855,322.5567213,-74.84804156,0.00501398,,19.2012,18.468901
1987968900,308.4718372,-74.7729538,0.18233299,,18.3141,17.6056
392759907,327.4144186,-74.50270522,0.73162198,,14.4192,13.7494
2026039926,322.7651327,-74.76519184,0.087623999,,19.1903,18.3533
2026040065,322.5410044,-74.73404701,0.212749,,19.6511,18.7377
1988024738,308.2462134,-74.61623436,-1.08226,,20.6175,19.7446
1988024725,308.374959,-74.58261726,-0.52276802,,20.009701,19.1507
1988024779,308.3247506,-74.54044273,-0.626486,,20.239,19.454
270201448,331.9181135,-75.77999232,1.10337,,14.4207,13.5863
290374246,330.1789384,-74.19191781,1.0585099,,14.6104,13.7925
290374766,330.0567245,-74.94424758,0.65399498,,16.0646,15.1761
290375018,330.0736057,-75.31360945,0.806422,,15.276,14.3615
270246371,332.8058263,-74.39859617,0.82361197,,14.9133,14.0271
270246372,332.8891937,-74.39615063,1.17533,,14.1744,13.3221
273604156,357.9004014,-75.5422821,1.85197,,11.8615,11.007
273604430,357.7404868,-74.73674474,1.53447,,12.9293,12.1711
273604672,357.7483729,-74.02669445,1.67137,,13.0383,12.2228
273367650,340.0749855,-75.74974289,0.93757802,,14.2308,13.425
1988029989,308.372377,-74.45835097,0.170508,,20.4636,19.5821
1988030076,308.3280869,-74.37447433,0.074768297,,18.655899,17.944599
273417312,341.7691975,-75.90800684,1.19792,,13.413,12.6754
421917146,342.0764377,-74.51241344,1.45446,,12.7736,12.0704
2054670147,346.4608259,-74.99670178,-0.117692,,19.443399,18.666201
2054670152,346.2866206,-74.96647545,-0.19097801,,18.9855,18.226
2054670157,346.3727047,-74.93912964,0.34001899,,19.086201,18.2477
421917336,342.1709692,-75.11594037,1.97458,,12.679,11.9403
421917389,341.9448685,-75.30324255,1.0197001,,11.5532,11.2582
317017737,336.1456504,-75.29601695,1.8085099,,13.6592,12.7433
317018153,336.1956642,-74.57089682,2.0683401,,12.3575,11.6254
394653751,358.9957693,-74.30163349,0.53374898,,14.5263,13.9341
290305432,328.6266495,-74.53418663,0.71525198,,15.2087,14.3314
290305770,328.7612231,-75.49633329,0.37716401,,15.3965,14.6291
392759494,327.664093,-75.67290152,0.63781601,,15.7922,14.9132
293507969,351.5256156,-75.73790019,0.20719799,,17.509501,16.6686
1988030693,308.2710694,-74.34110621,-1.05711,,20.6175,19.7999
1988030694,308.2602562,-74.3398741,0.00157476,,20.4526,19.5742
273416641,341.6630119,-74.16167465,1.57195,,12.7199,12.0623
2026040129,322.5970469,-74.66132217,0.20376299,,18.417801,17.619699
2026040133,322.3982064,-74.65196227,0.165537,,19.3631,18.591299
273416683,341.4934826,-74.27200918,1.13016,,13.3054,12.4999
273416711,341.7224479,-74.32096298,1.28769,,13.0046,12.1786
273416768,341.4426589,-74.4302906,1.7848901,,13.5075,12.6705
273416884,341.5335472,-74.72367723,1.22657,,13.5079,12.7429
273417138,341.4879134,-75.40824619,1.3311599,,12.2856,11.5674
421917329,341.9897023,-75.09351792,1.16646,,13.2548,12.5724
421917500,342.2024601,-75.66933978,1.7734801,,12.9313,12.2284
421917570,342.0771202,-75.97686889,1.4853899,,13.722,12.8625
2026040830,322.6155994,-74.52963043,0.246959,,20.128,19.219
1987955535,313.7636285,-75.72029244,-0.81318498,,20.412901,19.551399
1987955581,313.5845274,-75.67383393,0.42566901,,18.5776,17.747499
316992988,335.825612,-74.24085203,1.00111,,14.7104,13.8454
325341631,337.513445,-75.66662839,0.64601803,,15.4181,14.5703
325341807,337.6826743,-75.25235762,0.57139599,,15.5827,14.7014
325341908,337.7815636,-74.97820236,0.94771498,,14.7981,14.0196
325341985,337.8453175,-74.78644827,0.71733499,,14.9768,14.161
2026040853,322.5514269,-74.49785616,0.0084448401,,19.7206,18.9217
2026040854,322.3559,-74.54665754,-0.212424,,19.476601,18.678101
2026040841,322.6108937,-74.50991641,0.14807101,,18.811501,17.9951
2026040956,322.5086951,-74.42469936,0.161493,,19.694,18.9352
2026040959,322.4338281,-74.42250027,-0.34617999,,19.7173,18.853901
2026040962,322.5564319,-74.40579417,0.34694201,,18.4606,17.5872
1987956848,313.5702423,-75.59661338,0.50304598,,18.466,17.664
1987957660,313.4866404,-75.35559473,0.40014699,,18.595301,17.753201
2026040968,322.5402738,-74.38774097,0.294938,,18.748501,17.8778
2026040981,322.5793774,-74.38585922,-0.663252,,19.7875,18.934
267083819,5.344564206,-74.80818085,0.85357702,,13.645,12.8954
2026041073,322.4014618,-74.36938538,0.34448001,,19.558701,18.7777
2026041086,322.3515965,-74.34259504,0.035290901,,19.7519,18.921101
2026041089,322.5261586,-74.34655593,-0.60045999,,20.4107,19.5464
2054650428,353.1764261,-75.34642701,0.033760499,,18.437799,17.6401
293525200,351.9277331,-75.58135296,0.233421,,17.4965,16.6696
293525205,351.6566106,-75.55324665,0.340866,,17.8911,17.100401
2026041883,322.777544,-74.30239627,0.15351801,,19.5508,18.7726
2026041893,322.9157933,-74.29723348,-0.31277999,,19.7717,19.0977
2026042022,322.652748,-74.25582222,-0.57980698,,19.6276,18.898399
325342194,337.6878116,-74.1878993,0.47192699,,15.1187,14.3515
325342209,337.9076142,-74.14936931,0.64618999,,15.4412,14.6202
402104801,358.4838892,-75.88122861,0.67761701,,15.3733,14.5127
402104907,358.5337384,-75.5579838,0.57921398,,15.6774,14.8754
2026042156,322.6357541,-74.14068996,0.17306601,,18.7309,17.889601
2026042171,322.8361778,-74.07875888,0.190817,,19.111799,18.320801
270201413,331.9321668,-75.6590721,0.45009199,,14.9645,14.1668
290404604,331.2021552,-75.14008737,0.64160299,,15.6805,14.8014
2026049842,322.3862592,-74.07094732,0.21811099,,20.072599,19.1894
2026041536,324.0487083,-74.28278236,0.32011899,,19.681999,18.881001
273367547,340.2106121,-75.41228345,0.212973,,15.7365,14.881
394653783,359.0966324,-74.40677118,0.48979399,,15.5094,14.7098
394653878,358.7368949,-74.70699312,0.65336001,,15.4749,14.6506
392759400,327.5604167,-75.96508425,0.847543,,15.6242,14.7192
392759502,327.3657177,-75.64805355,0.45209801,,14.9632,14.3027
392759767,327.5840646,-74.92663359,0.746885,,14.9966,14.1129
392759923,327.5917098,-74.45779964,0.87388498,,15.4054,14.536
392759966,327.3711685,-74.33865508,0.88770801,,15.0161,14.1645
392760047,327.5250462,-74.09895631,0.98291099,,14.7784,13.9495
2026041540,323.8651158,-74.35172723,-0.38726401,,19.7939,18.955799
2026041616,324.0614132,-74.21435939,0.16987699,,18.5679,17.8277
2026041593,324.1418409,-74.25515794,0.35714599,,18.609501,17.8307
2026041596,324.3543921,-74.25927843,0.44596499,,19.316401,18.480801
1987958194,313.5159878,-75.17798617,0.29724899,,18.2465,17.5429
2026041629,324.2165818,-74.18781958,0.34035799,,18.662001,17.895599
2026041774,323.9596333,-74.14197463,0.0037652601,,20.266701,19.407101
2026045613,323.9806364,-74.0669982,-0.77286601,,19.983801,19.208401
2026045649,324.3394064,-74.02430857,0.37882701,,18.9741,18.1283
2026046068,323.791787,-74.01160474,0.290813,,18.823099,18.1315
2025949398,324.3606121,-75.99580569,0.0545692,,18.426001,17.818899
290351938,329.5058334,-74.7310902,0.97821403,,15.0883,14.1956
290352077,329.4548908,-75.15021817,0.80033499,,15.167,14.274
2025949429,324.4390867,-75.9263941,0.199001,,18.5005,17.6658
2025949490,324.4825208,-75.85587415,0.13229001,,19.541599,18.819401
2025949661,324.1647241,-75.79023408,0.0571757,,20.0543,19.230101
2054670219,345.9780951,-74.95263348,0.17887101,,19.726,18.968901
2054670257,345.9416873,-74.85802151,0.031231301,,18.9772,18.269699
290375275,330.3274318,-75.72121946,1.08127,,14.5886,13.7023
290370629,329.8244759,-74.51190655,1.24433,,14.6194,13.7302
2025949652,324.1577151,-75.83553742,-0.370814,,19.6133,18.7052
2025949654,324.1302761,-75.82303511,0.20205399,,19.5432,18.7139
2025949650,324.3897954,-75.78267097,-0.084990501,,19.5005,18.6994
293525306,351.8548362,-75.22169421,0.172086,,17.8638,17.0571
2025999036,326.413493,-75.28900049,-0.320914,,19.636499,18.8223
2025999102,326.5574526,-75.20737183,-0.36905399,,20.2621,19.3874
1987960677,313.6794536,-74.91375322,-0.236894,,20.4701,19.589001
2026001170,326.6679763,-75.09802555,0.214993,,19.0186,18.1991
273367630,339.8834843,-75.65909273,0.72242302,,15.2567,14.4226
273367685,339.9014357,-75.84825782,0.50050598,,15.66,14.7713
277912405,354.5525064,-74.0209219,0.91111499,,14.5465,13.7719
394653738,358.8591076,-74.25634208,0.66442603,,15.3464,14.4988
402105135,358.5096817,-74.86146688,0.85030198,,15.3423,14.5397
402105183,358.3472021,-74.68585935,0.79879999,,14.7539,14.0049
402105184,358.510528,-74.6811613,1.28214,,14.3371,13.4971
2054670888,346.6673314,-74.93522515,-0.20039,,19.601101,18.8298
2054670895,346.6531327,-74.90965555,0.22617701,,18.877701,18.064199
2054670903,346.7824399,-74.87816551,0.188557,,18.7337,18.0077
2054670905,346.8320093,-74.87188916,-0.08563,,19.361401,18.749701
2054670920,346.555907,-74.88255014,0.26658899,,18.269501,17.5341
261591714,350.4790863,-74.21851184,0.30139601,,17.9165,17.094
402105295,358.5674133,-74.25227928,0.53809798,,16.009399,15.1653
402105343,358.3777308,-74.0969234,1.1723,,14.6858,13.8415
402105362,358.4316848,-74.04880339,0.45439199,,15.6133,14.7926
2026001421,326.5341768,-74.94424473,0.424025,,19.7988,18.9076
1987960685,313.6467801,-74.90811936,0.17279799,,18.761499,18.160299
2026001493,326.5142092,-74.8252253,0.157572,,18.3146,17.6702
1987979954,313.4432096,-74.68505225,-0.35194099,,20.290899,19.4459
325280220,334.4497001,-74.74793478,0.363401,,17.157499,16.2957
325280318,334.7007829,-74.49886309,0.45075199,,16.428801,15.5988
1987980632,313.6513341,-74.3834123,0.26984501,,18.4991,17.698601
2026005596,326.4673441,-74.6337711,0.206194,,19.709999,18.8804
2026005606,326.6542251,-74.6064013,0.306436,,19.1157,18.2817
316992896,335.5765622,-74.01522809,0.33060399,,16.712099,15.9053
316992995,335.5966368,-74.25997875,0.29718199,,17,16.231899
402104798,358.4085535,-75.89641852,0.27364799,,17.196199,16.3878
402104872,358.5268394,-75.66450101,0.429919,,16.6854,15.8661
402104949,358.6747164,-75.42960035,0.62270099,,17.055901,16.2192
392757785,326.9256216,-75.07051727,1.13053,,14.2178,13.3384
270205239,332.7664997,-74.20887264,1.18765,,13.8438,12.99
2026005589,326.4730042,-74.66179783,0.47396499,,19.0084,18.1595
2026005612,326.6114362,-74.61525267,-0.098419197,,19.1143,18.3895
2026005661,326.5176238,-74.53735142,0.46186399,,18.3382,17.498699
2026005989,326.4091236,-74.49501667,-0.398808,,19.814501,18.9877
2026005990,326.3757202,-74.48912684,0.118352,,19.599701,18.827999
2026006116,326.5212768,-74.32073096,-0.281997,,19.908001,19.1768
2026006119,326.3959118,-74.3443402,0.19344801,,18.598101,17.8388
270272965,333.9346888,-75.22408563,1.0968601,,14.0052,13.028
316993053,335.9040955,-74.43982512,0.44722399,,16.491501,15.6668
402104974,358.4670201,-75.36664214,0.362975,,17.1756,16.334499
402105282,358.4062533,-74.3153407,0.17444199,,17.6992,16.9403
392757604,327.1661353,-74.6025653,0.40852499,,16.644699,15.759
1987980636,313.7157227,-74.37913646,0.24444,,18.305099,17.533899
325280139,334.4714717,-74.92916245,0.25172001,,16.7479,15.8456
325280197,334.4055535,-74.79983783,0.19372401,,16.847099,16.079399
325280363,334.5384022,-74.38416003,0.303563,,16.8759,16.041
325280455,334.4660791,-74.13551722,0.39401799,,16.4755,15.6131
325280508,334.7344634,-74.0096879,0.44058701,,16.849899,15.996
2026006960,326.6144181,-74.2175504,0.054321501,,19.865101,19.002899
1987931967,314.9612023,-75.97430414,-0.27975401,,20.081301,19.2031
1987932003,314.9801932,-75.92598935,0.341822,,18.380501,17.599899
1987932144,314.7488823,-75.88058024,0.123773,,20.001699,19.135599
392757656,327.1379112,-74.74031514,0.40282801,,16.1957,15.3679
316993124,335.9245172,-74.61328101,0.28040501,,16.4774,15.6122
2026044023,326.4684638,-74.18737542,0.175322,,19.8622,19.008301
325341597,337.9093346,-75.76785183,0.192569,,16.9191,16.062099
325341682,337.6944697,-75.53626923,0.26745301,,17.100401,16.201
325341894,337.8854105,-75.01082822,0.39708501,,16.611099,15.7779
325342121,337.5998958,-74.37960916,0.236782,,16.5783,15.7992
325342196,337.8315804,-74.18635423,0.36526799,,16.811701,16.0012
325342199,337.6964746,-74.17385195,0.407437,,17.028999,16.191401
402104890,358.6963226,-75.61143141,0.41651401,,16.276199,15.5848
352545626,325.9983409,-74.42519291,0.428985,,15.508,14.8222
2026044161,326.6645433,-74.03480968,0.22345699,,18.822901,18.0471
402104937,358.3465797,-75.46718933,0.623873,,16.4543,15.651
402105075,358.4647985,-75.07576147,0.485946,,16.5138,15.6914
402105132,358.6946682,-74.88912186,0.27392301,,16.5534,15.8004
402105240,358.5323098,-74.47967817,0.24248099,,16.6905,15.8946
290352080,329.6392745,-75.15883783,0.76368201,,15.0314,14.1576
2026012048,331.6024004,-74.05096616,-0.027024699,,19.718,19.042601
2054670936,346.4379366,-74.83785625,0.061301898,,19.27,18.5077
402104857,358.3993486,-75.71427216,0.47430399,,16.503599,15.6683
1987932268,314.7324153,-75.79901944,0.134634,,18.578199,17.8225
2026012050,331.6083549,-74.03116983,-0.34079501,,19.93,19.1541
352566891,326.4068078,-75.2766056,0.40783501,,13.3754,13.0277
392757464,327.1454056,-74.17888656,0.50703102,,15.5407,14.7247
290402172,330.5113794,-74.87791506,0.68016899,,15.774,14.8494
1987937933,317.7147193,-75.65242025,-0.51556897,,20.3109,19.479
261593461,350.5626084,-75.4331881,0.25084701,,17.291401,16.5305
261593561,350.6617022,-75.08992189,0.32770899,,17.227501,16.431101
1987939620,318.134621,-75.32431123,-0.45561299,,19.952101,19.2794
270202951,332.2977865,-75.57101599,0.66448498,,15.698,14.7879
394653798,359.0030594,-74.45356613,0.539222,,15.9084,15.0691
270205184,332.702697,-74.08150104,0.386516,,16.3202,15.4463
290305827,328.5003101,-75.6386573,0.4181,,16.675501,15.7724
392759543,327.4481668,-75.51371201,0.62596101,,16.417299,15.5026
293507539,351.6455937,-74.38449622,0.115322,,17.4482,16.7017
293507648,351.3630335,-74.71756239,0.239888,,17.8482,16.999201
392759921,327.3127192,-74.46383021,0.43687099,,16.493601,15.6968
270271289,333.5707328,-75.83909554,0.465249,,16.087999,15.1501
270275128,334.1291883,-74.34052197,0.58719897,,15.9822,15.148
316993078,335.8183822,-74.50140361,0.53555202,,16.1707,15.3288
270202888,332.3946016,-75.71411487,1.33134,,13.8478,12.954
270203016,332.1719716,-75.38547068,0.86616802,,14.0952,13.3035
270246024,332.8845139,-75.3780693,0.72935599,,13.9591,13.1775
293507938,351.4392209,-75.67227039,0.13844,,17.632099,16.7763
325279791,334.5802876,-75.88968431,0.68079102,,16.2658,15.3222
325279880,334.7350831,-75.60611804,0.35456601,,16.474501,15.5166
325280076,334.4723425,-75.0858103,0.483114,,16.7845,15.8595
290349448,329.0788269,-75.39522694,0.45823899,,16.469601,15.6524
290351885,329.2659664,-74.61436343,0.32235101,,16.3671,15.5459
290352024,329.5429789,-74.99180057,0.729267,,15.4661,14.6696
293525150,351.6740455,-75.73866147,0.287393,,17.7752,16.987101
293525242,352.0620246,-75.41755422,0.25165901,,17.939899,17.202101
293525267,351.859327,-75.33940358,0.34900999,,17.1416,16.3297
316993273,335.8976004,-75.11737504,0.48699099,,16.706301,15.7989
316993276,335.9215701,-75.14149522,0.46494299,,16.2703,15.3866
316993287,335.6511347,-75.17534104,0.54634899,,15.8315,14.9453
316993293,335.8107861,-75.22285151,0.52318299,,15.8505,14.8886
316993295,335.7807457,-75.22923023,0.473373,,16.5109,15.6258
352545662,326.0967128,-74.55066755,0.97423297,,13.9039,13.1584
325280479,334.4760831,-74.079231,0.38403901,,16.2547,15.4446
407581288,344.9185732,-75.87529759,1.04106,,14.0155,13.2561
270205215,332.654091,-74.15824614,0.52212,,16.2721,15.4719
270244157,332.537397,-74.55932855,0.38431099,,16.5588,15.7363
325340061,334.9340921,-75.97920109,0.57909298,,16.6779,15.8581
407581099,344.9677737,-74.75539142,0.47581199,,16.549999,15.7416
270203199,332.2449761,-74.92182393,1.18089,,14.3978,13.5816
290369645,329.7343722,-75.94929767,0.0203465,,17.944,17.024
316992928,335.7921738,-74.08847299,0.65996301,,16.0665,15.2146
352566704,326.2002136,-75.71630922,0.75713003,,14.4928,13.6582
270200977,331.7038955,-74.44435171,0.424613,,16.550301,15.6922
270203041,332.0841469,-75.31221233,0.41098499,,16.2052,15.2961
290374640,330.2198756,-74.7402512,0.75360501,,16.044201,15.136
290375124,330.3729475,-75.52343967,0.45097199,,15.5383,14.6229
352566946,326.2463902,-75.13761894,0.48020601,,15.517,14.6677
1987945401,318.0867147,-74.73979984,-0.018032899,,20.059601,19.296
1987945912,317.6906705,-74.74156499,0.215129,,17.959499,17.3374
325341883,337.7673168,-75.04332218,0.49123099,,16.534901,15.6766
392757887,326.9854741,-75.34185543,1.0131,,14.8836,13.9826
325341937,337.5393617,-74.91410994,0.38563499,,16.4203,15.544
325341978,337.6820133,-74.79959964,0.354054,,16.479799,15.62
402105027,358.6428608,-75.21106825,0.53012598,,16.2502,15.4224
270244448,332.7920561,-75.39584233,0.52261299,,15.4396,14.5255
325251646,318.3135585,-75.68336504,0.36588699,,17.841499,17.172199
407581074,344.8897611,-74.67052145,0.62321901,,15.8538,15.1099
407581223,344.9144833,-75.45157058,0.630687,,15.9844,15.1686
290404882,330.9920997,-75.84053913,0.172205,,18.2887,17.459999
402105167,358.6417838,-74.74227723,0.34775099,,16.211599,15.44
402105238,358.6075166,-74.48772764,0.69957298,,16.4065,15.5543
1922122441,295.2972819,-75.82825308,0.130871,,20.374701,19.5051
1922122494,295.3905594,-75.77621427,0.212689,,18.8347,17.9918
290404756,331.1361461,-75.479628,0.78070098,,15.131,14.2111
392758014,327.0322923,-75.671357,0.72184998,,15.2862,14.3737
270203429,332.373797,-74.30119835,0.58723003,,15.9879,15.1479
270244123,332.6061639,-74.48696555,0.98782301,,14.6288,13.7764
1922122557,295.3786138,-75.7508058,-0.396276,,20.1819,19.3559
1922144196,296.7403684,-75.39945964,-1.3624099,,20.553699,19.6887
1922144256,296.8647046,-75.32082201,-1.2369699,,20.8022,19.9471
290374925,330.285246,-75.1957697,0.38453701,,16.3223,15.4048
1922165558,296.817768,-75.13202336,0.106041,,19.537399,18.872
270248589,333.3403583,-75.2679354,1.18606,,14.4107,13.539
1987946599,317.9882388,-74.36228881,0.0545564,,19.925301,19.110901
325341855,337.7777993,-75.13623375,0.042461701,,18.364,17.572701
270244161,332.4363422,-74.56730119,1.56226,,14.4544,13.5653
316993044,335.7202575,-74.4149038,1.0400701,,14.5008,13.6552
325342153,337.8553841,-74.28811215,0.322382,,17.322599,16.4734
1922171511,296.6996534,-74.48611635,-0.304167,,19.768101,19.083799
1922171353,296.7906958,-74.48500556,-0.37804601,,20.0606,19.278999
1922171355,296.797331,-74.47464369,-0.36687201,,20.0151,19.1513
325342233,337.622046,-74.07646058,0.159742,,18.1089,17.349501
402104924,358.5790474,-75.51429621,-0.13158,,18.417101,17.566299
316993234,335.7810296,-74.99847881,0.848643,,14.4467,13.5863
316993257,335.7968134,-75.05484796,0.780505,,15.0178,14.0859
270244230,332.4174459,-74.75183047,0.84734601,,15.1077,14.2141
325339857,334.86297,-75.36813287,0.70520103,,14.1797,13.4484
325339922,334.8973125,-75.5921497,1.08435,,14.6675,13.7938
273367068,340.1854394,-74.04166849,0.47092399,,16.307301,15.4747
1922126649,299.4850873,-75.901903,-0.59778398,,20.2763,19.328501
394653923,358.7335676,-74.84860638,0.53144401,,15.7224,14.9354
316991033,335.4463983,-75.67800117,0.44256401,,17.078501,16.1495
316991036,335.3805444,-75.65935774,0.23510499,,17.455799,16.508699
325339980,334.7674301,-75.75423118,0.87887901,,14.5565,13.6451
325340000,334.9193582,-75.8204461,0.85991699,,14.9725,14.0922
407581176,344.9331075,-75.16591368,0.93839997,,14.0097,13.2229
407581271,344.954354,-75.77854452,0.74905002,,15.1371,14.2852
407581254,344.8655316,-75.69904739,0.490549,,15.8557,15.0166
352545559,325.9964819,-74.24240215,0.827838,,15.4479,14.5805
290349213,328.9738994,-75.994382,0.33717999,,17.2847,16.3468
290402378,330.8173052,-74.36405617,0.30410501,,17.133301,16.2633
273367683,340.0370209,-75.84763735,0.29932401,,17.5963,16.720301
1922126680,299.7138121,-75.88047864,-0.56900197,,19.8074,18.904301
1922127389,299.404228,-75.81181078,0.187224,,20.2173,19.3585
1922127826,299.4606358,-75.58624398,0.1106,,19.754101,19.0084
352566988,326.1086234,-75.01786292,0.824938,,14.2635,13.3561
1987984150,317.7806785,-74.09050802,0.410956,,18.968599,18.328199
277912390,354.6943207,-74.06381104,0.241391,,17.045799,16.2509
392759461,327.3238582,-75.76463387,0.30130801,,16.942499,16.0158
392757425,327.2699677,-74.07852797,0.98499203,,14.3085,13.5056
392757557,327.1259152,-74.47911519,0.49868101,,15.7389,14.8603
273367363,340.032581,-74.84567505,0.27309,,17.0467,16.2759
392757856,327.094157,-75.27247548,0.59152699,,14.9939,14.2595
392758079,327.1500528,-75.82254475,0.779383,,15.4954,14.5831
290351809,329.3025764,-74.42172691,0.246208,,16.965,16.0903
290374256,330.2146904,-74.20348665,0.384828,,16.734301,15.8458
273367634,339.9096325,-75.67977691,0.28611201,,16.970699,16.171801
1988024520,307.2681982,-74.70671303,-0.113536,,19.941299,19.091999
1987967623,308.456012,-75.03638962,-0.372794,,20.082199,19.236401
1987955583,313.640466,-75.66589304,0.013656,,19.880699,19.060699
392758099,327.2442997,-75.92286894,0.78117198,,15.0032,14.0945
270244359,332.515795,-75.15111439,0.63135803,,15.8763,14.9626
1922132809,299.6233148,-74.84740442,0.279854,,18.448799,17.631599
1922133013,299.6308876,-74.73546342,0.0038058499,,20.404499,19.540501
1922167992,299.4533157,-74.71385171,-0.16302299,,20.218201,19.3384
290402206,330.7458248,-74.80252314,0.53306103,,16.005699,15.1195
1922174448,299.4498965,-74.13766207,0.0464371,,20.2649,19.3652
290374800,330.1351925,-74.99682947,0.61994898,,15.0806,14.1761
270203042,332.0892011,-75.30938346,0.285133,,15.3542,14.4898
270203476,332.0723816,-74.16015342,1.00867,,14.6467,13.788
270244562,332.4385835,-75.71966295,0.58217001,,15.3954,14.5577
290401984,330.5794786,-75.4353146,0.271065,,16.0858,15.3843
290404375,330.8808021,-74.52351744,0.462127,,16.9056,16.032801
316993007,335.650746,-74.30292859,0.399836,,16.706499,15.8477
273367221,340.1269149,-74.45973597,0.31918901,,16.655199,15.8497
273367633,339.9463272,-75.67386425,0.43575501,,16.751101,15.8811
277912384,354.4451234,-74.07939239,0.246032,,16.2069,15.6579
1987942549,317.904209,-74.9031742,0.208222,,19.911699,19.063801
1987984190,317.6762192,-74.04371328,-0.066145398,,20.0453,19.236099
1988023828,306.6195291,-74.77786818,0.25537699,,20.256599,19.374599
1988024183,307.2845286,-74.88438251,-0.56023198,,20.0991,19.247
1988024146,307.4776022,-74.90675232,0.122669,,20.2033,19.3251
316993162,335.7729537,-74.77525283,0.48957199,,16.095699,15.2269
316993182,335.569854,-74.85534127,0.58844203,,15.6089,14.7224
325339905,334.884791,-75.52199725,0.69208699,,15.9365,14.9816
325339933,335.0745878,-75.61551211,0.64872098,,15.7064,14.8282
325339940,335.0076222,-75.63984538,0.57296699,,15.5215,14.5704
421919279,342.5083248,-74.23369847,0.91482598,,14.8737,14.055
1922174456,299.5855124,-74.10788176,0.35270199,,18.4317,17.572399
1987891154,300.6041286,-75.49325869,0.32231599,,20.2596,19.307199
1987897930,300.3450801,-74.54113653,-0.114142,,20.296301,19.450701
270273052,333.7996389,-74.99145916,0.28296599,,17.453199,16.5606
352566936,326.3039256,-75.15541502,0.17796899,,16.7876,15.9017
407581034,344.8703916,-74.45324712,0.53643,,15.7499,14.9596
1987900533,300.3150804,-74.45853017,-0.45830601,,20.444799,19.521999
392757672,327.1403223,-74.77246954,0.218198,,16.9356,16.070499
392757734,327.1075002,-74.92729781,0.31803501,,17.7311,16.8659
392757886,326.9215989,-75.33868313,0.196898,,17.073099,16.188299
1987952850,308.3270757,-75.96652212,-0.85709703,,20.008499,19.1359
1987962431,308.136882,-75.70399198,-0.38321501,,20.0931,19.374901
1987956929,313.5419541,-75.50268239,-0.83469599,,19.994101,19.231199
407581155,344.9846311,-75.06628557,0.59002399,,15.4306,14.6004
407581240,345.0203444,-75.61182588,0.51922703,,15.9929,15.1569
1987901151,300.4714354,-74.22863669,0.370527,,18.676701,17.925699
1987901154,300.5321322,-74.21986525,0.25413799,,20.066099,19.1579
1987901156,300.4466445,-74.21244756,-0.0188068,,19.98,19.1136
270245986,332.9323695,-75.51556799,1.34758,,14.096,13.1972
270245842,332.8834497,-75.98898089,1.1084501,,13.889,13.0944
290404751,331.0621232,-75.46532862,0.33621001,,16.6838,15.7711
290374952,330.4144273,-75.23238817,0.42306,,16.4562,15.5773
270203524,332.2747409,-74.00544989,0.25075701,,17.090099,16.253799
270248544,333.4115518,-75.12891246,0.483091,,17.1245,16.2232
270273326,333.6808339,-74.23555177,0.45394799,,17.145901,16.3001
1922166940,297.4037113,-74.90242305,0.245115,,20.172899,19.286699
1922170330,297.4609404,-74.58803517,-0.54277301,,20.1527,19.417601
1922172016,298.4046906,-74.36196992,-0.410337,,19.864401,18.9576
421919127,342.4989554,-74.70653474,0.238305,,17.2547,16.4473
273604108,357.5534698,-75.66256145,1.24418,,13.9272,13.1609
1987883328,301.4178208,-75.41207911,0.046689902,,20.073601,19.284
407581058,344.9962536,-74.59445239,0.63256902,,15.41,14.6068
270201280,331.6202493,-75.30251687,0.0113878,,16.6588,15.9157
392761998,327.7664842,-74.60600196,0.95594102,,15.1271,14.2495
392762230,327.6933028,-75.20184346,1.66457,,13.9515,13.0789
290352020,329.3090357,-74.96998738,0.40356499,,16.3256,15.436
273416697,341.5408474,-74.30445964,0.337621,,17.3321,16.4851
273416848,341.7945998,-74.64514209,0.399795,,16.774799,16.115
407581033,344.8804903,-74.42551728,0.306431,,16.7582,15.9185
270205223,332.6893255,-74.17578984,0.18113101,,17.3929,16.7349
270246057,333.1196782,-75.26964124,0.157487,,16.826599,15.9148
421917046,341.9800367,-74.19535824,0.245011,,16.0406,15.4148
421917270,341.8649443,-74.90300464,0.65891999,,16.131901,15.4057
421917291,342.0928876,-74.96513632,0.193059,,16.1339,15.7381
421917354,341.862362,-75.16518054,0.39776099,,16.298901,15.5094
421917522,342.0054692,-75.7534706,0.26692301,,16.1133,15.4751
1987962397,308.5097515,-75.72891524,-0.14908201,,20.0275,19.176001
421917063,342.1492474,-74.24336451,0.29252401,,16.073601,15.338
421917520,341.8398912,-75.74564405,0.95572501,,14.6422,13.9106
273604596,357.8219279,-74.27109353,0.14485499,,14.4763,13.9005
394653940,358.7234479,-74.89645296,-0.0124016,,18.108299,17.285999
392759730,327.5561169,-75.01989351,0.207065,,17.303301,16.4869
325280035,334.5920059,-75.1768351,0.35907999,,17.1831,16.364201
325280088,334.4194049,-75.04884234,0.586631,,17.037001,16.1173
352479144,324.0373563,-75.90630986,0.238896,,17.288,16.3477
421919360,342.4986394,-74.01024998,0.31650999,,16.658199,15.9955
1987967192,308.2778447,-75.25255699,-1.1989599,,19.5191,18.825001
1987957009,313.7495705,-75.43222211,-0.57238501,,19.9622,19.149099
421917009,341.9387483,-74.09087147,0.24673399,,15.7956,14.9705
273604245,357.6741283,-75.22954497,0.20056701,,16.479799,15.7005
317018099,335.980614,-74.65799061,0.80319601,,16.090599,15.3066
273416927,341.7802676,-74.83639868,0.39192599,,16.3967,15.6326
273417039,341.7182895,-75.16570699,0.44560599,,16.6285,15.7893
273417126,341.7417181,-75.38128374,0.34824401,,16.562901,15.7612
421917308,341.9050098,-75.00637672,0.16353001,,14.5144,14.0816
270248576,333.4300987,-75.22772765,0.91697502,,15.6157,14.6952
1988023341,305.9469618,-74.97043691,0.121326,,19.619801,18.943001
1988023933,305.9871975,-74.78183736,-0.052012101,,18.582399,18.0348
1988026407,305.7579498,-74.74682816,-0.69698501,,19.897499,19.158501
270205161,332.4660931,-74.01545157,0.23883399,,17.5567,16.737499
273416879,341.5671913,-74.71245186,0.435543,,14.7706,14.1709
273416963,341.6519108,-74.93987702,0.37259099,,16.41,15.5895
290404757,330.908986,-75.4832628,0.212714,,17.1847,16.269699
290369829,329.7731273,-75.58470981,0.31907499,,16.963499,16.1346
392755409,326.5998664,-74.60301283,0.37931299,,16.736401,15.8654
290404159,331.1510129,-74.04408149,0.30102101,,16.754499,15.9109
352479477,323.8733721,-75.03985259,0.33138001,,17.1749,16.2759
290404407,331.2268771,-74.60192775,0.23253199,,15.7011,14.9169
270245957,332.9563671,-75.62211542,0.62017,,15.9547,15.0262
270248400,333.5495082,-74.69437612,0.67812699,,15.9763,15.1489
352545741,325.8674121,-74.73050488,0.341084,,17.216101,16.3417
352566835,326.2502518,-75.42358124,0.13778999,,17.144899,16.377399
1987942378,317.9419653,-74.99158424,0.26878801,,19.9886,19.130301
352545705,325.9040135,-74.65315907,0.55659902,,16.130501,15.2595
392755639,326.8492598,-74.0530358,0.325849,,17.0152,16.1294
1987942389,317.7766495,-74.98162952,0.050297901,,19.791901,19.01
1987946607,317.841617,-74.35025489,0.28383401,,19.817499,19.0208
270203246,332.0691367,-74.81312171,0.192563,,17.863199,17.0604
317021258,336.5152437,-74.00846482,0.35565501,,16.0606,15.3056
317021278,336.4318853,-74.05471447,0.63615203,,15.9004,15.0726
317021558,336.6160918,-74.47614621,0.46944001,,16.1509,15.2986
317021576,336.628853,-74.49182911,0.60628802,,16.3624,15.5294
273367365,340.1596021,-74.86251892,0.193303,,17.237801,16.403601
270244275,332.4787985,-74.9199747,0.27283201,,17.142401,16.245701
394653704,359.0964454,-74.14568068,0.28782099,,17.8958,17.1728
325280489,334.4350749,-74.05473847,0.33575401,,17.1514,16.306801
270203458,332.389215,-74.22139508,1.2168601,,15.0169,14.1744
273367646,340.0138234,-75.72645662,0.17991801,,17.095301,16.3545
352566798,326.2085803,-75.50821686,0.39916,,16.2957,15.3693
352566888,326.132855,-75.28242053,0.69439501,,16.4802,15.5769
1987962271,308.8369806,-75.77173358,-0.0107422,,20.109501,19.2411
1988022592,306.2159564,-75.10509469,0.052733701,,19.8256,18.968
1988024004,306.2219539,-74.7425147,-0.174741,,19.828501,19.002001
1988024066,306.2661237,-74.69852296,-0.0414377,,19.845501,18.9813
1988027926,306.3337414,-74.49363565,0.101024,,19.7722,19.000601
273416626,341.5514025,-74.1332,0.47101501,,16.1276,15.3744
273416737,341.549475,-74.3613498,0.48356301,,16.4695,15.6701
273416741,341.782073,-74.37350633,0.30102199,,16.263399,15.5449
273416753,341.7548156,-74.40015637,0.478517,,16.0268,15.2113
1987962303,309.0943636,-75.69797324,0.37247401,,18.6224,17.781
327305794,310.9723868,-75.29323809,0.598674,,15.5037,14.637
1987963538,309.2757881,-75.58006028,-0.23746499,,19.8689,19.088699
270248616,333.3623975,-75.36322993,0.55552101,,16.135,15.2125
1987975738,310.6922248,-74.05651679,-0.30913001,,18.951099,18.3591
1987932942,314.0055997,-75.68405702,0.351338,,18.5576,17.729
352545482,325.8634873,-74.04265924,1.66552,,,
1988028672,307.1188786,-74.16950361,-0.56567198,,19.9858,19.1369
270275134,334.2047969,-74.35303014,0.457607,,16.348,15.497
1988028674,307.1969056,-74.17475031,-0.45951799,,19.8125,19.0235
325339833,335.204077,-75.30193232,0.363406,,18.2069,17.237101
1987977838,315.6939553,-74.75977538,0.32152101,,18.5959,17.790899
270246352,332.8216771,-74.44384655,0.085709698,,18.4643,17.587299
1987968919,308.5139998,-74.74131414,0.025270199,,20.0065,19.207899
1988024693,308.2992842,-74.62790445,0.123712,,19.9617,19.196301
392757875,327.0278732,-75.31613881,0.31988499,,16.6329,15.7288
421919294,342.4097563,-74.1709137,0.21996699,,17.9646,17.147301
1987978398,315.4271316,-74.70385116,0.0213992,,20.5191,19.6451
1922166612,296.7997196,-74.98170968,-0.39957801,,20.0891,19.396601
1922126648,299.4885971,-75.90937166,-0.32317901,,19.887199,19.072399
352566963,326.1267335,-75.09444995,0.128088,,18.000299,17.1945
392758000,327.105122,-75.62647161,0.39488301,,17.266001,16.332399
270272728,333.9419849,-75.9112315,0.34543601,,17.1406,16.211901
290303159,328.2989241,-75.27296369,0.544985,,17.936899,17.0516
273416817,341.8137149,-74.5553911,0.45587999,,15.9493,15.1286
273416875,341.4396187,-74.70739839,0.40090501,,15.7679,15.0104
273416950,341.7442407,-74.90379259,0.40806201,,16.142099,15.3458
352567167,326.3430102,-74.57663571,0.379536,,16.9963,16.6395
423264169,297.7960497,-75.46520217,0.162715,,18.1759,17.315201
1922127541,299.509847,-75.71996643,-0.238473,,20.1154,19.328501
1922127765,299.5748541,-75.61298062,-0.56983697,,20.115101,19.250999
1987892655,300.3584796,-74.90265981,-0.0051996899,,19.835699,18.9998
1987942272,317.7997433,-75.09689063,-0.57058603,,19.957899,19.0959
1987946582,317.723738,-74.42439848,0.27472001,,19.970501,19.149099
1987882903,301.2707802,-75.62828477,-0.0668156,,20.058701,19.167999
1987883325,301.3215664,-75.39560519,0.172796,,19.969299,19.172701
1987952932,309.3025645,-75.94696855,-0.41538799,,19.922899,19.1453
1922129768,297.5368292,-75.48542075,-0.299072,,20.0518,19.194599
1922166199,298.287506,-74.87651427,-0.36001399,,19.866301,19.114799
270173418,331.3825952,-74.65531027,0.39685601,,17.111601,16.253201
1922127398,299.4774691,-75.78122107,-0.140983,,19.8825,18.935499
2026035898,320.5477424,-74.93379242,0.164517,,19.0424,18.2334
273416980,341.7698496,-74.98175079,0.83320099,,15.3377,14.4984
273416984,341.6563647,-74.9930917,0.35942101,,16.3577,15.5665
273416993,341.6227522,-75.01533866,0.59141201,,15.8341,14.9836
273417152,341.489326,-75.43658529,0.468885,,16.3125,15.5067
273417163,341.5815337,-75.46890642,0.50698203,,16.2913,15.4386
273417263,341.4801053,-75.7517545,0.305419,,16.316401,15.5344
2026036105,320.1063937,-74.83311112,0.24495199,,19.2693,18.4153
311461460,317.1118532,-75.78050042,0.51425803,,17.495501,16.744699
2026036102,320.0952637,-74.84615992,0.0027632399,,20.141899,19.2931
2026036117,320.0969472,-74.81214413,0.101995,,18.7591,18.0786
1922169149,299.4592791,-74.44161338,0.076015398,,19.841299,19.0462
1987877421,306.0721946,-75.55097261,-0.211188,,19.9256,19.055099
2026036125,320.3206004,-74.80033673,0.48241699,,19.0903,18.223
2026036135,320.1818002,-74.79687555,0.71792001,,19.089701,18.265699
2026036198,320.4462405,-74.73649686,0.181674,,18.5291,17.7351
1988023651,306.3763238,-74.91365511,0.20724399,,19.9746,19.135201
1988028275,306.4504865,-74.31867206,0.27180299,,19.538601,18.6539
1987882225,301.3427406,-75.69324291,0.244835,,20.016001,19.131001
1987902232,301.2183731,-74.10628759,0.30024701,,19.902201,19.054199
1988023559,305.5808531,-74.91323791,-0.67915398,,20.0548,19.344101
2026036203,320.2943692,-74.73431958,0.0037458499,,19.6894,18.8489
1987967159,308.5644091,-75.25016188,-0.18961801,,19.864799,19.044901
1987968584,308.4489749,-74.90185071,-0.20029899,,19.827101,19.1327
2026036206,320.3357804,-74.72622414,0.44178599,,19.128599,18.3071
2026036282,320.4151464,-74.6290795,0.019076601,,19.260799,18.530399
2026036675,320.1973807,-74.57839131,-0.047432899,,19.5394,18.6693
1987975535,310.9830268,-74.0987069,-0.085470498,,20.0117,19.249201
1922132783,299.5651487,-74.88872624,0.236764,,19.8654,18.947599
1922168364,299.4795108,-74.53976295,-0.17325699,,19.653,18.9153
1922168443,299.5353076,-74.47560092,-0.031670701,,19.613001,18.8391
1988030077,308.3065362,-74.36723266,-0.191035,,19.751499,18.986799
2026036713,320.283294,-74.55773968,0.18179099,,18.5035,17.7535
2026036730,320.4411472,-74.5424965,0.40842301,,19.7875,18.8913
2026036733,320.5049707,-74.52486635,0.12431,,18.2066,17.5637
1987957670,313.5016709,-75.3258619,-0.083364099,,19.895599,19.004299
407581220,344.9502369,-75.41184435,0.46009699,,16.943501,16.127701
352545866,325.7723774,-75.05952117,0.53680998,,16.456699,15.6916
392755328,326.8265064,-74.80283509,0.32118699,,16.760599,16.009899
421917002,341.9959733,-74.07334972,0.77262098,,15.9379,15.1028
421917192,341.9039424,-74.62557644,0.331586,,16.2805,15.4368
421917327,341.9112317,-75.08138635,0.491308,,16.0744,15.2512
421917370,342.1875207,-75.23515212,0.33927399,,15.8169,15.0103
421917480,341.870815,-75.61413702,0.14145701,,15.8981,15.1727
2026036771,320.4032379,-74.47267969,-0.0196959,,18.845501,18.0483
2026036877,320.1236372,-74.45242386,-0.127689,,19.557699,18.6731
270201298,331.9757919,-75.36957662,0.48285401,,16.8388,15.9013
352545715,325.8842218,-74.67185321,0.287283,,17.1541,16.295099
273604188,357.8706733,-75.41524074,0.46059701,,15.8603,15.1183
273604240,357.6282816,-75.24494893,0.51996899,,15.9265,15.0833
273604262,357.6954544,-75.17298627,0.44709399,,15.4783,14.8538
2026036887,320.2684877,-74.42622386,0.289801,,19.772499,18.925301
2026036892,320.1978172,-74.42860633,-0.182575,,19.2738,18.4342
273604346,357.7710506,-74.96360744,0.456083,,16.5961,15.7957
273604443,357.5358421,-74.69767536,0.56724697,,15.6429,14.8402
273604501,357.5651911,-74.54601172,0.56729901,,16.027901,15.2252
273604545,357.8270068,-74.40392541,0.43807599,,15.8002,15.2167
290305686,328.7025462,-75.29591951,0.0235036,,17.656601,16.723101
1987937957,317.8555633,-75.60673499,0.042355999,,19.9167,19.105
325342244,337.6037867,-74.03262947,0.312821,,17.240601,16.4021
273604659,357.8601591,-74.0664183,0.523,,15.4522,14.6985
273604661,357.7196787,-74.06343903,0.553312,,15.1111,14.36
267083822,5.051646403,-74.80378834,0.52835703,,16.444599,15.7361
273416599,341.7368711,-74.03510564,0.52605301,,16.101,15.3308
1987962266,308.9078724,-75.79524718,0.42558101,,19.840401,18.9956
402105155,358.4610754,-74.79109091,0.26207799,,17.1124,16.344299
392757536,326.9234083,-74.39807152,0.37822199,,16.888901,16.097099
352510926,325.2358063,-74.50132168,0.25951099,,16.828699,15.9527
352510946,325.1825113,-74.55436486,0.59010202,,16.7528,15.8701
1922166939,297.3607574,-74.91342889,0.29928601,,19.956499,19.0695
2026036936,320.3107338,-74.36857121,0.069221899,,19.0385,18.2388
327305628,311.210662,-75.64210028,0.15173499,,18.3627,17.473301
1987957845,313.5846354,-75.25023057,-0.140742,,19.3855,18.7054
1987957849,313.4943648,-75.2428973,-0.78359902,,20.0175,19.2988
1987957851,313.5320528,-75.23604798,0.0963967,,19.282301,18.4555
1987957877,313.2275707,-75.25316793,-0.200672,,19.2883,18.4883
1987957880,313.2660889,-75.23112544,0.166526,,19.479799,18.593201
1922132810,299.7444447,-74.86281427,-0.130013,,19.9165,19.0786
290404279,331.2144111,-74.32270289,1.41921,,14.2635,13.4277
317018174,336.2594533,-74.54102703,0.74699599,,15.0752,14.215
317018315,336.2023983,-74.28127051,1.35262,,13.9195,13.1362
317021280,336.6750655,-74.05538291,0.59902,,14.2764,13.559
317021304,336.5189167,-74.0981966,0.83396697,,14.6456,13.8132
1922178436,297.5853832,-74.13863226,-0.568358,,19.917101,19.0746
273416677,341.4692447,-74.25055127,1.53693,,14.1348,13.3292
273416693,341.4543561,-74.29750206,0.70758098,,15.2116,14.3866
273416728,341.6423998,-74.35527476,0.92481202,,14.4805,13.684
273416851,341.8188738,-74.65176506,1.16258,,15.514,14.6809
290374902,330.1380414,-75.1737269,0.54624701,,16.7803,15.864
290401958,330.4845987,-75.47929925,0.44738901,,16.924601,16.063
392757717,327.0366286,-74.87460665,0.29355299,,18.1005,17.211399
402105351,358.3639885,-74.08378987,0.63579202,,16.7269,15.9739
402105355,358.6187973,-74.07667144,0.22834,,16.994801,16.1556
1987957917,313.2963878,-75.18568375,-0.508039,,20.141701,19.2847
1987957927,313.8456734,-75.31426303,-1.20145,,20.452999,19.587999
1987958218,313.6800341,-75.12471856,0.0860449,,19.296801,18.6602
1987958223,313.696347,-75.10743088,0.293704,,17.940201,17.2967
273417003,341.5363698,-75.05308741,0.77481198,,15.0526,14.2038
273417087,341.4877566,-75.26911115,1.3181601,,14.1944,13.4031
273417181,341.7730165,-75.52162937,0.83794099,,14.3374,13.5953
273417252,341.7797193,-75.7164509,1.16492,,14.3838,13.5217
398460984,299.2441249,-74.37922335,0.58239299,,17.9016,17.015699
468145532,305.1238642,-74.17644289,0.41875699,,18.1609,17.2969
1987960548,313.1565844,-75.07194756,0.58613002,,18.9891,18.1376
1987960503,313.3234157,-75.08955349,-0.049523,,18.9184,18.205799
2026049179,320.6198952,-74.26795907,-0.081060201,,19.1833,18.3524
1922133005,299.5290397,-74.76405573,0.147522,,19.747601,18.929701
1922169237,299.3338096,-74.37810197,-0.0346229,,19.409201,18.5203
1922174242,299.4526147,-74.23308918,0.24823301,,19.8393,18.974001
1987892719,300.2121539,-74.83292627,-0.031441402,,19.5124,18.637501
1987960566,313.3617242,-75.02880789,-0.063898899,,19.1476,18.4275
1987960652,313.4174109,-74.95399645,0.25315899,,19.195601,18.388
352479143,323.7931636,-75.91259226,0.321785,,16.9513,16.0322
352479242,323.8542777,-75.6246765,0.46661499,,17.055401,16.124201
1987960731,313.1338912,-74.95943274,0.0671826,,19.4098,18.5865
327408951,310.9665008,-74.9737333,0.52472198,,17.8701,17.096001
265368120,315.3247824,-74.49394773,0.272183,,18.158199,17.3967
265368177,315.2947425,-74.64097181,0.38055599,,18.1178,17.298401
265368309,315.0960106,-74.90110739,0.42089799,,18.1478,17.281401
1987960795,313.4088978,-74.95423196,0.46092799,,19.0284,18.308399
1987960796,313.3714876,-74.94423935,-0.14020599,,19.917,19.093399
1987960803,313.3213311,-74.93064107,0.253084,,19.110701,18.299101
421917047,341.9048228,-74.20204672,1.18839,,14.977,14.1419
1987939726,317.3848852,-75.33623262,0.388623,,17.6682,16.9879
317017777,335.9562273,-75.21924668,1.04035,,14.4345,13.5363
317018020,336.3149981,-74.78004242,1.15641,,14.7223,13.8553
1987941903,317.3061399,-75.26087084,0.26390699,,18.6418,17.879499
1987877463,306.0823419,-75.47765634,0.22949401,,19.805799,18.961599
1988034231,307.3468085,-74.0014201,0.0019329,,19.920601,19.131001
273416673,341.6240907,-74.23949876,1.07429,,14.5727,13.7265
273416695,341.5244686,-74.30376149,0.95683098,,14.0649,13.2231
1987961410,313.2160295,-74.80209387,-0.38272101,,20.3041,19.5047
1987961411,313.2544222,-74.80200662,0.206434,,18.9405,18.142
1987979919,313.4910331,-74.74037763,-0.043840699,,19.5772,18.7054
1987979922,313.4341984,-74.73273754,0.118678,,18.474001,17.800501
392757850,326.8760644,-75.25700884,0.048812401,,18.2582,17.389099
325279809,334.4982054,-75.83353712,0.40479201,,18.1248,17.194799
1987979933,313.3829339,-74.71696713,-0.718449,,20.347601,19.561501
1987979939,313.4802378,-74.70946916,-0.39276999,,19.3883,18.534599
1987979942,313.496435,-74.70673921,0.14561699,,18.906799,18.039801
1987963664,309.1143779,-75.57722358,0.280422,,19.756701,18.873501
1987957001,313.769235,-75.4486767,-0.34453699,,19.6406,18.8843
1987956873,313.5925829,-75.53636704,-0.174835,,19.1448,18.3165
325280293,334.8210931,-74.56460029,0.057571098,,18.317801,17.4739
2026049250,320.7681438,-74.20261163,0.43450901,,18.209801,17.3675
1987931978,314.7990283,-75.96143774,-0.149662,,19.4813,18.7731
1987942000,317.6563863,-75.18514828,0.49851999,,18.294701,17.5709
1987942002,317.6721586,-75.1522956,-0.42107201,,19.967501,19.123301
325341919,337.596402,-74.95133021,-0.118568,,18.194201,17.349501
404194815,298.6387524,-74.31216766,0.57769901,,18.2899,17.421101
352479279,324.1141986,-75.5437606,0.46817899,,16.6255,15.7052
352545782,326.0964588,-74.84137779,0.412287,,17.0539,16.151199
1987942028,317.4229363,-75.15779423,0.41666701,,18.089199,17.2318
1987942033,317.317243,-75.1607044,0.31643701,,19.619101,18.8477
1987942037,317.2767302,-75.1602076,-0.488543,,20.165899,19.304001
1987942188,317.264553,-75.06544249,0.30241799,,18.5886,17.762199
273367569,339.8710641,-75.45591046,0.390163,,16.911501,16.039
270205280,332.4324647,-74.33905037,0.298675,,17.069201,16.359501
2026051209,320.2589851,-74.14217287,0.129483,,18.879101,18.035999
2026051306,320.2911906,-74.03420149,-0.48055401,,20.313101,19.4694
290404308,330.9808724,-74.37810551,0.35888299,,18.2199,17.3297
1987942248,317.2889584,-75.00408468,0.060340699,,18.818199,18.0874
1987942253,317.191069,-74.99380057,0.102491,,19.250099,18.407
2026051292,320.4815832,-74.03755263,0.2516,,18.8762,18.060699
2026051295,320.5288493,-74.03623596,-0.0149832,,19.1791,18.361
270246022,332.9840195,-75.38839038,-0.247554,,18.660299,17.792601
273416750,341.7774699,-74.39536102,0.70607197,,14.4251,13.6368
273416889,341.5935252,-74.73494512,1.09491,,13.832,12.9769
265368711,315.1733094,-75.79903686,0.435085,,17.688999,16.914801
1987942497,317.4732805,-74.95453217,-0.12864301,,19.6399,18.8598
1922165547,296.6775382,-75.1591639,-0.29212701,,19.544901,18.710699
1922169969,296.6438019,-74.75165005,-0.115853,,19.8855,19.0723
2026051452,320.7211531,-74.01314304,0.0357842,,19.478901,18.7742
2025949239,322.8212749,-75.89929997,-0.296873,,19.5627,18.6509
1922131535,299.5429839,-75.23533513,0.25656801,,19.8976,19.0273
421919051,342.213573,-74.90254018,0.39232999,,16.774599,15.9754
2025949326,322.9187681,-75.80115639,0.016942799,,19.607901,18.724899
2026030505,322.7878676,-75.73655769,0.20037401,,19.108299,18.289801
1987946089,317.7990506,-74.58523962,-0.168227,,19.463301,18.737101
1987946575,317.7345156,-74.44102608,0.127029,,19.729,18.936701
1922130725,297.3575104,-75.3510076,0.47208601,,18.8671,17.9979
1987980002,313.3321357,-74.66629056,0.29039299,,19.848499,19.0485
1987963482,309.232625,-75.6370001,-0.15772299,,19.861,19.113199
1987975690,310.6184018,-74.11512161,0.24527299,,19.782499,18.965401
1987943040,317.431182,-74.8830503,0.343539,,19.6071,18.8542
1987943044,317.2351721,-74.86306846,-0.0128472,,20.151199,19.284901
273417185,341.5870991,-75.52588705,1.1949199,,14.5243,13.667
421916980,342.0092703,-74.02092129,0.94744498,,14.5006,13.6552
421919299,342.3605249,-74.16361208,0.135068,,17.787399,16.961599
407580969,345.1693349,-74.12004654,0.129208,,18.3843,17.552799
1987975672,311.1820182,-74.02725019,-0.50002402,,19.633699,18.8769
1987932943,314.13005,-75.69710491,-0.44569001,,19.884899,19.111799
1922124751,296.8036631,-75.39015665,0.358989,,19.304399,18.4352
1987980164,313.2351146,-74.56846525,-0.40284899,,19.353201,18.6243
1987980209,313.2183454,-74.56886819,0.34181201,,19.9669,19.0979
1987980212,313.1487624,-74.55181836,-0.195582,,20.251699,19.4321
290401898,330.7952989,-75.64498829,0.140783,,17.256599,16.391199
290402087,330.6171746,-75.14488027,0.246463,,18.0072,17.1581
290402088,330.5273888,-75.14479223,0.264474,,17.7195,16.8241
290369831,329.733821,-75.58461269,0.171607,,17.678101,16.7726
1922141536,293.775547,-75.94743565,-0.60245401,,20.224899,19.291599
1987980312,313.4146289,-74.48845996,0.168423,,18.8346,18.101999
1987980320,313.5008993,-74.45196064,-0.089332096,,19.7248,18.8965
1922169660,296.6581988,-74.8340603,-0.093411997,,19.5667,18.864
2026031676,322.7347151,-75.60312809,-0.181614,,19.6556,18.8964
2026031567,322.7891649,-75.60363207,-0.018278301,,19.7136,18.8561
2026031689,322.6628067,-75.58138957,0.23589399,,19.2715,18.437799
1922168847,298.108258,-74.54132854,0.35670799,,19.044399,18.233601
1922168854,298.4081698,-74.59843708,0.0076368898,,19.0807,18.2185
1922173366,298.2015545,-74.17246462,0.30625999,,18.7281,17.8321
1987876680,306.1778811,-75.629291,0.30500501,,18.8381,18.0271
352566878,326.4551026,-75.31088138,0.17468099,,17.1667,16.3053
392757927,327.2210317,-75.45164721,0.22109599,,17.1985,16.285299
1987966254,306.4609094,-75.44136137,0.56758797,,18.8664,18.1103
1987966298,306.4880867,-75.38301864,0.54702902,,18.9545,18.138901
1988022631,306.3431796,-75.04052441,0.21237899,,18.709101,18.007299
1988023836,306.7170439,-74.73419544,0.14573,,18.754499,18.063801
352566967,326.3741849,-75.07730854,0.351087,,17.4044,16.4909
290374853,330.1910398,-75.10723909,0.179986,,18.1075,17.221399
1922132907,299.4085481,-74.845225,-0.35371399,,19.5968,18.82
1922168419,299.4797143,-74.48907427,0.25795901,,19.4603,18.641701
1987901570,300.4462955,-74.08947456,-0.096673898,,19.538099,18.664101
1987882237,301.50004,-75.6948049,-0.0120248,,19.508499,18.727301
1988026409,305.7586126,-74.74302722,-0.078645296,,19.481701,18.738199
316993159,335.8465798,-74.76076685,0.41130799,,17.191,16.315399
1988024451,307.0955487,-74.74952301,0.197129,,18.909901,18.060699
1988024565,307.5004443,-74.62720175,0.18528999,,18.622601,17.8829
316993254,335.6683759,-75.0503097,0.219588,,17.1849,16.266701
1922145891,293.6763878,-75.5420059,-0.66536099,,20.267099,19.375099
270202855,332.3206893,-75.83767915,0.122814,,17.982401,17.194799
270203244,332.4019309,-74.81496533,0.030105099,,17.7307,16.836399
1987943106,317.4170121,-74.85943958,-0.368063,,19.8314,19.0245
1987943107,317.404849,-74.85786491,0.48669299,,19.2162,18.4062
1987943125,317.381154,-74.83259241,0.305273,,19.530199,18.7257
2026031710,322.8892428,-75.5157708,0.38134,,19.0373,18.213499
2026031754,322.6193739,-75.48886682,0.32565099,,18.9044,18.023001
421917070,342.0797245,-74.2582084,1.1784199,,13.9848,13.228
421917215,341.9691308,-74.70839036,0.75499898,,14.8687,14.0319
421917348,341.8233041,-75.15652091,1.02244,,14.5709,13.7481
270203245,332.2317929,-74.81422166,0.25962299,,16.931,16.127501
1987964643,308.438705,-75.31162372,0.212651,,18.959999,18.1255
1987967238,308.2780692,-75.20960604,-0.031290099,,18.7012,18.003599
1987967566,308.4999636,-75.07425424,0.23193599,,18.9053,18.0625
352566729,326.4754336,-75.64925101,0.291464,,16.702999,15.7795
421917456,342.0868789,-75.53799055,0.91481,,14.7103,13.8795
421917524,342.1409491,-75.75476541,0.609716,,14.4104,13.6407
1987963516,309.0655325,-75.6257706,0.28269801,,19.608801,18.826799
1987975573,310.7859879,-74.08145989,-0.39346799,,19.4597,18.597401
2026031789,323.1299486,-75.44665643,-0.046500701,,19.190399,18.2628
2026031826,322.9794928,-75.37551997,0.155544,,19.8585,18.946699
2026031835,322.883889,-75.36829126,0.039826199,,19.405701,18.5103
1987980338,314.002486,-74.56647917,-0.26991701,,19.3538,18.5693
1987943165,317.3499926,-74.7883183,-0.024002099,,18.7572,18.059099
1987943352,317.2211856,-74.68582176,0.53458101,,18.527599,17.7785
325222487,317.8197563,-74.84159122,0.45495,,17.438299,16.714399
325249600,318.1995603,-75.2308457,0.446392,,17.9256,17.0851
1922165553,296.8140846,-75.14454713,-0.064581104,,19.143499,18.476999
1922170014,296.7239403,-74.69990923,0.51334298,,19.569099,18.7514
1922176655,296.6985089,-74.32094152,-0.036812201,,19.237499,18.6472
1922132906,299.4079462,-74.8530147,0.390782,,19.556101,18.6271
1922174291,299.6325483,-74.18162219,0.042103499,,19.415199,18.6276
1922174450,299.5837537,-74.12527897,0.338972,,19.481501,18.700701
325222530,317.8662412,-74.77246597,0.160752,,18.7278,17.946699
1988030834,308.5806742,-74.20563223,0.056324098,,18.781401,18.030399
1987958006,313.900809,-75.22368149,0.0258295,,18.8843,18.071699
1987958158,313.5614644,-75.17975622,0.28068599,,18.708599,17.8979
1987958187,313.7637416,-75.13637493,0.108055,,19.009701,18.239
270244082,332.5085692,-74.3635767,0.28836,,18.0336,17.200701
270244096,332.597667,-74.38309223,0.32280901,,17.288401,16.433599
352545747,325.7903959,-74.74993425,0.34176499,,17.020901,16.132299
1987943335,317.3752785,-74.70140877,-0.46253899,,19.6278,18.903799
1987946170,317.2307512,-74.62710769,-0.13535801,,19.934099,19.0732
273604570,357.8188676,-74.33157094,0.97389102,,13.9208,13.2642
2026032285,322.7056786,-75.34912851,-0.187996,,19.2328,18.504101
2026032287,322.6402612,-75.34784832,-0.48912701,,20.1,19.239901
2026032536,322.7322638,-75.29959422,0.13570499,,19.2299,18.397699
1987988947,313.324471,-74.34099012,0.26868999,,18.7712,18.081699
1987988988,313.7289655,-74.30965799,0.330421,,18.448999,17.577801
1988026398,305.7533311,-74.76596961,0.069117002,,19.382299,18.6416
1988026504,305.8561302,-74.62880881,0.0458268,,19.544399,18.709499
1988026512,306.0966178,-74.66272955,-0.176401,,19.538401,18.7253
1988026654,305.5809986,-74.63337114,0.22738101,,19.2111,18.363899
1987963719,308.8731208,-75.52982263,0.113079,,19.4305,18.5865
1987975530,310.9815128,-74.11797514,0.239824,,19.237101,18.4645
1987956661,314.0484826,-75.60598439,-0.203777,,19.563299,18.6758
2026032716,322.6065052,-75.21500034,0.27753001,,18.8248,18.068001
1987960597,313.5557086,-75.01954,0.210675,,18.9121,18.067699
1987980621,313.531447,-74.41298516,0.36043599,,18.7887,17.985001
1987988932,313.5500068,-74.34179448,0.533553,,18.894501,18.149099
1987932128,314.8302906,-75.91540678,0.34677199,,18.9366,18.062901
1987935752,318.0075336,-75.86583804,0.43066701,,18.6387,17.9163
1987939511,317.7986999,-75.42535441,0.26585999,,18.5662,17.734301
1987939515,317.6316298,-75.44916796,0.216607,,18.773899,18.034201
1987946095,317.9419987,-74.59719662,0.208019,,18.423901,17.764601
1987982924,317.704167,-74.24079753,0.27388501,,18.804199,18.0581
1987946179,317.3127586,-74.60487478,0.036986001,,19.8934,19.0429
1987929422,316.7144315,-75.99199363,0.042782601,,19.8524,18.997
1987929463,316.689242,-75.95399116,0.55131799,,19.2488,18.3752
1987929464,316.6930132,-75.95176603,0.34888101,,19.447901,18.671101
1987989151,313.1296507,-74.18837626,0.156046,,19.8106,18.990299
290404567,330.9521793,-75.02410444,0.45163399,,17.429899,16.618401
270244385,332.5249291,-75.25233765,0.27052701,,17.278999,16.4112
1987984155,317.8499816,-74.08351208,0.44055,,18.4594,17.635099
1987984145,317.8016282,-74.11538738,0.326626,,18.7267,17.897499
1922131892,299.4785291,-75.11706139,0.14907099,,19.704901,18.815599
1987892510,300.3283474,-75.03385551,-0.0942109,,19.6215,18.8097
1987900716,300.4122289,-74.32244047,-0.058065802,,19.505899,18.5923
1987880448,301.3810065,-75.94914111,0.26868001,,19.1668,18.278299
325249330,318.1325184,-74.64487176,0.34169999,,18.2391,17.4496
1987989813,313.1816089,-74.10321089,0.0057079801,,19.930201,19.1327
270246017,332.8227304,-75.41187915,0.221238,,17.385201,16.5683
270246021,332.8096124,-75.39309582,0.40784201,,17.339001,16.395201
317017930,336.088026,-74.90944596,0.61146402,,15.5168,14.6191
1922171933,298.1785123,-74.45651156,0.50207502,,19.379101,18.4877
2026032797,322.4514791,-75.06691444,-0.184883,,20.068501,19.1819
325339856,334.9206056,-75.3676034,0.28177401,,17.6008,16.673901
2026039778,322.7159215,-74.90801705,-0.61534899,,19.7717,18.867399
1987962293,309.1754601,-75.69048795,0.115779,,19.600201,18.795401
352545702,325.8432733,-74.64897553,0.055929501,,17.0504,16.2656
325342169,337.7585856,-74.24450164,0.123874,,17.4121,16.6332
402105162,358.4231467,-74.7774718,0.38023001,,17.147301,16.4405
402105252,358.5265342,-74.42451888,0.33963501,,17.0905,16.271299
1987963724,309.0059154,-75.5212719,0.094805896,,19.586901,18.858
1987975651,311.0590154,-74.05819752,0.045359802,,19.5611,18.781601
1922166608,296.7092192,-74.98436011,0.48372099,,18.7069,17.8235
1987989859,313.1525242,-74.04592631,0.39411101,,18.4561,17.624399
1987989861,313.1403034,-74.0341098,0.274102,,19.169399,18.379999
1987931946,315.0880272,-75.96739033,-0.157004,,19.452801,18.6658
1987931995,314.9281461,-75.94707181,0.215836,,18.614799,17.875799
1987931996,314.924051,-75.94969214,0.25372601,,18.5191,17.748301
317021302,336.447912,-74.08331829,0.31731501,,16.0392,15.1859
1922162912,293.9233236,-74.52065261,-0.165683,,20.094,19.216499
1922162916,293.7446334,-74.52636918,-0.36054799,,20.2341,19.4
2026037936,323.001849,-74.95474022,0.13406099,,19.853201,18.965401
392757820,327.1750309,-75.18509345,0.330345,,17.032101,16.1234
392757952,327.1994692,-75.52686946,0.564538,,16.830601,15.9344
1922122021,295.1050619,-75.99808153,-0.421644,,20.0191,19.274599
352479554,324.0956859,-74.81250569,0.072079398,,18.4828,17.6098
352479494,324.1365473,-74.98282863,0.18616401,,18.2034,17.3643
352479499,324.0818227,-74.96805654,0.237876,,18.197001,17.361601
1987876455,306.3626242,-75.7129308,-0.27921301,,19.5637,18.755501
1987876459,306.5328001,-75.6817105,0.1918,,19.441299,18.578899
1987876669,306.3576848,-75.62606821,0.078977697,,19.511499,18.7209
1988023760,306.5890536,-74.82211146,-0.29703999,,19.6311,18.813999
1987938052,316.8397982,-75.74886,0.41204801,,18.950399,18.073299
2026037964,322.9755584,-74.94520918,-0.13535,,19.2265,18.4193
2026039792,322.8235515,-74.89595985,0.35792401,,18.5891,17.6768
1987978591,315.4109034,-74.63127018,0.154356,,19.6542,18.8643
1922126659,299.6313762,-75.90575969,0.435197,,18.7509,17.789499
1922132901,299.5588695,-74.8200539,0.451121,,18.932199,18.121201
1922168002,299.4078371,-74.71468922,0.54026598,,18.9284,17.9991
1922174559,299.6932845,-74.06387852,0.22499099,,18.854401,18.061701
1987897935,300.3009187,-74.54224398,0.30037299,,18.8484,18.0389
2026039912,322.7124473,-74.80026906,0.478333,,19.724199,18.811899
2026039923,322.6259842,-74.78112,0.19209801,,19.018,18.1749
1987978649,315.5372726,-74.58607602,-0.0674261,,19.8922,19.133301
1987938087,316.9600426,-75.74600503,0.50551701,,18.8622,18.090599
1988024221,307.4897643,-74.82710912,0.16956,,19.4781,18.7026
1988024513,307.2893005,-74.73682,0.68796301,,19.465599,18.591499
1987962163,308.7064417,-75.85294626,-0.099890999,,19.5086,18.755301
1987929435,316.628311,-75.97865746,-0.076454602,,19.8654,18.997801
2026039883,322.923473,-74.80858747,0.59517503,,19.6243,18.7362
407580970,344.983116,-74.13414186,0.35040301,,17.3062,16.5508
1987929475,316.7418602,-75.9102281,-0.78369898,,20.185499,19.3356
1987929987,316.5241192,-75.88205027,-0.095571399,,18.964399,18.1633
1987929993,316.5589536,-75.87272566,0.0287166,,20.2658,19.393101
1987978739,315.4967093,-74.49290124,0.206478,,18.864599,18.013901
317021731,336.3616751,-74.74211353,0.57509202,,15.9745,15.1677
317021870,336.5191391,-75.05579804,0.66416001,,15.3313,14.4459
1987938352,316.6456978,-75.55411667,-0.186272,,19.492201,18.680599
1987901492,300.5423181,-74.13368455,0.27042699,,18.945499,18.0483
1987883324,301.2823687,-75.40393859,0.57288402,,19.1518,18.2575
1987893930,301.3914436,-75.0244954,0.046517398,,18.814301,18.1506
1988023609,305.7580181,-74.81737203,0.370958,,19.079201,18.2286
1988026628,305.6016279,-74.66624236,0.0241319,,18.834,18.115499
1987952940,309.0659726,-75.99054891,0.12656599,,18.9554,18.187201
1987956694,313.725197,-75.60897727,0.40842,,18.2227,17.356199
1922122555,295.4125927,-75.75367433,-0.301927,,19.490999,18.8046
1922166627,296.724237,-74.97004978,0.106175,,19.313101,18.5383
407581103,344.9120534,-74.77680849,0.163499,,17.2798,16.6849
407581114,345.0198515,-74.83196574,0.275749,,17.319201,16.4876
317021940,336.4966054,-75.15670793,0.81582099,,14.5911,13.6905
273416610,341.4285598,-74.06557733,0.76891601,,15.0895,14.2475
273416618,341.5318599,-74.11449413,0.71476603,,13.9153,13.3222
273416645,341.5821175,-74.17047948,1.3354,,14.2693,13.4774
1987938626,316.8169588,-75.53419226,0.306887,,20.048401,19.1992
290374242,330.1350516,-74.18739803,0.262631,,17.8202,16.919201
1987978761,315.5748461,-74.4399965,-0.0055801598,,19.938999,19.143499
1987979006,315.621142,-74.40782359,-0.16641299,,19.155001,18.3627
1987979036,315.7990151,-74.3502726,0.210637,,18.761801,17.8946
1987962380,308.2322551,-75.74625519,-0.14065699,,19.0807,18.371599
1987962230,308.4862905,-75.78780892,-0.106968,,19.437901,18.6612
1987981191,315.5352367,-74.35313676,-0.00038255099,,19.7672,19.0742
1987981194,315.5805274,-74.35095829,0.251854,,18.945601,18.254801
1987981198,315.5409855,-74.33250772,0.35291001,,19.493401,18.626101
2026040430,322.8639515,-74.49233902,0.153598,,18.49,17.772301
2026040433,322.8201899,-74.49328858,-0.323957,,19.7271,18.9331
2026040415,322.9227866,-74.52530879,0.056877699,,19.681,18.887899
270203250,332.2505505,-74.80526839,0.47841999,,17.378099,16.5495
270203343,332.2099174,-74.55695091,-0.0109799,,17.9004,17.0802
270244099,332.7592445,-74.39497072,0.27509099,,17.826,16.950001
270273417,333.6695189,-74.04842988,0.45800501,,16.727501,15.8709
1987967152,308.4024635,-75.26833721,-0.069238201,,19.5746,18.7262
1987967602,308.1367701,-75.0677916,0.136535,,19.4489,18.6996
1987968884,308.2505538,-74.72823198,-0.031495702,,19.5741,18.7071
1988030079,308.3492527,-74.35794588,0.0288374,,19.5273,18.672701
1987980080,313.5015532,-74.60066817,0.44534099,,19.482901,18.6185
1987932133,314.8931572,-75.88870847,0.27972299,,19.5352,18.712799
1987937652,318.0597215,-75.83950933,0.106993,,19.4093,18.682699
1987939531,317.8485672,-75.4002164,0.034521502,,19.197201,18.4779
1987981243,315.553553,-74.30008409,-0.161139,,19.868799,19.0793
2026040943,322.7936037,-74.38852546,0.056833901,,19.7675,18.8888
2026040979,322.6026564,-74.39332107,0.295311,,19.9461,19.0583
2026041870,322.7525465,-74.34846113,0.40246099,,18.368799,17.593
1922176666,296.724373,-74.30306695,-0.113562,,19.159599,18.383499
1922177021,296.6733589,-74.22129012,0.063536197,,19.241699,18.362
1922126681,299.7370645,-75.86800422,0.019489899,,18.9848,18.1633
1922127768,299.653809,-75.6070482,0.042660698,,19.101801,18.194401
270244274,332.6365562,-74.91700319,0.328769,,17.8529,16.9526
270245893,333.0682562,-75.82057563,0.145669,,17.1789,16.2358
325339935,335.093221,-75.62654015,0.181315,,17.625,16.7533
325339953,334.9220257,-75.66539699,0.30808699,,17.609501,16.697399
273416730,341.425906,-74.3581099,0.73412299,,15.7811,14.9303
273416909,341.5713136,-74.79882816,1.23102,,14.2572,13.4438
1922168000,299.5966151,-74.67932028,-0.143372,,19.310101,18.4568
1922174178,299.4584549,-74.29645649,0.52111799,,18.964399,18.207399
1922174287,299.5535157,-74.19143482,0.37780699,,19.0198,18.1646
1987902275,301.3472603,-74.06299703,0.099944897,,19.1752,18.375601
1987930098,315.6914084,-75.91622422,0.25116399,,17.4732,17.136
1987940654,316.7121689,-75.49545432,0.34362999,,19.124201,18.410101
1922169286,298.8732765,-74.43633391,-1.07528,,20.236,19.4723
352566755,326.4217447,-75.59704415,0.035406299,,18.278299,17.3748
1987942388,317.8687808,-74.97535192,-0.162659,,19.4447,18.645901
1987984184,317.7453842,-74.06375546,-0.039731499,,19.605101,18.7745
1987932462,315.8050596,-75.69716133,-0.111715,,19.916599,19.1444
392757745,327.1652461,-74.95667979,0.34033501,,16.972401,16.060699
325342219,337.6225359,-74.12014179,0.46429601,,17.1964,16.348499
402105176,358.6849625,-74.70315199,0.26244101,,17.0278,16.177
1988023978,306.0878593,-74.72889666,0.0123395,,19.167999,18.4452
1988026480,305.9598878,-74.64723686,0.513946,,19.203899,18.3155
1987953257,308.9384991,-75.80016468,-0.036961701,,19.405199,18.525499
1987953265,309.0989602,-75.77762786,-0.17018101,,19.3708,18.507099
1922172563,298.6520132,-74.22154799,-1.29592,,20.480301,19.6444
1987956806,314.0519067,-75.50749663,0.148445,,19.052299,18.1828
1987978380,315.7597685,-74.68717489,0.107514,,19.2652,18.461901
273416936,341.6255244,-74.87470796,1.14528,,14.0034,13.2907
273416972,341.5885833,-74.965859,0.58345199,,15.4337,14.5989
273417005,341.6267986,-75.05678738,1.07847,,14.7559,13.9464
273417045,341.4955558,-75.1817903,1.15729,,14.4361,13.5911
1987938290,316.8430201,-75.65168543,0.1574,,18.757,17.897301
2026041839,322.927633,-74.36179738,-0.094947502,,19.0434,18.3234
2026041856,322.9817138,-74.32027223,-0.022201899,,19.464399,18.599199
2026041857,322.9367937,-74.3277082,-0.231932,,19.3265,18.474199
2026041897,322.9741627,-74.28135653,-0.138983,,19.995701,19.2237
1987932453,315.6809815,-75.7362649,-0.76776397,,20.2812,19.485701
1987932425,316.0378718,-75.74004317,0.021362901,,18.976,18.203501
1987932433,316.0781925,-75.70968479,-0.78851002,,20.4562,19.607401
352545627,325.7614252,-74.43001305,0.35192901,,17.5161,16.824301
352545575,326.0797279,-74.29136773,0.42260599,,16.9772,16.2764
352545655,325.8051752,-74.52609197,0.149618,,17.4424,16.6712
1987940342,316.5679413,-75.56285574,0.47440699,,19.1516,18.2645
1987940343,316.5567451,-75.55866073,0.239843,,19.007401,18.275
1922130556,297.5107009,-75.37653764,0.606224,,19.662399,18.7484
1922178420,297.2955788,-74.11308639,0.37179399,,19.612301,18.7833
1922165983,298.3281734,-74.92437684,-0.034394201,,19.8997,19.091499
1922171937,298.4137586,-74.44765906,-0.40144399,,19.7418,18.8694
1987940683,316.964028,-75.42971996,0.192837,,19.306299,18.562
1987940697,316.7863775,-75.42307954,0.32870999,,18.668501,17.846001
1987940701,316.8281342,-75.40772642,0.42287001,,19.2358,18.3561
1922144219,296.6627416,-75.36902829,0.48063001,,19.001699,18.2244
1922126560,299.5280865,-75.97300343,0.242677,,18.960501,18.080299
1922168411,299.4477406,-74.51063987,0.129188,,19.051701,18.203501
1922174455,299.5431881,-74.11286011,0.178225,,19.137501,18.2493
273367114,340.0289749,-74.1485581,0.093809702,,17.8741,17.0464
352566758,326.4152466,-75.58656445,0.156367,,18.145201,17.2486
352566784,326.3450574,-75.53532357,0.30706799,,17.23,16.456699
1987873419,306.2969193,-75.92851339,-0.518673,,19.712999,18.8783
1987877409,306.2446015,-75.53974967,0.40458,,19.7036,18.869801
1987877402,306.3302152,-75.52903876,0.051105902,,19.7204,18.945
1987966411,306.3164068,-75.38689974,-0.070237197,,19.635201,18.925501
273367434,340.0190577,-75.05606069,0.095795497,,18.087099,17.305
273367446,340.2969186,-75.085529,0.202161,,18.049801,17.2369
1922180854,295.646678,-74.00382913,0.243561,,18.7353,17.8871
1922122742,296.5379095,-75.95223218,-0.17625199,,20.649,19.720501
1922122748,296.5827948,-75.92890779,-0.28495699,,20.242201,19.3454
1987940710,316.6464997,-75.42917142,0.33309701,,18.764299,17.8962
1987940847,316.4263362,-75.42141066,0.15223099,,19.229601,18.5138
273417141,341.7801198,-75.41867756,0.75136799,,15.2093,14.3621
273417143,341.8133873,-75.42057115,0.77540898,,15.2712,14.4612
2026042180,322.7554681,-74.08392876,0.335879,,19.5842,18.749001
2026042181,322.7916602,-74.0886358,-0.11616,,19.717899,18.8494
2026042402,322.8418035,-74.03612899,-0.0396262,,19.681801,18.889
1922173567,298.644087,-74.00626793,-0.67997599,,20.375601,19.485001
1988026499,305.8592621,-74.63811536,-0.259036,,18.8978,18.219801
1922132104,299.6739993,-74.97707526,0.1336,,19.3403,18.620399
325280201,334.7275362,-74.79565691,0.099068701,,18.137899,17.2612
1987940685,316.9632129,-75.43605078,0.061473001,,18.846001,18.115601
1987940747,316.7496671,-75.38924237,0.10844,,18.698799,17.952801
352567022,326.1915314,-74.95006158,0.283169,,17.5242,16.615499
1988023816,306.4044293,-74.7681767,-0.241502,,19.827,19.0037
1987940501,315.7675942,-75.54260541,-0.00018350899,,19.2957,18.4296
1922123104,296.5233758,-75.77511861,0.473573,,18.8869,17.9566
325339990,334.8096526,-75.79195198,0.219128,,18.1238,17.2633
421919319,342.2113174,-74.10791652,0.257541,,17.700701,16.876301
421919362,342.5280424,-74.00445283,0.20897,,17.431499,16.877199
407581018,345.0397117,-74.36038282,0.34151301,,17.740601,16.919001
407581115,344.8583145,-74.83602902,0.39663699,,17.449699,16.710899
421917004,341.9282798,-74.08127299,0.51625502,,15.183,14.4424
421917020,341.8534219,-74.11117212,0.51325297,,15.231,14.4699
421917082,341.9616995,-74.29495623,0.81538999,,15.3064,14.5039
1987952920,309.2283191,-75.98608588,-0.029260799,,18.9266,18.093599
1987963542,309.3255318,-75.5800137,0.333799,,18.846901,18.0616
273369485,340.3697613,-74.42329425,0.218521,,18.2304,17.3979
1988024514,307.3336001,-74.72823035,0.132642,,19.728701,18.876301
1988025183,307.3726927,-74.57304796,-0.54186499,,19.5602,18.728001
1988025553,307.3305354,-74.50220307,-0.140536,,19.5023,18.7647
421917113,342.0001854,-74.38439331,0.946832,,14.8819,14.0567
421917332,342.1275106,-75.11135864,0.78441101,,14.734,13.8878
1922124516,296.5435619,-75.56249282,0.076818101,,18.9464,18.1947
421917563,341.8356532,-75.93863779,0.480286,,15.1411,14.4337
1987961883,308.1620561,-75.85409839,0.096772701,,19.8486,18.979799
1987962228,308.3427946,-75.80844168,-0.475642,,19.5455,18.8297
2025947585,324.8694695,-75.97770261,-0.050359599,,19.837,18.903999
2025947577,324.7741171,-75.99984045,0.42563701,,19.102699,18.2302
2025947604,324.8686017,-75.92703404,0.32225201,,19.487801,18.594101
2025947848,325.0681712,-75.88570848,0.27016801,,19.4981,18.5867
273604173,357.7876232,-75.45787114,0.71380597,,14.7951,14.0381
273604204,357.7269136,-75.35686793,0.829503,,14.821,14.0467
273604307,357.5781086,-75.08107555,0.71093398,,15.5024,14.7402
1987940437,315.9225183,-75.56845639,-0.60190099,,19.568701,18.8155
1987940887,316.6336999,-75.33339033,0.42472401,,18.5886,17.722799
2025949471,324.7392702,-75.86741988,-0.26803401,,19.8463,18.9786
2025949736,324.7018431,-75.82140047,0.34119001,,18.132999,17.3095
407581274,344.8678006,-75.7863101,0.252332,,17.200701,16.468
290402270,330.6331811,-74.67019156,0.236444,,17.5741,16.7082
290402291,330.606974,-74.61304292,0.148968,,17.576599,16.7006
273604335,357.6954761,-74.99251351,0.738554,,14.8118,13.9935
273604420,357.5812665,-74.76988263,0.60610902,,15.4296,14.6218
1987957613,313.5445918,-75.37514218,0.45129299,,19.720699,18.8253
1987957833,313.3023187,-75.26042106,0.036270399,,19.754499,18.9932
2025949733,324.7683195,-75.82586736,0.26978001,,19.3064,18.4084
2025949756,324.8738765,-75.7902665,0.21376599,,18.507999,17.7904
2025949758,324.8167332,-75.78423405,0.0313382,,19.1583,18.2995
392757547,326.8934429,-74.44015606,0.15357301,,17.5959,16.8859
1987937342,317.8114101,-75.90404686,0.325326,,19.4065,18.5198
1987946246,317.8188343,-74.53171397,-0.145742,,19.694599,18.879999
1987984028,317.9472415,-74.12552701,-0.102225,,19.2971,18.561399
1922126579,299.8335473,-75.94500864,0.034240101,,20.0557,19.173401
1922126772,299.9123397,-75.81474369,-0.25968999,,19.833,18.883101
392758066,327.2592857,-75.79768895,0.434701,,18.108101,17.1786
290305468,328.5221992,-74.68445215,0.489454,,16.948099,16.0954
392759732,327.4496485,-75.01881669,0.35814199,,17.1075,16.2987
392759742,327.4541318,-75.00055751,0.193371,,17.001499,16.1679
1922123600,297.3031951,-75.62638957,-0.135832,,19.7778,18.937401
1922130425,297.306505,-75.50116385,0.000411318,,19.697399,18.774401
1987873690,306.3984041,-75.94050493,0.181619,,19.3456,18.6105
1987876639,306.3829276,-75.62508913,0.0381089,,19.253799,18.487
1988022413,306.2663386,-75.13505348,0.217509,,19.26,18.5527
1987941025,316.5460566,-75.20955565,0.51321203,,19.4758,18.605
1987941035,316.6911047,-75.20480519,0.202519,,18.810699,18.059999
1987940455,315.8299001,-75.53723141,0.14884201,,19.1061,18.5401
1987940480,315.923319,-75.50867786,-0.0050652698,,19.393299,18.5616
421918795,342.2239155,-75.65750101,0.23898099,,17.221701,16.4009
421918885,342.257429,-75.40720272,0.081999697,,18.1742,17.319201
270244088,332.5566945,-74.36987481,0.165465,,17.312099,16.438801
270244559,332.7448584,-75.7110459,0.246852,,18.124001,17.1973
270245838,332.8799472,-75.99830711,0.16256499,,18.468901,17.5452
273604543,357.5811284,-74.40505309,0.435752,,15.6387,14.9046
273604561,357.5476361,-74.36005818,0.788028,,15.2289,14.3822
1987942697,316.676004,-75.05386313,0.23942,,19.0214,18.2311
1987940538,315.9418291,-75.46288405,0.16776501,,18.948799,18.1553
1987942701,316.6123117,-75.04197799,0.043154199,,19.818899,19.058701
1988022676,306.2536543,-75.00862295,0.0263416,,19.3316,18.5506
1988023678,306.0895591,-74.89760623,-0.097751997,,19.467199,18.5919
1988023822,306.4637339,-74.77251834,-0.19245,,19.698,18.833
1988028100,306.1800647,-74.45395628,0.0485528,,19.386801,18.730301
392759994,327.3607739,-74.27684332,0.252444,,17.2614,16.3899
290351703,329.6001254,-74.14189419,0.373638,,16.991199,16.143801
2025999668,324.7448214,-75.53659113,0.031444799,,20.076099,19.1875
2025999672,324.7254984,-75.52407158,-0.032709502,,19.6789,18.821699
407581194,344.9999707,-75.2604368,0.33416599,,16.853399,16.0417
1987942723,316.9047502,-75.0336919,0.3159,,19.077999,18.2966
1987942920,316.3547484,-74.88686296,0.238479,,19.913401,19.0777
1987941171,315.8424316,-75.38497464,-0.57341701,,20.188601,19.326099
1987941176,315.807035,-75.35922168,0.44295001,,19.702999,18.881201
1988024178,307.2521453,-74.90066214,-0.157526,,19.486799,18.693501
1988025588,307.5845218,-74.44787508,0.154909,,19.2195,18.447901
1988028761,307.2214724,-74.0982271,-0.0977097,,19.0795,18.3529
1922144479,296.5256732,-75.29125015,-0.106401,,19.884701,19.0438
1922144558,296.4687626,-75.24557074,-0.035498299,,19.943199,19.1565
290351864,329.3672633,-74.57713115,0.60664302,,16.9478,16.041401
270173148,331.5262096,-75.41475675,0.29582101,,17.001499,16.1411
270173501,331.5031489,-74.47118197,0.23159599,,17.011,16.173201
1987935793,318.5749928,-75.84677117,0.24768899,,18.6238,17.752899
2025999665,324.8348969,-75.52486266,0.160034,,19.0336,18.221399
2025999687,325.0300931,-75.49860214,0.34217,,18.582199,17.861601
2026000151,324.7028072,-75.43581815,0.105765,,20.0823,19.222099
290374588,330.0974528,-74.67011828,0.337621,,16.861,16.0089
1922145364,296.4479331,-75.16236317,-0.56605703,,19.967699,19.289301
1922145377,296.5429706,-75.14925784,-0.077324197,,20.0646,19.1861
1987941202,316.0318191,-75.31901821,-0.076290697,,19.2568,18.6075
1988028763,307.2872308,-74.11392743,0.33129501,,19.3431,18.463699
1987961881,308.0770222,-75.86924186,-0.22402599,,19.2686,18.480801
1987963429,308.0802696,-75.39133524,0.084936798,,19.2444,18.4494
290401877,330.8235399,-75.72226162,0.350968,,16.964399,16.0623
290375430,330.3235975,-75.99470372,0.373151,,17.1838,16.2712
1987941225,315.7530532,-75.32313868,-0.335567,,18.8312,18.189301
1987941228,315.7129157,-75.31290158,-0.054016601,,19.578199,18.7904
1987935843,318.4084453,-75.79281238,0.111904,,19.5359,18.7519
1987935859,318.4592689,-75.76756942,0.37897801,,18.9098,18.081699
273416678,341.4515525,-74.25437639,0.60542202,,15.6997,14.9323
273416760,341.5230549,-74.41231402,0.347765,,16.345501,15.5159
273416770,341.4232904,-74.43646239,0.52870601,,16.107401,15.29
1987941392,315.7611831,-75.25880385,0.38034999,,18.7346,18.0168
1987941678,315.8409199,-75.18352695,-0.115411,,19.782,19.1106
325279820,334.487437,-75.81067567,0.143154,,18.5103,17.639099
325280265,334.7077732,-74.64393961,0.0480504,,18.1607,17.286699
325280314,334.592001,-74.50619253,0.19490699,,18.1066,17.231899
1987941668,315.901476,-75.19947565,0.47128499,,19.0012,18.1784
1987941698,316.0254198,-75.15068928,-0.033241,,19.4305,18.655899
1922166642,296.4397555,-75.01218332,-0.034440398,,20.466299,19.613199
421917067,341.9137976,-74.25228023,0.369167,,15.9201,15.2787
1922169961,296.6321163,-74.76020889,0.323221,,18.6812,17.8253
1987941704,315.9028117,-75.14165459,-0.329454,,19.6835,18.908001
1987957860,313.5182153,-75.22129451,0.0348262,,19.254499,18.400299
1987979492,313.7733621,-74.66499283,0.032464199,,19.4119,18.538099
2026000245,324.7322665,-75.37643735,-0.011542,,19.833099,19.0145
2026000238,324.9438651,-75.34193358,-0.19321001,,19.6094,18.826799
2026000242,324.9667223,-75.31692192,-0.0034085601,,19.441299,18.579399
325341720,337.8888651,-75.44244031,0.21703801,,18.1521,17.2784
2026000283,324.8926113,-75.27968588,0.210627,,18.6896,17.834499
2026000478,325.061618,-75.32277897,0.119994,,19.299601,18.500799
2026014731,332.6545913,-74.0911062,0.209438,,17.999399,17.1451
2026000657,324.7437339,-75.2315732,0.151752,,19.052999,18.2953
2026000574,324.9394466,-75.18473557,0.38082099,,18.5879,17.718901
273367194,339.8525797,-74.39979431,0.245592,,17.0625,16.2714
394653830,358.7175035,-74.54495571,0.419283,,16.988899,16.247299
394653894,358.801744,-74.74966583,0.27441499,,17.0343,16.2332
311422350,314.5404173,-75.79433668,0.43215099,,18.101801,17.321899
271579876,319.4722872,-74.45489698,0.32957301,,18.1772,17.4035
1922128882,299.9848167,-75.58702495,-0.262575,,20.2659,19.457001
1987942978,316.543165,-74.86562243,0.090051197,,18.981501,18.191
1987942966,316.7115088,-74.87647933,0.32473701,,18.7003,17.846901
270248406,333.4136148,-74.7115118,0.364461,,17.6604,16.8095
1987942996,316.7192537,-74.82719713,0.0494662,,19.5369,18.8046
2025968887,332.8787879,-75.8826432,-0.17477199,,18.789,17.9433
2025969034,332.5221041,-75.79414064,0.105573,,18.3939,17.497601
1987936504,318.7720812,-75.740249,0.136069,,19.764799,18.863501
1987936505,318.8178126,-75.73225831,-0.45357201,,19.8242,19.110201
1987936508,318.8027842,-75.73177386,0.195072,,19.016199,18.2458
1987940091,318.2181826,-75.12438659,-0.028112,,19.6015,18.9673
1987941813,316.0323606,-75.08178588,0.181428,,19.383801,18.6061
1987976445,315.6656611,-74.98960224,-0.31635001,,19.5828,18.8125
1987980266,313.5854771,-74.50496791,0.00259778,,19.3822,18.665501
1987988949,313.3757811,-74.33901474,-0.211505,,19.280001,18.450701
1987976417,315.9497094,-75.01171613,0.335677,,18.43,17.8008
1987976459,315.6129911,-74.97284375,0.24371,,19.9515,19.118799
1987976468,315.8966217,-74.94404009,0.079369403,,19.397699,18.6917
2026000730,324.7162496,-75.10046839,0.18089899,,19.9883,19.1001
2026000795,324.7385623,-75.04248061,0.38304901,,18.3699,17.4958
2026000758,325.042932,-75.08941847,-0.13507199,,19.019699,18.266899
2026000785,324.877677,-75.04989893,0.160528,,19.360399,18.509001
1922170034,296.6301838,-74.70496449,-0.41180399,,19.950701,19.1089
1922170036,296.6590522,-74.69207176,0.0061901398,,20.320601,19.519501
1987977681,316.323088,-74.82137577,0.23768701,,19.110701,18.383699
1987977984,316.6390382,-74.75256543,-0.15555599,,18.7505,18.099701
271580387,319.5610445,-75.75689794,0.00665147,,17.761,17.0557
2026000806,324.9709145,-75.02263346,0.125479,,18.8333,18.0623
2026000816,324.9362745,-74.99391654,0.13793699,,19.570801,18.7127
2026001754,325.0423435,-74.943768,0.229544,,18.655701,17.7974
2026001760,325.1550584,-74.9577563,-0.52729601,,19.913,19.030001
1987940136,317.9389562,-75.10821486,-0.233254,,19.568899,18.7015
270244296,332.7913114,-74.98122628,0.314316,,17.133301,16.2411
290349215,329.0290962,-75.99241996,0.121834,,17.3627,16.5844
273604113,357.7266713,-75.65561197,0.458812,,16.4774,15.6521
316993143,335.6002559,-74.70047171,0.46046799,,17.0214,16.260799
273604330,357.5956234,-75.01259298,1.07315,,13.9374,13.2284
273604405,357.6940735,-74.7967793,0.42813599,,16.125601,15.3068
271631671,319.8735621,-74.75625618,0.32462999,,17.849001,17.134199
2026038449,324.8547364,-74.89583921,-0.00952069,,19.0235,18.328899
1987977789,315.7964245,-74.80990827,0.42888901,,18.8435,17.968201
1987977819,315.6870083,-74.81214692,0.29769999,,19.418699,18.5797
1987977813,315.9902598,-74.7623666,-0.475297,,20.0741,19.267799
2026038453,324.8355343,-74.8927886,0.046698701,,18.9949,18.209299
2026038457,324.9830069,-74.91997433,0.0311093,,19.044399,18.263
2026038459,324.9499425,-74.8855462,0.0863837,,19.670099,18.853399
1987939808,317.9120409,-75.24693666,-0.51230198,,19.349899,18.6548
1987939812,317.9532574,-75.21946848,0.26129401,,19.565901,18.725201
1987942328,317.7923698,-75.00184366,0.263789,,18.917801,18.176001
1987942400,317.861374,-74.95028784,-0.118334,,19.371401,18.5746
1987946042,317.9480592,-74.60988763,0.036443502,,19.1966,18.621799
1987946608,317.8860641,-74.34798016,0.16549399,,19.2278,18.4119
1922123648,297.2495362,-75.58277896,0.23283499,,19.8664,18.9505
1922129770,297.6631296,-75.50390005,-0.191567,,19.758801,18.8321
2025949555,324.17553,-75.85918714,0.194631,,18.8549,17.993099
2026007638,332.6677249,-75.10684189,-0.0124115,,18.7579,17.907101
352479207,323.8775731,-75.72100142,0.25576901,,17.657301,16.7726
352479209,323.8622323,-75.71618239,0.058816802,,18.0958,17.158899
1987942364,318.0401014,-74.96498895,-0.696567,,19.701599,18.9184
273604458,357.6856513,-74.64854094,0.39501801,,16.295601,15.5395
1987890996,300.1892139,-75.6141712,-0.42096201,,20.2642,19.4613
1987978352,315.5286308,-74.77207221,-0.39089999,,20.085199,19.2915
1987977849,315.8937994,-74.74981143,0.286358,,19.473301,18.662901
1987978027,316.5351394,-74.71001004,0.42446899,,19.7792,18.9736
1987978028,316.5790215,-74.70677085,0.046158399,,20.228001,19.3699
1922173612,298.2613443,-74.07989339,0.16476201,,19.229799,18.531401
1987873795,306.5510808,-75.83006319,0.064069003,,19.552799,18.850201
1922176623,296.5755255,-74.33926043,-1.01797,,20.064699,19.191099
1922176907,296.5148001,-74.27023258,-0.20468201,,20.0567,19.2955
2026038571,324.8079805,-74.79871779,-0.13134199,,19.319099,18.431601
2026038671,324.7661928,-74.76435136,-0.91141301,,20.457001,19.632401
273416911,341.5793792,-74.79980039,0.50090498,,16.226101,15.3901
2025949592,324.0205782,-75.84707752,0.046833601,,19.745001,18.8964
2025949669,324.1042768,-75.78300442,0.30442199,,19.2463,18.4804
2026038700,324.8159034,-74.71430703,0.099713102,,18.8745,18.163
1987978047,316.6008787,-74.65805774,0.39047,,19.594,18.813999
1987978059,316.5838915,-74.61391217,-0.404715,,19.886499,19.030001
2026038760,325.2743806,-74.767348,-0.166485,,19.8752,19.008101
2026038982,324.8774439,-74.60389914,-0.201258,,19.648001,18.860399
273367438,339.9282174,-75.06487733,0.195205,,17.1078,16.4526
1987897849,300.4977211,-74.59972532,-0.98765898,,20.6828,19.8001
1987977935,315.8955166,-74.69932198,0.14406,,19.790501,19.0769
1988022681,306.2032716,-75.01155782,-0.49318001,,19.8137,18.954599
1987977969,316.0007537,-74.63230629,0.067482203,,18.9788,18.1206
2026009302,332.8986629,-74.54608185,0.0020023901,,18.909599,18.059299
2026009363,332.3922631,-74.58400504,0.18217599,,18.199301,17.428101
1987978388,315.7165601,-74.67815272,0.19104999,,18.8776,18.0319
1987978474,315.793004,-74.62814694,0.019541601,,19.766199,18.903601
1987945226,318.5232742,-74.85975269,0.090625197,,18.848101,18.069799
1922129110,299.6512183,-75.39835173,-0.65999401,,20.3437,19.551701
325280399,334.6642494,-74.27452064,0.093220599,,18.279699,17.422501
325280491,334.6085295,-74.05229155,0.23901799,,17.135599,16.296301
1987978478,315.9559014,-74.6303463,-0.12917399,,19.4293,18.6376
1987978543,315.6947283,-74.56537973,0.283452,,18.5287,17.684099
2025950171,323.8942665,-75.71315861,0.0842999,,19.363501,18.578501
2025950195,323.9936618,-75.67464183,-0.26385099,,19.127501,18.404499
2025950197,324.0463863,-75.66400016,0.421359,,19.0231,18.315599
1987978551,315.7547944,-74.53458398,-0.237023,,19.455601,18.587601
1987978553,315.8075921,-74.5155214,0.413412,,19.4482,18.681101
1987978535,315.8771653,-74.55658615,0.44956699,,18.717699,17.856701
1987978125,316.6689962,-74.59773939,0.48067901,,19.3326,18.490101
1987978134,316.8606103,-74.58278013,-0.094181597,,19.311701,18.525499
325341514,337.7453705,-75.98000022,0.27963701,,18.190901,17.2812
1987945335,317.9409837,-74.81599483,-0.076290399,,19.878799,19.0548
1987945340,318.1196256,-74.82531027,0.36682001,,19.4547,18.736799
1987945345,318.1487345,-74.80313464,0.155591,,19.303699,18.531099
325341699,337.8148753,-75.48953756,0.063109197,,18.063999,17.283899
325341745,337.8757186,-75.36390882,0.082905903,,18.037399,17.2575
2025950412,324.3543918,-75.60735347,0.64180899,,18.9792,18.053301
2025950442,324.0358329,-75.61577246,0.39826,,18.8908,18.067499
2025950456,323.9449465,-75.59407144,-0.082804203,,19.4984,18.706499
1922129095,299.7187313,-75.40952145,-0.210949,,20.007299,19.1208
1922129370,299.7124964,-75.25947376,0.468389,,18.739,17.9338
352479540,324.0610062,-74.84632815,0.23132201,,17.3734,16.5583
2026039438,324.7359173,-74.54575178,0.37948599,,18.8409,18.017599
1988025739,307.5140855,-74.41506836,0.51318401,,19.489599,18.6912
1987952839,308.4342827,-75.97444301,0.17119101,,19.560101,18.775101
352566871,326.260902,-75.32569539,0.269207,,17.8473,16.9505
352566880,326.1086811,-75.30990003,-0.0142755,,17.638599,16.8281
1987978241,316.6359975,-74.58408739,0.39147499,,19.3923,18.594299
352545587,326.0367028,-74.32340606,0.27806801,,17.1665,16.3367
352545591,326.0702163,-74.33142031,0.264869,,17.2061,16.3981
352545584,326.0091592,-74.31921026,0.22655199,,17.9205,17.055
1987963447,308.2746482,-75.38250525,0.27177599,,19.4825,18.6954
1988024754,308.2211292,-74.58570463,0.38088101,,19.815001,18.9286
2026013034,332.8262204,-74.21959188,0.23459201,,17.8657,17.149401
2026014771,332.8993267,-74.08621018,-0.110396,,18.461201,17.6696
2026014879,332.4557585,-74.0764628,0.310956,,18.3873,17.5355
1987945359,318.0504077,-74.7741471,0.303734,,19.4072,18.5471
1987945365,318.0814153,-74.76914609,-0.49121499,,19.816,19.102501
1987945486,318.035902,-74.67874967,-0.177828,,19.2155,18.3617
325341758,337.6935822,-75.34467076,0.230023,,17.739901,16.8587
325342148,337.7329659,-74.30440288,0.13967399,,18.350599,17.6134
1988030798,308.3838494,-74.27427916,0.072891898,,19.5928,18.7241
1987957856,313.4223721,-75.24693083,-0.4391,,19.6577,18.9049
1987957859,313.5086001,-75.23175091,-0.46171099,,19.609301,18.762699
1987932112,314.7866086,-75.92377587,0.36851299,,19.526899,18.7262
1987932148,314.8282436,-75.87176023,-0.0393264,,19.342699,18.555401
2026039443,324.8214789,-74.52431097,-0.115059,,19.0527,18.333099
2026039444,324.779232,-74.52464707,0.143832,,19.608601,18.7815
2026039523,324.791061,-74.43829615,0.20346799,,18.906099,18.1131
2026039513,324.8372886,-74.48366988,0.35244399,,18.382799,17.5977
1922131704,299.720488,-75.14452365,-0.562805,,20.0068,19.1583
2025950589,323.9831232,-75.56383008,-0.100507,,19.465,18.6779
2025950661,324.1443743,-75.49189645,0.336375,,18.9774,18.056299
2025950704,323.913632,-75.46371429,-0.24501599,,19.007099,18.2237
2025950675,324.1090115,-75.44958469,0.337414,,19.157301,18.2218
2025950680,324.2275097,-75.46230682,0.0382667,,19.875299,19.0345
2025950683,324.2974269,-75.44791681,-0.386071,,19.8263,19.040199
1987978260,316.6340554,-74.52475287,0.35156801,,18.4799,17.720699
1987978302,316.5416652,-74.49621922,-0.0626821,,19.3522,18.663
2025950715,323.9687983,-75.43879261,0.0024739001,,19.162901,18.3374
2025950716,323.9499547,-75.4341259,0.43081799,,18.559,17.6859
392757747,327.0762532,-74.9590815,0.0191168,,17.8521,17.046
2025976939,338.7683222,-74.68410203,-0.307886,,19.105499,18.2995
2025976957,338.5739354,-74.69712809,0.120121,,18.507299,17.7355
2025976972,338.6371464,-74.65537024,0.073599704,,18.650101,17.8335
1987891986,300.5139612,-75.2675162,0.32344401,,18.623501,17.706699
1987946084,317.6959593,-74.60683858,0.113729,,19.5602,18.872
1987982881,317.8124312,-74.27683855,0.347826,,19.5282,18.6901
1922165324,297.3945233,-75.23097959,0.039392501,,18.876301,18.1733
1922165416,297.3535022,-75.15014706,0.220479,,18.844101,18.077299
2026039517,324.8858098,-74.45779511,0.20935901,,18.865299,18.105101
2026039535,324.8597314,-74.40111597,0.198277,,18.880199,18.108
2026039536,324.9221869,-74.40920401,0.106014,,19.2619,18.4384
1987978696,315.6787478,-74.5079645,0.33529899,,19.1709,18.341299
1987945503,318.1493582,-74.64455458,0.31737599,,19.4105,18.688601
273417313,341.7454852,-75.91018186,0.62599301,,15.7906,14.9825
1987978962,315.8597796,-74.45334827,-0.81464797,,20.0035,19.1294
1987979011,315.6428403,-74.38038196,0.55314201,,18.770201,17.921801
1987979026,315.8534739,-74.3632686,0.55882198,,18.9238,18.153799
1987946022,318.0753693,-74.65461542,0.112124,,18.7652,18.091801
1987946037,317.8858329,-74.63767728,0.0186822,,19.0305,18.324699
1987946074,317.8644116,-74.62968234,0.357214,,19.468399,18.6625
2025982843,337.9566003,-74.80254386,-0.10082,,18.7034,17.908899
2026039597,324.7150246,-74.34455585,0.212386,,19.1922,18.4669
2026043455,324.778058,-74.29441997,-0.216342,,20.246599,19.436701
270248411,333.2877074,-74.73663044,0.13101301,,18.144699,17.296101
1987979149,316.0118024,-74.28462349,-0.28773999,,20.085501,19.293301
1987979152,316.0129197,-74.24955761,-0.60390401,,19.743,18.9646
2025949444,324.7728887,-75.93086501,0.0893929,,18.705299,17.8929
1987946104,318.0375657,-74.54677786,-0.085829601,,19.449699,18.698999
270246470,332.9120062,-74.19212334,0.216282,,17.0459,16.2731
273417129,341.5632672,-75.38523402,0.24427401,,17.057501,16.213301
352545507,326.0851495,-74.10688379,0.110653,,18.0168,17.257
421917351,342.0868835,-75.16354013,0.242642,,16.695101,15.8591
270246071,333.1513772,-75.22594854,0.40354601,,17.009001,16.1406
270246399,332.8073019,-74.34156004,0.47719499,,16.6077,15.7473
270245849,333.0281211,-75.96311089,0.35955501,,16.7967,15.8975
270248190,333.5127373,-74.16759809,0.031478502,,16.9389,16.2227
270273414,333.6026154,-74.05678758,0.037312102,,17.1658,16.340099
317017713,336.3278182,-75.32375768,0.20359799,,16.813499,15.9562
317018259,336.043454,-74.40246246,0.31490999,,16.6689,15.8209
317018322,336.1855926,-74.27797509,0.39146599,,16.629601,15.8121
1987894084,300.8025383,-74.98868277,-0.170517,,20.442699,19.576799
317021252,336.5568703,-74.00346672,0.163772,,16.839399,16.0133
317021274,336.3369842,-74.04747217,0.23610701,,16.798901,15.9676
317021521,336.6465723,-74.42927285,0.35464999,,17.1555,16.2948
273416729,341.6464684,-74.35657018,0.348149,,16.007,15.4083
2025983060,338.1783956,-74.69596801,0.198098,,18.266199,17.429399
1922128386,299.0975981,-75.60139229,-0.162357,,20.4387,19.5117
1987978332,316.5339751,-74.46392829,0.000659585,,19.459801,18.805901
2025949500,324.5816341,-75.8577977,-0.101794,,19.834499,18.8883
2025949903,324.3976071,-75.7301867,-0.0067713601,,19.344,18.413601
392759446,327.7040275,-75.81950304,0.27070999,,18.469299,17.5326
2025949894,324.621709,-75.71066178,0.224327,,18.8302,17.935699
2025949970,324.7621938,-75.63557708,-0.116759,,19.466999,18.637199
1987981205,315.6757249,-74.32309521,-0.44540301,,19.543501,18.9643
1987981261,315.5559253,-74.24740075,0.19493499,,19.5765,18.8169
1987981265,315.7941825,-74.31281527,-0.16074499,,19.770201,19.0086
1987946406,317.9928688,-74.52576497,0.131589,,19.429199,18.794001
1987946338,318.2616565,-74.55060943,0.019854501,,19.212299,18.4007
1987946340,318.1246682,-74.55650643,0.45961201,,19.3699,18.629101
1987946398,318.0665898,-74.51914007,0.213625,,18.4816,17.7159
1987899532,301.7688459,-74.37945931,0.285925,,20.0326,19.160101
352545654,326.0389336,-74.519097,0.26129401,,17.2901,16.5569
352545677,325.9371844,-74.59317848,0.120357,,17.926901,17.0926
352545699,326.0753931,-74.64172603,0.23090699,,17.677099,16.845501
1987983174,316.4835383,-74.38373324,0.134253,,18.627501,17.9251
1987983172,316.5453812,-74.38659323,0.70238298,,19.062201,18.243799
2025983113,338.2870311,-74.64969974,0.059411701,,18.5599,17.733299
1922128442,299.0025568,-75.58293856,-0.801862,,19.9883,19.123199
273417050,341.8121455,-75.19633524,0.32065201,,16.82,15.9641
273417089,341.712568,-75.27229634,0.197953,,17.058901,16.2286
273417218,341.6064404,-75.62902701,0.44432399,,17.0753,16.2134
1987892366,300.6069613,-75.0622526,-0.34630799,,20.2705,19.411501
1987896981,300.750088,-74.72610803,0.402228,,19.870899,18.9849
1987896983,300.6298615,-74.7484333,0.103098,,19.6693,18.8937
2026043416,325.087023,-74.22453427,0.274717,,19.736,18.9016
2026043496,324.5495217,-74.2489659,0.29711699,,19.1429,18.2889
2026043476,324.8630613,-74.23591398,-0.110677,,19.2897,18.4182
2025983152,338.2659971,-74.61567485,0.026007701,,18.5716,17.807301
2025950516,324.4937773,-75.51954462,0.380887,,19.3402,18.4582
2025950518,324.532412,-75.51808121,0.229487,,19.643101,18.826099
2025950510,324.625628,-75.53194065,-0.38645101,,19.7026,18.778999
2026000174,324.407992,-75.44951861,0.137963,,19.663,18.751101
352566664,326.3947885,-75.83447519,0.192277,,17.986099,17.103201
1987946534,317.9394084,-74.47366941,-0.0389826,,19.9252,19.088699
1987946425,318.1676986,-74.4687096,0.149169,,19.183599,18.3372
1987946502,318.1991693,-74.42461822,0.033110101,,19.5495,18.855499
1987946504,318.2168947,-74.40892623,0.131782,,19.340401,18.5952
1987946572,317.7930208,-74.44831956,0.0186945,,19.9422,19.2148
270205181,332.4174716,-74.07121634,0.26145601,,17.9582,17.1318
270244463,332.7661379,-75.44087349,0.327613,,18.0422,17.0947
1987981312,315.6955546,-74.2595506,0.331613,,18.3293,17.5436
1987981292,315.9309013,-74.2455068,0.289583,,19.7586,18.917801
2026043478,324.8477427,-74.22944576,0.203596,,19.7901,18.9925
2026043529,324.5564119,-74.1843797,0.033113699,,19.0152,18.255899
270244635,332.5114978,-75.90374309,0.37049201,,18.003,17.079399
270246196,332.7475552,-74.8637324,0.230801,,18.2516,17.3734
1922166905,297.6286704,-74.90053543,0.44713601,,19.245001,18.3708
1922173050,297.4718086,-74.28482453,0.16353101,,19.2647,18.445
1922178437,297.5905925,-74.13515678,0.176689,,19.081499,18.226299
1922173620,298.4114171,-74.03511531,0.53313899,,18.744699,17.846001
2026107985,338.7594706,-74.57066335,0.122786,,17.7596,17.102699
2026108077,338.7576459,-74.48681865,0.0319658,,18.1868,17.4865
325279745,334.5077465,-75.99147945,0.33159301,,17.611799,16.7502
325279813,334.7571473,-75.82026432,0.242176,,18.275299,17.318701
325279868,334.5858714,-75.62495482,0.411915,,17.771999,16.850201
325279896,334.5665546,-75.56740375,0.069057003,,18.186899,17.2866
2026000194,324.5030961,-75.37188044,0.103042,,19.183201,18.323799
2026000198,324.6335433,-75.36467342,-0.309912,,20.212799,19.3249
352566699,326.4016435,-75.72649113,0.316118,,17.667299,16.7665
352566711,326.4784569,-75.69497096,0.25393301,,17.5026,16.658701
352566767,326.3105693,-75.57194456,0.044125799,,17.9133,17.172501
352566889,326.3213733,-75.28178243,0.236288,,17.739599,16.872999
2026109049,338.5818925,-74.49200969,-0.31334499,,18.885,18.115499
2026109075,338.4099947,-74.45874616,0.100076,,18.4615,17.6042
1987982885,317.9207987,-74.25700778,0.181595,,18.8825,18.0161
1987873347,306.3521225,-75.99403362,0.36501601,,18.7684,17.9345
1987876454,306.3755612,-75.71953331,-0.13505,,18.934601,18.2122
1988022385,306.2642987,-75.17470304,0.209369,,18.933399,18.198099
1988022403,306.1895352,-75.16418857,0.4086,,18.7572,18.016199
1988023905,306.1053899,-74.78296012,-0.067580499,,19.247801,18.605101
2026043598,324.6650014,-74.12995612,0.0195478,,18.8325,18.0889
2026043562,324.8789382,-74.16803498,0.22293,,19.260099,18.467899
2026043619,324.8647743,-74.08281481,-0.326042,,19.6429,18.955099
290404323,331.1608009,-74.40835555,0.168147,,18.3701,17.476299
2026000327,324.3921989,-75.34932549,0.15134101,,19.743999,18.9172
2026043886,325.1219107,-74.01342692,-0.0748787,,19.9217,19.123899
273417275,341.7499306,-75.78781384,0.46923,,16.9925,16.1397
1987972959,309.9711331,-74.71751578,-0.71747601,,20.114201,19.389
1987972918,310.011903,-74.74272969,-0.25701499,,20.2078,19.3451
1987972922,310.0983625,-74.71533596,0.12854999,,19.885799,19.088499
421917160,342.0378888,-74.54641149,0.270412,,16.5198,15.8417
421917223,341.9713318,-74.74471558,0.30659199,,16.7509,15.9508
421917324,341.9383505,-75.07549096,0.42313999,,16.743601,15.8978
2026109144,338.4929088,-74.38183757,0.080455601,,18.2749,17.516001
352566901,326.1996702,-75.24892137,0.15150499,,17.8741,16.996901
392757509,327.147527,-74.32593472,0.19108801,,17.8941,17.041201
1987881657,300.8988216,-75.89739472,0.38480699,,20.078899,19.175301
1987881662,300.9187866,-75.88017507,0.034012999,,19.7299,18.886801
1988024049,306.2187412,-74.72701743,-0.28490499,,19.2796,18.627701
1987967053,307.3964142,-75.03538952,0.29649401,,19.046801,18.290501
1988024130,307.3209665,-74.91871859,0.42443699,,19.167801,18.381201
1987982920,317.7807578,-74.24438185,-0.0113648,,18.857599,18.1495
1987984010,317.9916206,-74.18470409,0.17174999,,19.2248,18.446899
1987983492,316.7331141,-74.16703369,-0.159133,,19.8337,19.0264
1988025166,307.3838917,-74.62530549,-0.17802601,,18.967501,18.2859
1988028693,307.3922298,-74.14620127,-0.045032799,,19.082001,18.248899
1987981350,315.7732592,-74.17202984,0.18159799,,18.817101,18.048401
325279912,334.429871,-75.53534807,0.47138301,,17.8344,16.871799
2026044080,326.4362012,-74.1072921,0.37147,,19.3545,18.488899
2026044101,326.6794725,-74.12345676,0.22781099,,18.9231,18.0578
2026044105,326.6556005,-74.10726113,0.34157199,,19.567101,18.759399
1987981483,315.5761663,-74.16188071,-0.237185,,19.3843,18.715099
1987985645,315.9491552,-74.07793219,0.36256799,,19.760201,18.926901
352566837,326.1519185,-75.42132586,0.305621,,17.601999,16.6947
392757619,326.9694677,-74.64274269,0.241017,,17.687401,16.8881
2026109258,338.3465815,-74.37050529,-0.0606068,,18.4081,17.688499
2026109307,338.0097277,-74.30328916,0.166733,,17.868999,17.0324
2026109262,338.2741104,-74.36180922,0.162779,,18.0208,17.3235
2026000412,324.6132932,-75.23149547,0.157162,,19.309099,18.403299
2026000453,324.4885122,-75.22188912,-0.058747299,,18.802099,18.300699
2026000455,324.5666774,-75.21447101,0.201546,,19.400101,18.4974
2026000463,324.5219399,-75.19539618,-0.040917501,,19.3395,18.5924
2026000667,324.6803241,-75.19667806,0.044720799,,19.049601,18.1961
1987963147,308.4293467,-75.55220205,0.31064299,,19.402599,18.5695
1987967154,308.4850042,-75.25717681,0.39212799,,19.1572,18.252199
1987968634,308.2998922,-74.87953973,0.0020687201,,18.850401,18.0459
325280060,334.4421668,-75.12126847,0.34621701,,18.034401,17.2213
2026044195,326.1366368,-74.05941385,0.077191897,,19.0348,18.3627
1987968832,308.2894789,-74.78367779,0.45414299,,19.2579,18.376301
1987968828,308.4410608,-74.77099356,-0.040067699,,19.182699,18.3514
1988030066,308.4941583,-74.36719174,0.332881,,19.2899,18.552999
1987985672,315.6654561,-74.07092638,0.017431701,,19.739599,18.913401
1987985686,315.5233395,-74.05130796,-0.28172401,,19.412701,18.563101
1987881745,300.7206935,-75.8152716,0.211041,,19.9578,19.0832
1987881746,300.9983069,-75.87593399,-0.28487599,,19.9377,19.0301
2026000695,324.5869778,-75.1839315,0.104783,,20.1842,19.285
2026000701,324.599649,-75.15117852,0.0178576,,18.8102,18.058701
2026000705,324.5425308,-75.15631808,0.0384726,,18.798901,18.1852
2026037417,324.6110283,-75.06557439,0.34482199,,19.130501,18.2556
1987983973,318.0852214,-74.18605663,0.039876599,,19.5763,18.797701
1987983977,318.0778491,-74.17115548,-0.194305,,20.299601,19.516399
392757854,327.0150352,-75.26445112,0.31374201,,17.2143,16.322701
352567294,326.2309613,-74.22969835,0.27750099,,17.214399,16.374399
2026109286,338.2005671,-74.29738903,0.15851501,,18.506201,17.6859
2026109312,338.1309134,-74.30090419,0.294379,,18.182501,17.348
325280107,334.3838591,-75.00013842,0.178772,,17.983601,17.1248
317018172,335.9969712,-74.54167478,0.41302201,,16.705099,15.8399
2026037516,324.5447309,-74.99264135,-0.24508899,,19.898001,19.0492
2026037523,324.4021396,-74.9679738,0.52548099,,19.195,18.346399
2026037524,324.3877697,-74.96882724,0.106604,,18.6196,17.8533
2026037482,324.5508466,-75.02909082,-0.29488501,,20.1583,19.3043
2025947682,325.4529819,-75.93262199,0.42827299,,18.796,17.8673
1987983481,316.5169516,-74.19130573,-0.26616299,,19.219801,18.457199
1987983526,316.4181985,-74.13680857,0.243444,,18.4769,17.727501
1987973935,309.7768892,-74.44655082,-0.314675,,20.413799,19.540001
1987974226,310.759968,-74.58612103,-1.19803,,20.663099,19.8727
1988030078,308.3098583,-74.36319004,-0.083563603,,19.000999,18.2729
1987935492,317.8667553,-75.93824897,0.151485,,19.0931,18.2666
392757959,327.0956087,-75.54874794,0.16855299,,17.6185,16.925699
392758017,327.1866304,-75.67675759,0.35113701,,17.805799,16.9345
392758005,327.1790202,-75.64762933,0.211757,,18.0042,17.1737
1987985701,315.7826477,-74.00341615,0.103841,,19.4666,18.612
1987891440,301.029771,-75.38515088,-0.0044481,,20.0548,19.177601
1987897018,300.990288,-74.74479181,0.50634098,,19.7686,18.910101
2026037489,324.5259517,-75.02633554,0.051091701,,19.482,18.6227
2026037546,324.5341059,-74.8906001,-0.085414402,,19.906601,19.126699
2025947803,325.4151679,-75.92029807,-0.246243,,19.3237,18.4032
2025947806,325.3507554,-75.92141585,0.19259401,,18.663099,17.8193
392757685,327.2093578,-74.80425047,0.233684,,17.931,17.034901
2026029269,320.2342514,-75.99920506,0.281562,,20.0602,19.1677
1987983533,316.5230805,-74.11873091,-0.179731,,19.5284,18.8325
1987983785,316.9230934,-74.07516004,0.201627,,18.667,17.933201
1987983788,316.9485995,-74.06812364,-0.30808899,,19.2773,18.5109
1987983829,316.6035232,-74.06621381,0.468833,,19.186899,18.379999
1987983832,316.5834995,-74.04613955,0.190622,,19.6621,18.8923
1987983836,316.5919254,-74.03644729,0.282933,,18.485901,17.668301
1987985548,316.4258654,-74.09394501,-0.22273301,,20.0839,19.3284
1987985854,316.5404359,-74.01999799,0.43503499,,19.332899,18.472601
325280213,334.483411,-74.76782516,0.033104699,,17.6665,16.801701
2026038613,324.6769801,-74.80896893,-0.420412,,19.7686,18.915701
2026038615,324.5919004,-74.81296734,0.24476901,,18.937599,18.0744
2026038518,325.0261442,-74.84702587,0.213182,,19.440001,18.583599
270205279,332.4143683,-74.33562711,0.257498,,17.8211,16.994801
270244251,332.6520045,-74.84428341,0.25185299,,17.6056,16.7059
270246222,333.1401774,-74.81110882,0.300823,,17.4953,16.612
270246260,332.8372689,-74.71804925,0.132174,,17.724001,16.929701
1988031741,310.2148268,-74.00884523,-0.0305166,,20.4286,19.5905
1987897801,300.8088653,-74.56054663,0.21607,,20.006901,19.1779
1987900843,300.9082288,-74.35778614,-0.32950401,,20.157499,19.320499
1987937972,317.9600273,-75.57514007,-0.26091099,,19.0707,18.3992
1987942557,317.9238808,-74.85956048,0.408169,,18.9081,18.082399
2026029693,320.2159552,-75.9069818,0.094431996,,19.051901,18.2005
2025947881,325.5220089,-75.8675964,0.28739801,,18.742001,17.801701
325280232,334.685072,-74.72173151,0.253674,,17.7048,16.829201
325280276,334.3826305,-74.61008401,0.19681001,,17.413401,16.6099
325280288,334.4554174,-74.57730543,0.48635799,,17.2808,16.4097
2026029704,320.0018682,-75.9004162,0.069056399,,19.2971,18.521799
2026029709,320.1114765,-75.88006774,-0.318647,,19.1621,18.4566
2026038688,324.7680716,-74.72490944,0.036056601,,18.898899,18.061701
1987940833,316.9769841,-75.30578916,0.27692801,,18.7124,17.844
1987940834,316.9521158,-75.30161467,0.46649101,,18.954901,18.1691
1987940958,316.6610682,-75.30480308,0.0190541,,19.414101,18.639
1987941005,316.5391863,-75.27415527,0.20597801,,19.0457,18.3584
1987941008,316.5058028,-75.27005202,0.242505,,18.7236,17.9139
270246514,333.1195002,-74.05847557,0.22066399,,17.3668,16.6446
270271177,333.1925573,-75.54261747,0.39213601,,17.022499,16.0667
270271200,333.4087939,-75.62398866,0.377534,,17.679001,16.721701
317018128,336.1959475,-74.60802447,0.053670201,,18.029301,17.1656
1987955273,312.6731502,-75.87449528,-0.80154502,,20.731701,19.884701
1987900924,300.7310844,-74.28196804,-0.335123,,20.134501,19.246
1987984117,318.2121515,-74.04112012,0.415061,,19.333799,18.517799
1987984229,318.1665173,-74.00784492,0.25917301,,19.8627,19.0693
2026035235,320.660038,-75.00764691,0.22584499,,18.6905,17.852301
2026035242,320.6907524,-74.9671773,0.52142203,,19.289801,18.400999
392755442,326.6335079,-74.50291576,0.1373,,17.4513,16.7607
2026035268,320.6334436,-74.92537693,-0.19758099,,19.9319,19.045
2026035911,320.4680482,-74.90663906,0.0116284,,19.1597,18.371201
1987941001,316.7704581,-75.23565243,0.20009001,,18.446899,17.7124
1987942134,316.6862477,-75.14992605,0.190726,,18.9694,18.0937
1987942122,316.8188335,-75.18293404,0.110283,,19.233101,18.5474
1987942151,316.8713502,-75.10111681,0.204317,,18.7635,17.9282
1987946111,317.8676427,-74.56759811,0.169431,,18.621599,17.8888
2026038724,324.5333015,-74.68183169,0.041733,,19.604099,18.7626
2026038748,324.5992365,-74.65701282,-0.53183299,,20.4489,19.605801
2026038750,324.5649476,-74.65103639,-0.062053401,,19.3951,18.6688
2026039192,324.3715728,-74.65611479,-0.020999299,,19.7439,18.976601
2054760077,342.7131601,-74.54808044,0.00080595998,,18.5259,17.742001
2054760107,342.8106349,-74.48129141,0.256439,,18.462601,17.614401
270272902,333.8875514,-75.42865971,0.20511,,17.7108,16.926399
316993091,335.6785022,-74.5243754,0.131945,,17.457701,16.6555
2026029780,320.1071206,-75.78013457,0.071924701,,18.673201,18.0455
2026029782,320.1124647,-75.7796732,-0.69594002,,19.946699,19.076099
2026029903,320.0812971,-75.72962859,0.363619,,20.072001,19.1698
1987966455,306.3963246,-75.31928154,0.107523,,19.364,18.516899
1988023825,306.4451722,-74.76762035,-0.202667,,19.615,18.7544
1987968393,307.4379758,-74.991656,0.148213,,19.2757,18.442801
1988024174,307.4981397,-74.85483739,0.42486799,,19.009001,18.2813
1988024382,307.2728722,-74.79046417,0.076846503,,19.1346,18.287201
1987883261,301.3720067,-75.45459361,-0.59322399,,20.4715,19.583599
2026035925,320.4734146,-74.88347037,-0.176043,,19.503901,18.817699
2026035927,320.4619308,-74.88142354,0.59521902,,18.3214,17.4498
1987942777,316.7043061,-74.99018155,-0.689179,,20.1588,19.3859
1987942794,316.9664404,-74.94834108,0.32563299,,19.2069,18.424801
2026035943,320.5576976,-74.84658264,0.31137601,,18.5268,17.659599
2026035970,320.4701541,-74.85244803,0.36897799,,18.646099,17.783501
2026035976,320.522627,-74.83594804,0.47262299,,18.556499,17.6672
2026035979,320.4974783,-74.81472259,0.12645,,19.230499,18.3262
1987897425,301.3371327,-74.56197755,0.000187867,,19.701599,18.943001
2026039211,324.555854,-74.58766443,0.44819799,,19.065201,18.2619
2026039459,324.4826615,-74.52789038,-0.021509999,,18.919001,18.1385
2026039477,324.4279058,-74.48036387,-0.34751201,,19.9874,19.108801
2026039488,324.5988985,-74.46288214,-0.073166497,,19.078199,18.2917
352510828,325.0233125,-74.24205622,0.26776001,,17.4576,16.711599
352511008,325.3099488,-74.70539337,0.0854735,,18.0774,17.2139
325280493,334.5944358,-74.04534321,0.29509601,,16.9568,16.163
325280502,334.7187615,-74.02645695,0.44265401,,17.342899,16.5299
2025999458,325.3787956,-75.6432744,0.40590101,,18.8034,17.988899
2025999482,325.1971005,-75.6405497,0.0910298,,19.224501,18.3381
2025999497,325.1026964,-75.60518276,0.42200699,,19.562901,18.6534
2026029936,320.2151524,-75.65200531,0.27841499,,19.3099,18.566799
2026029963,320.0035734,-75.65395773,0.38307199,,18.8445,17.966299
1987882391,300.4381346,-75.85988437,0.48541999,,19.6849,18.7369
1987882831,300.6730016,-75.60293013,-0.27848899,,19.978701,19.0681
1987956450,312.4692963,-75.57372388,-0.17835499,,20.2164,19.382601
2025999523,325.1567811,-75.56561872,0.051571101,,20.1978,19.294399
2025999559,325.4523205,-75.53581211,0.462569,,19.0126,18.239599
2025999564,325.426783,-75.5208415,0.36754301,,19.629101,18.819201
2025999733,325.2653152,-75.44830082,-0.920632,,20.0306,19.302099
1987902260,301.3756321,-74.08997737,-0.21462101,,19.968,19.066099
1988025144,307.2469315,-74.63874434,0.262407,,18.962,18.2665
1988025554,307.4282244,-74.49761511,0.373882,,19.149,18.2693
1988028500,307.4450734,-74.21495428,0.36213401,,19.1164,18.256201
1987942943,316.7835985,-74.91925464,-0.99488699,,20.3582,19.5278
1987942947,316.7748418,-74.90127002,-0.27239799,,18.9132,18.210699
1987942952,316.8456985,-74.89943492,-0.027584899,,19.7064,18.984301
1987942953,316.8762749,-74.87694344,-0.18518101,,18.9953,18.302601
2054760163,342.9118731,-74.49039306,0.152381,,18.531,17.7402
2054760164,342.9170429,-74.47965265,0.164079,,18.217501,17.451599
1987965879,307.8745421,-75.38251774,0.177422,,18.5205,17.731001
2026039544,324.6255573,-74.43664245,-0.27605399,,19.3146,18.4636
2026039552,324.7180163,-74.40445553,0.406059,,18.190701,17.3405
316992911,335.6173229,-74.04921477,0.27184799,,17.3557,16.6332
316992914,335.8840747,-74.05471283,0.30386001,,17.5354,16.857901
316992917,335.6805259,-74.05997276,0.211732,,17.8381,16.995501
1987943225,317.0018119,-74.806252,0.086967103,,18.605,17.8561
316993242,335.8104868,-75.02044568,0.083481602,,17.4788,16.5658
1987960360,312.3486436,-75.13818361,0.17537899,,20.273399,19.4247
1987966102,307.7940349,-75.27406636,-0.53284597,,19.635799,18.934099
2026039565,324.6702173,-74.40728053,-0.101548,,20.268,19.4191
2026039567,324.6821562,-74.39613275,0.0419471,,20.032101,19.2444
2026039568,324.6085232,-74.39660213,-0.163486,,19.562201,18.692499
1987966138,307.7995264,-75.23215441,-0.287871,,19.941,19.0611
1987967472,307.7948084,-75.16214784,0.16168199,,20.216801,19.3813
352566669,326.1518995,-75.82028108,0.25022301,,18.1429,17.3106
2026036457,320.7512357,-74.64897827,0.55166203,,18.4338,17.662701
270271232,333.5825485,-75.69460731,0.40841699,,17.181299,16.275801
270271298,333.573702,-75.8778338,0.390535,,17.4352,16.475401
2026036476,320.7990333,-74.62294285,0.0116615,,19.312901,18.417101
2026036511,320.6748645,-74.56734967,0.154208,,18.668301,17.862801
1987901563,300.5174295,-74.10728121,0.135865,,19.882999,19.0742
1987901675,300.605318,-74.05186424,0.138914,,20.3922,19.4897
1987968194,307.8005269,-75.00108931,-0.150234,,20.010401,19.2537
1987964630,308.4994089,-75.3470794,-0.033907499,,19.3944,18.586599
1987967174,308.4646797,-75.22428708,-0.096143603,,19.018,18.2043
1987967439,308.308563,-75.16358621,0.16212501,,19.338499,18.4981
1987968639,308.3074983,-74.86665678,0.00886086,,19.267099,18.3892
2026039720,324.5025961,-74.31802712,0.011133,,20.079,19.290001
1922156956,293.8471524,-74.84703457,0.36100799,,18.663,17.744301
2025999996,325.6209519,-75.33770216,0.120407,,18.7798,17.960501
392757548,327.1806178,-74.44260657,0.222572,,17.125,16.4408
392757578,326.8940136,-74.5537473,0.32694799,,17.8563,17.0023
1987968573,308.3593013,-74.94817008,0.236292,,19.2045,18.400499
1987968894,308.5290602,-74.76325903,0.0153087,,18.7871,18.096001
1988024711,308.5343791,-74.60449739,0.0217983,,19.4196,18.666401
1987880728,301.7545256,-75.93067942,0.31710699,,18.4478,17.650101
2026036607,320.820308,-74.47114437,0.123446,,19.9589,19.1453
2026029996,320.1476162,-75.56477209,0.064490996,,19.6542,18.7638
352511340,324.9879448,-75.58208536,0.089016899,,18.0935,17.211901
352511455,325.2276716,-75.82677648,0.43277699,,17.860901,16.937901
2026000035,325.3733517,-75.28788959,0.0240179,,18.936199,18.168501
2026000090,325.4291547,-75.21254825,0.29219201,,18.911699,18.120501
392758101,327.2495286,-75.92527437,0.27706599,,17.9743,17.0613
1988030668,308.2110406,-74.36826994,0.129391,,19.243,18.465401
1987957649,313.6178658,-75.33781026,0.16825899,,19.262199,18.393101
1987958181,313.7104868,-75.16602287,0.048593599,,19.1502,18.2995
1987958231,313.5234465,-75.12574409,0.0261178,,19.164,18.474701
392759745,327.4778045,-74.99639292,0.165812,,18.0508,17.1682
1922164256,293.7086268,-74.20309142,0.268787,,18.815701,17.9792
1922165005,293.9235476,-74.03852213,0.29927799,,18.5056,17.6646
1922129860,297.8735723,-75.43469182,0.401537,,18.513,17.719299
1922171791,297.8987243,-74.56302821,0.334941,,18.569099,17.686899
1922173228,297.9049193,-74.14074638,0.29857999,,18.6078,17.7407
1987960511,313.4787872,-75.09020192,0.34359601,,18.9877,18.155701
1987979909,313.3843555,-74.78251966,0.213395,,19.1525,18.4182
1987980085,313.4439319,-74.60753378,-0.0674408,,19.176701,18.4216
1987980607,313.6212222,-74.4306627,-0.26135999,,19.3151,18.5466
325341693,337.8962563,-75.50036902,0.170141,,17.5207,16.7502
325341712,337.6935992,-75.46816458,0.22057401,,17.838301,16.926201
2026033679,320.0783501,-75.38833786,-0.499228,,19.803499,18.981899
2026033689,320.0955018,-75.37185042,0.43587199,,18.085899,17.3013
1987968859,308.0338482,-74.77124144,-0.093676999,,18.055401,17.7141
1988024269,307.7366647,-74.8261134,-0.246567,,20.401899,19.5306
2026043469,324.8255613,-74.26755265,0.247281,,18.705099,17.843599
2026043473,324.9330293,-74.23261505,0.33877,,17.867901,17.145901
2026043547,324.948828,-74.21320046,0.142692,,19.7232,18.8815
1987943276,316.8722853,-74.74444277,0.690669,,19.123199,18.327
1987943277,316.8595811,-74.73886324,-0.062695399,,19.940901,19.0891
352541613,325.2805438,-75.95965803,0.31956899,,17.573299,16.7281
1922131949,299.7472658,-75.03869753,0.35982499,,18.829399,17.991699
1922174065,299.5697889,-74.33821126,0.374331,,18.2425,17.3978
1922174624,299.6609506,-74.01446423,0.25342,,18.815599,18.0173
1987897466,301.6116831,-74.56540819,0.42309299,,18.5632,17.7306
1987897501,301.7815944,-74.50003099,0.202941,,18.787399,17.950701
270271184,333.5225033,-75.56922292,0.29657999,,18.4167,17.4541
270244356,332.4553516,-75.14394356,0.108233,,18.199499,17.3074
270272906,333.6006179,-75.40958525,0.142664,,18.530899,17.6262
1987899645,302.2177527,-74.29237187,0.211142,,18.778601,17.979401
1988028843,305.8692087,-74.35695197,0.50848401,,18.6206,17.7292
1987955870,312.2743407,-75.78821294,0.36372399,,18.432199,17.558399
290401861,330.7847147,-75.77760356,0.25929299,,17.3515,16.489
1987942327,317.7606522,-75.00467214,0.0533875,,19.1689,18.415001
270273051,333.6449198,-74.99169704,-0.067252398,,18.5116,17.654499
316993073,335.6605175,-74.49169054,0.29102701,,17.5896,16.729401
316993250,335.5697306,-75.04625027,0.340657,,17.791401,16.917999
2026001567,325.2836064,-75.05900623,0.246765,,18.6584,17.837099
2026001563,325.2869744,-75.07596875,0.0229958,,19.675301,18.8613
2026001565,325.3054892,-75.0570742,0.215451,,18.5501,17.858601
2026001732,325.2838134,-74.95988196,0.049296901,,18.7113,18.121901
2026036721,320.3330913,-74.5260822,-0.34954801,,19.5291,18.921301
2026036740,320.4985139,-74.4963372,-0.80039001,,19.320101,18.6005
2026036804,320.5799792,-74.44564565,0.097910099,,18.986099,18.146799
1987881946,301.437848,-75.82244608,-0.25775501,,20.013201,19.275
1987881950,301.6238165,-75.79645945,-0.298778,,20.141399,19.366301
2026045474,324.3113072,-74.06587395,-0.64437699,,19.954399,19.233299
325341782,337.7677957,-75.29890601,0.27590901,,16.880899,16.238501
2025948634,323.6388463,-75.97332067,0.088621102,,18.259199,17.3673
1987982883,317.9011575,-74.27306943,-0.0812255,,19.1754,18.385599
1987943367,317.0687443,-74.70748276,0.043601699,,19.536501,18.870701
1987943370,317.1401642,-74.6909501,0.55871701,,19.302799,18.460699
2026045480,324.617373,-74.11209211,0.32027701,,19.2598,18.436001
2026045481,324.6111977,-74.10818571,0.51373798,,19.2391,18.438
2026045482,324.6750499,-74.10444256,0.114302,,19.4261,18.6425
2026036845,320.3397738,-74.41803475,-0.425688,,20.0823,19.3099
1987881988,301.7527626,-75.76017255,-0.700562,,20.2549,19.3801
1987882006,301.7403653,-75.74013078,-0.65940499,,20.2456,19.4534
290374218,330.106994,-74.15941305,0.127846,,17.9447,17.106199
2026033700,320.4292601,-75.40312917,-0.43872499,,19.840799,18.992599
290374897,330.3779581,-75.16782932,0.15142,,18.0662,17.3244
1987978119,316.8245358,-74.60219792,-0.14597701,,18.8069,18.137699
1987978124,316.7342165,-74.60354242,0.18938901,,19.2097,18.5793
2026045511,324.7501457,-74.05492698,0.142244,,19.251101,18.4471
2026001222,326.3816706,-75.06677627,0.51282901,,19.569099,18.689501
1922132770,299.5572849,-74.91243479,-0.096540101,,20.007,19.162399
1922129351,299.9878287,-75.24653631,-0.62781,,20.195499,19.388
1922132046,299.9028338,-75.01817441,-0.19222701,,20.167299,19.261
325341808,337.8138599,-75.2451723,0.38899601,,17.3692,16.501801
325341824,337.8871119,-75.20001449,0.43758601,,17.077299,16.2234
2025948648,323.8788881,-75.92354471,0.27338299,,18.2974,17.3738
2025949562,323.9451704,-75.90240462,-0.051263899,,18.5261,17.632099
290352001,329.4956739,-74.91063483,0.369515,,17.8832,17.0748
2026001817,325.4687676,-74.85285709,-0.272176,,19.931601,19.071199
2026002082,325.425007,-74.80216342,0.34235701,,18.5397,17.703501
2026038547,325.1486216,-74.7814191,-0.277017,,19.637501,18.810499
1987978273,316.822375,-74.50504032,0.040996801,,19.816601,19.074699
1987982636,316.817806,-74.42934091,-0.301689,,19.652599,18.962601
2026001336,326.3731474,-75.01267467,0.069415897,,19.1236,18.2775
1987883015,301.8678832,-75.53204065,0.341645,,18.715,17.9662
290402229,330.5195531,-74.75302861,0.34095499,,17.648899,16.740101
290402231,330.7981572,-74.74839916,0.286663,,17.952,17.1003
290402254,330.7802922,-74.69810104,0.245223,,17.3617,16.6056
2026033829,320.0153929,-75.23466636,0.29376799,,19.506901,18.754101
2026033837,320.0794111,-75.1877088,-0.0160261,,19.5107,18.6462
273416844,341.6259164,-74.62038876,0.215847,,16.9827,16.375099
1987883085,301.6079026,-75.49545291,-0.991611,,20.542,19.712601
2026001395,326.2502284,-74.95443067,0.14918301,,19.685801,18.7796
2026001432,326.4030081,-74.92873353,0.33066699,,18.938101,18.1273
2026049057,320.7787169,-74.28336645,0.43784899,,19.269899,18.502199
2026049061,320.7822919,-74.29843613,0.226686,,18.7953,18.044201
1988025692,307.8704748,-74.35564494,0.30304301,,18.329,17.5502
2054652943,354.1654713,-74.95752475,0.175533,,18.1033,17.3022
2025996858,326.5871464,-75.97654114,0.230272,,18.548901,17.6411
2025997052,326.6721438,-75.82189377,0.176328,,18.409201,17.5474
1922174375,299.9149917,-74.12605422,-0.37943,,20.0182,19.180201
1987899555,301.9371752,-74.36457897,-0.51853698,,19.973301,19.2834
2026038796,325.1588115,-74.72262411,0.063513502,,19.8391,19.0648
2026038793,325.346142,-74.66637809,0.26090401,,19.2843,18.507
2026038818,325.2113119,-74.6866931,0.14174201,,19.317699,18.4589
2026049081,320.8061368,-74.25715103,0.41180301,,18.848801,18.045099
2026049193,320.5424025,-74.24137558,-0.503573,,19.7759,19.093
325342055,337.8094303,-74.57014735,0.039291602,,18.0807,17.249201
2026038822,325.2143696,-74.65282669,0.25344399,,19.357901,18.6066
2026038862,325.4278369,-74.61868896,0.028510701,,19.024401,18.1409
2026038880,325.475628,-74.59427038,0.00484036,,20.103201,19.3039
2026035731,320.1119461,-75.08921504,0.20809001,,19.4258,18.6507
2026035733,320.0721635,-75.09196306,0.02039,,19.3564,18.6122
2026035734,320.0860349,-75.08427814,-0.46526599,,20.198601,19.3482
1987883341,301.4123254,-75.38560994,-0.849648,,19.889,19.278
1987888422,301.650089,-75.34549999,-0.68086898,,20.4664,19.5996
2025997073,326.5170412,-75.84094537,-0.0119142,,18.9224,18.006901
2025997110,326.5802525,-75.74559694,-0.035685401,,18.792601,17.934099
2025997111,326.5824686,-75.72633455,0.121879,,18.648701,17.7139
1988025932,307.7155171,-74.25287972,-0.130798,,20.1014,19.2913
1987982596,316.8110409,-74.46933439,0.257375,,18.8312,17.9937
1987982612,317.0079015,-74.43373627,-0.20302901,,19.4179,18.740999
325342066,337.8973132,-74.53725609,0.32044101,,17.576,16.745199
2026001953,326.2531616,-74.83546206,0.27479601,,18.7276,17.8263
325342118,337.591872,-74.38516127,0.144324,,16.884199,16.127501
1988030753,308.1851111,-74.30057582,-0.79739398,,20.3452,19.5826
1987983134,317.5980733,-74.11440046,0.027625,,20.088699,19.3353
2026005532,326.2098572,-74.72094242,-0.152247,,19.3167,18.502199
1987888453,301.8071561,-75.32093847,0.0086707799,,18.8979,18.357201
1988037673,304.7707971,-74.25725899,-0.211867,,20.3508,19.4638
1988038380,304.4613211,-74.1739697,-0.0216318,,20.162399,19.314699
2026005556,326.3078139,-74.69235056,-0.25785601,,19.7481,18.943899
325342184,337.6306157,-74.19735186,0.0218926,,17.9079,17.146999
325342206,337.4822042,-74.16312198,-0.075270101,,17.934,17.107201
290404828,330.9915858,-75.70217495,0.27727699,,17.148199,16.248199
290404269,331.0366489,-74.30394952,0.28826299,,17.4097,16.5303
1987982643,316.6754342,-74.43415219,0.100087,,19.768499,18.9188
2026042769,325.2463945,-74.41726181,-0.149221,,19.6099,18.862101
2026042723,325.3248319,-74.49209462,0.218403,,18.6089,17.808599
1987955229,312.3019547,-75.9025788,-0.049094301,,20.304701,19.3913
1987958811,312.209768,-75.50519864,-0.51940602,,19.948999,19.1556
1987968171,307.5705465,-75.06587938,-0.254969,,19.692101,18.9252
2026049594,320.9505825,-74.0122017,-0.099801697,,19.770599,18.9475
2026051261,320.5285764,-74.09554198,-0.23304699,,19.7801,18.8965
2026051277,320.5411933,-74.06184897,-0.28310001,,19.4109,18.5152
2026051281,320.6771559,-74.05452403,-0.00172503,,20.382799,19.489401
2026005587,326.6043774,-74.63392469,0.144778,,19.241899,18.4774
1988024875,307.8114042,-74.5510745,-0.0156532,,19.8787,19.0126
1987983141,317.6343385,-74.0954482,0.32050401,,19.6084,18.877001
273367142,339.949033,-74.24325647,0.23793501,,16.9244,16.1099
1988038592,304.6044899,-74.04964974,-0.34153301,,20.4333,19.5644
1987961777,307.7655039,-75.95773835,0.100623,,20.298,19.4123
1987961932,307.7116764,-75.91983753,-0.88708001,,20.340099,19.5627
2025947635,325.7646043,-75.99945689,0.224369,,18.4855,17.559
273367429,340.0864558,-75.03929096,0.39572799,,17.296,16.4683
273367514,339.975997,-75.29123844,0.25441799,,17.646299,16.8729
273367617,340.2280857,-75.59691886,0.262748,,17.685101,16.829
2026051288,320.4474871,-74.04710146,-0.0027198,,19.322001,18.555
2025948988,322.5294956,-75.96242823,-0.22775599,,19.2435,18.4758
1922142616,293.9629256,-75.72649089,-0.17643701,,20.165899,19.2402
1922119954,297.9281162,-75.85693075,-0.133361,,19.9564,19.0916
2026005798,326.2121565,-74.5013475,0.51996398,,19.593201,18.753799
2026005830,326.162897,-74.46221071,0.206862,,19.113501,18.458099
325342255,337.7677982,-74.01237245,0.23574001,,18.2101,17.450899
402104809,358.649588,-75.85269089,0.0494157,,17.7554,16.9223
2025991940,331.1970609,-75.9583134,-0.201075,,18.9666,18.0977
2025992031,331.2987985,-75.85845949,0.15914901,,18.648399,17.805401
273367636,340.1246516,-75.69251301,0.25101399,,18.122801,17.243299
273367696,340.0508584,-75.87788358,0.120489,,18.115999,17.3118
1922169608,296.6172735,-74.81769037,0.30333599,,19.7188,18.9324
1922129363,299.8533659,-75.25487923,-0.163491,,19.6488,18.869101
2026042754,325.5419198,-74.41145498,0.083889201,,19.8167,18.9555
2026042818,325.5746311,-74.40673101,-0.33781901,,19.621201,18.8454
2025993706,331.3450109,-75.41331325,0.0033654801,,18.5606,17.7383
2025994006,331.548696,-75.24164685,0.035746899,,17.849701,17.2911
1987983270,316.7927655,-74.29692714,-0.172576,,18.8913,18.181801
1922126807,299.8929249,-75.79091164,0.21968,,20.014799,19.084801
1987891172,300.4864839,-75.46547251,0.209337,,19.9893,19.0424
273367737,340.0504166,-75.99662778,0.24198601,,17.5473,16.685801
273368970,340.5868361,-75.88973414,0.33276299,,17.9342,17.140301
2026030402,322.514907,-75.83264045,0.035576001,,19.3263,18.593
2026030423,322.7588946,-75.80030958,-0.082700603,,19.7355,18.8533
1922132089,299.8983216,-74.97443916,0.125003,,19.632099,18.705
1922132935,299.7860261,-74.79216468,-0.028743099,,19.5135,18.6535
1987897032,300.9315972,-74.73283762,-0.305585,,19.4244,18.517099
1987881656,300.830526,-75.89864522,0.34480199,,19.2593,18.471201
2026043129,325.7283723,-74.23300135,0.23310199,,19.8811,19.0693
2026043345,325.3348496,-74.27435572,0.48791501,,19.089701,18.267099
273368991,340.5596953,-75.83042519,0.22238301,,18.242399,17.4454
273368998,340.5130782,-75.79465538,0.180848,,17.6763,16.9498
392761831,327.9256017,-74.19018661,-0.076677203,,18.0536,17.185101
421917256,341.8890538,-74.84496902,0.17628001,,16.7537,16.070601
2026006015,326.5035699,-74.39716354,-0.30073601,,19.489599,18.7078
2026030564,322.9027982,-75.66321763,0.00056595198,,19.8972,19.0222
2026030674,322.5525758,-75.67747081,0.26332599,,18.896799,18.099199
2026030678,322.5569399,-75.65663234,-0.356758,,19.815399,19.0193
2026035965,320.3434506,-74.86308333,-0.81125402,,19.504499,18.6336
2026035968,320.2944075,-74.85406698,0.209273,,18.985201,18.121599
1987963286,307.949422,-75.52201449,-0.071141198,,20.284401,19.406
2026030705,322.6497782,-75.59919913,0.048465099,,18.333599,17.716101
2026032195,322.5871464,-75.45385636,0.38138199,,18.9746,18.073
2026006055,326.3416738,-74.3761462,0.051127002,,19.599701,18.767599
2026006057,326.3226058,-74.36617583,0.166168,,19.3585,18.669399
2026006058,326.2729624,-74.36168642,-0.0267391,,19.645599,18.9608
2026006129,326.4221098,-74.28530805,0.43837899,,18.5221,17.645599
402104845,358.5208082,-75.75368612,0.32822701,,17.429399,16.677799
2025991362,327.8103822,-75.69729365,-0.033291399,,19.5056,18.7138
2026036136,320.2055637,-74.79067433,0.255867,,18.7715,17.9603
2026036139,320.2182813,-74.77765321,0.33731601,,19.2813,18.513399
2026036156,320.1150671,-74.78084098,0.237721,,19.6562,18.758301
2026036165,320.0225839,-74.75465765,-0.079500198,,19.3465,18.6574
1987896808,301.3069317,-74.78201675,0.20580401,,19.491301,18.610701
1988024282,307.8626393,-74.80876086,-0.365448,,19.3626,18.622601
2025998119,327.7506759,-75.61658271,-0.51777601,,19.544001,18.6535
2025998214,327.7668861,-75.54636456,-0.32895601,,19.4599,18.6404
1988024491,307.6029885,-74.69919321,0.31431699,,18.5154,17.7561
402104906,358.6006893,-75.56027555,0.168277,,17.1043,16.510401
402104942,358.529491,-75.46055571,0.40646499,,17.2341,16.4526
2026036170,320.0841693,-74.76506104,0.34470001,,18.880501,18.0513
402104962,358.587354,-75.4006859,0.306081,,17.737,16.895
402105003,358.347701,-75.28133269,0.21974701,,17.510099,16.766001
2026036628,320.0043646,-74.7010379,0.25679001,,18.506201,17.743601
2026036640,320.1630875,-74.66709212,0.37595001,,18.3416,17.459
273369148,340.5756209,-75.36050626,0.26211199,,17.287701,16.463499
273369151,340.4703349,-75.35642722,0.174606,,17.011299,16.255501
1922123850,296.4955779,-75.68768876,-0.29988599,,19.941799,19.062099
1922144483,296.5722824,-75.29254556,-0.29287401,,19.3209,18.5354
1922166600,296.7892548,-74.99642766,0.27254,,19.6049,18.855301
2025995970,331.1632235,-75.02123638,-0.120294,,18.3964,17.738701
2025996150,331.0129426,-74.87453322,0.14252,,18.6462,17.7547
2026009903,331.4453722,-74.79128642,0.165517,,18.279699,17.4139
1987983302,317.0188849,-74.24471632,0.18070699,,18.9634,18.309799
1987983304,317.0784896,-74.2381256,0.049050398,,19.2852,18.4305
1987983321,316.9349435,-74.21238211,0.019341599,,18.9403,18.167
1987983323,316.9586228,-74.19362859,-0.99339199,,20.1654,19.302401
2026042932,326.1138187,-74.32509278,-0.093340598,,19.4366,18.659901
1987896805,301.2608056,-74.78252827,0.25272399,,19.424101,18.6633
1988025523,307.5920777,-74.50348603,-0.79329002,,20.051399,19.1824
2026043650,325.4472401,-74.16201162,0.176658,,18.6117,17.844
2026043651,325.3849849,-74.15699332,0.031871501,,19.8092,19.0734
1988025657,307.6533116,-74.43712659,0.243366,,19.8694,18.992001
2026036656,320.3263245,-74.59817136,0.37574601,,18.822599,18.0933
2026036679,320.0303939,-74.60206894,0.0778047,,19.1117,18.260401
2026042990,326.3730559,-74.27508558,0.210894,,19.337799,18.580601
273369174,340.4179465,-75.30466875,0.44055599,,17.540199,16.680201
273369236,340.1769861,-75.13371013,0.222368,,17.6036,16.861099
2025998454,328.1439582,-75.44271799,0.17719799,,19.0791,18.2952
2025998508,327.8557378,-75.39221401,-0.358904,,19.886999,19.1234
290351721,329.3013654,-74.18814109,0.067556903,,18.233801,17.371901
402105091,358.6238544,-75.03110096,0.29673299,,17.7082,16.888901
402105103,358.5287135,-75.00744112,0.231921,,17.315399,16.5986
1987983557,317.1643071,-74.20020244,-0.147921,,19.239799,18.556601
1988025931,307.7064964,-74.25353068,-0.035333298,,19.494101,18.855801
1922177583,295.7041966,-74.2123326,-0.150823,,20.0273,19.150499
1988033405,307.8217019,-74.09448543,-0.28332099,,20.2609,19.4575
1922167557,298.7877829,-74.83132694,-0.11668,,20.008101,19.247299
2026043660,325.5960779,-74.15073908,-0.131924,,19.604799,18.74
2026043712,325.3846311,-74.11283094,0.115953,,19.377501,18.597799
273369267,340.4753577,-75.04615258,0.208818,,17.520201,16.665001
273369330,340.4354728,-74.86606213,0.217443,,17.714199,16.903299
273369341,340.4123592,-74.83202566,0.114486,,17.3162,16.496201
273369362,340.4631405,-74.79118007,0.176688,,18.0604,17.282801
273369382,340.3316633,-74.7322439,0.21715701,,17.287001,16.6056
290352059,329.6680732,-75.0919856,0.224976,,18.230801,17.3367
1922166643,296.4171871,-75.00959779,0.15035,,19.864401,19.037701
2026044072,326.2451004,-74.12148304,0.040648501,,19.628,18.794001
2026036900,320.1322927,-74.41037167,-0.55794197,,19.844801,19.067301
2025998743,327.7565521,-75.23197746,0.44318801,,19.010401,18.185801
1987983776,316.7359332,-74.10176677,-0.230065,,19.704,19.020399
1987983815,316.6991443,-74.07474234,0.38518801,,18.385599,17.653999
1987983817,316.6671345,-74.06654107,0.41858599,,18.594601,17.790899
2026043721,325.2955165,-74.09593473,-0.30668801,,19.7964,18.9247
2026043833,325.2428897,-74.06816022,0.54771602,,18.2391,17.4403
1988033594,307.6034962,-74.03564134,-0.39205599,,20.4671,19.6103
1988033634,307.4891421,-74.04192465,0.0130735,,19.272699,18.7264
1988033671,307.745263,-74.02547048,-0.88618797,,20.383699,19.518499
1987897565,301.751415,-74.45502467,0.066376299,,19.739901,18.99
402105263,358.5515836,-74.39248701,-0.066364497,,17.469801,16.7099
402105289,358.3320627,-74.26921736,0.270924,,17.917999,17.1138
2025969500,333.8598997,-75.69703148,0.170941,,18.743,17.7642
290404505,331.0200793,-74.84998271,0.091742598,,17.8629,16.9832
402105369,358.3268976,-74.03238218,0.238884,,17.1903,16.528799
270245966,333.1056128,-75.59231064,0.31474799,,17.990801,17.0354
2026036996,320.2308081,-74.28949027,0.64379197,,19.351101,18.463699
1987983818,316.674317,-74.06520386,-0.0103072,,19.001301,18.1665
1987983796,316.945209,-74.05191473,0.280651,,18.686501,17.868
1987983859,316.8286789,-74.00373937,-0.156744,,19.6742,18.8601
1987935665,318.1869853,-75.96473078,0.122801,,19.946199,19.1292
1987950641,312.2425019,-75.99153317,-0.246547,,19.9196,19.2029
1987955184,312.4174622,-75.92995431,-0.046733599,,19.8472,18.9389
1987956020,312.4500419,-75.62959066,-0.100775,,19.8279,18.945101
1987958845,312.3037694,-75.46545977,-0.31150299,,19.930799,19.231501
1987972094,311.661524,-74.47339754,-0.31766799,,20.2125,19.410601
2025998710,327.9606541,-75.26868843,0.045009401,,19.311899,18.5298
2025998712,328.0798212,-75.25879584,0.28389099,,18.3482,17.568199
2025998733,327.935508,-75.23125647,-0.71517599,,19.9527,19.1689
1987935552,318.3514673,-75.97425177,-0.194663,,20.009199,19.2437
1987935562,318.5952431,-75.94219042,-0.0732022,,19.747299,19.0438
1987897807,300.8540456,-74.52524715,-0.601116,,19.566799,18.649799
1987894234,301.4211978,-74.80879672,0.087442599,,19.709101,18.872499
1987967476,307.8815505,-75.14668699,-0.045922998,,19.7064,18.929199
1987967480,307.9737972,-75.12453595,-0.27329901,,19.7703,19.1598
2025980096,333.8064816,-75.21837569,0.062495202,,18.454901,17.544701
2026051224,320.0470966,-74.14948083,0.56677002,,19.083099,18.1875
1987958992,312.4163781,-75.34058135,0.034586702,,19.9014,19.123899
1922146651,293.8872514,-75.29182841,-0.087054104,,19.8773,18.9827
1922147842,293.8687334,-75.07463324,0.232142,,19.864799,18.9491
2025998765,327.8185769,-75.1841831,-0.29784301,,19.8141,18.886101
2026002875,327.6963791,-75.08437847,0.258461,,18.860001,17.996401
2026002435,328.0335023,-75.09654465,-0.082986802,,19.441401,18.539801
1922130940,297.7584689,-75.19895718,0.29115599,,19.7836,18.8668
277912388,354.6571607,-74.0658247,0.15043899,,18.0515,17.2512
2026044061,326.2643447,-74.16234962,-0.108052,,18.9762,18.237499
2026044063,326.2902772,-74.15214112,0.115073,,18.806299,18.0252
2026002971,328.0081492,-74.96135018,-0.422454,,20.287701,19.3904
2026002976,328.0290891,-74.95191288,0.020071801,,19.0655,18.2981
2026051233,320.1945501,-74.13787446,-0.057969499,,19.011101,18.2348
2026051254,320.4771108,-74.12587909,0.41317099,,19.342899,18.4825
2026051351,320.1092549,-74.05031941,0.19041499,,19.2995,18.4702
270246150,332.9979586,-75.01864091,0.20193,,17.0933,16.1714
1987983693,317.4933064,-74.02400477,-0.24606401,,19.6984,18.961201
421918800,342.2530367,-75.63202183,0.21886399,,17.4645,16.6292
2025990167,327.0622903,-75.98574788,0.184122,,18.551701,17.726801
2025990170,327.1368392,-75.9595579,0.55658698,,18.769899,17.9338
1922169339,298.7626963,-74.42542998,0.73016602,,19.605,18.719101
1922133095,299.6884813,-74.69873617,-0.45458999,,19.669001,18.754101
1922168354,299.6342641,-74.55742733,-0.19255701,,19.7719,18.928101
1987935731,318.1070414,-75.88628672,0.054628301,,19.125401,18.429399
1987935708,318.3692571,-75.89095454,-0.0094531896,,19.769501,18.884701
1987935847,318.2132329,-75.79629733,-0.052715,,19.567699,18.8006
2025996893,326.9398499,-75.9354363,-0.73918802,,20.5235,19.609501
2025996902,326.9525477,-75.91529351,0.15748601,,19.9098,19.0249
2025996950,326.8598064,-75.86212638,0.16440199,,19.198799,18.312799
2026002991,327.8081428,-74.9610634,0.24088401,,19.8363,18.9946
2026009040,333.5818041,-74.61990403,0.111431,,18.2297,17.4466
325279803,334.5909735,-75.85244926,0.32199001,,17.4074,16.486
325279936,334.5762826,-75.47591143,0.21268301,,17.654699,16.682301
325279944,334.5904579,-75.44723601,0.32872799,,17.1479,16.1716
325279994,334.6732673,-75.29544118,0.152291,,17.762501,16.9137
1922170913,296.6287853,-74.5611907,0.196292,,19.5744,18.7868
1922177785,296.4673107,-74.13355531,0.116459,,19.5457,18.694401
1922129009,299.6375957,-75.46313624,0.40244699,,19.519501,18.6073
1987882429,300.6777851,-75.79143937,0.101814,,19.356001,18.520399
1987892367,300.5277807,-75.07329677,0.50939,,19.4589,18.5021
421918995,342.4788466,-75.06056729,0.30096599,,17.695,16.8458
1987974831,311.6883819,-74.242762,0.35539201,,18.5555,17.784901
421919060,342.5551374,-74.87635753,0.25022799,,18.064699,17.229401
421919091,342.1413736,-74.81786617,0.064097203,,18.0175,17.262699
2025990339,328.0164676,-75.85297985,0.167283,,18.0096,17.563299
2025990344,328.1338878,-75.82692211,-0.106581,,19.991699,19.136499
2025990350,328.0964427,-75.8165086,-0.39610201,,19.948099,19.1779
1922128881,299.9849209,-75.58956529,-0.176412,,19.7864,18.927799
1987891132,300.3470547,-75.53169215,-0.231433,,19.830299,18.885099
392759585,327.3279983,-75.40704876,0.18570399,,17.2017,16.320299
392760066,327.3520926,-74.03659655,0.052882701,,17.848499,17.011999
1987900558,300.5043723,-74.43055688,0.44646099,,19.304501,18.455299
1987897350,301.2785541,-74.63473745,0.035287701,,19.3992,18.657101
1987935818,318.660969,-75.80099859,0.036575701,,18.755699,18.0061
2026043131,325.7723994,-74.21260311,0.13369,,19.2409,18.5362
1987883281,301.6217779,-75.42623587,0.202039,,20.208599,19.3832
1987900929,300.8090566,-74.26903322,0.018079599,,19.8078,19.0392
1987898889,301.9641629,-74.41246818,-0.23617101,,19.9254,19.060101
2026003417,327.6787367,-74.8070159,-0.859568,,20.429501,19.5912
2026003423,327.54026,-74.79046884,-0.056930698,,19.4175,18.571301
2026043208,325.7325229,-74.15929884,0.17559101,,19.3284,18.5186
2026043219,325.9407703,-74.11822472,0.359896,,19.227501,18.434
2026043179,326.0501267,-74.170979,0.34545901,,18.6465,17.777901
2026043180,326.0363168,-74.16027279,0.40755099,,18.784599,17.9238
1987961949,307.8702679,-75.901069,-0.12807301,,19.974001,19.0683
1987961965,307.526949,-75.93403104,0.0278496,,19.913799,19.070601
1987902062,301.4290759,-74.13893978,0.079974502,,19.6371,18.7672
1987968455,307.8866147,-74.90439205,0.27562401,,19.625,18.8673
1988025606,307.7958681,-74.47658122,-0.125487,,19.4473,18.583099
1922166586,296.5866227,-75.00346447,0.16255701,,19.0268,18.1534
1987891457,301.2538458,-75.38281971,0.083888702,,18.9503,18.1236
1987891746,300.964077,-75.25788536,0.28625399,,18.830799,17.965
421919120,342.3804469,-74.72944871,0.120759,,17.1646,16.438101
421919165,342.4798754,-74.59888031,0.214531,,17.508101,16.694901
2026003516,327.8772866,-74.67521143,-0.174798,,19.620001,18.752501
2026003491,327.7993597,-74.7060425,0.201451,,19.3016,18.4575
1987900927,300.8504916,-74.27236613,0.250449,,18.8498,17.952499
1987882167,301.3867277,-75.73713503,0.42089301,,18.9037,17.9918
1987893093,301.4503414,-75.19969862,0.50462198,,18.893499,18.080601
1987897426,301.3261442,-74.56038403,0.29490501,,18.8398,18.0453
1987894217,301.3725829,-74.85589953,0.43652901,,19.023199,18.1147
2026043233,325.9853442,-74.09980268,-0.113096,,19.188,18.4893
2026043239,325.8156802,-74.11066931,0.38759601,,18.2992,17.5308
2026043761,325.6402296,-74.0596898,-0.39025101,,20.104401,19.2568
2025989657,328.8245609,-75.99893309,0.0137807,,19.830799,18.979799
290303589,328.2235511,-74.05470215,1.75721,,12.3026,11.4839
270205262,332.6407152,-74.2608439,1.3801399,,12.4115,11.6209
1987902121,301.8154488,-74.08445974,0.0021188799,,19.656099,18.847401
1987955934,312.3867343,-75.76937334,-0.125626,,19.5,18.626101
421919172,342.4284463,-74.55270388,0.236036,,17.6492,16.9823
1987968286,307.8998658,-74.98167925,0.395235,,18.7075,17.867701
1987968451,307.8141013,-74.91333035,0.39957201,,18.6535,17.935801
1988024957,307.9713567,-74.51573399,0.48799601,,18.992201,18.165501
1988025636,307.8915773,-74.42644664,0.110933,,19.056499,18.205099
1988025645,307.9882447,-74.37874302,0.428987,,18.7279,17.8946
1988025881,307.7353961,-74.31045689,0.368696,,19.073,18.2938
325280030,334.3275529,-75.20197265,0.34340501,,17.957001,17.0347
325280051,334.6802759,-75.13843743,0.15381201,,17.704599,16.824499
325280142,334.531284,-74.92570831,0.34767199,,17.601601,16.7216
325280143,334.5849525,-74.92396926,0.336151,,17.718901,16.8981
1922124518,296.4428142,-75.57258897,-0.105994,,19.2215,18.428801
1922166663,296.4305582,-74.96766914,0.24567699,,18.9603,18.125
1922169504,296.3779029,-74.96209076,-0.128692,,19.4207,18.5357
1922169847,296.4863131,-74.77832692,0.339643,,18.9471,18.136
273417253,341.4729959,-75.71743275,0.391763,,16.939199,16.087799
273604653,357.869175,-74.08775144,0.375534,,16.974899,16.195801
317021428,336.6723776,-74.28422485,0.320308,,16.9702,16.1252
325280195,334.4517794,-74.80138034,0.147824,,17.6192,16.8547
325280211,334.5370948,-74.76959063,0.34858501,,17.4189,16.5672
325280274,334.6318204,-74.61766023,0.228811,,17.5651,16.7143
270203481,332.0634754,-74.14638373,0.22341201,,17.452499,16.718
290349610,329.2592625,-74.96113484,0.371777,,17.434999,16.6901
2025997191,327.1300606,-75.73282081,-0.237039,,18.995899,18.239401
270173334,331.2680523,-74.8856938,0.084943801,,17.330799,16.462099
290370996,330.0645703,-74.00256948,0.301976,,17.849501,16.997101
2025991329,328.0128813,-75.7438119,0.245794,,19.270399,18.349001
2025991331,328.0425383,-75.73090976,-0.34481299,,19.371599,18.533899
2025991342,328.164836,-75.71137147,-0.18815701,,19.093,18.2491
2025991377,327.8973818,-75.67014431,0.18245301,,19.3755,18.5858
273416743,341.4554524,-74.38286278,0.28733101,,17.079599,16.226101
261424344,304.1838864,-75.51696884,0.33653599,,18.317699,17.489401
261424506,304.2481912,-75.25171269,0.219418,,18.651899,17.795601
1922176599,296.5427289,-74.3809187,0.114409,,19.0142,18.1817
1922176932,296.4873863,-74.2420924,0.058668401,,19.0501,18.251699
1987881865,300.9872581,-75.7637705,0.15865301,,19.032101,18.138599
1987900971,301.0984565,-74.27579208,0.0145896,,18.879601,18.0998
290401791,330.5856674,-75.91755124,1.43609,,13.4915,12.68
290402124,330.5703435,-75.03320258,1.512,,13.6652,12.7879
270203052,332.2377846,-75.27928633,2.2276399,,12.8737,11.9836
1987881858,301.18836,-75.74316512,0.48920599,,18.869801,17.960501
1987894225,301.3624788,-74.84266455,0.0590491,,19.0222,18.237801
1987897362,301.4321286,-74.62943684,0.0261747,,18.9202,18.099001
1987897371,301.3731754,-74.61156283,0.513919,,18.803499,17.9384
1987902238,301.3028229,-74.09923553,0.263174,,18.985001,18.1469
261424748,304.2977924,-74.83518775,0.31957501,,18.688999,17.8507
270202924,332.2330735,-75.61651348,1.57072,,13.6432,12.7979
270246326,333.1771972,-74.51334687,2.3657701,,11.6328,10.8363
290303146,328.1429837,-75.30090222,5.2258501,,11.3673,10.5523
2025990711,328.7613536,-75.88376675,0.1224,,19.149799,18.3598
2025990716,328.8682732,-75.8834148,0.090048797,,19.4457,18.6173
273604079,357.6685273,-75.74594865,0.16171999,,17.205099,16.392
2026003499,327.8849045,-74.68924961,0.030726099,,19.2843,18.5296
2026004367,328.0643325,-74.60572497,0.14089499,,18.621099,17.8514
290303358,328.1814284,-74.72428631,2.88603,,11.7618,11.0127
290303384,328.3150765,-74.63116122,1.81916,,12.7686,12.0426
261424215,304.1553863,-75.7666322,0.45494601,,17.975,17.122299
290404197,330.984492,-74.14248426,0.379581,,17.3251,16.5109
290404692,330.9719578,-75.31993277,0.43666101,,17.2918,16.3566
290402173,330.7410628,-74.87778769,0.40494901,,17.0026,16.2096
290404245,331.19585,-74.25892084,0.28251001,,17.4484,16.585501
273367282,339.8752488,-74.65068398,0.26883599,,17.240601,16.431
273367609,340.1549323,-75.57578908,0.29740399,,17.299101,16.4758
421919222,342.4906427,-74.3799679,0.26453301,,16.9028,16.0966
421919233,342.4811242,-74.35155104,0.25217101,,17.3612,16.560499
421919240,342.5283427,-74.34060358,0.17496599,,18.212799,17.3937
325280394,334.5758737,-74.28093189,0.29894,,17.589199,16.723301
277912377,354.7608981,-74.10511651,0.290728,,17.254601,16.4695
394653678,359.0445322,-74.04269249,0.38620001,,16.8424,16.1558
394653682,359.0492691,-74.05592342,0.161437,,16.884399,16.0697
394653927,359.0501948,-74.87098488,0.29128799,,17.333599,16.5495
394653958,358.976778,-74.94783679,0.42467201,,17.6912,16.8486
2025990762,328.6216739,-75.84065993,0.220127,,19.8923,19.008301
290305309,328.7914231,-74.15140455,0.193124,,17.6758,16.9963
1987965965,308.1217132,-75.29187241,-0.061392501,,18.8596,18.0984
1987966118,307.8330842,-75.28526641,0.46355799,,18.927,18.017799
1987968505,307.7170139,-74.88452235,0.069949098,,18.935101,18.129999
1988024647,307.9521304,-74.67853955,0.0710866,,19.095501,18.2918
1988025663,307.6494391,-74.40783265,0.40162399,,19.0487,18.3603
1987972242,311.5136557,-74.49814762,-0.112374,,19.877001,19.1145
1922128803,298.9254469,-75.42816559,0.17102499,,19.968399,19.1196
1987983135,317.6007365,-74.09946728,0.31661999,,18.9548,18.174101
1987983575,317.2125758,-74.15537274,0.38233,,19.1196,18.306801
1922132081,299.699538,-74.99890443,-0.37525901,,19.7041,18.8057
1987892371,300.5844371,-75.04956592,0.28760299,,19.4564,18.6341
1987892408,300.7452834,-74.99978995,0.198477,,19.4818,18.561701
352479453,324.0464111,-75.06709306,0.327629,,17.545401,16.7248
352479738,324.0047835,-74.3458645,0.21140499,,17.571699,16.8293
1922133029,299.6193645,-74.7107512,0.121361,,19.7017,18.9041
1987883105,301.6504988,-75.47719814,-0.023971001,,19.879999,18.973301
2025991437,327.9482182,-75.61051871,0.19401801,,18.7752,17.8591
2025991431,328.0520924,-75.62604755,-0.087378897,,19.3291,18.513201
2025991451,328.1970509,-75.56362559,0.284219,,18.573,17.698
2025991259,328.5920073,-75.73328797,0.76364797,,19.363001,18.4244
2026004402,328.3759067,-74.59527938,0.017993599,,19.802299,18.9188
2026004406,328.3171175,-74.58273486,-0.203016,,19.556601,18.7784
2026111542,336.9692574,-74.07531678,0.19529299,,17.892,17.055401
290303412,328.4482619,-74.56080535,1.08426,,13.6602,12.8538
290402421,330.6139417,-74.24566609,1.8897001,,13.2054,12.3602
316992930,335.5818852,-74.09710743,0.311358,,18.0418,17.2348
316993002,335.7832633,-74.28479948,0.21895801,,17.367399,16.5238
1987892959,301.5764761,-75.18903671,-0.24442799,,19.863001,18.9928
1987897781,300.7361023,-74.57950472,-0.078534603,,18.948601,18.184799
1987965777,307.7437881,-75.42805102,-0.00609391,,19.4886,18.6887
270273031,333.7894012,-75.03301567,0.196927,,17.7964,16.891199
325341528,337.7907736,-75.94795575,0.247374,,17.2806,16.3608
2026006216,327.6954452,-74.47094506,0.088018201,,19.3916,18.615499
1987967488,307.9238173,-75.11539179,-0.122513,,19.574499,18.8409
1987968287,307.8809716,-74.96810317,0.44882101,,19.358801,18.470699
1987968545,307.9156184,-74.82726386,0.72042203,,19.4674,18.593
1988024673,308.2698361,-74.67148438,0.067122199,,19.559401,18.8055
2026006274,327.8803284,-74.41140838,0.29075301,,18.7892,17.9182
2026006302,327.9360581,-74.3546633,-0.19745301,,19.4618,18.627199
1922178551,297.6322703,-74.01988395,-0.76268601,,19.5389,18.8876
1987962000,307.7522413,-75.86572195,-0.31020001,,19.9125,19.033501
1987963298,307.7236695,-75.55913865,-0.13817599,,19.904301,19.0259
2025991264,328.6981484,-75.71951972,0.209856,,19.0781,18.168699
2025991483,328.8802294,-75.63689628,-0.167834,,19.714701,18.8307
2025991491,328.7732591,-75.61034481,0.34764001,,18.6262,17.756599
1987983736,317.3791684,-74.00664785,-0.20191599,,19.253401,18.490801
1922122754,296.4239128,-75.94489229,0.0094688796,,19.280399,18.399099
392759953,327.413699,-74.36872412,0.097581103,,17.9709,17.1346
1987893926,301.5123217,-75.01795784,-0.23805,,19.7761,18.889601
1987893960,301.7480231,-74.95367557,0.35074401,,18.6026,17.707899
2025997381,327.1065677,-75.64402681,-0.074449301,,19.4645,18.6873
2025997387,327.2554644,-75.64283702,0.39230299,,18.4478,17.6884
2025997364,327.0744772,-75.6684043,0.316872,,19.4023,18.599501
2025997375,327.0401843,-75.67836317,-0.139718,,19.165199,18.275801
325341611,337.7228294,-75.71804189,0.13671599,,17.6581,16.729601
1922169848,296.527932,-74.77008134,-0.136591,,19.1346,18.399401
1922170033,296.5767544,-74.705552,0.108725,,19.2321,18.4114
1922177001,296.4534489,-74.18865001,0.1114,,19.4191,18.568399
1987901705,300.9016326,-74.00259518,0.17807201,,19.2943,18.494101
392760042,327.5474773,-74.11203515,0.133285,,18.1665,17.283001
1987896771,301.2010142,-74.81921728,0.361056,,19.261499,18.422501
1987882856,300.7394964,-75.53084302,0.18426199,,19.215099,18.4589
1987897021,301.035825,-74.72011135,0.210015,,19.2418,18.4062
1987966106,307.6004089,-75.30052218,0.11635,,19.0704,18.182899
1987968206,307.8255191,-74.99714397,0.19441999,,19.2857,18.5161
325341775,337.8382769,-75.31832564,0.43447301,,17.5851,16.784401
325341799,337.563638,-75.26917207,0.27546901,,17.758499,16.941401
325341802,337.8287389,-75.25958914,0.30697599,,17.336599,16.450701
325341809,337.5254565,-75.24452496,0.00018010099,,17.462,16.5529
1988024266,307.7476183,-74.81632959,0.062878802,,19.040001,18.399799
1988024827,307.9730152,-74.57915403,0.422445,,19.2824,18.4762
1922127495,299.735975,-75.73503427,-0.37783301,,20.020901,19.0793
1922129139,299.9982661,-75.36969176,-0.59953201,,19.9473,19.214001
325341884,337.4897174,-75.03993752,0.076603003,,17.968599,17.1717
325341887,337.7290495,-75.03124887,0.53849602,,17.167299,16.306299
325341903,337.8420849,-74.98111487,0.362553,,17.565599,16.6957
325341922,337.5893618,-74.94837538,0.191613,,17.254299,16.532301
325341956,337.5963029,-74.85229902,0.26563099,,17.395,16.5317
2026006624,327.853532,-74.28210911,-0.088760599,,19.960501,19.105801
2026006656,327.9516939,-74.20402744,-0.223896,,19.7215,18.895901
1987894174,301.532676,-74.88675123,0.458215,,18.330601,17.423599
352479839,324.0262073,-74.12876996,0.224501,,17.933201,17.175301
352479875,323.7905405,-74.03727933,0.073402502,,17.443501,16.8153
352545628,325.7198665,-74.4327944,0.25223401,,17.652201,16.854
2025997402,327.1738468,-75.58073713,0.18052199,,19.052799,18.2348
2025997425,327.0285391,-75.56647154,0.249458,,18.707399,17.934299
1988025893,307.5064389,-74.33453093,0.240593,,19.676701,18.9063
1987972109,311.827478,-74.46099331,-0.200606,,20.039301,19.3111
1987992062,311.6209849,-74.00010908,0.17064799,,20.035601,19.1688
273417293,341.6149305,-75.8537768,0.19937199,,17.026899,16.182501
421917176,341.9941915,-74.58949499,0.35178199,,16.6682,15.8163
421917455,342.0484774,-75.53721225,0.353111,,16.812,15.9863
273604092,357.7512269,-75.70535746,0.39416599,,16.9559,16.112301
273604254,357.5929757,-75.19662698,0.317875,,16.8388,16.034
1987898339,301.0380422,-74.45560905,0.44376501,,19.823601,18.9669
2025994972,329.1251468,-75.39701368,0.12851401,,19.265301,18.399099
1987883227,300.9883184,-75.46938492,-0.077624403,,19.890301,19.0653
2025995217,328.8161114,-75.21846646,-0.469006,,20.202801,19.3521
290352060,329.2842742,-75.09264779,0.1127,,18.0331,17.174801
270173297,331.5949034,-74.9671446,0.244039,,18.103201,17.195499
270200974,331.6564322,-74.43611346,0.165921,,18.136299,17.281401
1987894681,301.961312,-74.68508298,0.57755601,,19.806,18.8811
1987899544,301.7732258,-74.35617071,0.115003,,19.981501,19.0933
1987899638,302.1107964,-74.31925958,0.301045,,19.826599,19.045401
352545695,325.9240217,-74.63580272,-0.075057901,,17.7253,16.998699
352546024,325.8114924,-75.52452202,0.226004,,17.6579,16.747101
352546055,325.9496269,-75.61074621,0.27575099,,17.5497,16.639
1987950642,312.2785298,-75.96990479,-0.409073,,20.0047,19.093201
1987956510,312.4995153,-75.48443407,0.108712,,19.601299,18.7885
1922170290,297.8065206,-74.57800445,0.45871499,,19.608299,18.7279
1922173508,298.6208361,-74.0603748,0.104973,,19.6098,18.7829
1922131692,299.6534532,-75.15415434,-0.35110101,,19.7502,18.9648
1922129146,299.9053663,-75.35204692,-0.035712,,19.712799,19.02
1987897140,301.7056537,-74.71059498,-0.26037601,,19.6854,18.8407
2025991461,328.1469977,-75.55184285,0.348151,,19.997801,19.089399
290374514,330.2227185,-74.56209908,0.25923499,,17.807501,16.9326
2025998290,327.0985997,-75.5431812,0.062039498,,19.0634,18.194599
2025998313,327.1786351,-75.49748143,0.78300297,,18.9235,18.058201
1987963259,307.9627953,-75.55864896,-0.20349801,,20.011499,19.096201
1988024466,307.5148709,-74.74593718,0.35799801,,20.0756,19.194799
2025998338,327.6112406,-75.47937935,0.044057101,,19.9167,19.001499
2025998793,327.087599,-75.45058559,0.041747902,,19.422001,18.5695
325342015,337.70301,-74.68676196,0.203527,,17.546801,16.728701
325342040,337.6035719,-74.62737284,0.187777,,17.556601,16.789101
325342103,337.7455473,-74.43099034,0.163569,,17.9333,17.1057
2025995229,329.0241294,-75.20516538,0.317505,,18.638599,17.7549
325342106,337.6237182,-74.42808011,0.250817,,17.608999,16.8009
325342191,337.7091127,-74.19325125,0.225633,,17.565201,16.783199
325342248,337.8961591,-74.02788311,0.205201,,17.4065,16.622999
402104985,358.5237263,-75.34175927,0.39965001,,17.3608,16.567499
402105009,358.3953193,-75.26916876,0.158714,,17.398001,16.619301
1922127614,298.9948354,-75.77173333,0.16480701,,19.857201,19.050699
1922168313,299.2103988,-74.58595452,0.14837401,,19.8626,18.9877
1922169030,299.1335973,-74.4925151,0.54528803,,19.795601,18.874001
2026002303,328.7445231,-75.17615917,0.0343807,,19.698299,18.7677
352546133,326.1059507,-75.86985747,0.36323699,,18.1366,17.2241
352566619,326.3730113,-75.97059897,0.284931,,17.5471,16.623699
352566810,326.3816053,-75.48720261,0.251313,,17.6364,16.7134
273604341,357.7891044,-74.96807513,0.473423,,16.880301,16.0368
273604481,357.6526995,-74.61178171,0.28451601,,16.9468,16.1544
273604593,357.6734854,-74.27919338,0.3748,,16.6367,15.898
352566915,326.3289644,-75.21975417,0.257557,,17.7012,16.834499
352566916,326.4326326,-75.21705596,0.25520501,,18.1674,17.3167
352566956,326.4865605,-75.11049469,0.21029,,17.9289,17.073601
270246137,332.8195594,-75.05471715,0.128333,,17.933201,17.0443
402105031,358.6156354,-75.2032389,0.27749699,,17.1203,16.288
352567293,326.1605383,-74.23030504,0.230592,,17.462799,16.6558
352567353,326.3845348,-74.08652976,0.179098,,17.8881,17.011499
2025998801,326.9941405,-75.44606335,0.25599599,,19.242201,18.330601
2025998804,326.9978062,-75.42611919,0.21758801,,19.4918,18.6607
2025998907,326.9625261,-75.33844214,0.214837,,18.675301,17.7983
1987880405,301.7021641,-75.98672062,0.38097101,,19.5471,18.769199
1988037714,304.7304748,-74.22905752,-0.16522799,,19.7988,19.068399
2026002548,328.8371904,-75.08236721,0.54345798,,19.121401,18.2404
2026002539,328.7704316,-75.11410755,-0.52934802,,20.249599,19.4144
1987900633,300.478905,-74.36612604,0.31248701,,19.6122,18.802999
1987891227,300.143261,-75.4850501,0.18259101,,19.432301,18.6252
2026002595,328.8032342,-75.03592579,-0.248353,,19.874901,19.135799
2026002668,328.8345666,-74.93935681,0.55176598,,19.322399,18.502199
2026002681,329.0295363,-74.91209787,0.27123001,,18.2141,17.512899
1987897863,300.3115757,-74.60129688,-0.084877297,,19.375,18.6726
2025975522,338.3170509,-75.26913301,0.074498303,,18.557699,17.736
2025975540,338.4655137,-75.22928185,0.1393,,18.0893,17.3731
1987972969,310.1246419,-74.69865613,0.13886,,19.532,18.751801
396214706,300.9996508,-75.99534061,0.29732701,,17.650299,17.1117
404222546,307.6325366,-74.0817724,0.22164699,,17.3384,16.947201
392755572,326.516312,-74.19966196,0.360322,,17.8109,16.9459
352510916,325.1165915,-74.47306546,0.046064898,,17.8533,17.141701
352510973,325.0771977,-74.615498,0.35468701,,17.5375,16.677401
402105277,358.3738547,-74.34189782,0.33193901,,17.813,16.9758
402105318,358.5484778,-74.15581001,0.30636999,,17.6038,16.7901
2026002684,328.9112562,-74.93027705,-0.38185301,,20.301901,19.4118
290404615,331.0787129,-75.16196973,0.0236545,,17.996599,17.1882
327303522,310.6713717,-75.25700792,0.483035,,18.276501,17.5086
1987962722,307.751391,-75.74441301,-0.0127147,,19.7672,18.966999
1988033545,307.5948246,-74.09663449,-0.23334999,,19.7444,19.059299
2025998872,327.140938,-75.35809219,0.52286398,,19.098801,18.3382
270273267,333.8164982,-74.40284071,0.24965,,16.9998,16.305401
2025975554,338.405537,-75.18151492,0.069491401,,18.34,17.550699
2025975597,338.6423356,-75.1413022,0.174429,,18.6061,17.741199
1922164162,293.7387577,-74.28969552,-0.57474601,,19.560499,18.9431
2025999180,327.1359758,-75.22520053,0.35337499,,19.372499,18.496401
1987972211,312.0246021,-74.3954264,-0.157024,,19.9587,19.1541
1922131645,299.6673502,-75.18824433,0.16864599,,20.142099,19.2644
1922132044,299.8835286,-75.02307621,0.370013,,19.9419,19.0177
1922174046,299.8960054,-74.30450126,0.405626,,19.8692,19.0541
1922174337,299.9907731,-74.16743008,-0.0417483,,19.812799,19.0821
352511120,325.2525751,-74.98863952,0.238278,,17.756399,16.9543
352511122,325.2664651,-74.98974793,0.321282,,17.802299,16.922199
290375224,330.1281419,-75.65475838,0.122768,,17.787901,16.899099
2026002802,328.8001881,-74.90190382,0.42646199,,19.5289,18.721901
2026002804,328.7971368,-74.89720312,-0.098016299,,18.8237,18.0464
2026002809,328.8205417,-74.88452944,0.155588,,19.321699,18.445601
1987897276,301.6741683,-74.59247602,0.58288902,,18.511299,17.712799
1987897284,301.7246567,-74.57307575,0.192095,,18.3941,17.6495
1987897523,301.4368431,-74.5154351,0.26009199,,19.5434,18.755899
1987897469,301.6548068,-74.55086229,-0.137503,,19.8309,18.984501
2026003726,328.7400556,-74.82967026,0.045127802,,19.0529,18.2659
316993004,335.5671796,-74.28997096,0.325683,,17.9443,17.091499
273367139,339.9974637,-74.23966132,0.29000899,,17.4317,16.6017
2025999309,327.1255888,-75.16178151,-0.26263401,,19.818701,18.913601
1987897310,301.8843977,-74.55417807,0.459299,,19.775,18.8944
1987899561,302.0533725,-74.32954367,-0.242837,,19.5823,18.8962
1988031790,310.0084197,-74.00460233,-0.191294,,19.884399,19.1164
1987960943,312.1143746,-75.09829726,0.16248301,,19.850401,19.028999
290402133,330.6549088,-75.00249013,0.21623901,,17.9237,17.1157
290402280,330.590103,-74.64123891,0.16851901,,17.885599,16.9876
290374213,330.433396,-74.14437707,0.045469299,,17.665199,16.902901
290402025,330.4561348,-75.33151687,0.27594101,,18.0947,17.165199
325341993,337.7065796,-74.75455893,0.270879,,18.223801,17.3827
270246037,333.1526396,-75.31979227,0.15133999,,17.681101,16.887899
2025999418,327.2074307,-75.02843987,0.121448,,19.188101,18.334
2025999378,327.2403404,-75.08538924,-0.016639199,,19.271099,18.416599
273367201,340.0127379,-74.41831206,0.119198,,17.7584,17.0217
277912401,354.5826577,-74.03041066,0.16634101,,17.7533,16.9135
1987898235,301.4888628,-74.45497867,0.38387299,,19.6766,18.793699
1987898317,301.6232629,-74.3716521,0.23869599,,19.9436,19.0902
1987899773,301.5275134,-74.27461865,-1.28034,,20.156601,19.3444
1987899609,301.7301429,-74.28891246,0.044894401,,19.855801,19.0751
2026003708,328.8224715,-74.80506369,0.00092681003,,19.2395,18.6054
2026003711,329.0243728,-74.80452976,-0.037012599,,19.641899,18.8818
2026003822,328.9531565,-74.68299677,-0.409565,,19.6327,18.805201
1922127255,298.9357256,-75.79020561,0.068276003,,18.784,18.0123
1922128782,299.0091309,-75.45227928,0.430107,,18.886999,17.966801
1922168311,299.1177917,-74.57132407,0.23724701,,18.9692,18.1199
1987894034,300.8686779,-75.02866607,0.391689,,19.1422,18.2847
1987883290,301.5736843,-75.41613414,-0.087984301,,18.8496,18.1922
1987883339,301.3643753,-75.40750206,0.159246,,19.217199,18.3629
1987892893,301.8056627,-75.23878953,0.100839,,18.9238,18.089899
1987961946,307.9273489,-75.8982999,0.046693601,,19.135201,18.275801
1922142613,293.7941253,-75.74207694,0.224419,,18.7756,17.895599
1922159679,293.7621087,-74.60352734,0.066250399,,18.6668,17.936399
1922164520,293.8307092,-74.12530948,0.092131801,,19.1563,18.334
1922129434,297.7271643,-75.64142122,0.30935499,,18.873501,18.0079
290404671,330.9219366,-75.2780367,0.46107599,,17.426901,16.4981
2054760320,342.5035097,-74.32458944,0.156084,,18.756599,17.905899
2026003855,328.9591583,-74.64125007,-0.16304,,19.7714,18.896
1988025850,307.5526092,-74.36318605,0.57795799,,18.907801,18.072901
1987991806,311.8175193,-74.19464082,0.26300201,,18.778,17.9091
1987991863,311.7245742,-74.14431725,0.017728999,,18.912901,18.2342
1922127625,299.1006086,-75.72894521,-0.072688498,,19.5858,18.755501
1922126942,298.6535579,-75.90185295,0.23418801,,18.8311,17.9627
325280123,334.7427702,-74.96829628,0.44201201,,17.756399,16.8398
273367115,340.110075,-74.14931146,0.356296,,17.5326,16.710199
273367233,340.113929,-74.49612477,0.115592,,17.7855,16.992201
2025999427,327.0739499,-75.0097628,0.538414,,18.478001,17.567801
1922131771,299.0339499,-75.19712239,0.177478,,19.792601,19.033501
1987891256,300.4921594,-75.41675911,-0.039428201,,19.7651,18.931999
1922172037,297.8639082,-74.46575163,0.13025799,,18.872299,18.103901
1922173290,297.7921677,-74.09453244,0.446289,,18.246799,17.497801
1987902112,301.7227637,-74.12006452,0.069359303,,19.997499,19.0784
394653679,358.9837175,-74.04401552,0.18269201,,17.928699,17.0923
2026004811,326.9355812,-74.91275175,0.41340399,,19.7575,18.857599
2026004814,327.0183831,-74.89861128,0.074794099,,19.434999,18.5956
2026004802,327.0511502,-74.94416181,0.218741,,19.6474,18.854099
1922174069,299.7164016,-74.32559896,0.290573,,18.9356,18.042999
1922173867,299.9791093,-74.47648549,-0.143224,,18.867599,18.1224
1922127237,298.7079118,-75.81510436,-0.121569,,20.2013,19.3491
1922128051,298.5336702,-75.66677055,0.43426299,,18.633301,17.7495
1922128247,298.6422348,-75.6180817,-0.54621702,,19.926399,19.164801
1987901433,300.0616672,-74.12919697,0.27034,,18.788099,17.948
1987892298,300.5465872,-75.14955925,0.29242501,,18.837601,17.9137
1987897855,300.3301438,-74.62098241,0.25544,,18.8953,18.017799
1987898883,301.8266008,-74.44157627,0.085959598,,19.009899,18.2342
1987973153,309.8477228,-74.62891311,0.31716499,,18.624001,17.9856
2026004262,328.8194442,-74.61429038,0.181949,,19.3568,18.608801
2026004265,328.8800905,-74.61660244,-0.152116,,20.065001,19.177601
2026004277,328.7015886,-74.59639735,-0.145136,,19.5982,18.7577
1988038506,304.7100916,-74.04819695,0.37002999,,19.621201,18.8489
273367471,340.2906492,-75.16728148,0.29098001,,17.9709,17.183001
273367559,339.9255178,-75.43747336,0.27446601,,17.603901,16.792101
273367620,340.2899256,-75.6120828,0.243571,,17.883801,17.042999
1987931729,313.5177847,-75.91527805,-0.207479,,19.691601,19.008801
1987931555,313.7288473,-75.97129163,0.31934699,,18.4519,17.7437
2026004796,327.0791813,-74.95521398,0.360744,,19.9191,19.055099
2026004827,327.1728913,-74.87080441,0.066762999,,19.079,18.235399
1987931753,313.3613388,-75.9047736,0.28125799,,18.384399,17.7362
1987931740,313.6549113,-75.88787089,-0.236496,,20.2143,19.422501
2025976448,338.7299291,-75.0391423,0.091269001,,18.176701,17.4813
273368993,340.4707452,-75.82722874,0.23815501,,17.687799,16.8857
273369094,340.2724513,-75.53888093,0.32416901,,17.8193,17.0781
273369143,340.2801982,-75.37287566,0.49357501,,17.5401,16.738701
273369173,340.5635517,-75.30789279,-0.0331259,,17.8048,16.9648
2026004558,328.8287706,-74.4707416,0.15756699,,19.436001,18.541901
2026004564,328.7931582,-74.45156453,-0.0764025,,20.0229,19.191299
273369367,340.3599859,-74.77834938,0.243398,,17.694901,16.8568
273369383,340.4547971,-74.72892909,0.27575901,,17.4842,16.653799
273369418,340.2652255,-74.62569874,0.192167,,17.568501,16.861099
273369421,340.5580977,-74.62193184,0.27786899,,17.927999,17.0769
273369445,340.4621321,-74.55111334,0.12689,,17.864,17.2115
273369456,340.343666,-74.51995959,0.41856399,,17.127001,16.341801
421918709,342.5715574,-75.95097642,-0.0038481699,,17.5497,16.816401
421918762,342.5533436,-75.79343716,0.107618,,17.940901,17.1276
421918773,342.4108745,-75.75229225,0.307372,,17.531601,16.705299
421918988,342.5920648,-75.10043152,0.28758901,,17.7227,16.9806
421919149,342.4386358,-74.64527262,0.36252001,,17.4611,16.6516
290305481,328.6617114,-74.71660978,0.27231199,,17.5896,16.7819
1987962758,307.6525801,-75.74476046,-0.48733899,,19.5112,18.7271
1988025567,307.5069838,-74.48616428,-0.130246,,19.276699,18.504299
1988033421,307.7639608,-74.05237865,-0.21585201,,19.5096,18.812901
421919264,342.2242554,-74.27905713,0.29824999,,17.704201,16.8911
421919270,342.3947316,-74.26113296,0.140689,,17.9004,17.101299
1922169037,298.9351664,-74.52432855,0.552113,,19.005501,18.1278
1987891365,301.0318383,-75.45354832,0.197476,,18.902399,18.0156
2025976558,338.7729772,-74.91570971,0.094128102,,18.332001,17.562799
2026005094,327.0063144,-74.70914367,0.26117799,,18.679399,17.9307
2026005105,326.9239911,-74.67329823,0.32220599,,19.292999,18.4671
2026005153,327.4066121,-74.76374012,0.101999,,18.538099,17.8097
1987973269,310.163253,-74.53840322,0.26950401,,18.856001,17.9855
1987975293,310.0659918,-74.26531619,0.210538,,18.7658,18.032801
1987975336,309.9130555,-74.24916746,0.19279499,,18.817801,18.0369
1987955220,312.4900757,-75.87761687,0.52097201,,18.530701,17.723
1987955830,312.1828437,-75.86192932,0.28242201,,18.683399,17.825399
2026004590,328.9936748,-74.44069411,-0.0129216,,19.511999,18.68
2026004740,328.8289003,-74.35292598,-0.073882401,,18.595501,17.9359
2026005408,327.0702753,-74.53624662,0.14808901,,19.256399,18.379601
2026005410,326.9571632,-74.57008814,0.440429,,19.0289,18.183701
290305550,328.7014014,-74.92630921,0.236609,,17.598101,16.723499
421918929,342.2602885,-75.26736557,0.32651499,,17.586201,16.767401
1987955507,313.5292203,-75.75830792,-0.61429203,,19.9105,19.243
1987955510,313.4493519,-75.75021084,0.18476801,,19.607599,18.7847
1987901145,300.4449237,-74.24329517,-0.0293949,,19.0676,18.2735
1987901673,300.5716652,-74.05762571,0.384298,,18.8867,17.9839
1987881884,301.6056662,-75.86225762,0.0091078002,,18.5424,18.0714
2026018013,328.8292358,-74.25602173,0.11101,,18.9601,18.0856
2026018014,328.8812343,-74.25107719,0.323578,,19.3929,18.608601
1987956017,312.3794181,-75.64734572,0.093928702,,18.9552,18.082001
1987958985,312.3543143,-75.37192478,0.254843,,18.7577,17.878901
1922147406,293.8735171,-75.25220424,-0.0250013,,19.8363,19.0336
1988037341,304.3159005,-74.33889728,0.21532001,,18.7969,18.003901
1987962787,307.8500529,-75.67723048,-0.26936501,,19.1889,18.407499
1987963096,308.1267215,-75.61039899,0.25630999,,18.928301,18.1544
2026005491,327.1817807,-74.42586016,-0.35519201,,19.8906,19.1082
2026005948,327.0157943,-74.42120491,0.0904008,,19.3668,18.5117
2026005952,327.0860362,-74.39818866,0.068681397,,18.5317,17.7908
1987945639,319.2174241,-74.58543264,-0.200684,,20.122499,19.327101
2025976598,338.4063209,-74.93328926,0.427194,,17.9589,17.116301
2025976639,338.1873012,-74.89334553,0.263028,,18.372101,17.5229
270273337,333.8330994,-74.2152484,0.290869,,17.187099,16.428499
352511119,325.2456456,-74.98739182,0.315806,,18.001499,17.1117
352541564,324.9661198,-75.84779641,0.234644,,17.2593,16.587799
1988024540,307.5168025,-74.67075705,0.077009603,,18.818899,18.0963
1988033556,307.5376884,-74.06896352,0.50603801,,19.075701,18.3235
1987972099,311.842942,-74.48129,0.34603301,,19.116199,18.2514
1987972241,311.5427668,-74.50695117,0.35766101,,19.042299,18.2281
1987991851,311.7556467,-74.14039701,-0.0640499,,19.026899,18.1642
325341677,337.7002647,-75.54657222,0.276775,,17.156401,16.386999
1987882827,300.5040933,-75.59110798,0.56126398,,19.6982,18.7938
1987880418,301.6662237,-75.97061654,0.28127101,,19.578199,18.698601
290305782,328.5921299,-75.53704928,0.28356001,,17.682699,16.8276
2026019948,328.8777492,-74.0396432,0.173296,,18.701099,17.8571
1922164490,293.7431169,-74.16603832,-0.420692,,19.6588,18.9041
352541569,325.221524,-75.85373526,0.32840699,,17.361401,16.511101
290401891,330.4140057,-75.66698121,0.272028,,18.0755,17.1943
273604499,357.8118144,-74.55556593,0.27928701,,17.751499,16.9816
325341944,337.9461841,-74.89699042,-0.071464002,,18.1425,17.3053
325341970,337.8308011,-74.82179289,0.031583399,,18.141399,17.3193
1987946760,319.127263,-74.530558,-0.25056699,,19.715799,18.9147
325342235,337.7360315,-74.067165,0.39455399,,17.827999,17.032301
402104982,358.3454039,-75.34674624,0.238625,,17.952101,17.2346
1922169350,298.6066267,-74.42590154,0.126718,,19.6418,18.7432
1922172325,298.8717105,-74.30545161,0.190455,,19.6798,18.813601
1922172306,298.9071273,-74.33533332,-0.17698,,19.686899,18.8776
1987888455,301.8148866,-75.31736168,-0.17469101,,19.8183,18.9601
1987961943,307.8209391,-75.9069687,0.230184,,19.439301,18.6453
392759571,327.4972874,-75.42859848,0.34506699,,17.6264,16.728201
392759673,327.4356769,-75.15662435,0.134569,,17.7397,16.8302
392759674,327.3119824,-75.15583109,0.35002401,,17.339701,16.4293
1987962002,307.6522968,-75.86668017,0.038199302,,19.5945,18.8971
1987963284,307.9212207,-75.51735377,-0.033526599,,19.561501,18.736601
1987882803,300.4891049,-75.64839048,0.37253499,,20.259501,19.316601
1987891168,300.5019656,-75.47536167,-0.025698701,,20.2164,19.2801
290404406,331.1272963,-74.60181576,0.13200501,,18.4238,17.587999
290402505,330.5150174,-74.04986874,0.264108,,17.564301,16.7127
290370917,330.0254038,-74.10920925,0.15012001,,17.635099,16.7346
2026006831,327.3915079,-74.26136461,-1.21139,,20.709499,19.863199
2026006817,327.010712,-74.29876426,-0.65280497,,20.42,19.581499
2026006818,327.038898,-74.29104988,0.253409,,18.966101,18.111601
273554255,356.4065796,-74.2215155,0.73433298,,12.9235,12.5426
273554300,356.5669972,-74.28099977,3.1908801,,12.3686,11.5878
290401820,330.6038071,-75.86990966,1.39306,,14.0822,13.223
290401839,330.8179779,-75.82986718,1.5118901,,14.1438,13.2795
270244521,332.4119628,-75.60644583,0.95585698,,13.9284,13.1809
273367101,339.8430428,-74.12248921,0.211339,,18.2757,17.441601
273367102,340.1671233,-74.12426014,0.20307399,,17.971901,17.2971
1988025534,307.3899218,-74.55606114,-0.26582101,,19.5835,18.754601
1988028508,307.4361275,-74.19819674,0.45432901,,19.7159,18.8675
1988033326,307.7817566,-74.18482086,-0.26415399,,19.5504,18.826799
1988033349,307.8761142,-74.1659201,0.26848599,,19.351,18.587099
1988033589,307.5805889,-74.04922854,0.232186,,19.8123,18.954901
1987972378,312.0498294,-74.33028378,0.179515,,19.876301,19.0341
317021942,336.5483353,-75.1581859,0.32914701,,18.1332,17.241301
2026006886,327.2930565,-74.22522069,-0.244581,,19.9865,19.1024
273554616,356.4882903,-74.78211752,1.74681,,10.5264,10.0657
277891470,353.730868,-75.98866931,1.9518,,12.5639,11.842
277891603,353.8803425,-75.51048291,1.58409,,12.6151,11.7926
277891605,353.8929059,-75.50911504,1.01592,,13.533,12.7741
277891646,353.7835012,-75.38357484,1.3989,,13.1846,12.498
277891807,353.6257621,-74.87121008,2.2512,,13.4286,12.591
273554351,356.5316178,-74.36794346,1.50278,,13.3568,12.573
273554598,356.6610487,-74.75785845,1.09899,,13.5155,12.8363
273554757,356.6547372,-74.94566209,0.98608702,,12.3582,12.0444
273554811,356.3662122,-75.0075947,1.3411601,,13.5511,12.8622
270203514,332.2043902,-74.03687872,0.27832901,,16.8563,16.0247
2025989007,329.966993,-75.95308323,0.48054001,,17.9154,16.9881
273554824,356.561738,-75.0339542,1.9104,,13.3039,12.5499
273554896,356.3409229,-75.17346599,1.56039,,13.3382,12.6587
273555056,356.7253583,-75.39611709,3.7819901,,12.117,11.3183
1922127493,299.7412641,-75.73520806,-0.66194499,,19.835199,18.875999
273367570,340.1660371,-75.4598651,0.33673,,17.571899,16.867399
273368980,340.5283635,-75.87528002,0.417665,,17.1521,16.2707
392759887,327.5851941,-74.55423202,0.244773,,17.7693,16.887899
1987947098,319.7733829,-74.40971247,-0.77372801,,20.285299,19.485399
1987947582,318.9127666,-74.25811197,-0.043853499,,20.019699,19.156401
2025995960,331.3117316,-75.03730678,0.090935297,,18.313,17.4734
392762385,327.890947,-75.66968241,0.36074099,,17.527,16.6196
270203277,332.1982692,-74.7274487,0.20813701,,17.3013,16.464199
273369163,340.4215947,-75.32606069,0.30472499,,17.647699,16.895901
1988029120,305.8968674,-74.16297925,0.064557798,,19.6408,18.9009
1987947648,318.8566619,-74.20024633,-0.191616,,20.2698,19.3923
1987893759,302.4773726,-74.86911293,0.259152,,19.7712,18.8647
1987894359,302.2795206,-74.84107517,0.238793,,18.614401,17.747601
1987894429,302.0533281,-74.80437365,-0.00134265,,19.914301,19.070299
1987894431,302.0745739,-74.7963664,-0.827537,,19.922001,19.1325
290351902,329.6184476,-74.64941895,0.25467199,,17.850599,17.0109
290303539,328.3438001,-74.19732206,0.56883198,,15.9683,15.088
290404390,331.1788166,-74.56059385,0.45432699,,16.2948,15.4529
270244352,332.5170506,-75.13539163,0.30155399,,15.2485,14.6391
270248237,333.2020976,-74.31702849,0.417564,,16.3445,15.503
2026007024,326.8992676,-74.12789198,-0.18640301,,19.557301,18.771099
2026007018,327.0475575,-74.12710139,0.017033299,,19.5446,18.6712
2026007271,326.9216082,-74.05317352,-0.40813899,,19.628401,18.946199
2026007281,326.9922619,-74.03388742,0.043370198,,19.2946,18.431999
290402391,330.5846831,-74.33227002,0.32465801,,16.6063,15.7407
1987973319,309.9703847,-74.51806047,0.195464,,19.6901,18.948099
290351979,329.3676625,-74.84328264,0.197303,,17.4431,16.5564
290351981,329.6012229,-74.84887186,0.26131499,,17.5909,16.7234
290352000,329.5681433,-74.91054012,0.225429,,17.3281,16.477501
270173485,331.251088,-74.49188326,0.130134,,17.8594,17.044001
421918726,342.5129444,-75.90112812,0.368352,,17.697701,16.9645
290374539,330.2099963,-74.59020882,0.044971898,,17.907801,17.131599
290404450,331.0387249,-74.72277811,0.166356,,17.367599,16.5954
270246009,332.937797,-75.42627633,0.22107799,,17.414301,16.567699
290374924,330.0599587,-75.19456635,0.39914599,,17.391399,16.492399
1922169025,299.1036994,-74.50212326,-0.16306201,,19.413401,18.6089
1922147399,294.0205292,-75.2437356,0.078325197,,19.5394,18.669901
1922147851,293.8095737,-75.0724599,0.30770499,,19.138,18.301001
1922164527,293.8713254,-74.10920799,0.130528,,19.724701,18.9055
1922129427,297.6887414,-75.66210806,0.064874902,,19.450899,18.532499
1987893042,301.7384383,-75.15198173,0.198741,,18.8335,18.060301
1987897270,301.6302829,-74.60552312,0.075079702,,19.1173,18.2106
1987955521,313.5362719,-75.72325734,0.30405399,,18.942301,18.118999
1987947904,319.0076518,-74.16891536,-0.104068,,19.056299,18.321199
2054669635,342.9686595,-74.75114758,-0.0218476,,18.460199,17.656099
1987897528,301.5981403,-74.49021642,0.316479,,19.6493,18.759199
2026010868,330.790946,-74.42272312,0.199549,,18.443501,17.614401
2054669651,342.7697608,-74.77554354,-0.25253299,,18.8673,18.0938
2054669728,342.7815136,-74.67712856,0.173306,,18.49,17.6644
1987883109,301.6591973,-75.46683933,0.069045201,,19.3141,18.4286
316993009,335.8518488,-74.30835727,0.25344399,,17.815599,16.991301
316993010,335.8974093,-74.31302318,0.064178802,,17.9084,17.088301
316993021,335.8060658,-74.33782021,0.254419,,17.712999,16.880199
316993030,335.6920316,-74.3690908,0.198125,,18.021299,17.2486
1987892927,301.3529359,-75.27089227,-0.0115355,,19.573799,18.681299
2054757095,341.81699,-75.05606944,0.0294917,,18.8435,18.0242
2054757108,342.0467091,-75.02633491,0.111747,,18.1882,17.4627
273604239,357.5289303,-75.2485811,0.119561,,18.34,17.517099
277912303,354.6668696,-74.33959341,0.31979099,,17.560801,16.8085
277912383,354.5748632,-74.08352472,0.0327987,,17.5651,16.7169
290303238,328.2805325,-75.03910924,0.95103401,,14.8207,13.9073
1987972078,311.6740901,-74.5207032,0.241714,,19.384399,18.5385
1987989595,312.1398223,-74.1944122,0.526775,,19.490999,18.638599
290303385,328.2505202,-74.63061199,0.73036599,,15.0197,14.1792
290303572,328.3419194,-74.11096574,0.48452601,,15.8679,15.078
290303597,328.1262043,-74.0160698,1.49727,,14.3924,13.503
270244105,332.6482005,-74.43746726,0.65478897,,15.1513,14.2636
273604413,357.7071043,-74.78396828,0.116635,,18.4077,17.5888
273604539,357.7062904,-74.42164733,0.105123,,18.157499,17.471001
394653790,358.8012655,-74.43482139,0.396725,,17.616501,16.7995
394653913,359.0149584,-74.79937266,0.197836,,17.6628,16.950001
1922130944,297.8157826,-75.18629865,-0.255483,,19.339399,18.451599
1922172090,297.9155696,-74.39246319,-0.0086706001,,19.4942,18.652
1922132929,299.6299104,-74.80332357,-0.282224,,19.4158,18.537201
1922126432,299.0197965,-75.95143888,0.528624,,19.2682,18.3661
1922131776,299.1596451,-75.18890972,0.68744999,,19.5207,18.6192
290302981,328.371625,-75.72903509,0.46679699,,15.0477,14.2033
1922168388,299.5819957,-74.51982339,-0.24056301,,19.18,18.5273
1922132077,299.9802456,-74.95760483,0.21111199,,19.5434,18.6698
1922133057,299.7613811,-74.74349336,-0.137927,,19.5611,18.662399
1922174050,299.9372086,-74.30557922,0.58833998,,19.1765,18.276699
392759522,327.3277389,-75.5812835,0.132081,,17.8062,16.911301
392759909,327.4539297,-74.50008437,0.30424699,,17.3288,16.506201
1987891088,300.5045147,-75.55027003,-0.083150901,,19.372,18.5007
1922172691,299.0449032,-74.156448,0.59927398,,19.783501,18.924
1987894068,300.8564007,-75.00280772,-0.188023,,19.555,18.660801
1987898340,300.9763763,-74.46690557,-0.29685101,,19.356701,18.500099
1987903019,301.028411,-74.0036929,-0.485421,,19.5979,18.738199
1987882755,300.7151681,-75.664287,-0.100736,,19.444599,18.698099
290404721,331.0498241,-75.38042868,0.20289101,,18.0784,17.1507
277912409,354.6792807,-74.00424887,0.38424599,,17.631701,16.831699
1987947942,319.0956292,-74.11165951,-0.32717499,,19.526899,18.7579
2026030201,321.7890323,-75.93374899,0.227211,,19.4669,18.679199
2026030107,321.9469246,-75.94819701,-0.156516,,19.343,18.599199
1988038430,304.5581079,-74.09173878,-0.077877499,,19.378099,18.5149
1988038680,304.8052553,-74.00038619,-0.285855,,19.646099,18.773001
290349898,329.0609157,-74.19857099,0.24735899,,17.976,17.157101
270172948,331.5934062,-75.97402574,0.0858014,,17.628401,16.837799
270173298,331.4869675,-74.96714703,0.226974,,18.035,17.220501
270200896,331.6028088,-74.22382093,0.090753101,,17.9181,17.167299
270201345,331.682112,-75.4941883,0.166042,,18.061399,17.132401
277912345,354.4312847,-74.22510342,0.18867999,,17.8657,17.0443
1987897853,300.4524978,-74.59213927,0.0496158,,19.259899,18.498699
1987900792,300.2508292,-74.28501639,0.017784599,,19.306999,18.4289
1987883230,301.0397863,-75.46245974,0.15680499,,19.504601,18.764099
1987897326,301.9320983,-74.52586402,-0.28916299,,19.4573,18.587
1987899795,301.838398,-74.24897074,0.28423801,,19.633301,18.74
270205214,332.633664,-74.1580591,0.77859902,,15.2186,14.4523
270244134,332.6726988,-74.51226888,0.652785,,16.0697,15.1972
2026008052,332.4411552,-75.01766655,-0.41365099,,18.8057,17.931499
290404648,330.9608777,-75.22137228,0.66198999,,15.9713,15.0501
1987899831,301.4567957,-74.24169482,0.102681,,19.4272,18.5972
1987931571,313.6583226,-75.96206672,-0.0860295,,19.577499,18.7446
1987972410,311.5939723,-74.33155154,0.238087,,19.504801,18.6553
270248184,333.3848996,-74.15809537,0.78554499,,14.9187,14.0911
270248217,333.4320408,-74.25780382,0.82341099,,14.7645,13.9241
270248324,333.5658611,-74.50237558,0.84313703,,14.6852,13.908
2025992766,331.0486614,-75.6003344,-0.17878,,18.9571,18.0865
1922127000,299.0831066,-75.87528535,0.069586799,,18.866699,18.094101
1922128738,299.1389261,-75.43771917,0.308402,,19.516399,18.600599
1922131822,299.0230007,-75.18576355,0.550448,,18.9088,18.1814
2025996182,330.8224849,-74.81639903,0.178983,,18.1301,17.384501
1987898873,302.2286591,-74.39159895,0.38934699,,18.694799,17.7889
273554190,356.7182661,-74.09775359,1.4205101,,14.0449,13.2332
273554431,356.6928991,-74.49194675,1.1043,,14.1374,13.3433
277891516,353.8249817,-75.82156692,0.42956999,,16.455601,15.6871
2026010431,330.8659553,-74.68936301,0.0131132,,18.6495,17.756001
1987899863,301.9175416,-74.22478187,-0.31201801,,19.5984,18.8463
1988029075,305.757098,-74.24921424,0.018191,,19.0404,18.2537
1987972988,310.1805404,-74.68151794,0.24736799,,19.391399,18.688601
1988031787,310.0358018,-74.0140823,0.19648799,,19.482599,18.7335
1988031788,310.0277598,-74.01246581,-0.180857,,19.354401,18.6341
1987958852,312.3569571,-75.43332192,0.039212599,,18.8955,18.310801
2026010476,330.8827458,-74.68333691,0.097846903,,18.439501,17.6625
1987960393,312.7683924,-75.14939858,-0.039395701,,19.212099,18.420799
1922142948,293.8165448,-75.57891953,-0.144217,,19.561899,18.787201
1922164164,293.7982241,-74.29334951,0.33878899,,19.610701,18.735901
1922164502,293.8164524,-74.14849725,-0.261778,,19.729799,18.833099
1922130606,297.8665959,-75.33640535,-0.21920399,,19.459801,18.548
1922169446,299.1148582,-74.34428911,0.31831601,,19.3412,18.524799
1922172692,299.0800544,-74.14802499,0.251825,,19.215401,18.420099
1987894112,301.0993083,-74.9201613,0.60436702,,19.2218,18.350599
1922172978,297.9426096,-74.24225198,0.35556599,,19.3577,18.6262
1922173234,297.9997237,-74.10818293,0.062454399,,19.4629,18.642099
1987931575,313.6638985,-75.94810427,-0.0104925,,19.3477,18.603901
1987931821,313.812077,-75.82942755,-0.212813,,19.472401,18.6558
1987948152,319.0931503,-74.01359963,0.40352499,,19.581301,18.7945
1987893210,301.7502367,-75.0933532,0.406315,,19.037701,18.1346
1987893285,301.7936422,-75.01045748,0.090610303,,18.9643,18.107
1987893972,301.373126,-74.99200403,0.28978801,,19.0303,18.144501
1987894307,301.8625973,-74.85816099,0.106184,,18.9328,18.171499
1987894485,301.6831699,-74.86492414,0.445384,,19.1991,18.296801
1987897185,301.661475,-74.64986381,0.22129101,,18.812599,17.983999
1987897210,301.8275052,-74.65430389,0.04532,,19.0886,18.2486
2026017310,330.2005343,-74.40631519,0.28783599,,18.313999,17.4177
2054617862,341.5225544,-75.97900317,0.112383,,18.449301,17.622
2025968870,332.9008706,-75.91215025,0.306164,,18.338301,17.452101
2026011761,331.4934986,-74.18958038,-0.100857,,18.380301,17.503599
1922131649,299.8747028,-75.17893224,0.35779199,,19.629801,18.830099
2025969402,334.1581757,-75.7370045,0.105331,,18.565901,17.609501
1987899013,302.3300177,-74.31384894,0.25514701,,18.8568,18.005301
1987899708,301.9478964,-74.2434043,-0.33475101,,19.622,18.7747
1987899743,302.1312485,-74.18016549,-0.57104498,,20.251101,19.4526
1987897379,301.4789857,-74.59507845,-0.0246912,,18.9603,18.1553
1987902036,301.5402356,-74.14701713,0.49866599,,19.0205,18.227699
1987931732,313.6614223,-75.91022794,0.108291,,18.871099,18.021799
1987931864,313.7030558,-75.78469941,0.23864201,,19.109699,18.2812
1987946909,318.9895577,-74.5055032,0.39302999,,19.025801,18.2752
277891810,353.9390662,-74.86069969,0.350288,,16.894699,16.070601
277891647,353.6363277,-75.38081247,0.37218899,,16.5308,15.7223
277891503,353.9188723,-75.86049049,0.51932901,,16.0336,15.1745
277891704,353.838956,-75.17704309,0.670048,,15.7001,14.8884
277891737,353.6904426,-75.07631848,0.51275599,,16.191099,15.342
277891757,353.7699448,-75.00579321,0.441466,,16.043301,15.2085
1987947918,318.9953637,-74.15041149,0.20887101,,19.027599,18.297199
2026030198,321.8347721,-75.93648671,0.15091801,,19.0033,18.1637
1987894554,301.5634678,-74.77490415,0.60884798,,19.192699,18.289101
273554460,356.5318719,-74.54859488,0.59973502,,15.587,14.7961
273554645,356.3691386,-74.80365528,0.45088199,,16.141199,15.3475
273554907,356.7259952,-75.18685349,0.66543102,,16.287399,15.4511
273555087,356.4597553,-75.45745721,0.46238199,,15.8433,15.0907
1922174615,299.5698779,-74.03177462,0.64303702,,19.5956,18.7416
1922127561,299.7752017,-75.67409433,0.37805301,,19.389299,18.4744
1922128930,299.7110454,-75.55149417,0.55417699,,19.5539,18.617901
1922129338,299.7567787,-75.28967119,0.056035001,,19.6873,18.7656
1922173915,299.7811109,-74.45281995,0.47356901,,19.5674,18.714001
1987891971,300.4401511,-75.26470436,0.38048401,,19.5658,18.692301
1987898502,301.4546751,-74.32615975,0.35437301,,19.3892,18.554701
1987899591,301.627024,-74.34069097,0.15077899,,19.0903,18.329201
1987902040,301.5974046,-74.13337272,0.13375001,,19.1616,18.236401
421916991,342.2378247,-74.04185567,0.255512,,18.3029,17.502701
290303364,328.4264048,-74.70730237,0.25510699,,16.398199,15.5856
290370174,329.7037237,-75.14275999,0.34582999,,16.474001,15.6117
2026009796,331.3859411,-74.91493215,-0.32411,,18.7724,17.888201
290402187,330.4570562,-74.84228402,0.052598801,,16.6558,15.7484
270203240,332.3537376,-74.82303451,0.37293601,,16.259001,15.3635
277891483,353.726035,-75.96035571,0.97007602,,14.2523,13.3965
277891506,353.9771108,-75.84850738,0.87719798,,13.9892,13.3168
290303245,328.4293188,-75.02806962,0.39971799,,15.9546,15.0701
277891584,353.9928924,-75.57501227,1.0465699,,14.4726,13.6308
277891714,353.6212125,-75.15833368,1.13785,,14.1667,13.3612
277891818,353.8847114,-74.8409365,1.0783,,13.879,13.0854
273554184,356.6694842,-74.09457437,0.93743402,,14.7041,13.9288
1987901094,300.6860802,-74.25714675,0.229959,,19.264601,18.471399
1987881971,301.5654142,-75.76573232,0.156454,,19.066,18.138599
423238848,297.3308935,-75.7147855,3.3237801,,12.1819,11.3309
423239258,297.4032565,-74.99262784,1.73746,,11.394,10.7269
273554604,356.6420634,-74.768034,1.01548,,14.5561,13.8337
273554854,356.6192442,-75.10573416,1.23594,,14.005,13.1964
423239527,297.3375374,-74.5278265,2.2017,,12.8518,12.012
325252283,318.3280506,-74.30151868,1.13009,,12.3258,11.7684
325252337,318.6460415,-74.19202155,1.67714,,13.423,12.6185
1987882945,301.1395754,-75.57841686,-0.45536101,,19.714399,18.841801
1987898893,301.7980104,-74.42514851,0.014549,,19.4645,18.597799
1987899550,301.8462594,-74.34237771,0.210329,,19.686701,18.858801
2026010373,331.3670759,-74.50279776,-0.138624,,18.3113,17.5226
2026010732,331.0115334,-74.50936928,0.165571,,18.403601,17.569401
2026012056,331.7792534,-74.03693477,0.21303999,,18.089701,17.409
2025978046,335.1807764,-75.50757748,-0.052288901,,18.6926,17.750401
2025979283,334.7338855,-75.63676786,0.19979601,,18.5744,17.628901
1988038608,304.5205279,-74.03148125,0.42278099,,19.4025,18.627199
270203141,332.0625878,-75.04863053,0.33225101,,17.2034,16.2855
270246425,333.0955499,-74.28324813,0.46812701,,16.8874,16.025101
423239182,297.467979,-75.10187473,1.05205,,13.0075,12.1684
423239824,297.1421411,-74.01412924,1.87009,,12.9143,12.1297
1987962104,307.9314868,-75.79187167,-0.16130801,,19.2505,18.4849
1988024484,307.6188689,-74.72324052,0.230001,,19.361,18.542101
1988024800,307.709807,-74.63495665,0.147366,,19.092199,18.2857
2025979384,334.2123909,-75.58872856,0.095593899,,18.791901,17.855801
277891634,353.6544575,-75.43326511,1.14975,,14.4652,13.6197
277891745,353.8289365,-75.03094738,0.60344702,,15.8601,15.0045
277891753,353.6976699,-75.01252221,0.68043399,,15.0987,14.2546
325251717,318.623472,-75.5351502,1.003,,12.5903,11.777
325251779,318.5544553,-75.35706467,1.09782,,12.2833,11.8677
325251912,318.4837771,-75.10180812,2.1451499,,13.2838,12.4747
325252001,318.574523,-74.89332165,2.97086,,12.2199,11.4457
325251682,318.4826258,-75.600525,0.424182,,16.704399,15.8437
404195010,298.5200853,-74.02549176,0.179235,,16.274799,15.4863
325252106,318.4880119,-74.6476693,0.42710501,,16.1908,15.3938
423239403,297.0773988,-74.7220067,0.440795,,16.461901,15.5912
271577087,319.1242006,-75.88310629,0.55414599,,15.3444,14.6422
2026012128,331.2107413,-74.0480798,0.047602501,,18.5084,17.6635
2025979791,333.8626593,-75.41193301,0.132368,,18.6285,17.738701
290303177,328.471913,-75.21159235,0.506854,,16.973801,16.063
270248111,333.3355204,-74.00577088,0.330596,,17.7106,16.873501
325251780,318.4897871,-75.35053011,0.55421901,,16.374599,15.5271
325251787,318.5945944,-75.33967927,0.364389,,16.4907,15.7047
325252213,318.3512319,-74.43035196,0.25948799,,16.0107,15.371
1988025565,307.5188576,-74.48971364,0.43083599,,18.9821,18.206301
1987972407,311.688024,-74.31883799,0.386843,,19.4298,18.618999
273604621,357.6463768,-74.18755319,0.23761301,,18.007,17.206301
2026012873,333.267229,-74.33750119,-0.104509,,18.7353,17.972601
1987900298,302.3289918,-74.03304154,0.46532601,,18.5093,17.594299
325252379,318.6623501,-74.10822809,0.28247499,,16.254801,15.4043
325252391,318.4293888,-74.07778053,0.423738,,16.3997,15.5224
423239606,297.2683053,-74.3652351,0.81765002,,14.4877,13.6817
273554504,356.4150662,-74.61569506,1.04254,,14.3602,13.5449
423239102,297.1748085,-75.23161422,0.78792,,14.3928,13.5763
2025977173,335.6723004,-75.85271329,-0.087045498,,18.5385,17.7474
2025977236,335.7161734,-75.77188224,0.147598,,18.279301,17.3442
2025977237,335.8836399,-75.78698347,0.107103,,18.353701,17.402
2025977252,335.7840114,-75.72581594,0.25211799,,18.26,17.3284
290303408,328.2796053,-74.56525081,0.31231001,,17.238001,16.377501
1987873568,307.1100313,-75.9514774,-0.121157,,20.2068,19.328899
325251769,318.3693047,-75.40511277,1.56635,,14.1059,13.2698
273554828,356.6842222,-75.04737434,0.62608302,,15.3162,14.4706
273554972,356.4773319,-75.27189546,0.74392402,,14.1596,13.4086
1987973314,310.1689564,-74.52012545,-0.0083292602,,19.502001,18.649
1987955864,312.1670521,-75.80819311,-0.084641799,,19.506901,18.631201
1987959217,312.2638592,-75.21246723,0.138301,,19.166901,18.4359
290404563,331.0355557,-75.00907115,0.115752,,17.957701,17.066
1987873856,307.0291754,-75.76884787,-1.03148,,20.8076,19.9088
270205213,332.7081881,-74.14984317,0.389626,,17.0606,16.189899
1987962891,307.0046599,-75.69890263,-0.351688,,20.122801,19.2631
317017818,336.1499892,-75.13860345,0.125256,,17.900801,16.986
2025977892,335.4673913,-75.54933753,0.26238,,18.143,17.253201
2025979763,334.5045996,-75.21863968,0.077721402,,18.752501,17.9126
325252073,318.3866831,-74.72724252,0.678307,,15.5163,14.6919
325252246,318.3244174,-74.37054011,0.84282398,,14.6601,13.882
325252373,318.3756982,-74.11867628,0.77248299,,15.2717,14.4624
1922164281,293.7769821,-74.18954507,0.13203301,,19.056999,18.179501
1922171793,297.9656049,-74.57589867,0.088055,,19.065701,18.215799
1987965617,306.7780919,-75.45629999,0.22730599,,18.432899,17.7085
1987965681,307.0192136,-75.42798814,-0.27852699,,20.114599,19.2836
277891515,353.8003244,-75.82697874,0.45263499,,16.372999,15.5016
1922173227,297.9065748,-74.14494625,-0.050034799,,19.031099,18.233101
1922167835,298.8969956,-74.74454507,0.42109999,,19.1147,18.2836
1922172315,298.8148916,-74.32038927,0.30753499,,18.803801,17.9561
1922172311,298.7919977,-74.31856515,0.35540399,,18.6222,17.7167
423239214,297.4073838,-75.05485743,1.20272,,14.6799,13.808
270248327,333.1999425,-74.5119901,0.244837,,17.255301,16.3613
290302936,328.4591164,-75.8688045,0.239943,,17.0903,16.163
1987965729,307.1072814,-75.37043799,0.234384,,18.344299,17.6033
1987965712,307.1527253,-75.39246301,-0.0013919499,,20.2743,19.4107
1987966358,306.8567566,-75.33935344,-0.12619001,,19.7472,18.9188
2025980158,334.0522893,-75.13918324,0.191075,,18.4818,17.654499
2025980122,334.237915,-75.17468708,0.104871,,18.2096,17.377001
1922168176,299.674825,-74.58117658,0.22446699,,19.105499,18.208799
1922168209,299.8223875,-74.52634385,-0.175799,,18.990499,18.156099
1922174276,299.5982178,-74.20518884,0.37161401,,18.8627,18.0506
1922126618,299.9282005,-75.88958111,0.050006099,,18.8964,18.054899
2025981066,334.0790581,-75.0183275,-0.284655,,18.8974,18.1238
2025980389,335.170728,-75.21272154,0.0137004,,18.6756,17.738899
325251684,318.5716608,-75.59471736,0.97427499,,14.5777,13.7021
325251702,318.2807525,-75.56566765,1.03541,,14.4327,13.5502
325251735,318.4520528,-75.48693249,0.449424,,15.8917,15.0113
325252024,318.630689,-74.83374844,0.832331,,14.6504,13.7921
270248177,333.5205727,-74.14539151,0.208905,,17.0214,16.2861
290303388,328.1174757,-74.61352964,0.377664,,16.728001,15.858
2025980878,334.9964231,-74.88801077,0.127147,,18.658501,17.7099
277891521,353.714637,-75.80404718,0.38259399,,16.6689,15.8013
277891545,353.8826338,-75.71536988,0.59570301,,16.886299,16.078699
1922126762,299.8014995,-75.8459038,0.079830997,,19.0639,18.1723
1922128861,299.9906134,-75.62339522,-0.084066398,,19.3036,18.4433
325252231,318.3595028,-74.40075467,0.71945399,,15.7597,14.9042
325252242,318.2841271,-74.37973978,1.0537,,13.9127,13.1504
325252432,318.355452,-74.00261826,1.52984,,13.8224,12.9489
1922173977,299.9340424,-74.35488901,0.66211802,,18.791,17.9083
1987882927,301.217781,-75.61843011,0.175088,,18.923401,18.061501
2025977991,335.2625213,-75.56111939,-0.268188,,18.9182,17.955099
290303363,328.31096,-74.71093166,0.264799,,16.927601,16.0485
277891785,353.8857766,-74.92750969,0.54057801,,16.426399,15.6071
277891824,353.7590139,-74.82309503,0.29503199,,16.832199,16.0478
273554151,356.5194409,-74.01908233,0.36926901,,16.467199,15.6232
2025981082,334.1201276,-74.97024818,0.0281967,,18.535299,17.6691
2025981135,334.0724842,-74.93973244,0.020226,,18.6481,17.7582
2025978896,335.4040696,-75.25454195,0.0034390499,,18.488701,17.5709
2025981412,334.2373482,-74.7290279,-0.239803,,18.3503,17.4853
2026109539,338.1038633,-74.19658328,0.27250201,,17.8512,17.046801
2026109543,338.2562838,-74.21447892,0.0208911,,18.273899,17.4788
2026109565,338.4839398,-74.2095265,0.050841499,,18.4611,17.659201
2026109566,338.4816166,-74.20392659,-0.0121472,,18.6395,17.827999
1987967022,307.2938194,-75.08331624,-0.095460802,,19.8507,18.954599
1987967071,307.1648497,-75.0706449,0.221183,,20.158899,19.2808
273554303,356.3561138,-74.28634467,0.53926003,,15.9701,15.1965
273554672,356.5882102,-74.83039914,0.27043101,,16.806101,16.049801
1988022860,306.9171545,-74.99080413,0.133692,,19.9559,19.1397
2025978960,335.6724701,-75.21150017,0.218353,,18.184299,17.3013
421917530,342.2532949,-75.76911745,0.189577,,18.1448,17.2854
2025971696,339.9448728,-75.88744855,0.059147,,18.432699,17.581699
2025971699,339.7723584,-75.91228077,0.00169324,,18.6485,17.807899
273554689,356.7228302,-74.86915669,0.249561,,16.8901,16.075701
273554670,356.6102928,-74.82972348,0.483349,,16.4674,15.6354
273554555,356.4062152,-74.70097842,0.34294799,,17.2272,16.3825
2025979123,335.7991687,-75.20942991,0.148059,,18.350599,17.4214
273604252,357.9008945,-75.20798846,0.216985,,17.8745,17.0609
2025979247,335.8645532,-75.01212625,0.104076,,18.4268,17.4877
2025980367,335.0829456,-75.26893624,0.15456299,,18.749201,17.8347
352566973,326.4315954,-75.06103574,0.529342,,17.2111,16.3936
273554173,356.4327911,-74.05037723,-0.094186001,,17.840799,17.1406
273554783,356.7082463,-74.97501699,-0.077441096,,17.7285,17.378599
277891784,353.8185548,-74.93314779,0.35052699,,17.4571,16.706499
290404814,330.7660772,-75.64344407,0.078852601,,18.1563,17.482401
2025971721,339.7409467,-75.87129415,0.094723597,,18.262699,17.407499
1987899886,302.0348884,-74.16329154,0.233044,,19.2537,18.421801
1987899927,301.9330478,-74.12906616,0.40697601,,19.327101,18.451
1988029113,305.7839475,-74.20233445,0.31064999,,18.9713,18.3232
1987973309,310.1338099,-74.53268708,0.28555501,,19.196301,18.4366
273604550,357.7642122,-74.39219337,0.242428,,17.6987,17.0161
273604641,357.8632935,-74.12006315,0.224645,,17.9589,17.143
290303309,328.3048705,-74.85295824,0.17905401,,18.454399,17.5933
290303577,328.340629,-74.09787733,0.21886,,18.091299,17.236
290303582,328.3219343,-74.08902393,0.18165401,,17.9944,17.2313
270246392,333.1676625,-74.35883463,0.192926,,17.3918,16.531099
270248149,333.4429149,-74.09906784,0.28091899,,17.49,16.675699
270248401,333.4798601,-74.69438919,0.20424201,,17.540701,16.7698
2025971747,339.3707045,-75.93499199,0.087918699,,18.9053,17.9884
2025971754,339.2176669,-75.93470512,0.134982,,18.0368,17.278099
2025971797,339.2610914,-75.84056254,0.17592999,,18.1443,17.3095
2025971814,339.5211936,-75.85074777,-0.27672499,,18.8556,17.9708
290402515,330.4838584,-74.02006289,0.32640001,,17.977501,17.0891
1988024412,307.022129,-74.79777082,0.44142199,,18.302601,17.422001
1988025005,306.8598801,-74.76402273,-0.33215401,,20.087,19.2924
277891475,353.7658296,-75.98288076,0.329555,,17.3759,16.5047
270272951,333.5946635,-75.26464952,0.27585399,,17.289801,16.41
270273260,333.909127,-74.42057453,0.40668401,,17.3566,16.529699
317017840,335.9703367,-75.07256176,0.296702,,17.1593,16.259701
317021260,336.6019703,-74.01982603,0.35249099,,17.156601,16.313299
2025973426,339.0315827,-75.74572134,0.165508,,18.4662,17.682199
270244629,332.4475037,-75.89747075,0.145283,,17.9657,17.178499
270244630,332.6212604,-75.89990541,0.206576,,18.1695,17.2474
1988025062,306.8016569,-74.71756965,0.174575,,18.473101,17.7997
2026110307,338.9598109,-74.14443296,-0.214948,,18.577999,17.877501
2054760347,342.1741326,-74.30604647,0.191456,,18.364201,17.5229
2054760483,342.7804692,-74.24451985,0.29765901,,17.971701,17.1691
396215001,301.1892075,-75.496267,0.31455299,,17.191601,16.323
325251539,318.6123802,-75.93701384,0.10655,,16.4055,15.7275
325251855,318.332125,-75.21108063,0.32751799,,17.0776,16.2069
325251602,318.415332,-75.78986605,0.515966,,17.022301,16.1411
325251666,318.5402735,-75.64738179,0.051457401,,16.632401,16.0179
325251738,318.6581781,-75.4822342,0.338781,,16.500999,15.6198
325251746,318.5892274,-75.46094853,0.43732899,,16.9466,16.1492
2054760510,342.597834,-74.27563859,0.24863601,,18.128401,17.4062
2054760577,342.8175434,-74.15090565,0.209635,,18.296301,17.4505
2054655575,352.9068245,-74.31362687,0.0715321,,18.563,17.7335
1988025366,306.9628202,-74.57068111,-0.51816899,,19.8062,18.9921
325251801,318.6364797,-75.31506316,0.327007,,16.933399,16.065201
423239142,297.1324432,-75.15722481,0.243708,,17.018801,16.189301
325251871,318.5005427,-75.19429513,0.34104499,,16.99,16.167101
2054655648,353.170912,-74.32361001,-0.108653,,18.396601,17.669201
1988025412,307.2004675,-74.48969567,-0.063551098,,20.0916,19.245501
2054655789,352.9995254,-74.21266263,0.462127,,17.3333,16.5149
2054655792,352.8964427,-74.25815623,0.31592599,,16.6668,15.8507
2054702840,353.6526607,-74.14104662,0.108792,,18.151699,17.347401
2054702881,353.3635595,-74.08732736,0.130798,,18.302,17.4722
325252009,318.3114498,-74.88477462,0.37623501,,16.701401,15.8875
325252264,318.4491807,-74.33539672,0.38040799,,16.870001,16.033701
325252399,318.5032477,-74.06378185,0.28262001,,16.435101,15.6019
1988028006,306.9011664,-74.41017067,-0.14883099,,20.169201,19.3221
1988028344,307.2434714,-74.3395932,0.214091,,18.3943,17.6968
1988028433,307.4082769,-74.29689045,-0.64126801,,20.0432,19.232
1988028554,306.9955108,-74.27899333,-0.54213399,,20.1768,19.344299
2054702973,353.1704288,-74.04473547,0.217269,,17.3288,16.5534
1988028722,307.12192,-74.14698181,0.264112,,18.3015,17.5392
277891565,353.8903508,-75.641565,0.30877799,,16.744499,15.9046
2054638331,352.0960931,-75.92177532,0.193523,,18.2801,17.440901
325252003,318.4432002,-74.89102437,0.429086,,16.571501,15.7236
2054638442,351.9042004,-75.76046788,0.072788499,,18.1698,17.364799
2054638450,352.1697542,-75.75838653,-0.0055041998,,18.358801,17.5989
273416792,341.6731833,-74.47827479,0.14451399,,17.3032,16.601601
273416873,341.5770556,-74.70552762,0.27120301,,17.412701,16.7388
325251782,318.3225319,-75.34606642,0.68613899,,15.7075,14.8689
2054638538,352.9724551,-75.72811386,0.164307,,18.3545,17.492901
273417174,341.4945124,-75.48940001,0.347783,,17.263399,16.4963
273417190,341.5490817,-75.54113878,0.21623901,,17.3368,16.532301
421917024,341.8429146,-74.11623361,0.17262,,17.270901,16.6632
421917042,341.9641739,-74.18847932,0.340395,,17.252501,16.5334
421917088,342.1907355,-74.31280493,0.414565,,17.510099,16.7456
2054638583,352.4061317,-75.75922853,-0.0141787,,18.819099,18.0375
2054638597,352.2240659,-75.72787416,0.060208,,18.558901,17.705601
1987967850,309.0150684,-74.97445725,-0.57233602,,19.6693,18.860701
2054638689,352.124269,-75.60055169,0.216139,,18.0905,17.3009
2054638699,352.2652693,-75.57435734,0.190457,,18.5165,17.720501
270244481,332.5580562,-75.49660958,0.35035199,,17.9233,16.985701
1987968016,308.9456398,-74.92278945,0.23144799,,19.6196,18.7896
421917433,342.0386963,-75.44580929,0.21944401,,17.132799,16.352301
421917475,341.8660499,-75.59346433,0.35678101,,17.4105,16.5516
273604112,357.8039711,-75.65684559,0.195338,,17.399401,16.652399
273604114,357.532889,-75.65080724,0.36688101,,17.3876,16.6752
2054650104,352.9419774,-75.63797022,0.19504,,18.3221,17.5238
1987973364,309.0206463,-74.74231177,0.14267699,,18.629,17.910101
273604189,357.7976382,-75.41297939,0.248125,,17.410101,16.5776
273604332,357.773315,-75.00731014,0.316122,,17.3974,16.643499
273604531,357.6532523,-74.4422509,0.276375,,16.6409,16.0082
273604613,357.671868,-74.20482394,0.40850899,,17.077499,16.246901
273604635,357.7711303,-74.133463,0.342724,,17.1332,16.3685
352567249,326.4003296,-74.38516547,0.28392899,,18.0665,17.1998
290303365,328.2680086,-74.70512529,0.245812,,18.0711,17.1889
1987953351,310.4287456,-75.94967869,-0.86683798,,20.5285,19.7178
1987953397,310.3535389,-75.92437882,-0.047157701,,20.054399,19.2367
1987953477,310.4512313,-75.86990423,0.0375094,,19.8799,19.086201
270244179,332.5704226,-74.60807504,0.210512,,17.834101,16.9858
290401792,330.6742961,-75.91695754,0.27598399,,17.8032,16.950701
2025974417,339.6380329,-75.61207174,0.022705,,17.7833,17.046499
2025974428,339.4917669,-75.55076528,0.107199,,18.218201,17.4702
1987951063,311.089698,-75.99376614,-0.24201,,20.233299,19.372999
1987953619,310.235504,-75.8383108,0.284944,,18.596901,17.8498
277891802,353.9655152,-74.87761964,0.30202001,,17.0438,16.198
270272881,333.6348309,-75.47806893,0.37616101,,17.938801,17.048901
290303367,328.4441309,-74.70349583,0.251939,,17.4641,16.657801
290303590,328.3246603,-74.05033648,0.444924,,17.522699,16.625601
270201001,331.6824107,-74.49573965,0.322474,,17.703199,16.818501
270248290,333.233605,-74.45045958,0.36642101,,17.2115,16.365499
290302935,328.3871585,-75.88076696,0.43406999,,17.9648,17.0571
290303068,328.287423,-75.52405975,0.189236,,18.0814,17.200199
273604636,357.5560298,-74.13290039,0.32383999,,17.095501,16.262699
273604665,357.8343853,-74.05775028,0.275168,,17.065399,16.253799
290404794,331.2237647,-75.60288221,0.28472099,,17.6031,16.6931
423239060,297.3282251,-75.3019457,0.46090499,,15.9418,15.1867
423239144,297.1409936,-75.14779739,0.50235897,,16.052299,15.1756
423239145,297.4663312,-75.14580218,0.31770301,,15.6452,14.9422
423239261,297.4611813,-74.99141989,0.450396,,16.252701,15.3677
1987954642,310.3822504,-75.58217018,-0.321051,,20.4888,19.6057
1987954801,310.4341946,-75.52701619,0.025607901,,20.2335,19.376801
325251621,318.5765262,-75.73953863,0.60420603,,16.2789,15.4004
325251921,318.3351156,-75.08390917,0.66098499,,16.410601,15.5856
290402126,330.686585,-75.02403035,0.035207499,,18.221201,17.3016
2025974459,339.9743527,-75.54534703,0.275785,,18.302,17.437
290404389,330.9295991,-74.55638762,0.17953099,,18.020901,17.1544
270202919,332.2367792,-75.62607192,0.18427201,,18.1654,17.308001
1987964050,310.1000341,-75.36005242,-0.808272,,19.951099,19.181999
1987969283,310.4961719,-75.14568403,0.51880097,,18.247801,17.5033
317021315,336.507798,-74.11032081,0.21260101,,17.9298,17.1609
325251971,318.4411097,-74.97198681,0.47715801,,16.241899,15.3683
325252279,318.4422926,-74.30934263,0.38645399,,16.340401,15.4887
1987970063,310.305473,-74.97840911,0.019977,,17.5222,17.1882
270244392,332.8196959,-75.26931982,0.256926,,18.078199,17.179501
270246405,333.0136293,-74.33134052,0.35529399,,17.548201,16.6919
290302930,328.3935413,-75.89189673,0.0081088003,,17.8335,16.998899
273416593,341.644344,-74.0207073,0.251865,,17.688801,16.8815
1987970085,310.340109,-74.93407556,-0.075356998,,19.690001,18.8985
1987970088,310.4227709,-74.92824369,-0.581976,,19.951599,19.1189
1987970273,310.2142668,-74.91519776,-0.521761,,19.5665,18.8353
2025974555,339.7368911,-75.41867364,-0.086111002,,18.3964,17.5912
1987970563,310.3465475,-74.86302094,0.0816909,,20.1784,19.3055
273416735,341.6556906,-74.36061319,0.115425,,17.885401,17.082199
290303155,328.403655,-75.28335308,0.49118,,17.5898,16.6532
290303240,328.3401183,-75.0367228,0.23951,,17.696899,16.8029
290303307,328.1935701,-74.85970234,0.25965801,,17.7854,16.921
1987972957,310.0021428,-74.72247886,-0.471854,,20.066,19.3356
1987973014,310.4162355,-74.67253816,-0.793423,,19.996799,19.253401
1987973075,310.2895763,-74.62745258,-0.27648601,,19.9755,19.208799
1987973083,310.3682919,-74.59242722,-0.120649,,20.4711,19.608101
325251909,318.4235496,-75.11578151,0.27139801,,17.678499,16.972799
290303574,328.4047677,-74.10440868,0.223482,,17.7281,16.8557
290303484,328.3547875,-74.36406249,0.28653401,,17.2875,16.419001
1987973244,310.1393206,-74.57472804,0.21055099,,18.9084,18.0532
1987973286,310.2842945,-74.51754024,-0.070241302,,19.922501,19.1038
1987974522,310.3647464,-74.39146162,0.0275923,,19.8305,19.0912
2026109975,337.9849634,-74.17712065,0.261154,,18.3776,17.5469
290402268,330.5437419,-74.67049753,0.21048801,,17.3972,16.4923
290402387,330.6366472,-74.3438029,0.086302303,,17.783001,17.024599
290402518,330.5208746,-74.01789991,0.27216899,,17.691999,16.810801
290404388,330.9029713,-74.55532937,0.078028597,,17.639999,16.825899
1987975498,310.3281524,-74.0748136,0.274993,,18.469,17.6908
270205231,332.8039513,-74.19417425,0.237251,,17.987,17.217699
273416934,341.7722361,-74.86771614,0.252462,,17.805799,16.957399
270248325,333.2744777,-74.50837454,0.402906,,17.4529,16.648001
290302934,328.443874,-75.88596679,0.352422,,17.580799,16.646601
2026110062,338.0598623,-74.10351219,0.321962,,17.926901,17.1838
2026110110,338.0104949,-74.01445818,0.112062,,18.558901,17.7202
290303126,328.3972775,-75.38110552,0.448937,,17.5553,16.620899
290303360,328.1651303,-74.72189903,0.405729,,16.7969,15.9358
290303532,328.2040154,-74.21668388,-0.150095,,17.8864,17.142599
270244137,332.7156374,-74.51474205,0.33945501,,17.504299,16.6884
290374224,330.4045604,-74.16243227,0.33939201,,17.5121,16.6978
1987953511,309.9673291,-75.92666866,0.27364999,,20.1415,19.245501
1987953593,310.0013429,-75.85083618,0.35801399,,18.6464,17.780199
2026110318,338.8394563,-74.13791199,0.093813501,,18.207001,17.392
2026004208,328.3067922,-74.688619,0.230554,,18.068501,17.2582
2026004413,328.4446272,-74.55744007,-0.132976,,18.444799,17.708599
2026004470,328.322794,-74.47902501,0.268529,,18.3876,17.516199
2026110437,338.6837361,-74.09842031,0.228264,,18.2087,17.434099
2026004674,328.4333462,-74.42284573,0.35841301,,18.3011,17.4118
2054681271,349.5027455,-74.00956119,0.36021,,17.9251,17.1229
2054678733,351.194974,-74.54818167,0.12295,,17.9911,17.307899
2026006500,328.255314,-74.33663904,0.0176418,,18.903799,17.998501
2026006552,328.4353426,-74.26177938,0.32691899,,18.283899,17.4268
273417048,341.6650795,-75.19375933,0.157893,,17.5166,16.6728
273417234,341.4415623,-75.67634877,0.366373,,17.867701,17.004999
1987963934,310.0995061,-75.43635583,0.13331901,,20.142599,19.2675
271577082,318.9553159,-75.89699604,0.053498901,,18.254801,17.4758
1987964232,310.2054424,-75.23522676,0.38099,,19.8841,19.047701
325252000,318.4246482,-74.89490182,0.44300401,,17.031601,16.2957
2026006610,328.309448,-74.16282847,-0.141065,,18.8312,17.9821
1987969318,310.172341,-75.16063919,-0.457973,,20.145399,19.321301
1987969326,310.0726001,-75.14005568,-0.92646098,,19.989,19.242001
1987970072,310.1704014,-74.96753162,-0.92528802,,19.889601,19.0737
1987970264,310.0091203,-74.92517835,-0.41244099,,20.021099,19.3008
2054679086,351.2464959,-74.27083034,-0.35065901,,18.875401,18.0826
2054679211,350.7727157,-74.27034751,0.15161701,,17.5632,17.1096
1987973976,309.8747465,-74.37085651,0.397535,,18.933901,18.1929
1987975320,310.2477846,-74.22052058,0.233889,,19.021,18.2316
1987975470,310.15864,-74.12081899,0.22707701,,19.071899,18.1896
2054679962,351.6065621,-74.08688617,0.286984,,17.8067,17.0296
2025990406,327.5095704,-75.8748299,-0.104429,,18.677799,17.869801
2025997220,327.5527393,-75.73547664,0.130667,,18.5809,17.7335
2054680040,351.1076644,-74.06013381,0.29155099,,18.0194,17.187799
2054680166,351.5591407,-74.00219609,0.029313101,,18.077,17.3349
421917027,341.9090111,-74.1311893,0.136205,,17.8391,17.0247
2025998312,327.2623766,-75.50704277,-0.076887302,,18.6992,17.7946
1987961221,312.4470199,-74.88381487,0.225054,,20.1008,19.287701
1987971267,312.5912552,-74.68434969,0.23695099,,18.7013,17.885201
423239576,297.4229687,-74.42087035,0.37123901,,16.8571,16.109301
1987958997,312.2340026,-75.34347342,0.416821,,19.167,18.3678
1987959005,312.3557902,-75.30995821,0.16028801,,18.7936,17.954399
1987960361,312.3071917,-75.13271526,0.12131,,19.0242,18.2218
1987960915,312.432422,-75.07538468,-0.126178,,19.019501,18.268
1987957997,313.6684573,-75.26951915,-0.46795899,,20.0693,19.216999
1987958000,313.703931,-75.25844756,-0.052496701,,19.1476,18.531099
423239404,297.2781455,-74.7214084,0.38693801,,17.265699,16.466101
421917573,342.0892056,-75.98524436,0.39879301,,17.4506,16.623699
1987979217,313.9064466,-74.86642354,-0.641738,,20.323601,19.495701
1987979218,313.9130638,-74.86436807,0.211354,,18.498199,17.7292
2025999163,327.1140858,-75.27102957,0.21282201,,18.5474,17.6528
423239157,297.2001121,-75.13238938,0.33135101,,16.698999,15.8544
396214995,301.061136,-75.50769046,0.248669,,17.065599,16.2311
325252150,318.4859028,-74.54187581,0.315308,,16.8944,16.140301
352508760,324.8114178,-74.48208965,8.0075903,,8.4826698,7.8820801
290370682,329.7254269,-74.44843521,3.4214001,,9.0769796,8.4358597
352508323,324.6610735,-75.77508615,2.8743601,,10.9668,10.3862
352508713,324.5595466,-74.60750747,1.96973,,12.3241,11.5313
352541609,325.2167177,-75.95353164,1.38366,,12.102,11.2662
1987979360,313.6384504,-74.79090322,-0.188527,,19.9007,19.1479
273604082,357.6353516,-75.74013644,0.121199,,17.9869,17.125999
270246118,333.0244499,-75.10230741,0.28594401,,17.739201,16.8682
270246184,333.0058504,-74.90973329,0.208371,,17.4816,16.5839
1987979422,313.9309424,-74.7666937,0.38904899,,18.333401,17.481199
1987979461,314.0880725,-74.68185713,-1.52948,,20.4529,19.6646
1987979462,314.1222825,-74.67359522,-0.35403499,,20.1877,19.3435
2026003174,327.4269052,-74.88526704,-0.135684,,18.6432,17.7616
423239458,297.3951156,-74.62464921,0.27550799,,17.3368,16.4405
423239751,297.4589016,-74.13025712,0.144761,,16.679199,15.9106
270244525,332.4667655,-75.61441472,2.5506001,,12.1093,11.3516
270244662,332.4464136,-75.97747254,2.91875,,11.4739,10.7009
352508286,324.6981222,-75.87277958,1.70546,,13.81,12.9254
352508503,324.846799,-75.24200163,1.31652,,12.5871,11.7792
352508577,324.9153117,-74.98282149,0.92606199,,13.1935,12.5676
270244440,332.6792548,-75.37974759,2.2364399,,12.7431,11.914
290370183,329.9560466,-75.13756672,1.26923,,13.353,12.6363
1987980592,313.8271969,-74.39779261,0.33288401,,17.9555,17.3249
1987980594,313.826885,-74.39096198,-0.50277603,,20.269199,19.443501
1987980678,313.931866,-74.36508336,-0.267261,,20.2486,19.3855
290369982,329.9442903,-75.35647504,1.41619,,13.4558,12.6182
2026004960,327.2516159,-74.75532054,0.057403401,,18.3016,17.514601
2026005221,327.2181947,-74.67943492,-0.220428,,18.9202,18.110399
1987980750,314.0350709,-74.27834448,0.153927,,18.635,17.848301
1922147877,294.0849428,-75.03457839,0.32088301,,19.366699,18.450899
1922159403,294.0657131,-74.66974499,0.72626299,,19.281,18.3918
2026006357,327.2616392,-74.43025654,-0.0322452,,18.174299,17.4027
1987948097,318.7855976,-74.04964496,-0.35328501,,20.054501,19.254999
317018184,336.076171,-74.51804798,0.27952099,,17.545099,16.673201
273554403,356.5056607,-74.43435082,-0.146201,,18.428699,17.625999
325252267,318.5109508,-74.33213067,0.40659899,,17.0532,16.201401
1987946850,319.7161413,-74.40653889,-0.61059397,,20.4746,19.6182
423239659,297.2942502,-74.27892152,0.38296899,,17.0763,16.2211
325251866,318.6548505,-75.20298264,0.347343,,17.3183,16.473301
325251980,318.2997567,-74.9562579,0.20902,,17.060499,16.235201
1987947257,319.4396315,-74.29802186,-0.236984,,19.8939,19.1964
2026003754,328.8728867,-74.74494555,0.131119,,18.181999,17.3666
2026004193,328.5465495,-74.67030577,0.026281299,,18.4065,17.6464
1987947287,319.6570599,-74.25355793,0.0029188099,,19.870501,19.09
1987900657,300.0393019,-74.38560843,0.51526302,,19.869699,18.9928
423239027,297.0799685,-75.3619279,0.27474299,,17.117701,16.2626
2026004252,328.6483185,-74.65328472,-0.118238,,18.6136,17.8393
2025976868,338.784319,-74.80519002,0.059935998,,18.146099,17.3015
1987894282,302.0941665,-74.85204074,0.29969901,,19.5319,18.6745
1987898648,302.0798982,-74.51602448,-0.245775,,20.069901,19.1791
1987899956,302.0899434,-74.11579757,0.31740201,,19.9641,19.062099
2026004666,328.6593917,-74.40012486,0.023680599,,18.4856,17.686001
423239716,297.2477798,-74.18997748,0.29331899,,17.275,16.389999
396214781,301.1468146,-75.85694484,0.25646099,,17.239599,16.368
2026019872,328.614811,-74.1271188,0.126378,,18.5776,17.7453
1988028328,307.0176455,-74.3577588,-0.114275,,19.7971,19.0354
1987964026,310.096738,-75.39500875,-0.046600301,,19.7349,18.965599
2025990679,328.8154995,-75.95467367,-0.038739301,,18.888399,17.9606
1922165750,297.8430658,-75.12010462,0.0060377801,,19.326599,18.4599
396215015,301.2539747,-75.47747088,0.21733201,,17.441601,16.6779
1987970095,310.2795684,-74.94325731,-0.756293,,19.8377,19.003901
1987970729,310.5808649,-74.66102972,0.119913,,19.9324,19.140499
1987974514,310.2884006,-74.40806446,-0.499488,,19.7117,18.995701
1987954267,309.9852097,-75.75556707,-0.054997601,,20.0005,19.1409
273416631,341.4825804,-74.14485287,0.183369,,17.7645,16.9708
273416633,341.518242,-74.14829617,0.27567199,,17.497801,16.653799
1987954269,310.078738,-75.74197744,0.058109101,,20.085699,19.237301
325251716,318.6035952,-75.53583274,0.366685,,17.010201,16.2976
273416826,341.7027914,-74.57505398,0.321053,,17.5506,16.751699
1987958169,313.7575693,-75.16413448,0.57679498,,19.8382,18.945801
2025991101,329.4316419,-75.69241188,-0.503874,,18.499901,17.621099
1987891291,300.0619403,-75.4223853,0.0027113101,,19.8461,19.1192
1987888561,302.0504502,-75.25667407,-0.174189,,19.6318,18.890499
1987898818,301.9697106,-74.50575987,0.30037701,,19.8804,18.9557
325252157,318.587835,-74.52815777,0.099154398,,17.5812,16.990601
2025995087,328.9102199,-75.39466769,0.13185,,18.240101,17.483
2025995203,328.9041246,-75.25867819,-0.35389799,,19.0471,18.2031
2025995424,329.3996222,-75.14609974,0.151456,,18.412001,17.6194
273416831,341.8127926,-74.58714943,0.22082099,,17.801901,16.9559
273416854,341.5000675,-74.66167689,0.0946391,,17.697399,17.006901
273416876,341.6764485,-74.70754389,0.14545099,,17.588499,16.753201
273416907,341.6463973,-74.79243731,0.34992501,,17.3598,16.5166
325251777,318.4666068,-75.36925682,0.234594,,17.58,16.7325
2025995484,329.1539178,-75.09855518,0.21306799,,17.9536,17.111401
423238847,297.3707207,-75.71517683,0.21511,,17.916599,16.990299
423239001,297.0906902,-75.41746644,0.23210301,,17.7791,16.882401
1987964722,308.8612502,-75.25024939,-0.56641001,,19.746,19.0998
1987968079,309.0331201,-74.8408956,-0.048806299,,19.6957,18.9622
1987964027,310.2389604,-75.36370837,-0.75108099,,19.5208,18.7644
1987969370,310.4981888,-75.11912776,-0.33310699,,19.603001,18.791401
1987969947,310.2995468,-75.0659504,-0.481361,,19.5448,18.658899
325251763,318.6327146,-75.41776381,0.183238,,17.819401,17.071301
325251786,318.5115888,-75.34141379,0.081659101,,17.696501,16.8223
325252102,318.4155962,-74.65295,0.29139799,,17.196699,16.381201
325252216,318.3261117,-74.42680008,0.27584901,,17.626301,16.772499
1987958018,313.9389486,-75.20889757,-0.379352,,19.6903,18.934
1922171877,297.8246662,-74.487091,0.235816,,19.148001,18.313499
1922172083,297.8337706,-74.41479251,0.16850001,,19.023001,18.2129
1922167560,298.7224115,-74.83997274,0.59705299,,19.4347,18.503099
325251704,318.3746609,-75.5618877,0.312235,,18.304001,17.4457
325251668,318.4616418,-75.63907019,0.36790901,,17.8853,17.0658
325252022,318.4102485,-74.83881209,0.036295101,,17.6486,16.9363
325252099,318.39759,-74.66764833,-0.056729,,17.738899,16.8792
273555089,356.4955672,-75.45815297,0.28454399,,17.184601,16.397499
423239579,297.4037544,-74.414491,0.261962,,17.436399,16.640301
2026003773,329.1240112,-74.74538652,0.156215,,18.570999,17.669201
1987980401,313.9466727,-74.50561792,0.25485101,,19.7726,18.985901
1987980748,314.0001556,-74.2883349,-0.26253501,,19.9603,19.2381
1987947769,318.7842444,-74.18730758,0.18732101,,19.898899,19.0229
352508516,324.9225568,-75.17717296,1.17715,,14.235,13.3817
352508431,324.8020758,-75.45880611,0.15927701,,16.4174,16.0217
325251667,318.3202139,-75.64178415,0.217713,,17.294201,16.632099
325251890,318.3547007,-75.16055205,0.115185,,17.699301,16.8459
1987891898,300.2032277,-75.27563478,0.268011,,19.801901,18.8892
1987892428,300.0510554,-75.10635165,-0.218312,,19.7745,18.823099
270244529,332.6899305,-75.63085586,0.236233,,16.5131,15.7836
352511243,325.1820882,-75.29822132,0.72446299,,15.2694,14.4024
270201506,331.8812748,-75.96327871,0.44276199,,16.745701,15.827
352508276,324.7628729,-75.89353922,0.46672499,,15.6025,14.8357
1987898957,302.2490528,-74.36373973,-0.397908,,19.8221,18.9697
1987965714,307.1872894,-75.39597057,0.50512201,,19.896999,19.032801
396214955,301.1826512,-75.5766844,0.201832,,17.9617,17.066999
325252066,318.6365909,-74.74996975,0.087428898,,17.5825,16.752199
270244504,332.4200719,-75.54909561,0.4048,,16.1661,15.2767
1987953663,310.1672378,-75.81462487,0.47661501,,20.0329,19.1385
1987953697,310.3353963,-75.76671476,0.357016,,19.520599,18.629101
1987961187,312.232441,-74.93632822,0.14002,,20.0042,19.232901
290370726,329.853051,-74.39783571,0.46443501,,16.694901,15.7895
1987957992,313.7411743,-75.25838424,-0.038378499,,19.6283,18.766399
2026018097,329.1236717,-74.11622403,0.044369198,,18.3134,17.554199
1987947553,318.5834724,-74.26825571,-0.039973799,,19.92,19.051399
1987947625,318.6843902,-74.23186432,-0.51995701,,19.692801,18.8866
1987946864,319.6034199,-74.39341675,0.234413,,19.9083,19.037901
1922127298,298.5742996,-75.78295072,0.49997699,,19.659599,18.737101
1922127999,298.7016311,-75.71343868,0.490713,,19.6625,18.7293
404348697,321.0792244,-74.23433204,1.0211101,,14.3881,13.4921
325252123,318.4538453,-74.5946984,0.362176,,18.183599,17.342699
423239826,297.2151991,-74.01062128,0.388989,,18.1483,17.2969
2026007599,332.2772924,-75.12738896,0.089267299,,18.575199,17.7355
352508288,324.8784663,-75.87046371,0.84632897,,14.7527,13.8201
1987892648,300.2033248,-74.9145876,0.25834,,19.728399,18.9328
2026007988,332.086907,-75.0991453,0.110709,,18.5865,17.722799
325251784,318.5152939,-75.34536177,0.17886899,,18.169001,17.332399
423239223,297.4621812,-75.04499963,0.270915,,18.0875,17.2328
423239225,297.2037061,-75.04356666,0.22736099,,17.7328,16.953699
1987899948,301.9844237,-74.12054589,0.00273772,,19.6591,18.8382
1987965288,307.1089843,-75.65782237,0.36612299,,19.6686,18.7981
1987966950,306.847708,-75.16981827,-0.35511401,,19.7164,18.8449
352508371,324.7745544,-75.64021357,0.80134201,,14.3628,13.4683
352508675,324.8454058,-74.70670212,1.3398499,,14.559,13.6764
352508878,324.7822789,-74.20108553,1.4951,,13.7364,12.94
423239694,297.3832209,-74.22624673,0.40831199,,18.0902,17.216299
325251727,318.3368292,-75.51358331,0.237719,,18.1635,17.3426
2026010193,332.056972,-74.60334329,0.079864599,,18.7174,17.823299
1988028343,307.1679962,-74.34838647,0.44353899,,19.5109,18.628799
1988029404,306.98497,-74.0693669,0.29315901,,19.5662,18.767099
352508879,324.677864,-74.19920131,0.87925702,,14.1854,13.5304
352510779,325.2769623,-74.10730708,1.24668,,13.917,13.1414
270244508,332.4337641,-75.58173942,1.37541,,13.8174,13.0042
290369608,330.0414568,-75.9904854,1.0014499,,14.8799,13.9526
398460775,299.2884509,-74.00109764,0.074045897,,15.7952,14.9268
2026011085,332.1677789,-74.44188871,0.18994001,,18.0308,17.1446
2026011128,332.1923742,-74.38873394,0.27923501,,18.104099,17.247299
1987953659,310.2446045,-75.8187921,0.165076,,19.7635,18.975201
325251580,318.3768258,-75.8331627,0.216399,,17.8494,17.089399
290369883,329.733679,-75.50441638,1.12889,,14.1053,13.2857
423239224,297.2683727,-75.04448332,0.315777,,17.591101,16.752001
325251609,318.2833632,-75.77800252,0.065178901,,18.051001,17.1567
2025994771,330.1338461,-75.34960445,0.12771399,,18.497299,17.7047
290374992,330.1983701,-75.27800629,0.99070001,,14.8036,13.8746
270200958,331.864164,-74.38465715,1.19842,,14.5982,13.7182
270201508,331.691603,-75.97225899,1.30451,,14.4757,13.555
1987953544,310.1604935,-75.87827867,-0.0574723,,19.767,19.0529
325251781,318.4666884,-75.34951439,0.14182,,17.819401,17.033701
325251851,318.6548255,-75.21801475,0.175699,,17.864901,17.135599
1987964240,310.0746711,-75.24264635,0.0094728796,,19.790899,19.0114
325252348,318.5621114,-74.17283257,0.232096,,17.810801,17.0741
1987961211,312.4234444,-74.90459428,-0.123913,,19.5187,18.9051
1987957994,313.7545255,-75.25288938,-0.49421701,,19.7383,18.92
1987979465,314.0504638,-74.66643396,-0.34755,,19.471701,18.608601
1922131695,299.5064906,-75.16637403,0.29152101,,19.245399,18.372801
1922131993,299.483033,-75.02027812,0.0330383,,19.3988,18.5091
1922174607,299.6554006,-74.04510692,-0.0082303695,,19.3048,18.5186
1922126610,299.8658872,-75.92072924,0.20208301,,19.072599,18.216499
352508596,324.7347874,-74.92112093,0.77212203,,15.5281,14.6397
352508603,324.7603804,-74.90428838,0.67883801,,15.4894,14.589
1922129034,299.8362599,-75.42978465,0.145779,,19.2647,18.35
1922132029,299.8742239,-75.05281928,0.109826,,19.447701,18.818399
423239550,297.1574189,-74.48118126,0.0241805,,17.5336,16.7701
401575188,313.6634841,-75.70998973,0.25495699,,18.132299,17.2572
325252341,318.6253392,-74.18403792,0.241519,,18.108299,17.341
423239524,297.0836942,-74.53203444,0.171535,,18.002399,17.150499
1987980576,313.7421794,-74.43263118,-0.55613297,,19.7733,18.934401
1922128059,298.6401132,-75.64761265,0.269842,,18.811399,17.9266
1987900756,300.0668862,-74.34379001,0.190578,,18.9251,18.198799
2025992271,331.5247579,-75.71589426,0.240061,,18.0453,17.2883
352508623,324.7875114,-74.85045005,0.98738301,,14.2403,13.4774
352508625,324.6933274,-74.84851244,0.589508,,15.6914,14.8291
352508627,324.6521849,-74.84324274,0.64134902,,15.6214,14.8014
270202816,332.2573835,-75.94086153,0.43075499,,16.6674,15.7861
1987892987,301.8998371,-75.18395686,0.58476502,,18.884001,17.981701
1987894632,302.1440379,-74.7197217,0.325443,,18.471701,17.664
1987898865,302.0493384,-74.42495255,0.39850199,,19.153,18.299299
1987899876,301.8785552,-74.20963177,0.36028901,,19.045,18.138599
352508869,324.6508848,-74.22162924,0.28614399,,15.8022,15.0864
352508927,324.6440927,-74.06747986,1.01858,,15.2446,14.3754
352508929,324.7390605,-74.06397685,0.63636398,,15.3545,14.7305
1987962829,307.1214341,-75.73964585,0.21261699,,18.925699,18.0245
1987965719,307.1981035,-75.37464058,0.190089,,18.889999,18.111099
1988022835,307.0489467,-74.97511689,0.245202,,18.8041,17.997299
290369765,329.8681179,-75.69710251,0.53641403,,15.2265,14.341
290370076,329.8460287,-75.2485104,0.58932197,,15.1875,14.4135
396215000,301.0703379,-75.49759345,0.17461599,,17.9282,17.070499
273417026,341.514762,-75.1169273,0.15901899,,17.3008,16.5441
1988028377,306.9316902,-74.34045981,0.184187,,18.805799,17.9904
1988028564,307.0263016,-74.23615864,0.244526,,18.5432,17.809601
1987964369,308.9845592,-75.42364519,0.17736501,,18.839199,18.0028
1987968047,309.0850182,-74.87153639,0.054651301,,18.889,18.1371
1987972755,309.0933902,-74.78720334,0.020470601,,18.9237,18.166599
1987953693,310.394068,-75.77565657,0.026658099,,18.717899,18.226999
270202872,332.3074521,-75.76282622,0.29970601,,17.818899,16.955999
325252365,318.3269277,-74.13425231,0.28756601,,17.519699,16.668501
270202993,332.1050273,-75.47016562,0.372069,,18.1544,17.2159
265368022,315.1793797,-74.26789549,0.22313701,,13.9517,13.3168
1987954603,310.309377,-75.60757066,0.55489397,,18.7146,17.8487
1987954607,310.2272752,-75.62982318,0.40606099,,18.8808,18.0397
1987954805,310.3386212,-75.53464528,0.35653901,,18.4708,17.799
1987954925,310.2329829,-75.44002692,0.30466399,,18.8242,18.0555
1987969304,310.3937226,-75.12929456,0.72544599,,18.656099,17.841801
273417211,341.8418215,-75.60715012,0.207903,,17.770901,16.944099
273417220,341.6517566,-75.63304662,0.35504901,,17.6089,16.753799
273417233,341.3919493,-75.67089891,0.110148,,17.8971,17.200199
273417249,341.5934185,-75.71188046,0.213912,,17.878099,17.042801
273417256,341.6073397,-75.72817231,0.176129,,17.8997,17.1404
2025991469,328.8925638,-75.66113642,0.092058398,,18.441601,17.5084
2025998431,327.9902124,-75.49163926,0.059963401,,18.114799,17.348301
2025984131,335.5420482,-74.80374416,0.042490602,,18.4354,17.6201
290370724,329.7393842,-74.40060356,0.66585499,,15.4498,14.6397
273417294,341.5872142,-75.85966475,0.34637699,,17.456499,16.575399
421917089,341.9503898,-74.31343347,0.29699901,,17.522499,16.8475
421917090,342.0623963,-74.31662724,0.32530999,,17.269199,16.542299
421917196,342.1646973,-74.64131747,0.16960301,,17.7075,16.8566
290369715,329.9835188,-75.78728543,0.51151401,,16.6975,15.7722
2025984213,335.7044982,-74.71056953,0.071433999,,18.0443,17.1987
1987970113,310.3322705,-74.8921288,0.50190598,,18.8265,17.9863
1987973012,310.4689604,-74.66558974,-0.078854598,,18.9065,18.1831
1987973034,310.4720904,-74.6312425,0.22682101,,18.7953,17.985201
352508460,324.8069597,-75.37898373,0.449184,,16.5541,15.6789
352508477,324.6852794,-75.31789716,0.425861,,17.0662,16.1681
352508499,324.8849086,-75.26100604,0.292871,,16.835699,15.9546
2025984228,335.5407351,-74.65909033,0.228241,,17.8955,17.163099
265368265,315.4985334,-74.83036747,1.04397,,,
2026002967,327.9234855,-74.96563914,0.150959,,18.2225,17.4415
2026002980,328.0153095,-74.94312354,0.157194,,18.297199,17.405199
352508880,324.9027068,-74.1978355,0.075739503,,16.2302,15.5956
290370198,330.001023,-75.12590142,0.30996099,,16.878599,15.9931
1987975313,310.2132275,-74.23921152,0.179846,,18.6612,17.887899
1987975755,310.4364661,-74.08184687,-0.108993,,18.882999,18.308001
1987954347,310.0533162,-75.67491118,0.45552701,,18.695101,17.816999
1987954832,309.9611297,-75.52791483,0.051764801,,18.794901,18.1175
1987954854,310.2212373,-75.47381284,-0.035174999,,18.6388,18.021099
2025984261,335.3326934,-74.63107941,0.386255,,17.994301,17.119101
421917279,342.0046043,-74.92865597,0.186279,,17.2875,16.4599
421917366,341.909321,-75.21951531,0.31437501,,17.5963,16.740999
421917400,341.9375558,-75.34372646,0.37866899,,17.487101,16.796801
2026003345,328.048521,-74.77333463,0.095346503,,18.5502,17.746901
1987963982,309.9564225,-75.39872806,0.262151,,18.8155,17.9611
1987970031,310.3229334,-74.99868061,0.41823301,,18.7146,17.8834
273604003,357.5498904,-75.98669922,0.384377,,17.7306,16.9625
265368537,315.3541606,-75.42901878,6.5415301,,10.1636,9.5024796
265367966,315.4226024,-74.16653502,2.44942,,11.2037,10.554
331743335,321.7011858,-74.18352957,2.11446,,11.969,11.3361
469821772,300.6457411,-74.13231263,1.6011699,,12.9767,12.2224
423263519,297.6036657,-74.15687798,2.6500399,,12.03,11.3052
398460825,299.3768605,-74.09494342,2.08582,,12.6507,11.7887
398461730,299.1441833,-75.74212539,4.3064399,,11.9503,11.0978
327409060,311.0829198,-74.74099387,2.12638,,12.0996,11.3491
2025984480,335.7021351,-74.6192141,0.235662,,18.2934,17.4202
469875534,316.3342889,-74.37293003,2.65674,,12.0553,11.2355
331743661,321.3988802,-75.09326531,2.7374599,,12.7346,11.8446
327408889,311.1123278,-75.11032005,1.21794,,13.3484,12.5472
327409044,311.0126707,-74.78938046,1.33918,,13.1597,12.3813
1987970260,309.9979995,-74.93262854,0.115233,,18.923401,18.1017
1987961186,312.2288086,-74.93986193,0.15879899,,19.055099,18.2038
1987961234,312.4091174,-74.8580238,0.29326099,,18.8216,18.0779
1987958174,313.7681723,-75.15277795,0.154162,,18.777599,17.974199
273604086,357.8153589,-75.72382542,0.206976,,18.0364,17.1824
273604268,357.6778787,-75.16479933,0.309145,,17.3859,16.594999
273604397,357.7352655,-74.81697693,0.329413,,17.8188,17.0306
2026004362,328.0159761,-74.6285647,0.0624431,,18.198099,17.3971
2026006248,328.1584818,-74.42844684,-0.076212697,,18.6562,17.805
265368093,315.4001833,-74.4401249,1.173,,13.0369,12.24
265368155,315.4355628,-74.59088585,1.50097,,12.5235,11.8325
265368270,315.2590251,-74.83712719,1.5158401,,12.6158,11.848
265368335,315.3873922,-74.96295924,1.29612,,13.3028,12.492
2025984546,335.7545056,-74.53998421,-0.0952911,,18.8585,18.012899
1987948092,318.7510235,-74.06652829,-0.042830799,,19.076,18.255699
352508945,324.8457411,-74.02534249,0.75329202,,16.167601,15.2972
290370187,329.6809534,-75.13571898,0.836878,,15.6491,14.7553
1987973159,310.1295094,-74.60683757,0.124521,,19.091999,18.394501
265368605,315.3114484,-75.56392051,1.21424,,12.9158,12.2471
265368687,315.2418788,-75.75396143,1.41149,,13.6763,12.8239
469875708,316.4021801,-74.7468796,2.42329,,12.8647,12.0524
468145442,305.057625,-74.34355394,2.57195,,12.9204,12.0992
1987882500,300.4204428,-75.75530472,0.222256,,19.559999,18.6084
1987894372,302.1377738,-74.82313345,-0.122555,,19.5263,18.6418
2025984596,335.7740433,-74.4831144,-0.45318499,,18.9541,18.1672
2026006478,328.1686057,-74.3735689,0.213658,,18.062099,17.2878
404348690,321.0636128,-74.22244762,0.334692,,16.4932,15.6048
404348771,321.0489882,-74.39401615,0.39615101,,16.7045,15.8041
262022052,323.5502575,-75.99340371,0.331846,,16.8181,15.9083
352508419,324.5469073,-75.50107897,0.55702901,,15.9547,15.0393
469875563,316.5984979,-74.42367903,1.2675101,,12.5739,11.8241
311461292,317.4476163,-75.40019745,0.91457301,,13.4834,12.7087
311461358,317.2494335,-75.55563167,1.42531,,13.7312,12.9163
331743420,321.529496,-74.45581715,1.57912,,12.5182,11.8538
2025984622,335.0534838,-74.76498737,0.28172401,,18.338699,17.4681
2026006716,328.2067455,-74.1395095,0.076096296,,18.368401,17.472401
352508771,324.7097642,-74.45146755,0.54702199,,16.0742,15.2167
398460921,299.0785548,-74.27571896,2.0034499,,12.5059,11.7697
398461521,299.2225399,-75.31832502,1.09124,,13.6753,12.8703
468145341,304.9919025,-74.53630498,2.0624499,,12.7353,12.0014
468145584,305.0638902,-74.06050466,1.4838901,,13.3728,12.6493
327409298,311.1128634,-74.19123946,1.78192,,13.0176,12.1583
327409387,310.9827998,-74.04282777,1.0813299,,13.1278,12.5078
265367964,315.3525766,-74.15990907,0.96507001,,13.154,12.4098
265368072,315.4518531,-74.38844007,1.64891,,13.563,12.7172
1987896028,302.3434846,-74.59454674,-0.236136,,19.2633,18.5732
1987899568,301.8901464,-74.34127233,-0.0280458,,19.52,18.808001
352511051,325.2401075,-74.8066829,0.449325,,16.3486,15.4877
352511296,325.0413225,-75.46698658,0.57674003,,16.4126,15.4934
273554473,356.3464007,-74.57488942,0.073741302,,18.2243,17.5221
265368713,315.4754314,-75.8054791,2.01756,,13.2221,12.3485
469875960,316.3759766,-75.28265906,3.1215301,,12.228,11.4482
311461302,317.3156036,-75.41778892,1.72668,,13.6809,12.8743
2026020064,328.1859174,-74.04683427,0.102712,,18.1357,17.3594
352508523,324.8980002,-75.15830951,0.163599,,16.969601,16.1486
331743980,321.7033034,-75.89132467,2.7815001,,12.7037,11.8632
352508838,324.5674304,-74.28183209,0.25863901,,17.5198,16.6444
352511240,325.3190202,-75.29264382,0.34628901,,18.2201,17.382601
2025985052,334.9711291,-74.47454238,0.147172,,18.2708,17.492599
1987899714,302.0586605,-74.22085738,0.233325,,19.325899,18.493299
1987899943,301.9888289,-74.13183446,-0.045054998,,19.6364,18.729401
1987873577,307.1344973,-75.93558529,-0.14488301,,19.326401,18.6075
2025984936,335.0179117,-74.49453737,0.31712899,,18.111401,17.269199
2026020052,328.1264618,-74.05126127,0.13679101,,18.416401,17.5982
2025990322,328.0648232,-75.86680653,0.067710899,,18.504,17.6926
1988024203,307.2787584,-74.85219399,0.18987399,,19.647499,18.8274
1988025060,307.076577,-74.66246349,0.204625,,19.420401,18.647301
1988025197,307.1755803,-74.61680749,-0.50828201,,19.2272,18.530899
1988028406,307.014563,-74.29433421,-0.173011,,19.2307,18.4967
1987963793,309.4141969,-75.48184875,0.56193,,19.427099,18.5317
1987972742,309.1853525,-74.81482443,0.432854,,19.6415,18.757799
2025984975,335.4656739,-74.46592504,0.095300503,,18.1022,17.269501
2025984984,335.5900913,-74.4534703,0.12971,,18.250401,17.5168
1922122497,295.4441893,-75.76129716,0.146786,,18.375,17.471701
1922176820,296.7866452,-74.21933853,0.33493501,,17.9519,17.068899
404349010,321.3360386,-75.01513578,,,11.7778,11.0389
2025985027,335.3461436,-74.39785741,0.155798,,18.102501,17.392
1987954631,310.5464542,-75.57281747,0.104904,,19.4494,18.565599
1987954645,310.3253663,-75.57438787,0.30913499,,19.657101,18.766701
1987964057,310.1197161,-75.33546705,0.16815799,,19.156799,18.385401
1922169158,299.5600006,-74.43606867,0.371216,,18.196899,17.327999
1988027519,305.943061,-74.40651395,0.243724,,17.8472,17.124201
352508536,324.803784,-75.1207682,0.26308799,,17.199301,16.3241
2025990507,327.8144396,-75.76540579,0.183203,,18.241501,17.3123
2026108149,339.3142743,-74.48211865,0.21412399,,18.327299,17.546301
2026108159,339.5226198,-74.47566788,0.108495,,18.1665,17.382799
2026108180,339.7492886,-74.47675064,0.223129,,17.946301,17.281799
2026108184,339.7267027,-74.46502695,0.240266,,17.8965,17.0425
2026108217,339.5040281,-74.44372495,0.0023221199,,18.401699,17.5912
352510866,324.9550891,-74.35113601,0.26787299,,16.9247,16.2861
2026108259,339.1139038,-74.47760148,0.16191299,,18.3169,17.574499
1987970564,310.3716409,-74.85244737,0.27867499,,19.4942,18.725
1987973351,310.2485739,-74.44442632,0.096363299,,19.394501,18.5282
1987975175,310.2608938,-74.2778946,0.545044,,19.4884,18.644501
1987975241,310.4139357,-74.2445761,0.0103528,,19.531401,18.750799
352511137,325.1549297,-75.0229187,0.34672201,,16.8943,16.122101
270244530,332.7731994,-75.6383118,0.404643,,17.3344,16.378
2025990913,329.4017787,-75.77524338,-0.0921975,,18.259501,17.405701
1987954619,310.2481802,-75.60029875,0.0120056,,19.237101,18.4809
1987961543,312.4285063,-74.79434462,0.0169758,,19.370501,18.625799
1987971199,312.4966409,-74.71181105,-0.33787999,,19.7038,18.8438
1987980729,313.742917,-74.34726128,0.42444399,,19.3873,18.596399
1987947281,319.5435078,-74.25174544,0.293787,,19.5406,18.704399
1987947284,319.6423927,-74.2442026,0.37131301,,19.458,18.5944
404349176,321.35654,-75.40221153,0.029507101,,16.0065,15.1474
2026108437,339.494562,-74.31961317,0.30324599,,18.1984,17.3675
1987893392,302.1232801,-75.05074247,-0.0578233,,19.368299,18.538
469811826,299.8886878,-74.20135242,1.72481,,13.4424,12.6249
469821735,300.9319937,-74.18851056,6.7281098,,9.0332203,8.3758602
1987873567,307.0726947,-75.9460978,-0.29207101,,19.660299,18.849899
1987965261,307.0485891,-75.67270085,0.12379,,19.784401,18.967199
1987965296,307.2098451,-75.62988843,-0.13639,,19.608299,18.8906
1987965621,307.046309,-75.51093033,0.237133,,19.5082,18.756701
1987966709,307.0902181,-75.26566864,0.35801399,,19.5443,18.681601
1987967024,307.267361,-75.07335449,-0.338148,,19.6521,18.9858
1988022887,306.8876893,-74.9398037,-0.230617,,19.637501,18.788099
352508573,324.5684401,-74.99171507,0.41474,,17.0401,16.260599
352508790,324.8551483,-74.41081126,0.25810599,,17.063999,16.210501
352508805,324.8944199,-74.36012054,0.37140599,,17.2852,16.437099
331679938,306.7080737,-75.429217,7.1855202,,9.6535301,8.9140997
261396567,304.0892024,-75.41717327,4.2026801,,10.4158,9.7583599
469812639,299.9079987,-75.94176459,1.81663,,12.6238,11.8193
466688304,296.0299003,-74.75609018,1.58064,,12.4367,11.6632
469811846,299.9099147,-74.2371677,0.93197602,,11.9073,11.09
1987972768,309.290508,-74.77386628,-0.121555,,19.4884,18.642099
1987954555,310.4703553,-75.65943703,0.392434,,19.495399,18.6632
290369980,329.7917338,-75.3566071,0.24156401,,16.4701,15.5778
290370302,329.6899129,-74.97747213,0.55866802,,16.3899,15.5069
2026108634,339.3405667,-74.11765065,0.188274,,18.5772,17.7495
1987969271,310.1788306,-75.19301581,-0.094271101,,19.563101,18.847099
1987969131,310.6258829,-75.21276545,0.023314301,,19.547501,18.828899
1987970101,310.2344052,-74.9245072,-0.198623,,19.4018,18.6831
1987970617,310.3194387,-74.79219715,0.138776,,19.751101,18.961901
396215396,301.1971534,-74.85042939,1.25071,,12.7066,11.849
404343239,318.994888,-74.16129462,2.0710399,,11.9358,11.258
2026108691,339.9583808,-74.11048285,0.047959398,,18.326401,17.490999
2026108735,339.6840583,-74.10137483,0.41305101,,17.8111,16.9662
469811848,300.1447819,-74.24054412,0.83998001,,13.2241,12.4837
396210962,300.5539789,-75.8108262,1.17931,,13.6492,12.9303
396212045,300.3410612,-74.14903321,1.82078,,11.9109,11.2015
1987973110,310.53562,-74.56633188,0.16546699,,19.5424,18.7609
1987973282,310.3989096,-74.49628479,-0.087708198,,19.430099,18.631599
1987953363,310.1032167,-75.9914287,-0.37073201,,19.575701,18.749201
1987953373,310.2839009,-75.9713468,0.61887997,,19.582701,18.668501
1987954864,310.1695287,-75.46741743,0.249887,,19.7253,18.867399
1987980577,313.7318444,-74.42657762,0.30160701,,19.629101,18.8346
469811915,299.9428902,-74.36655764,1.85794,,13.1028,12.2086
396214851,301.1235189,-75.75221082,1.25337,,13.6243,12.8702
1987980725,313.8763067,-74.31697892,-0.377101,,19.4438,18.6012
1987947805,318.5320819,-74.17499838,0.078531198,,19.660299,18.9046
1987947209,319.7041813,-74.23855099,-0.109544,,19.3591,18.5672
1987881337,300.0464319,-75.89985235,0.152684,,19.118,18.1569
1987899710,302.0113576,-74.22062448,0.17865799,,19.106199,18.279699
1987899893,302.1346228,-74.16178458,-0.179539,,19.306,18.5406
261396058,303.8131361,-74.45789112,1.68543,,13.1733,12.4102
261396154,303.9473363,-74.6651715,1.25289,,13.5607,12.7581
261396595,304.0349631,-75.46393579,1.1312,,13.16,12.4948
331679520,306.5188689,-74.55628794,1.2463,,12.9962,12.2439
331679787,306.5638047,-75.09812088,1.2348,,13.7213,12.8381
331680015,306.6136233,-75.63138027,1.69865,,13.4285,12.5489
1922129296,299.5029098,-75.29462842,-0.29836401,,19.382299,18.530199
1987902492,302.1657178,-74.00048277,0.150102,,19.121099,18.2759
1987872950,307.3791607,-75.96393761,0.12626401,,18.901699,18.0513
1987962886,307.0058477,-75.70988325,0.25604001,,19.2502,18.458
1987962887,306.9277855,-75.70859162,0.0517704,,19.2617,18.357201
1987966713,307.0703625,-75.24657618,0.221793,,18.9195,18.1129
1988023069,306.8727678,-74.87131543,0.75821,,19.272301,18.376301
1988024364,307.1838615,-74.8323301,0.084530801,,19.0361,18.157499
1988024438,307.1435533,-74.75274984,0.24578901,,19.089199,18.357
352508283,324.8650927,-75.8776693,0.112586,,18.4223,17.510599
1988025397,307.2401347,-74.50779297,0.54543298,,19.099501,18.2278
1988025766,307.2967251,-74.42205139,0.38047299,,18.8778,18.1514
1988028736,307.1315105,-74.14176837,-0.23004501,,18.9457,18.232901
1987963811,309.3172103,-75.47354523,-0.073015504,,18.8652,18.1035
1987964455,309.0085956,-75.40458041,-0.24674501,,19.125401,18.3911
1987965033,309.0995281,-75.21174261,-0.0717787,,19.067499,18.4284
1987965099,309.1012771,-75.14826292,0.36300799,,19.1,18.301701
1987967746,309.0310075,-75.00276474,0.42892501,,19.287399,18.439301
1987967829,309.0659081,-74.99997546,0.084010802,,19.108801,18.427999
1987968091,309.0942364,-74.81115701,0.283925,,19.016399,18.1569
1987953461,310.5024573,-75.89722849,0.240559,,18.804899,17.988001
404349216,321.2667217,-75.48092814,2.5654199,,12.7482,11.9279
404349351,321.0716993,-75.77402021,2.3670199,,12.2283,11.4619
469812560,300.1197872,-75.78009175,0.32015201,,16.6567,15.7161
1987964071,310.2660558,-75.31193693,0.26516801,,19.091499,18.248899
1987970078,310.2507446,-74.95172138,0.259648,,18.8505,18.0432
1987970285,310.1794879,-74.89088655,0.14454,,19.243299,18.378901
331679431,306.5424472,-74.38977741,0.56730801,,15.939,15.1708
331679919,306.6400239,-75.38485718,0.259339,,16.51,15.8502
331680078,306.7979931,-75.76467003,0.45118001,,16.651501,15.8034
261396375,304.0350963,-75.09110114,0.37170899,,17.2644,16.4333
1987973021,310.4872095,-74.65692486,0.26816899,,18.899599,18.063
1987973290,310.2736231,-74.49759001,0.34948701,,18.785,18.0665
1987975168,310.3051397,-74.2801902,0.078953199,,18.9058,18.1113
1987975183,310.2441809,-74.25187792,0.061660301,,19.035,18.198299
1987975383,310.0257008,-74.16148888,0.207377,,18.8225,18.062401
1987975444,310.19742,-74.17556066,0.29435399,,19.115999,18.341499
270200993,331.6258458,-74.4809549,0.41265601,,17.977501,17.095501
1987950652,312.2655208,-75.96321375,-0.365989,,19.2742,18.4137
290369952,329.8185005,-75.41155379,-0.044408102,,18.1705,17.286301
404348917,321.4079132,-74.77887592,-0.033233002,,18.5368,17.764299
273604428,357.8671387,-74.74201266,0.37865099,,17.5368,16.693001
273604560,357.5588848,-74.36395835,0.33701199,,17.372999,16.6572
1987975451,310.2164913,-74.147698,0.41513401,,18.7208,18.0655
1987975494,310.2697554,-74.08877539,0.114626,,19.161699,18.3353
1987963979,309.9161407,-75.38980052,0.164693,,19.181101,18.328899
1987964077,310.1502621,-75.31271583,0.082005799,,19.063999,18.2705
1987969927,309.9849568,-75.10814445,0.18328001,,19.114799,18.302999
1987969335,310.1352503,-75.12637206,0.201141,,19.007299,18.182899
1987972605,310.0407342,-74.77105038,0.216759,,19.084,18.305099
277891471,353.7053753,-75.98843328,0.14800601,,17.4491,16.670401
352508413,324.9226153,-75.54092196,0.101794,,18.187799,17.304001
1987958262,313.9004771,-75.09390063,0.060794301,,18.9006,18.078199
1987979159,313.9833987,-74.93076656,0.454642,,19.0212,18.157801
1987979347,313.7463429,-74.84002421,-0.018732499,,19.085899,18.2348
1987979367,313.8416896,-74.80094956,0.082418703,,19.1759,18.3018
331679941,306.5270659,-75.43490838,0.21395101,,16.8293,15.955
396210981,300.35647,-75.78804174,0.44659799,,16.872,15.9319
261396597,303.8339711,-75.46453565,1.03315,,14.9181,14.0258
1987979432,313.9870407,-74.72985256,0.136813,,18.9177,18.086201
1987979800,314.2357293,-74.57129161,0.391013,,18.912399,18.0406
1987980055,313.7370997,-74.61698824,-0.288313,,19.1439,18.3127
1987947621,318.849357,-74.22289046,0.385214,,19.026501,18.151501
1987948063,318.8090705,-74.0903775,0.50599003,,19.1369,18.338499
352511092,325.1143674,-74.913806,0.30800399,,17.2848,16.425699
404348607,321.2644601,-74.07003757,0.365549,,17.0721,16.2232
1922127717,299.4897171,-75.66378907,0.026762201,,18.982901,18.0599
1922174446,299.4778798,-74.14035494,-0.234752,,19.1551,18.266399
1987891329,300.3132349,-75.36880287,-0.18617199,,18.864,17.959801
1987947292,319.6254045,-74.22276092,0.294797,,18.9814,18.246901
1922128057,298.6056867,-75.65150078,0.47819099,,19.457001,18.553801
1987973270,310.1500209,-74.53706041,0.52509397,,18.997999,18.2388
1987975289,310.0284305,-74.27940668,0.053403798,,19.1541,18.3472
1987975132,310.1348412,-74.3331808,0.60702401,,18.7822,17.9914
1987955186,312.2950053,-75.93397792,0.021142,,19.166901,18.284401
404348700,321.1953387,-74.23662292,0.68139797,,15.9093,15.0304
469812251,299.9765952,-75.08483951,0.367915,,16.478701,15.5268
331679341,306.8456096,-74.22534679,0.71036297,,15.9641,15.114
404348676,321.2642872,-74.19999635,0.190713,,17.4767,16.66
404348692,321.2628441,-74.22413602,0.17754699,,18.2647,17.422001
1987896954,300.5405989,-74.76083823,0.136893,,18.8298,17.9154
1987893573,302.005518,-75.01328549,0.054957502,,19.292601,18.3626
1987896019,302.2559807,-74.61953059,-0.201288,,19.056101,18.3234
1987898866,302.0882742,-74.41746354,0.23145001,,19.3554,18.439699
1987899741,302.1131008,-74.19764871,0.208891,,19.499201,18.595301
1987873478,306.9059925,-75.98706707,-0.32000899,,19.315201,18.457399
1987953184,309.1526233,-75.85698436,-0.27583799,,18.9683,18.1784
1922166391,296.7946195,-75.03103095,0.25720701,,18.0667,17.283001
1988028436,307.4738439,-74.27906329,0.161449,,19.376301,18.634501
1987963712,309.1130478,-75.5013006,-0.137051,,19.262699,18.446199
1987963814,309.3565215,-75.45852951,0.13057899,,18.989,18.209
352508240,324.640278,-75.97960765,0.19941799,,17.812599,17.0068
1987968093,309.0572431,-74.80298157,0.52613002,,19.2124,18.3258
1987954602,310.2725371,-75.61956855,-0.150855,,19.0331,18.238199
1987954858,310.0864823,-75.49720406,0.38683701,,19.2097,18.3025
1987954931,310.3297646,-75.41760312,0.374432,,19.3487,18.5284
1987956525,312.6886866,-75.50135863,-0.055333801,,19.0734,18.308599
1987958857,312.3855845,-75.41373716,0.251681,,19.1078,18.2479
1987959163,312.3771655,-75.27509085,0.138588,,18.438601,18.0515
1987969137,310.5805835,-75.20946442,-0.027611701,,19.129801,18.278099
1987970109,310.3342565,-74.89584052,0.28105399,,19.160299,18.3456
1987972994,310.2400917,-74.64190428,0.19460601,,19.351,18.6007
1987973039,310.4621089,-74.61396496,0.00502398,,19.138599,18.443199
1987973106,310.4727698,-74.56421472,0.57884902,,19.3265,18.509701
1987974466,310.4115628,-74.4648242,0.269472,,19.052799,18.2131
2025995040,329.2769327,-75.34152712,-0.35169899,,19.365299,18.445101
396211466,300.5153645,-75.06887927,0.440725,,16.593399,15.6645
261396518,304.1078251,-75.32403207,0.483264,,16.104,15.2307
331679284,306.5624098,-74.13655691,0.34609199,,16.489,15.6753
331679451,306.760478,-74.43710878,0.56989002,,16.2733,15.4774
331679581,306.5050026,-74.69354382,0.39875999,,16.502001,15.6312
1987975396,310.3417291,-74.17722587,0.38315701,,19.1325,18.2857
1987954786,310.1024329,-75.56042138,0.60080302,,19.4067,18.518101
352508463,324.6318268,-75.3681827,0.38148999,,18.055201,17.1798
2025995283,329.3570571,-75.25184445,-0.056101099,,18.9979,18.069
2025995287,329.3852357,-75.22365831,0.12719201,,18.466101,17.5425
1987970281,310.3560868,-74.87870814,-0.079423502,,19.3337,18.4979
1987961182,312.0291309,-74.90423124,0.170469,,19.1957,18.324699
1987958254,313.8082002,-75.11791579,0.283979,,19.1994,18.413401
1987979175,314.0642182,-74.89711078,0.28950199,,19.0812,18.346201
1987980385,313.7710681,-74.5317576,0.43651599,,19.159901,18.3874
1987980595,313.8120108,-74.38987817,0.16976801,,19.3209,18.554501
352508526,324.5254139,-75.14460212,0.28736499,,18.2927,17.3729
352508598,324.8752972,-74.91890026,0.224031,,17.379299,16.517599
1922129176,299.4001059,-75.39162405,0.079955101,,18.5047,17.7075
1987901802,300.3359956,-74.03432299,-0.132927,,18.312,17.5336
273604344,357.8952991,-74.96649534,0.191865,,17.778601,17.058201
317017865,335.9568451,-75.01940305,0.154364,,17.8081,16.930799
1987898289,301.3039789,-74.42555611,0.23087101,,18.606501,17.691999
1987902226,301.2889993,-74.11602656,-0.14816,,18.9256,18.0823
1988023605,305.6842879,-74.82333959,0.121401,,18.552999,17.778601
1988026493,305.7814637,-74.64994084,0.079912402,,18.555,17.8132
1988026776,305.8596895,-74.54496657,0.24955,,18.4825,17.6313
1987962269,309.0095462,-75.74520097,0.177653,,18.3382,17.5987
352508673,324.5957386,-74.70692635,0.032480098,,17.9652,17.1217
2025995432,329.3334328,-75.13947589,0.122331,,18.5982,17.709499
1987963514,309.1464116,-75.62424863,0.250819,,18.5266,17.6684
1987975693,310.6127219,-74.12588699,-0.030842001,,18.6478,17.775
352508724,324.7378261,-74.58671703,0.27160001,,17.848499,17.0026
352508755,324.7508954,-74.48809759,0.228421,,17.4716,16.601801
352508774,324.6295649,-74.43873507,0.192017,,17.4585,16.5784
404349435,321.1819085,-75.9526061,0.58167499,,16.067699,15.1743
331679432,306.6890392,-74.3913127,0.45648199,,16.427401,15.5711
469812407,300.09482,-75.40235219,0.477918,,15.8808,14.9994
277891527,353.8408802,-75.78177757,0.45354301,,17.5965,16.761999
277891549,353.773446,-75.69516156,0.21867999,,17.863199,16.9986
421871990,338.9838763,-75.65247369,,,12.0074,11.2553
421938640,343.3261807,-75.01725017,1.43697,,,
421938836,343.3720389,-74.42444308,2.9042599,,,
1922174081,299.5239422,-74.32949681,-0.0683598,,18.7519,17.918501
1988026405,305.8812326,-74.73621119,-0.0035159499,,18.9011,18.1096
331679561,306.6343065,-74.63623316,0.43965301,,16.488501,15.6578
398460814,299.2928323,-74.06999121,1.40264,,13.8803,13.0298
398461200,299.2100254,-74.74452083,0.65175998,,15.1538,14.2744
352508946,324.9065053,-74.02485439,0.41888899,,17.6873,16.8591
1988027509,305.8744921,-74.43048173,0.16821299,,18.656401,17.7969
1988027529,305.9035087,-74.37897958,-0.0129231,,18.791,18.013
1987953105,309.0862252,-75.89990674,0.129576,,18.9702,18.0627
1987962282,308.8984386,-75.73634897,-0.064988598,,18.5481,17.680401
352510781,325.3018272,-74.11078666,0.284033,,18.177799,17.340401
389130003,345.2141491,-75.02778485,1.20006,,,
389130211,345.3561652,-74.23693415,2.39446,,,
270173032,331.2621065,-75.7664081,,,13.2358,12.38
293525624,351.9863892,-74.13492065,6.1149402,,10.3318,9.5785503
421938763,343.3324774,-74.64365867,9.2998199,,9.97575,9.18641
270244575,332.7815695,-75.76403093,0.251993,,18.187099,17.3001
1922127991,298.5507182,-75.71631332,-0.112672,,19.2803,18.450701
277891558,353.6288139,-75.65858259,0.177871,,17.4238,16.5595
277891582,353.8785089,-75.58661692,0.25458801,,17.4533,16.6628
277891583,353.9065191,-75.58559775,0.205088,,17.311501,16.539301
1987891821,300.1163849,-75.38520118,-0.089063503,,19.4685,18.634001
1987882848,300.6235022,-75.57426256,0.32839799,,19.5002,18.5984
1987891079,300.495318,-75.55829695,0.36065999,,19.417299,18.450399
273416684,341.7704352,-74.27232225,0.47683901,,17.264,16.450001
277891662,353.7042775,-75.33031823,0.32829201,,18.125799,17.2603
396211180,300.2468515,-75.51430747,0.542862,,14.4594,13.8495
261396281,304.0242868,-74.89703512,0.85318601,,14.9224,14.0571
1987893661,302.1183446,-74.90286355,-0.029196899,,19.3214,18.401899
1987898690,302.2818757,-74.45717307,0.62701797,,19.344299,18.472
1987899903,302.2027023,-74.13411368,0.088547699,,19.4664,18.5821
277891699,353.6363808,-75.18533644,0.33667901,,17.622,16.8752
277891733,353.8562215,-75.08221726,0.252395,,17.763399,16.9249
277889967,353.343412,-74.85620197,8.2355499,,8.8448896,8.2424698
277889974,353.3487194,-74.88785928,3.4846399,,11.4594,10.7398
270272766,333.6658178,-75.81525132,3.1845601,,11.2918,10.5125
421921080,342.8182025,-74.67233842,1.38729,,13.4154,12.6666
421937089,342.6943682,-75.87547893,2.3863599,,12.7908,12.0075
421938495,343.2961821,-75.48153362,1.95376,,12.6494,11.8347
421938635,343.3602038,-75.04579554,1.98142,,12.5253,11.7591
389130166,345.0766665,-74.42289931,1.40911,,13.4805,12.6445
290370049,329.7614423,-75.27604275,0.28279701,,18.0166,17.1968
290370103,329.7273292,-75.21103464,0.35520801,,17.8258,16.942301
290370196,329.9611364,-75.12693461,0.41625401,,17.121,16.210699
290370318,329.8834092,-74.93552128,0.186223,,18.2089,17.3853
290370455,329.8113762,-74.73535499,0.31966001,,18.1567,17.2684
2025998185,327.8372207,-75.54223765,0.236976,,18.7946,17.9401
273416833,341.683423,-74.59148947,0.13501801,,17.8258,17.185801
331679905,306.819399,-75.35616327,0.77792102,,15.6011,14.7086
331680185,306.863377,-75.99690036,0.80617797,,14.8119,13.9131
290370476,330.0475796,-74.69051431,0.47873101,,17.0333,16.180099
290370527,329.9313229,-74.64964895,0.183057,,17.275,16.385599
290370946,329.819127,-74.0748378,0.1496,,17.2911,16.8375
389130220,345.2887973,-74.19697801,1.20876,,12.3158,11.6868
389130234,345.1607268,-74.13882916,2.0701799,,13.0289,12.2267
392793150,345.7417455,-75.65508504,1.43622,,13.3009,12.5786
392793248,345.7942378,-75.31013803,2.8520801,,12.6041,11.7487
392793463,346.0293492,-74.68454727,1.49019,,13.2715,12.5061
1987965463,307.1803083,-75.53060816,-0.050309699,,19.353901,18.668699
1987967079,307.0650681,-75.08025984,0.57949698,,19.466101,18.6318
273417011,341.64372,-75.07069738,-0.089537099,,17.959999,17.1105
469812510,299.9906883,-75.64565359,0.75284702,,14.8252,13.8707
469812585,299.9467268,-75.84447881,0.97094399,,14.7712,13.8203
469820915,300.590454,-75.80900881,0.52826798,,15.5332,14.5958
2025998193,328.0567402,-75.52287945,-0.212578,,19.4359,18.6161
2025998435,327.9565577,-75.48170032,0.365125,,18.4133,17.492599
2025998429,327.993593,-75.48955884,0.115584,,19.317101,18.428301
2025998426,328.0913809,-75.47573447,0.073741697,,19.759199,18.918301
469812289,299.9724242,-75.14711081,0.63604701,,15.3001,14.3561
469812460,299.9998305,-75.54772057,0.66631299,,15.7616,14.8534
261396243,304.1010858,-74.82844662,0.57198399,,15.5841,14.6956
262021798,323.7061193,-75.37768881,0.25769401,,17.6423,16.735399
331679842,306.8036577,-75.22200618,0.66382599,,15.3078,14.5176
2025998522,327.978494,-75.35829212,0.164745,,19.825199,18.917
1988028383,307.0103356,-74.3388244,-0.52333099,,19.530399,18.746799
1987963812,309.3517129,-75.46500563,0.231342,,19.099501,18.2125
331633035,305.6772799,-75.36011257,0.39357001,,18.4049,17.523199
2025998596,328.0859972,-75.29869293,-0.61151302,,19.757099,18.8713
2026002380,328.2306468,-75.18487596,0.122509,,19.0452,18.1602
392793495,345.8078899,-74.60086263,2.3930099,,12.7335,11.9475
392793566,345.9453596,-74.37084885,1.88254,,12.5671,11.8491
270261608,356.3274586,-74.16094851,1.54514,,13.2694,12.571
331680113,306.6962987,-75.83099884,0.70841998,,15.5395,14.64
404349368,321.320088,-75.81359808,0.63207197,,15.7077,14.879
469811885,299.8838133,-74.29921708,0.65027499,,15.2593,14.3509
469811924,300.1018409,-74.39085413,1.47651,,14.3255,13.4724
2026002445,328.3655853,-75.14103753,-0.70154297,,19.914,19.094
2026002504,327.9879056,-75.06442455,-0.132752,,19.3692,18.4547
2026002498,328.1958657,-75.08229164,0.177889,,18.8134,17.933901
2026002867,327.8211662,-75.12140499,-0.96825802,,20.365299,19.494499
352508465,324.7651988,-75.3607824,0.22130799,,17.8409,16.964701
352508483,324.7804603,-75.30400078,0.173273,,17.8442,17.096201
352508496,324.8763218,-75.27096224,0.36481899,,17.490101,16.5795
352508517,324.8672806,-75.17568083,0.107751,,17.820601,16.9202
352508524,324.6753843,-75.15465849,0.0853917,,17.849899,16.952299
396212043,300.3186208,-74.15495813,0.50199598,,16.2187,15.3107
261396117,304.0813751,-74.58697825,0.465186,,16.094,15.2458
261396257,304.0594358,-74.85405781,1.08558,,14.4043,13.5502
261396230,303.8259179,-74.79896132,1.03469,,14.5954,13.7468
261396242,303.9064123,-74.82669863,0.91416401,,14.6275,13.7842
352508646,324.6639999,-74.77414519,0.24546701,,17.5917,16.7745
352508689,324.7631657,-74.66902547,0.191241,,17.7528,16.9529
261396615,303.8576922,-75.50015637,0.79182202,,15.3441,14.4358
331679290,306.7268703,-74.1421545,0.80051798,,14.7465,13.9905
277890307,353.5910274,-75.94413306,3.5815401,,10.8516,10.1299
277910654,354.0439824,-75.9994854,2.54685,,10.82,10.3542
352508788,324.6303365,-74.4147482,0.38483,,17.714399,16.85
352508923,324.8756604,-74.07368054,0.24551199,,17.942301,17.2402
352510786,325.0568556,-74.12969938,0.205596,,17.646,16.816999
331679649,306.8430824,-74.80613883,0.95110899,,14.4311,13.5493
352511432,325.0861848,-75.77236098,0.249073,,18.098301,17.259899
1987954600,310.2459624,-75.64006386,0.108705,,19.426399,18.6807
1987954572,310.4182776,-75.64640799,-0.118515,,19.451099,18.568199
290370276,329.6738901,-75.01845452,0.31997499,,17.708599,16.851101
270200853,331.9038019,-74.14455286,0.119582,,17.8377,16.955099
421917262,341.9234709,-74.86593353,0.21343,,17.837299,17.0348
469811811,299.894495,-74.16339072,0.68515903,,14.7839,13.8715
2026003243,328.1496598,-74.89107253,0.065987103,,19.8006,19.051399
331743574,321.4686592,-74.86341762,1.11648,,12.7995,11.9825
2026003245,328.2027264,-74.87908158,0.066000402,,19.1957,18.3878
2026003249,328.2269338,-74.8637261,0.196318,,19.790899,18.9765
273604228,357.7914726,-75.2793578,0.128143,,17.771299,16.966499
421937042,342.8232202,-75.72148908,4.1206999,,11.6679,10.8897
421938816,343.2607363,-74.47477967,2.3597901,,10.962,10.2953
389129757,345.2707286,-75.99864381,2.4068601,,12.1542,11.3805
389129896,345.1791076,-75.49806138,4.3375802,,11.6932,10.8989
469821733,300.8418031,-74.1913588,0.66911101,,14.6114,13.7231
2026003272,328.0572513,-74.84590333,-0.27045399,,18.998699,18.2283
2026003274,328.1145056,-74.83581248,0.26706201,,18.4617,17.6348
2026003386,327.9089326,-74.83518829,0.55119801,,18.8344,17.969601
2026003382,327.8164857,-74.84560202,0.223519,,18.686701,17.9776
1987954584,310.6381069,-75.63209706,0.30763301,,19.4475,18.565201
1987954585,310.6306125,-75.61960696,0.20920201,,19.4282,18.626101
1987954794,310.1506541,-75.54765284,0.074108899,,19.2876,18.672899
1987954930,310.2767766,-75.41836219,0.15773299,,19.345699,18.5776
1987969259,310.2564567,-75.21453383,-0.158388,,19.581699,18.7953
1987969306,310.1529581,-75.19368499,0.13365699,,19.3629,18.6084
1987970721,310.5552428,-74.67728942,0.135048,,19.3895,18.540701
2025988464,330.6544471,-75.97724496,-0.34451699,,19.3046,18.407801
2025992018,330.9126708,-75.84807068,-0.13073599,,18.492701,17.750299
270201467,331.8420429,-75.84179649,0.288158,,17.3636,16.4764
277890145,353.565926,-75.41598116,1.46716,,11.5988,10.9202
277890303,353.5184273,-75.9335111,2.7035601,,10.794,10.0659
277910290,354.0341923,-74.81376316,1.59911,,12.3157,11.5831
277910304,354.144918,-74.85410306,3.32318,,11.7471,10.9772
331743623,321.4079332,-74.9869596,1.42776,,13.155,12.3676
392758121,327.1609197,-75.98507697,1.29742,,12.8698,12.1615
404240115,307.8679275,-74.9156643,0.27418801,,18.696199,17.8307
277910452,354.281754,-75.34882923,3.0404401,,12.4601,11.6814
270261601,356.2334419,-74.17730128,2.1991601,,12.5827,11.7511
277889941,353.33963,-74.74836956,1.40494,,13.5961,12.8793
421872124,338.7212495,-75.23835862,1.31697,,12.847,12.1461
396214739,301.1611093,-75.92616507,0.89560097,,14.3758,13.4645
261396434,303.7791411,-75.18035631,0.83252501,,13.884,13.104
331679298,306.5344802,-74.15930379,0.950284,,15.0151,14.1639
331679488,306.5756525,-74.50909789,0.57512403,,15.4322,14.5558
331679519,306.7746815,-74.5556158,1.09839,,14.0712,13.2319
331679653,306.7641525,-74.8097025,0.528651,,15.7759,14.9426
331679717,306.8197785,-74.94994889,0.93672198,,13.9615,13.1438
331679722,306.8513626,-74.96188106,1.19858,,13.8629,13.0562
2026003454,328.0182429,-74.73328071,0.076957896,,18.7988,18.064199
2026003457,327.963374,-74.73984944,0.18630201,,19.2714,18.4
331679866,306.7149235,-75.27362307,0.90664899,,14.323,13.4895
331680011,306.656869,-75.62703939,0.66494602,,15.2266,14.3607
331680148,306.567665,-75.92016227,0.58682901,,15.0138,14.162
2026003478,328.0141293,-74.65867505,-0.095245697,,20.0247,19.146799
2026003482,327.8670685,-74.72742631,0.23653799,,19.091499,18.2829
331743397,321.539207,-74.35787956,0.43846601,,16.2064,15.3054
331743713,321.7676018,-75.19379066,0.26435801,,15.4878,14.8516
352508900,324.7636347,-74.16300788,0.25125501,,17.4814,16.6227
352510868,325.2862649,-74.35337951,0.18964399,,18.0583,17.188999
404349179,321.0626686,-75.40485703,1.12799,,14.3816,13.5147
2026004347,328.2228177,-74.61505176,0.39102,,18.729099,18.036301
2026004348,328.2320789,-74.6143536,0.091030203,,19.1835,18.291
2026004383,327.9326679,-74.58361964,0.00366201,,19.705299,18.847601
2026004456,328.2261097,-74.49524806,0.032698601,,18.794399,17.9667
352511428,324.9436531,-75.76742011,0.47103,,17.084999,16.302401
331743709,321.5866894,-75.17815106,1.2511801,,14.8376,13.9665
2026004460,328.1606056,-74.50786174,-0.083810903,,19.9039,19.072399
331743742,321.6275947,-75.2404263,0.42616001,,15.8898,15.0237
290370145,329.6886372,-75.16788424,0.408097,,17.218599,16.3144
1987975171,310.2083359,-74.29087849,0.17260399,,19.2556,18.391199
1987975457,310.1178624,-74.1508526,-0.125303,,19.1427,18.3626
