1987971082,311.7135227,-74.71461766,-0.445503,,18.755699,18.349899
404219200,303.4576712,-74.83971597,0.299353,,17.4526,16.659401
1987946324,318.1622352,-74.58637075,0.165793,,19.3971,18.6525
1987946377,318.2290804,-74.51399952,0.195526,,19.1359,18.2875
404222265,307.542627,-74.63656271,0.248787,,17.0578,16.236601
327303009,310.6955628,-74.1115212,0.406975,,17.670099,16.808599
1987946447,318.535465,-74.47209061,-0.56457102,,20.395201,19.5574
396215759,301.3614198,-74.26762881,0.39976999,,16.3922,15.4695
1987946468,318.4470103,-74.43254752,0.27500501,,18.6553,17.840799
1987946523,318.3442443,-74.37220353,0.331411,,19.1607,18.319201
396215159,301.3959566,-75.22462347,-0.0108101,,18.070999,17.308599
1987936333,319.1117011,-75.81632531,-0.0731133,,19.058201,18.1901
1987936401,319.3379476,-75.78567651,0.27215999,,18.797001,18.0173
1987943687,319.2379164,-75.09637175,0.00032278101,,19.089701,18.249399
1987944199,318.9821125,-74.95844564,0.39709401,,18.7747,17.915501
1987944716,319.2804288,-74.7088086,0.127157,,19.111799,18.253799
1987944774,319.2701235,-74.66114196,0.31961799,,19.333401,18.4942
404219016,303.6588937,-74.53734423,0.385528,,17.653799,16.7686
404219020,303.4765852,-74.54726777,0.32086101,,18.157499,17.301701
331753372,321.9862178,-75.51397001,1.23921,,14.3281,13.4759
352476900,323.2676521,-75.13206926,1.18265,,13.9345,13.0186
273224305,313.9923902,-75.58488522,0.28479499,,17.213301,16.524
273224379,314.3224123,-75.76401133,0.44289199,,16.0427,15.3043
404346097,320.578795,-74.91626312,0.48885801,,16.245399,15.3717
404346127,320.5127095,-74.86257435,0.50061101,,16.4342,15.5448
327303114,310.6234919,-74.32925503,0.177773,,17.6373,16.755301
327303558,310.5002389,-75.32769083,0.113813,,18.2764,17.436701
352476964,323.1477949,-74.97942088,0.081010699,,15.5669,14.7901
273224253,314.26032,-75.4694737,0.50933897,,16.119699,15.2257
401573337,312.0813766,-75.93716018,0.32244301,,16.5315,15.7034
273224265,313.9583955,-75.49620455,0.77467602,,15.2719,14.4238
1987983988,318.1031818,-74.1572507,-1.5666,,20.646099,19.8738
1987983992,318.2425151,-74.14898742,0.31109899,,19.4172,18.616899
1987984059,318.3261636,-74.10960447,0.022976199,,19.5278,18.7675
1987877010,304.9131876,-75.7131291,-0.19801299,,18.994101,18.2782
1987885393,304.6795931,-75.56159688,0.120348,,19.105499,18.2649
1987886920,304.7064839,-75.19436143,0.0175779,,18.9562,18.1696
1988026942,304.5502425,-74.71958848,0.344726,,18.937,18.1012
290349342,329.1918662,-75.65005895,0.19720601,,16.977501,16.1882
1987984066,318.3833273,-74.08110803,-0.0202174,,20.037399,19.2209
273224462,314.0019388,-75.97278567,0.39033601,,16.228001,15.4107
404345609,320.4675298,-75.99075438,0.79397899,,15.7695,14.8852
404346218,320.4171935,-74.69658547,0.65911698,,15.7997,14.9977
325277560,322.1969174,-74.37788204,0.36690199,,15.8845,15.1423
331753604,322.080887,-74.88251606,0.74378198,,15.3344,14.4886
468144798,305.1877353,-75.57882974,0.312751,,17.1436,16.2726
2026030773,321.360368,-75.82523887,-0.14130899,,20.026199,19.1894
331753757,322.1224986,-74.50365202,0.29400399,,15.9218,15.1018
352439187,323.1911603,-75.89251244,0.341153,,15.4716,14.637
273224378,314.1223522,-75.76297617,0.60038197,,15.4712,14.5882
2026030843,321.2831858,-75.74905768,0.0243684,,18.7535,18.2171
2026030847,321.7300674,-75.77847687,0.34013101,,19.0383,18.246099
2026030848,321.7154738,-75.77689971,-0.042227499,,20.080999,19.2738
404345656,320.4753561,-75.89693069,1.61572,,14.111,13.2662
2026030840,321.2756377,-75.75583689,0.24743,,19.1978,18.4102
2026031092,321.1436001,-75.62254171,0.149295,,20.151199,19.2957
293525647,351.8193307,-74.05986629,0.126572,,18.2246,17.387501
1987970485,311.0885875,-74.78291338,-0.048176698,,19.220699,18.348101
273569642,357.1027625,-74.89190015,0.91319698,,14.9396,14.1649
273571779,357.1475658,-74.73599432,0.59282601,,15.275,14.4348
404346393,320.5638704,-74.34532092,1.32524,,14.0665,13.2251
325277741,322.3158835,-74.81318497,0.90624499,,15.2432,14.3441
325277978,322.2163908,-75.30413975,0.809497,,14.5505,13.7044
404287769,309.9211968,-74.45942508,0.66331798,,16.241899,15.374
331753526,322.108586,-75.10807198,1.32296,,14.0069,13.1659
331753661,322.0262337,-74.75210344,0.74370098,,14.988,14.12
331753727,321.9770145,-74.56364864,0.62809098,,15.3145,14.5065
331753946,322.0085341,-74.0217551,1.07156,,13.9528,13.2166
352476769,323.246897,-75.40415223,0.69283199,,15.203,14.2795
293528760,359.1087581,-75.16125829,1.06269,,14.8957,14.056
404194907,298.3210542,-74.19495061,0.34300601,,17.5278,16.7899
352477057,322.9727011,-74.70766391,1.05967,,14.714,13.8111
352477211,323.1540813,-74.30877039,0.79205799,,14.7007,13.9568
273396794,340.6803684,-75.34385433,-0.087774798,,18.392401,17.5488
401573338,312.152338,-75.94325809,0.71699399,,14.9621,14.1525
1988026984,304.7443787,-74.65407647,0.077719398,,18.978701,18.1681
1988027070,304.9864099,-74.57340402,0.212475,,18.974701,18.2323
1988027140,304.7738607,-74.60354678,0.25260401,,19.154499,18.2983
1988037524,305.0123575,-74.26478358,0.39470899,,18.8722,18.1108
1988037711,304.6801861,-74.23551629,-0.00377448,,18.716801,18.027399
1988037755,304.7859131,-74.18833207,0.17368799,,18.7647,17.9748
1988038492,304.8082033,-74.06925923,0.432358,,19.176701,18.286301
1988038522,305.013794,-74.01384575,0.316275,,18.9011,18.218599
1987958469,311.8679344,-75.57506411,0.365547,,18.558701,17.7481
1987958551,311.9656314,-75.48938429,0.226724,,19.126101,18.3442
273398471,341.3691021,-75.42867987,-0.053765699,,18.5186,17.6968
265434271,316.2345311,-74.71297015,0.46917999,,14.7685,14.0578
1987969451,310.5579429,-75.05048978,0.56561899,,16.264099,15.3948
1987969452,310.5483372,-75.04702864,1.18591,,14.2855,13.4787
261424918,304.424517,-74.4980598,0.21803699,,17.785,16.941999
261424993,304.2845415,-74.35749856,0.0071528102,,18.106501,17.344801
265434428,316.0860782,-74.97378382,0.61572498,,14.0851,13.4182
277890117,353.3295563,-75.33230586,0.00087640702,,18.116199,17.2582
469820958,300.8303575,-75.72408575,0.30389601,,17.204599,16.322399
273515201,347.9779246,-75.61239488,0.305787,,18.400801,17.545401
265434576,316.2174335,-75.29204364,0.86654598,,14.0051,13.3552
2026031076,321.4411972,-75.58893037,0.33123201,,19.594801,18.8242
2026031104,321.3416883,-75.59503667,-0.206329,,19.318199,18.5455
1987990148,314.069886,-74.16154935,0.220883,,18.0501,17.246901
2026031373,321.4272273,-75.54912771,0.280873,,19.355,18.617399
2026031393,321.3871052,-75.50346075,0.20097201,,19.517401,18.6411
2026031413,321.3946758,-75.47757491,0.12880801,,19.5044,18.738701
469821012,300.7595911,-75.63217083,0.278974,,17.9704,17.110399
469821261,300.9224625,-75.11508649,0.055699099,,17.656601,16.706301
273515330,348.1417756,-75.95766667,0.150179,,18.414301,17.5686
273515345,347.8212908,-75.99960296,0.109147,,18.242701,17.475201
404345846,320.4077071,-75.46551994,0.74934798,,15.3821,14.5274
404345848,320.476394,-75.46042736,0.97751302,,14.9923,14.1103
352546030,325.890487,-75.55477542,0.69784403,,14.0464,13.2324
404346101,320.4132997,-74.91336878,0.94214898,,14.8656,14.0264
290349373,328.9265807,-75.56988968,0.27098101,,18.061001,17.141701
2026033392,321.2280213,-75.34924823,0.27929899,,18.685101,17.817699
2026033394,321.2549716,-75.32319423,0.35756701,,18.491899,17.754801
2026033401,321.3167762,-75.3091115,-0.0100888,,18.3531,17.837
2026033404,321.4342407,-75.31338915,0.128125,,18.608999,17.8958
2026033387,321.3623229,-75.35421322,-0.0081720697,,19.205099,18.3867
2026033389,321.3190267,-75.35066155,-0.33407301,,19.7022,18.8561
2026033550,321.3124681,-75.26874848,0.195952,,18.8608,17.9949
290349546,329.1887389,-75.15868164,0.38935101,,17.8363,16.9526
290305904,328.8093353,-75.85294403,0.20239,,18.059299,17.1488
352541581,325.3212138,-75.87570686,1.2913001,,13.9025,13.0091
392755229,326.8134476,-75.03096272,1.76373,,14.1446,13.2119
265434143,316.2616476,-74.43653399,0.63994402,,14.9703,14.1306
265434508,316.1508355,-75.12183362,0.428325,,16.8006,15.9394
265434636,316.2676371,-75.41645583,0.33061501,,17.1744,16.457199
404346503,320.2775258,-74.11240417,0.52442801,,15.3993,14.533
2026034458,321.3492823,-75.22214037,0.52789599,,18.617399,17.730101
2026034473,321.5732887,-75.17433099,0.0128244,,19.046,18.280001
421871929,338.6884792,-75.8573608,-0.0671314,,18.0502,17.187901
331753238,322.0684058,-75.85439283,1.01814,,15.245,14.3561
331753486,321.8361625,-75.21857295,1.21647,,15.0961,14.2144
2026035012,321.1795522,-75.12592756,-0.840074,,20.3487,19.542601
2026049284,320.9086832,-74.16804022,0.119112,,17.7857,17.2379
421872099,338.882999,-75.34702844,0.119432,,17.6968,16.9547
421938442,343.2223707,-75.64883033,0.050058499,,18.2159,17.424999
262021842,323.6188446,-75.45895554,1.02627,,13.9899,13.2176
392755079,326.8557444,-75.44197227,0.40856701,,16.6446,15.7296
352508818,324.8744054,-74.33629944,0.32018301,,15.6838,15.0276
290404679,331.1906214,-75.29350132,0.53008199,,16.046801,15.1238
2026035105,321.3249716,-75.0176682,-0.43253201,,19.9186,19.245501
331753694,322.0397903,-74.65990628,1.03253,,14.6177,13.7781
331753730,322.0437004,-74.55974685,0.55928499,,15.1375,14.2798
331753748,321.8729301,-74.5176982,1.0605299,,14.5376,13.6877
421894631,339.2611246,-75.98488089,-0.0266048,,18.1105,17.301001
389130040,345.2452819,-74.90202504,0.244477,,17.8957,17.0494
1987960965,312.0406764,-75.04859297,0.40763801,,18.795,17.938499
1987970771,311.7522059,-74.91977985,0.091208696,,18.656601,17.9324
1987970860,311.9356387,-74.8156294,0.120424,,18.700001,17.934099
2026035168,321.2752359,-74.95447042,0.084853798,,19.434299,18.528
352476740,323.2435913,-75.49083905,0.51361799,,15.2098,14.3998
352476803,323.2979141,-75.32387138,0.55873901,,15.9264,15.0523
352476829,322.9824874,-75.27226184,1.36498,,14.4288,13.6716
352476927,322.9874735,-75.06090192,0.621849,,14.9499,14.1007
270275014,334.3095191,-74.05570646,0.926781,,15.6561,14.8577
265434196,316.1589768,-74.55640253,0.534105,,15.9819,15.172
404346527,320.5590692,-74.06146046,0.64533502,,15.7073,14.8913
2026048930,321.6754786,-74.14127064,0.21344601,,18.0217,17.1364
1987939456,318.8307636,-75.18946522,0.302403,,18.6516,18.0116
1987944223,319.113002,-74.89663098,0.56519997,,18.773899,18.015301
1987944603,319.1784084,-74.82290387,0.205135,,18.880899,18.246599
2026048612,321.8604135,-74.3908077,0.21199501,,18.490299,17.670401
1987877064,304.7235278,-75.71625211,0.33862901,,19.226,18.358601
1987885734,304.7864716,-75.37413071,0.124937,,19.0987,18.305099
469821781,300.6889896,-74.11819175,0.43445399,,16.9051,16.0324
2026035173,321.3459493,-74.90558096,-0.556189,,19.722401,18.9104
2026035540,321.2510698,-74.84772016,0.254684,,19.179701,18.2752
262021834,323.743579,-75.44662368,0.61577499,,15.6794,14.7617
270246065,333.0677653,-75.2465636,0.364952,,17.128799,16.2281
421871917,338.704979,-75.90438317,0.169958,,17.3769,16.5273
421872183,339.0193143,-75.06641468,0.43286499,,17.1667,16.3591
421872350,338.85704,-74.60601913,0.269283,,17.503,16.6877
265433972,316.0930288,-74.08514641,0.301622,,14.7636,14.3869
265433976,316.1159192,-74.08954593,0.428951,,16.108999,15.2775
1988037073,304.7720759,-74.43690814,0.21063399,,19.1698,18.3293
1988037530,305.0618171,-74.25023695,0.20996,,19.383699,18.5077
1987875821,305.7218475,-75.99938242,-0.150011,,19.3645,18.5438
352477179,323.1748007,-74.37930451,0.50378501,,15.2369,14.3976
421938388,343.0214851,-75.8020681,0.220257,,17.2157,16.4167
421938518,342.9283457,-75.42885665,0.43624401,,17.189199,16.3365
421938579,343.2263269,-75.24510928,0.41998601,,17.320999,16.541
421938588,343.2126195,-75.21347553,0.48605099,,17.2857,16.437201
2026035455,321.5635902,-74.81602234,0.32053399,,19.571301,18.703699
265434668,316.2314455,-75.52630152,0.39388201,,15.9623,15.1512
352477197,323.0450247,-74.34065378,0.58988202,,15.3718,14.5471
352477247,323.0858694,-74.21880225,0.73797101,,15.322,14.4326
404346273,320.2732984,-74.58931513,0.409518,,16.635799,15.7604
352439285,322.9863801,-75.65168918,0.45936099,,16.0501,15.2505
421938591,343.0469401,-75.20495753,0.243156,,17.2675,16.494101
421938864,343.133849,-74.34820941,0.20946801,,17.399599,16.695
421938846,343.1292376,-74.3914592,0.25163001,,17.454901,16.6126
421938910,343.0712859,-74.23591713,-0.067494802,,17.5439,16.831499
421938957,343.0003331,-74.12668881,0.199468,,17.466499,16.6486
261540884,348.126328,-75.92765043,0.248835,,18.0446,17.2332
469821687,300.8969578,-74.27953343,0.181615,,17.590599,16.710699
469821723,300.8000377,-74.2091066,0.20956799,,17.9524,17.0516
265371028,315.6753782,-74.72374184,0.197018,,17.1719,16.4363
1987875843,305.72982,-75.97400856,-0.169542,,19.2586,18.4023
1987875988,305.8943927,-75.90530276,0.189337,,19.4694,18.687099
1987875989,305.8697973,-75.90379116,-0.282976,,19.5903,18.768801
1987951305,311.678011,-75.86023331,0.32895201,,19.0233,18.198299
1987951330,311.7651012,-75.83353943,0.33198899,,19.273001,18.448999
1987959053,311.8330591,-75.37146898,-0.37676001,,19.285999,18.4664
352476917,322.9937339,-75.0879843,0.43817699,,15.9796,15.0871
389130143,345.0169284,-74.53352429,0.143944,,17.844,17.165199
389130187,345.0831196,-74.3448758,0.205984,,17.3832,16.729401
404346515,320.6213349,-74.08702896,0.30177701,,16.310699,15.4969
262021672,323.5046628,-75.04233138,0.48585999,,15.7346,14.8985
325277408,322.4793237,-74.06808407,0.41377801,,15.8073,15.0388
325277704,322.4164198,-74.6887632,0.557482,,15.7608,14.8803
2026035701,321.3010374,-74.66697318,-0.32000899,,19.4723,18.648199
2026035672,321.546589,-74.68225693,-0.130881,,18.8431,18.148199
261541030,348.3132818,-75.45957911,0.28532299,,17.4503,16.618999
1987960017,311.7725531,-75.05794736,-0.089137897,,19.412701,18.565599
1987970919,311.8035008,-74.79716681,0.44407299,,19.27,18.468399
1987970928,311.8960746,-74.77863674,0.012057,,19.376499,18.657801
1987936662,319.0565015,-75.55829302,0.189905,,19.2885,18.5154
1987943775,319.2429767,-75.03474888,0.0765265,,18.811701,18.105101
1987944632,319.2601724,-74.78640546,-0.62955397,,19.3402,18.485201
1987951078,310.9733206,-75.99034325,-0.062489901,,18.4053,17.4984
1987951358,311.3649691,-75.92487893,0.102105,,18.4468,17.633101
1987954132,311.0465694,-75.53784716,0.0579933,,18.426901,17.5452
325278021,322.2694678,-75.41858525,0.255548,,15.6517,14.9924
331774413,322.7945836,-74.14665187,0.50713497,,15.7828,14.9345
331774443,322.9264636,-74.07777169,0.62632698,,16.145399,15.3386
331774484,322.6709414,-74.00013343,0.44841701,,16.5303,15.6561
404346074,320.2548794,-74.97282005,0.238877,,17.058399,16.2307
404346536,320.376677,-74.04410637,0.30651,,17.062,16.183399
2026036403,321.2398542,-74.58818427,0.0279718,,19.132799,18.2425
2026036400,321.19789,-74.59864889,-0.0535069,,19.6152,18.759001
2026048692,321.8968309,-74.27675959,0.047705799,,18.938299,18.0984
261427847,304.8543052,-74.28017996,0.41102299,,16.869301,16.0214
392793195,345.7679144,-75.45232893,0.20232899,,17.5639,16.722601
392793301,346.126261,-75.1481779,0.27847499,,16.9734,16.2068
392793412,345.9517271,-74.80052751,0.278355,,17.3941,16.5846
392793595,346.0918109,-74.30414774,0.234614,,17.412901,16.6709
392793597,345.7870475,-74.30158954,0.35882801,,17.4105,16.576401
261427954,304.7229966,-74.45070412,0.30763799,,17.043301,16.257799
317058477,336.9066669,-74.25352153,1.00722,,14.1166,13.2933
273571480,357.388281,-74.05268319,0.88590199,,15.4057,14.5813
331753315,321.9127431,-75.62949803,0.29213601,,16.817101,15.9333
331753374,322.1215716,-75.51105943,0.43754101,,17.0347,16.122101
331753445,321.9210044,-75.31100374,0.22540499,,17.0156,16.167601
331753519,321.8303183,-75.13743159,0.385483,,16.797199,16.0326
331753912,321.9924063,-74.12487614,0.316351,,17.408701,16.68
1987969173,310.8506097,-75.16506108,0.117137,,18.398701,17.6642
392755347,326.8285272,-74.7522383,0.121806,,17.3297,16.615999
392762300,327.9521053,-75.42097473,0.34480801,,17.216299,16.3102
352481980,324.495737,-74.48055929,0.36955401,,16.403601,15.5705
392755003,326.6215547,-75.62599003,0.51416498,,16.1674,15.2739
392755120,326.5012331,-75.32866054,0.69012398,,15.6269,14.7379
392757783,327.0161585,-75.0631059,0.342114,,16.686899,15.7754
290349483,328.9163635,-75.27809759,0.327438,,17.016899,16.211399
270173018,331.2732695,-75.81127722,0.31501201,,17.1838,16.313601
270173024,331.3326476,-75.78706263,0.109395,,17.4177,16.6521
273396818,340.7980725,-75.4188958,0.110725,,17.5151,16.7285
273398462,341.3200123,-75.44354981,0.29715601,,17.349001,16.5744
392793664,345.8613401,-74.13543722,0.29883701,,17.410999,16.6
293525583,351.7649455,-74.24918875,0.216883,,17.248899,16.4818
293525584,351.7791093,-74.24883325,0.18370999,,17.509199,16.716499
277889721,353.3899675,-74.04788086,0.24449401,,17.3897,16.803301
273398517,341.2508125,-75.31340927,0.129695,,17.4065,16.589899
273398527,341.3084316,-75.29566853,0.31582099,,17.573299,16.753799
261540955,348.1129665,-75.72185275,0.38800699,,17.217899,16.367901
261541090,348.350569,-75.25509604,0.27807301,,17.4536,16.623301
261541105,348.2135907,-75.22245733,0.203564,,17.4669,16.679001
271579950,319.6880486,-74.64788872,0.403568,,17.117001,16.251801
277889749,353.4500922,-74.14339205,0.141427,,17.419001,16.7187
277889752,353.3103039,-74.14631113,0.36511901,,17.1562,16.3713
277889841,353.3775796,-74.40366696,0.0020687401,,17.8517,17.214399
277889846,353.2185899,-74.41751999,0.29853299,,17.542,16.8307
277889932,353.5086724,-74.7351418,0.17642,,17.237499,16.492399
392760074,327.6762597,-74.02043295,0.40942201,,16.4827,15.5702
261541206,348.388299,-74.87002103,0.29736599,,17.1667,16.326401
261541303,348.2018394,-74.63199701,0.36441699,,17.770201,16.976299
273515133,347.9118799,-75.405716,0.30884701,,16.971201,16.1719
265433969,316.0216221,-74.08420976,0.78801799,,15.4243,14.5583
2026048310,321.2972121,-74.48828593,0.37287199,,18.5481,17.657
2026048253,321.5017412,-74.55382666,0.0918402,,18.7908,17.9615
1987974349,311.1277336,-74.46145645,0.0305169,,18.809401,17.984501
1987974420,311.0124983,-74.40734025,0.031543799,,18.6084,17.799801
273515231,347.8919286,-75.71231185,0.53065199,,16.9746,16.1549
273515280,348.0571571,-75.82482466,0.29658201,,16.9415,16.108101
290305736,328.4874433,-75.43691494,0.27418199,,18.011801,17.103701
290349258,329.133591,-75.86524642,0.234588,,17.6675,16.764601
277890045,353.5234143,-75.12877193,0.381026,,17.175301,16.319201
277890090,353.503239,-75.26333729,0.286098,,16.961599,16.238899
277890128,353.3674775,-75.3679862,0.098894604,,17.4571,16.704201
277890277,353.3072595,-75.85196242,0.23306,,17.060801,16.3034
331753920,322.002112,-74.10677708,0.17316701,,17.315001,16.5285
270245922,332.8107472,-75.74501014,0.115471,,17.8811,16.961
316990975,335.2826837,-75.89049737,0.177269,,17.696899,16.780701
265433954,315.9667681,-74.04664999,0.3942,,16.747999,15.8862
265434501,316.244937,-75.1112347,0.31734201,,16.8445,16.020599
404345733,320.289653,-75.71940623,0.26215199,,17.144199,16.3302
404345845,320.3111817,-75.46888231,0.41894299,,17.039801,16.153
352508420,324.7336324,-75.49433228,0.455816,,15.7113,14.8056
325277567,322.3424233,-74.40054435,0.242843,,16.853701,15.9665
331753219,322.0346381,-75.91627515,0.323975,,16.7666,15.9185
331753280,321.9407115,-75.72099449,0.254787,,16.7223,16.040501
331753321,322.1601784,-75.61940034,0.557365,,16.967501,16.1103
331753511,322.0844832,-75.16232149,0.438021,,16.5065,15.7023
273396352,340.9260477,-74.12164964,0.240721,,17.9109,17.1362
277910644,354.109519,-75.97401961,0.28806999,,17.0467,16.2925
270261635,356.180645,-74.0394819,0.0608938,,17.486099,16.691601
290305943,328.8134942,-75.99264521,0.31153801,,18.141899,17.1882
1987974987,311.4327687,-74.1948761,0.173621,,18.4499,17.631701
1987990189,313.712981,-74.13935443,0.25953001,,18.440901,17.601101
1987938584,316.9508551,-75.56050303,-0.023146501,,18.1812,17.415701
270273007,333.9179916,-75.11301538,0.30563301,,17.575199,16.6763
2026048458,321.2414842,-74.40110739,-0.33295199,,19.703899,18.8633
273396463,340.7573863,-74.45947,0.39494401,,17.9531,17.1262
273396513,340.7958246,-74.58832617,0.260782,,17.7763,16.9223
265434109,315.9572507,-74.3731675,1.0487,,14.4329,13.6211
265434256,316.0732567,-74.69429819,0.74853897,,14.2417,13.4009
273396995,340.9902426,-75.97691076,0.398274,,17.8048,16.9681
273398353,341.2179791,-75.70959177,0.190827,,17.916901,17.1049
331753756,321.9984477,-74.50410301,0.117059,,16.361,15.5936
331753918,322.1155961,-74.10951173,0.372053,,17.0501,16.212299
352505898,324.2720202,-75.79085087,0.308402,,16.9184,15.9922
352476874,323.313928,-75.17233863,0.26857299,,17.2616,16.434
352477144,323.1138476,-74.48645816,0.455643,,16.773399,15.896
273398495,341.4028682,-75.38000823,0.060724702,,17.5954,16.755699
273398539,341.3416404,-75.27989446,0.19427399,,17.966499,17.156099
273398621,341.2150143,-75.02422101,0.28838,,17.7971,17.096901
270273273,333.5864225,-74.39687861,0.115405,,17.9266,17.1521
270271171,333.237157,-75.5241689,0.066415802,,17.758801,16.8522
421871997,338.7361825,-75.63259192,0.157433,,17.574699,16.694
421872056,338.7981516,-75.46974963,0.271072,,17.714399,17.022499
270275256,334.3579907,-74.67351331,0.23993,,16.1486,15.4002
421872122,338.7629921,-75.24978175,0.31400299,,17.3486,16.475599
421872445,339.0229497,-74.33580007,0.265966,,17.543501,16.747499
265434363,316.1329591,-74.87372741,1.0491101,,14.1149,13.2746
265434393,316.1308066,-74.92128574,0.86254901,,14.5882,13.733
265434745,316.1502422,-75.66754817,1.0068001,,13.8585,13.0791
404287053,309.8070727,-75.95108735,0.115583,,18.2491,17.437099
1922126947,298.8983217,-75.95343986,0.32213199,,17.275101,16.3456
1922127227,298.6141207,-75.84333118,0.162843,,18.3974,17.4659
1987894450,302.1284707,-74.75395495,0.66264898,,15.6057,14.8081
277941536,355.9238892,-74.44952205,0.173274,,17.6451,16.813499
2026048594,321.3740683,-74.28586976,-0.45777401,,20.301001,19.415199
404221607,307.4925948,-75.93364978,0.041125499,,18.295601,17.4305
421938381,343.1068845,-75.82800084,0.30244601,,18.052799,17.1989
421938443,343.3032677,-75.64881604,0.15319701,,17.6334,16.844299
404345697,320.2661503,-75.8072991,0.985434,,15.0679,14.1721
2026048951,321.8119147,-74.10367804,0.037852202,,18.772301,17.8993
1987951355,311.2374899,-75.91668128,0.037469499,,18.870199,17.950899
1987959281,311.0708234,-75.43197445,-0.068122499,,18.5923,17.778
290349374,328.969497,-75.56806755,0.23168799,,17.8363,16.962601
392761858,328.0793269,-74.27336716,0.255427,,17.626301,16.815399
325339667,335.0498599,-74.92460257,0.48379999,,16.6971,15.7713
404345888,320.4318748,-75.35822105,0.36743999,,16.5292,15.6838
325277459,322.4703297,-74.14616681,0.43032199,,16.403,15.5424
325277742,322.4940638,-74.81428509,0.470752,,16.43,15.5225
404345896,320.422667,-75.34727667,0.60391998,,14.8277,13.9388
1987899688,302.033081,-74.2675293,0.209645,,17.5504,16.694799
1987965682,307.0302473,-75.41988984,-0.083357498,,17.8554,17.400499
1987966705,306.9925706,-75.26678488,0.27905601,,17.9398,17.0516
1988025213,307.0746362,-74.59073764,0.032155,,18.102699,17.3151
392761971,327.7544991,-74.53275935,0.121848,,17.7913,16.955299
392762003,327.8215074,-74.61309506,0.187435,,17.635201,16.7813
392762107,327.8992875,-74.8629404,0.338447,,17.6742,16.831301
392762260,327.818121,-75.30093024,0.381827,,17.139099,16.225401
273224261,313.9528617,-75.49214609,0.47076499,,16.5117,15.6614
273224303,314.0110648,-75.58417175,0.47300601,,16.535299,15.652
1987959583,311.2814017,-75.23428897,0.0106168,,18.6835,17.9065
1987969485,311.0522107,-75.11477782,0.148623,,18.4678,17.709499
327726952,311.6750196,-75.55908608,0.128627,,18.1898,17.329901
466688205,295.9342851,-74.59113036,0.45982599,,16.861099,16.1245
2026049391,321.0847568,-74.16164239,-0.136811,,19.9258,19.1803
2026049424,321.2832575,-74.10773675,0.017002201,,19.2251,18.452499
290349332,329.1253308,-75.69976031,0.057744101,,17.371201,16.4813
317017756,336.3231122,-75.25151459,0.190275,,17.4454,16.6215
317018060,336.0362278,-74.71204734,0.24858899,,17.573999,16.8708
262021909,323.6193384,-75.60980878,0.95835602,,14.724,13.8479
316991261,335.4645823,-74.92809078,0.53722697,,16.3601,15.3997
1987971973,311.1777563,-74.5028871,-0.037190601,,18.896799,18.1068
1987990151,314.1532853,-74.15738935,-0.025014199,,18.683701,17.9569
352477032,323.1164877,-74.78049679,1.09187,,14.6261,13.7227
2026049710,322.2869802,-74.22011058,-0.35162801,,19.8183,19.1222
1987968564,308.5283875,-74.92214961,0.15369,,19.1168,18.4562
352477299,323.2844138,-74.07500334,1.11323,,13.8895,13.0461
325277385,322.2775593,-74.01911581,1.37028,,13.8504,13.0629
389129771,345.0780602,-75.94243276,0.42106101,,17.4708,16.6304
1987968754,308.7743717,-74.77478568,-0.27313101,,19.1019,18.321301
1988029966,308.3661448,-74.48921009,-0.030812001,,19.194901,18.4284
389129941,345.1069176,-75.29945323,0.21023101,,18.1483,17.288799
392793193,345.9544488,-75.45465984,0.251331,,17.5257,16.67
273396465,340.8383142,-74.46589213,0.26753399,,17.753,17.105
273396828,340.898096,-75.46355063,0.224714,,18.071301,17.2757
1987940375,316.2375323,-75.54279725,-0.24760599,,18.931601,18.442699
1988025203,307.1273571,-74.60356219,0.18488,,18.2829,17.4855
1988028382,307.0409658,-74.34338795,0.068659797,,18.401899,17.523899
1988028428,307.1605126,-74.25976607,0.320952,,17.0037,16.129801
1988028555,307.0470842,-74.26291763,0.059945598,,18.0229,17.215401
1988028720,307.064822,-74.14898959,0.231656,,18.0212,17.1458
1987964438,308.8077436,-75.34934219,0.15984499,,18.2486,17.406099
1987967689,309.1113148,-75.0804864,0.16422001,,17.913,17.1793
273569483,357.0786308,-75.37712748,0.49813899,,15.893,15.1061
293525438,351.7774948,-74.69244675,0.30298299,,17.385799,16.5415
277889745,353.4141654,-74.1143641,0.063441001,,18.0937,17.26
1987983401,316.4325405,-74.23585454,0.35532901,,18.838499,18.0599
1987940021,318.5916475,-75.12434491,0.110348,,19.1747,18.3214
404346313,320.5584361,-74.48348592,0.485778,,16.620399,15.7428
404346442,320.4200701,-74.22942662,0.72348797,,16.272699,15.4223
273398284,341.1951969,-75.86640316,0.35474899,,17.497499,16.639099
325278107,322.302521,-75.67178386,0.80737698,,14.6754,13.8479
261427998,304.6285429,-74.51666886,0.23803,,17.210199,16.3424
327727060,311.7078175,-75.38835292,0.235315,,17.133699,16.2833
277889980,353.5616032,-74.92267314,0.31329799,,17.903099,17.055799
466688749,296.0038453,-75.63475236,0.33138201,,17.1252,16.257799
1987940146,318.3650663,-75.12582838,-0.0926845,,19.0432,18.283199
1987945173,318.1235047,-74.88846646,-0.039215699,,18.994699,18.1779
1987945455,318.4017463,-74.68804893,0.208874,,18.763,18.022301
1987945769,318.3581249,-74.57550431,0.323596,,19.090099,18.2603
331753265,321.8405016,-75.79493053,0.63262099,,16.1465,15.3146
331753317,322.0915943,-75.62551074,0.31014401,,16.304001,15.4081
273571872,357.4297042,-75.04559103,0.45948899,,16.435801,15.6157
273571910,357.1522906,-75.13764265,0.626858,,16.2749,15.4445
1987967840,309.1228683,-74.96584395,0.369923,,18.1313,17.2495
1987968050,309.1129509,-74.85754099,0.16250999,,18.2384,17.372999
1987968086,308.9433423,-74.845687,0.044620302,,17.363199,16.9785
1987972996,310.2269759,-74.6352962,-0.00421699,,18.0606,17.244101
1987954308,310.0295741,-75.71019879,0.122141,,18.224001,17.411699
1987961544,312.4400181,-74.79882188,0.233972,,18.2953,17.4226
1987961586,312.4897868,-74.73008622,0.16455901,,17.816799,17.089899
331773968,322.692162,-75.26906313,0.749385,,13.7607,13.0976
273572147,357.2557915,-75.75480573,0.41655901,,16.308701,15.5735
293568257,359.4495877,-74.32689133,0.48210999,,16.316601,15.5032
293568315,359.2413305,-74.13127639,0.64232701,,15.9008,15.0699
404287593,310.0336627,-74.76137259,0.34619799,,17.1506,16.2927
327727605,311.8444772,-74.33633216,0.169971,,17.166,16.2943
1987984070,318.411173,-74.07522775,0.252985,,19.184299,18.417101
2026035014,321.1614655,-75.11804077,0.14628699,,18.556499,18.058701
331753390,322.1916127,-75.46214337,0.0777907,,16.5175,15.6351
331753468,322.104353,-75.24873004,0.443104,,15.8915,14.9936
277890018,353.4011628,-75.03446878,0.14628901,,17.9251,17.233299
277890071,353.405953,-75.21119158,0.31344399,,17.347,16.5401
331755537,322.5939174,-75.80901033,1.3831199,,14.2854,13.4257
331774070,322.8450119,-74.9974892,1.0720299,,13.9233,13.1896
404287136,309.8151179,-75.78732487,0.28266501,,16.7621,15.9759
466688552,295.9852075,-75.25119305,0.14132801,,16.8202,15.9637
404221693,307.3667945,-75.76249317,0.350945,,17.149099,16.299101
261427806,304.830829,-74.22275419,0.307897,,17.373699,16.492201
273398508,341.0770388,-75.33147792,0.35897601,,17.692801,16.936001
261540885,348.1897783,-75.92602553,0.30434501,,17.172701,16.291201
261540888,348.2044029,-75.91774783,0.128134,,17.6537,16.912901
261540909,348.257009,-75.87794635,0.23021901,,17.5329,16.6577
277910301,354.3628115,-74.83746105,0.070175,,17.9536,17.168301
404287144,309.8851483,-75.76484713,0.26614299,,16.596001,15.92
404287418,309.9831559,-75.13353163,0.41951901,,16.7215,15.8746
2026035557,321.3685737,-74.82734338,0.25992101,,18.9662,18.2171
2026048294,321.4627472,-74.48476836,0.079206802,,18.878799,18.008101
352439248,323.1998375,-75.7371063,0.54844898,,16.2507,15.3434
352482098,324.5282958,-74.75054864,0.678258,,15.1077,14.3163
352482122,324.3669339,-74.81282243,0.492212,,14.7446,14.0205
261540957,348.4590787,-75.71684259,0.32743001,,17.0453,16.253799
261540960,348.3446776,-75.70575564,0.271781,,16.9632,16.210501
261541063,348.1578498,-75.34289422,0.37769201,,17.775,16.93
270275255,334.335512,-74.67205125,0.53584498,,16.2397,15.3557
273569765,356.7562765,-74.49219785,0.48980299,,16.3671,15.5183
293528674,359.2918939,-75.40312836,0.36110201,,16.436001,15.5939
396215339,301.3531849,-74.94010335,0.39045599,,17.236601,16.304899
404287770,309.7964225,-74.45736122,0.483897,,16.963301,16.127199
352508272,324.7981121,-75.90379299,0.906349,,14.9879,14.0964
352508551,324.6871891,-75.05531087,0.691903,,14.5276,13.6236
277910525,354.0084332,-75.64108859,0.143181,,17.744301,16.918699
290305898,328.4891711,-75.84707082,0.42983401,,17.639,16.705799
261541170,348.3398793,-74.98951254,0.147927,,17.774401,16.947399
261541198,348.3426052,-74.90229946,0.138328,,17.497999,16.6656
261541313,348.2366687,-74.61329359,0.28090799,,17.562201,16.730301
352508918,324.8597858,-74.10250871,0.62201399,,14.3716,13.5006
392754965,326.8563726,-75.74396759,0.55351502,,15.2359,14.52
392755059,326.724486,-75.47534554,0.78688997,,14.5272,13.6191
392755143,326.719355,-75.25738726,0.90496403,,14.523,13.6194
261424916,304.3616609,-74.50260089,0.29744399,,18.133101,17.2817
404346381,320.5400439,-74.36558402,0.66408598,,15.2059,14.3397
265370922,315.8371958,-74.97807943,0.230064,,17.2721,16.4291
271580423,319.5871165,-75.86056296,0.35179299,,17.101801,16.239901
270246481,332.9634594,-74.15151137,0.227906,,18.004801,17.146601
270272717,333.5971856,-75.95266872,0.37475201,,17.115,16.187599
270273005,333.7518472,-75.11487068,0.26960999,,17.724001,16.838499
273514934,347.9147166,-74.8809275,0.27178299,,18.1159,17.2791
352545934,325.8748377,-75.24790617,0.87365001,,14.6674,13.7985
352510861,325.0627544,-74.34254302,1.54647,,13.9584,13.1176
404194846,298.3742945,-74.26910759,0.26703101,,18.000099,17.211
270273244,333.9576173,-74.45226673,0.15028401,,17.5627,16.8116
404346547,320.3655068,-74.00477696,0.56219703,,16.0109,15.1747
316991513,335.281305,-74.03507632,0.307805,,17.0819,16.227501
316991514,335.4382789,-74.03483463,0.67405498,,16.3328,15.4915
277941426,355.9177877,-74.06591457,0.28114799,,17.7306,16.9352
277941450,355.6118908,-74.16405614,0.358192,,17.677,16.8927
277941511,355.8946703,-74.33407961,0.35022801,,17.368799,16.632999
331753791,322.0232817,-74.40725616,0.33796999,,15.8811,15.0987
270248440,333.3762153,-74.7939441,0.39381701,,16.7104,15.8168
316991392,335.1552949,-74.47980059,0.447292,,16.5868,15.7155
392759477,327.5363188,-75.72963901,0.26920801,,16.8606,15.9773
421872003,338.8686735,-75.62197954,0.38146701,,17.748199,16.890699
421872185,338.9890229,-75.06334811,0.31963199,,17.2332,16.5431
466688635,296.1565111,-75.42482488,-0.0240959,,18.499901,17.6462
261424839,304.3585097,-74.68534611,0.0529694,,18.461599,17.660801
404194996,298.5354627,-74.0523153,0.131257,,18.1675,17.3811
271579761,319.75237,-74.11807483,0.41511801,,17.096701,16.2437
271579962,319.6530124,-74.67953621,0.27661899,,17.138201,16.275801
392755053,326.5397018,-75.49228833,0.66827798,,15.3591,14.452
392759937,327.3799934,-74.41100107,0.145532,,17.3927,16.515301
290349805,328.975311,-74.43254423,0.0462576,,16.8179,16.100901
290349875,328.9679501,-74.25096072,0.249642,,16.549101,15.6818
466688572,296.1818733,-75.29020079,0.230474,,18.101299,17.2609
421872227,338.8702411,-74.971085,0.215048,,17.5154,16.7075
421872277,338.6713957,-74.82575517,0.31189099,,16.990299,16.1728
421872287,338.8491581,-74.7930597,0.221223,,17.830999,16.998699
421872324,338.9700154,-74.6977437,0.37267399,,17.697901,16.872
421872403,338.8115423,-74.42964254,0.325142,,17.1203,16.2764
277941514,355.7632973,-74.35821211,0.218954,,17.356199,16.581699
277941556,355.7812093,-74.48308088,0.144015,,17.6378,16.8116
317018038,336.0408166,-74.76490642,0.35902199,,16.357,15.5033
352477055,322.9677998,-74.70838024,0.99160302,,15.0639,14.1472
270173074,331.2376536,-75.61900413,0.32032201,,17.1971,16.2869
270275375,334.1715434,-74.98385731,0.35759601,,16.862,15.9565
421872545,338.9696345,-74.08020892,0.45984501,,17.7159,16.8969
421938382,343.1652725,-75.82584873,0.24914899,,17.594801,16.798901
421938459,343.3561463,-75.59042557,0.474325,,17.697701,16.832701
421938467,343.1783391,-75.57216869,0.35038999,,17.6558,16.828199
316991488,335.1921858,-74.12590002,0.31890899,,16.9524,16.1005
404287280,309.613944,-75.46045003,0.062923297,,18.072901,17.239401
404287421,309.6555471,-75.12893758,0.062127698,,18.243799,17.366301
265434227,316.0564858,-74.63112778,0.52565598,,16.1605,15.293
265434281,316.0897849,-74.73144725,0.50812298,,14.9675,14.1685
265434321,316.28876,-74.81097417,0.84610599,,14.7703,13.9194
265434554,316.2435967,-75.23651315,0.380963,,15.8531,15.1519
421938530,343.0083023,-75.3802562,0.23367,,17.817499,16.98
421938656,343.0855144,-74.95762991,0.45493099,,17.907301,17.060101
404290524,311.3889201,-74.41187424,0.25125101,,16.597,15.8701
404345760,320.3133074,-75.66758334,0.278514,,18.1453,17.276699
404345872,320.4687208,-75.406495,0.33447799,,18.141899,17.291599
317057937,336.8692162,-75.99545406,0.39186499,,16.9501,15.9985
404194949,298.6487002,-74.12734536,0.30699101,,17.110701,16.2174
261424496,304.2852525,-75.27035526,0.074871004,,17.0485,16.158501
331722121,307.1919738,-74.66262534,0.34187201,,17.5303,16.7633
404287052,309.8975538,-75.95172806,0.29000899,,17.3736,16.491199
404287223,309.9654148,-75.58641657,0.126229,,17.5056,16.830999
404287823,309.8612615,-74.36112837,0.33421999,,17.341101,16.4762
404287936,309.6560235,-74.12058592,0.321832,,17.5331,16.7131
392755345,326.7685768,-74.76357015,0.246075,,18.4093,17.5509
466688543,296.1562161,-75.23681669,0.35436299,,18.132601,17.2593
421938793,343.1964194,-74.54431478,0.22487199,,17.863001,17.0334
421938924,343.3600894,-74.19863303,0.081974298,,17.8482,17.0429
265434575,316.1279868,-75.288555,1.10023,,14.4909,13.7131
265434708,316.1484049,-75.58736987,0.92368501,,14.7898,13.967
273569580,357.0605861,-75.05140875,0.414341,,17.1318,16.351101
273569721,356.757921,-74.63271025,0.317471,,16.7782,16.011101
404194993,298.5559793,-74.05464901,0.49245599,,17.7665,16.8967
421938989,343.1997886,-74.05114271,0.19281,,17.494801,16.8234
331722285,307.1714335,-74.33716048,0.217388,,17.3379,16.4527
273569898,357.0854732,-74.16401327,0.41692299,,17.583599,16.733801
273571501,357.3904106,-74.10044709,0.26834199,,16.9077,16.103399
273571930,357.4380572,-75.19513071,0.42411301,,16.8916,16.0846
293568223,359.3757211,-74.4453609,0.42365199,,16.695499,15.8563
392759479,327.6068059,-75.72474803,0.58836198,,16.867901,15.9587
331676896,306.4267108,-74.15369789,0.46544501,,16.5366,15.6507
404222094,307.3878276,-74.98378278,0.428289,,16.628599,15.8464
392762396,327.8073467,-75.69457988,0.334133,,16.9639,16.0968
389129991,345.3221833,-75.06453201,0.42696801,,17.761999,16.917801
389130032,345.0953023,-74.93589608,0.435085,,17.634001,16.825899
389130068,345.0875938,-74.81102703,0.22624201,,18.0245,17.229099
1987899742,302.1188908,-74.18801423,-0.29758799,,19.354799,18.478701
404346507,320.5457587,-74.09518994,0.80465198,,15.0133,14.1374
404346513,320.2906796,-74.08815432,0.64281201,,15.8171,14.9251
466688010,296.113169,-74.27041852,0.226907,,18.219,17.3283
392759610,327.6665061,-75.34981008,0.32431999,,16.695299,15.7833
392759611,327.4807599,-75.349223,0.36034799,,17.0639,16.148001
271580147,319.5435805,-75.12757483,0.47069901,,16.832199,15.961
271580185,319.5007469,-75.22097888,0.28691301,,16.786501,15.9216
271580202,319.4796964,-75.26370415,0.43296599,,16.8465,15.9842
262021676,323.5702479,-75.0539465,0.59309101,,15.5419,14.6572
262022044,323.6968494,-75.97497617,0.82374001,,14.8452,13.9613
352476762,323.1988991,-75.42651853,0.26892701,,15.5771,14.6665
352476869,323.2862819,-75.17944496,0.71308899,,15.2788,14.4431
389130120,345.0873028,-74.63878841,0.097387701,,17.7166,17.0077
290349486,328.931351,-75.27426511,0.234953,,17.885,17.100901
290349505,329.0143155,-75.22585267,0.096349701,,18.2509,17.362499
290349225,328.912987,-75.97555815,0.134138,,17.0065,16.0982
290349274,329.154418,-75.82708332,0.70881897,,16.885201,16.000401
270173003,331.3860613,-75.83987136,0.45408499,,16.800301,15.9803
392793644,346.0688711,-74.17832064,0.18858001,,17.556299,16.8267
270173546,331.3883981,-74.34923227,0.16292199,,17.274099,16.4191
270275002,334.1900824,-74.01805461,0.19737799,,17.0327,16.326799
270275041,334.2027822,-74.12735855,0.34486401,,16.8521,16.1052
270275089,334.1916933,-74.26885844,0.18304899,,16.9231,16.098801
421894566,339.2043387,-75.75068835,0.226531,,17.4165,16.644199
421894577,339.2038329,-75.77488517,0.368081,,18.092501,17.2162
273396412,340.6329081,-74.29761236,0.337585,,17.5312,16.790001
352477167,323.191067,-74.41994487,0.674784,,14.8672,14.103
352477257,323.2623835,-74.20254078,0.42464301,,15.8108,14.9405
352477309,323.1746525,-74.0264059,0.52450597,,15.5469,14.6734
293525410,351.9754764,-74.81893408,0.26973301,,17.600901,16.8284
293525435,351.9581725,-74.70447332,0.087340198,,17.7554,16.9753
293525447,351.749641,-74.67091894,0.310545,,17.535299,16.7425
293525457,351.7946141,-74.63904277,0.40140501,,17.675699,16.8354
293525461,352.0227039,-74.62649133,0.24488901,,17.7766,16.985701
396250577,302.7572245,-75.93209847,0.345155,,17.035999,16.114799
261427971,304.5608281,-74.48039547,0.39455801,,17.0096,16.117701
325277630,322.2718027,-74.51606231,0.86561602,,14.8081,13.9589
270275349,334.015668,-74.93577915,0.27822599,,17.554899,16.704599
325339943,334.9602096,-75.64245655,0.110317,,18.056801,17.139999
466688704,295.9228425,-75.55412017,0.118329,,17.998899,17.195
273396677,340.8355535,-75.02270047,0.225105,,18.0494,17.2176
273398273,341.4378555,-75.90206019,0.122044,,18.418699,17.5749
404222110,307.5976153,-74.95404236,0.39667001,,16.914499,16.0443
325277817,322.4111786,-74.96331977,0.43875399,,15.1109,14.348
325278172,322.4138978,-75.83058446,0.91876698,,15.1405,14.2392
331774079,322.8917196,-74.96749918,1.24751,,14.6567,13.7904
404346332,320.5504762,-74.45412953,0.270989,,18.253,17.371099
273398373,341.3436231,-75.64543181,0.224969,,17.904301,17.035299
273398427,341.2330042,-75.51644331,0.34951499,,18.1371,17.287201
293525634,351.8169282,-74.10759911,0.39646801,,17.5835,16.750401
277889724,353.4758753,-74.05843166,0.36634901,,17.676399,16.872999
316991245,335.2693087,-74.98103451,0.45178401,,16.282301,15.3209
316991276,335.5022032,-74.86172911,0.199094,,16.877001,15.9754
316991317,335.3324412,-74.70446926,0.21309599,,17.49,16.708799
316991328,335.3985886,-74.6709712,0.070749,,16.498301,15.6972
327727180,311.8874692,-75.15723103,0.157692,,16.795799,16.036301
327727205,311.8436436,-75.11115648,0.28801799,,17.08,16.2206
327727685,311.9289227,-74.16014785,0.27363601,,16.981199,16.155701
265370964,315.7522407,-74.86689855,0.30293801,,16.9893,16.150801
331755655,322.8365269,-75.43423186,0.83268601,,15.3137,14.4843
331755664,322.7266264,-75.4033288,0.67040098,,14.9262,14.0359
331773949,322.9525056,-75.32176717,1.0784,,15.3064,14.4562
1922127220,298.65574,-75.8537209,-0.335033,,19.353701,18.509501
261424091,304.2335277,-75.9695257,0.386253,,18.100201,17.2276
404287137,309.7535099,-75.78210306,0.21384899,,17.847799,16.9736
404287454,309.7078903,-75.0693881,0.15815599,,17.753201,16.959801
325222683,317.8406878,-74.41374852,0.249718,,17.912901,17.070601
273398594,341.223543,-75.11543817,0.27694601,,17.819201,17.1583
277889834,353.3766841,-74.38755822,0.19508,,17.8908,17.1609
277889893,353.5545251,-74.56319174,0.40438399,,17.4415,16.601
277890187,353.3441187,-75.54194866,0.38403499,,17.5884,16.7206
277890210,353.4455459,-75.61597152,0.24091899,,17.644199,16.9415
316991340,335.1989769,-74.63394725,0.30294499,,16.398399,15.5328
316991352,335.1747405,-74.61095095,0.45985699,,16.729799,16.0278
316991502,335.1604029,-74.08800681,0.344318,,16.826,15.9945
316991504,335.2787391,-74.06983644,0.045127202,,17.3326,16.609699
331774134,322.8527152,-74.82382583,0.98809397,,15.3654,14.4631
261541208,348.3926521,-74.86835619,0.41364199,,17.4154,16.591
466684173,295.7955248,-75.71225958,0.141986,,18.173901,17.2911
466685107,295.6987816,-74.07735618,0.10257,,17.829399,17.0362
466688358,296.1377441,-74.89313638,0.29730001,,17.8225,16.980801
277910211,354.1790883,-74.55194432,0.30165201,,17.5742,16.8738
277910262,354.264007,-74.71688136,0.39363301,,17.334801,16.497801
317058452,336.7442656,-74.33445191,0.37503999,,17.207701,16.386499
273569531,356.9984219,-75.22388807,0.281811,,16.926001,16.0769
273569606,356.9080303,-74.9759751,0.451276,,16.551701,15.708
331774312,322.6920555,-74.39044248,0.59437001,,15.4054,14.5156
331774324,322.8580012,-74.36327576,0.42233199,,15.7943,15.0415
1988025480,307.5160088,-74.59044649,-0.106047,,18.098801,17.4433
331774337,322.7294486,-74.34007156,0.297425,,16.182199,15.2951
331774462,322.6253414,-74.04758983,0.65633601,,15.186,14.3055
352439265,323.3146432,-75.7032802,0.746167,,14.9083,14.0792
352477267,323.1712573,-74.15674084,0.78556198,,15.096,14.2226
352508258,324.7989896,-75.94101471,1.00161,,14.2498,13.4574
352508423,324.7856517,-75.47506404,0.69686198,,15.5004,14.6104
352508424,324.7466463,-75.47479313,0.78807902,,14.6287,13.768
261427739,304.6355243,-74.09889877,0.182438,,18.2738,17.406099
273569769,356.8183193,-74.48102042,0.35141501,,16.894699,16.0777
273569773,357.0650476,-74.46879165,0.219716,,16.6159,15.841
273571580,357.2331526,-74.29044051,0.42667601,,17.0688,16.249399
273571587,357.4316112,-74.29932809,0.33364999,,16.555201,15.867
273515176,348.0685075,-75.53447936,0.186395,,17.889299,17.2297
466688629,296.0632042,-75.41802096,0.071730003,,17.8911,17.0002
404194880,298.3069704,-74.23086532,0.208768,,17.602501,16.719101
404194972,298.6168215,-74.08405196,0.035240699,,17.8113,16.955
261424626,304.0720754,-75.03552803,0.075075798,,18.053699,17.344801
261424979,304.19193,-74.38540114,0.19625001,,18.094801,17.245899
277910313,354.2168151,-74.88579435,0.247247,,17.5669,16.8123
277910315,354.2485602,-74.89572545,0.192303,,17.525801,16.7253
277910462,354.0895923,-75.38614897,0.15124799,,17.736601,16.898899
352508955,324.6743487,-74.00325382,0.69528699,,15.1864,14.3148
392755107,326.7959425,-75.35146872,0.452297,,16.237801,15.3772
273571754,357.2485165,-74.68420597,0.41239399,,17.089899,16.344
273571916,357.370679,-75.15637102,0.48895401,,16.705799,15.8674
273572025,357.1897557,-75.44226514,0.49943301,,16.6175,15.7785
273572038,357.1821353,-75.47569977,0.40824699,,17.090799,16.236799
293528548,359.4342943,-75.81730164,0.362378,,17.101,16.3064
277941555,355.8160204,-74.47728606,0.19671001,,17.9007,17.201799
277910578,354.3588854,-75.77799104,0.23357899,,17.818701,16.955099
277910616,354.232968,-75.88379447,0.210759,,17.7792,16.968901
277910649,354.0612449,-75.9859582,0.376477,,17.6824,16.830999
331721952,307.1114241,-75.04980442,0.25997999,,17.7934,16.961901
331721972,307.1437652,-75.00375545,0.146272,,17.669901,16.816999
1987970107,310.3517418,-74.91097864,-0.163451,,19.114799,18.2262
468145028,305.0085578,-75.09465467,0.14890601,,18.0931,17.208
293528706,359.3528474,-75.29226367,0.257846,,16.761,15.9521
293528734,359.3968884,-75.2438534,0.52956003,,16.684,15.8541
352545764,326.0152522,-74.79611748,0.78104401,,15.0461,14.2142
352546074,325.9549166,-75.65377017,0.77090901,,15.2204,14.2942
270261585,355.9486827,-74.21872256,0.398792,,17.176399,16.3666
270261597,356.1154657,-74.18983054,0.193785,,17.6206,16.779499
277890078,353.2142817,-75.24037566,0.312419,,17.149401,16.3508
404287736,309.8662793,-74.51017748,0.153349,,17.754299,16.941401
466687915,295.9463174,-74.13639036,0.094103403,,18.007401,17.1707
466688056,296.1471175,-74.36756584,0.30755299,,17.3036,16.4231
404222516,307.4268897,-74.1348403,0.150859,,18.262899,17.402201
273569684,356.7537376,-74.74744284,0.35563001,,16.316299,15.6078
270275054,334.2541908,-74.1677415,-0.120529,,18.0221,17.464701
1987953357,310.1769964,-75.98225084,-0.052599799,,19.027399,18.1304
2025949715,325.0845267,-75.82467003,-0.076479197,,18.7111,17.7792
2025949791,325.066659,-75.77021134,0.28603801,,18.394699,17.498301
2025949793,325.104538,-75.75165195,-0.089001,,18.664101,17.779301
352546093,325.9257606,-75.70177467,0.93248099,,15.3796,14.4834
352510789,325.2141724,-74.13334652,1.31046,,14.2087,13.3602
352511095,325.2138066,-74.9170547,0.826864,,14.7187,13.8669
270201340,331.8262619,-75.48415017,0.336952,,17.928801,17.0952
466688904,296.2580137,-75.92457186,0.33926699,,17.616501,16.670799
327727469,311.5363861,-74.58757408,0.099667497,,18.289301,17.436701
421871919,338.9602781,-75.88105282,0.384507,,18.040899,17.1472
290349352,329.2145112,-75.62736594,0.374623,,18.049299,17.151899
290349783,329.1921216,-74.4919434,0.28177899,,17.4112,16.5832
352541583,325.2234539,-75.87829165,0.92547798,,15.2258,14.3427
392754959,326.6965535,-75.77472479,0.61061198,,16.0411,15.1384
466688924,296.1515496,-75.96522409,0.15454499,,18.0389,17.077999
392755071,326.5280128,-75.46114719,0.681095,,15.3874,14.453
265434231,316.1134906,-74.63590252,0.56901097,,16.171801,15.3144
1987947189,319.6593606,-74.29349936,-0.0118716,,19.0082,18.143499
2025999636,325.1022702,-75.52953532,0.182863,,18.3309,17.4167
270275560,334.2513461,-75.51104906,0.29561299,,17.5625,16.6126
325339408,334.8875492,-74.28162187,-0.049484901,,17.970301,17.1749
389129776,345.0961795,-75.92785645,0.267077,,17.609699,16.7791
331682056,307.1070444,-75.60227442,0.30037001,,17.501801,16.658899
265434835,316.2090222,-75.84611917,0.80906099,,15.0746,14.2135
1987893390,302.0866686,-75.06453752,-0.00102378,,19.0595,18.123899
273572130,357.5138217,-75.70582684,0.122901,,17.9615,17.1036
1987872955,307.3207479,-75.9539019,0.0135617,,18.756701,17.8673
404194793,298.5553911,-74.35008474,0.33849999,,17.736099,16.8563
469821144,300.8301802,-75.39147651,0.218008,,17.760799,16.8563
466688211,295.9693418,-74.60146479,0.38375399,,18.1094,17.245001
392793285,345.9975872,-75.18939595,0.32305399,,17.881901,17.1187
392793581,345.9321009,-74.33706011,0.13157199,,17.7383,16.9653
2025997618,325.7825806,-75.70382528,0.060600799,,18.551701,17.743
2025997633,325.6355044,-75.70035618,-0.23693299,,19.142799,18.2701
293528684,359.2521128,-75.35205146,0.286603,,17.603901,16.7666
270244202,332.4148058,-74.66277209,0.26895401,,17.2169,16.4095
261424163,304.3924939,-75.85781558,0.220331,,18.0336,17.129601
331722120,307.2556761,-74.66291408,0.354653,,17.0249,16.169201
2025997733,325.9253048,-75.57764874,-0.68511999,,19.2964,18.391899
2025997735,325.9743798,-75.57903826,-0.31627199,,18.7612,17.8437
270275438,334.0891012,-75.18164312,0.28618601,,17.011101,16.1388
404222388,307.7294439,-74.42081294,0.28767401,,18.306601,17.5212
1987954769,310.1449249,-75.57998261,-0.190891,,18.724899,17.870399
265434131,316.073683,-74.41591325,0.126065,,17.0998,16.251499
277890053,353.5536406,-75.15594554,0.2687,,17.576099,16.723499
404346516,320.2453322,-74.08443501,0.51503998,,16.297199,15.4333
277890290,353.3424674,-75.89037727,0.30953601,,17.7915,16.9107
277910487,354.1011182,-75.48985318,0.399266,,17.8864,17.0553
277910500,354.1770256,-75.5487369,0.168909,,17.156,16.3248
1987970037,310.4850614,-74.99828868,-0.075448602,,18.612,17.8703
2025999964,325.9494963,-75.27470729,-0.13915899,,18.8106,18.022699
404221612,307.3082961,-75.92147911,0.203024,,18.172501,17.3862
404221811,307.3044288,-75.51943757,-0.039372802,,18.091999,17.3633
2026001049,325.7721748,-75.15618582,0.017030399,,18.041201,17.2234
2026001010,325.8824488,-75.19033085,0.101487,,18.533899,17.6675
404345717,320.46864,-75.74972494,0.27493599,,17.295401,16.5511
327726764,311.9648724,-75.9967489,0.22949301,,18.298401,17.4683
327727185,311.8818754,-75.15047888,-0.088179201,,18.470699,17.6227
1987946902,319.5735307,-74.3594974,-0.082029,,19.0296,18.177299
1987947216,319.9225943,-74.28550345,-0.094441302,,18.9814,18.0972
1922126884,298.5758586,-75.9791588,0.027907301,,18.6488,17.7589
1922127218,298.631314,-75.85979732,0.229506,,18.539301,17.613501
331753683,322.0927758,-74.69150661,0.21777,,17.0963,16.348
404345750,320.6113039,-75.68480029,0.39541599,,17.1952,16.317101
317058438,336.967763,-74.36060761,0.268062,,17.2377,16.381399
331774173,322.6050477,-74.74041597,0.505153,,15.9799,15.1279
1987891286,300.0716656,-75.44169542,0.25123799,,18.5306,17.5996
1987900761,300.0955076,-74.33594201,-0.0264297,,18.5681,17.780001
2025994648,330.1490051,-75.4124439,0.053770099,,18.6017,17.701099
331753464,321.818411,-75.25450007,0.30081099,,16.926701,16.0387
1987894279,301.9682115,-74.89299667,0.27862099,,18.4688,17.615299
1987898647,302.0953902,-74.52127954,0.254365,,18.568501,17.7236
1987899689,302.0493198,-74.25964204,0.105014,,18.467199,17.7125
2025994655,330.254679,-75.41730909,0.113792,,18.7043,17.807301
2025994833,330.058025,-75.27768321,-0.0049578901,,18.5993,17.670401
466688575,296.0649852,-75.29348689,-0.184899,,18.319901,17.479401
404194862,298.458262,-74.25462202,0.0172417,,18.385799,17.490601
352482007,324.5240253,-74.54413063,0.53693599,,15.6367,14.7528
352508611,324.7838593,-74.8824466,0.59732097,,16.3221,15.4602
2026001053,325.6411726,-75.15198942,-0.030987,,18.8811,18.016001
2025996106,330.6517847,-74.92945895,-0.062098701,,18.845501,17.975
273571586,357.3284463,-74.29767505,0.274719,,17.567101,16.768101
1987899878,301.8486693,-74.19823576,0.046022601,,18.785999,17.8955
1987962880,307.145788,-75.71764037,0.112254,,18.7624,17.8794
2025996500,330.3562736,-74.92521884,0.085730001,,18.103001,17.2388
1988022859,306.8954714,-75.01159296,0.27751499,,18.650801,17.7556
352510902,325.2407258,-74.4347699,0.48369101,,16.3244,15.4548
1988025034,306.9031732,-74.70406404,0.120685,,18.2714,17.3895
1988025448,307.0320254,-74.46814244,-0.024054101,,18.6563,17.774401
1988025452,307.1296642,-74.47398745,0.172281,,18.356899,17.559999
1988028320,307.0016142,-74.38142599,-0.0627205,,18.6639,17.828501
265433949,316.1889931,-74.02940988,0.25783601,,16.0453,15.2612
265434176,315.9590476,-74.50699175,0.44947001,,16.400999,15.5814
265434141,315.973746,-74.4298779,0.51227099,,15.8286,15.0112
2026000494,325.0133488,-75.28262101,0.245655,,18.409,17.549299
265434267,315.9933776,-74.70524811,0.50152701,,16.5434,15.7048
2026010767,331.0140798,-74.48362598,-0.099919602,,18.420099,17.5767
2026018507,330.7953352,-74.15632872,0.34461999,,18.266001,17.379499
404345778,320.4383116,-75.63432861,0.475811,,16.1115,15.2451
404345830,320.2429062,-75.48845464,0.427508,,16.3657,15.4972
404345955,320.4905404,-75.21544123,0.53002,,15.9621,15.1425
404345958,320.5895426,-75.20698424,0.52138102,,16.1758,15.3171
1988028391,307.0756433,-74.31482408,0.19362099,,18.072001,17.350901
1987964444,309.0598766,-75.39381152,0.0126883,,18.457001,17.6022
1987964491,308.9763027,-75.35789626,0.045394499,,18.6036,17.739901
404346159,320.4102846,-74.81040363,0.074384697,,16.066999,15.325
404346523,320.3573421,-74.0693698,0.44007599,,16.453699,15.5725
262021875,323.4515105,-75.54273224,0.447476,,16.6203,15.7357
262021932,323.6933288,-75.67041924,0.41896799,,16.0406,15.1632
262021986,323.4009685,-75.81606199,0.68712801,,15.7077,14.786
262022007,323.7278765,-75.87174279,0.37712801,,16.2906,15.4256
262022041,323.4277847,-75.96130987,0.49952501,,15.9295,15.0745
1987965032,309.0499879,-75.21557786,0.26720399,,18.3508,17.464899
1987972764,309.1340459,-74.76805183,0.258719,,18.1992,17.412701
1987972771,309.3496692,-74.76361614,-0.095249698,,18.7248,17.8699
1987954795,310.2779603,-75.55824326,0.192277,,18.253799,17.4011
1987954939,310.5110289,-75.40477893,0.0306718,,18.219,17.3773
352477140,323.3023665,-74.49910242,0.37647,,16.3458,15.458
352476968,323.2089825,-74.95520823,0.26239699,,17.0079,16.293301
2025979790,333.845855,-75.42981629,0.150538,,18.6469,17.746901
1987973078,310.3597363,-74.61607567,0.209686,,18.7246,17.8493
1987973346,310.1238946,-74.47178294,0.078862898,,18.1117,17.333799
1987974469,310.5020816,-74.45287796,0.109465,,18.586201,17.747
1987970346,310.1062656,-74.8259072,0.27653,,18.433599,17.555799
2026000747,324.8912874,-75.10159529,0.025345599,,19.0469,18.163
2026000783,324.8728272,-75.05394649,0.106569,,18.931101,18.0476
1987961269,312.3235764,-74.83020847,0.17238,,18.364599,17.6653
1987971190,312.2549522,-74.74765228,0.19272999,,18.3353,17.4865
271579817,319.7713252,-74.26852335,0.175538,,17.9974,17.140301
352481977,324.3068385,-74.46997267,0.47991899,,16.4053,15.5241
1987971257,312.2175204,-74.64666149,0.152677,,18.7612,17.8887
1987958259,313.8042669,-75.0949198,0.054528002,,18.616699,17.8472
1987981818,314.1035052,-74.19694692,0.181586,,18.2197,17.386999
352508377,324.6357317,-75.61784938,0.51580298,,16.515301,15.617
404345875,320.3558741,-75.39327272,0.43457401,,16.534,15.6557
2026001778,325.1005669,-74.91226394,-0.25456801,,18.989799,18.1672
1922127221,298.6321007,-75.85212607,0.15357099,,18.651899,17.733601
325277463,322.4443593,-74.15367781,0.154632,,16.8375,16.0177
331753411,322.0978826,-75.39605365,0.122169,,16.7707,16.035101
2026007536,332.8974181,-75.10510073,0.22805899,,18.0858,17.2906
1987891487,301.4387653,-75.33270678,-0.15589599,,18.884399,18.145901
1987893411,302.3916602,-75.03989625,0.115986,,18.9424,18.010099
1987899888,301.947914,-74.15615804,0.016714299,,18.881599,17.9949
1988025007,306.8564578,-74.75568584,-0.19398899,,18.8978,18.0298
352546107,325.7153967,-75.76344732,0.395569,,16.4849,15.5738
2026008816,333.2039401,-74.71846074,0.000255361,,18.350599,17.4848
2026038835,325.4726612,-74.67517547,-0.047519099,,18.6329,17.858299
1988025206,307.0380662,-74.60869153,-0.076472796,,18.9771,18.137899
1988025486,307.6100046,-74.56698696,-0.0128462,,19.0438,18.1877
1988025789,307.3890667,-74.3991907,0.098020099,,18.5958,17.7332
469872980,303.0886745,-74.24581748,0.197815,,18.2885,17.4352
1987964450,309.103105,-75.38499293,0.213586,,18.7199,17.8305
352510934,325.0376472,-74.51687403,0.232251,,16.684099,15.849
1987968000,308.9718427,-74.94652827,0.13378,,18.826099,17.9683
1987953355,310.1116695,-75.9978637,-0.072479002,,18.849199,18.0021
2026039088,325.1384895,-74.49581865,0.050996501,,18.1506,17.4181
2026012525,333.7503793,-74.32361131,-0.49397001,,19.190599,18.3584
404345898,320.627826,-75.34412067,-0.031544801,,18.369301,17.6085
404346057,320.3520749,-75.01615073,0.102555,,18.1726,17.3283
261427802,304.6988889,-74.21873257,0.215699,,17.9547,17.073999
261428077,304.6849824,-74.66266015,0.123149,,18.1035,17.35
352510969,325.2895943,-74.60964521,0.41798201,,16.4517,15.619
1987970024,310.4126855,-75.00239112,0.077708699,,18.752399,17.9105
325277664,322.3863147,-74.59142964,0.240261,,17.1703,16.308201
325277904,322.3752203,-75.13931679,0.246022,,18.4125,17.49
2026042779,325.1813177,-74.39769293,0.167155,,18.192301,17.316601
1987970651,310.3362951,-74.73877312,0.14015301,,18.745501,17.863701
1987973294,310.3936973,-74.4823358,-0.254123,,18.4226,17.573601
352511380,324.9894217,-75.66515699,0.44983399,,16.6029,15.6866
392754971,326.7182175,-75.72656409,0.48770401,,16.4128,15.4753
392754986,326.6314706,-75.67901416,0.69995803,,16.149099,15.2219
1987963996,309.8098239,-75.37946695,-0.25528601,,18.7827,17.8873
1987971192,312.2115863,-74.7382348,-0.18343601,,18.405001,17.695601
1987971326,312.5324877,-74.59833572,-0.099181399,,18.762899,17.9517
404221889,307.4630531,-75.37491271,0.36093801,,18.034901,17.146999
392757950,327.1153056,-75.51762192,0.33484101,,16.978201,16.072901
392759458,327.6684781,-75.7720684,0.54817301,,16.818899,16.003099
265434408,316.0695425,-74.94449775,1.16082,,14.687,13.8516
404345996,320.4750128,-75.12674814,0.86240399,,14.7328,13.9205
352439217,322.9064026,-75.81187424,0.073758699,,18.266399,17.413099
352439203,323.2076308,-75.85043324,0.32450199,,18.186501,17.2831
2025973912,337.2477097,-75.55174575,-0.214305,,18.601999,17.7894
2025973924,338.1359991,-75.66507402,-0.095593601,,18.8771,18.030701
352477189,323.2330843,-74.35389676,0.39025199,,16.5068,15.6505
265434495,316.0611015,-75.10652323,0.28909999,,16.9624,16.1492
2026001642,325.7351191,-74.96113808,-0.046800699,,18.266001,17.594
404346498,320.413072,-74.12670645,0.0418083,,18.333401,17.4587
265434026,316.2996049,-74.20022627,0.202408,,17.0002,16.281601
265434170,316.0220936,-74.48645283,0.317197,,17.0189,16.2342
2026001655,325.5439311,-74.98739912,0.023839399,,18.449499,17.559401
2026001919,325.7175694,-74.87811012,-0.24604,,18.333099,17.499001
265434555,316.2821671,-75.23918407,0.244609,,17.3459,16.4716
469872883,303.2703494,-74.41073982,0.195245,,17.5714,16.705799
261427706,304.6182276,-74.03968734,0.40725499,,17.1255,16.2635
261427725,304.8861977,-74.07045863,0.065491296,,17.623501,17.049
261427825,304.5696994,-74.24557943,0.077878401,,17.441,16.5979
1922172819,297.7810025,-74.35284157,0.334916,,18.251801,17.3843
404345768,320.5699824,-75.64429286,0.49203601,,16.753201,15.8816
404345828,320.2451956,-75.50392077,0.42817599,,16.9338,16.134001
404345905,320.2686287,-75.32961079,0.34086001,,16.8631,16.0401
2025974099,337.6520121,-75.52612611,0.092491001,,18.7201,17.860201
2025974115,337.2606974,-75.53029174,0.19214199,,18.655399,17.759199
261427826,304.8559616,-74.24704683,0.25833201,,17.5306,16.8473
261428090,304.6674854,-74.69301362,0.222335,,17.7328,16.938299
404221588,307.552111,-75.96225191,0.20203499,,17.275801,16.7006
404346107,320.3190684,-74.89877286,0.22735099,,17.429701,16.5854
404346213,320.3030442,-74.70464101,0.49603701,,16.632099,15.7592
404346343,320.4895635,-74.44401535,0.379172,,17.273001,16.3892
404346454,320.2395701,-74.20135292,0.33604601,,16.887899,16.004499
404346489,320.6271584,-74.14607439,0.33327499,,16.864599,16.0121
404346520,320.418776,-74.07433049,0.30769199,,17.256901,16.438499
262021670,323.4563467,-75.0389228,0.38026801,,16.6612,15.8064
352477256,323.2682601,-74.20543546,0.18831301,,16.8724,16.0679
2025975274,338.0390993,-75.40923766,0.197319,,18.384399,17.504299
325277534,322.4743043,-74.30837595,0.50712001,,16.865101,15.9733
325277804,322.5783861,-74.93930779,0.43047601,,16.6154,15.8179
325277828,322.4995644,-74.98423789,0.31049201,,16.726999,16.0361
325278103,322.3396587,-75.65458323,0.280031,,16.989901,16.1124
331755472,322.85143,-75.99746929,0.42198399,,16.765699,15.8836
331755548,322.7395974,-75.75703363,0.253553,,16.8859,15.9558
331755647,322.818757,-75.46195229,0.45162901,,16.9037,15.993
2026042657,325.961019,-74.44557,0.018428899,,18.736099,17.8986
331773971,322.9375855,-75.26098277,0.54587603,,16.5422,15.7503
331774005,322.5985989,-75.15272402,0.296848,,17.139099,16.2239
331755481,322.5921411,-75.98020853,0.37376201,,16.996599,16.1134
331755526,322.885498,-75.8354981,0.23081499,,16.9165,16.0158
2025975424,337.6082311,-75.27321453,-0.235947,,18.644501,17.870899
404221813,307.5351221,-75.51520411,0.157866,,17.545799,16.6856
404221870,307.5320874,-75.40793225,0.225794,,17.417601,16.5175
404222144,307.603247,-74.88795435,0.19895899,,17.190599,16.316
404222359,307.5105961,-74.47879858,-0.078566499,,17.707899,16.8577
2026043086,325.843081,-74.26165629,0.13384099,,18.438999,17.674999
2026043087,325.8208664,-74.26074153,0.027341099,,18.0208,17.3489
331773986,322.9607246,-75.21170199,0.46044901,,17.0238,16.120199
352508425,324.7897986,-75.46663661,0.361736,,16.6141,15.7309
352508510,324.8718952,-75.21536744,0.25761101,,16.734301,15.9387
352508811,324.7052598,-74.35073047,0.41022399,,16.355,15.5359
392755156,326.5102541,-75.21389141,0.147984,,16.740499,16.043699
404290390,311.5115714,-74.15259531,0.255068,,17.543501,16.7572
327726820,311.8991209,-75.86132071,0.27554101,,17.2686,16.375799
2026043091,325.8967932,-74.24343363,0.18947101,,17.8729,17.185499
273224190,314.0861078,-75.30012195,0.050457101,,17.918301,17.031
352546036,325.9647484,-75.55823922,0.29406899,,16.4293,15.5199
352546090,325.7816675,-75.69759975,0.242567,,17.6891,16.8123
352546161,325.7277833,-75.95938043,0.33159801,,16.950399,16.013901
2025978413,337.2071441,-75.47163974,0.24492601,,18.308001,17.3967
352510883,325.2427959,-74.39421146,0.435886,,16.557699,15.7363
352511066,325.0570057,-74.84351611,0.46075499,,16.738001,15.8902
352511269,324.9848331,-75.39177069,0.43456799,,16.8792,15.9938
352511382,325.1966831,-75.6710585,0.62177199,,16.548401,15.6442
352541625,325.0232918,-75.99904879,0.64734799,,16.638201,15.8216
2025981550,337.2314232,-75.16885133,0.17866901,,18.0765,17.347601
2025981592,337.2398789,-75.14958572,0.271184,,18.3757,17.5208
2025981598,337.375407,-75.13007712,0.28760999,,18.4084,17.5329
265371065,315.6631043,-74.62612471,0.13564201,,17.468599,16.7062
271579944,319.6993709,-74.61941864,0.108621,,17.4748,16.679701
271580087,319.7271787,-74.99281049,0.389038,,17.2488,16.380899
265434846,316.0447837,-75.85694635,0.0074322298,,18.197399,17.322901
331755534,322.8680504,-75.81493459,0.096297503,,17.5849,16.668699
352439273,323.2663583,-75.67422417,0.104581,,17.938499,17.011299
2025981858,337.8834014,-75.00061459,0.231947,,18.165899,17.351
392755008,326.8030435,-75.60367389,0.092797004,,17.421,16.6896
265434288,316.1682289,-74.7410252,0.30251899,,17.846399,17.074699
265434414,315.9842303,-74.95350195,0.451664,,17.406,16.5469
2025999236,327.5894305,-75.15048958,0.051049501,,18.9032,18.0019
404346357,320.264686,-74.40454509,0.44648299,,17.792101,16.9172
1987899866,301.9558556,-74.2102724,-0.064853497,,18.066999,17.389099
2025985330,336.6062992,-74.43609326,0.18799099,,18.067101,17.2328
352477238,323.0393313,-74.23869292,0.15311401,,17.906,17.027901
2026002923,327.5460116,-75.02157105,0.130712,,18.575899,17.668699
331755553,322.9289502,-75.74053579,0.112845,,18.025801,17.102699
2026005175,327.5556681,-74.71788223,0.0119666,,18.349501,17.5772
2025985471,336.1431514,-74.38488694,0.076289497,,18.502899,17.675301
2025985510,336.1240873,-74.28213236,0.079065897,,18.019899,17.3297
331755675,322.6383835,-75.37799066,0.296462,,17.613899,16.695
2025985602,336.531134,-74.33485212,0.184743,,17.867001,17.2113
2025985624,336.4488315,-74.29280452,-0.082824796,,17.988899,17.2693
2025985681,336.8712167,-74.2122571,0.23435999,,18.1476,17.3853
2025985730,336.6111379,-74.15249478,0.221332,,18.188,17.4258
316991301,335.3951468,-74.74972424,0.101288,,17.3286,16.4396
2025985811,336.1496134,-74.18454556,0.217448,,18.1586,17.3557
2025985892,335.6122932,-74.39826695,0.14895099,,17.663799,16.9277
1922146544,293.820358,-75.37944061,0.032657798,,18.078199,17.2022
1922164522,293.816675,-74.13381526,0.0794544,,17.993299,17.2174
2026006347,327.3193483,-74.45068745,0.31119201,,18.1656,17.3172
2026006401,327.6633275,-74.37202246,-0.0507253,,18.5305,17.717699
327726815,311.8293574,-75.88506149,0.39405099,,17.567699,16.7043
1922166236,297.8535,-74.89488272,0.112455,,18.1784,17.309601
1922167511,298.7599369,-74.86660517,0.23146801,,18.1465,17.3731
327727287,311.6999123,-74.95540771,0.14527901,,17.872,17.0191
352477198,323.0916519,-74.3401201,0.079802401,,18.259001,17.4128
2026007075,327.6086927,-74.14453307,0.082293302,,18.455601,17.656099
404345971,320.5510694,-75.1800075,-0.161493,,17.8139,16.986
1922168161,299.6432373,-74.59434038,0.33181,,18.248501,17.3633
1922126818,299.9198371,-75.7675956,0.27028599,,18.240299,17.325199
1922132861,299.9756639,-74.78848092,0.282998,,18.156601,17.382601
1922133130,299.9683588,-74.63405511,0.13970999,,18.2747,17.406401
1922174153,299.9920728,-74.21652781,0.31269601,,18.0264,17.1535
1987897859,300.3505739,-74.61140328,0.305893,,18.054001,17.262199
327727710,311.6792872,-74.10528536,0.43980801,,17.8557,17.0326
2025985867,336.1095495,-74.1420104,0.021607799,,18.340401,17.576401
469873029,303.1757062,-74.14562556,0.370029,,17.898199,16.9998
2025992537,330.8202303,-75.63096043,0.244214,,18.0112,17.256001
273224270,314.0473015,-75.50908181,0.296397,,17.158501,16.3325
273224363,314.0055648,-75.73005831,0.40944201,,17.248899,16.4755
265434039,316.0890489,-74.22941836,0.26596501,,17.473101,16.630501
265434249,316.1313495,-74.67675317,0.30726701,,17.2638,16.4576
1987959220,312.2864923,-75.20144934,0.244101,,18.349899,17.559601
2025986299,336.1569969,-74.04641973,0.0147963,,17.9645,17.2862
2026111460,336.8738537,-74.15266762,-0.174169,,19.0418,18.2005
2026111489,336.7129135,-74.16647492,-0.00041740201,,18.25,17.582199
404345732,320.4005,-75.72049854,0.123394,,17.609301,16.726601
404346102,320.437416,-74.91307268,0.0282929,,17.440701,16.7635
404346220,320.2503849,-74.69490386,0.171492,,17.334101,16.4347
404346441,320.529472,-74.22976774,0.238479,,17.2187,16.382401
2026111567,336.824164,-74.07296265,0.19285201,,18.6353,17.7966
469873062,303.1566688,-74.093155,0.284327,,18.255501,17.360201
261427975,304.696701,-74.48549856,0.27985299,,17.837999,17.015499
261428155,304.8898664,-74.81351205,0.357214,,18.186001,17.3601
261428177,304.6817164,-74.85742606,0.061956901,,18.172199,17.3508
468144635,305.0448373,-75.92373703,0.308305,,18.146601,17.2801
331753197,321.9149124,-75.97262438,0.375963,,17.002399,16.353201
331753479,321.8005891,-75.23552798,0.27818999,,17.267799,16.4991
331753559,321.9909939,-75.01762857,-0.079063803,,17.5769,16.6777
331753566,321.8795634,-75.00835696,0.27695701,,17.5592,16.7251
331753557,321.9534748,-75.02830675,0.18613701,,17.1766,16.3564
331753558,321.9325307,-75.0192551,0.166712,,17.209299,16.309799
352477075,323.0950432,-74.67420753,0.16706599,,17.121,16.2609
404221573,307.3332547,-75.99019482,0.32668301,,18.0928,17.1738
404221847,307.3117483,-75.46052357,0.28676999,,18.140699,17.2908
404221906,307.3263104,-75.34048307,0.20529699,,18.0809,17.2827
2026111621,336.5243373,-74.09646825,0.22916,,18.042101,17.3309
404222520,307.5796131,-74.1248488,0.182037,,17.9519,17.140499
327726951,311.8810306,-75.55958561,0.30191499,,17.9576,17.1404
2026111648,336.5181403,-74.0292375,0.103676,,18.002001,17.164801
331753793,321.8277528,-74.39264586,0.311768,,17.2502,16.525999
352476843,323.205808,-75.2374435,0.305132,,17.0938,16.184099
352477208,323.3127931,-74.31995843,0.14121,,17.5804,16.8328
273224220,314.2023815,-75.39453921,0.46603599,,17.720699,16.8857
265371198,315.8275007,-74.35451659,0.039806802,,18.156,17.314501
271580161,319.5400091,-75.15065129,0.366166,,18.167101,17.313601
271580376,319.4782284,-75.72613518,0.116938,,17.7701,16.929501
265434040,316.1745319,-74.23084902,0.178865,,18.1059,17.3571
469872066,303.1791128,-75.94789347,0.29893899,,17.489599,16.6856
2054760943,342.155971,-74.11895128,0.226833,,18.1567,17.3664
2054760961,341.9103992,-74.11989968,0.13346601,,17.202499,16.886299
325277856,322.2644295,-75.04197359,0.0472329,,18.364,17.495001
404345788,320.2775082,-75.60823941,0.13546801,,17.776501,16.916
404346148,320.4838313,-74.82556633,0.16034999,,18.0895,17.2113
2025996786,330.044409,-74.64970021,0.118684,,18.565701,17.687901
469872574,303.3108758,-75.00900685,0.36331001,,17.719999,16.8654
469872579,303.1914237,-74.99627803,0.123993,,17.407,16.584499
404346398,320.5075439,-74.33942751,0.017004499,,17.888901,17.007299
325277977,322.2307341,-75.30351192,0.23218299,,17.705,16.9195
325278134,322.337013,-75.72479432,0.340552,,17.962299,17.1243
469873120,303.2798692,-74.00416159,0.26703101,,17.5366,16.6597
396250572,302.6385874,-75.93500391,0.28563201,,17.530899,16.5907
261427783,304.8737502,-74.19228023,0.25870699,,17.5921,16.736799
261427888,304.7839282,-74.33768004,0.37646499,,17.5462,16.784
261427934,304.7273806,-74.41633622,0.21106499,,17.656,16.7861
261427957,304.7231602,-74.45567217,0.203869,,17.6455,16.7976
331753484,321.9438266,-75.22422999,0.143343,,18.010599,17.1138
468144676,305.2771308,-75.84005539,0.26364899,,17.672501,16.8248
331676820,306.1423297,-74.28748671,0.29405701,,17.7101,16.916901
331676847,306.2005487,-74.23810833,0.22810499,,17.525,16.7169
2054760999,342.3251286,-74.05917154,0.320999,,17.328699,16.479401
404222058,307.5466611,-75.03724563,0.342338,,17.5408,16.649
331753669,322.127137,-74.73353264,0.444186,,17.6644,16.8423
2054761224,343.1777359,-74.2016433,0.31163201,,18.1187,17.2808
404222537,307.3182752,-74.09879083,0.32554701,,18.0268,17.2043
331753866,322.1218821,-74.24612772,-0.14956,,17.959299,17.135401
352439209,323.2965056,-75.83142864,0.297488,,17.8468,16.941099
2054677939,349.3991699,-74.38338017,0.065071903,,18.1852,17.4958
327727035,311.5926616,-75.42494517,0.17884,,17.4233,16.5501
327727288,311.7332605,-74.95540549,0.119044,,17.496901,16.621099
327727536,311.7213356,-74.46448814,0.402284,,17.997801,17.157301
352476922,323.1276246,-75.07955823,0.17757399,,18.0271,17.132
327727731,311.588003,-74.06076008,0.267178,,17.527,16.6541
265371255,315.8696313,-74.22568259,0.22170299,,17.567499,16.706499
2054678021,349.2709855,-74.24541827,0.215487,,18.0772,17.3067
2026010052,331.0875297,-74.72337859,0.139469,,18.326401,17.5147
271579968,319.7435402,-74.69008487,0.243637,,17.2819,16.478399
271580266,319.8474134,-75.40284109,0.20429499,,18.083401,17.2586
271580329,319.6754098,-75.58180314,0.63810599,,17.3365,16.445801
392755155,326.663561,-75.21634186,0.46528599,,16.9939,16.143299
273224232,314.2436384,-75.43084732,0.349646,,17.624399,16.832399
2026010138,331.5977787,-74.71761626,-0.33210301,,18.8228,18.090401
2026010179,331.8182379,-74.64876371,0.150765,,18.5404,17.7045
352510957,325.2488194,-74.58360989,0.25999999,,17.208099,16.3253
2054679600,349.628458,-74.09380255,0.188105,,17.7609,16.949301
273224321,314.0566815,-75.62772853,0.34938401,,17.837,17.0879
265434438,316.1963676,-74.98985318,0.26617399,,17.4289,16.558001
265434732,316.1294313,-75.63623662,0.29757199,,18.1521,17.272301
469872404,302.9848683,-75.3264537,0.30167201,,18.0506,17.197901
469872564,303.305877,-75.02809434,0.331352,,17.620899,16.822001
469872738,303.0335403,-74.68181496,0.35251001,,17.645399,16.773701
404345728,320.3016162,-75.72387804,0.31939301,,17.9053,17.0422
404345787,320.4042537,-75.609086,0.28900501,,17.8517,17.033001
404346113,320.3398376,-74.88855159,0.328724,,17.5119,16.625
273572060,357.4353007,-75.53693471,0.27138701,,17.1642,16.331499
392755126,326.6427175,-75.31739309,0.154792,,18.7209,17.8109
404346348,320.360062,-74.43177861,0.363157,,17.9079,17.1294
404346461,320.2993253,-74.19193653,0.25885499,,17.6616,16.789
392755248,326.697457,-74.98214297,0.29166001,,17.239401,16.351601
325278125,322.3831125,-75.70895147,0.47001401,,16.9678,16.0546
331755478,322.6543373,-75.98431419,0.38111499,,16.930201,16.0583
331753377,321.8400183,-75.50424816,0.220185,,17.762899,16.9599
331774172,322.9050863,-74.74138605,0.41908199,,17.1024,16.188101
352476997,323.2356107,-74.8748597,0.24023899,,16.9641,16.1374
352508268,324.7797157,-75.91351086,0.202152,,16.623699,16.044399
352508782,324.844143,-74.42769188,0.44951501,,17.031601,16.1817
352510744,325.1773792,-74.04353787,0.297039,,17.0014,16.1506
404345908,320.5335763,-75.32309596,0.205037,,17.134899,16.255899
404346339,320.2422249,-74.45109884,0.26158699,,17.184,16.316601
2054653144,354.1162126,-74.8352896,0.048914701,,18.493099,17.6497
2054653165,354.5611705,-74.79957441,-0.122534,,18.9251,18.071699
2054653181,354.3289234,-74.75098348,0.16474301,,18.2637,17.5492
331774061,322.7107919,-75.01580249,0.242532,,17.0779,16.2444
331774433,322.6075343,-74.08993208,0.376937,,17.2274,16.367001
290349252,329.1728367,-75.87668115,0.36901999,,16.9902,16.048
270275162,334.0746297,-74.44833662,0.368366,,16.9918,16.1166
270275280,334.354572,-74.72895941,0.43492001,,16.921801,16.1042
325339438,334.8186313,-74.3891489,0.460356,,17.230301,16.4135
261427920,304.6405328,-74.38771565,0.182096,,17.933599,17.1471
261428135,304.6193186,-74.77507625,0.186022,,17.793501,16.934099
468144680,305.1496928,-75.83280382,0.092393599,,17.902599,17.0956
2025969906,332.5695312,-75.6154506,-0.196468,,18.483101,17.645901
2025992205,332.1661907,-75.67692057,0.206624,,17.996099,17.195101
2025992231,331.9354224,-75.68630027,0.215753,,18.283501,17.4333
352511281,325.0765136,-75.43556559,0.336068,,17.1535,16.243401
2054653491,354.6239403,-74.72326056,0.014141,,18.1541,17.361401
331753657,322.1867832,-74.77073954,0.356911,,17.930099,17.1203
331753684,321.9575571,-74.68900775,0.181308,,17.7197,16.817101
293528728,359.2063526,-75.2507561,0.43598199,,16.7911,15.979
293568060,359.3767249,-75.05695349,0.346037,,16.659201,15.8935
293568102,359.4680217,-74.92150607,0.45514899,,16.8039,15.9675
293568220,359.4275676,-74.46008161,0.38779899,,17.0562,16.258801
2054653713,354.8485452,-74.60806982,0.195188,,18.393,17.5273
2054653741,354.8757297,-74.55483966,0.074823901,,18.5219,17.743
2054653770,355.0862893,-74.53513251,0.096012197,,18.136299,17.478901
392755121,326.7616213,-75.32851579,0.471643,,16.6551,15.7758
468145027,304.9901767,-75.09551723,0.28567699,,18.0033,17.142
468145029,304.9339083,-75.09395851,0.106789,,18.004299,17.1723
331676925,306.2863346,-74.10249049,0.171562,,17.6763,16.8204
404221830,307.6641014,-75.48953019,0.38843399,,18.117599,17.2764
404221974,307.648338,-75.19043068,0.24224,,18.005301,17.1385
404222164,307.5951004,-74.85833653,0.380243,,17.680901,16.8419
2025994068,332.161762,-75.15696622,0.188705,,18.359699,17.506701
2054653816,354.7067753,-74.44003291,-0.0409071,,17.955099,17.2875
331753751,322.0765125,-74.51348909,0.28237799,,17.6014,16.718901
331753913,322.1875439,-74.12240798,0.168763,,17.7878,17.001699
2054653886,354.513566,-74.64927518,0.25223801,,18.308901,17.437401
290349684,328.9717808,-74.77709321,0.530393,,17.0842,16.272301
2026007856,332.7446444,-75.00552297,-0.067728698,,18.642401,17.7463
2026007982,332.2634661,-75.13306385,0.0078845704,,18.621099,17.7143
2026007984,332.1465368,-75.11906144,0.062626697,,18.8976,18.0292
2026008035,331.9908392,-75.02900329,0.0458331,,18.718399,17.9044
2026008038,332.0542012,-75.02164491,0.209466,,18.397499,17.5049
352508260,324.7989627,-75.93715935,0.33708301,,16.4748,15.5481
2054653903,354.4642601,-74.61459007,0.209207,,18.180099,17.3992
2026008429,332.0877563,-74.85527268,0.260268,,18.1548,17.322701
352476855,323.317208,-75.21465086,0.185487,,17.415001,16.5252
2026009376,332.2506791,-74.54483554,-0.33450499,,18.8046,17.9403
404345863,320.4538192,-75.41670721,0.310404,,16.9482,16.0814
352477205,323.0380283,-74.32498614,0.23276401,,17.8801,17.1194
265434244,315.9236858,-74.66682257,0.38106099,,16.903299,16.031
265434310,316.1604182,-74.78923113,0.28937301,,17.4571,16.6154
404222483,307.5870984,-74.19208798,0.14331999,,17.6534,16.8878
404222542,307.5911053,-74.08701206,0.069526903,,17.778601,16.953699
327726974,311.6886791,-75.51078384,0.28798699,,17.4909,16.6259
331774409,322.6480503,-74.15177771,0.366604,,16.840799,15.9516
331774021,322.7308918,-75.10327843,0.243705,,16.8027,15.8821
327727017,311.6095941,-75.45912417,0.29709801,,17.8904,17.017
327727036,311.7939303,-75.42498904,0.086783603,,17.8613,17.1628
327727179,311.9382115,-75.16248398,0.183045,,17.748301,16.9349
327727260,311.6684715,-75.00020731,0.131038,,17.671101,16.790701
327727478,311.7715871,-74.56716631,-0.068127401,,18.108801,17.233999
352439173,323.3476062,-75.94771815,0.25245401,,16.7876,15.9116
352508270,324.8825141,-75.90693461,0.55004603,,16.821301,15.9214
271580054,319.6182635,-74.89789939,0.200957,,18.063801,17.1943
271580055,319.7403322,-74.90098166,0.159656,,17.828199,16.994499
271580073,319.6209085,-74.95114337,0.180076,,17.675301,16.823
271580111,319.5557795,-75.03883394,0.215074,,17.735399,16.872999
2054654124,354.3575491,-74.45954161,-0.0235165,,18.6647,17.9072
2054654129,354.2054745,-74.43194592,-0.068232,,18.283701,17.582701
2054654135,354.5484049,-74.48732748,-0.0562131,,18.850201,18.0247
262022015,323.6561901,-75.89199472,0.42520499,,16.7952,15.9355
352477313,322.9767586,-74.0174865,0.37017399,,16.9433,16.0835
331753284,322.091859,-75.71578594,0.123559,,17.8076,16.950701
469875771,316.6248805,-74.8694024,1.82647,,,
469875977,316.3276452,-75.31260715,2.1331501,,10.9918,10.2773
331774181,322.7968388,-74.73277631,0.360654,,16.7843,16.028299
331774373,322.8228795,-74.23550916,0.26956201,,16.8794,16.021799
352508475,324.6416179,-75.32992228,0.38093701,,16.718599,15.9586
273223839,314.2095294,-74.4849256,3.59971,,11.7667,10.9911
273223712,313.9821876,-74.16197554,2.0638299,,13.0349,12.2645
273223836,314.0638196,-74.47976579,1.4710799,,13.4961,12.6912
2026013121,333.1528796,-74.11776204,0.219927,,18.1647,17.359699
469875516,316.5377415,-74.33942875,1.93511,,13.6098,12.7986
469875926,316.3978339,-75.22057299,1.62787,,12.7131,12.0605
469876086,316.3417354,-75.54313489,1.75905,,12.9243,12.0866
273224254,314.2592604,-75.47127938,0.18461999,,17.649099,16.8139
469876180,316.4544794,-75.77325413,1.2014,,13.5365,12.8656
273224233,314.1995024,-75.43157429,0.19329301,,18.0767,17.2929
404345820,320.2590301,-75.51727951,0.0883165,,18.2994,17.4125
2025969286,333.2782277,-75.82207712,0.123481,,18.2892,17.462601
2025969738,332.9953772,-75.70356168,0.086644202,,18.145599,17.3568
331753710,321.8632343,-74.61786588,-0.0858448,,18.1327,17.2696
331753796,321.9753128,-74.3858049,0.056267701,,17.8335,17.002701
352476791,323.0781873,-75.35471119,0.397645,,17.118099,16.3328
1987960895,312.1422502,-75.09906945,-0.59900999,,19.3806,18.5222
1987961102,312.050533,-75.02312824,0.149139,,18.1248,17.319901
2025979838,333.9237242,-75.41981432,-0.213605,,18.674601,17.881399
2026007482,333.1061486,-75.17061322,-0.085974097,,18.4797,17.691799
331774083,322.6707763,-74.96247326,0.30286101,,18.048401,17.1752
2026013176,333.6175341,-74.15724866,-0.18803801,,18.4519,17.7127
265434021,316.1681586,-74.18793951,0.20118301,,18.107201,17.3461
265434311,316.2004638,-74.78996144,0.0395534,,17.0811,16.6553
1987971235,312.0994559,-74.68781914,0.058033299,,18.799999,17.9823
265434418,316.0442499,-74.95792227,0.16221701,,18.236401,17.476
469875607,316.5979247,-74.53914797,0.208913,,16.6294,15.7816
273224130,314.1645434,-75.17686335,0.274526,,16.393999,15.5296
1922168465,299.6439907,-74.4270692,-0.726816,,19.188999,18.2848
1922128939,299.7359245,-75.5232451,-0.12914801,,18.8543,17.9186
2025969494,333.9495287,-75.69101209,-0.033564799,,18.663099,17.809
271580143,319.4662891,-75.11481278,0.35900101,,17.5193,16.6593
404346369,320.5786083,-74.38469397,0.25307301,,18.5763,17.706301
469876227,316.6247315,-75.8791078,0.35976201,,16.540501,15.7095
327784494,312.3766849,-74.61861048,0.54293698,,16.230499,15.3979
469878151,317.0664223,-75.16936041,0.483089,,16.024099,15.1581
469875571,316.667931,-74.44736716,0.357099,,15.611,14.9155
325277815,322.2991847,-74.9583374,-0.022595899,,16.616501,16.188299
325278141,322.4813709,-75.75577831,0.091968603,,17.818501,16.8986
469875623,316.5809167,-74.5617103,0.45386201,,15.8163,14.9785
469875682,316.3366569,-74.7012917,0.285514,,15.9652,15.2009
469875696,316.4053205,-74.72633036,0.42504799,,15.534,14.7019
469876087,316.4102217,-75.54450086,0.432399,,16.0683,15.2738
469877812,316.8981703,-75.92612299,0.428123,,16.227501,15.4561
327784597,312.498475,-74.80845846,0.25267801,,16.2638,15.5432
273571844,357.2164201,-74.91728389,0.31430599,,16.9718,16.217899
273572001,357.218895,-75.37231667,0.38407001,,17.2169,16.407499
327784709,312.5666774,-75.03784806,8.3538599,,8.5480404,7.9068699
327785134,312.517368,-75.91015386,6.6637802,,9.4460096,8.5915298
331676326,306.0913387,-75.28335218,1.66361,,12.579,11.8317
271631965,320.2043564,-74.16728203,4.7983699,,10.8946,10.0775
327785152,312.472571,-75.94605879,1.10434,,12.8275,12.2353
331639044,306.3153389,-75.72927359,3.3483601,,12.3472,11.569
331676411,306.102403,-75.11611151,2.8115399,,11.6908,11.0228
331676481,306.1370013,-74.97344666,2.13799,,11.3643,10.6661
331676604,306.1078239,-74.72095584,3.3475299,,12.108,11.2968
331676632,306.2592866,-74.66578718,2.16135,,12.1547,11.4379
469875652,316.6031101,-74.61477351,0.73012203,,15.382,14.5588
469875787,316.5425186,-74.88875296,0.65941602,,15.4722,14.6023
327784225,312.7306103,-74.04431901,0.43115601,,15.3472,14.6852
327784269,312.4407652,-74.1383273,0.209659,,14.5102,13.8112
404267128,308.6549451,-75.68834734,2.7595401,,11.3457,10.7393
401603229,313.8420558,-75.09891857,1.89466,,11.0916,10.5803
327784649,312.5726257,-74.91674481,2.47421,,12.2129,11.4983
327784782,312.4921613,-75.18627095,2.35374,,11.769,11.0721
271631629,320.0727872,-74.85096044,1.03504,,11.9582,11.3228
352481792,324.3320488,-74.08685784,0.057605099,,18.158001,17.2908
273223780,314.2035269,-74.34315773,0.681418,,15.3905,14.6314
469875365,316.5035984,-74.00641547,1.16406,,14.7848,13.9453
1987978428,315.6301372,-74.65045352,0.053885002,,18.9513,18.0807
469875465,316.3541528,-74.21900715,0.60111302,,15.4777,14.6325
469875654,316.3179667,-74.6183925,0.649571,,15.4138,14.6252
271631793,320.2207046,-74.50629543,3.4040699,,11.149,10.3735
271631997,319.8917586,-74.08609271,1.25741,,10.7148,10.3533
404267020,308.4662072,-75.41295368,1.26785,,13.0526,12.2587
327784703,312.679734,-75.02495532,1.1986001,,13.1409,12.4971
2026035635,321.4109012,-74.74688046,0.222983,,18.631901,17.7267
2026036331,320.7744856,-74.71084849,0.163895,,18.1175,17.301701
1922159375,293.7632767,-74.71721521,-0.038929299,,18.616301,17.738501
404267044,308.4681545,-75.49012499,1.908,,13.6928,12.8267
401603157,313.7791311,-75.23235502,0.94889301,,13.3337,12.5773
401603311,313.8271868,-74.93361499,2.4852901,,12.5526,11.7535
327784735,312.4108371,-75.09905219,1.46657,,13.6568,12.8119
327784747,312.7144714,-75.11821406,1.64747,,13.638,12.8077
327784863,312.6079219,-75.34590088,2.09273,,13.0795,12.2978
352510749,325.3144475,-74.04909179,0.39823201,,17.4074,16.552601
2025981166,333.8561785,-74.86318158,0.19939999,,18.2983,17.504499
2026007506,333.1882361,-75.1330206,0.142648,,18.1845,17.348
469875947,316.6235946,-75.26172831,0.87919301,,14.6212,13.7971
469875978,316.5298181,-75.31311867,0.80229402,,15.2911,14.4441
1922130640,297.7825371,-75.31832703,0.158718,,18.479601,17.694099
1922130641,297.7469241,-75.31377032,0.0059348498,,18.6376,17.748301
1922131300,297.9444848,-75.17069689,-0.097672097,,18.658001,17.772301
352511244,324.952732,-75.30040727,0.155948,,17.266399,16.4594
469876027,316.4252986,-75.40690748,0.89042997,,14.9845,14.1811
469876049,316.4940939,-75.45239165,0.501104,,15.3599,14.5297
469876122,316.5068693,-75.63862211,0.60537797,,15.1562,14.3247
469876127,316.3762076,-75.64427676,0.93036002,,14.5068,13.6834
469876233,316.5939922,-75.89171989,0.33886501,,15.2049,14.4764
331676504,306.3787346,-74.92865071,2.6471,,13.0272,12.1839
331676538,306.2864537,-74.86204315,1.31984,,13.2888,12.5481
331676749,306.416166,-74.4245626,1.04431,,13.5063,12.7567
1922172043,297.811936,-74.45710727,0.148084,,18.294201,17.4883
352511260,325.1012925,-75.34983638,0.0034906899,,18.325701,17.433399
352511304,325.3146898,-75.47843196,0.133939,,18.1521,17.2906
392755051,326.8679085,-75.49749764,0.173665,,18.297899,17.4254
331676894,306.4730658,-74.15906984,2.59795,,12.8936,12.0493
404266407,308.7511266,-74.1301771,1.55924,,13.3269,12.4569
404266438,308.7717552,-74.19191465,1.35392,,13.6801,12.8774
271631358,319.9449766,-75.55012252,1.74586,,12.9119,12.08
271631360,319.9381315,-75.54167237,2.66382,,12.4897,11.6499
469876271,316.6549435,-75.99742831,1.39921,,14.6204,13.7316
469878559,316.7306694,-74.31693521,0.71020597,,14.9165,14.091
469878561,316.6947766,-74.31533044,0.99249297,,15.113,14.2576
265434034,315.9497333,-74.21103925,0.108356,,18.008801,17.1341
1922169262,298.8804164,-74.46906414,0.222578,,18.431999,17.6334
1922172673,298.7872304,-74.17846291,0.13251001,,18.588499,17.774099
1922132105,299.6785163,-74.96744822,0.10344,,18.719801,17.873899
2026008829,333.1248524,-74.67823039,0.151804,,18.498199,17.7019
271631391,320.0244805,-75.42443989,1.51159,,13.5902,12.7791
271631496,319.8354732,-75.17373602,1.91105,,12.0937,11.3474
271631806,319.8295245,-74.48040595,3.6642001,,11.5359,10.7397
2026049017,320.837631,-74.33818179,0.066608801,,18.240801,17.414801
265434541,316.2650397,-75.20719753,0.108106,,18.237801,17.380699
469875738,316.4342725,-74.80890698,1.1483901,,14.2091,13.3424
469876181,316.3861558,-75.77431203,0.71286798,,14.1279,13.2701
469876204,316.4882039,-75.82326066,0.71199602,,14.2704,13.6551
1922132017,299.8779164,-75.07455123,-0.00079842401,,18.601101,17.688801
1922132148,299.9728666,-74.92126726,0.228903,,18.670099,17.748899
271631948,319.8460849,-74.20928119,1.0517401,,13.2109,12.4621
469878498,317.0219367,-74.41355961,0.44420201,,16.0047,15.1675
1987892005,300.3363266,-75.27059013,0.21877,,18.9088,17.9722
1987892857,301.5517016,-75.32369512,0.27222699,,18.5578,17.659
469875476,316.3777337,-74.24038073,0.46782401,,16.754101,15.9074
404345647,320.5397727,-75.91844824,0.085184202,,18.132,17.241699
1987901466,300.3101684,-74.20368945,0.109521,,18.372299,17.517099
1987901218,300.930198,-74.18082311,0.149506,,18.2407,17.4956
1987897542,301.7152919,-74.48608445,-0.081872799,,18.7216,17.868299
1987899753,301.5960793,-74.31555421,0.0217268,,18.6796,17.957001
469875677,316.3023201,-74.69078977,0.528382,,16.022301,15.1925
1988029121,305.9076071,-74.16225224,0.163066,,18.4774,17.631399
1988031611,309.8751272,-74.13968579,0.0598993,,18.330799,17.5207
1987956469,312.676843,-75.5206216,0.21950901,,18.5518,17.663799
469875630,316.5608379,-74.57350095,0.333159,,16.303101,15.4878
1987960396,312.7935462,-75.13327419,0.0416198,,18.529301,17.6861
1922127500,299.8605372,-75.73413589,0.37429801,,18.375299,17.402901
293528581,359.2438462,-75.70121685,0.40017501,,17.2383,16.4489
293568089,359.3795423,-74.94373806,0.449193,,17.170799,16.3248
469875732,316.4390591,-74.78824351,0.52095997,,16.248301,15.3859
1987899636,301.9301656,-74.25679202,0.125701,,18.745399,17.8253
1922142612,293.7898016,-75.74488088,-0.21660399,,18.950899,18.0154
1922142697,293.9732745,-75.6919977,-0.28167501,,19.2153,18.3486
1922147484,293.7092689,-75.20966901,-0.158351,,19.227501,18.3255
2054665218,345.6800749,-75.97839368,-0.30451301,,18.919399,18.1791
469877997,316.6983788,-75.51541019,0.434679,,16.569201,15.6956
469878074,316.8220385,-75.34672233,0.55875701,,16.1828,15.3499
262021969,323.4876079,-75.77352272,0.35457999,,18.055201,17.1203
469875622,316.6437831,-74.55993576,0.32735699,,17.137899,16.3508
469875640,316.5805422,-74.5889507,0.36341399,,16.9041,16.063999
469875752,316.3065354,-74.83416714,0.30161399,,17.0219,16.202801
1922167022,297.7957188,-74.83582691,-0.0049731201,,18.916401,18.019899
469875882,316.5914186,-75.13267096,0.28915501,,16.8335,15.9833
469875883,316.4232166,-75.13296708,0.24987499,,16.2747,15.5703
469875928,316.4475394,-75.22945434,0.34383801,,16.916401,16.078199
469876266,316.4056684,-75.96730629,0.376553,,17.1747,16.287201
352439179,322.9622518,-75.91624502,0.41348699,,18.185801,17.2757
1922167507,298.7344741,-74.86016356,-0.30423701,,19.2225,18.298
1922172301,298.7553586,-74.3458141,-0.098788701,,18.685499,17.813801
327784633,312.5400106,-74.89818138,0.26059601,,16.681999,15.8016
469875930,316.4609674,-75.23246596,0.18973801,,17.402599,16.5518
469878041,316.7493864,-75.42410198,0.49241799,,16.6395,15.7708
469875855,316.680993,-75.05852635,0.043313999,,17.8503,16.9753
327727349,311.8654731,-74.84121962,0.20797899,,17.695101,16.851
1922126806,299.9260722,-75.78144811,0.0523136,,19.133699,18.159201
1922129140,299.9220653,-75.37809424,-0.144465,,19.160601,18.323999
2054665417,345.3907601,-75.83412599,0.0425849,,18.359501,17.493401
469875766,316.5753954,-74.85476626,0.157552,,17.4135,16.586599
469875992,316.5052472,-75.34151608,0.0395259,,18.0093,17.1425
331774069,322.925195,-74.99805559,0.19878601,,18.2012,17.318199
469875393,316.4450247,-74.06585913,0.10153,,16.8062,16.236601
2054665581,345.9085096,-75.67110807,0.170302,,18.2978,17.434401
2054665652,345.4753497,-75.72357077,0.224296,,17.8339,17.1283
469875479,316.63235,-74.24332959,0.115733,,18.3535,17.5429
1987901874,300.5850178,-74.02969222,0.13992099,,18.944901,18.050699
1987881304,300.1049867,-75.90719043,0.033011802,,19.008699,18.0718
1987900513,300.042581,-74.46605245,-0.272526,,18.869801,18.042101
469875551,316.5515888,-74.3996359,0.42761001,,16.873199,16.0252
1987897318,301.9259459,-74.5522297,-0.038497299,,18.9293,18.1178
469875750,316.3468419,-74.83337085,0.35361499,,16.775299,15.9684
1988024877,307.8677524,-74.5457477,0.14737099,,18.452499,17.592501
469875885,316.6791387,-75.13388362,0.256253,,17.17,16.3279
2054666356,346.2489096,-75.59652147,0.126396,,18.397699,17.5445
392754996,326.8121463,-75.63957603,0.41688499,,18.0865,17.165899
469876037,316.4453411,-75.42387511,0.26288801,,17.231701,16.351
469876071,316.68247,-75.49940198,0.3466,,17.249001,16.3813
352546148,325.751361,-75.91076963,0.29848701,,18.1292,17.199699
1987955181,312.4139972,-75.9431825,0.092856698,,18.9498,18.063
2054642295,356.3546832,-75.92056592,0.112261,,18.259501,17.434999
2054642308,356.2125005,-75.89739768,0.25071099,,18.3379,17.515699
352510895,325.0620444,-74.42101728,0.071794197,,18.110201,17.243099
352511306,325.2361284,-75.4797795,0.260618,,17.6924,16.953199
1922159397,293.8972091,-74.65542399,-0.0060837599,,18.740499,17.904699
2054642330,356.0701107,-75.87997071,-0.0363383,,18.626301,17.7955
265434193,316.1326469,-74.53881448,0.104145,,16.9259,16.2561
265434224,315.935066,-74.62367826,0.418957,,17.515301,16.6576
327784487,312.6870131,-74.61022482,0.13678201,,18.1593,17.342899
265434215,315.9355996,-74.59883546,0.095208697,,17.1439,16.333099
265434323,315.9563305,-74.8136157,0.34954,,17.514099,16.677
265434371,315.9753532,-74.88505572,0.058595501,,16.858101,16.013901
265434410,316.2181233,-74.94543651,0.219561,,17.2726,16.4198
265434473,316.0334126,-75.05676885,0.32005399,,17.2801,16.5781
265434693,316.1997906,-75.5642129,0.213495,,17.0846,16.379601
404345616,320.2699785,-75.98082512,0.196509,,17.260599,16.485701
262021613,323.5398824,-74.8946916,0.26081499,,17.5159,16.6297
262021968,323.4260234,-75.77253141,0.31252599,,17.391199,16.493099
271580116,319.5749892,-75.04723056,0.248588,,17.6602,16.896099
271580347,319.6838178,-75.6514801,0.19038799,,17.1429,16.3255
273224136,314.0006137,-75.18670977,0.044568099,,17.0392,16.3179
352476835,323.1760523,-75.25964784,0.54494703,,17.1446,16.227699
352476952,323.0094449,-75.00649706,0.39204699,,17.134399,16.281601
352477030,323.2892447,-74.78911667,0.361821,,17.123699,16.328899
352477077,323.1804709,-74.66930428,0.33025801,,17.712099,16.9317
325277753,322.2783351,-74.83405784,0.31377199,,17.526199,16.669701
325277813,322.2864435,-74.95679778,0.227332,,17.4727,16.564501
325277894,322.3724036,-75.10825564,0.149846,,17.670099,16.8613
325277950,322.580424,-75.24423616,0.22159199,,17.264299,16.3866
331755640,322.714378,-75.4818625,0.38786101,,17.2593,16.3347
331755654,322.743134,-75.43444038,-0.0241556,,17.319099,16.3978
327784486,312.6873937,-74.60640606,0.382112,,16.839899,16.0373
331774221,322.6446814,-74.62622307,0.104908,,17.628099,16.9275
331774367,322.8515733,-74.24486625,0.301357,,17.137199,16.3904
352479893,324.0336501,-74.00573459,0.25547299,,17.5308,16.6922
352481778,324.5143839,-74.05864147,0.25080401,,17.414101,16.540899
352508266,324.7671747,-75.91405026,0.287579,,17.4554,16.5452
352508829,324.7019778,-74.30144076,0.0623147,,17.2255,16.375
392755056,326.579921,-75.48579698,0.4271,,17.181101,16.2857
352545827,325.8062414,-74.95371374,0.186324,,17.4734,16.587799
352545850,325.7199478,-75.02153549,0.40600201,,17.257,16.355801
352546142,325.7719511,-75.89865405,0.27327099,,17.363501,16.4349
1922172095,297.6022041,-74.45995726,0.081562497,,18.807199,17.9258
1922173293,297.8353477,-74.08904493,0.151811,,18.6674,17.847401
327784334,312.6983527,-74.31488174,0.35577199,,17.447201,16.579
327784557,312.5865883,-74.74502596,0.23562901,,17.8937,17.1875
352510803,325.078617,-74.16573594,0.233795,,17.396999,16.6423
352511068,324.9457807,-74.85328714,0.35137799,,17.5383,16.681499
352511062,324.9534805,-74.82954979,0.24508999,,17.259399,16.5748
352511118,325.3190425,-74.98726686,0.29737499,,17.432899,16.5548
352511195,324.9470948,-75.18280047,0.32328501,,17.258499,16.5026
352511355,325.2756288,-75.60907844,0.39880499,,17.3892,16.5264
2054642955,356.9994672,-75.62254316,-0.19992401,,18.7085,17.93
352541588,325.2194112,-75.89501062,0.31326899,,17.3855,16.4596
352541619,325.1880576,-75.98230895,0.38286501,,17.4046,16.4928
265433986,316.1276291,-74.10538926,0.30124199,,18.129,17.3011
273223782,314.1324098,-74.34953703,0.224668,,17.927401,17.0641
265434258,316.2877274,-74.69475376,0.39273801,,18.007299,17.174601
265434618,315.9278577,-75.36642258,0.071994998,,18.2813,17.4839
1922169258,298.7699622,-74.4904167,0.056690902,,18.9084,18.0466
1922129305,299.5868293,-75.26587996,0.147613,,18.961399,18.031601
1922132720,299.6295487,-74.92755538,0.15241501,,18.6971,17.842501
469875523,316.5725757,-74.35179025,-0.0100241,,17.9998,17.162201
265434825,316.2257725,-75.83151033,0.087528102,,18.016399,17.1485
265434880,316.0717294,-75.94640276,0.18410701,,17.8417,16.990999
404345776,320.1932118,-75.6366477,0.230703,,18.0683,17.281601
404267066,308.8052704,-75.55227087,0.86241603,,14.1525,13.4427
469875593,316.3945433,-74.49604505,0.095674597,,18.1558,17.4389
404346076,320.3149082,-74.96916214,0.36500701,,17.9592,17.122601
404346251,320.4690595,-74.63656599,0.10963,,17.9426,17.0355
404346322,320.4451903,-74.47286149,0.0708673,,17.989901,17.154499
404267227,308.778537,-75.9212426,0.24496201,,13.7109,13.4725
401603325,313.7203963,-74.90598524,1.06645,,14.0428,13.3355
327784542,312.7029066,-74.71899441,0.94689798,,13.8187,13.0105
262021609,323.6950359,-74.88125691,0.121427,,18.136499,17.262199
352439302,323.0310927,-75.61419081,0.189753,,17.876499,16.937599
352476766,323.0453827,-75.42010745,0.389164,,17.7978,16.879101
1922174363,299.7756931,-74.13005428,-0.0144712,,18.564699,17.7057
352477213,323.032247,-74.30374881,0.073378302,,18.266701,17.4505
404266455,308.6251563,-74.23861635,1.91276,,13.8238,12.959
404266471,308.7962214,-74.26213516,0.67995298,,14.4687,13.7189
404266958,308.6876402,-75.28396981,1.09951,,14.8185,13.9557
331638997,306.1924064,-75.83342482,0.361992,,17.416401,16.568899
331639041,306.2091799,-75.73520648,0.402753,,16.8943,16.100401
331639068,306.189593,-75.68177552,0.50119698,,16.4464,15.6312
331639163,306.409583,-75.499869,0.40447599,,16.6936,15.828
331676611,306.3209608,-74.70396657,0.44556499,,16.560699,15.6696
331774351,322.8129327,-74.29083421,0.0879476,,18.1278,17.3328
469875722,316.2793826,-74.77156359,0.22349501,,18.0576,17.214899
469875807,316.3222311,-74.94219465,0.233969,,17.549601,16.789801
331676864,306.4248292,-74.21564425,0.33254501,,16.4224,15.674
331676901,306.1676408,-74.14107191,0.27927399,,16.5271,15.6361
404267246,308.7710844,-75.94811319,0.36544099,,16.7027,15.8585
404268970,308.9666526,-75.96206491,0.34068099,,17.1071,16.242201
331774247,322.624041,-74.56321835,0.178183,,17.7714,16.922501
331774339,322.6216631,-74.3343993,0.25885499,,17.5432,16.6784
327784798,312.384442,-75.21400671,0.34163901,,16.824301,15.9495
327785138,312.3978878,-75.91682976,0.211615,,17.455,16.6106
331639134,306.4715668,-75.54007099,0.59547901,,16.533001,15.6331
331639221,306.1792927,-75.37362285,0.62870097,,13.478,12.9534
469875881,316.3654294,-75.13190262,0.31268001,,16.9198,16.131901
469875931,316.7423519,-75.23294795,0.11813,,18.414499,17.582399
352508548,324.4789548,-75.07373494,0.141827,,18.1283,17.2983
352508356,324.5932107,-75.6892566,0.226888,,17.899599,16.9765
352508750,324.771067,-74.4942389,0.206379,,17.9648,17.0854
331676909,306.4615754,-74.12582562,0.37428501,,16.5539,15.7012
404266405,308.7711905,-74.11287842,0.77073401,,15.4121,14.5357
327784875,312.3998232,-75.36754118,0.163767,,14.7032,14.2386
327784880,312.4974194,-75.37025637,0.34514701,,16.199499,15.3693
327784995,312.6437177,-75.63254636,0.514507,,16.6425,15.8001
271631417,319.875794,-75.36874321,0.29591101,,16.5264,15.6362
392754995,326.6173775,-75.64169607,0.34103999,,18.049601,17.123501
469872405,303.014028,-75.32590125,0.36588699,,18.042999,17.160101
352545948,326.0182947,-75.29257168,0.19465899,,18.096701,17.2059
331676644,306.4149701,-74.63509059,0.36423501,,16.639099,15.7547
331676844,306.4662839,-74.24158424,0.57271397,,15.8193,15.0024
331676858,306.2516345,-74.21996466,0.42102399,,16.219,15.3528
2054643132,356.0626917,-75.62979053,0.14059,,18.2024,17.5005
352546143,326.0845197,-75.89972254,0.17197201,,18.0366,17.1266
469875971,316.407001,-75.30948755,0.23665,,17.8936,17.033001
469875996,316.3273905,-75.35288813,0.158325,,18.087099,17.2376
469875997,316.4398468,-75.35353996,0.033611201,,17.2603,16.4578
469876034,316.3960307,-75.41938612,0.44198099,,17.2644,16.4027
331676537,306.1037563,-74.86715631,0.53961003,,15.8152,15.0918
469872982,303.0302084,-74.24315349,0.174795,,17.659,16.7973
261427761,304.8661968,-74.14788792,0.166354,,17.363501,16.5186
261428011,304.6020548,-74.53889985,0.245096,,17.779699,17.006399
2054643125,356.0379673,-75.66888175,0.139579,,18.238501,17.533001
2054643302,356.2248109,-75.61102586,-0.14770199,,18.6966,17.964199
352511400,325.1255776,-75.70755153,0.15721101,,17.7941,16.8512
331676528,306.1024531,-74.88395009,0.46985799,,16.056601,15.1834
331676700,306.3127133,-74.51813252,0.28457901,,15.2057,14.6836
331676709,306.2438707,-74.5018436,0.41748199,,15.6683,14.7986
331676763,306.2706722,-74.39180506,0.70019102,,15.1972,14.3817
261428059,304.7502252,-74.62592488,0.21241599,,18.1215,17.269199
468144797,305.1466567,-75.57960821,0.27111399,,17.2148,16.4534
331676933,306.2905878,-74.08399717,0.274185,,15.9809,15.1985
404267144,308.672338,-75.73424674,0.30756199,,16.6994,15.8519
469876164,316.3153915,-75.7377522,0.222884,,17.9174,17.0334
404267159,308.8142837,-75.76708808,0.371959,,16.311899,15.4354
401603160,313.6533327,-75.22882047,0.0248222,,15.0231,14.6269
401603299,313.6478156,-74.95349949,0.39358601,,16.6803,15.8266
401603340,313.6876593,-74.87060555,0.41057801,,16.2206,15.3454
265434112,316.0871725,-74.37508006,0.23474,,17.589001,16.7924
265434182,316.0680268,-74.51058791,0.124231,,17.886801,17.0833
2054646441,356.2747123,-75.33970564,0.111642,,18.0963,17.426201
265434344,316.1093776,-74.84298077,0.353623,,17.196301,16.330799
265434433,316.2758488,-74.98139988,0.142941,,17.6143,16.8804
265434523,315.9892566,-75.16182509,0.206879,,17.890301,17.013599
327784792,312.4335882,-75.203381,0.39994001,,16.440001,15.575
327784861,312.3792358,-75.33816757,0.61025798,,15.8885,15.0455
327785025,312.4560843,-75.69900909,0.55871898,,15.8998,15.0923
265434542,316.2512546,-75.21011935,0.39546299,,17.768499,16.964701
265434635,316.0564874,-75.414757,0.228891,,18.085501,17.2036
265434656,316.2507167,-75.48692335,0.159758,,17.725201,16.9844
1987936729,319.3369858,-75.60741667,0.28626201,,18.200001,17.331699
1987936853,319.3901115,-75.56941526,-0.094637699,,18.974199,18.0877
265434829,316.1948164,-75.83629939,0.34230101,,17.2726,16.4272
265434869,315.9756568,-75.92607447,0.15436301,,17.9597,17.1359
404345642,320.458721,-75.92861163,0.46048501,,17.4524,16.640301
404345618,320.5872329,-75.97753722,0.391637,,17.7132,16.822201
404345769,320.3655088,-75.64404258,0.078736298,,17.7339,16.8591
404345860,320.2400113,-75.42583768,0.15950499,,17.808701,17.008699
1922174596,299.5867657,-74.08081151,0.0564925,,18.9006,18.006201
1922126507,299.8937288,-75.99017572,0.053700399,,18.9319,17.9701
1922126802,299.7450122,-75.77288259,-0.23627099,,18.8395,17.9319
1922126821,299.9038327,-75.75328639,0.0049892198,,18.828501,17.886299
327785125,312.5432695,-75.88902347,0.34607801,,16.471001,15.5815
271631448,320.0246873,-75.28530098,0.387642,,16.491899,15.6559
271631940,319.9588955,-74.22380686,0.69463301,,16.3092,15.4389
1922132864,299.8686847,-74.80380423,0.060883898,,18.76,17.9545
1987891946,300.4982968,-75.30613617,0.061204199,,18.815701,17.878401
331638912,306.4398222,-75.9857489,0.93695199,,15.0227,14.1637
404345866,320.3786087,-75.41297653,0.214292,,17.646999,16.844801
404345954,320.5159848,-75.21552713,0.179252,,17.5835,16.7383
404346161,320.3685294,-74.80789583,0.175567,,17.825701,16.957701
1987891921,300.0354434,-75.24478474,0.0059745102,,18.960699,18.035299
1987900674,300.3019022,-74.3840688,-0.114873,,18.8584,18.020201
331639073,306.422615,-75.67671337,0.53688002,,15.2469,14.4755
331639126,306.4262064,-75.55466432,0.76471198,,14.314,13.573
404346366,320.2814184,-74.38966838,0.031210899,,17.936001,17.113001
404346511,320.5647059,-74.09397938,0.24768899,,17.578899,16.829599
262021837,323.4140339,-75.4520987,0.182854,,17.8971,17.0396
352439191,323.103246,-75.88429789,0.46303901,,17.2885,16.3815
352476773,323.1788842,-75.38856488,0.13966399,,17.7192,16.886101
325277537,322.4862791,-74.31051271,0.062270999,,17.941999,17.0609
290404526,331.1248801,-74.89643256,0.17020001,,18.214701,17.398001
325277914,322.4154461,-75.1534372,0.25496101,,17.9496,17.074499
325278018,322.5433682,-75.41065358,0.183052,,17.1766,16.295601
325278219,322.2296135,-75.91886494,0.31169301,,17.5788,16.797899
2054647117,356.8276407,-75.00151397,0.0111885,,18.080799,17.4701
2054647361,356.745205,-74.87895802,-0.0299634,,18.610701,17.875999
1988031683,309.8150702,-74.05493134,0.036322601,,18.9702,18.113501
1987955356,312.8177742,-75.75448598,0.17112,,18.6723,17.821301
1987955961,312.5010259,-75.72951262,-0.064805403,,18.696899,17.935699
1987960939,312.4104479,-75.04197441,0.140293,,18.369699,17.5707
331639167,306.3752496,-75.49081651,0.65171599,,16.1311,15.2383
331676360,306.226612,-75.21729506,0.96845102,,14.3991,13.572
331755578,322.9400426,-75.65569655,0.334622,,17.946699,17.0112
331755644,322.7647735,-75.46997029,0.38989499,,17.498199,16.581699
331774122,322.5950581,-74.85221044,0.2181,,17.625099,16.727501
331676463,306.3508535,-75.01299385,0.533234,,16.1262,15.2835
469878065,317.0118155,-75.37502966,0.18309399,,17.7782,16.970301
327784454,312.6690176,-74.54888898,0.110809,,17.839399,17.139601
2054647449,356.2532851,-75.02891685,0.00302041,,18.1271,17.5107
331676663,306.2352078,-74.58902795,1.23553,,14.631,13.747
331676667,306.4363396,-74.58252871,0.28273499,,15.4274,14.6912
331676886,306.3559462,-74.17198239,1.18779,,14.685,13.8013
331676911,306.3620586,-74.12376136,0.54742998,,15.2755,14.4149
331755649,322.9433818,-75.45961335,0.28432301,,17.816099,16.9485
331774050,322.8660535,-75.04494362,0.220441,,17.464899,16.563801
327784595,312.7065448,-74.80672926,0.242643,,17.8318,17.0026
273223933,314.2679854,-74.7051595,0.22154699,,17.714399,17.024
273224276,313.9644857,-75.53100096,0.331011,,17.869301,17.043301
404266466,308.5970301,-74.2568959,1.05901,,14.6692,13.8235
2054647487,356.171674,-74.95319677,0.174206,,17.929199,17.1357
2054647517,356.1225403,-75.03854424,0.127841,,18.122999,17.4004
2054647616,356.0573865,-74.88143779,0.112718,,18.1444,17.3083
404266960,308.8027665,-75.28636859,0.73416901,,15.502,14.6611
404267163,308.701428,-75.77327356,0.78197098,,14.5688,13.76
401603272,313.6729613,-74.99839023,0.81102997,,14.8803,14.0188
401603320,313.770289,-74.9184395,0.99250197,,14.6249,13.7811
401603440,313.7171662,-74.65294204,0.43961701,,14.9661,14.1194
401603453,313.9460051,-74.62618065,0.88119203,,14.7461,13.8752
1987947249,319.8459773,-74.19033601,0.259184,,18.5156,17.650999
1988001332,319.8546662,-74.10106783,-0.162186,,18.5737,17.8221
331774453,322.7727875,-74.06303165,-0.152867,,18.042101,17.2859
331774458,322.8562458,-74.05470908,0.158159,,17.9841,17.1924
352439264,323.3385049,-75.704341,0.33919999,,17.707199,16.7981
352481852,324.2780031,-74.19310107,0.142736,,17.5569,16.726601
401603456,313.9179038,-74.62150668,1.0236,,14.3842,13.521
327784570,312.5055231,-74.7672281,1.05353,,14.7885,13.9644
327784616,312.6167413,-74.83970549,0.65694499,,15.7434,14.9115
327784929,312.3857876,-75.46644558,0.44674599,,15.8645,15.0004
327785151,312.3865756,-75.94546686,0.64795297,,15.3714,14.4939
271631277,319.9183861,-75.73876451,0.611624,,15.2885,14.404
271631316,320.129362,-75.65529414,0.360558,,15.2391,14.4707
271631712,320.1823275,-74.67901092,0.99525797,,15.3429,14.4414
271631778,320.1106895,-74.53753472,0.74273002,,14.4218,13.6087
271631836,319.957946,-74.41519282,0.51729298,,14.9682,14.1681
327727396,311.7903975,-74.75379521,0.051291101,,18.2139,17.3519
469875457,316.3430951,-74.19660776,0.083919801,,18.0355,17.289
469875511,316.5106976,-74.33391083,0.27086601,,17.704399,16.860399
469875552,316.6500212,-74.40260604,0.283142,,17.4303,16.583799
469875583,316.5520549,-74.47349989,0.208013,,17.8992,17.2055
469875943,316.5466707,-75.25528208,0.24576201,,17.6563,16.8134
271580287,319.5133866,-75.45925081,0.25399801,,17.9328,17.122101
311426051,314.9158198,-74.92228527,,,14.1733,13.3235
469876106,316.4358823,-75.59755118,0.263026,,17.502001,16.6422
469876130,316.574695,-75.64556219,0.35977101,,17.851101,16.9804
331639101,306.406886,-75.61530558,1.00784,,13.9052,13.1022
2054647695,356.5442379,-74.8558295,0.114292,,18.7276,17.882601
331676311,306.4092917,-75.33071918,0.50389701,,15.618,14.7288
404285186,309.5683545,-75.62077612,1.28687,,,
469877928,316.9882057,-75.64607475,-0.053776499,,17.8862,17.004999
469878069,316.7638982,-75.35615186,0.1595,,18.1625,17.364401
469878190,316.9138919,-75.09737871,0.29188201,,17.626301,16.852301
469878264,316.7706498,-74.94782413,0.19091,,17.955,17.091
331676542,306.1046928,-74.84212907,0.79920202,,15.0037,14.1724
331676557,306.1711394,-74.79953214,0.82678801,,14.7927,13.9593
331676698,306.1459992,-74.52004974,0.67313701,,15.3507,14.5805
352505460,324.2614429,-75.298996,0.093628198,,17.5828,16.7033
352508271,324.7005025,-75.9055625,0.0084501598,,17.688601,16.830601
352508335,324.7487379,-75.72452551,0.115454,,18.225599,17.304199
331676880,306.2155951,-74.18107218,1.3105299,,13.7923,12.9887
2054694801,355.9767641,-74.64656656,0.018265201,,18.124001,17.4513
469875582,316.5684227,-74.47351075,0.035762399,,17.552299,16.6943
352508729,324.9029863,-74.56472771,0.36901501,,17.724199,16.8599
352508939,324.8093059,-74.03960999,0.28177199,,18.009199,17.2157
352545904,325.7152752,-75.18201006,0.26784101,,17.2596,16.3587
469875892,316.4448398,-75.15382236,0.30454001,,17.2458,16.4781
469875902,316.3527529,-75.1737431,0.145879,,18.5201,17.729
469875976,316.3998497,-75.31255994,0.318106,,17.694799,16.813101
1987951527,311.4606515,-75.7867042,0.00323209,,18.749901,17.925501
404266613,308.5152779,-74.54906352,1.10562,,14.0302,13.3083
404266720,308.466521,-74.77410686,1.58402,,13.8986,13.0218
404266800,308.754017,-74.92285535,1.70907,,13.8277,12.9696
404266889,308.5297467,-75.12237788,0.93550998,,14.6564,13.8538
404266931,308.6498702,-75.22902012,1.32776,,14.3758,13.5087
404267112,308.5005454,-75.637136,1.39561,,14.5046,13.6182
469878131,316.7722979,-75.21082817,0.262014,,18.2764,17.5352
352546063,325.9812778,-75.62176188,0.363491,,17.805,16.929001
273569349,356.876551,-75.80572093,-0.19547901,,17.945101,17.1332
327785133,312.7481442,-75.90866107,0.64852798,,15.6781,14.7896
271631418,320.099197,-75.3614588,1.55604,,14.1571,13.2822
271631551,319.9609752,-75.05443631,0.73927599,,14.4754,13.7343
401603193,313.8566484,-75.16150151,0.25018799,,15.9876,15.5196
331638979,306.4413615,-75.86238091,0.38726699,,16.116699,15.2477
1987959681,311.8391195,-75.25756622,0.045208599,,18.8416,18.007999
352511030,325.1410126,-74.75024802,0.256935,,17.455799,16.747101
352511076,324.9694316,-74.86992262,0.046868201,,17.937799,17.0734
392759532,327.4552196,-75.56434742,0.50833797,,16.663601,15.7555
396212083,300.3962792,-74.09708772,-0.148792,,18.466999,17.5928
271631560,319.9565665,-75.03032997,0.54705799,,15.625,14.8006
271631913,320.0825778,-74.27557591,0.72809303,,16.042999,15.1532
331639117,306.2569845,-75.56940829,0.38084999,,16.4259,15.5407
352511129,325.0363007,-75.00399936,0.20442,,18.0079,17.1448
352511197,324.9985576,-75.18501567,0.27406701,,17.371901,16.4767
352511231,325.1374623,-75.28085552,0.33559799,,17.407801,16.571699
352511232,325.2116992,-75.2824788,0.17158499,,17.7295,16.8808
352511444,325.2516204,-75.79131035,0.444859,,17.6478,16.794201
331676744,306.3139361,-74.42775255,0.52127397,,16.435301,15.6432
327784627,312.7215476,-74.88450527,0.32135701,,16.613001,15.786
327784882,312.4175356,-75.37237262,0.34671199,,16.6581,15.7919
327784989,312.4073489,-75.61635076,0.376991,,16.5728,15.781
270275047,334.3280062,-74.14591969,0.68503797,,16.7736,15.9426
270275204,334.028423,-74.55682813,0.30929899,,17.2216,16.3372
271631333,320.1876759,-75.61969595,0.48050699,,16.2959,15.4123
271631494,319.9836899,-75.17719384,0.63517398,,16.259501,15.4077
271631541,319.9919033,-75.07017729,0.57877803,,15.6865,14.8335
271631544,320.0791362,-75.06550977,0.60459697,,16.044001,15.2344
271631566,320.176391,-75.0212497,0.78969699,,16.329,15.4604
271631660,320.0241027,-74.78418797,0.57972401,,16.360201,15.5296
270273317,333.7048653,-74.27416319,0.34651601,,16.5914,15.7691
392754884,326.7654347,-75.98991723,0.151747,,18.080999,17.255301
392754936,326.5182579,-75.84637951,0.110251,,17.529301,16.6029
1987959744,311.7363104,-75.2129028,-0.028007399,,18.5774,17.789499
1987959829,311.7768023,-75.15849291,-0.0018162701,,18.723101,17.9104
392754940,326.8758492,-75.83378693,0.095548302,,17.9468,17.0627
392755102,326.5789744,-75.35923218,0.22020499,,17.821899,16.907301
1987959907,311.5953177,-75.15869572,0.0259223,,18.2542,17.516399
1987960039,311.5380661,-75.06368462,0.069064401,,18.4188,17.6408
392755150,326.5298723,-75.234167,0.28656501,,17.7544,16.8601
401603407,313.8534916,-74.73057932,0.349428,,16.992001,16.1273
401603423,313.5843434,-74.68095102,0.51501203,,16.9179,16.0501
401603447,313.7789622,-74.63903863,0.190323,,16.9751,16.131901
265433947,315.9398794,-74.0267218,0.31494299,,16.7939,15.9378
327784949,312.3648907,-75.50417454,0.40252799,,17.110399,16.2626
327785056,312.4176492,-75.7565224,0.42906401,,16.812599,15.9493
271631301,320.1493168,-75.68917455,0.33116099,,16.858801,15.9716
271631342,320.0295153,-75.58456956,0.354608,,16.896799,16.010401
316991179,335.3103772,-75.1668124,0.408052,,16.944599,16.008101
265434145,316.2578814,-74.43670535,0.62027502,,15.4595,14.7738
469878125,316.9777421,-75.2195349,0.379327,,18.608801,17.7502
271631767,320.0242032,-74.57135005,0.43408999,,16.5408,15.7421
271631782,320.0375007,-74.52557523,0.35104999,,16.618799,15.7288
331639097,306.3104315,-75.62706016,0.30330601,,16.782301,15.9577
293568148,359.4320181,-74.72321486,0.34340301,,16.9181,16.1199
293568236,359.1472241,-74.3956468,0.278375,,16.7656,16.1199
331676809,306.2835427,-74.30971072,0.42968899,,17.2307,16.373301
404266725,308.6883259,-74.79129616,0.2723,,16.797701,15.919
404267221,308.5595884,-75.90549873,0.116519,,16.949301,16.180201
401603463,313.9041888,-74.6056413,0.32531199,,17.396799,16.6346
327784725,312.5449005,-75.07174936,0.32509401,,16.780399,16.1147
327784828,312.6203076,-75.27086323,0.35952801,,17.559601,16.679899
327784879,312.6945467,-75.36968281,0.315979,,17.229401,16.3794
2026018054,328.6997536,-74.18781669,0.030562701,,18.329,17.524099
265434409,316.0782252,-74.94525618,0.35653901,,17.8531,16.989
327785137,312.5380632,-75.91560921,0.437002,,17.389,16.485701
271631510,319.8571809,-75.14985578,0.240703,,17.225,16.3521
271631529,320.0303393,-75.10770343,0.40546301,,17.2085,16.3353
271631552,320.0257774,-75.0496691,0.24574,,16.9545,16.108601
271631655,319.8308875,-74.79269501,0.46177101,,16.864901,16.036301
404266627,308.461493,-74.57379571,0.35771301,,17.857599,16.978001
265434859,316.2190588,-75.89202855,0.24835099,,17.8908,17.015699
1988024755,308.1559208,-74.5843768,-0.00132636,,18.367001,17.6334
1988024899,308.1092639,-74.5686689,0.20390201,,18.139299,17.3036
331639201,306.4061146,-75.41512483,0.54289001,,16.6525,15.7767
404345638,320.2160572,-75.94320563,0.0973766,,18.087099,17.2971
469877918,316.7494578,-75.66987237,0.50705099,,18.121799,17.2824
1987982193,314.8749191,-74.03252015,0.18361799,,18.716299,17.872299
331721891,307.1576748,-75.1493585,0.55309999,,17.986099,17.164499
404346169,320.2310724,-74.78363626,0.30797201,,18.0515,17.231001
404346486,320.4670203,-74.1518954,0.16834199,,17.738701,16.9368
404285171,309.5081283,-75.58721714,0.346104,,18.1259,17.3468
404287933,310.0382038,-74.12192302,0.44170901,,17.7148,16.9452
262021631,323.4949655,-74.93794898,0.227817,,18.174101,17.2953
262021772,323.317063,-75.28960689,0.20830899,,18.346399,17.4655
262022006,323.4388286,-75.86962637,0.311524,,17.6605,16.7829
352476819,323.0491793,-75.28509016,0.182822,,18.159401,17.288099
404269130,308.8787053,-75.6366936,0.0118771,,18.144501,17.5331
331676511,306.1214853,-74.92077418,0.27618599,,17.5131,16.697701
352476942,323.1084236,-75.02812021,0.30364001,,17.299,16.5277
352477262,323.1625119,-74.17560009,0.29354599,,18.224701,17.3377
325277540,322.4050875,-74.32746432,0.229269,,18.018499,17.2085
1987970972,311.3916448,-74.82267106,0.106617,,18.697399,17.913
469878142,317.0240857,-75.18688963,0.341304,,18.313601,17.4828
331774150,322.8941978,-74.8008543,0.318629,,17.4109,16.510799
327784563,312.520659,-74.75064302,0.245839,,18.1497,17.291401
331755658,322.8432385,-75.43000047,0.261262,,17.0422,16.243601
325339765,334.8064816,-75.13881754,0.26543799,,18.2547,17.332399
1987971044,311.4554713,-74.73128536,0.23121101,,18.211599,17.4963
404293282,313.5423061,-75.38403599,1.1457601,,,
1987895557,303.4205946,-74.55355595,0.159786,,20.287901,19.403999
1987896273,303.47476,-74.4797164,0.093882397,,19.837,19.114799
392754960,326.5158649,-75.7741805,0.28470901,,17.902399,16.9884
273569557,356.7985015,-75.12812095,0.210779,,18.3638,17.5382
1987896593,303.4021182,-74.32771574,0.26658601,,18.697001,17.851999
1987899222,303.0961328,-74.24619834,0.162651,,18.692101,17.8829
1988041041,303.3014098,-74.07275772,0.27383801,,18.6943,17.8076
352510816,325.0444649,-74.19731329,0.037672099,,17.9223,17.1534
352511353,324.9300384,-75.6062979,0.24157,,17.949301,17.0256
1988040834,303.4037334,-74.17059535,0.31162301,,20.057199,19.1625
1988041050,303.4957111,-74.07966092,-0.090898499,,19.954201,19.1178
1988041129,303.5114541,-74.00322055,-0.326469,,20.194799,19.3465
352511404,324.8720771,-75.72019754,0.138419,,18.281799,17.3368
392754973,326.8112669,-75.72421305,-0.00430759,,18.233999,17.347799
1987884284,304.2086143,-75.60476216,0.212184,,20.151501,19.2847
1987884330,304.2337804,-75.57788516,-1.23236,,20.296101,19.3897
404344003,318.7596091,-75.86058598,0.349935,,18.201401,17.4067
1987981280,315.8007171,-74.2750346,-0.0127213,,18.4065,17.5483
1987981343,315.8566337,-74.18982006,0.195208,,18.6059,17.777201
1987886267,304.2407302,-75.39775957,-0.027776901,,20.239,19.354
1987886273,304.224498,-75.39375488,-0.32943001,,20.054199,19.1931
331730946,320.8460008,-75.0816289,0.71466398,,17.6649,16.776899
352479146,323.9759,-75.90224141,0.30744401,,17.7938,17.1511
293568136,359.4297247,-74.76810986,0.13356499,,17.3606,16.626101
1987981536,315.5561771,-74.09126027,0.234863,,18.226601,17.4209
2026030263,321.4573208,-75.89760042,-0.093786299,,18.429001,17.7633
1987886355,304.4457764,-75.3353923,-0.118783,,20.061701,19.1959
1987886363,304.4788357,-75.31108681,-0.38098601,,19.5504,18.8325
1987886614,304.4056055,-75.23060696,-0.460695,,19.911301,19.071899
1987886621,304.3492274,-75.22628502,-0.15810999,,19.7223,18.859501
1987886628,304.4288297,-75.21472486,-0.615704,,20.080299,19.240101
1987886643,304.4215838,-75.18728808,0.43182501,,19.9893,19.112499
2026030857,321.6900458,-75.74818032,0.17918199,,17.7815,16.9023
2026030878,321.8583108,-75.72170651,0.093518801,,18.218599,17.356501
1987893266,301.6262337,-75.03025773,0.051258001,,18.5963,17.6651
1987900172,302.7190764,-74.03011502,0.079230897,,18.4375,17.570601
1987875603,304.3695449,-75.86452584,-0.035214901,,18.3598,17.5221
1987873489,306.8893993,-75.98952838,0.13006499,,19.465401,18.6429
271577421,319.2977917,-75.00286003,0.25812101,,18.223101,17.5019
271577633,319.3048538,-74.43219764,0.429519,,17.9221,17.097401
2026030933,321.5734194,-75.67221306,0.047885701,,18.5674,17.7421
293568213,359.4357908,-74.48099715,0.252397,,17.120501,16.563101
327784658,312.6288688,-74.93589269,0.13629,,17.745399,16.971701
2026031345,321.6014726,-75.55918438,-0.0364586,,18.8027,17.982599
2026031368,321.6927919,-75.49281224,-0.0107665,,18.5909,17.736799
271631690,319.8610463,-74.71978447,0.262431,,16.8605,16.0341
2026029345,321.0207206,-75.95675474,-0.056590099,,19.346399,18.494801
271577336,319.0602621,-75.19231531,0.43212801,,18.0914,17.2297
2025947921,325.3669165,-75.77987134,0.046162501,,18.5919,17.670099
1987889787,304.2497779,-75.05139695,-0.043486401,,19.8183,19.027399
2026029411,321.0360315,-75.94649747,0.43954599,,19.277599,18.4305
2026029422,321.2965106,-75.91935416,0.55975401,,18.8113,17.9881
331639197,306.3237208,-75.42007911,0.29076001,,17.071199,16.263399
2026030826,321.4010806,-75.78045693,-0.160805,,19.6406,18.752701
469820852,300.6093294,-75.9152828,0.84346199,,18.183901,17.3549
271577349,319.4279642,-75.16885372,0.402693,,17.8675,17.1845
1987889566,304.6480436,-75.08379705,-0.929546,,20.4702,19.597799
1987875741,304.4566047,-75.79464839,0.124727,,18.745899,17.8566
1987884014,304.3768619,-75.7385729,0.26961699,,18.0228,17.2635
1987962064,308.1356687,-75.82972757,0.274111,,18.352501,17.4774
1987962109,307.8444439,-75.80928116,0.122883,,18.393801,17.590099
271577663,319.3068177,-74.37038152,0.4804,,17.9991,17.122801
2025999967,325.4682969,-75.41166358,0.120566,,17.8613,17.330999
331676438,306.25279,-75.07092036,0.50155699,,17.179199,16.288099
1987967526,308.0905681,-75.07100626,0.24767099,,18.319599,17.5501
1987968232,308.0359597,-75.01965067,-0.103043,,18.5854,17.756399
1988025633,308.0497572,-74.40823294,-0.037125699,,18.235201,17.4785
2026031018,321.065077,-75.65644655,0.39580801,,19.311199,18.4725
2026033013,321.1182483,-75.5373252,-0.032309599,,19.0453,18.277399
2026033053,320.9652847,-75.52007542,0.179015,,19.8223,18.9328
2026033056,320.9384228,-75.50716942,0.204614,,19.1101,18.3148
2026033428,320.9260665,-75.39209473,0.124184,,18.8228,17.997299
2026033331,321.2520512,-75.40498955,0.123329,,19.506001,18.7089
2026033341,321.1925949,-75.36724301,0.129739,,18.9363,18.1033
331633147,305.2937626,-75.18413838,4.60708,,10.0454,9.2997704
331743868,321.4179013,-75.59632803,4.4351802,,11.4223,10.6868
404343406,318.7435521,-74.52180903,0.34275901,,18.1798,17.4018
2025999886,326.0946522,-75.40782764,-0.063091002,,18.835899,18.0289
331743902,321.5889016,-75.6861755,3.43926,,12.2199,11.3894
404291210,311.3316998,-75.78736939,1.31221,,13.4934,12.7286
331743764,321.6473638,-75.32074916,0.90844798,,13.109,12.348
468145509,305.2597326,-74.20367901,2.1117599,,13.3393,12.4988
273572091,357.1441806,-75.60747676,0.171664,,18.330999,17.511499
293568352,359.2806798,-74.02276824,-0.0151838,,17.111601,16.688101
392757778,327.0718368,-75.04625793,0.178249,,18.380899,17.584
1987973606,308.9707923,-74.58853285,0.286695,,19.3645,18.6593
1987973660,309.0989018,-74.5710119,-0.026252801,,18.947701,18.339701
1987973664,309.2137532,-74.55993609,0.23780499,,18.7227,17.868099
331633160,305.6460252,-75.1584003,1.3875,,13.671,12.8592
331633329,305.6794467,-74.83834384,1.32427,,13.6196,12.8154
331633644,305.3951245,-74.30731503,2.02511,,12.927,12.0901
331633666,305.6432731,-74.27580536,1.12377,,12.9629,12.3505
331633676,305.5559684,-74.24803185,1.58015,,12.6522,11.8893
331633694,305.4353127,-74.21606433,1.74461,,13.4237,12.6188
325222315,317.8239776,-75.23304701,1.30503,,13.449,12.5734
325222338,317.5409768,-75.18809019,1.33058,,12.4597,11.743
1987931427,313.3606818,-75.99048882,0.14996099,,18.4011,17.548401
2026033536,321.2204312,-75.2814331,0.250245,,18.857201,18.056
2026033569,321.2174583,-75.23763783,0.66682702,,18.9468,18.078501
2026033601,320.9953751,-75.21132403,-0.42298901,,20.270201,19.415701
290305422,328.6528704,-74.49773518,0.073751204,,17.959101,17.063999
1987973768,309.1950526,-74.43123664,0.143241,,19.8822,19.045799
1988029881,308.952616,-74.43340228,-0.290622,,19.689699,18.943899
1988030290,309.0546503,-74.29764161,0.40545499,,18.361799,17.4944
1987889862,304.1316484,-75.01012891,0.10978,,19.634899,18.868099
2026001063,325.9044272,-75.10454449,0.25399601,,18.431299,17.5562
2026001552,325.5589974,-75.04035958,0.188458,,18.5807,17.672001
325278162,322.6472884,-75.7997384,0.51356697,,18.694099,17.828899
290305598,328.7644942,-75.07051543,0.108757,,16.515301,16.130899
290305719,328.8285417,-75.37761592,0.25029701,,18.1374,17.2239
327727764,311.7381751,-74.00114893,-0.378407,,18.3992,17.9447
1988030677,308.0727923,-74.37238175,0.10629,,18.3657,17.639999
1988030907,307.9725174,-74.30215897,0.356998,,18.170601,17.3248
1988030758,308.1673765,-74.28774011,0.073376603,,18.635,17.8337
1987888478,301.8164522,-75.2829516,-0.0165055,,18.8134,17.952101
1987888556,301.9295226,-75.26948408,0.023256799,,18.928801,18.026899
1987893041,301.695287,-75.16027833,0.120676,,18.8547,17.961
1987893236,301.9260391,-75.05174156,-0.0041935998,,18.8666,17.9708
1987962141,307.9860059,-75.76512166,0.099345699,,18.7407,17.850201
1987963089,307.8811982,-75.62023101,0.029016299,,18.858999,18.0138
2026001660,325.5807451,-74.97576561,-0.240917,,18.677299,18.003599
2026002120,325.8450675,-74.77702211,0.080686003,,18.458401,17.622101
2026002130,325.7662125,-74.74670244,0.298857,,18.446501,17.5711
1987978637,315.3198823,-74.54556805,0.151908,,18.583599,17.8398
327784876,312.7134303,-75.36782126,0.21285599,,17.1311,16.509199
2026038879,325.4864544,-74.59916827,0.324725,,18.3323,17.455099
1987980874,315.186313,-74.46308154,0.359386,,18.7754,17.965
1987980919,315.13352,-74.43581216,-0.234798,,20.005501,19.242001
1987980922,315.2195125,-74.4140832,-0.26956701,,19.4333,18.643299
1987980924,315.2161889,-74.40476182,-0.196123,,18.957701,18.366699
1987980917,315.1203675,-74.44463771,0.545816,,19.4704,18.658199
2026035027,321.0724293,-75.10362712,-0.062071301,,19.4091,18.631001
2026035024,320.9872953,-75.12006006,0.37831599,,19.394899,18.5126
1987957565,313.302169,-75.39166106,0.081997603,,18.680099,17.820999
2026035158,321.181224,-74.95231627,0.124431,,19.656099,18.745001
1987980900,315.3289125,-74.40561492,0.062138598,,19.4632,18.5819
1987980902,315.4160257,-74.4105419,-0.0436376,,18.5082,17.9156
2026035334,320.8612281,-74.84996683,0.32627699,,18.6015,17.797001
2026042608,325.588624,-74.48878943,-0.0124595,,18.6448,17.875601
270275473,334.0195668,-75.27084001,0.28824499,,17.2773,16.4513
270275545,334.2673174,-75.48018874,0.20583101,,17.979,17.166599
325339333,334.9334969,-74.11839611,0.40145901,,17.188,16.4086
325339627,334.9828584,-74.83564867,0.229771,,18.307501,17.381901
2026035599,321.2413863,-74.78200957,0.101358,,19.496099,18.5863
2026035585,321.1294022,-74.79054624,0.268837,,19.6437,18.8312
1988030473,309.0530211,-74.24081364,-0.57917601,,20.410999,19.603399
1988030476,309.09013,-74.232005,0.083216198,,19.2791,18.452999
1987889877,304.2161233,-74.97566575,0.32637101,,20.0254,19.1493
1988030538,308.9464408,-74.18233428,-0.62513798,,20.208401,19.486799
2026042613,325.6674661,-74.47179121,0.115203,,18.080099,17.2222
2026042624,325.6016172,-74.43632354,0.20126,,18.542801,17.693199
1987980967,315.1650055,-74.37843536,-0.43674701,,19.040701,18.3304
1987980968,315.178193,-74.35864801,-0.243109,,19.0793,18.369801
1987980953,315.3650709,-74.36587594,-0.46755901,,19.1868,18.632601
1987981174,315.5597188,-74.40508362,0.177587,,18.8412,18.027901
2026042868,325.4137851,-74.31625647,0.216564,,18.0252,17.1915
271631848,319.8922427,-74.39114324,0.32803699,,17.0065,16.1437
271631887,320.0177043,-74.31738118,0.111202,,17.364599,16.694099
331639100,306.2977051,-75.61931796,0.32951599,,16.973,16.1598
1988031249,309.0439145,-74.10860552,0.17636199,,19.032499,18.1894
2026037238,323.7504851,-75.16994136,-0.451841,,19.9198,19.155701
2026043149,325.6794568,-74.16766222,0.215893,,18.410601,17.579901
2026043691,325.3265046,-74.14158022,0.101305,,18.308901,17.5837
316991490,335.3917073,-74.11968927,0.226861,,17.3078,16.7272
1987981221,315.4723384,-74.3455428,0.50037301,,19.2939,18.4167
1988031255,309.1368692,-74.09046616,0.236559,,19.9104,19.052799
2026037334,323.9962288,-75.03645313,-0.052468501,,18.489401,18.077999
1987981235,315.4039538,-74.32059795,0.181402,,19.921499,19.1222
1987981405,315.1179558,-74.27412778,0.136767,,19.896099,19.025101
2026037380,323.9053046,-75.01292188,0.37016299,,18.357599,17.499901
2026037851,323.7507609,-74.98153825,0.33221999,,18.83,17.9839
1987932278,314.9703918,-75.78270784,0.0420928,,18.2967,17.444599
317022112,336.7781629,-75.43153762,0.249484,,18.1264,17.238899
404267100,308.540873,-75.61816876,0.47522101,,16.8281,15.9362
401603171,313.6865066,-75.21308083,0.491723,,17.005899,16.1266
401603271,313.6220062,-75.00316063,0.32244799,,17.318399,16.4422
1988031581,309.7854904,-74.19162498,0.266036,,18.960899,18.111799
1987932576,315.6615743,-75.64691851,-0.234814,,19.941999,19.195299
1987890901,304.4172878,-74.66599841,-0.0035034399,,19.8981,19.0748
1987890907,304.0447059,-74.73255748,-0.522138,,20.004499,19.277201
1988037004,304.2527715,-74.51010303,-0.024553999,,19.755199,19.0196
273569491,356.7398217,-75.36477016,0.30895501,,18.2605,17.4228
1987933111,314.9897469,-75.6430358,0.17341,,17.8354,17.122801
2026038166,323.7030014,-74.8323488,0.28667,,18.9156,18.061899
2026038182,323.9141601,-74.84380316,0.0507695,,18.973301,18.183001
1987932611,315.512978,-75.62630399,-0.0647671,,19.7847,19.0567
1987932596,315.6105501,-75.60907899,-0.34024799,,19.774799,19.0819
1987932602,315.7410205,-75.59450764,0.21950001,,18.041,17.3729
1987932640,315.645622,-75.55632573,0.36092001,,18.798201,17.941
2025997574,326.2643094,-75.65924367,0.01389,,18.8293,17.9368
271631736,319.9718639,-74.63518371,0.282047,,17.076799,16.1894
331676625,306.1756075,-74.67890473,0.25465301,,16.945601,16.2486
331676841,306.3662859,-74.24434618,0.23137701,,17.1495,16.282301
273569854,356.908651,-74.27013202,0.101431,,18.1707,17.468399
327784956,312.738081,-75.52071345,0.18099301,,17.1595,16.375799
327785057,312.42948,-75.75789097,0.362636,,17.009899,16.207399
271631183,319.8981641,-75.95049201,0.269339,,16.949301,16.058599
271631221,320.165563,-75.86682079,0.58736801,,17.202499,16.305099
1987941072,315.5171309,-75.48335992,0.17439701,,18.9613,18.1563
1987941078,315.5791073,-75.4613438,0.116701,,19.0054,18.2155
271631439,319.8560746,-75.30639652,0.32601899,,17.265499,16.382099
271631762,319.9880302,-74.58652219,0.252819,,17.115999,16.2143
401572396,312.0897172,-74.08592458,1.22685,,14.306,13.4586
273571719,357.2046685,-74.59155106,0.072738796,,18.049601,17.2848
1988037008,304.1445278,-74.5010913,0.117479,,19.593399,18.7824
1987981521,315.282686,-74.14300667,0.103663,,19.4464,18.615299
1988036951,304.3652109,-74.56712061,-0.418428,,19.5683,18.7967
1988037028,304.3576602,-74.48434355,-0.255467,,20.3685,19.5089
1988037043,304.3893904,-74.45620154,0.26067701,,18.555099,17.774099
1987982043,315.3741682,-74.09622848,0.0182168,,19.872499,19.035999
1987982045,315.1765684,-74.10911024,0.34119299,,19.4594,18.6999
273571909,357.4216957,-75.13759075,0.177214,,18.2705,17.4802
1987940515,315.6242669,-75.51178757,0.27780899,,18.7134,17.85
1987940519,315.6739534,-75.49616638,0.384828,,19.645901,18.848101
273572172,357.2821558,-75.83620238,0.062411301,,17.4944,17.018101
2026038192,323.912929,-74.80971181,0.10256,,19.493799,18.691999
2026038200,324.1432904,-74.78330897,-0.63043302,,19.584999,18.7113
293528669,359.4096544,-75.41555428,0.078144297,,18.034,17.224199
271631882,320.0404777,-74.32177568,0.294213,,16.883699,15.9963
404266802,308.4690332,-74.92474872,0.46853599,,17.1555,16.318399
404267129,308.8026034,-75.69376993,0.35893899,,17.3428,16.4641
327784661,312.4030545,-74.93961189,0.211229,,17.2104,16.3374
1987982077,315.120843,-74.08255798,0.226717,,18.626101,17.8647
1987982064,315.3597819,-74.05263683,0.034237001,,19.572599,18.7981
1987933392,314.9809413,-75.48597308,0.170563,,18.3522,17.5716
1987941273,315.1946435,-75.37875152,0.089793898,,18.8036,17.9331
1987941085,315.6655932,-75.45680866,-0.15944999,,19.7334,18.9226
1987941146,315.5116916,-75.37655181,0.12512299,,19.927,19.0562
1987931036,314.5218243,-75.97881643,0.175253,,19.671499,18.818399
1987931028,314.653076,-75.98012967,0.048507001,,18.634501,17.947399
1987931030,314.583563,-75.98594346,0.415443,,19.5714,18.718399
1988037133,304.547054,-74.39185437,0.220458,,19.8557,19.071501
2026038257,323.8769985,-74.72294786,0.62036097,,18.951,18.131701
2026038388,323.6549483,-74.70319053,-0.078491002,,19.5273,18.7083
331676558,306.1517877,-74.79741876,0.44215399,,16.742399,15.8669
2026039259,323.9236478,-74.66273562,0.191044,,19.928499,19.0604
2026039269,323.7964498,-74.62780687,-0.298145,,19.5935,18.9687
1987975929,315.0340748,-75.27310934,-0.195949,,18.9825,18.125099
1987932175,314.5372783,-75.86932019,0.43782201,,19.3148,18.5644
1987932159,314.6704836,-75.89458169,0.491707,,19.7237,18.841
1987932193,314.5857789,-75.84880012,0.063069999,,20.311501,19.464199
1987932665,314.3450197,-75.85219647,0.311894,,19.0856,18.257099
1987932687,314.6765331,-75.81026602,-0.078069203,,19.2817,18.417101
1987976010,315.0385495,-75.16986618,0.177451,,18.0441,17.2293
2025949072,323.0317364,-75.9563886,-0.0356226,,19.4352,18.5809
2025949076,323.2840832,-75.95973228,0.33176699,,18.8717,17.9874
2026039327,323.8008465,-74.543358,-0.154116,,19.3536,18.5145
2026039336,324.0936932,-74.5675856,0.0428003,,19.0961,18.3388
2025997803,326.1981166,-75.62044845,-0.020142401,,18.731501,17.860399
2025997916,326.1597631,-75.58803991,0.14647,,18.564899,17.7285
2025997840,326.7455836,-75.60435774,0.0128614,,18.6861,17.8414
1987976095,315.2679891,-75.09114428,0.0112634,,18.239401,17.5268
2025949089,323.1730713,-75.94231214,-0.040119,,19.1791,18.3986
2025949095,323.1940461,-75.92083919,0.122238,,19.507601,18.5965
2025949104,323.536146,-75.97985668,0.070451498,,19.181299,18.2633
1987932691,314.4714802,-75.81291555,0.070029601,,18.7896,18.1271
1987932713,314.2654795,-75.82483222,0.103793,,19.3965,18.686001
1987932754,314.4175452,-75.75446084,0.066001497,,19.4342,18.5958
331676371,306.1958979,-75.19529781,0.29499999,,16.871,16.012199
293568214,359.5531316,-74.47614648,0.032191701,,18.361401,17.571301
2026039395,324.0668351,-74.48538455,-0.16358,,19.9032,19.1779
2026041255,323.7293792,-74.44485899,0.246407,,18.986,18.114201
2026041273,323.5947802,-74.42569583,0.27445,,19.417999,18.5994
2026041295,323.7738421,-74.38722163,-0.00326026,,19.1532,18.3764
1987932791,314.843358,-75.74586701,0.43867299,,19.634701,18.8363
1987932793,314.8181603,-75.73180581,0.31534299,,19.696301,18.885201
1987932795,314.8516419,-75.710826,-1.24251,,20.6551,19.8209
1987932818,314.5560954,-75.71738543,-0.229496,,19.4214,18.7402
331676508,306.4399324,-74.923799,0.39379701,,16.5163,15.6888
404266437,308.6449696,-74.1894998,0.0295156,,16.7486,15.8858
2025949318,322.9888954,-75.83245093,-1.01522,,19.7976,18.9853
1987977177,315.211113,-74.87253847,0.173399,,18.3827,17.598301
1987977210,315.0131403,-74.85099266,-0.0508238,,18.314699,17.684601
404267123,308.7848698,-75.67313021,0.34843501,,16.9526,16.0508
2025949291,323.1252669,-75.83762709,0.068635203,,19.0408,18.208
2025949314,323.2288528,-75.77932272,0.064964697,,19.943501,19.0798
1987932837,314.6970093,-75.70068133,-0.30721301,,19.192101,18.4121
2026031530,323.0468931,-75.65457664,-0.0111039,,20.061199,19.228201
392759602,327.3187009,-75.36967514,0.235515,,17.979,17.0788
2026041692,323.6508589,-74.22774142,-0.15876301,,19.3887,18.545401
2026041682,323.7869049,-74.25265243,0.21470401,,18.931101,18.1112
2026041759,323.9168977,-74.16533519,-0.42404699,,19.0322,18.597401
327784797,312.3868518,-75.21188123,0.28761399,,16.9083,16.0518
271631920,320.0230251,-74.26582212,0.26972401,,16.7208,15.8586
2026041783,323.9746588,-74.11666766,0.129041,,19.3449,18.6474
2026041822,323.8326973,-74.07973585,-1.02423,,20.0529,19.2855
2026041815,323.88983,-74.09256434,0.52568603,,18.6292,17.792101
1987977295,315.1512993,-74.78251155,-0.000045803401,,18.8083,18.0065
1987977302,315.0322589,-74.79267991,-0.178923,,19.237101,18.369301
1987977476,314.9912186,-74.71348467,-0.095724598,,18.625999,17.861799
1987933361,314.6650379,-75.49837454,0.17581099,,19.3237,18.4779
1987933381,314.7026119,-75.4539933,-0.38840899,,20.434299,19.5634
1987957111,314.491017,-75.41776658,0.361808,,18.435101,17.673
1987957112,314.573419,-75.42825366,-0.17975301,,20.209999,19.3515
2026031637,323.2077184,-75.53324632,0.18273699,,20.1915,19.280001
2026031640,323.2044684,-75.5312052,0.46311301,,19.1712,18.371799
1988038564,304.3286902,-74.09857171,-0.28750899,,19.703899,18.9764
1988038568,304.3090747,-74.09279169,-0.53804302,,19.849199,18.960699
1988038574,304.3668615,-74.06735287,-0.160414,,19.892401,19.0047
1988038649,304.529114,-74.00866932,0.23631901,,19.763599,19.0215
1988038675,304.6465685,-74.01579123,0.036533799,,19.810499,18.976801
1987957117,314.5198952,-75.4079562,-0.017640701,,19.469,18.635201
1987957106,314.4634225,-75.43655844,0.271606,,20.2794,19.3855
1987957119,314.3021426,-75.47208723,-0.29362199,,20.0068,19.129801
1987980777,315.074373,-74.55256382,-0.035852499,,18.5047,17.6388
2026046072,323.7802012,-74.00614262,0.45588699,,19.2805,18.426001
2025949048,323.4034764,-75.96338145,0.066067502,,19.098801,18.243799
2025949166,323.3443175,-75.86420897,-0.076317899,,19.2414,18.4144
1987980847,315.055609,-74.44926124,-0.0124057,,18.370899,17.6178
327784433,312.3708265,-74.50475613,0.29835001,,18.133499,17.469999
2026032053,323.0940805,-75.32042081,0.348842,,18.806499,17.9995
2026032067,323.0359703,-75.28070968,0.49686199,,19.4951,18.624399
2026032070,323.1285555,-75.27833031,-0.048363298,,18.9466,18.164801
331633823,305.5436243,-74.00972037,0.69262499,,15.3257,14.4506
1988038903,305.6197939,-74.11977733,-0.1025,,19.7099,19.004
1988039073,305.5957479,-74.07640372,0.25538701,,20.075399,19.2404
468145504,304.995618,-74.20956084,0.157583,,17.258101,16.466499
331633239,305.2932316,-75.01446901,0.764413,,14.9072,14.1065
331633619,305.5325197,-74.34460087,0.33412501,,16.766899,15.8803
1987957198,314.6889857,-75.36992948,0.232063,,18.2449,17.5156
2026032124,323.2714714,-75.25025467,0.138879,,19.806801,19.021099
2026032547,322.992459,-75.27790478,0.063968003,,18.906601,18.1604
2026032550,323.0194504,-75.28110098,-0.136564,,19.961901,19.0961
2026032641,323.0905385,-75.1815893,0.28588301,,19.3787,18.5474
2025949296,323.3039516,-75.82123856,-0.15375499,,18.9254,18.1273
2025949300,323.2736352,-75.81298007,0.107727,,20.0387,19.1103
2025950262,323.3412173,-75.70340147,0.39481199,,19.000601,18.0602
1988041122,303.3985491,-74.03005502,-0.0358437,,19.655701,18.921
1987884279,304.1606667,-75.62189184,0.00106852,,19.605101,18.7698
1987886988,304.6107855,-75.12073676,-0.19938999,,19.711901,18.923201
1987957415,314.5478356,-75.23192198,0.088991404,,19.4417,18.627501
1987957416,314.542266,-75.22741521,0.41711,,18.9503,18.1259
404290903,311.4258166,-75.15246352,0.44608,,15.7274,14.8841
401572386,312.0222756,-74.06807465,0.273821,,16.824301,15.9842
401572450,312.2437303,-74.18081003,0.66279298,,15.7165,14.8786
401572686,312.0053949,-74.60754936,0.139328,,16.3531,15.925
2026032670,323.1767134,-75.117771,0.097543001,,19.5734,18.7271
327784464,312.5392287,-74.5592977,0.47248599,,18.1059,17.2719
273223818,313.9587234,-74.44896648,0.351731,,18.4233,17.565001
273223904,314.341747,-74.65368377,0.42479599,,17.956699,17.2124
2026037907,323.0572408,-75.02291386,-0.120099,,20.2882,19.382601
2026037785,323.0442689,-75.06177529,-0.346044,,19.6931,18.823799
2026037788,323.0883947,-75.05426154,0.23139399,,18.569599,17.845501
2025950255,323.2720727,-75.7283136,0.034862999,,20.054899,19.146099
2025950304,323.6711762,-75.69733318,0.207081,,19.420799,18.623501
2025950282,323.3808174,-75.6924233,0.292449,,18.509899,17.666599
1987957466,314.4032245,-75.20386114,0.441838,,18.794901,18.019501
1987976180,314.6116376,-75.14471993,-0.104136,,19.3575,18.5012
2026037904,323.0084806,-75.03560618,0.12015,,18.7619,17.982599
2026037931,323.1416582,-74.96782804,0.11205,,19.843,19.009199
2026037946,322.8245127,-74.99272957,-0.70868599,,19.541901,18.7605
404291220,311.3758882,-75.80791489,0.42008901,,16.5035,15.6293
404343618,318.7349023,-74.97041982,0.53560603,,17.911699,17.043301
1987976183,314.6261817,-75.1290401,0.018119801,,18.9531,18.094299
1987976117,314.694223,-75.19691668,0.40153,,18.911699,18.028099
1987976120,314.6287491,-75.20558784,0.00928431,,19.3295,18.586901
1987976161,314.5927878,-75.18027325,-0.074867502,,20.1784,19.308599
273223918,314.0904134,-74.6801906,0.42652801,,18.150999,17.294001
2025950291,323.2809601,-75.67183202,0.0046434002,,18.524799,18.0179
2026031553,323.1125297,-75.60739302,-0.0264249,,20.0861,19.172199
2026031618,323.3912582,-75.53955534,0.26775599,,19.807899,18.911301
1987976192,314.7833546,-75.13589129,0.21590599,,18.153099,17.575899
1987976760,314.3043289,-75.09794349,0.16482601,,18.946501,18.197201
1987976830,314.8028636,-74.99910466,0.019737899,,18.7988,18.0881
1987976888,314.4740793,-74.97553187,0.26869601,,18.8172,17.9531
1987976896,314.5711969,-74.9428279,0.290003,,20.1124,19.246799
2026037999,323.2396501,-74.91439922,-0.292099,,20.024401,19.196699
2026038018,323.3103364,-74.88710278,-0.086078599,,20.1078,19.2068
1987981107,315.0654127,-74.33930035,0.15197,,18.4109,17.6485
2026032004,323.2387261,-75.38006243,0.124242,,19.5772,18.714001
2026031887,323.3338252,-75.45414662,0.021306301,,19.843599,19.008499
2026031888,323.3536775,-75.45834407,-0.028797301,,19.694201,18.815701
2026031900,323.3589861,-75.40628226,0.44398999,,18.8197,17.9112
2026032035,323.0676762,-75.37107655,0.31239,,18.950701,18.0716
311460721,317.330994,-74.01253845,0.45354599,,17.8165,17.062099
404343655,318.8281625,-75.06425415,0.24142499,,18.5396,17.7029
1988037352,304.2291454,-74.32993992,-0.263937,,19.6019,18.9144
1988037996,304.4251172,-74.25749255,-0.045461301,,19.842699,18.9634
271577486,319.3635633,-74.83035268,0.38363901,,18.0007,17.204399
404269809,309.0944396,-74.28690534,0.57193798,,17.7377,16.858
331633150,305.5908861,-75.18032192,0.482308,,16.226,15.4109
311421781,314.5216865,-74.50094,0.51406002,,18.141001,17.262501
311421923,314.6171552,-74.84201161,0.44591999,,18.072399,17.2104
327785033,312.6562015,-75.72105651,0.061958302,,18.1859,17.419701
327785156,312.5319543,-75.95617205,0.149518,,17.9932,17.2104
2026037753,323.4562102,-75.08449283,-0.158122,,20.0464,19.2507
2026037278,323.4595982,-75.12741873,0.39699,,18.5483,17.654499
331636407,305.8618606,-74.3303211,0.447449,,17.9319,17.098499
2026037810,323.2537291,-75.00641354,0.116958,,19.27,18.383801
1988038809,305.5363003,-74.20814666,-0.74088001,,19.5809,18.8533
1988038825,305.8066611,-74.16130017,0.000305733,,19.6187,18.830099
1987885563,304.4413118,-75.53640493,0.123366,,18.882299,18.0837
1987885567,304.6407034,-75.55010211,0.11095,,18.8869,18.141701
1987886234,304.4262384,-75.4151765,0.40292999,,18.815901,17.9482
1988038569,304.3816917,-74.08310025,0.47385901,,19.078501,18.281
1987953089,308.9170541,-75.93347474,0.020446699,,19.948601,19.1446
1987953122,309.0682449,-75.87577969,0.57303602,,19.184299,18.325001
1987953142,308.632239,-75.88086802,0.53063703,,19.415501,18.534401
325249254,318.06363,-74.48054545,0.75216001,,17.881399,17.0189
325249421,318.210258,-74.83227098,0.56705999,,17.8589,16.9979
1987953166,308.7906592,-75.85028194,0.63507402,,18.806999,17.916401
2026037886,323.5028813,-74.96837851,0.38440901,,18.3629,17.478901
2026038002,323.104779,-74.93449095,0.30842,,18.264999,17.4835
2026038027,323.256521,-74.84962551,-0.65754199,,19.9638,19.1593
2026038030,323.329527,-74.8445034,-0.102292,,19.368601,18.6133
331633226,305.6612826,-75.03101857,0.39470401,,16.621901,15.7482
331633410,305.4134081,-74.70997571,0.32935801,,16.178301,15.2855
331633423,305.4994828,-74.68597138,0.63438898,,15.6382,14.7833
331633611,305.55811,-74.35625203,0.47186801,,16.0467,15.1567
1987962319,308.9062783,-75.70220892,0.512429,,19.1483,18.296
1987981962,314.9435779,-74.17212026,-0.0110551,,17.996401,17.3841
1987976910,314.7141,-74.92973388,0.49539801,,19.061001,18.2006
2026031436,321.859019,-75.4689732,0.148065,,18.918501,18.066099
331638967,306.117199,-75.88304209,0.000244964,,18.4168,17.556499
325249940,318.0242851,-75.99637693,0.641249,,18.3295,17.430901
1987962329,308.7533671,-75.70387721,0.29961899,,18.423401,17.6415
1987962482,308.6156042,-75.68913904,0.30810499,,19.379299,18.532499
2026040271,323.1796521,-74.58289532,0.106424,,19.1052,18.2171
2026040398,323.1581665,-74.51554085,0.233147,,19.8127,19.034599
1987962483,308.6645607,-75.67841109,0.0533817,,19.790001,19.029499
1987962495,308.59245,-75.66714843,0.17119201,,19.512199,18.634399
404290844,311.5283529,-75.0298679,0.52470499,,15.7065,14.9145
404290932,311.3873735,-75.21095565,0.349812,,16.588301,15.7197
2026040241,323.2951849,-74.62190804,-0.0668502,,19.7369,18.978399
1987962584,308.6898103,-75.56758529,-0.57551497,,20.352501,19.566999
2026031503,321.7021343,-75.39935375,-0.58174503,,20.1029,19.226999
2026031506,321.6724124,-75.37928152,-0.0049790302,,19.4872,18.836901
2026032408,321.8829375,-75.33406487,0.21356501,,18.560699,17.743601
1987963681,309.0063021,-75.55308874,0.415144,,19.8041,18.9095
1987963689,309.0339272,-75.53828361,0.46551499,,18.4097,17.510401
1987963691,309.1899347,-75.54512287,0.58017302,,19.4247,18.5168
2026041462,323.2353144,-74.31499886,-0.208313,,19.542601,18.6733
1988038573,304.3602211,-74.07737485,0.15512501,,18.8932,18.1791
1988029102,305.8392895,-74.21178687,0.38717401,,18.615,17.838301
1988038891,305.5042603,-74.13795161,0.31453401,,18.8715,18.142401
1988039093,305.5643989,-74.03142208,-0.0141526,,19.194901,18.4263
1987895556,303.4341699,-74.55850555,0.18991899,,19.355101,18.493
1987896290,303.1056322,-74.51196184,0.25499499,,19.353399,18.685101
1987976911,314.7178779,-74.92793472,0.028213101,,19.2647,18.5012
1987977063,314.4523678,-74.88744115,-0.147375,,19.6826,18.936199
404291281,311.2789386,-75.96470397,0.54671901,,16.1539,15.2596
401572567,312.1693655,-74.38752754,0.291282,,16.242001,15.3903
401572622,312.1502877,-74.50387362,0.37470701,,16.268999,15.3958
2026034250,321.8392087,-75.28956781,-0.203916,,19.026699,18.2745
2026034256,321.6676261,-75.30578717,0.37051901,,19.7008,18.827299
2026034281,321.7800693,-75.24523768,0.143732,,19.0308,18.2609
2026034288,321.582133,-75.28187553,0.0496668,,18.5977,17.8647
1987963779,309.0612785,-75.4564648,-0.0603282,,19.4517,18.5688
331676975,306.126662,-74.00009618,0.115844,,18.4452,17.562901
401572716,312.3335045,-74.67989794,0.41144601,,16.1619,15.3272
325221994,317.867845,-75.96814071,0.51435101,,16.153,15.2696
325222188,317.7629318,-75.48558853,0.62281102,,16.1411,15.2849
325222494,317.7891647,-74.82955469,0.33527899,,16.3482,15.5189
1988040866,303.3932575,-74.12394897,0.0108661,,19.669399,18.9049
1987884331,304.2537471,-75.57542209,-0.048658501,,19.798401,18.9161
1987886625,304.3866047,-75.21104116,0.25617301,,19.426201,18.6229
1987977101,314.3370073,-74.88246507,0.089461297,,19.608299,18.8449
1987977132,314.3793501,-74.84826441,0.130968,,19.0464,18.196199
1987977344,314.7436767,-74.84289886,0.041817099,,19.7185,18.9538
2026042202,323.3617796,-74.17073481,0.071043901,,18.796499,17.9617
2026042207,323.4566019,-74.17122541,-0.022371899,,19.645,18.7799
2026041362,323.0161213,-74.43001375,0.24274699,,18.9027,18.0243
2026041384,323.2272515,-74.37138697,0.43118,,18.7202,17.931299
2026041475,323.2723162,-74.28391881,-0.32272699,,19.3727,18.6224
2026041479,323.502773,-74.29089933,0.18398499,,18.9042,18.0711
2026041866,322.767312,-74.36141392,-0.62518102,,19.994301,19.106701
2026041918,323.1338722,-74.31138484,-0.35221499,,19.490101,18.9041
404266585,308.6966055,-74.51846734,0.41390899,,17.552099,16.7243
404268971,309.0098899,-75.96040935,0.311039,,18.2663,17.401899
1987955860,312.2949303,-75.80339649,0.253894,,19.218201,18.366301
2026034277,321.8160486,-75.25172766,-0.190815,,19.2868,18.622801
2026034348,322.0390477,-75.211,0.20074099,,19.657301,18.8918
2026037195,323.9308193,-75.147364,0.19181199,,18.627501,17.875
2026042348,323.0502648,-74.13196058,0.22058401,,18.8333,17.9445
2026042303,323.4795901,-74.04949528,0.064214401,,19.0457,18.2701
2026037160,324.3039207,-75.16972064,0.187465,,18.8214,18.0023
1987977398,314.6905541,-74.8002814,-1.04382,,20.6621,19.818501
1987977406,314.6585472,-74.77039842,-0.17315499,,19.4107,18.808599
1987982026,314.9796831,-74.05979507,-0.0148142,,18.859699,18.0238
1987982097,315.191691,-74.02780511,0.153074,,18.5009,17.642599
404287388,310.0357841,-75.22102589,0.41368401,,18.239599,17.358801
401603478,313.9663679,-74.57222194,0.26234701,,18.438499,17.6003
2026041932,323.169976,-74.2558736,-0.00189268,,19.510599,18.674101
2026041984,323.0915732,-74.20484371,0.4093,,18.9984,18.1141
2026041990,323.1511754,-74.18106065,-0.305718,,20.0254,19.2367
1987979540,314.4129337,-74.71568578,0.030250801,,19.3283,18.555401
1987964360,308.9512723,-75.44531578,0.31891701,,18.2913,17.509701
1987889838,304.4164221,-74.98973641,0.247908,,19.546101,18.677299
1987890556,304.2755119,-74.88587247,0.11681,,19.4645,18.6653
1987890707,304.2678942,-74.7738219,0.208492,,19.688601,18.91
1988036954,304.3899636,-74.56333884,-0.20048399,,19.4804,18.703501
404348792,321.0669633,-74.44132175,0.49154201,,18.256399,17.377899
327784648,312.5353953,-74.9165287,0.184791,,18.255199,17.3804
1987964408,308.7981822,-75.42144482,0.28349,,19.5914,18.7649
1987964410,308.8140885,-75.40383915,-0.53716701,,19.689699,18.8158
1987939523,317.7176506,-75.40480358,0.113149,,18.4494,17.634199
1988037182,304.1197982,-74.42986699,0.148338,,19.695299,18.8808
1988037277,304.2137475,-74.34592603,-0.111841,,19.6798,18.7957
1988037964,303.9651761,-74.26364432,0.226064,,19.341499,18.6057
1988038650,304.5137942,-74.00550787,-0.346912,,19.5091,18.742399
1988029096,305.7287947,-74.22317832,0.41027099,,19.5996,18.780399
325222876,317.6058339,-74.01635264,0.451352,,15.9347,15.0754
331743900,321.7573036,-75.6829233,0.61857098,,16.2153,15.3384
401572372,312.2199833,-74.04551313,0.520163,,16.2432,15.3916
2026037576,324.2414223,-74.98662238,0.56486899,,19.2173,18.3542
2026037459,324.3513156,-75.04853544,0.43973601,,18.680099,17.923201
1987955893,311.8855475,-75.79066223,-0.183669,,19.529301,18.617901
1987955922,312.0978339,-75.74101072,0.13051599,,18.279499,17.6553
327785086,312.5304544,-75.80668605,0.30374199,,18.2565,17.415001
404348851,321.0179406,-74.61733316,0.41950101,,17.9814,17.2218
404349204,321.443309,-75.46081825,0.119592,,18.8188,18.064501
1987964770,308.976987,-75.19400716,0.27656999,,18.778299,17.987801
1987964794,308.8412995,-75.18766757,-0.109302,,19.169701,18.4076
2026037563,324.0130293,-75.02575509,-0.199397,,19.7313,18.882099
2026037607,323.9223853,-74.97180983,0.0178259,,18.7721,17.995899
469825079,301.6742335,-75.37122048,0.52690399,,16.2199,15.3561
331633672,305.5251544,-74.26542505,0.275323,,15.9637,15.2334
404290886,311.3454498,-75.11276468,0.61267,,16.2071,15.3693
404291198,311.5181536,-75.76542583,0.38110101,,16.341,15.6869
1988038806,305.6545955,-74.19147002,-0.41341501,,19.8349,19.0371
1987896596,303.3306634,-74.32438244,0.35376501,,19.678699,18.865801
1987884076,304.0808254,-75.72517762,0.28998899,,19.553801,18.692801
404287306,309.9922568,-75.39333355,0.58260101,,18.2066,17.321199
1987955915,312.0433062,-75.75379941,0.219969,,19.299299,18.4345
1987979691,314.5620856,-74.58290328,-0.080201097,,19.1775,18.3444
1987979692,314.5652595,-74.58205237,0.158629,,19.3472,18.525999
1987979637,314.6624691,-74.66494005,-0.13961899,,19.5219,18.665001
2025947232,326.0217238,-75.96213289,-0.00057078502,,18.725599,17.926001
1987956064,312.0022473,-75.69762996,-0.0052408399,,19.6819,18.8472
1987956133,312.0914084,-75.68969401,-0.30274799,,20.2607,19.489401
2025997466,326.1363866,-75.76540721,-0.068170503,,19.1294,18.3713
271631256,320.0209411,-75.78242575,0.51548803,,17.353901,16.4681
325222813,317.5850832,-74.13878657,0.302219,,16.520599,15.6671
325222814,317.8666963,-74.13882074,0.38596299,,16.7323,15.8861
1987965113,309.1747043,-75.15322984,-0.551799,,20.0056,19.207399
2026037634,324.3434242,-74.95333108,-0.19686399,,20.059999,19.2633
1987890852,304.1705676,-74.75219467,-0.30721101,,19.449499,18.6908
1988038556,304.4684315,-74.08963357,0.27508399,,19.562401,18.7407
1987979856,314.6369779,-74.48982015,0.35229099,,18.954901,18.0797
1987979860,314.5960125,-74.47503366,-0.51681298,,19.9209,19.2351
331633133,305.3792259,-75.20297473,0.82895601,,14.1322,13.2691
331633209,305.559087,-75.06352034,0.55881703,,15.3976,14.5951
2026037718,324.2465568,-74.81068469,0.524216,,18.634701,17.802099
1987979862,314.3229758,-74.55131329,0.191845,,19.069599,18.321199
311461115,317.1197279,-74.97343854,0.43346599,,17.913099,17.141399
311461493,317.1120956,-75.87616733,0.368343,,17.8629,17.1248
331633477,305.4086849,-74.59663426,1.46363,,14.3237,13.4525
331633490,305.415545,-74.57583165,0.989492,,13.8298,13.0593
331633563,305.3462324,-74.45118871,0.48280099,,15.7895,14.9043
331633597,305.5644853,-74.37590538,0.63333499,,14.371,13.7274
1987967717,308.8245355,-75.0540162,-0.101083,,19.115101,18.332899
1988028533,306.8847124,-74.31394391,-0.39493701,,19.819799,19.0126
2025997496,325.9640313,-75.76862805,0.043161001,,19.938999,19.010401
2025997550,326.1654176,-75.71050479,0.0083806496,,19.265499,18.3825
1987980993,314.7310516,-74.45440734,0.098589197,,18.4893,17.788
1987939752,317.6070177,-75.28235613,-0.59011197,,19.0825,18.2754
1987951449,311.563836,-75.86904641,0.321253,,18.683701,17.809601
2026038186,323.8687643,-74.83376867,-0.26366699,,18.872601,18.0984
1988029290,306.7903675,-74.16312123,-0.536295,,20.174601,19.3417
2026038204,324.0303279,-74.77759481,0.091237999,,19.5093,18.6912
1987967906,308.6158313,-75.02697063,-0.462026,,19.6485,18.927099
401572373,312.1284173,-74.04790255,1.09303,,14.3612,13.4884
401572436,312.1995544,-74.15929866,1.49691,,13.8131,12.9768
1987981045,314.5997003,-74.41302063,0.165668,,18.4667,17.8396
311461505,317.3962813,-75.90595702,0.49963301,,18.1738,17.2927
404287728,309.9122694,-74.5391197,-0.120663,,18.035601,17.294001
2026039245,324.282615,-74.54258749,0.033174001,,19.3668,18.579901
2026039286,323.9129679,-74.59595617,-0.066429503,,19.981199,19.2012
1987981578,314.5197914,-74.31624915,-0.426375,,19.8438,19.0478
1987981587,314.6107318,-74.29207505,-0.27059001,,19.8937,19.028
401572717,312.1774032,-74.68019844,1.21209,,14.351,13.5446
325222005,317.6912775,-75.9463675,1.6058199,,14.1884,13.3043
325222075,317.6770611,-75.77449674,1.57611,,13.9395,13.1189
2026039374,323.9440979,-74.53783414,-0.049450099,,18.996,18.1707
2026039386,323.8852251,-74.5040856,0.340868,,19.0254,18.211
2025997561,326.0933713,-75.70109621,0.104774,,18.7682,17.9552
1987942450,317.6246888,-74.99369471,-0.00076197699,,18.494699,17.7104
325222557,317.5545677,-74.69566251,1.388,,14.1983,13.362
325222855,317.7824111,-74.06751715,1.13579,,14.3967,13.5693
1987932359,315.5322874,-75.79101127,0.289662,,19.9354,19.0697
1987932381,315.5429783,-75.77136261,0.426916,,18.891701,18.035999
1987932565,315.1663827,-75.663448,0.191763,,19.064899,18.3899
271631719,319.964795,-74.66323858,0.21844199,,18.368401,17.507401
1987942465,317.5369983,-74.94859182,0.209436,,18.2659,17.429001
1987943110,317.5634135,-74.83360833,0.094249003,,18.129999,17.3372
1987932573,315.6209843,-75.6748018,0.0086341603,,19.711399,18.956301
1987932574,315.6411702,-75.67002557,0.134206,,19.573601,18.7034
1987933219,315.4309661,-75.53419894,0.19170099,,18.739201,17.9282
1987933220,315.5179067,-75.52475969,0.317545,,19.5054,18.720699
1987933257,315.2377477,-75.49790326,0.22561599,,19.4841,18.751699
1987943140,317.5629836,-74.80335695,0.126682,,18.3543,17.594299
1987943191,317.3771318,-74.73656517,0.33734301,,18.1481,17.3267
2025997962,326.0165234,-75.55935491,0.42154199,,19.380301,18.4678
2025997921,326.1993973,-75.55402016,-0.038802098,,20.126499,19.2174
1987968010,309.0327066,-74.91212035,0.063615203,,19.1495,18.4149
1987968061,308.9174142,-74.86552613,-0.038667198,,19.344299,18.577801
317022053,336.6337141,-75.35562523,0.145733,,18.135401,17.2097
2026039416,324.0530486,-74.44042914,0.211376,,19.580999,18.770901
1987981706,314.6011068,-74.22379442,0.306894,,18.4443,17.7288
1987981649,314.7282675,-74.2846102,0.0246528,,18.7437,18.331499
1987981653,314.8081575,-74.26327649,-0.078713499,,20.1227,19.295
469825374,301.6863305,-75.99191049,0.60300303,,15.1412,14.2444
469825375,301.7598989,-75.99258312,0.70547402,,14.8319,13.9125
2025997980,326.0466533,-75.49115198,-0.20935,,18.715,17.9988
2025997985,326.1888998,-75.47426255,-0.414361,,19.672199,18.8083
1987933418,315.2525551,-75.43514691,0.26496801,,19.455799,18.7241
1987941136,315.6193456,-75.39394052,-0.13508099,,19.121599,18.559401
1987885364,304.5481059,-75.59213542,0.26856801,,19.5224,18.7325
1987886184,304.1818285,-75.51248801,0.567931,,19.459499,18.570601
1987889613,304.4160208,-75.03824708,-0.292216,,19.3349,18.5399
1987890550,304.2548467,-74.90030398,0.25645,,19.2395,18.3477
1987946135,317.3599353,-74.64899236,0.50395602,,16.350599,15.5594
1987941313,315.4073534,-75.30911267,-0.27985001,,19.1544,18.3915
331639232,306.1985889,-75.3387546,0.088876396,,18.1182,17.254601
1988038919,305.6073459,-74.07688549,-0.29280001,,19.903799,19.0938
1987946227,317.5984333,-74.57454035,0.096150398,,18.062099,17.3487
1987946273,317.5374949,-74.54687775,0.115967,,18.2859,17.432301
404290824,311.3625991,-75.00492183,0.56087399,,14.8429,14.1952
401572666,312.2616632,-74.56590317,0.77208698,,14.6549,13.8556
1987981893,314.6020314,-74.11010524,-0.166728,,19.556801,18.7841
1987982154,314.6950238,-74.08988772,0.204431,,19.073999,18.381399
1987890654,304.3874951,-74.8244439,-0.18872,,19.561701,18.701099
1987968759,308.7610788,-74.75799704,0.32259199,,18.893,18.0203
1987968766,308.8745693,-74.73156125,0.1472,,19.063801,18.1759
1987968776,308.7781111,-74.71672391,0.19246501,,18.833599,18.0054
2025999916,326.2097945,-75.33839375,0.32619101,,18.4496,17.579399
1987968778,308.8047053,-74.71271634,0.134343,,19.120501,18.443701
2025999945,325.77989,-75.33206694,0.047977399,,19.638599,18.9464
1988038999,305.8539284,-74.04486321,-0.850169,,20.6821,19.8424
1987982211,314.7178499,-74.04209731,0.0037364699,,19.836201,18.9813
1988038848,305.8166579,-74.11203751,-0.042942699,,19.4461,18.611
1987896310,303.4018641,-74.4572502,-0.0035570301,,19.3251,18.6047
1987982506,317.5602904,-74.42189441,-0.0335561,,18.959801,18.1166
1987982821,317.4993371,-74.35517674,0.13886701,,18.452299,17.6283
1988039022,305.9554428,-74.02036139,0.33817601,,19.919701,19.125
1988039028,306.0665883,-74.00520509,0.16957401,,19.152901,18.390699
1988039031,306.0485525,-74.00070343,0.27120501,,18.934401,18.0499
1987875927,305.8940084,-75.98117967,-0.63113701,,20.235201,19.345501
2026000898,326.1297663,-75.18738675,-0.27206999,,20.183399,19.2817
2026000911,326.4188602,-75.20682397,-0.154138,,19.136,18.312901
1987982785,317.6482368,-74.35303908,0.29214701,,18.243601,17.381701
1987976024,315.2805046,-75.22080334,0.199003,,18.764299,17.9618
1987976053,315.1359513,-75.19289069,-0.12097,,19.963499,19.0958
1988029738,308.6096718,-74.56242887,0.142636,,19.881901,19.0977
1987931041,314.5858896,-75.95743386,0.143831,,18.9072,18.1443
1987982234,314.6081966,-74.01561677,-0.51690102,,19.9193,19.230101
1987929406,316.838063,-75.97960983,-0.044495299,,19.9499,19.1721
1987937418,316.9835479,-75.93806139,-0.090501897,,19.058701,18.349199
1987899212,303.3531723,-74.22613381,0.207633,,19.4041,18.5511
1987899213,303.4081591,-74.20892865,0.34763399,,19.248301,18.474501
1988041073,303.3927534,-74.0532952,0.28196099,,19.2509,18.406
1988041082,303.4576145,-74.02483965,-0.131988,,19.320101,18.4533
1988041083,303.5093364,-74.01983262,-0.077831902,,19.309401,18.4569
1987886361,304.4877535,-75.29947804,-0.383461,,19.2318,18.460501
1987973405,309.0145554,-74.69502193,0.263439,,18.7283,17.865499
1987973565,308.9112465,-74.63553898,0.25005001,,18.66,17.944901
1987973620,308.8080848,-74.60909897,-0.251142,,20.3484,19.5378
2026000963,326.1727332,-75.15986496,-0.81868303,,20.115801,19.232901
2026000967,326.266805,-75.1298765,0.251634,,19.290199,18.402399
2026001035,325.8821517,-75.14313352,0.47010499,,18.480101,17.6968
331743850,321.6481576,-75.55801819,1.19337,,14.4726,13.641
331743869,321.4831517,-75.59845839,0.771658,,15.0655,14.2339
2026001131,325.9403247,-75.06259775,0.19420899,,19.145201,18.236799
1987886985,304.5557855,-75.13377431,0.17249399,,19.144199,18.439899
1987889894,304.2991653,-74.9454153,0.155954,,19.348101,18.5548
1987890656,304.4545654,-74.81027241,0.340424,,19.3799,18.511999
1987895382,304.2289316,-74.59309353,0.064122997,,19.2484,18.5425
331722277,307.1724728,-74.35687574,0.35452801,,18.1875,17.3687
1988038065,304.3873442,-74.16742011,0.104624,,19.218399,18.3297
1987973587,308.9618897,-74.6139597,-0.171105,,20.2286,19.355101
1987973597,308.8996302,-74.610397,0.13017499,,18.5446,17.859301
1987899171,303.1421687,-74.29710132,0.49349201,,19.219101,18.493099
1987973717,309.0112789,-74.52968647,0.086654,,19.9153,19.157
1987937455,316.8925689,-75.90274031,0.0103427,,18.7243,18.013
1987937460,316.970583,-75.89063468,0.36616901,,19.3615,18.539499
1987876175,305.5478897,-75.8445539,-0.075076103,,20.371099,19.531601
1987931612,314.1647036,-75.93944784,0.248373,,19.695601,18.820499
2026001104,326.1783973,-75.06964607,0.429793,,19.207399,18.389299
2026001374,326.2186546,-74.98508911,-0.049167499,,19.145901,18.403999
331743765,321.7806854,-75.32685465,0.40658501,,15.6866,14.897
469825191,301.3756457,-75.57403687,0.83233398,,15.2434,14.4187
1987889797,304.2996599,-75.02780268,0.203472,,19.0194,18.1486
1987895380,304.2132467,-74.60038512,0.258681,,18.936199,18.239201
1988027192,304.5756478,-74.58384541,-0.089419998,,19.167801,18.4508
331633115,305.5714938,-75.22836313,0.62885302,,15.4657,14.5937
331633275,305.594992,-74.94494878,0.56858599,,15.6645,14.9084
331633648,305.458312,-74.30297097,0.49188799,,15.7704,14.9112
331633800,305.5689289,-74.03457531,0.63735098,,14.9197,14.3011
404290977,311.4344,-75.32719031,0.41898999,,15.9017,15.0332
1988033523,308.06942,-74.00069719,0.108637,,18.8494,18.131001
2026001388,326.0578529,-74.96252748,0.14367101,,18.851299,18.043699
1987953216,309.4689241,-75.79786419,-0.27123299,,19.8552,19.108299
1987953221,309.2676797,-75.81979804,-0.41580501,,19.796,18.9758
1987877156,305.282674,-75.61488658,-0.210921,,19.744801,18.8815
1987877158,305.3175079,-75.61133286,0.15352,,19.6675,18.867701
1988037132,304.5380092,-74.39437851,0.17727201,,19.019899,18.159
1988037276,304.206205,-74.34843599,0.1039,,19.2068,18.327499
1988037967,304.2148275,-74.31544623,0.26563001,,18.688101,17.8908
1988038009,304.362427,-74.23659133,0.169221,,19.2432,18.358299
1987976304,315.5063123,-75.13773839,-0.78964001,,20.365101,19.560699
1987976307,315.6473384,-75.11344068,0.22527,,19.3713,18.500601
331676912,306.1435331,-74.12349933,0.104947,,18.074699,17.1996
1987937469,317.0732516,-75.88394136,0.63037503,,19.2218,18.3965
1987937490,317.0055091,-75.81973647,-0.00036615299,,18.623699,17.8724
1987937572,317.2961816,-75.80067841,0.116522,,18.638399,17.831499
1987932718,314.3457715,-75.79299374,-0.55792999,,20.190399,19.4109
1987932656,314.4847788,-75.86871107,0.255337,,18.8176,18.093201
1987932660,314.5233272,-75.83922482,0.037084799,,19.1679,18.312901
1987953288,309.1284754,-75.75435826,0.50578302,,19.7446,18.9009
1987954380,309.4736865,-75.7552746,0.32596299,,18.685101,17.799
1987954381,309.4581797,-75.74522449,-0.493139,,20.1248,19.3612
2026001989,326.0376421,-74.81232897,-0.0334052,,19.3473,18.490299
2026001991,326.0394652,-74.81302882,-0.052561902,,19.748199,18.958401
1987954414,309.4980469,-75.71517707,0.0869065,,19.7869,18.892
325222153,317.5223508,-75.56654814,0.40473801,,15.0043,14.295
331743777,321.6243458,-75.35689297,0.703412,,15.8348,14.9825
331743817,321.5386777,-75.46361178,0.54724997,,15.5431,14.6815
469824659,301.7559004,-74.61566244,0.75947201,,15.1645,14.2508
1987877252,305.8669181,-75.64450154,0.13878401,,19.914801,19.0977
1987877313,305.673387,-75.61347537,-0.032597501,,19.0373,18.2605
1987932697,314.5592418,-75.79081231,-0.57449901,,20.3619,19.522699
1987932702,314.6058208,-75.77496372,0.19373401,,18.934299,18.123301
1987877318,305.6331017,-75.59918743,-0.481143,,20.2367,19.3708
331633072,305.5914282,-75.30533452,0.99772799,,14.9498,14.1082
331633114,305.6520093,-75.22858816,0.59122401,,15.01,14.2817
1987976370,315.6150412,-75.03907243,-0.21619201,,19.058399,18.376499
1987982861,317.5701636,-74.270711,0.036338199,,17.919701,17.200001
1987982995,317.5034271,-74.23467715,0.171427,,18.2801,17.473801
396215478,301.0875195,-74.70648308,0.47709399,,18.215,17.3568
396215885,301.145657,-74.09381858,0.32284001,,18.4161,17.5811
396251300,302.7317561,-74.74193947,0.395605,,18.1066,17.3183
1987976502,315.3292664,-75.02658319,-0.27593401,,20.0891,19.2801
1987963625,309.3961553,-75.51249355,0.11627,,19.6416,18.8099
1987976527,315.3369746,-74.98004033,0.54087901,,19.0483,18.277599
1987976616,315.5136775,-74.92378061,0.306097,,19.016199,18.2866
261422137,304.1713781,-75.90482769,0.26937801,,18.625999,17.7696
1987877505,305.8538336,-75.51973541,-0.84015501,,19.818501,19.146999
1988029839,308.6393126,-74.43594426,-0.348533,,20.4498,19.618601
331633639,305.5154815,-74.31561119,0.86881298,,14.9564,14.0774
404291223,311.5090643,-75.81360444,0.41942999,,15.1212,14.3895
401572723,312.1937328,-74.6946305,0.58521599,,15.5091,14.6847
2026005674,325.8975361,-74.64975505,-0.451276,,19.6758,18.9541
325222053,317.7526645,-75.8250495,0.59741598,,14.8602,14.1211
325222616,317.5423165,-74.56241849,0.71800399,,14.5402,13.8568
2026005690,325.9646254,-74.61162684,-0.13211,,19.887199,19.0604
2026005693,326.1856303,-74.623889,-0.0527726,,18.843201,18.021601
2026005695,326.2105688,-74.6126205,0.219376,,18.8002,18.0252
1987932893,314.0996686,-75.73523503,-0.48612201,,20.0562,19.1852
2026005716,325.9056133,-74.60974497,0.204785,,19.3839,18.518101
2026005743,325.8849355,-74.57152234,0.188719,,19.2778,18.5996
1987877561,305.6617225,-75.46214222,0.25773901,,18.789101,17.951599
1987932905,314.3281203,-75.69395484,-0.22966,,19.344601,18.561399
2026005809,325.9612615,-74.50937662,0.243187,,18.929199,18.1171
1987963860,309.1086747,-75.43665696,0.198669,,19.7712,18.951099
1987963866,309.1803177,-75.4012683,0.161514,,18.697201,17.9149
1987963869,309.3817125,-75.41978784,-0.28645399,,19.9904,19.086901
1987938114,316.8717958,-75.74868349,0.59887701,,19.4877,18.600201
1987938110,317.2133133,-75.68144322,0.081371598,,19.1696,18.297199
1987976624,315.5603483,-74.9024994,0.210685,,18.886,18.0909
1987976679,315.4368965,-74.85835534,-0.14506,,19.237801,18.404301
1987936104,319.2854232,-75.90338196,0.2164,,18.181801,17.3909
1987932928,314.0118292,-75.73319509,0.465563,,19.1654,18.343599
1987932960,314.0676852,-75.66448982,0.33320901,,19.1754,18.505899
1987932970,314.1407999,-75.65040248,-0.321693,,19.795601,19.047501
1987932971,314.2026795,-75.63762607,-0.178579,,19.036501,18.255699
1987932975,314.4304173,-75.69479617,0.19772901,,18.872101,18.1166
1988029939,308.9466879,-74.40168107,0.22718599,,19.332199,18.589701
1988029941,308.9081527,-74.3971241,0.146143,,18.639999,17.945
331743894,321.7764531,-75.65437492,0.95226997,,14.8811,14.0455
325222431,317.8520746,-74.98881521,0.514718,,15.951,15.1034
1987935130,318.9551349,-75.95003414,-0.127644,,19.8659,18.989201
1987964159,309.4147882,-75.33019388,-0.26831499,,20.106001,19.2862
1987935605,318.8529823,-75.92458575,0.43897101,,18.357599,17.5525
1987935624,318.6035157,-75.91266277,-0.365962,,20.5075,19.624201
404285092,309.5435996,-75.43123051,0.205566,,17.5879,17.215799
404285183,309.6207352,-75.61586685,0.24112,,18.5215,17.7204
1987932981,314.4956985,-75.68357866,-0.064973801,,19.3801,18.555901
1987932999,314.5512476,-75.65656992,0.229525,,18.443501,17.685499
1987885915,305.4648667,-75.33902937,0.69187301,,19.0355,18.212799
1987936226,319.6753343,-75.77144908,0.159678,,18.530001,17.688299
1987936228,319.5798415,-75.77963064,0.13367499,,18.6134,17.7836
1987885860,305.634571,-75.39500882,0.060874,,19.620501,18.7393
1987885868,305.630915,-75.3796627,0.23532601,,18.2101,17.581499
1987885941,305.8463261,-75.29598151,0.411284,,19.7316,18.867901
2026042916,325.983085,-74.36711493,0.12629201,,19.702999,18.9328
331682172,307.0102991,-75.35623651,0.504017,,18.315901,17.4702
1987935636,318.5471315,-75.88698187,0.209681,,18.841499,18.1026
1987935664,318.7880371,-75.80895985,0.24769101,,18.491699,17.6647
2026042968,325.9786327,-74.29283468,0.40320501,,18.964199,18.206301
2026042985,326.2878551,-74.29126243,-0.118396,,19.180401,18.472799
1987936414,319.2582342,-75.75008562,-0.067398697,,18.472601,17.6015
1987964475,309.3067685,-75.35242242,-0.12960599,,19.73,18.9317
1987964828,309.3703657,-75.26139361,-0.388015,,20.3332,19.535601
1987965022,309.1530329,-75.2058445,-0.225283,,19.975599,19.255899
331633172,305.5498838,-75.14116082,0.284376,,16.7033,15.9797
331633591,305.6392194,-74.38984386,0.20945799,,17.3508,16.464899
401572416,312.190528,-74.12486999,0.148211,,17.748699,16.9132
401572749,312.2940741,-74.74840753,0.30156901,,17.053801,16.2152
325222588,317.8046111,-74.61842694,0.085612401,,17.330601,16.6057
1988030154,308.6107103,-74.33612725,-0.12925699,,19.840799,19.0853
404269199,309.1169454,-75.50667653,0.24909601,,18.0576,17.187401
1987933048,314.3133173,-75.58107062,0.33654201,,19.8361,18.958799
1987933070,314.3546169,-75.55694796,-0.097265199,,19.2069,18.3424
1987933071,314.430103,-75.56743973,-0.39298201,,19.507,18.7992
2026043053,326.1462683,-74.18295693,-0.84785002,,19.924601,19.218201
1987936428,319.4582174,-75.71475807,-0.14756501,,18.658001,17.8606
401603382,313.9392883,-74.77347653,0.35552499,,18.105801,17.235901
1987936385,319.0172691,-75.74796763,0.34678,,18.224501,17.555901
1987936496,318.8159591,-75.74984597,0.018649399,,19.9842,19.1021
1987936577,318.744279,-75.64080195,0.120315,,19.1994,18.4382
1987933092,315.0714846,-75.66319169,0.143004,,18.3547,17.704901
1987956769,314.3007593,-75.50844094,0.30162501,,18.610399,17.856501
1987886072,305.4964059,-75.29187571,0.41285399,,19.570499,18.741501
1987886086,305.4938632,-75.26875822,-0.21342701,,19.7309,18.909401
1987886105,305.7400515,-75.2436073,0.225127,,18.021,17.5924
1988030444,309.0514303,-74.28785978,0.41536301,,19.204599,18.4363
1987938852,318.4256923,-75.54029748,0.38339999,,18.3064,17.521999
1987938862,318.7755231,-75.56375163,-0.17387199,,18.797899,18.067101
1987965145,309.5437739,-75.10898087,0.072328798,,19.996799,19.2264
1987965151,309.5111488,-75.10153962,0.28350699,,19.7094,18.819901
1987965211,309.2948651,-75.09363162,0.096584603,,19.916599,19.110001
1988030460,309.1159947,-74.25440101,0.371831,,19.3827,18.503599
1988030502,308.7711233,-74.25375138,-0.169267,,19.247801,18.494301
1988030524,308.9722595,-74.21003909,0.320353,,18.455,17.740299
1987952368,309.8910678,-75.98285846,0.473142,,18.507601,17.603701
2026033220,320.5544522,-75.43234199,0.0916235,,18.4615,17.6752
2026033653,320.306395,-75.41834249,-0.057360198,,18.429399,17.584101
1987938864,318.6820786,-75.56762693,0.12631699,,20.124599,19.2931
325222860,317.6854854,-74.05496687,0.173849,,17.282101,16.441
331743762,321.6642156,-75.31142538,0.261711,,17.2761,16.3797
401572557,312.3075985,-74.37826311,0.36203101,,16.5893,15.8079
1987956770,314.2835674,-75.5064394,-0.39159799,,20.1422,19.356501
2026033751,320.2919686,-75.33335364,0.089567304,,18.4359,17.558701
2026033744,320.2619504,-75.36615455,0.059116799,,18.1556,17.4443
1987957079,314.3146159,-75.47715119,-0.36160201,,20.0893,19.2549
1987957093,314.5878829,-75.45602849,-0.18856999,,20.1931,19.311001
2026033789,320.0694528,-75.32259773,-0.26456299,,19.135201,18.2752
2026034058,320.4271213,-75.20200914,0.142391,,18.1465,17.420099
1987952375,309.8293994,-75.9792273,-0.53909099,,19.7764,18.879299
1988031164,308.8916178,-74.15405151,0.25731099,,18.802,18.0231
2026034244,320.5012816,-74.98701402,0.227705,,18.4792,17.6432
2025948930,322.3932427,-75.9974342,0.080388099,,18.881001,17.990601
1987957155,314.3949351,-75.41108846,0.35338899,,19.696501,18.9079
2026030175,322.3694897,-75.86136884,0.151954,,18.173201,17.288
2026030324,322.1718748,-75.80662816,0.16824301,,18.181999,17.3253
325222526,317.708989,-74.77864111,0.30537701,,17.2001,16.401899
325222722,317.8868843,-74.3236578,0.50029498,,17.033501,16.2265
331743957,321.6405301,-75.84070573,0.35597801,,16.638599,15.8003
1988031219,308.7951278,-74.11486291,-0.223028,,18.6938,18.1444
1988031220,308.7398371,-74.1115306,-0.0099460604,,19.197399,18.5613
1987939291,318.7611352,-75.37320739,-0.123637,,19.691299,18.9293
1987939287,318.6322512,-75.40591104,-0.104828,,19.302099,18.554001
1987939288,318.6306188,-75.40236879,0.035075899,,19.1106,18.2731
1987939148,318.8512847,-75.46737912,-0.189097,,19.447201,18.5616
2026030452,322.3940463,-75.77895077,0.077125601,,18.458,17.666401
1988031232,308.6797234,-74.10327507,-0.144519,,19.501801,18.7593
1988031269,309.1783557,-74.0868368,-0.57010901,,19.5623,18.8592
327784903,312.5389839,-75.4130087,0.29135701,,17.723101,16.8731
1987939149,318.8248536,-75.45970353,0.38611701,,19.3274,18.504601
1987939156,318.8601836,-75.43440936,-0.88728303,,19.987801,19.3139
1987939159,318.7875326,-75.41833581,0.627514,,19.412901,18.557501
1987939179,319.2843557,-75.41526909,0.23504101,,19.633499,18.766199
2026032264,322.7184708,-75.37918858,0.0196622,,18.355301,17.5047
331743716,321.5166328,-75.19708154,0.58116502,,16.754601,15.9001
469824459,301.4053475,-74.20854387,0.42103699,,16.959101,16.053301
404291209,311.3458693,-75.78595552,0.44307399,,16.985399,16.1245
1987957156,314.4119914,-75.398376,0.030691,,19.959299,19.199499
1988023202,305.5015896,-75.07983563,-0.198045,,20.0261,19.1724
1988023208,305.5373413,-75.07583269,0.105038,,19.982201,19.198099
1988031333,308.9162368,-74.0272547,0.161107,,19.670099,18.881001
2026032479,322.1033579,-75.2751804,0.272053,,18.2593,17.4224
290349471,328.9271138,-75.30073755,0.30601901,,17.752399,16.823099
2026044205,326.2431376,-74.05078669,-0.0700064,,19.8417,19.0795
1987944375,318.7188608,-74.82900657,0.197234,,19.292299,18.494801
1987877242,305.7011719,-75.65862935,-0.242257,,20.416,19.5228
331743849,321.5438456,-75.55197511,0.44812199,,16.7057,15.8526
331633560,305.3556825,-74.45322481,0.338929,,15.9397,15.1445
270173103,331.2568758,-75.53483484,0.0975146,,17.9725,17.1912
270173353,331.5527357,-74.84279529,0.34637001,,17.515301,16.651699
270275272,334.3208014,-74.71559717,0.192322,,17.7654,16.8827
270275395,334.1447761,-75.03670636,0.26914501,,18.1654,17.2589
1987939402,319.1341229,-75.26007607,0.408986,,18.514601,17.655199
1987954183,309.9505563,-75.79939047,0.238589,,19.612301,18.7365
1987954224,309.7719773,-75.79264809,0.24766301,,19.995899,19.107201
1987877352,305.8577599,-75.56904325,-0.35934001,,19.424,18.6667
1987877364,306.0912995,-75.6052375,-0.0055186502,,19.656601,18.8395
270275511,334.111734,-75.38662499,0.138963,,17.801399,16.9652
325339346,334.9654733,-74.15762358,0.38864201,,17.846901,16.994699
331743990,321.6375816,-75.9153461,0.37810299,,16.3512,15.4875
1987939449,319.0084315,-75.19641329,0.172172,,19.4356,18.632401
1987939972,318.7588663,-75.16167985,0.0168219,,19.334,18.5124
1987974586,310.9443719,-74.35138426,-0.43141001,,19.952299,19.238501
1987957391,314.4026646,-75.28098274,-0.378878,,20.1408,19.2521
401572411,312.0015025,-74.11383915,0.40242001,,16.5341,15.6718
1987877445,306.0534269,-75.49979469,0.227403,,19.202999,18.4146
1987974633,310.6092643,-74.32853309,0.35958201,,18.965099,18.1117
1987974634,310.6092097,-74.32769535,0.30215201,,18.938801,18.143299
1987974669,310.7093301,-74.27960018,0.064684004,,19.1562,18.371401
1987944392,319.4233795,-74.93246081,-0.34769499,,20.079,19.293501
1987976770,314.4171515,-75.0689688,-0.126329,,19.9713,19.15
1987945522,318.7493102,-74.75111225,0.156625,,18.652901,17.8465
1987944075,319.0161233,-75.06716955,0.27871701,,18.9837,18.1562
1988023240,305.67888,-75.00921053,0.172923,,20.000799,19.210199
270273117,333.9321158,-74.80729363,0.079500303,,18.198,17.329901
317022075,336.3839407,-75.40123025,0.379576,,17.5529,16.5986
317058153,336.8432898,-75.28171919,0.38636801,,18.078899,17.215599
1987975233,310.7155971,-74.20777947,-0.470498,,19.724001,18.937099
1987975235,310.7100326,-74.19670767,0.246566,,19.4268,18.576099
1987877683,305.9303762,-75.37036,0.109693,,19.289,18.4688
1987945573,318.7506704,-74.68118965,-0.098409601,,20.123301,19.3416
1987945580,318.8026945,-74.66261362,0.22435801,,20.097601,19.2558
1987945601,319.0460267,-74.66908174,0.101301,,18.7563,18.008499
1987944091,319.0131332,-75.02993549,0.26587501,,19.2749,18.5527
1987944123,318.8667891,-75.03513424,-0.233289,,19.3617,18.594801
1988023478,305.3389787,-74.94370226,-0.49474299,,20.436001,19.6145
1988023479,305.3780311,-74.92602578,0.215913,,19.994801,19.205
1987944125,318.9317208,-75.03855386,0.23873,,18.892,18.176701
1988023549,305.8743275,-74.86186801,0.212367,,19.0144,18.139
1987976774,314.3449818,-75.07158377,0.0265036,,19.7118,18.930401
1987976739,314.6475114,-75.07495208,0.64734799,,19.4307,18.562599
1987976815,314.4603248,-75.00707464,0.33994499,,19.244699,18.5219
1987975434,310.3816704,-74.14178192,-0.090592697,,19.3276,18.5807
1987975438,310.4706231,-74.11986826,0.38304901,,19.763599,18.8951
273569884,356.8055904,-74.18778156,0.37821001,,18.110399,17.2673
1987963597,309.7835012,-75.49275736,0.28142801,,18.391701,17.6514
1987963986,309.9731367,-75.38229539,0.105686,,18.678101,18.121599
1987885891,305.830204,-75.3384506,-0.0531918,,20.087601,19.3307
1987886111,305.7073374,-75.2349653,0.055829398,,19.669399,18.942301
1987945607,319.0941442,-74.65976901,-0.55303299,,20.6591,19.7885
1987944316,318.8100949,-74.90850467,0.43675199,,19.0161,18.2257
1988023614,305.720121,-74.81742596,0.038976401,,18.5476,17.874901
331676356,306.3047871,-75.2254794,0.22292399,,17.482599,16.7999
331676491,306.2946309,-74.94666128,0.551256,,16.748699,15.8706
1987976968,314.2515184,-74.9481662,0.13996799,,19.2036,18.358801
273571907,357.4961951,-75.13605483,0.165474,,17.6304,16.8353
1987975565,310.9351202,-74.10395083,-0.127969,,19.2388,18.3839
1987975694,310.5820474,-74.11814815,0.36467299,,18.786301,18.0357
1987975695,310.571849,-74.10898327,-0.0375604,,19.232,18.5229
1987964000,309.9399075,-75.37933172,-0.43491599,,19.934999,19.2101
1987964003,309.8814854,-75.36819991,-0.87752599,,20.3328,19.515499
1987964114,309.6450279,-75.35476676,0.123214,,18.556601,17.7883
1987964120,309.9316247,-75.34234909,0.271824,,19.6544,18.832899
1987964122,309.8498397,-75.33204023,-0.45304099,,19.751101,19.055
1987945666,318.9245243,-74.59665585,0.052221399,,19.580799,18.870399
1988022274,305.8242331,-75.247091,-0.35379201,,19.876801,19.015699
1988022275,305.8162677,-75.2445968,0.0294617,,20.4209,19.5329
1987931457,313.026087,-75.96629489,-0.088306002,,19.897699,19.1119
331676723,306.2912595,-74.47934677,0.23544,,17.2071,16.4165
404267022,308.7092173,-75.4145071,0.26909101,,17.3932,16.625401
404267048,308.5489747,-75.50018805,0.201684,,17.5333,16.672001
1987977104,314.2304442,-74.89355494,0.46956101,,18.168501,17.310699
1987977108,314.1934189,-74.88024092,-0.596861,,19.733999,19.0755
290349467,328.9109703,-75.32797554,0.380328,,17.3209,16.460699
270275159,334.1464202,-74.43861023,0.39797801,,17.4149,16.622
270275413,334.0583649,-75.08606281,0.15014701,,17.401699,16.4944
1987975747,310.7922304,-74.02826065,0.0601817,,18.7446,18.0851
1987975765,310.4099274,-74.05301087,0.239987,,18.0784,17.461399
1988026060,305.4594215,-74.82527571,0.353138,,18.610901,17.719801
1988026107,305.4628569,-74.7899132,0.26674801,,18.667801,17.841999
1987964189,309.6611969,-75.27738693,-0.226557,,19.932899,19.1506
404269126,309.0834607,-75.6485734,0.30662501,,17.3578,16.4799
404269131,309.1137416,-75.63649805,0.47214699,,17.0809,16.289101
401603362,313.7208516,-74.81285813,0.40764099,,17.52,16.678699
327784565,312.5121036,-74.75960497,0.196273,,17.514601,16.6348
327784827,312.6525154,-75.27052317,0.41715899,,17.863501,17.048
327784901,312.6165088,-75.41102487,0.25126499,,17.4317,16.554501
1987945807,318.793392,-74.55259083,-0.000461847,,18.553101,17.8965
325339406,335.0076833,-74.27123138,0.25868601,,17.428699,16.6175
325339426,334.800325,-74.34792167,0.34493899,,17.3619,16.5849
325339601,335.0840317,-74.76595839,0.168274,,17.4867,16.5791
325339614,335.0210107,-74.8070767,0.30355,,17.5235,16.701599
316991234,335.5137586,-75.00591313,0.0000346364,,17.5972,16.7218
1987975793,310.5195214,-74.00740805,-0.077546299,,20.4653,19.598499
1987975808,310.9022959,-74.00283588,0.227118,,18.8232,17.9538
1988026087,305.6317032,-74.78498642,0.320602,,18.6028,17.7127
1988026142,305.4576881,-74.73606416,-0.51005203,,20.291901,19.474899
1988026323,305.4184786,-74.67160925,0.247504,,18.9032,18.0585
1987977073,314.6801785,-74.87006566,-0.13086399,,19.277599,18.537399
1987955144,312.7176896,-75.89007127,-0.039471202,,19.3923,18.6243
1987955098,312.9511415,-75.89966613,0.149029,,18.9438,18.2033
1987955105,313.1184249,-75.91672506,0.024079099,,19.0499,18.417601
1987955107,313.1029367,-75.90286734,0.26571101,,19.630899,18.881901
1987964226,310.1557181,-75.26480958,-1.1769201,,20.407301,19.5546
1987979256,314.2565082,-74.81301501,0.019526999,,20.168699,19.3568
316991268,335.2315163,-74.89396104,0.48198101,,17.4317,16.5051
316991304,335.4901583,-74.73918254,0.179158,,17.579,16.701401
316991476,335.269039,-74.16028533,0.456554,,16.9911,16.2012
270248176,333.3811828,-74.14528902,0.132553,,17.501499,16.758801
270273315,333.7257106,-74.28118339,0.134433,,17.4361,16.6975
1987945843,318.8290002,-74.48348635,0.0707862,,19.521099,18.7237
1988026637,305.6768286,-74.63996894,-0.25174499,,20.274799,19.4431
2026049756,322.1740119,-74.18816474,0.0105309,,18.5201,17.6542
271631178,320.0557956,-75.96311505,0.37594599,,17.387899,16.490601
271631451,320.0315339,-75.27470182,0.203244,,17.339399,16.5497
271631576,319.838174,-75.00021845,0.45443201,,17.5347,16.6721
271631596,320.0920737,-74.93905971,0.219832,,17.303699,16.438499
1987945876,318.7472318,-74.47347392,0.357005,,18.7197,17.8904
1987946973,318.74192,-74.41763196,0.129898,,18.8064,17.993099
1987979279,314.3255316,-74.80954286,0.34952199,,19.2491,18.542999
1987979293,314.2648892,-74.76956783,0.471791,,18.950199,18.214899
2026050072,322.7862386,-74.00651333,-0.092583098,,18.8472,17.9667
1987946946,319.0493696,-74.42136584,0.259433,,19.0755,18.378401
1987946991,318.9547983,-74.37494357,-0.101252,,19.4786,18.616199
1987947493,318.7531875,-74.34343973,0.0182689,,18.833401,17.9876
273569526,356.7932431,-75.24518019,0.35652399,,17.2904,16.507
273569698,356.9374671,-74.70513958,0.33226901,,17.3524,16.5879
273569723,356.9602995,-74.62365777,0.224034,,17.4886,16.743099
273569842,356.8929197,-74.29053892,0.29457,,17.250601,16.434601
273571523,357.3576184,-74.15300609,0.27230901,,17.1817,16.553499
2025950501,324.5008798,-75.55115306,-0.202648,,18.7955,17.9981
273571574,357.4304908,-74.2715144,-0.232372,,16.7715,15.9419
273571637,357.2407837,-74.39592303,0.38393,,17.0998,16.2978
273571661,357.2720946,-74.4620616,0.19295,,17.0063,16.250601
273571750,357.4644761,-74.67251934,0.160281,,17.4062,16.715
1987979577,314.3971384,-74.70763401,0.151399,,20.0012,19.198
1987955298,312.808969,-75.82940782,0.170615,,19.056,18.2952
469824554,301.7439875,-74.39819515,0.63288999,,16.3438,15.517
1987955171,312.9681279,-75.84059738,0.21451101,,19.061501,18.189501
1987955603,312.941753,-75.77110973,-0.113298,,20.2847,19.4715
1988026733,305.7183708,-74.5658691,0.29190701,,18.743099,17.9266
1988026744,305.5465007,-74.56538385,-0.096459202,,19.526699,18.6654
1987964956,309.8641615,-75.11514363,-0.0213459,,19.777599,19.025999
1987970130,309.6879976,-75.00228735,0.069049902,,19.6998,18.8162
1987969967,309.8840913,-75.09822814,0.072178498,,19.646099,18.8039
1988027398,305.4758611,-74.52819694,0.26997301,,18.4179,17.6716
1988027459,305.4866008,-74.46198716,-0.442072,,19.8123,18.938499
1988027461,305.5028764,-74.45616661,0.209657,,19.6784,18.825199
1987955651,312.8289813,-75.74581678,0.119825,,19.587299,18.750799
1987955647,313.0856947,-75.69651616,0.046175402,,19.243799,18.5415
271631822,319.9170429,-74.45277486,0.199136,,16.9592,16.2181
271631849,320.0537387,-74.38954764,0.363543,,17.461399,16.6334
271631853,319.8512105,-74.37886199,0.28137901,,17.6301,16.8053
271631903,320.0435098,-74.2902841,0.26511699,,17.1898,16.4506
271631982,320.1977103,-74.12150675,0.229195,,17.316099,16.496901
331633593,305.4762374,-74.38659255,0.51341498,,16.233,15.3978
331639124,306.2593327,-75.55641933,0.457486,,17.488001,16.7241
331676559,306.4069066,-74.7967248,0.25282201,,17.8454,17.1071
1988027462,305.5134777,-74.44719243,0.44970301,,18.9627,18.178101
1988027552,305.6178567,-74.38739404,0.172447,,19.415001,18.7136
1988027493,305.7844156,-74.44382178,0.359593,,18.1422,17.344999
1987955672,312.8629309,-75.69022262,0.103596,,19.111799,18.2861
273571796,357.4368292,-74.78666722,0.475153,,17.4013,16.570801
273572016,357.3432868,-75.40203362,0.171875,,17.2423,16.5989
1987955622,312.9128348,-75.75099252,0.35298401,,18.660999,17.7966
1987955635,313.1370343,-75.73633473,0.17874999,,18.791201,18.0093
1987955636,313.0759822,-75.74031932,0.35874099,,18.8452,18.0478
1987955682,312.9898865,-75.68356283,-0.19919001,,19.5142,18.8297
1987956243,312.5987255,-75.66278576,-0.231016,,19.9751,19.0879
1987955696,312.8931352,-75.65405343,-0.191432,,19.5478,18.731501
1988027559,305.7959008,-74.39742061,0.190533,,19.642,18.7526
1988027787,305.4639699,-74.33310803,0.246178,,18.259501,17.5989
273572146,357.5051128,-75.75050082,0.23501199,,17.4286,16.5963
273572161,357.326911,-75.79424304,0.25383899,,17.4443,16.697901
293528554,359.3621679,-75.77357277,0.151752,,17.458799,16.8575
293528681,359.1296123,-75.37632999,0.23889001,,17.2498,16.535601
293528764,359.270244,-75.15150115,0.41021299,,17.411501,16.5823
293568244,359.3284361,-74.36938018,0.456186,,17.4865,16.7087
1987979721,314.2993047,-74.6560746,-1.5711499,,20.3811,19.531401
1987979724,314.3146884,-74.64501827,-0.059715901,,18.996,18.389601
1922123226,296.873693,-75.79559608,0.040742699,,20.6278,19.7227
1922123412,296.7415166,-75.75370178,-0.344468,,20.698,19.7843
1922123415,296.6946348,-75.75249857,-1.2879,,20.3333,19.5888
327786950,313.0067411,-75.78233937,0.455311,,17.561701,16.855
1987979602,314.498564,-74.68260976,-0.086702697,,19.0599,18.2328
1987979607,314.4572115,-74.65937041,0.330102,,19.9471,19.070299
1922124447,296.9012346,-75.52993041,0.403947,,18.370399,17.4998
1987951212,311.4719089,-75.96100338,0.26628301,,18.793699,18.013
1987970234,309.8561788,-74.90607696,0.31899199,,18.302099,17.4855
404267061,308.7611967,-75.52863648,0.137017,,17.940599,17.1306
404267102,308.401393,-75.62515006,-0.14972401,,18.190901,17.3475
1987979836,314.4700371,-74.54620431,0.35137799,,19.153799,18.502001
401603442,313.6166117,-74.64757408,0.277192,,17.343901,16.462299
327784546,312.553486,-74.72196048,0.31802499,,18.1336,17.329901
327784624,312.6681608,-74.87000536,0.247962,,18.0721,17.2332
1922169404,299.2432009,-74.35234407,-0.85812497,,19.9991,19.1922
1922169473,299.178214,-74.30561778,-1.53821,,20.4935,19.5905
1987956264,312.9464426,-75.60730049,0.16711,,19.5047,18.6852
1987956285,312.5519922,-75.6403629,-0.0297643,,19.696501,18.923201
1987956365,313.2481481,-75.51658311,0.54734302,,19.361401,18.582701
1987956369,313.1923438,-75.51812793,-0.45549399,,20.226999,19.4167
1987891563,301.1933758,-75.29239955,-0.356006,,20.0448,19.2059
1987892919,301.5074645,-75.25028662,0.239261,,18.4457,17.679199
1987893163,301.4046005,-75.14722133,-1.37204,,20.7957,19.8745
1987979871,314.4122615,-74.51041808,0.166869,,18.467199,17.770599
1987979874,314.4019653,-74.50758815,0.0047194399,,19.351,18.5455
1987979879,314.2878092,-74.50333739,0.26436001,,18.7834,18.0014
1987979881,314.3306285,-74.50198259,0.34805,,19.3263,18.580999
2026037470,324.369484,-74.98391333,-0.202958,,19.2071,18.314199
1987957574,313.2324076,-75.39270943,-0.071996503,,19.567801,18.85
1987951392,311.0094774,-75.9276371,0.227401,,18.725901,17.8792
1987951520,311.4910271,-75.80769204,-0.41354299,,19.9688,19.1273
331633159,305.4283896,-75.16532438,0.43274701,,16.233601,15.3848
331633562,305.3406447,-74.45187351,0.30386901,,15.9452,15.4017
293568331,359.3967256,-74.07591273,0.31282401,,17.1539,16.332399
392759689,327.3835242,-75.12555603,0.32727599,,18.003201,17.0986
1987953842,311.3892324,-75.72081177,-0.035125401,,19.4855,18.6238
1987972577,309.9089509,-74.82726124,-0.23764899,,19.9419,19.174
325222135,317.5436774,-75.59998688,0.63901401,,16.229799,15.3747
325222314,317.5905414,-75.23523521,0.54797697,,16.081499,15.2413
331743717,321.4126013,-75.19794202,0.48676401,,15.7851,14.9085
1987981611,314.4290823,-74.30526537,-1.44894,,20.681101,19.8104
1987958588,311.3674389,-75.55494935,0.191449,,19.6786,18.8344
1987981634,314.4884487,-74.2657288,-0.067838103,,19.2903,18.4813
1987981637,314.4560428,-74.25314669,-0.36706099,,19.839899,19.0632
1987958416,311.3924663,-75.64334921,0.207844,,19.621,18.7724
1987958433,311.3199743,-75.61219305,0.085844502,,20.209,19.3634
1987958599,311.3277263,-75.54045043,-0.089102902,,20.277901,19.4464
1987957876,313.2826646,-75.24365552,-0.070940703,,19.9888,19.2076
1987957889,313.1631179,-75.2389283,0.084362999,,19.5928,18.8785
1987972660,309.8010759,-74.75630707,0.420921,,18.177799,17.471001
1987972846,309.6903722,-74.69242638,0.20956901,,19.8522,18.977699
1987973191,309.8119852,-74.60945535,-0.19562501,,20.229,19.4207
1987958651,311.1514212,-75.49245777,0.25612199,,19.916901,19.121799
1987960201,313.132977,-75.21544595,0.055533201,,19.630199,18.8494
1987960249,312.9873277,-75.17214722,0.29799101,,18.2897,17.5387
1987960250,313.0020755,-75.16326723,0.31826201,,19.9207,19.0595
1987973201,309.7305676,-74.61238048,-0.018761201,,19.636801,18.833401
1987884418,302.7337265,-75.77395821,0.214799,,20.152901,19.2931
1987960701,313.1341881,-75.003963,-0.0420857,,19.934401,19.1758
1987960757,312.8486852,-74.97702514,0.41754299,,19.517599,18.689501
401569452,310.3200028,-75.24649951,0.60570598,,17.4877,16.7677
1987981644,314.7086655,-74.31184354,0.26447001,,19.2479,18.421101
1987981769,314.3717539,-74.26422323,0.249979,,18.924601,18.1301
1987981773,314.4247278,-74.24457218,-0.022344099,,19.1978,18.440399
1987958744,311.4843963,-75.45921854,0.067704096,,18.877501,18.100599
1987958773,311.4324894,-75.40587331,0.361242,,18.9133,18.028799
1987958777,311.4654611,-75.38993037,-0.241221,,19.2376,18.564501
1987958779,311.6027735,-75.43014295,0.019990901,,19.8528,19.029301
1987973834,309.7644641,-74.48875362,-0.80938798,,20.0874,19.394199
1987973957,309.8767836,-74.38672158,0.115467,,18.2857,17.6381
1987961330,312.8744274,-74.88821317,-0.127877,,19.878901,19.195499
1987961430,312.9316596,-74.82322385,0.24615701,,19.1658,18.343201
1987981792,314.3475762,-74.19467514,-0.12799001,,20.349899,19.479099
1987981778,314.4002233,-74.21603832,-0.73513401,,20.2325,19.5005
1987973983,310.0066255,-74.36465755,-0.068004601,,20.006701,19.2393
331743987,321.77295,-75.90578616,0.34172601,,16.2157,15.3251
1987981913,314.2913217,-74.12762338,-0.32268599,,19.9158,19.249599
1987887127,302.2864947,-75.69725841,-0.094455197,,18.6329,18.0425
1987959380,311.5560659,-75.35992917,0.51998299,,19.4883,18.617001
1987959435,311.4179566,-75.29906771,0.38389301,,18.8727,18.07
1987981947,315.0214012,-74.21642271,-1.48876,,20.705,19.8547
1987990237,314.2127858,-74.10316283,-0.250442,,19.953199,19.1968
1987990255,314.3939247,-74.07038031,0.132542,,18.738701,17.948799
1987974166,309.6063169,-74.36108963,-0.150821,,19.621401,18.9823
1987887568,302.4361416,-75.43822934,0.14349701,,20.101,19.1922
327785155,312.4551161,-75.95503914,0.31730899,,17.678301,16.7992
1987959589,311.2684469,-75.23244354,-0.13696,,20.4988,19.620001
1987896580,303.5585414,-74.30987344,-0.073457599,,20.1418,19.2432
1988040823,303.5987125,-74.13521314,0.104389,,18.865601,18.0774
1987959891,311.3841305,-75.18936133,0.36188,,18.9492,18.082899
1987959892,311.3781976,-75.18870564,0.479985,,19.586399,18.727301
1987955069,312.9724204,-75.97154002,0.133572,,19.218901,18.4918
1987955213,312.4399821,-75.8887581,0.098952703,,19.3419,18.6141
1987955214,312.4661221,-75.87781259,-0.50307399,,20.356199,19.4632
271631227,320.1275267,-75.84999008,0.31413999,,17.596001,16.7187
271631307,320.171337,-75.67950899,0.48328301,,17.585199,16.715099
1988031598,309.7881082,-74.15717984,-0.22765601,,18.666201,18.0359
2026039230,324.3091017,-74.59323598,-0.0788614,,18.5905,17.7974
2026039610,324.1951473,-74.45766726,-0.159376,,18.621599,17.7703
331633354,305.5508864,-74.79688456,0.058514599,,18.313101,17.437799
1987990315,314.268496,-74.0192142,0.37654001,,19.406099,18.693899
2026031181,321.8477627,-75.6289732,0.22425801,,19.363501,18.657
1987955328,312.5148263,-75.812682,0.034724999,,19.701099,18.960699
404269505,309.0638622,-74.87313951,0.37115699,,18.1602,17.344101
2025950598,323.9153653,-75.54468746,-0.087289803,,19.0151,18.2729
2025950603,323.9750037,-75.52105373,0.19138899,,18.789801,17.9417
271631581,319.9871167,-74.9904827,0.15286499,,18.044001,17.221201
271631604,320.0939788,-74.91647617,0.234148,,17.8358,16.9601
1987979989,313.3902226,-74.67482898,0.222067,,18.073,17.4198
2026030117,321.9867226,-75.91159442,0.444763,,19.810301,18.948
1987980299,313.2034504,-74.50579285,-0.55172002,,19.4018,18.5481
331633711,305.4503087,-74.18369838,0.43774,,17.4886,16.617901
2026045441,324.2789884,-74.15345673,0.075346202,,18.483,17.631001
2025997105,326.6552933,-75.74283014,0.087005198,,18.2565,17.3962
2026030167,322.311999,-75.88741534,0.15914901,,19.097,18.3055
2026030342,321.7919145,-75.8152057,0.28898001,,18.741199,17.9701
1987955347,312.5787143,-75.78051042,0.141572,,19.2064,18.313601
2026030379,321.8466617,-75.74006521,0.26192799,,19.6684,18.842899
2026030637,322.0090087,-75.67919815,0.013662,,19.3002,18.4762
331639219,306.2745795,-75.3784682,0.28661901,,17.440599,16.5497
331676359,306.3774391,-75.22136279,0.228184,,17.6448,16.7761
1987956272,312.8129775,-75.59583935,0.377653,,18.197901,17.4076
1988032002,310.4715987,-74.00179109,0.063104801,,19.9058,19.114599
1987955841,312.0658186,-75.82457446,-0.28501099,,19.450899,18.727301
270275220,334.1691038,-74.58352895,0.199625,,17.958401,17.1266
270275259,334.361175,-74.67709881,0.35140899,,17.9286,17.151699
270275392,334.3607387,-75.0293287,0.077024303,,17.91,17.030001
270275379,334.2153274,-74.994166,0.251176,,17.899799,17.0375
1987956316,312.6164674,-75.56945203,0.153135,,19.939699,19.089001
331676662,306.3831587,-74.59352864,0.37309799,,17.4009,16.544201
1987956322,312.7322793,-75.54923922,0.0126127,,19.267,18.4662
1987956323,312.6803057,-75.5459357,-0.158094,,19.7446,18.994699
1987956329,312.9937789,-75.58372053,0.26574701,,19.4877,18.723499
469827847,302.5061526,-74.71071738,0.43020201,,17.608101,16.872801
1987955836,311.9973846,-75.86040033,0.12964401,,20.251101,19.359501
1987956528,312.7375909,-75.49091751,0.13310701,,19.518101,18.632
1987956530,312.7212169,-75.48153288,0.123601,,18.986401,18.2148
1987956534,312.7526859,-75.48192357,0.025109001,,19.5163,18.735901
1987956555,312.900972,-75.44246053,0.00152752,,19.742901,19.0441
1987956519,312.3940496,-75.47186285,0.128683,,19.465599,18.6763
1987956520,312.3987759,-75.46485399,0.222489,,18.170601,17.729
1987956591,312.4877943,-75.43475189,-0.190559,,19.493601,18.8358
1922140945,292.1727287,-75.61487776,0.177927,,20.104,19.278799
1922151742,292.0439632,-75.39067282,0.119744,,19.976299,19.146601
325339788,335.0257665,-75.18921324,0.40116701,,17.351,16.3971
325339882,334.8809761,-75.4397866,0.26887399,,17.8027,16.8561
325340029,335.0224307,-75.89109307,0.130624,,17.692301,16.8165
325340032,334.7997049,-75.89454109,0.39459199,,17.938299,17.065599
316991048,335.5053916,-75.61083005,0.33625001,,17.576599,16.597099
1922151806,292.1583964,-75.31532251,-0.231828,,20.044701,19.148199
1922151807,292.1676313,-75.3145071,-0.28164601,,20.131001,19.2969
2025997791,326.5770483,-75.58133872,0.103731,,18.450199,17.5704
1987936564,318.833335,-75.65753914,0.72566998,,18.2826,17.438
1987938789,318.3691161,-75.65106666,-0.20785201,,19.7416,18.956699
1987988582,313.08691,-74.48282683,0.19131,,19.5753,18.700701
1987988647,313.1429458,-74.39099379,-0.63039702,,20.276699,19.4694
1987988648,313.1530987,-74.38740346,-0.69085997,,19.9897,19.3069
1987938818,318.3952135,-75.61482178,-0.078952298,,19.621099,18.8799
1987938924,318.6043007,-75.48923385,-0.68008798,,19.9779,19.169201
1988040875,303.5869508,-74.1248816,0.30856299,,18.739,17.887501
1922159248,295.2719087,-74.48894055,0.31328699,,18.551001,17.6696
1922159249,295.269611,-74.48826674,-1.45497,,20.4853,19.6388
1922160087,295.2814765,-74.39063901,-0.296444,,20.2227,19.380899
1922166545,297.1388146,-74.91775894,0.096559003,,20.224001,19.346001
1922166832,297.0396578,-74.83997091,-0.36825299,,19.792101,19.0005
1987956559,312.9392841,-75.42363743,0.199109,,18.917999,18.0818
1987956577,312.6277027,-75.45879043,-0.407478,,20.3937,19.528099
1987956578,312.5449626,-75.45267099,0.29871801,,18.799601,18.0221
2026031282,322.0309322,-75.51029743,0.28138801,,19.051201,18.156401
2026031242,322.1730535,-75.54493145,0.29941401,,19.3281,18.5086
316991233,335.398922,-75.01093301,0.485526,,17.68,16.7264
331676730,306.4633314,-74.44870041,0.260618,,17.3237,16.457701
331676812,306.4557127,-74.30350605,0.427876,,17.310801,16.426201
1987957741,313.2125013,-75.36398594,-0.51559597,,20.0571,19.2862
1987960091,312.7707669,-75.27055389,0.28481701,,19.7372,18.9643
325222630,317.4903777,-74.52704163,0.21893699,,18.3613,17.561399
404266834,308.7862407,-75.00550375,0.122933,,17.4498,16.7073
404267042,308.6406371,-75.48774083,0.39293399,,17.677,16.7845
404269046,308.8558173,-75.82201879,0.17767499,,17.190001,16.3396
469825192,301.5233932,-75.57456036,0.281279,,17.226801,16.3267
1987960110,312.98878,-75.24232157,0.37295499,,19.0198,18.162001
1987960111,312.9674512,-75.23840615,-0.35234201,,19.7521,19.0079
1987960113,313.0045067,-75.23548671,0.284641,,18.5425,17.7981
1987960123,312.9468918,-75.22664381,0.47679001,,19.721701,18.8566
1987960159,312.6136976,-75.20879161,-0.40554401,,19.299601,18.5776
1987960161,312.752648,-75.23306756,0.176627,,19.819799,19.014099
1987960164,312.7470746,-75.222261,0.133523,,19.5506,18.7472
1987960218,313.1502352,-75.1807124,-0.075295404,,19.521299,18.8195
1922166846,297.0142443,-74.83305589,-0.0886354,,19.929501,19.131399
1922170160,297.0789012,-74.7085311,0.021239599,,20.2701,19.4422
1922170516,297.1460325,-74.51724568,-0.37102699,,20.4412,19.6129
273569527,357.0245298,-75.24192182,0.192028,,17.7386,16.993601
273569611,357.0182761,-74.96583572,0.176296,,17.862801,17.034
273569825,357.0426141,-74.33118513,0.056882702,,17.7838,17.092501
273569843,356.9407542,-74.28739814,0.33389401,,17.7759,16.9366
1922171701,297.1671532,-74.31201507,-0.161285,,20.118099,19.3193
1987988875,312.8822486,-74.30448621,-0.36431399,,19.7008,18.837999
401603248,313.9303515,-75.05765998,0.357586,,17.3608,16.4755
401603255,313.9079318,-75.03830943,0.213194,,17.6336,16.886999
401603331,313.6018117,-74.8952905,0.128438,,17.7416,16.858
401603404,313.6948886,-74.73257928,0.34673199,,17.5839,16.712601
1987960261,312.8958418,-75.12213055,0.16282199,,19.4237,18.6679
1987960262,313.0444871,-75.14129484,0.233611,,19.700001,18.975901
1987960265,313.0094908,-75.13480689,0.091433696,,19.0833,18.231701
1987960435,312.9309562,-75.04116758,-0.73295498,,20.346901,19.6113
1922176793,296.8178928,-74.25548819,0.44236001,,19.7369,18.8902
1922178610,297.1960681,-74.0714491,-0.91550398,,20.4737,19.58
327785036,312.4979381,-75.72795537,0.339717,,17.5949,16.750799
1987956581,312.6025781,-75.45103664,0.14960501,,19.362499,18.5103
1987960742,312.9338244,-74.97583699,-0.165767,,19.2111,18.3951
1987960751,313.0115287,-74.95808015,0.433029,,19.1103,18.254801
1987960771,313.0277485,-74.95049142,-0.14994,,19.723101,18.9725
1987960772,313.0717316,-74.94429863,0.0150401,,20.6047,19.7211
1987989111,313.2264381,-74.22578809,0.130798,,19.2437,18.382601
1922178681,297.2444616,-74.0006851,-0.44901499,,19.923201,19.2218
1922127862,298.1150759,-75.82370247,0.44477999,,19.877199,18.9972
1922127906,298.1280017,-75.79747584,0.176769,,20.0814,19.2173
1922128102,298.2285563,-75.69828394,-0.28398201,,20.0336,19.098801
2026032382,322.2109427,-75.31880574,0.28013501,,18.332701,17.558399
2026032489,322.0658622,-75.2620439,0.320815,,18.7269,17.9291
2026032493,322.137378,-75.23359675,-0.16672499,,19.643801,18.892799
1987883551,303.3860746,-75.89458098,0.179958,,20.001699,19.133301
2026034361,321.8924718,-75.20332075,0.30290499,,19.249001,18.494699
2026034371,322.1287067,-75.18901254,0.26321599,,19.5263,18.671
2026034430,321.868126,-75.1278976,0.427964,,18.880301,18.0422
1922130979,298.0854819,-75.28420959,0.21551099,,18.7969,17.9702
1987989114,313.3105084,-74.21005995,-0.0147487,,20.231001,19.395399
1987960097,312.8897623,-75.2760896,-0.80800998,,20.622,19.745399
1987960145,312.5370072,-75.25833035,0.141343,,18.6467,17.9289
1987883732,303.3522744,-75.85546847,-0.737414,,20.5755,19.714899
1987883765,303.5181809,-75.84001271,0.25847301,,19.9942,19.075199
1987960336,312.3552911,-75.18173561,-0.079746701,,20.176399,19.373501
396211437,300.5623123,-75.11636301,0.435541,,18.1499,17.2551
396215069,301.1863743,-75.39834226,0.399838,,18.2983,17.4741
1987883867,303.4713172,-75.71637688,-0.630036,,20.639299,19.7323
1987960380,312.3878906,-75.11173298,0.29375899,,19.2638,18.384701
2026034698,321.9494651,-75.05429842,0.112734,,19.4785,18.614
2026034649,322.1424094,-75.08158494,0.228201,,20.0331,19.132999
273569901,357.046465,-74.15695404,-0.014168,,17.6642,16.8461
273571467,357.3612093,-74.01307531,0.131109,,18.0007,17.1696
273571711,357.4033338,-74.56902686,0.16052,,17.4848,16.644501
1987884540,303.2122253,-75.68983884,-0.0199442,,20.3451,19.459801
1987961310,312.8619365,-74.90374883,0.31991401,,19.4977,18.6357
2026034918,322.2206246,-74.9245509,0.201331,,19.3151,18.4765
1987884872,303.498715,-75.66172566,-0.473571,,20.5411,19.6738
1987885109,303.5388466,-75.500571,-0.87362701,,20.168501,19.2901
273572164,357.1494785,-75.80842476,0.140725,,17.969801,17.1029
2026034958,322.2123778,-74.84253664,-0.42063901,,19.8902,19.050301
2026035493,321.8400868,-74.7949303,0.43149599,,19.607,18.798201
2026035494,321.8372199,-74.79306225,-0.79629701,,19.931801,19.108101
1987940185,318.376064,-75.07828104,-0.56669301,,19.8657,19.0306
1987944263,318.454261,-75.00658757,0.0584023,,19.759899,18.983801
1987944230,318.6621924,-75.01375113,0.36748701,,19.838499,18.9771
2026040491,322.074782,-74.68546236,-0.0145063,,19.099501,18.230301
396250845,302.6935007,-75.44111848,0.46940401,,18.0951,17.242599
1922172945,298.2116167,-74.2408935,-0.136989,,19.633801,18.873199
1987961380,312.8111736,-74.82204857,0.33078599,,19.639601,18.7869
1987888030,303.2979081,-75.2532772,-0.52208298,,20.043699,19.325199
331633598,305.4573631,-74.3751375,0.300089,,16.9168,16.0495
271631900,319.8491311,-74.29175525,0.118675,,17.396099,16.540001
271632033,320.1540003,-74.00635537,0.152934,,17.6392,16.8034
1987960458,312.575828,-75.06567276,-0.18600599,,19.694901,19.0126
1987960460,312.5409197,-75.06920228,0.34021801,,18.2355,17.416599
1987960470,312.8482487,-75.02290598,0.106598,,19.327499,18.599899
1987961006,312.4530133,-75.03021804,0.196125,,19.2768,18.5996
404291070,311.559039,-75.5016243,0.27433801,,17.1621,16.310301
325222853,317.6931704,-74.0689798,0.43302199,,17.1777,16.352699
331743757,321.4538174,-75.29243379,0.087860897,,17.028999,16.208599
331633396,305.6086768,-74.73041222,0.168052,,17.2698,16.3874
1987961454,312.9529405,-74.76287034,0.44696301,,19.085501,18.2055
1987961593,312.8536384,-74.76435441,0.230501,,18.5322,17.746201
401572702,312.2921306,-74.6433719,0.363305,,17.219101,16.3426
2026040555,322.3157639,-74.6306844,0.16283999,,19.0737,18.2924
2026040603,322.0182949,-74.58843235,0.278485,,19.686399,18.8125
331639169,306.3515282,-75.48943132,0.15900899,,17.772301,16.8703
331639224,306.2235434,-75.36010244,0.36453101,,17.7997,16.936501
331676462,306.3203475,-75.01402975,0.337488,,17.7929,16.9284
331676540,306.327863,-74.84958709,0.296817,,18.037701,17.2526
331676531,306.3825185,-74.87842759,0.30373099,,17.714701,16.9786
331676564,306.1784262,-74.78722762,0.136884,,17.9732,17.228399
1987961047,312.3578481,-74.98834248,0.25346801,,18.7012,17.978399
1987961025,312.7208584,-74.98773723,-0.70161003,,20.5776,19.7101
1987961042,312.6905878,-74.94002289,0.090477303,,19.764299,18.936501
1987961079,312.45991,-74.93311392,0.24355,,19.8104,18.9617
1987961080,312.517961,-74.92989437,0.194207,,18.9104,18.229099
2026040631,322.2393321,-74.52881771,0.097979903,,19.3664,18.491699
2026040762,322.1752605,-74.51610373,-0.098558202,,19.690001,18.9585
2026040771,321.9488639,-74.50897615,-0.228974,,19.652599,18.8176
2026040767,322.0034021,-74.52671244,0.021888399,,19.406799,18.540199
1987889403,303.4647274,-75.12608247,0.180673,,19.9634,19.085699
1987890049,303.4842892,-75.10436774,0.28480899,,20.0329,19.150299
293528570,359.1390352,-75.73607349,0.28944299,,17.7906,16.933201
293528578,359.1258234,-75.7100027,0.20513999,,17.856199,17.0131
1987989759,312.9788372,-74.13562346,0.133817,,19.3706,18.724199
1987989763,312.804575,-74.18038794,-0.91791803,,20.1259,19.350201
1987989805,312.8428869,-74.09435634,0.121511,,20.176001,19.3193
1987989825,313.116612,-74.09728535,0.33611101,,18.336901,17.5522
331676655,306.1970943,-74.60401597,0.37116301,,17.656799,16.826099
331676839,306.3796259,-74.24691239,0.234882,,17.6103,16.783001
404266533,308.7598522,-74.39149492,0.13541,,17.872,17.0222
404266546,308.5680054,-74.42213589,0.12738501,,18.118799,17.3332
2026041037,321.9284125,-74.41729933,0.40256301,,18.8538,18.091299
2026041010,322.2464763,-74.44270702,-0.101969,,19.1698,18.3496
1987961605,312.7343188,-74.74740384,0.26394099,,19.379101,18.502001
1987989870,313.0753463,-74.02593877,0.129701,,19.717501,18.948099
1987989872,313.0572005,-74.02036482,0.25053301,,19.6642,18.890699
2026041016,322.1971792,-74.43369647,0.137863,,19.195999,18.3116
2026041028,322.0127086,-74.43895959,-0.55212897,,19.277399,18.4951
2026041054,322.0780991,-74.38452512,0.21083,,19.631701,18.7752
2026041059,322.0326081,-74.37385245,0.318138,,19.103399,18.2083
1987901198,300.8960084,-74.20013851,-0.059667598,,20.389799,19.504
1987946163,317.5066333,-74.5884261,-0.30965999,,19.9312,19.2225
1987890168,303.407884,-74.99222114,0.16059899,,18.844601,18.007299
1987890170,303.4501636,-74.98435753,0.163105,,18.643299,17.874901
404266832,308.7383446,-75.00436242,0.237323,,17.436899,16.6563
404267122,308.8061347,-75.66753854,0.24112099,,17.5779,16.8153
401603139,313.7738969,-75.25023506,0.14783899,,17.877199,17.0667
327784575,312.531479,-74.77592127,0.27751201,,17.4491,16.608999
327784606,312.5929952,-74.82138101,0.13793799,,17.4757,16.6507
469827194,302.2352545,-75.99224549,0.364353,,18.539,17.5931
392757981,327.0140748,-75.59644896,0.171847,,17.6999,16.7894
1987944240,318.5606438,-74.97766151,0.053780898,,19.7931,19.0037
1987944281,318.4409013,-74.94740579,0.372978,,19.917,19.059099
1987944282,318.4040213,-74.95389437,0.270293,,18.4513,17.633301
1987961349,312.6526422,-74.90131286,0.095113799,,18.8193,18.0779
1987961536,312.6810756,-74.75656838,-0.102404,,19.744499,18.995001
1987961583,312.4929364,-74.74741286,0.18474799,,19.9098,19.0312
1987961647,312.7619059,-74.70369305,-0.16737799,,19.923901,19.197701
262022020,323.5866751,-75.90912644,,,11.2235,10.475
325278062,322.4514387,-75.54533238,1.51764,,,
1987946296,317.6518712,-74.49844022,0.079964198,,19.2903,18.6113
1987982410,317.1865497,-74.50081561,0.1825,,18.3848,17.6695
1987982524,317.3099975,-74.44047475,0.12830099,,18.247601,17.831499
1987982532,317.3508356,-74.42155698,-0.095615603,,19.561501,18.750299
327784717,312.6568652,-75.05674113,0.36680099,,17.6035,16.8393
271631223,319.832279,-75.86303485,0.082791798,,17.6516,16.8118
271631344,320.0939157,-75.58139818,-0.0395367,,17.7871,16.909401
271631361,319.9317441,-75.53500757,0.249354,,17.976101,17.088699
271631537,319.9258389,-75.08014261,0.30260801,,17.9772,17.1653
2026048709,322.0783317,-74.29835938,-0.506706,,19.715,18.9086
2026048712,322.1712472,-74.29534475,-0.106512,,19.2826,18.405701
2026048713,322.1414528,-74.28939985,0.354274,,20.0753,19.185801
1987889368,303.6940912,-75.14589534,0.347936,,20.2617,19.384899
1987889401,303.5270793,-75.12767512,-0.60116702,,20.350401,19.576799
2026048773,321.9695551,-74.17428298,-0.431274,,19.658501,18.781099
2026048780,321.9843321,-74.1632877,0.0518222,,19.747499,18.8636
1987961629,312.8979827,-74.69305903,0.037144698,,19.584,18.7848
1987961653,312.6520234,-74.70332657,0.27740699,,18.8794,18.073799
392759474,327.4684055,-75.73311586,0.275933,,18.0154,17.2213
392759707,327.4478168,-75.05693964,0.145364,,17.9921,17.227301
392759710,327.3981808,-75.05463875,0.32717901,,17.6262,16.7243
392759736,327.358086,-75.01183274,0.107725,,17.7533,16.964399
1987982518,317.49632,-74.3861948,-0.195594,,19.533899,18.712601
1987982537,317.1722314,-74.4209333,-0.046666998,,19.513599,18.8762
262021818,323.3947856,-75.41282884,15.0509,,8.5001602,7.73353
325277831,322.2227032,-74.996989,1.60174,,11.7666,11.0091
262021856,323.7202759,-75.48579486,2.95205,,11.3649,10.6228
262022023,323.4440953,-75.92040882,2.3522201,,11.5802,10.8084
1987982554,317.3773303,-74.38446953,0.54927999,,19.5756,18.737
1987982556,317.4427468,-74.39322942,0.266911,,19.7178,18.9006
1987982570,317.4026463,-74.34873743,-0.32333201,,20.1784,19.416901
1987982572,317.3503644,-74.34726037,-0.74447399,,20.3312,19.5742
262022054,323.4222893,-75.99468625,1.1154799,,12.6232,11.7259
262021704,323.7411352,-75.12572642,2.00933,,12.788,12.0325
331633333,305.3720539,-74.83370312,0.250985,,17.027,16.1689
325222746,317.8308294,-74.26673159,0.124299,,17.433599,16.573099
1987945259,318.3795629,-74.82428218,0.241392,,19.552,18.765499
1987945262,318.3428236,-74.8098427,0.085582502,,18.424601,17.983801
262021809,323.4409544,-75.40356116,2.4519501,,11.9979,11.0865
325277656,322.5310656,-74.56580986,1.05989,,13.5667,12.662
1987971333,312.4000373,-74.58958627,0.50689399,,19.2859,18.4118
1987971358,312.5728274,-74.55761839,-0.43964899,,20.3487,19.507401
1987971513,312.5713538,-74.51796499,0.25434601,,19.7822,18.940399
1987945273,318.4817663,-74.77610866,-0.0171906,,19.7791,18.9755
325277520,322.2852902,-74.29178045,2.1003001,,13.0189,12.1785
325277583,322.4603719,-74.43045767,1.05627,,13.3844,12.4881
325278169,322.5632301,-75.82405874,1.2979,,13.5257,12.7248
331633279,305.5844794,-74.93320492,0.425495,,17.223301,16.340599
1987945547,318.670249,-74.72536777,-0.294011,,20.024,19.275499
271631563,320.0571592,-75.02524888,0.0839606,,18.0716,17.233
1987980196,312.9913562,-74.5957141,0.40581101,,19.3104,18.516199
1987988476,312.9052527,-74.54841641,-0.51891798,,19.5263,18.8389
1987988479,312.7906053,-74.57223272,0.124159,,19.4641,18.6089
1987988497,313.0734496,-74.51581902,-0.13431901,,19.553301,18.684601
1987988512,312.9588834,-74.49998785,-0.095517002,,19.348301,18.4849
1987971515,312.5393778,-74.50507295,0.379188,,19.322201,18.5128
1987945752,318.3198078,-74.61459016,-0.36369401,,19.687401,18.945999
1987945856,318.5289299,-74.52256126,-0.426916,,19.963301,19.1803
331633405,305.3503774,-74.71699933,0.390468,,17.560499,16.6812
1987947529,318.5502967,-74.31240128,0.119109,,17.753799,17.280899
1987947546,318.694823,-74.27558416,-0.34367001,,19.5996,18.8599
2026031217,321.8301348,-75.57189735,0.0100989,,19.914,19.083599
1987890496,303.444821,-74.85307593,0.00270171,,20.513399,19.632099
1987894868,303.2986031,-74.85758894,0.11344,,20.1733,19.3204
1987988514,312.9402505,-74.49501948,0.213864,,20.056801,19.183701
1987988543,312.7469881,-74.48874488,-0.20786899,,19.902901,19.0536
1987988545,312.712402,-74.47676386,0.34645599,,19.646999,18.8937
2026049890,322.0382049,-74.10803294,0.33290201,,19.488199,18.6777
2026049892,322.1052661,-74.09455223,0.0140244,,19.602501,18.729
1987894964,303.355983,-74.74746372,-0.313678,,20.0229,19.232
290305738,328.7924827,-75.44406545,0.0607839,,17.747801,16.8365
270205194,332.6955866,-74.09961567,0.0835177,,17.9319,17.0907
1987966207,306.4104814,-75.48239873,-0.55385202,,20.5264,19.654699
1988033505,307.9279798,-74.03069866,0.30787501,,19.597799,18.845501
1987965225,309.3698939,-75.04171475,-0.0281641,,19.654301,18.9725
1987952374,309.7983432,-75.98790758,-0.107062,,19.4771,18.5776
1987988680,312.7250097,-74.46743469,-0.42708901,,20.360201,19.5254
2026049900,322.0350917,-74.07832632,-0.066498503,,19.256201,18.4597
2026049934,322.1359801,-74.03701593,0.232169,,19.1889,18.312401
331633779,305.5519114,-74.06616694,0.58989602,,16.622499,15.7377
325222385,317.7332393,-75.07467997,0.43315399,,16.420099,15.6035
290404369,330.8751343,-74.51560881,0.110473,,17.445999,16.607901
290404835,331.0296776,-75.7270614,0.32375899,,17.5639,16.710501
270275022,334.2628429,-74.07324956,0.321347,,17.683001,16.853901
1987988796,312.9610321,-74.3895309,0.27314901,,19.183901,18.3153
1987963908,309.8041842,-75.4834891,0.27942601,,19.491899,18.6798
1987964263,309.8219197,-75.26605472,-0.155653,,19.523701,18.679501
1987964992,309.7841958,-75.13029372,0.12581401,,19.3909,18.653601
1987988755,312.4841613,-74.39409817,0.177848,,19.377399,18.7134
270275032,334.1195402,-74.10062603,0.221494,,17.649099,16.832899
270275034,334.3711025,-74.10452885,0.30406299,,17.914301,17.1194
270275035,334.2678582,-74.11008949,0.28865501,,17.387699,16.556801
270275040,334.3093307,-74.12567335,0.19853701,,18.0168,17.1779
270275042,334.126989,-74.12805612,0.360304,,17.812901,16.955601
1987988770,312.5707524,-74.3784478,-0.20623299,,19.7878,19.0646
1987988772,312.5721321,-74.37643705,0.49474001,,18.985901,18.146
1987988779,312.5789528,-74.35920709,0.092262901,,19.8353,19.1103
1987988780,312.573281,-74.35540313,0.50197798,,18.7624,17.905199
270275074,334.3434776,-74.23119375,0.26614299,,17.761101,16.937201
270275113,334.3481554,-74.31489806,0.26377401,,17.1425,16.3137
1987972659,309.8960943,-74.74348635,0.47181901,,19.248501,18.4445
1987973151,309.9116347,-74.63567883,-0.57557797,,19.6642,18.9646
1987974149,309.7809383,-74.33437861,0.070547499,,19.212601,18.3762
1987988870,312.751503,-74.28807663,-0.68629199,,20.0618,19.235901
1987966240,306.6348564,-75.41674827,0.059610602,,18.5639,17.8778
1987988800,312.9381451,-74.38398431,0.066128597,,19.397499,18.638901
1987988815,312.8514176,-74.34492812,0.17943101,,18.3498,17.677401
331676441,306.1132366,-75.06156523,0.28263,,17.998199,17.120701
331676565,306.2372159,-74.78625993,0.19802,,17.5345,16.8342
331676702,306.1609554,-74.51197807,0.27476099,,18.0133,17.1346
1987988821,313.0206914,-74.36362833,0.081831098,,19.7582,19.0333
1987988882,312.9899141,-74.26567319,0.54675502,,19.794701,18.944
1987966292,306.4675584,-75.39928852,0.443618,,18.692301,17.8843
270275393,334.2319624,-75.03097446,0.240679,,17.4876,16.678301
270275507,334.213901,-75.37984654,0.25981501,,17.7995,16.8552
270275568,334.1929942,-75.53467028,0.21847899,,17.8696,16.9146
325339513,334.9924325,-74.57122411,0.193435,,17.6572,16.788099
325339552,334.8848284,-74.67127314,0.33257699,,17.032101,16.267599
331676840,306.4762068,-74.24495587,0.438636,,17.662001,16.847
1987890515,303.5278935,-74.82379492,-0.72650802,,20.6586,19.7922
1987890504,303.6859192,-74.82618413,-0.333547,,19.9454,19.1562
1987890510,303.64153,-74.82301174,0.218886,,18.0205,17.5103
325339911,334.8073916,-75.5499389,0.282011,,17.496901,16.5222
325340026,335.0082831,-75.8736895,0.13602801,,18.062799,17.262899
316991044,335.3681657,-75.62060704,0.071114801,,17.6621,16.7854
404269092,308.9399261,-75.73041956,0.58592999,,17.440901,16.5452
401603198,313.7798763,-75.1547295,0.202502,,17.3771,16.625299
1987989706,312.3464233,-74.08104468,0.215149,,19.1507,18.330299
1987989708,312.4430998,-74.07291001,-0.075383604,,19.6483,18.855101
1987989738,312.9346452,-74.16938597,0.26405901,,19.5753,18.7577
1987989748,313.037125,-74.15784994,0.25345701,,19.178699,18.306499
1988031592,309.6881091,-74.19120543,-0.59615999,,19.663601,18.897499
1987989768,312.7699014,-74.16907887,-0.96452302,,20.008101,19.243099
1987989799,313.0055208,-74.09993096,0.144171,,19.804399,18.9506
327784830,312.5399033,-75.27323567,0.42250001,,17.4695,16.6441
327784898,312.7234896,-75.40930096,0.40330899,,17.752501,16.8848
327784920,312.5889102,-75.44633697,-0.169164,,18.292601,17.4251
271631211,319.8996438,-75.88081268,0.32307699,,17.9844,17.1145
271631236,319.8997493,-75.83578385,0.131548,,17.930201,17.0966
1987940009,318.3840798,-75.17185515,0.35861301,,19.399599,18.6327
1987945260,318.4145953,-74.8034228,0.33629599,,19.358601,18.651501
340903713,294.6253136,-74.31006701,0.233408,,17.2952,16.6057
1987989955,312.7387431,-74.03434384,0.36850101,,18.517599,17.643299
271631434,319.9431717,-75.31865457,0.25914899,,17.7729,16.9109
271631562,319.8693918,-75.02697203,0.135023,,17.986099,17.140499
1988029474,306.9337185,-74.02147208,0.108755,,19.630199,18.7857
1987953223,309.3287597,-75.80265138,0.333877,,19.6003,18.8106
1987953287,309.1743526,-75.75807965,0.00359731,,19.6014,18.839701
1987964164,309.7125067,-75.31974419,0.183312,,19.4512,18.639999
1987952412,309.5366846,-75.96840489,0.053141098,,19.641001,18.8029
1987953561,309.9753398,-75.89264058,-0.230791,,19.6724,18.8438
262021892,323.6309074,-75.57953896,1.34869,,13.9842,13.1241
404343254,318.9956453,-74.18405294,0.52023298,,15.6462,14.7948
1987989065,313.6765627,-74.18415036,-0.203003,,19.1549,18.383301
1987989180,313.3501344,-74.17356291,-0.13223,,19.191799,18.335501
271577078,319.1109673,-75.90104519,5.28615,,9.13554,8.5194101
1987989198,313.6231694,-74.14550127,-0.0142755,,19.323799,18.514999
1987989257,313.4006619,-74.0975633,0.059436999,,19.4263,18.573799
1987989261,313.3852506,-74.0911511,0.158806,,18.9461,18.1775
1987954521,309.6317792,-75.60669054,0.151274,,19.7414,18.8554
1987963967,309.8094313,-75.4173686,-0.018459599,,19.259399,18.428499
1987964178,309.6151458,-75.28944501,-0.117547,,19.691,18.959999
1987969987,309.8754294,-75.05632751,-0.0026217001,,19.068899,18.178699
1987970157,309.8461555,-74.99437336,-0.19113,,19.3477,18.474701
1987967265,308.658181,-75.20257431,0.34247699,,18.0243,17.204399
327726798,311.7293702,-75.91249678,1.3313,,11.2297,10.6059
331730964,320.6957168,-75.12558253,1.30641,,12.1085,11.3686
311461048,317.1034106,-74.80399549,1.75267,,12.1997,11.4273
262021242,323.7319765,-74.03071209,4.1191201,,11.8697,11.0792
1988022707,306.5783227,-75.11342596,0.169028,,18.534201,17.740801
1988022742,306.6263809,-75.06637023,0.36591399,,18.1675,17.4035
325277806,322.2052137,-74.9417166,0.32614499,,16.3995,15.4925
325277541,322.4138234,-74.32920984,0.62559098,,15.8845,15.0217
325277586,322.56622,-74.43571438,0.816706,,13.9254,13.0938
262021831,323.5934748,-75.4414156,0.357463,,16.4228,15.5188
404290888,311.5600929,-75.11409459,0.25598499,,16.8424,16.008699
2026029247,320.3851746,-75.98564061,-0.26208401,,19.268101,18.6357
1987989263,313.4600798,-74.08423129,-0.35787401,,20.1367,19.2792
1987990419,313.470867,-74.05515827,0.36800101,,18.241899,17.433701
327727360,311.7731262,-74.81256752,1.12659,,13.6569,12.815
311460897,317.418663,-74.42957756,1.59026,,12.9826,12.0655
404343758,318.9493976,-75.27471311,1.17276,,12.6415,11.8463
1987970311,310.0547941,-74.88878557,-0.262326,,19.510099,18.772699
1987972633,309.7331826,-74.79276239,0.172537,,19.196301,18.4543
1987973233,309.9575318,-74.54019919,0.23016,,19.4758,18.643999
1987974150,309.824086,-74.32434267,0.025440199,,19.4608,18.635599
1987991006,313.4630953,-74.01972159,-0.301844,,19.647699,18.8255
1988001328,319.8924046,-74.12072163,0.185185,,19.900299,19.0975
1987939040,318.3165961,-75.47180928,0.59403902,,19.3543,18.536501
2026031303,322.1672107,-75.48102965,-0.0057651401,,19.6075,18.7325
325222729,317.5908601,-74.3060315,0.313831,,17.167299,16.367701
1987938744,317.16374,-75.4130153,0.13672601,,19.3974,18.6008
1987938778,317.2748844,-75.35309723,-0.51960897,,19.7729,19.0149
1987938781,318.5079598,-75.67414774,0.58997399,,19.2752,18.4776
325277943,322.3162052,-75.21962166,0.23124,,16.2374,15.5026
1988022973,306.5584595,-74.97093419,0.092860997,,19.969601,19.143
1987982978,317.2861907,-74.28724826,-0.26702401,,19.7257,18.892099
1987983015,317.2963359,-74.25454037,-0.00632247,,20.323799,19.4757
1987940785,316.9788288,-75.35510391,-1.22709,,20.0301,19.3412
1988029374,306.5952593,-74.10258431,0.30002901,,18.978701,18.128401
1987963501,309.1129306,-75.6533636,0.332104,,18.8113,18.0089
325277745,322.3988207,-74.82005627,0.191982,,14.0377,13.6562
325278201,322.2256196,-75.89074513,0.162756,,14.551,14.2141
2026029252,320.4622327,-75.95875431,-0.92814302,,20.3818,19.536699
2026029530,320.7571815,-75.90985852,0.45419499,,20.030899,19.1404
2026029366,320.7322411,-75.97926669,0.273579,,19.258699,18.527399
1987940798,317.1495919,-75.32527706,-0.0102528,,19.219299,18.3482
1987940845,316.9394297,-75.26949659,0.110191,,20.247,19.406
1987963634,309.5635496,-75.51222283,0.42652899,,18.591299,17.696501
1987963706,309.1314651,-75.51919938,0.34809101,,18.827999,18.059999
1987963889,309.3862971,-75.35179602,0.28217199,,18.6395,18.0254
1987964857,309.5571786,-75.21314771,-0.0562195,,19.073999,18.2276
262021644,323.7114363,-74.96920847,0.86388201,,14.5254,13.6982
262021880,323.4064201,-75.5597915,0.93970299,,14.8212,13.9995
2026029579,320.6306952,-75.85697881,-0.089050397,,19.497,18.6341
404343314,318.7281949,-74.31567658,1.1830601,,14.7577,13.8875
404343400,319.016894,-74.51449807,1.15622,,13.8967,13.1281
1987954468,309.7656036,-75.65314637,0.23114499,,18.740999,17.8596
1987963581,309.8049183,-75.54121378,0.31808501,,18.774099,17.919399
1987970147,309.9278836,-74.98735203,0.524234,,18.696199,17.862801
1988022975,306.6385711,-74.95838364,0.47341499,,18.232,17.3985
1988023750,306.4911681,-74.83917497,-0.268024,,20.3922,19.5184
1988023810,306.5327551,-74.76923187,0.364997,,18.3883,17.5142
2026029586,320.4627717,-75.84135305,-0.070860401,,19.7033,18.953899
2026029657,320.7177475,-75.77874996,-0.053411499,,19.6192,18.828501
1987941892,317.3983283,-75.2592648,0.200863,,19.0734,18.2477
1987939193,319.1854314,-75.38190596,0.40678501,,19.575001,18.788401
1987939202,319.1911872,-75.35595597,-0.085250601,,19.4967,18.862499
1987939276,319.2423781,-75.27480391,0.44168699,,18.5116,17.7281
316991075,335.3821761,-75.54343743,0.30797899,,17.4289,16.451799
316991126,335.5054816,-75.34414683,0.160577,,17.263201,16.317699
316991195,335.360085,-75.11819002,0.104027,,17.593599,16.743601
1988025264,306.6830153,-74.63417762,0.22865801,,18.6635,17.888599
1987873555,306.7569969,-75.93499187,-0.41172001,,20.2822,19.473101
404343483,318.8707253,-74.66967781,1.12986,,14.1743,13.3803
262021516,323.4200143,-74.64600535,1.14957,,14.1327,13.2601
262021657,323.7195948,-75.00138475,1.15518,,14.6074,13.7494
262021826,323.5359501,-75.43002293,1.17962,,14.2855,13.5116
1987943464,319.2442366,-75.25288228,0.0641938,,20.092899,19.270201
1987943429,319.4892978,-75.26773473,-0.084542699,,19.6849,18.8179
1922136449,293.0443918,-75.97999471,-0.67535198,,20.2701,19.4184
1987873816,306.8762307,-75.85359259,-0.28097799,,20.0973,19.2071
1987968694,308.765507,-74.82075931,0.213475,,17.996099,17.237
2026037094,323.8781186,-75.24444736,0.115624,,18.1481,17.374201
2026037126,324.1980285,-75.2315504,-0.149719,,18.942499,18.090799
325277533,322.4695229,-74.30756474,0.85831702,,14.1734,13.311
325277961,322.5385211,-75.26260775,0.80104399,,14.6095,13.7702
325277957,322.5843634,-75.25533726,1.30796,,14.4175,13.5799
325222418,317.5249342,-75.01162479,0.081789397,,17.9478,17.096201
325222576,317.781151,-74.65031309,0.242404,,18.207399,17.3787
1987943617,319.2498956,-75.17970318,0.0099224504,,20.2197,19.3592
1987941964,317.1634941,-75.19442422,0.41144699,,18.1583,17.336399
1987942105,317.0259977,-75.17349263,-0.022817099,,19.4224,18.5746
2026029897,320.4162804,-75.6317463,0.220983,,19.927799,19.069099
2026032923,320.8757775,-75.64744635,-0.20713399,,19.744101,18.8988
1987895678,303.6273358,-74.49541683,-0.21384101,,20.364,19.516001
1987895694,303.9253952,-74.47042515,0.332423,,20.192801,19.313
1987942109,316.9837255,-75.14383411,-0.59086603,,20.381599,19.5156
1987943641,319.0553926,-75.17180426,0.35545,,18.467899,17.6287
1987943772,319.1943539,-75.06665743,0.397652,,19.3624,18.562599
1987970321,309.9478727,-74.85597213,0.119632,,18.664101,17.929899
1987972656,309.9397546,-74.74532298,0.13920499,,18.5354,17.7911
1987973198,309.830334,-74.59266444,0.40777901,,18.9634,18.1399
1988031999,310.3381703,-74.01125211,0.45912299,,18.9088,18.141899
1988032000,310.3998752,-74.01295719,0.0727202,,18.923901,18.189501
1987938786,318.4131338,-75.6534862,0.032006599,,18.569401,17.8818
1987942212,317.1532294,-75.08036782,0.356141,,18.9097,18.116301
1987942214,317.141494,-75.06492692,0.37070799,,19.506201,18.649
1987942236,317.1586211,-75.04234411,0.53980201,,19.375601,18.606001
1987942262,317.8855199,-75.1046914,0.471017,,19.792101,18.916201
1987942264,317.8146603,-75.11875101,-0.57038099,,20.201099,19.4032
1987942745,317.1702095,-74.97485576,0.41606101,,19.1385,18.4303
1987943060,317.0841232,-74.86944245,-0.58601499,,19.8661,18.9993
1987943720,319.3604935,-75.09558953,-0.086783402,,19.449699,18.677601
1987943742,319.6182853,-75.05656087,-0.0094716698,,19.631599,18.931
1987940036,318.5574916,-75.0883295,-0.0081635602,,18.9594,18.196301
1987945565,318.6182406,-74.67806127,0.086546302,,18.9645,18.153299
1987945590,318.7108125,-74.65366091,0.24266499,,18.957701,18.1639
1987945749,318.3680953,-74.64089519,0.23393901,,18.689899,17.832001
1987947513,318.5439977,-74.35415856,0.163297,,18.753401,17.9573
1987943074,317.0485575,-74.83993101,-0.26239899,,20.383301,19.5497
2026033174,320.6239442,-75.47016873,0.28861201,,18.9135,18.0438
2026033177,320.8157234,-75.47154486,-0.61652702,,19.9758,19.1551
1988029755,308.7765684,-74.53460887,0.230011,,17.994801,17.117001
1988029758,308.8114299,-74.5251946,0.14302699,,18.432899,17.574699
1988029761,308.8140287,-74.52744304,0.241249,,18.2159,17.3332
1987944459,319.4098542,-74.83485132,0.103185,,19.4382,18.5916
316991336,335.2481851,-74.64000337,0.35955,,17.536301,16.706699
325278014,322.5265277,-75.40754778,0.59885001,,15.9735,15.0483
404343262,318.8211298,-74.19080505,1.0465699,,14.506,13.6331
404343385,319.0332177,-74.48150537,0.82094902,,15.0094,14.1388
262021466,323.4731862,-74.51476379,0.96036297,,14.3373,13.4856
262021563,323.563685,-74.7562125,0.85578603,,14.7871,13.9035
1988037939,303.8391088,-74.28935071,-0.28007701,,20.070999,19.214899
1987943175,317.2708776,-74.76520572,0.207304,,18.9405,18.0902
1987943178,317.3972766,-74.75895518,-1.01136,,19.762199,19.1432
271577058,319.1247181,-75.95529309,1.69935,,11.5851,10.9993
262021825,323.5857965,-75.42388056,0.70674098,,15.1716,14.3026
1987944467,319.3600954,-74.80856374,-1.00978,,19.8825,19.011101
316991374,335.4440028,-74.53352779,0.41716799,,17.4762,16.6285
316991393,335.4938376,-74.47380128,0.049643401,,17.845501,16.9799
316991422,335.223057,-74.36774932,0.38996899,,17.513599,16.717501
316991440,335.1775284,-74.29305847,0.14765599,,17.3815,16.5443
316991501,335.4678982,-74.09239924,0.157958,,17.693501,16.8941
271577257,319.2307623,-75.41477392,2.15782,,12.5036,11.6968
271577474,319.3968479,-74.86598104,1.42858,,11.8851,11.1608
271577594,319.1692792,-74.52703545,5.74543,,10.4812,9.7892103
271577715,319.1952178,-74.25667834,1.62027,,11.9955,11.1208
2026033246,320.5707484,-75.391108,0.175514,,18.550699,17.843599
1987874813,305.0645717,-75.99620278,-0.50275803,,20.102699,19.192301
1987875879,305.3755619,-75.97609464,0.38594899,,18.618299,17.711
1987875896,305.6053956,-75.95122986,0.27971801,,19.928699,19.1206
327784397,312.7473991,-74.44378757,1.36566,,,
262021955,323.6463285,-75.74235462,0.54398102,,15.9212,15.0412
262022036,323.5814929,-75.95367071,0.825598,,15.0132,14.0991
404293062,313.3111729,-75.8644311,1.25606,,13.3036,12.5233
404293222,313.1676918,-75.51464523,1.1166,,13.2212,12.56
271577160,319.4330248,-75.69682596,1.5633399,,13.2309,12.3517
311422202,314.6980566,-75.47002904,,,12.581,11.7683
331679549,306.8511576,-74.61388712,7.3258801,,10.0224,9.3143396
327784219,312.5678855,-74.01884352,2.3759,,12.7355,11.9398
273224441,314.084083,-75.90763861,3.0238099,,10.7971,9.9700899
325277440,322.3104351,-74.1215642,0.77289897,,14.8693,13.9881
325277546,322.4413127,-74.345913,0.40968499,,15.6725,14.7824
325277590,322.5812607,-74.44223596,0.736022,,14.8441,14.0314
325277684,322.241724,-74.64244569,0.60801297,,15.6712,14.7951
1987943295,316.8559539,-74.70759117,0.123711,,18.7304,17.9517
270248273,333.438863,-74.411962,0.36618501,,17.640301,16.7794
270273198,333.8390809,-74.59518198,0.173059,,17.5126,16.680099
325277872,322.2326723,-75.07455136,0.75410903,,15.7545,14.8469
325277952,322.2566535,-75.24558039,0.764898,,15.251,14.3441
325278030,322.4066639,-75.44234691,1.03102,,14.6118,13.7527
325278074,322.232876,-75.58052995,0.87197399,,15.3845,14.472
2026033857,320.4812659,-75.2985146,0.26675299,,18.535101,17.7787
2026033860,320.6264939,-75.27295867,-0.066339403,,19.679001,18.950899
2026034018,320.7061684,-75.15402663,-0.38902399,,19.588499,18.763901
1987944617,319.0613739,-74.79634904,0.20028999,,18.297701,17.5989
1987944620,319.2128472,-74.81547889,0.47668499,,19.6168,18.815201
1987944637,319.1402055,-74.77951143,0.041538302,,19.6887,18.9592
311421696,314.7066896,-74.28300935,2.9065199,,11.7427,11.0729
311421884,314.5259386,-74.76034186,1.65432,,11.8385,11.3527
331679402,306.5473424,-74.33159712,1.35549,,13.372,12.646
325278113,322.4639918,-75.68644598,0.92593998,,14.6722,13.8666
325278131,322.2923372,-75.72139028,0.61765498,,15.4744,14.5798
262021815,323.4270538,-75.41157768,0.237905,,17.266899,16.3559
469876150,316.4664809,-75.69465836,1.72703,,13.1897,12.4078
404343590,319.0030895,-74.89411804,1.2439801,,13.6733,12.8439
404343659,318.8607192,-75.0725236,1.31524,,13.112,12.4319
273223666,314.2566817,-74.07054224,1.52368,,13.5124,12.6826
331679375,306.7097837,-74.28349829,1.4917099,,13.1545,12.4662
331679534,306.7854035,-74.58172583,0.67496902,,13.212,12.4744
331679546,306.5332634,-74.60611801,1.15967,,13.0921,12.4193
2026034151,320.6126513,-75.13163913,-0.198327,,19.7365,18.957399
2026034201,320.4592183,-75.06910805,-1.20085,,20.806801,19.9321
404343821,318.9464402,-75.46189175,1.5512,,13.0091,12.2749
404343858,318.9914396,-75.54180848,3.5578401,,12.3632,11.5414
404343954,318.8979024,-75.74446627,1.95041,,13.1307,12.281
271577170,319.2307033,-75.66186521,1.01328,,13.4021,12.7235
404343308,318.6916468,-74.30968791,0.067178197,,16.794701,16.4345
404343348,319.0306643,-74.39696949,0.21426,,17.3535,16.5086
331679976,306.7988797,-75.52830822,1.96155,,13.3696,12.495
327784306,312.5563218,-74.23838761,3.3771901,,12.7494,11.8917
273224098,313.9803269,-75.08594188,3.20136,,12.5781,11.713
270273311,333.9770248,-74.28635432,0.48481601,,17.219601,16.3999
317022045,336.4741003,-75.32637781,0.035405699,,17.376301,16.488701
271577449,319.1649312,-74.92110456,2.6277699,,12.6751,11.8245
331730543,320.9300244,-74.05662454,1.1427799,,12.4606,11.7447
331730671,320.6288729,-74.35679523,1.04046,,12.6348,12.0419
331730794,320.885425,-74.6756212,1.04013,,13.3905,12.6917
1987876134,305.4661692,-75.83995682,-0.12924799,,19.969999,19.202999
1987876138,305.3354173,-75.85846121,0.145062,,18.433599,17.7568
325277387,322.502491,-74.02124901,0.254464,,17.302299,16.4807
404343349,318.7278104,-74.39748286,0.165453,,16.7941,16.112
273223717,314.1080694,-74.18585901,0.95006597,,13.4199,12.7011
273224118,314.0885482,-75.14858346,1.15605,,12.2577,11.5888
1987963495,309.4092864,-75.59830859,0.173115,,19.143801,18.4023
1987963867,309.332196,-75.42600248,0.41614899,,19.1782,18.304701
1987963873,309.346412,-75.39151102,0.23008201,,19.295601,18.409901
1987964866,309.3761565,-75.24026126,0.18680701,,19.268101,18.3981
311422082,314.6205127,-75.18292175,1.2618999,,13.098,12.4067
325249280,318.171356,-74.53301668,1.46612,,13.1902,12.4919
325249337,317.9139303,-74.6585947,1.73197,,12.9456,12.1366
325249427,317.9670233,-74.84857905,2.4435101,,12.6688,11.8627
325249452,318.0737832,-74.92375148,1.34997,,13.3795,12.6252
331730835,320.7204366,-74.78097496,1.77977,,13.2666,12.4761
331730870,320.6607818,-74.85382514,1.50056,,12.4807,11.6986
331731132,320.8483581,-75.63113384,1.37687,,13.6162,12.81
262021237,323.6527463,-74.01874881,1.69921,,12.8134,11.94
262021615,323.6446011,-74.89681264,0.40956599,,18.101101,17.2083
262021654,323.663446,-74.99645525,0.311616,,16.239401,15.578
262021667,323.6710368,-75.03192438,0.328015,,16.7694,15.8972
262021724,323.7001215,-75.16574011,0.26848,,16.641899,15.8945
2026034237,320.4852684,-75.01698771,-0.245579,,20.167,19.379101
1987876959,305.4567115,-75.68352284,-0.090836897,,19.3769,18.490801
325249677,318.1147403,-75.39266498,1.52695,,13.7698,12.9108
325249879,318.1268644,-75.87124375,3.47837,,12.3046,11.4784
325249922,317.9217527,-75.9487812,1.08763,,13.5456,12.7413
262021920,323.5704079,-75.62621581,0.29855201,,16.9526,16.0914
325277403,322.3775347,-74.05552729,0.35970399,,17.5231,16.709801
325277486,322.2616628,-74.21643858,0.411125,,16.8713,16.000999
325277532,322.2102701,-74.30700404,0.38238001,,16.8678,15.9925
325277591,322.5625102,-74.44249982,0.42132801,,16.7871,15.9075
1987954147,309.7943832,-75.85574258,0.69958198,,19.473101,18.562401
1987953570,309.8210296,-75.89697905,0.37877899,,19.356701,18.519199
1987877121,305.2855346,-75.65996639,-1.07078,,20.3866,19.52
317058056,336.8809997,-75.61317263,0.27531299,,17.858,16.943701
1987876471,306.6998472,-75.67691854,-0.35712901,,20.039,19.302999
325222446,317.6026648,-74.94598962,0.164859,,16.966499,16.5945
1987965279,306.9415902,-75.65989097,-0.183786,,19.4758,18.845699
1987877225,305.3325402,-75.53879811,-0.237432,,19.9634,19.202
1987877235,305.9294876,-75.66213481,0.118633,,19.5464,18.7005
1987886001,305.4235825,-75.34277752,-0.087590903,,20.3395,19.5086
1987954455,309.8181946,-75.67139697,0.25847,,19.3442,18.4384
1987954494,309.7018022,-75.65620363,0.0783884,,19.2353,18.4743
1987963969,309.907969,-75.42953374,0.35186699,,19.1229,18.2563
1987973905,309.9033864,-74.44327539,0.087459303,,19.123501,18.2812
317058359,337.0368612,-74.57559331,0.0311387,,17.871099,17.018801
317058478,336.7663979,-74.23888777,0.255631,,17.4207,16.5942
317058480,337.088085,-74.22837939,0.177946,,17.6665,16.826099
1987886081,305.3935474,-75.29012426,0.079738103,,19.9653,19.1227
1987966389,306.9162998,-75.30839171,-0.0080534499,,20.1754,19.3155
1987966400,306.7609782,-75.30170688,-0.34482801,,20.186399,19.336399
273569655,356.7725476,-74.83678244,0.237776,,17.955999,17.3032
273569657,357.0040424,-74.83567814,0.167816,,17.962099,17.1635
1987974160,309.8843172,-74.30722422,-0.023358701,,19.031601,18.1987
1987955838,311.9735052,-75.84688936,0.193929,,19.1861,18.278999
1987955248,312.3939136,-75.87694872,0.235029,,19.0609,18.2691
1987945257,318.6507009,-74.76280215,-0.348667,,19.116199,18.414101
1987947476,318.683636,-74.34098876,0.188209,,19.3689,18.521799
262021503,323.4489678,-74.61117778,0.446466,,16.629499,15.7277
262021504,323.4843762,-74.61334655,0.218623,,16.1588,15.3337
1987886788,305.313132,-75.18545655,0.019874901,,20.0424,19.2756
273569921,356.7674047,-74.10563908,0.36972699,,17.8598,17.110701
273571512,357.2560108,-74.13205193,0.207142,,17.3256,16.4907
273571566,357.2331,-74.24698447,0.219634,,17.617599,16.893999
273571570,357.3487072,-74.25492394,0.29426301,,17.290199,16.4942
1987886171,305.460695,-75.19372651,0.0172529,,18.976,18.1696
1988023200,305.4557707,-75.09114046,0.129558,,19.1415,18.261
1988023150,305.4835336,-75.10671741,0.031259701,,19.248501,18.4578
1988026468,305.6637824,-74.67185159,0.32453501,,19.183001,18.2992
1987959965,311.465574,-75.09254569,0.387382,,18.138901,17.285801
1987969565,311.1953582,-75.00289214,-0.0101603,,20.4575,19.5781
262021591,323.53286,-74.83018133,0.425859,,16.401899,15.573
1922122654,296.2351477,-75.9833013,-0.46178299,,20.1555,19.2887
2026031222,321.8679213,-75.56080245,0.239454,,19.303101,18.430599
1987963547,309.1880239,-75.58246821,0.27801001,,19.025,18.1656
1987964854,309.526114,-75.2155306,0.221617,,19.1359,18.299299
325277579,322.360421,-74.42445816,0.44213799,,16.2083,15.3887
331633217,305.3415028,-75.0457379,0.038683001,,18.1877,17.329399
1988023439,305.2294225,-74.98485214,-0.28610799,,20.190901,19.437201
325278112,322.4418413,-75.68128263,0.385533,,16.222099,15.368
1987954476,309.8426418,-75.65416636,0.54803401,,19.1026,18.301201
1987951350,311.0898598,-75.92650287,0.371438,,18.869301,18.0979
1987958603,311.3182813,-75.53704573,0.270794,,19.0965,18.2845
1987959403,311.2080542,-75.37065854,-0.33818001,,18.958401,18.266001
1987943382,317.0155512,-74.65298311,-0.97097403,,20.326599,19.5429
1988023408,305.50258,-75.00181947,0.32912701,,18.396799,17.644501
1987959590,311.2250155,-75.21072244,0.14213,,19.057199,18.2054
1987956587,312.5070011,-75.44669762,0.25271401,,18.976101,18.1987
1987961001,312.5641369,-75.03295699,0.129995,,18.847799,18.002001
262021954,323.6568053,-75.73234649,0.235098,,17.3109,16.416599
404343268,318.92833,-74.20383622,0.213764,,17.6257,16.885599
261428036,304.4837334,-74.57330163,0.31293401,,18.445,17.591
1987971632,311.4711507,-74.70201038,0.52805001,,18.509701,17.775101
1988031210,308.6006126,-74.13113023,0.084237903,,18.2607,17.488899
1922123024,296.4803678,-75.84185237,-0.64516699,,20.3386,19.551001
1987954839,309.9972346,-75.51156167,-0.0220607,,19.143999,18.2647
1987964942,309.9346967,-75.1391455,0.47441801,,19.0033,18.247801
1987970138,309.7678755,-74.98147967,0.42728299,,18.804001,18.1612
1988026113,305.2718222,-74.79662941,0.332847,,18.558201,17.678801
1987971784,311.5103817,-74.59099819,-0.114736,,20.2624,19.403
1922124120,296.1324707,-75.6370925,-0.45153099,,20.5124,19.646999
1987972589,309.8416819,-74.80284237,0.36322299,,18.922001,18.0515
1987972623,309.7554492,-74.80949902,0.0442295,,18.994801,18.1534
1987974215,309.7758263,-74.26915644,0.25900099,,18.899599,18.176399
1987939314,318.7940917,-75.35180109,0.52598602,,19.0709,18.184299
1987944703,319.4004096,-74.737476,0.242378,,18.393499,17.6364
1988026649,305.4970955,-74.64544459,-0.192698,,20.315701,19.421499
1987971912,311.0028355,-74.52155909,0.142473,,18.672899,17.9137
1987939379,318.626424,-75.26379752,0.32078499,,18.945101,18.1047
1987940181,318.5092317,-75.04332555,0.0074154302,,18.8358,18.0954
1988028617,306.7787196,-74.22772282,0.0019028099,,19.4664,18.5996
1988029459,306.8544875,-74.02342025,0.062899597,,19.3284,18.515499
1922144383,296.1940986,-75.3496404,-0.58878499,,20.3102,19.439899
273571578,357.4395929,-74.28849768,0.301606,,17.4203,16.604099
273571609,357.2675505,-74.33469685,0.320066,,17.505301,16.713499
273571640,357.443361,-74.40491953,0.101552,,17.5945,16.9067
273571816,357.1820841,-74.83012334,0.40445799,,17.542101,16.7292
273571834,357.3818106,-74.89139513,0.348481,,17.4202,16.728701
1987974704,311.235267,-74.37234215,0.123385,,18.770599,17.9974
1987966994,306.9740429,-75.07809169,0.28105,,19.8141,19.0175
1922144406,295.9504778,-75.37427396,-0.359503,,20.0693,19.195601
1987961026,312.7483059,-74.98152861,0.0213309,,18.880899,18.1989
1987961231,312.3852061,-74.86627422,0.34581101,,19.006701,18.227301
1987971302,312.6723086,-74.60195106,0.50014001,,19.2087,18.3297
1987971510,312.4290457,-74.53680569,0.117068,,19.136101,18.373899
352545767,325.8785883,-74.799528,,,12.0805,11.1775
352479220,324.1270496,-75.67461296,1.76989,,12.2664,11.6168
1987965055,309.2683126,-75.18725158,-0.15400399,,19.500601,18.686001
1987974691,311.3543369,-74.38245121,-0.204935,,20.208401,19.4368
1987974693,311.3872823,-74.37354842,-0.096657299,,20.152201,19.2943
1987974695,311.360436,-74.35734838,-0.21028,,20.236401,19.3652
1922145344,296.3786757,-75.16657047,-1.1122299,,20.5138,19.686701
1988022727,306.8181774,-75.03858624,-1.09102,,20.0502,19.3207
1988022780,306.6429174,-75.02793418,-0.204789,,20.054899,19.1765
1922145695,296.175024,-75.03330803,-1.5853699,,20.2679,19.5098
1988023047,306.822509,-74.9021591,0.56885898,,18.493401,17.653299
1987944748,319.2091114,-74.69725773,0.23578399,,18.5804,17.7416
1987954252,310.0306487,-75.78231286,0.27240801,,19.379,18.5144
1987954474,309.8379938,-75.65393222,0.189347,,19.465,18.746799
1987954524,309.7579248,-75.5988036,0.296269,,19.495001,18.672199
1987970148,309.99309,-74.98850485,0.48118699,,19.371,18.555401
1988023065,306.88835,-74.88861401,0.415512,,18.8813,18.0137
1988023785,306.7138413,-74.78300188,0.14201599,,18.636299,17.900299
1922148758,296.2301258,-74.91167963,-0.162412,,20.1367,19.4496
469820850,300.720727,-75.91761042,0.33541599,,16.7756,15.9615
352543378,325.5106652,-74.93920357,6.72542,,10.3232,9.6075602
325252061,318.3728277,-74.75803313,3.1061399,,11.5543,10.8019
404343258,318.9648627,-74.18706196,1.58987,,12.3762,11.5533
404343586,318.7715451,-74.88683799,1.55503,,10.3388,9.92311
1988025050,307.0108626,-74.69923791,0.38908201,,17.8806,17.186501
1988025052,306.9355104,-74.70033654,0.32233399,,18.379601,17.5944
273572178,357.3470576,-75.85651022,0.43799299,,17.439899,16.5998
273572212,357.4419598,-75.94467734,0.212062,,17.678699,16.8283
293528534,359.2070487,-75.88531959,0.048411001,,17.6688,17.033001
1987973173,310.0881253,-74.58848212,0.089740202,,19.3472,18.679701
1987973211,309.7786171,-74.57439106,-0.0125374,,19.4091,18.524099
1988031614,309.8671659,-74.13361184,-0.035121899,,19.530701,18.682301
1987946483,318.4989861,-74.41545912,0.237956,,19.242399,18.395201
1987975633,311.2296397,-74.03044087,-0.053403601,,19.979099,19.193001
1988025244,306.6468029,-74.68483732,-0.976026,,20.2745,19.444201
1988025356,306.7277387,-74.52210031,-0.38892901,,19.9331,19.078199
1988027974,306.851592,-74.45355414,0.17346901,,18.4956,17.76
1987992050,311.6304687,-74.04551707,0.059994299,,19.880199,19.0805
1987937504,317.28447,-75.87470268,0.271698,,17.7278,17.1227
352543307,325.4185558,-75.11953816,3.7634599,,11.5373,10.7302
352543650,325.5508581,-74.21683299,2.37939,,11.1525,10.4718
352543728,325.7071696,-74.03885364,1.78548,,12.1714,11.3816
404343275,319.0187866,-74.22019843,1.7684,,12.8881,11.9667
1988031388,308.7384611,-74.05877095,0.093267404,,18.066,17.246401
1987982434,316.9212247,-74.50867239,0.2721,,19.4123,18.6206
1987982420,316.9758047,-74.54542036,0.0000416656,,18.902,18.142099
1987937606,317.3445788,-75.74824899,-0.309984,,20.124701,19.2367
1988028068,306.7285149,-74.3657377,-0.052750502,,19.5186,18.754801
1988028076,306.8040405,-74.34513445,-0.401981,,20.0928,19.3668
1988028077,306.8116686,-74.34517458,0.124011,,18.6779,17.8925
1987946733,319.3458308,-74.53258157,-0.00132951,,20.2444,19.412901
1987946792,319.3277885,-74.4806907,0.217314,,19.5709,18.8624
2026031232,322.0482756,-75.58096714,0.144565,,19.5585,18.7094
1987938334,316.5309727,-75.5999283,0.12371,,17.874901,17.1047
2026029840,320.6822466,-75.69197995,0.21023799,,18.920401,18.200199
2026033093,320.3522396,-75.54914566,-0.027452299,,19.0522,18.186399
1987876931,305.4021781,-75.72661196,0.179419,,19.301701,18.496
1987886069,305.5726826,-75.29021844,0.255907,,19.0543,18.2311
293568056,359.4091176,-75.08621985,0.169773,,17.5818,16.862499
293568137,359.2788392,-74.758672,0.120697,,17.4604,16.6548
1987938372,317.3152934,-75.65813694,0.17437799,,18.669701,17.815201
352479595,324.1227423,-74.72820492,1.70901,,12.8841,12.0472
352479763,324.000289,-74.28069458,0.40909201,,12.7862,12.6495
1987940383,316.3648727,-75.51877068,0.0021546599,,18.1287,17.266899
325251959,318.5195298,-74.99186557,1.51606,,13.0881,12.4073
1988031089,308.189039,-74.14003895,0.36952701,,18.7192,17.9541
1987947764,318.6990711,-74.16312569,-0.457701,,19.4361,18.926901
1987946841,319.5845831,-74.44139131,-1.63459,,20.785299,19.9279
1988023155,305.5915786,-75.09485016,-0.13003699,,19.118601,18.446899
1988023238,305.7329628,-75.02520795,-0.177624,,19.358999,18.577299
1988023257,305.596318,-75.0064308,0.39801499,,19.444099,18.5868
1988026150,305.6078599,-74.72098021,-0.164185,,19.023701,18.2656
1922124455,296.940204,-75.52993305,0.476749,,20.086599,19.183701
325222305,317.7396288,-75.26331354,0.224876,,18.0515,17.2048
1987940877,316.5427427,-75.36859851,0.196409,,17.914101,17.0627
1987897357,301.4394326,-74.63069,-0.063236803,,19.6024,18.7855
1987879935,302.8823488,-75.99802822,0.25580499,,19.8601,18.9524
1987982398,317.1161702,-74.52628884,-0.0089913402,,19.165199,18.4347
271577071,319.1770166,-75.91836453,0.494441,,16.5557,15.7369
404293756,313.5725934,-74.41870737,0.41192201,,16.373699,15.5727
1922152102,292.1818254,-75.1988815,0.307432,,18.948799,18.0905
1922158946,295.3595768,-74.59897409,-0.00097813702,,18.743999,18.001801
1922170173,297.1810537,-74.67765858,0.104215,,19.147301,18.3645
1922178642,297.0600956,-74.04923251,0.125321,,18.606501,17.865499
1987941622,316.2942633,-75.16266543,-0.00182646,,18.311199,17.48
1987884497,303.1820367,-75.70924361,0.012436,,19.9886,19.151899
325222800,317.6249221,-74.16580102,0.29291001,,18.330999,17.4995
1922144464,296.2159948,-75.26562981,0.0104412,,18.5336,17.9834
1922144468,296.2745608,-75.24952762,-0.65213102,,20.138599,19.3881
1987982452,317.2196144,-74.4600547,0.47912899,,19.152201,18.3818
1987982619,316.9028656,-74.43085731,0.0558373,,19.6178,18.819799
1922127854,298.1705083,-75.83348368,0.306622,,18.7701,17.840599
1922131329,298.0636404,-75.13275921,0.34741101,,18.799101,17.902599
1922172177,298.1200843,-74.36507566,0.369831,,18.8475,17.968399
1988026633,305.6128199,-74.64756755,0.15801799,,19.268101,18.524401
1988026741,305.5860118,-74.57229889,0.33541799,,18.985201,18.160299
1987958656,311.3195786,-75.504122,0.14622501,,19.130899,18.410101
1987956320,312.744503,-75.55319454,0.042208102,,19.179001,18.3283
1987956324,312.6753317,-75.54497266,-0.0878748,,19.169701,18.4014
1987960333,312.6796148,-75.13889183,-0.0092642196,,19.0737,18.3937
1987966229,306.7001062,-75.43598294,0.116531,,19.7705,19.0116
1987965269,306.8387596,-75.67120277,-0.200223,,20.112499,19.247101
1987965392,307.2593455,-75.61466226,-0.262308,,20.011101,19.188299
1987890043,303.290848,-75.13375565,0.258573,,18.854099,18.032101
1987889434,303.6023984,-75.09042399,0.093942903,,18.618799,17.9109
1987890209,303.9771629,-74.97134513,0.065172501,,18.8137,18.064199
1987989407,312.6440173,-74.29069336,0.22872899,,19.410601,18.6544
2026029513,320.6367346,-75.95156631,0.228048,,19.0909,18.367701
293568203,359.3073678,-74.52211806,0.075596899,,17.812201,17.085199
293568231,359.3964074,-74.41771436,0.218091,,17.7486,16.9039
1987947329,319.2577293,-74.21482622,-0.3364,,19.713499,18.941999
1987895575,303.7552229,-74.58436409,-0.203685,,18.946501,18.277399
1987896261,303.3530864,-74.52377996,-0.17744,,18.749001,18.100401
1988037961,303.9863503,-74.26463826,0.31840801,,18.886499,18.0007
1987876124,305.3999544,-75.85372585,0.190446,,18.896099,18.116199
1987876966,305.5590854,-75.66713276,0.467702,,18.9638,18.070601
1987877123,305.2805171,-75.64849967,0.28871301,,18.7854,17.894899
1987877142,305.4101376,-75.64922382,-0.0446839,,19.111799,18.324499
1987971712,311.5659304,-74.65153529,-0.215569,,20.061199,19.269899
1987947838,318.6464753,-74.09287489,-0.0208457,,19.996099,19.196199
1922124446,296.8757924,-75.53923553,0.29716399,,20.0172,19.205601
392759417,327.527224,-75.91101572,0.18325,,16.741301,15.8255
392759839,327.2945855,-74.69480324,0.228056,,18.481701,17.6147
352543457,325.4056006,-74.74448352,0.99768901,,12.6201,11.9292
404343469,318.8986027,-74.64950026,1.0434901,,13.6844,12.8474
404343945,318.8820805,-75.73642744,1.56536,,13.75,12.8994
404344004,318.7301918,-75.86379724,2.0912399,,13.2983,12.4482
325249129,318.0268004,-74.20338663,1.9182301,,12.8702,12.1441
1987890325,303.3785589,-74.97109178,-0.459627,,20.0387,19.1591
2026033734,320.4712725,-75.33063844,-0.071403302,,18.898399,18.104401
2026034240,320.4401596,-75.00623598,0.26824501,,19.275101,18.454901
1987969669,311.4172417,-74.91305885,0.21379501,,19.872,19.1134
1987947420,319.4996274,-74.16115656,-0.28953201,,19.6887,18.866301
1987947856,319.290458,-74.19087271,0.12642001,,20.065001,19.2337
1987947898,319.3464848,-74.11952616,0.40803501,,19.641199,18.818899
1987982757,317.121992,-74.28612146,-0.140747,,19.838499,18.9928
1987947956,319.1527769,-74.05622745,0.346304,,18.813299,17.9335
1987947974,319.5457388,-74.07072821,0.37457201,,18.605301,17.716
1987947980,319.4740224,-74.06415455,0.26259801,,19.8001,18.9706
404343466,318.8127661,-74.64676629,0.25212899,,17.221399,16.370701
1987937529,317.3236667,-75.80954546,-0.34129,,19.7549,18.981001
1987939712,317.46307,-75.35785218,0.128905,,19.951401,19.0737
1987887601,302.6942281,-75.37284058,0.116617,,19.6311,18.934999
404293588,313.2278263,-74.79127136,-0.0145185,,16.4979,15.9783
1987885769,305.3804733,-75.45487684,0.26693001,,18.712099,17.836599
1987885827,305.5295604,-75.39131942,0.0081494702,,18.9587,18.2299
1987886093,305.6141257,-75.2806317,0.22238199,,18.7794,18.079
262021583,323.6963548,-74.8112086,0.401227,,16.9445,16.139099
325277631,322.3558368,-74.51614801,0.33890599,,17.000401,16.209299
325277736,322.2191644,-74.80140372,0.177966,,17.1327,16.364
325277963,322.3578241,-75.27305624,0.32728499,,16.9765,16.115801
1922170904,296.5483742,-74.58104614,0.32242101,,18.429399,17.658501
1988026124,305.394547,-74.75182122,0.30850101,,19.1001,18.358
1988027416,305.317331,-74.53330643,0.30503699,,18.9603,18.084999
1988027372,305.3349193,-74.55251664,0.220834,,19.037701,18.183201
1988022725,306.8448321,-75.05270277,0.38440001,,18.990999,18.196501
1988031053,308.3396425,-74.17283468,0.119014,,18.9942,18.198799
1922150056,295.3455021,-74.73767644,-0.0105852,,19.7897,18.9849
404343735,319.0009755,-75.23697697,1.1301399,,13.0561,12.4193
271577629,319.2608206,-74.44139954,0.42142099,,16.307899,15.4755
271577630,319.3345776,-74.43735948,0.45499399,,15.9263,15.1214
271577762,319.2470625,-74.14337678,0.50874102,,16.097601,15.2675
469820985,300.7919581,-75.68003723,0.95251101,,14.5261,13.7042
469811792,299.8430488,-74.13032567,7.4513001,,7.6579599,7.0679202
404285192,309.3093442,-75.64364599,2.25317,,9.8261499,9.4222498
1987890486,303.4555375,-74.87505317,-0.033541799,,19.9041,19.0737
262021785,323.689996,-75.33898959,0.25924599,,17.2078,16.3186
262021829,323.4436319,-75.43730079,0.366025,,17.119101,16.2225
1922159283,295.4079656,-74.4244801,-0.54455698,,19.889999,19.1635
1922178045,296.3591624,-74.04873494,0.26947299,,20.0285,19.166901
1987901231,301.055659,-74.17173441,0.21287601,,19,18.0844
325277764,322.2780281,-74.86221387,0.426442,,16.528601,15.6531
1987966251,306.3330257,-75.44636379,0.449884,,19.7439,18.9307
1988022357,306.4491471,-75.17852728,-0.132333,,20.042999,19.2206
1987873859,306.7138359,-75.83441452,0.128231,,19.952299,19.056101
2026030203,321.8348785,-75.92804972,-0.244624,,19.6255,18.7983
1922166177,297.9882012,-74.91704081,-0.181954,,19.972601,19.1339
1987889371,303.8032751,-75.12545389,0.0138744,,19.7222,19.032801
1987965701,307.0731466,-75.42412588,0.45800999,,19.847,18.966801
1987966404,306.9093,-75.26002097,-0.158733,,19.772499,18.999901
1987879968,302.4330565,-75.98361516,0.50772798,,19.8214,18.9114
1987887949,302.8292788,-75.30678833,-0.082990803,,19.769501,19.0103
404343497,318.9401024,-74.70146241,0.32990599,,16.8347,15.9921
2026030364,321.785167,-75.77620792,0.333832,,19.445,18.660299
1987983033,317.3229145,-74.21833396,-0.050490499,,19.1646,18.350599
1987983306,317.0153459,-74.23557555,0.294287,,18.829901,17.9783
331633099,305.424713,-75.2604064,0.242404,,17.8211,16.9666
404290770,311.3823441,-74.89073762,0.214224,,17.996401,17.145
1987890446,303.6021863,-74.90167573,0.25084201,,19.8738,19.042
1988038203,303.741165,-74.1789427,0.42157501,,19.582001,18.7929
1988038208,303.8197783,-74.16707817,-0.15686101,,19.773899,19.025999
1987874811,305.2280096,-75.96866634,0.182164,,19.517401,18.788099
331731025,320.8716201,-75.30993654,1.50981,,13.6397,12.7758
352479799,323.7883812,-74.2005598,1.3493,,12.9886,12.2205
352543707,325.6709827,-74.08808741,1.3659,,13.2099,12.4891
1987896391,303.410959,-74.40907558,-0.093857899,,19.951599,19.0704
1988041032,303.37394,-74.08467989,0.076996498,,19.7174,18.9424
1987883870,303.8934509,-75.88025107,0.25048101,,19.7866,18.9126
1987983592,317.194692,-74.11847025,0.54136097,,19.1017,18.261801
262021715,323.5927918,-75.14731863,0.174568,,18.444799,17.619801
262021780,323.5318188,-75.31218511,-0.058316901,,18.3221,17.420401
1987983633,317.0756291,-74.0814712,0.0066567701,,19.3351,18.635099
1987885108,303.5064782,-75.50838714,-0.48767099,,19.693001,19.1054
1988023789,306.6484525,-74.77932182,0.082763903,,19.8193,19.091
404293439,313.3808128,-75.0695813,0.84127998,,14.4801,13.6627
404340982,313.221923,-74.20742141,0.84959,,14.5352,13.7066
271577339,319.1798391,-75.18805439,1.0631,,14.1367,13.2565
271577500,319.1532613,-74.79752759,0.87592798,,15.0511,14.1819
271577604,319.1366409,-74.50139845,1.11017,,13.6991,12.9576
271577654,319.3436941,-74.40220424,0.85078299,,15.5901,14.7416
271577657,319.3641313,-74.38144418,0.89130998,,14.139,13.4404
271577681,319.3177691,-74.33033793,0.84352499,,13.8221,12.9429
271577754,319.2408758,-74.15653199,1.42012,,13.7702,12.9507
404284744,309.4992156,-74.70430264,7.1195502,,10.6,9.8341703
331682049,307.1784757,-75.62395761,4.1659799,,11.1471,10.4687
404287601,309.7378488,-74.74372539,3.1660199,,10.6467,9.9233599
469877982,316.7159388,-75.56017487,4.1859002,,11.8904,11.1039
469821652,300.6252849,-74.34451775,2.0518899,,12.5418,11.7037
261428246,304.7885267,-74.99531664,1.72956,,12.0002,11.3609
271577816,319.1274944,-74.01871329,1.0732501,,13.9448,13.1428
396215284,301.0226078,-75.03163001,0.96447498,,14.6753,13.818
396215286,301.3297731,-75.02850435,0.77023703,,15.849,14.9151
404285187,309.2964252,-75.62484539,1.7001899,,11.9614,11.2976
311425855,315.0985869,-75.16287704,0.77956003,,12.5825,11.8571
404343310,318.8078434,-74.31038431,0.0817485,,18.055,17.1905
404343304,318.7033679,-74.30037253,0.111768,,18.243,17.4109
404343399,318.8095068,-74.50810447,0.034695499,,18.238501,17.4053
404293796,313.3493237,-74.34515027,0.645293,,15.1739,14.3105
404340984,313.5142855,-74.20169821,0.66881198,,15.1839,14.337
1988022516,305.6774961,-75.18796367,0.26073501,,18.417,17.625601
1988023136,305.5763792,-75.11522333,-1.0830899,,20.563,19.751801
262021706,323.6189881,-75.12902348,0.279129,,17.7714,16.8641
271577185,319.1713694,-75.61555677,1.37564,,14.6274,13.7377
468145542,305.1915759,-74.15955156,0.40231201,,17.552999,16.6716
331633170,305.6560642,-75.14371282,0.131393,,16.996599,16.1777
331633712,305.4082372,-74.18362117,0.33835399,,17.445601,16.6492
404290960,311.4606813,-75.27266998,0.26784399,,17.318701,16.464399
404291291,311.4344327,-75.98472959,0.19137,,17.5109,16.6604
401572499,312.1001755,-74.26871897,0.205698,,17.688999,16.913401
262021786,323.5023429,-75.3392805,0.198057,,18.1633,17.368099
271577232,319.3472739,-75.49320963,0.92965102,,14.5716,13.8978
271577350,319.4256445,-75.16750837,0.87557399,,14.9586,14.0779
1922160141,295.2661983,-74.37128611,-0.80611402,,19.778999,18.995501
1922170099,297.1154629,-74.76836855,-0.244826,,19.698299,18.8643
1922127851,298.1148087,-75.84848691,0.25924101,,19.7316,18.7829
1987966391,306.9763576,-75.29447419,-0.34238601,,19.8104,18.9172
271577546,319.1660051,-74.64550023,0.68453902,,15.2576,14.459
271577624,319.2555276,-74.45043011,0.66320401,,15.0867,14.2799
1987983803,316.8482238,-74.04982417,-0.14865699,,19.078199,18.380699
271577734,319.3899751,-74.20756949,0.95472598,,14.5776,13.6942
469821495,300.6748892,-74.62986398,0.75672501,,15.124,14.2041
404293507,313.2418478,-74.93887908,0.227238,,16.6374,15.8074
271577423,319.1175995,-74.99958114,0.69812399,,15.8615,14.9897
271577552,319.2616618,-74.63119987,0.383046,,16.329599,15.5164
331681884,306.9046427,-75.97248606,1.97447,,13.6599,12.7905
331681954,307.2429471,-75.84699003,1.53351,,12.4288,11.6113
401575177,313.6484406,-75.73563089,1.54528,,12.9886,12.2151
401603150,313.6688074,-75.2385449,1.12406,,13.5604,12.8776
401572613,312.0862796,-74.48352459,0.39496699,,17.4128,16.591
401572614,312.2789742,-74.4918274,0.104822,,17.6105,16.929501
401572756,312.3449512,-74.76397123,0.198947,,17.167,16.305599
331743779,321.597395,-75.36587585,0.049407698,,17.438499,16.833799
469825372,301.4191526,-75.98336807,0.26610199,,17.2026,16.337099
331633273,305.4800117,-74.94881401,0.238823,,17.472799,16.5933
404291292,311.4849423,-75.98606865,0.232868,,17.373899,16.5688
401572388,312.0983845,-74.07231917,0.248329,,17.108101,16.233601
325222705,317.4972898,-74.3633174,0.33228201,,17.633499,16.7808
325277793,322.3063525,-74.91584263,0.13711999,,18.3232,17.494699
271577778,319.3122563,-74.11807159,0.478836,,16.224899,15.3573
1987938674,317.159642,-75.48356173,-0.44334799,,19.852301,18.970301
1987938689,317.36194,-75.45484001,-0.17621499,,19.6658,18.896
325277891,322.2130724,-75.10082736,0.14681201,,18.3027,17.490601
325277997,322.2590727,-75.35568637,0.118383,,17.8353,17.018801
325278076,322.2853767,-75.58377972,0.158701,,18.238501,17.369499
1987892361,300.4842343,-75.08288619,0.078448899,,19.7885,18.8477
271577473,319.40096,-74.87154882,0.63809597,,16.102699,15.236
331633067,305.4864697,-75.31207038,0.235109,,18.191099,17.3374
331633206,305.4439544,-75.06583084,0.081546098,,18.133499,17.2857
331633218,305.5885514,-75.04298067,0.170661,,18.123301,17.2614
1987890511,303.4990705,-74.85012363,-0.30143499,,19.8251,19.1101
1987894909,303.3824402,-74.79908104,0.37530699,,19.6401,18.7668
2026030365,321.8096967,-75.77455546,0.29984799,,18.428499,17.664801
2026030381,321.9180968,-75.74651107,-0.724558,,19.9282,19.168699
1987885898,305.8586309,-75.30373276,0.109672,,19.3437,18.461
1987955120,313.1117145,-75.87507632,0.142336,,19.0221,18.4205
331633280,305.5447083,-74.93244214,0.24345601,,18.060499,17.1777
1987955788,313.1228189,-75.60456657,0.0589207,,18.740999,17.9494
1987960196,313.0893052,-75.22368285,0.43379599,,19.2885,18.461901
1987960247,312.877962,-75.1906045,0.143455,,19.484301,18.6106
1987988505,312.9688495,-74.51078405,0.16106901,,18.9543,18.0952
1987988630,313.0690298,-74.41582025,0.240319,,19.1768,18.4823
1987988584,313.1273237,-74.46470314,0.30198199,,19.114901,18.3141
1987988592,313.1528621,-74.44193369,0.28617701,,19.1127,18.446899
1987982413,317.2710634,-74.5050979,-0.156993,,19.468399,18.601801
1987886160,305.5011366,-75.22272281,0.19803099,,19.8822,19.080099
1987887058,305.2329089,-75.05575213,-0.280534,,19.8312,19.041
271577177,319.0936539,-75.64562497,0.689363,,15.1921,14.4198
271577253,319.3058355,-75.44207115,0.29106399,,16.543501,15.667
331633638,305.349472,-74.31563331,0.228168,,17.8055,16.922199
262021569,323.486539,-74.76654856,0.35205901,,17.5788,16.827801
262022016,323.7249802,-75.89445031,0.35775,,17.267599,16.454901
325277482,322.2005344,-74.21124193,0.33263001,,17.007,16.226801
325277504,322.5878752,-74.25648869,0.29016101,,17.483601,16.620199
325277530,322.4489012,-74.30632883,0.37857899,,17.3757,16.5079
325278008,322.5402772,-75.39185088,0.25741899,,17.148899,16.2938
325277989,322.2932118,-75.33079318,0.171904,,17.3582,16.459
273571644,357.3080122,-74.41436943,0.27124399,,17.478201,16.663
1987947744,318.6821984,-74.19898983,0.120273,,19.471701,18.783701
1987882970,301.3244662,-75.54915416,0.0037497501,,19.915701,19.105
1987898568,301.3574357,-74.26003565,-0.121155,,19.741501,18.8398
404291003,311.3102609,-75.37444955,0.31051901,,18.2388,17.414
1987884605,302.7442521,-75.72975349,-0.41338301,,19.8685,19.0744
1988040827,303.7356551,-74.11686287,-0.17819101,,19.624901,18.743401
311425329,315.0703996,-75.71757498,1.48912,,13.7257,12.9308
469811794,300.0209186,-74.13616574,1.73071,,13.1975,12.4259
469820836,300.8220245,-75.94711315,0.393904,,16.967199,16.150999
469821491,300.8604501,-74.63351105,0.44451401,,16.731501,15.8124
404293795,313.2368756,-74.34698458,0.28291801,,17.508699,16.6366
271577549,319.322837,-74.63747057,0.28458101,,17.190701,16.3566
271577675,319.1774093,-74.34863966,0.41579801,,17.2145,16.3895
404343430,318.6753123,-74.56272999,0.254677,,17.6416,16.7845
1988025334,306.7512995,-74.56930995,0.25770199,,19.715599,18.9452
1922160076,295.2740338,-74.4183494,0.140202,,19.608101,18.729401
271577111,319.0444894,-75.81541955,0.51320797,,16.315201,15.4755
401572665,311.996897,-74.56419361,0.29671699,,18.0644,17.286501
1987884914,303.4631728,-75.62654571,-0.252949,,19.7348,18.939199
262021489,323.4151373,-74.55800356,0.027068701,,18.1474,17.3269
271577128,319.2183446,-75.78684152,1.19449,,14.3898,13.5222
271577134,319.1201201,-75.7819275,0.33024701,,16.386801,15.7043
271577354,319.0857534,-75.16309314,0.302129,,16.515499,15.6828
271577438,319.1668393,-74.94170023,0.384992,,16.961901,16.099701
271577519,319.2780768,-74.73814953,0.234522,,16.5201,15.6458
271577595,319.1825713,-74.52043362,0.38238499,,16.4452,15.7025
271577658,319.2283832,-74.38099338,0.437545,,16.618799,15.7498
271577694,319.0940424,-74.29802609,0.424611,,16.417999,15.5965
271577699,319.4034143,-74.29072496,0.374125,,16.533199,15.7211
271577704,319.1300141,-74.28376744,0.46021301,,16.2264,15.4013
1987890340,303.3376482,-74.9515084,0.181463,,19.7073,18.8295
1987895443,303.4453268,-74.67232574,-0.31071001,,19.6961,18.916401
1987966586,306.4915816,-75.25357818,-0.43609899,,19.635799,18.8372
271577608,319.1791095,-74.49094564,0.43871701,,17.2813,16.430099
1988023180,305.7929733,-75.06724283,0.40468001,,18.524,17.7418
1922131061,298.2542853,-75.23843381,0.016759999,,19.522499,18.680799
469825132,301.4871075,-75.46623776,0.28601599,,17.9484,17.0833
469825199,301.680538,-75.58405705,0.30118001,,17.9419,17.034201
469825379,301.5550087,-75.99732647,0.0986965,,17.999701,17.099899
331633123,305.4886894,-75.21598871,0.35874599,,17.4216,16.538
331633205,305.506646,-75.0669712,0.198587,,18.2579,17.489901
1987895550,303.4885128,-74.56282046,-0.70745403,,19.7321,18.847
1987877110,305.2329173,-75.67448501,-0.29079801,,19.7526,18.966801
262021888,323.6725672,-75.57717182,0.31412101,,18.0133,17.222601
262021974,323.4781561,-75.78345065,0.292077,,18.0951,17.2789
325277390,322.5191325,-74.02733628,0.277235,,17.9266,17.1513
325277577,322.5165124,-74.41433473,0.33784199,,17.745199,16.998699
325277715,322.3977388,-74.72647434,0.23209301,,17.981199,17.146601
404293444,313.504267,-75.05345767,-0.067345701,,17.2565,16.6584
1988026066,305.4860043,-74.80663019,0.054581501,,19.840401,19.037399
1988022884,306.8965545,-74.95210236,-0.34440699,,19.7976,18.988501
1988031016,307.9832912,-74.1695413,-0.0154133,,19.694,19.019501
1922141367,292.1382838,-75.46762096,0.26539499,,19.611099,18.745001
1922152050,292.2400319,-75.22190477,-0.066257603,,19.4014,18.657499
331633284,305.2922532,-74.92778233,0.19635201,,17.825701,16.943899
331633366,305.5755667,-74.77814744,0.138504,,17.969299,17.115999
331633459,305.6263808,-74.6252434,0.21609101,,17.781401,16.945801
331633531,305.3043237,-74.50379978,0.234943,,17.831499,16.973101
1922166753,297.0728871,-74.90375768,-0.0660377,,19.626101,18.7623
1922171455,297.1048494,-74.44341911,0.47263601,,19.423599,18.5499
325277874,322.3243865,-75.07659744,0.0053796298,,17.8608,17.0823
325277938,322.4662661,-75.21321946,0.107436,,18.0935,17.1702
325277927,322.4387472,-75.18699747,0.224352,,17.9536,17.0459
331633617,305.6486743,-74.35019661,0.175538,,17.3375,16.4865
1922168835,298.2291554,-74.54589647,-0.17892601,,19.7104,18.804899
1987897768,300.7597176,-74.60960046,-0.39026901,,19.5439,18.7008
1987889382,303.5536299,-75.14545269,0.45766199,,19.636299,18.800301
331633803,305.2902698,-74.0317604,0.203197,,17.854,17.023199
404290771,311.5601987,-74.89163456,0.207479,,17.693001,16.840099
404290907,311.2224489,-75.16105035,0.17982399,,17.5301,16.6595
404291133,311.4098045,-75.65389208,0.28332099,,17.203199,16.347099
1988023845,306.6110186,-74.74221374,0.212556,,19.926901,19.1597
1987873910,306.8493526,-75.75989047,0.26156399,,19.815001,19.0105
1987965346,306.7471428,-75.62225486,-0.0276845,,19.629801,18.7624
1987969492,311.141077,-75.08270094,0.0130257,,19.5935,18.868
1987969637,311.2092703,-74.98765146,0.163881,,19.663099,18.8253
1987967771,309.2797427,-75.02220404,0.0123383,,20.3606,19.504999
1987967800,309.3428201,-75.00049718,0.26973701,,18.587099,17.760799
1987890200,303.8660449,-75.01097293,-0.10649,,19.440701,18.688101
290349877,328.9654663,-74.24770568,0.260501,,17.4853,16.626301
270205250,332.5527281,-74.24048613,0.252882,,17.004801,16.193701
270275109,334.2897727,-74.31146195,0.46124399,,17.273899,16.452801
325339956,334.798974,-75.67384694,0.404443,,17.1609,16.3451
1987895631,303.9354904,-74.51003527,0.264534,,19.4786,18.770599
1988040911,303.8870356,-74.08585103,-0.0292798,,19.7391,18.876499
1987875878,305.335806,-75.98543426,0.157563,,19.411301,18.5835
404343351,318.8095378,-74.39880185,0.336795,,17.369699,16.497601
404343388,318.8425669,-74.4930091,0.33441201,,17.721001,16.8948
404343420,318.7041006,-74.55036663,0.25181699,,17.4098,16.5959
1987974777,311.2852654,-74.28605526,0.35728601,,19.823799,18.9704
1987992051,311.6599091,-74.02917879,0.584153,,19.793501,18.9429
1987937604,317.3674747,-75.75436288,-0.78178602,,19.6464,18.884001
404287943,309.8385945,-74.10364596,1.4047199,,13.3297,12.6187
469877829,316.8116269,-75.87965415,2.27266,,12.6302,11.8451
469878680,316.7516517,-74.09163428,1.5537,,13.296,12.5423
396211212,300.5385158,-75.46943278,1.19147,,13.3972,12.6625
1922124373,296.9554822,-75.60554725,0.076692,,19.142401,18.277399
1922169105,299.1136584,-74.42494156,0.138717,,18.746599,17.9116
1922172441,299.2245058,-74.22034037,0.19902501,,19.0107,18.2013
1987892931,301.38579,-75.22808871,0.123588,,19.1255,18.2686
1987893097,301.25124,-75.19942933,0.28224301,,19.032801,18.228701
1987886805,305.392087,-75.19636715,0.26702401,,19.513901,18.655399
1987886890,305.3266373,-75.10158034,0.0223758,,19.583099,18.7381
1988023402,305.3755993,-75.00671426,-0.0041151899,,19.569799,18.8036
1988027367,305.4487489,-74.54444999,0.219603,,19.6014,18.771999
1987887168,302.471613,-75.63304537,0.319857,,18.937799,18.126301
1987896390,303.3794704,-74.41266047,0.53161901,,18.903799,18.068399
1987896569,303.4712153,-74.3475065,0.53107601,,18.99,18.193001
1988040880,303.6081974,-74.0937736,0.27645901,,18.789301,17.906799
1987982496,317.3755974,-74.43292093,0.325488,,19.318199,18.6147
1987982767,317.0870001,-74.25315136,0.213652,,19.139601,18.458
1987939209,319.3839165,-75.38053949,0.48018101,,18.990499,18.198299
1987944700,319.424293,-74.75464974,-0.00688911,,19.076599,18.324499
1988031054,308.3067877,-74.16262335,0.257442,,19.6334,18.8967
1922152106,292.2426928,-75.18928273,0.52085203,,19.182899,18.301399
1922159176,295.4269741,-74.52437077,-0.24213199,,19.0648,18.330799
1922166777,297.0553745,-74.87943739,0.127932,,19.1702,18.4676
1922178570,297.1441213,-74.10780635,0.098204903,,18.7726,18.020399
1922131264,298.1759672,-75.17732159,0.494914,,19.058701,18.177601
273569800,357.1093815,-74.39449377,0.230419,,17.421,16.622499
1987885256,303.5199713,-75.41389488,0.0954457,,18.7314,17.981701
1987888106,303.335964,-75.18809018,0.206697,,18.857599,18.0711
1987890107,303.2123824,-75.08749194,0.36718801,,19.0851,18.242399
1987890122,303.1917689,-75.07909504,0.31926,,18.8759,17.9918
1987890346,303.0618371,-75.00513216,0.32154399,,18.986601,18.152201
1987890492,303.3453599,-74.86914384,0.069841199,,18.6271,17.9342
1922165955,298.0274178,-74.97967203,0.48590899,,19.0963,18.231501
1922168762,298.0682891,-74.62668187,0.29082599,,18.993299,18.0795
1987892081,300.7262969,-75.20441873,0.114476,,19.1964,18.316601
1987892360,300.448291,-75.09239328,0.13395201,,19.219,18.383301
1987896894,300.5400616,-74.82884929,0.188969,,19.083799,18.187799
331681938,307.0398133,-75.87759674,1.21782,,13.0969,12.2637
271577379,319.2992691,-75.12069572,0.40073499,,17.382099,16.534201
404343502,318.7348055,-74.70859017,0.34709799,,17.8174,16.9618
262021467,323.4604499,-74.52455446,0.138172,,17.916901,17.022499
392759943,327.5725649,-74.39670286,0.270188,,17.755199,16.884399
290305814,328.51605,-75.60719434,0.217163,,17.593,16.6824
1987897774,300.7332056,-74.59580057,0.34399399,,18.4751,17.6215
1987901188,300.699222,-74.17586264,0.043388899,,19.2985,18.4596
1988038220,304.1640573,-74.18690743,-0.0218482,,19.081301,18.281099
1988040955,304.0408801,-74.02793316,-0.0403351,,18.9133,18.369801
1988040957,304.036229,-74.00821106,-0.27587101,,19.1903,18.4135
1987876067,305.2702485,-75.92348306,0.300515,,19.018299,18.258499
1987876783,305.1570371,-75.80562498,-0.017529299,,19.218599,18.3496
1987876225,305.8392517,-75.77289763,0.30952001,,18.5653,17.766199
1987877238,305.7159843,-75.68214075,0.41910201,,18.8934,18.029499
262021665,323.5290596,-75.01634813,0.226403,,17.596201,16.6975
262021717,323.3580683,-75.15060289,0.271299,,17.339701,16.561199
262021766,323.6245105,-75.27777137,0.201331,,17.7854,16.883499
1987886147,305.4356344,-75.23464678,0.41031101,,19.034201,18.245501
1988026034,305.08552,-74.83515396,0.274508,,19.201,18.367599
1987966974,306.9667998,-75.14030595,0.212906,,19.0366,18.169701
1988022699,306.7713471,-75.11273285,0.38883001,,19.0686,18.247601
1988023038,306.7622443,-74.91767571,0.041936699,,19.217199,18.321501
290349437,329.0246708,-75.41616966,0.091829002,,17.944599,17.124701
290349641,328.9625137,-74.89905635,0.0894605,,17.8211,16.9585
290349709,329.2178315,-74.70772605,0.25707,,18.165701,17.2782
404293335,313.3948412,-75.26841066,0.50098598,,17.2726,16.387501
1987967863,309.2386866,-74.93284706,-0.109883,,19.7745,18.9317
1988025421,306.8885977,-74.54076795,0.050478,,18.859501,18.087799
1922160091,295.2781891,-74.39885622,0.132282,,19.3505,18.545401
1922171453,297.0738148,-74.45309026,0.076364703,,19.3978,18.5075
271577571,319.246932,-74.58036462,0.42063001,,17.047001,16.215401
271577585,319.3285161,-74.55480599,0.28023401,,17.0504,16.220501
271577603,319.2970686,-74.50243546,0.15713,,17.067801,16.2729
271577677,319.3431766,-74.34159744,0.31959501,,16.9557,16.149099
1922127910,298.0899742,-75.79257115,0.40731201,,19.4557,18.6632
1922128092,298.1459102,-75.72338268,0.173058,,19.335199,18.419201
1922167059,297.9840068,-74.78866128,-0.121684,,19.579201,18.735901
1922173581,298.0889522,-74.1241193,0.35291001,,19.3556,18.484501
1987931459,313.0917576,-75.96552079,0.10163,,18.967199,18.1668
1987955452,313.0665392,-75.77313402,0.157902,,18.568701,17.893101
1987957719,312.9654163,-75.41115527,0.377426,,18.8248,17.9484
1987957790,313.1074028,-75.31319612,0.142628,,18.949301,18.057301
1987960221,313.1949117,-75.16617118,0.34709799,,18.761999,17.896601
1922173398,298.3366054,-74.1313541,0.30335501,,19.3797,18.4797
1987890412,303.4669825,-74.94171095,0.067576699,,19.3463,18.485201
262021854,323.674658,-75.48120096,0.21507099,,17.8111,16.9307
262021903,323.6231622,-75.59117735,0.16657899,,18.0858,17.3283
262021904,323.5436515,-75.59231457,0.246521,,18.0247,17.1175
262022000,323.6633088,-75.8604998,0.022056401,,17.806299,16.9825
401572750,312.1245272,-74.7518135,0.34495699,,17.4223,16.542999
325222034,317.6151641,-75.88006725,0.49434999,,17.5453,16.707899
325222054,317.5626684,-75.82303292,0.122727,,17.637501,16.9242
325222163,317.6450297,-75.54203841,0.25094301,,17.9611,17.0975
325222222,317.8459307,-75.41436644,0.218261,,17.603399,16.723499
325222632,317.5394105,-74.52112767,0.056694299,,17.5942,16.802601
325222668,317.5863726,-74.44857039,0.30252001,,17.990101,17.125299
1987890434,303.5588159,-74.90116131,-0.35304999,,19.312201,18.6334
1987895578,303.7931426,-74.58238831,-0.0046337401,,19.1824,18.499201
1987895701,303.817174,-74.46776205,0.21207,,18.927099,18.138399
1988037260,304.2386592,-74.38874441,0.189101,,19.249901,18.493099
325277738,322.5695903,-74.80946439,0.39155799,,17.1059,16.2054
331721883,306.9465669,-75.16867444,1.61462,,13.7243,12.9087
331721942,307.0925262,-75.07202014,1.8085001,,12.6531,11.8401
331722171,306.9676808,-74.58136256,1.8494,,13.2749,12.4728
331722239,306.9034358,-74.44607275,1.32215,,13.7723,12.8947
331722244,307.1057883,-74.43726172,1.5124201,,13.3717,12.508
270275076,334.1735652,-74.23398722,0.065267399,,17.9284,17.132601
1987876075,305.5028558,-75.92703197,0.110756,,19.3405,18.570601
1987877162,305.4100762,-75.60288356,0.28340301,,19.580099,18.753599
325277889,322.4296799,-75.10015398,0.371865,,17.9125,17.0275
1987972707,309.4402622,-74.80013157,-0.23191901,,20.101801,19.3032
1987877169,305.4496464,-75.57968962,0.384341,,19.5189,18.674601
1987886831,305.3698658,-75.1380738,0.35487199,,19.1537,18.309601
1987887060,305.2700416,-75.05491771,-0.32735401,,19.5522,18.7374
325278111,322.4698226,-75.67710602,0.235282,,17.554001,16.6817
325278184,322.5046319,-75.85697969,0.118268,,17.550699,16.6469
325278226,322.5843157,-75.94163245,0.253775,,17.7349,16.926399
469824661,301.697802,-74.61836289,0.17215,,17.4272,16.548599
1988026075,305.6205195,-74.8024342,-0.126882,,19.4291,18.619801
1988026318,305.4684733,-74.6813071,0.202011,,19.4965,18.7883
1988022719,306.8233343,-75.06521214,0.20122901,,19.2822,18.542801
469825077,301.4801701,-75.37049272,0.26143599,,17.772499,16.8981
1988022789,306.7470797,-75.0031371,0.57198697,,18.871,18.0569
1987971641,311.2927473,-74.67939156,0.46414199,,18.886801,18.006701
1987980145,313.336032,-74.61213286,0.148422,,18.606501,17.814199
1987988598,313.2961094,-74.45318826,0.121213,,18.594299,17.8528
1987939184,319.2976128,-75.40550771,0.33318299,,18.413099,17.579599
1987939280,319.1881015,-75.25153335,0.23986299,,18.916599,18.038799
262021915,323.3574707,-75.6214561,0.40879601,,17.912701,16.979401
1988025429,306.8309788,-74.52239465,-0.0436639,,19.196501,18.4687
1988028059,306.9148137,-74.36603068,0.462363,,19.2246,18.365299
1988028075,306.857149,-74.35795568,0.464129,,19.110901,18.2962
1988031009,308.0038824,-74.18922182,0.102554,,19.570999,18.702299
1922141236,291.9759994,-75.52524846,-0.268884,,19.302799,18.478399
270275105,334.002168,-74.30488052,0.25884601,,17.5327,16.678801
325222038,317.5611716,-75.86268989,0.41854,,17.399599,16.522499
325222159,317.4980394,-75.54862629,0.093744099,,17.464001,16.6306
325222754,317.4878341,-74.25662857,0.405646,,17.688101,16.856501
331722401,306.9225896,-74.12682961,1.38027,,13.3558,12.5655
404284682,309.6344514,-74.57493572,1.8430901,,13.2869,12.5104
404284764,309.2747003,-74.7234169,1.36519,,12.5995,11.9539
1987972738,309.4567855,-74.75470547,-0.0524396,,19.9928,19.1399
1922158968,295.3429149,-74.56951748,-0.0215939,,19.625299,18.7488
1922171706,297.2709179,-74.30459433,0.39254799,,19.438,18.595301
1922119938,297.9874494,-75.88516662,0.084059298,,19.6602,18.772301
1987971787,311.5202688,-74.5802022,0.223049,,19.1684,18.3377
1987971789,311.58545,-74.57418407,0.49279901,,18.8438,18.0474
1987975056,311.4270635,-74.0826188,-0.054540101,,18.912001,18.135
270275548,334.0147233,-75.48555446,0.24300399,,18.0128,17.1551
325339514,335.1295778,-74.57427833,0.0872899,,17.5632,16.9424
404284809,309.4837099,-74.81099236,1.23616,,12.5444,11.9466
404284920,309.5607684,-75.05165645,0.75802302,,13.0763,12.509
1987938539,317.3238887,-75.52072425,0.21743201,,18.8118,18.0539
1987938714,317.3974425,-75.41227778,0.53783298,,18.849701,18.052099
1987947745,318.6384323,-74.19972788,0.17443299,,18.8535,18.005199
1987947811,318.5870272,-74.16165595,0.346421,,19.048201,18.182199
404343362,318.8857515,-74.4227712,0.29007,,18.1028,17.348499
1922130987,298.1703494,-75.28043184,0.061717901,,19.438999,18.4867
1987972834,309.6792691,-74.71925527,0.386565,,18.739599,17.9219
1922169106,299.3145782,-74.49955227,0.49925101,,19.5187,18.628
1987898569,301.3417289,-74.25460111,0.20188101,,19.7637,18.842199
1987879993,302.7003875,-75.91869326,0.107158,,19.3071,18.513901
1987880615,302.5261653,-75.90847369,0.50772202,,19.529699,18.700701
271577819,319.2056357,-74.00117633,0.112579,,18.419201,17.5881
1987889400,303.5318068,-75.13557144,0.28241199,,19.532301,18.690399
1987895673,303.6004458,-74.50876935,0.17155901,,19.373301,18.6371
1988038210,303.8203107,-74.14952268,-0.30964601,,19.5688,18.7929
1987876961,305.5388952,-75.67478767,-0.462917,,19.645399,18.945601
404343498,318.9459877,-74.70306686,0.42013201,,17.889799,17.0443
262021845,323.6177428,-75.4614786,0.100797,,18.2649,17.3738
325277582,322.3654394,-74.42727046,0.21878199,,17.962601,17.0998
1987885824,305.4406881,-75.40419961,0.56618398,,19.701401,18.833
1987886894,305.2899494,-75.079241,0.193224,,19.3183,18.5839
1988023224,305.471756,-75.05704693,-0.060240898,,19.812599,18.9764
1987973550,309.3542876,-74.53306951,0.330549,,18.436701,17.7071
325278024,322.4180482,-75.42464905,0.11505,,17.845501,17.2019
331633422,305.4124267,-74.68747063,0.33602399,,17.498199,16.6234
1987978721,315.450324,-74.50281702,0.0138083,,18.356001,17.5788
1987978735,315.4331668,-74.49607369,-0.19919799,,18.4258,17.564699
1988022277,305.8553177,-75.24156226,0.48096201,,19.019699,18.264999
1988022280,305.9760743,-75.22209327,0.140541,,18.9839,18.137699
1987955071,312.9870553,-75.96739082,0.181482,,18.771999,17.941601
1987955166,312.8426851,-75.85477689,0.18414,,19.058201,18.213499
1987955694,312.8669581,-75.67063089,0.218183,,18.768299,17.99
1987956370,313.102928,-75.53796796,0.25522,,19.081699,18.218201
1987957745,313.2491224,-75.3527548,0.127379,,18.709999,18.0597
1987957784,313.0204471,-75.32330217,0.59036899,,19.1136,18.2747
316991168,335.2708196,-75.21337971,0.492266,,17.959801,17.0114
1987980958,315.3251998,-74.36452893,-0.0964147,,18.914101,18.0541
1988026361,305.3549343,-74.67700844,0.294346,,19.763,18.9547
331633640,305.5187663,-74.31438106,0.35442001,,17.196899,16.3354
1987974061,309.2378224,-74.42641056,-0.304263,,20.167101,19.3818
2025949103,323.1759571,-75.91750443,0.138192,,18.4692,17.6409
1987960281,313.0005934,-75.11236325,-0.176535,,19.178801,18.368601
1987960562,313.3846186,-75.04379482,0.099106103,,19.2152,18.379999
1987961401,313.1589682,-74.81641325,-0.0100987,,18.548201,17.9361
1987982411,317.1761685,-74.49569539,0.21382099,,18.670799,17.842501
1987982495,317.3996866,-74.43160804,0.165932,,19.002399,18.255199
2026031662,323.3047499,-75.48699446,0.16979501,,18.680099,17.7637
396215561,301.3662831,-74.59393363,-0.071122497,,18.091999,17.208599
404293044,313.2121552,-75.88994031,0.32411301,,17.356701,16.587099
1987982566,317.2960283,-74.36612786,0.138308,,19.1654,18.400801
1987937030,319.435899,-75.41156837,0.093436502,,19.007299,18.2321
1987939220,319.429919,-75.32702124,0.28230801,,18.803499,18.0021
1987943466,319.329299,-75.22942323,0.52714097,,19.2304,18.3887
271577075,319.2984016,-75.91291187,0.180869,,18.1989,17.3249
271577162,319.0653496,-75.68826424,0.31453499,,18.183399,17.306999
271577196,319.0653851,-75.58613953,0.200174,,17.2897,16.419399
1988025439,307.0300825,-74.50507667,0.064962097,,19.2971,18.5151
1922151745,292.1364418,-75.36822785,0.230928,,19.147499,18.295799
1988040885,303.652782,-74.0871162,0.075557999,,19.567499,18.7969
1987883461,303.3791921,-75.94201409,-0.0025345499,,19.5795,18.724001
2026038083,323.1685738,-74.81074058,-0.182045,,18.718901,17.8389
2026038330,323.4518758,-74.76200472,0.11612,,18.2069,17.2971
1987943708,319.4583562,-75.13347473,-0.041120101,,19.0858,18.240101
1987947045,319.0806076,-74.34584052,0.37091801,,19.1061,18.2586
2026030352,321.7435236,-75.81920248,0.148444,,18.933901,18.208401
2026040403,323.0732938,-74.52020563,0.38322699,,18.194599,17.2987
1987974069,309.2932838,-74.39027,-0.13171799,,20.314199,19.4368
271577394,319.3823566,-75.08878428,0.44379401,,17.4783,16.735399
1987887875,303.4521368,-75.2723261,-0.00372922,,19.4062,18.520599
1987894932,303.1201561,-74.80059476,-0.011154,,19.6639,18.860399
1987895202,303.2259982,-74.64802806,-0.00904766,,19.8207,19.025299
2026041843,323.0410611,-74.35117886,0.0370823,,18.779699,17.898899
271577499,319.111491,-74.79940879,0.230233,,17.405701,16.538099
2026041967,322.8965907,-74.23362369,-0.0537664,,18.368601,17.5252
2026041992,323.0351654,-74.20129424,-0.069817603,,18.4554,17.596001
1987974076,309.4045846,-74.39944445,0.046913199,,19.877701,19.0711
1922152042,292.2284737,-75.23254618,0.246786,,19.318399,18.466499
2025947239,326.2052883,-75.96524938,0.206797,,17.9599,17.0875
1987966637,307.1610199,-75.32149341,0.248888,,19.436701,18.545601
1988030266,309.3219403,-74.31243601,-0.191404,,20.018499,19.147301
1988030316,309.1330927,-74.27130769,0.108903,,18.195999,17.792601
273571829,357.2428494,-74.88457926,0.32622701,,17.6052,16.8332
273571996,357.1638967,-75.36277712,0.131901,,18.2087,17.455999
352543265,325.3328823,-75.22710166,1.12775,,13.9429,13.081
401572376,312.1831613,-74.05177227,0.29778501,,17.8002,17.014601
401572703,312.1786217,-74.64474224,0.21969301,,17.867201,17.057899
273572153,357.2041126,-75.76479224,0.13143399,,18.5369,17.705601
273572181,357.15114,-75.86323841,0.126679,,18.0177,17.253799
1987971607,311.1273076,-74.73284073,0.0354513,,19.5956,18.7917
1987971791,311.5739566,-74.56452015,-0.296498,,19.8738,19.033899
1987971969,311.0976424,-74.52971213,-0.105723,,19.673201,18.9235
1987971956,311.417713,-74.4800226,-0.27113399,,19.8904,19.241699
271577736,319.4242259,-74.20352109,0.194272,,18.224701,17.3414
271577798,319.1758556,-74.06779053,0.036967199,,17.6483,16.954399
469820835,300.9220451,-75.94926051,0.042840902,,18.060499,17.2866
469820935,300.93861,-75.77749623,0.233961,,17.2201,16.330999
469820980,300.6800807,-75.6885685,0.37458399,,17.394699,16.500401
1987938688,317.3827037,-75.46321182,-0.061900701,,19.526501,18.649799
1988030599,309.4314763,-74.10694144,0.46451601,,18.110399,17.279699
2025998048,326.0606644,-75.43121746,-0.067151897,,18.7745,17.8517
1922178628,296.996817,-74.07972753,0.177049,,19.2743,18.428699
1922168550,298.1851879,-74.68777408,0.296422,,19.562599,18.649401
352543446,325.5298178,-74.75977231,1.09849,,13.9882,13.2618
311425517,315.0214464,-75.50012742,0.39994499,,16.268,15.4863
325249275,318.0326061,-74.52142314,0.389355,,16.603001,15.7823
2026002735,328.5849371,-74.96600033,0.27672499,,18.1444,17.2565
1987952398,309.5268557,-75.99421951,-0.47736099,,20.165199,19.320299
1987952400,309.4576674,-75.98813695,-0.84881002,,20.342199,19.5098
2026002774,328.385433,-74.90244909,0.122325,,18.173401,17.3976
1987889185,303.9259597,-75.21056444,0.37304601,,19.040001,18.186501
1987890431,303.5102727,-74.92198994,0.051047999,,19.181,18.417
1987895243,303.6752682,-74.73221046,-0.0637867,,19.2316,18.471399
1987895610,303.9339127,-74.54083962,-0.0679489,,19.314699,18.5114
1987895669,303.5979965,-74.50870572,-0.217804,,19.356501,18.522699
469821256,300.8003587,-75.13180912,0.305462,,18.182899,17.243299
404293047,313.2471292,-75.88649796,0.167652,,17.713499,16.870701
404293061,313.2309532,-75.86648552,0.381814,,17.5345,16.6642
404293106,313.5392436,-75.7692036,0.0117035,,18.1525,17.3934
404293327,313.3540678,-75.28192647,0.44113401,,17.7148,16.82
271577096,319.1524116,-75.86555481,0.000056189401,,18.065901,17.2645
271577097,319.4287329,-75.86245163,0.24137101,,18.1245,17.294399
271577227,319.3955385,-75.5054578,0.15130199,,18.0266,17.1502
1987953062,309.4221264,-75.84609254,0.25856301,,18.344801,17.5758
2025989011,330.0380505,-75.93975859,0.258596,,18.252399,17.398199
1987954369,309.4604513,-75.76785187,-0.66380799,,20.442101,19.575001
352479150,324.0414372,-75.89306969,0.294929,,16.9522,16.0609
352479776,323.8432337,-74.2424269,0.68533802,,15.697,14.885
352545911,325.7346003,-75.19275468,0.61739802,,15.2801,14.5105
352543450,325.5891855,-74.7557365,0.223518,,16.2495,15.4028
327784342,312.423057,-74.34003564,1.2648799,,13.9014,13.0949
1987896803,301.2869684,-74.7837512,0.103722,,19.216,18.3423
1987891552,301.3141565,-75.29787694,-0.34863001,,19.7651,18.868999
1987880636,302.5976215,-75.87815897,0.296505,,19.560499,18.730101
271577248,319.363541,-75.44723765,0.42442101,,18.0324,17.154499
271577313,319.3391969,-75.25871406,0.29055601,,17.9118,17.0597
1987896355,303.7904404,-74.40796548,0.211307,,19.3839,18.5972
1988038129,303.9559457,-74.22754529,0.22886799,,19.014099,18.288099
1988040964,303.700245,-74.07218627,0.28809199,,19.372801,18.552799
1988040925,303.8920211,-74.05789804,-0.066655301,,19.3599,18.5972
1987875875,305.4014096,-75.99088916,-0.109196,,19.321501,18.564899
1987876133,305.4146712,-75.84638438,-0.0145928,,19.309601,18.472799
1987876144,305.3839168,-75.83225933,0.25805399,,19.330601,18.567499
1987880682,302.3913492,-75.85859154,0.045696199,,19.5403,18.681499
1987896392,303.4950484,-74.40366875,0.131136,,19.5082,18.730499
1988040856,303.3417352,-74.16222692,0.199159,,19.6119,18.8267
1987883758,303.3910676,-75.82903941,0.240005,,19.521601,18.593
325222254,317.4411203,-75.35731679,0.019641001,,17.817699,17.1894
2026000912,326.4603969,-75.20913688,0.098104298,,18.315001,17.560499
273223982,314.3060565,-74.84608702,1.09271,,14.1679,13.3801
273223858,314.3005981,-74.54394318,1.36692,,14.2415,13.4137
273224301,314.1338342,-75.58180409,0.82514697,,14.2035,13.427
325249703,318.0747165,-75.44097184,0.59523302,,15.4505,14.6226
325249745,318.2216761,-75.52918619,0.67562002,,16.1488,15.2965
325251572,318.3633998,-75.8481944,0.72884798,,16.023899,15.231
325251575,318.3207548,-75.83975454,0.501293,,16.1628,15.2674
2025989081,329.8953788,-75.82961953,0.19806901,,18.364,17.459801
2025989088,329.8417084,-75.82487767,0.22847,,18.0119,17.224501
331633507,305.6600234,-74.54654863,-0.061249301,,18.0466,17.199499
325252096,318.4439651,-74.67422517,0.733715,,15.1904,14.4179
325252297,318.3854311,-74.25561236,0.47885299,,15.7964,14.9914
404343222,318.8389083,-74.12235833,0.429517,,16.2554,15.4022
404343540,318.9713712,-74.80393404,0.67658103,,15.8485,14.9979
404343583,318.9336613,-74.88402635,0.396231,,16.1082,15.387
1987963605,309.4695926,-75.54784137,0.27322799,,18.750999,17.868299
1987876761,305.3226909,-75.82265602,0.30655301,,19.4224,18.573299
1987876898,305.5929456,-75.74150577,0.4267,,19.3092,18.460699
1987877144,305.4276864,-75.64049558,-0.153698,,19.5243,18.6984
1988023492,305.6805512,-74.96334759,0.084645398,,18.7834,18.017099
331679352,306.7411224,-74.24401196,0.095180802,,16.9767,16.2024
331679605,306.8188659,-74.73232671,1.11783,,14.1808,13.4204
331679973,306.7599351,-75.52260267,0.470842,,16.672701,15.8827
273223659,314.1869341,-74.04403439,0.27228701,,17.0291,16.161301
1988026346,305.0469815,-74.69822773,-0.0048972499,,19.325001,18.4515
1988025361,307.0307185,-74.57887263,0.0091556404,,19.274599,18.5142
1987895537,303.4444858,-74.58191243,0.49302801,,19.474701,18.6523
1987966379,306.7087199,-75.33719975,0.33554399,,19.433399,18.685801
404343979,318.6833213,-75.81367189,0.46015099,,16.372101,15.4805
404343983,319.0348496,-75.82263133,0.32163101,,15.6493,14.9468
331730603,320.6762074,-74.18128058,0.71357101,,15.1971,14.3795
1987964835,309.6334285,-75.25465197,0.25665399,,18.565201,17.7745
273223871,314.2829904,-74.57200823,0.300863,,16.928301,16.1015
273224184,314.3027535,-75.28642294,0.150525,,17.027201,16.153999
273224197,314.1914715,-75.3272661,0.38242301,,16.565901,15.7426
1987964982,309.6121368,-75.14298734,-1.01645,,19.4743,18.9305
2026001981,326.2710915,-74.77739741,-0.29430899,,18.9021,18.057699
2026002002,326.0132662,-74.76170509,0.123066,,17.7903,17.0583
1987970213,309.8044089,-74.93334988,0.205899,,20.0072,19.1432
2026005573,326.2534065,-74.63782555,0.217851,,18.448,17.6311
1988022982,306.3272289,-75.00829828,0.080808602,,19.524799,18.6574
1987971770,311.4308677,-74.59552682,0.089649104,,19.5151,18.6444
1988028082,306.8513824,-74.34270387,0.142443,,19.0509,18.206699
1988028243,306.6543756,-74.30653398,0.084891699,,19.2393,18.4674
1988030947,308.0779133,-74.23715938,0.37434599,,19.2988,18.496201
1988033445,307.9611774,-74.08087182,-0.042791199,,19.4876,18.678699
404293162,313.3162387,-75.66027629,0.123225,,17.5387,16.842199
404293412,313.2286064,-75.11951252,0.36801299,,17.6451,16.782801
2026049425,321.2578041,-74.10052601,-0.24846201,,18.9788,18.207701
2026049426,321.1753506,-74.10069131,0.102207,,18.0306,17.202299
2025993927,331.0127033,-75.22677502,-0.0166435,,18.696301,17.8092
311422240,314.584508,-75.55438746,0.305531,,16.454399,15.6174
352479330,324.0258894,-75.37336965,0.47631699,,16.1474,15.2219
352479574,323.8164969,-74.77639999,0.45225,,16.202,15.3285
352543321,325.4936391,-75.08155349,0.49228901,,15.8437,14.9471
331730737,320.7600065,-74.54045703,0.76027,,14.7891,13.94
1988030349,309.4078985,-74.26534473,0.40345901,,18.5077,17.6287
1987947835,318.6538058,-74.11022504,-0.104707,,19.553699,18.877199
1922123222,296.7700946,-75.8015537,0.373281,,19.049601,18.205601
1922124364,296.7185674,-75.5564997,0.114625,,19.3573,18.5707
1922124456,296.9555019,-75.52737555,0.31525299,,19.120001,18.342501
2025994158,331.3389383,-75.15622387,-0.30271,,18.4221,17.5467
2026005828,326.2006516,-74.47040026,-0.034192398,,18.7355,17.9172
1987967161,308.4554988,-75.24445935,0.0992999,,18.812901,17.92
325251577,318.6089711,-75.83944419,1.32339,,14.0516,13.1982
325252036,318.6270495,-74.80564704,0.98831397,,14.826,13.9748
325252093,318.497604,-74.68077617,1.18858,,14.6354,13.909
271577073,319.0545862,-75.9157485,0.14015201,,17.6998,16.810699
271577212,319.4069416,-75.54123641,0.29409701,,17.3925,16.572901
271577233,319.3178975,-75.49259143,0.278299,,17.7132,16.8885
271577251,319.4269032,-75.44389843,0.28944799,,17.1964,16.308701
1988031882,309.6393393,-74.00374323,-0.41197899,,20.248699,19.423401
1922123082,296.3840149,-75.80602095,-0.201864,,20.192699,19.2876
1922123931,296.2478168,-75.65636261,0.31465301,,19.996201,19.171
404344025,318.817249,-75.90423843,0.55947697,,16.267401,15.4052
325249195,317.9776337,-74.34340035,0.47738001,,16.6527,15.8407
273223693,314.0940513,-74.12686632,0.30449399,,16.338699,15.4749
331731115,320.6317034,-75.58629155,1.27142,,14.3945,13.5848
352479167,324.0120845,-75.84636197,1.23209,,14.7745,13.8686
2026010096,331.7308762,-74.75955355,0.149267,,18.4758,17.6248
2026010301,331.1470923,-74.61120445,0.32032999,,18.083099,17.226999
2026010811,331.2473965,-74.40871824,-0.065509602,,18.7222,17.926201
2026011658,331.2422784,-74.36229795,0.16672599,,17.993799,17.2402
352479670,323.986471,-74.5240623,0.51315999,,15.082,14.258
352479779,324.0261753,-74.23568846,0.82060897,,14.4793,13.6579
273223963,314.0158045,-74.78758774,0.49607301,,16.427299,15.6218
1922123926,296.2948859,-75.65940116,-0.059039399,,20.1905,19.357599
1922170729,296.3041619,-74.66625118,-0.72966802,,20.0903,19.3433
1922176196,296.4222207,-74.42125245,-0.23995399,,19.942499,19.1313
352543306,325.571119,-75.12072284,0.83409101,,14.3183,13.5445
352543579,325.4430552,-74.4078388,0.69894803,,15.015,14.1437
311421782,314.6689228,-74.50255677,0.34192601,,16.2761,15.4181
331679367,306.6932883,-74.26585696,0.473849,,16.127701,15.3104
352543646,325.6999931,-74.22343005,0.53647202,,15.162,14.4442
311426673,314.934207,-74.23894501,0.61236101,,15.3026,14.5025
325249109,318.1308275,-74.16936977,0.406398,,14.875,14.2758
1987891491,301.2698928,-75.34875621,0.27273399,,19.431801,18.591499
1987891557,301.1738157,-75.31030374,0.42141899,,19.2556,18.448099
1987891559,301.1925851,-75.29459782,0.17024601,,19.2246,18.4238
1987893985,301.4808512,-74.94471791,0.51624298,,19.469,18.594999
1987893993,301.6320811,-74.94489109,0.262207,,19.0257,18.105
1987894213,301.2518558,-74.84336492,0.23491199,,18.9223,18.0784
271577291,319.0961266,-75.30433165,0.35653299,,17.182699,16.3302
271577337,319.2980235,-75.18930879,0.27482399,,17.893801,17.0151
271577375,319.1263713,-75.13165709,0.198679,,17.773701,16.937
271577378,319.1791645,-75.12279189,0.110195,,17.862801,17.0891
1988023322,305.8725053,-74.9809341,0.059138,,20.202499,19.372999
1987974106,309.4487052,-74.34292204,-0.069885403,,19.806601,18.943199
325251517,318.3892578,-75.98085832,0.70162702,,15.2487,14.3475
2026048452,321.1587165,-74.43069943,0.128819,,18.7047,17.8564
1987963618,309.39781,-75.51881621,-0.48505899,,20.062099,19.1826
1988031834,309.6452538,-74.05759378,-0.193782,,19.816799,19.0198
325252350,318.4365051,-74.16922061,0.82481402,,14.9642,14.1285
1922123930,296.2520128,-75.65673674,-0.066075698,,20.1488,19.253901
1987887090,304.8968147,-75.06667573,-0.409747,,18.8008,18.127899
1987883850,303.316106,-75.7647317,-0.087494098,,19.0406,18.239401
1987894872,303.2390719,-74.85305632,0.45410499,,18.9506,18.241199
404343584,319.0219896,-74.88454046,0.51529801,,15.4341,14.6063
404343593,318.8689915,-74.90286416,1.24896,,14.1422,13.3092
404343788,318.8421408,-75.3599732,0.90189999,,14.8704,14.0707
327784358,312.6634729,-74.37084817,0.45655799,,16.232201,15.3683
271577652,319.0686859,-74.40423762,0.40687099,,17.7789,16.9333
271577680,319.3626229,-74.33051597,0.059119999,,17.925301,17.101
331730687,320.8436605,-74.39388864,0.62469602,,15.5754,14.694
331731149,320.7587977,-75.6837936,0.61272299,,15.3628,14.5324
404285333,309.2629232,-75.94772269,0.46790099,,17.2481,16.3407
271577122,319.1747658,-75.79864504,0.39964399,,17.314699,16.4419
1987966284,306.6708215,-75.38587759,0.152363,,19.1569,18.314301
1987966623,306.5234272,-75.20565275,0.151857,,19.092199,18.299
1987965595,306.5888056,-75.49039622,0.17990001,,19.2208,18.4881
404293334,313.3348361,-75.26914783,0.00137485,,17.911699,17.080601
404340991,313.2211342,-74.18812925,-0.14192501,,17.845301,17.133301
352479347,323.780611,-75.31629565,0.61472303,,15.6767,14.7531
352479457,323.8072494,-75.0648348,0.65145397,,14.7467,13.8731
273223794,313.9552482,-74.38358994,0.51057303,,15.9336,15.1011
273223715,313.9771158,-74.17798591,0.40095201,,16.216999,15.3475
352479868,323.8622081,-74.05445858,0.759,,14.9776,14.1797
352479887,323.7992859,-74.01591934,0.48845801,,15.5409,14.6687
352543056,325.5189416,-75.73858763,0.755835,,14.8183,13.9683
352543089,325.3695703,-75.67563531,0.97561198,,15.2466,14.3581
352543159,325.6282507,-75.50038934,0.53988099,,14.8663,14.195
311460884,317.3332372,-74.39112538,0.388239,,16.791201,15.9318
327726780,311.7514051,-75.9607531,0.249663,,17.767401,16.857201
1987965007,309.74292,-75.10389597,0.092681602,,19.447201,18.741699
1987972797,309.3861039,-74.72096078,-0.58527797,,19.9391,19.1299
273224144,313.9991692,-75.20201867,0.506051,,16.025499,15.1646
311421832,314.7142385,-74.62470069,0.50622398,,16.4133,15.5361
311421904,314.3386781,-74.79829929,0.82343,,15.6487,14.7758
1987966367,306.6898049,-75.36542965,0.31216699,,19.2614,18.5005
1987969822,311.2407423,-74.93180606,-0.350631,,19.2064,18.4669
1987971955,311.4223373,-74.48349771,0.62328601,,19.256001,18.4093
1987975612,311.2583207,-74.07188712,0.184323,,19.054899,18.3139
1987937366,317.5485819,-75.90487942,0.26043701,,18.7841,18.045401
1987937562,317.2063507,-75.82439783,0.27032101,,18.535601,17.8451
1987938698,317.4777678,-75.41903512,0.50736099,,19.019199,18.292
1987984337,318.5164283,-74.00438831,0.00153112,,18.914801,18.1681
352543380,325.6842202,-74.92714103,0.44768199,,14.3616,13.7636
352543471,325.3590162,-74.69933146,0.335022,,15.0684,14.3314
1987973797,309.558386,-74.54750169,-0.25859001,,19.8269,18.9923
1922137613,293.0024022,-75.83917088,0.63057101,,19.905399,18.9853
352545915,325.7405264,-75.20559478,0.826397,,15.1847,14.3088
325249484,317.9985008,-74.99135418,0.453724,,16.389999,15.5603
2026012016,331.9191596,-74.07314131,0.065389499,,18.098499,17.354601
2026012018,332.0379122,-74.05946998,0.0217894,,18.918501,18.069599
2026012084,331.3665471,-74.08754152,-0.082523502,,18.803801,17.925301
1922146833,292.9893668,-75.47369093,0.115099,,19.966299,19.155199
1922144166,296.4929493,-75.37948437,0.34516901,,19.867399,19.006201
1922144465,296.2428731,-75.26380628,0.16254801,,19.807501,18.9279
1988026918,304.7668484,-74.69561831,0.145072,,18.2796,17.4849
1988027271,305.1215031,-74.50137606,0.191753,,18.2857,17.5898
1987896895,300.5298887,-74.82618038,-0.0025098701,,19.794701,18.9426
1987972747,309.1802309,-74.79512738,-0.106869,,19.958599,19.1656
311421977,314.6054074,-74.94339265,0.56840497,,15.7637,14.9433
311422003,314.4041054,-74.99961615,0.396173,,16.2384,15.3822
311422054,314.4789269,-75.11505368,0.38140699,,16.4023,15.5874
325249191,318.064903,-74.33015396,0.502855,,15.7464,14.8972
325249192,318.1449543,-74.33564445,0.65407902,,16.032499,15.1865
1988031243,308.9989632,-74.13138152,-0.082183503,,18.8382,18.0828
1987930030,316.5301171,-75.85492119,-0.31025499,,18.591999,17.9482
1987940334,316.3636218,-75.58230776,0.0185649,,18.835899,17.972
1987894201,301.315368,-74.86412365,0.48189101,,19.4709,18.5669
1987882909,301.3842728,-75.60617471,-0.036033601,,19.460199,18.68
352479578,323.8280753,-74.76616121,0.75957203,,15.6303,14.7311
327727190,311.9778576,-75.14004279,0.109944,,18.052299,17.2066
325249614,318.2216735,-75.25610284,0.318441,,15.1409,14.5817
325249658,318.1446688,-75.36556845,0.30102399,,16.174601,15.3417
325249090,317.9000054,-74.11991489,0.51952499,,15.9246,15.0602
311460981,317.2784051,-74.6451699,0.441017,,16.4597,15.6173
311461199,317.3498898,-75.18201197,1.35791,,14.5051,13.6381
404343976,318.6698659,-75.80383307,0.42086801,,16.7225,15.8537
331731021,320.8262647,-75.29994268,0.462176,,16.738701,15.9251
331731128,320.967242,-75.61604043,0.17975999,,15.9504,15.4981
331731139,320.8476088,-75.6507793,1.9297,,14.0025,13.1255
331731187,320.6558221,-75.81243595,0.065311097,,16.597601,15.9372
327726960,311.602729,-75.52947358,0.27302301,,15.4396,14.9121
325249094,318.250233,-74.1350065,0.99916703,,15.06,14.2425
331679267,306.8402116,-74.09694517,0.52967799,,15.5933,14.7318
331679251,306.5638315,-74.07341607,1.0561301,,14.5589,13.6992
331679253,306.8385802,-74.07591592,0.74900198,,15.2899,14.494
331679260,306.7975807,-74.09087293,0.60137802,,15.5078,14.6724
1987897127,301.4706784,-74.71491038,0.166676,,19.3295,18.476999
1987884417,302.6708501,-75.79223191,-0.038253099,,19.434601,18.5411
1922145789,293.1286824,-75.62956266,0.242213,,19.804899,18.9561
404343666,318.7227867,-75.08201003,0.70899498,,15.4508,14.6536
1922176287,296.2984963,-74.34702267,-0.42077801,,19.467199,18.787701
1987974064,309.2504589,-74.41123016,-0.345952,,18.9629,18.3575
1987974075,309.4228544,-74.39453797,0.42336199,,19.8396,18.965599
1987977666,316.295687,-74.84093919,-0.106516,,18.8234,18.0383
1988030411,309.5910861,-74.20142906,0.281129,,19.6112,18.8284
1988030633,309.2497133,-74.11039447,-0.0141276,,17.7698,17.398199
1988030635,309.3482781,-74.11020428,-0.11849,,18.193199,17.559601
1987888268,302.4125652,-75.35284802,0.166876,,19.3449,18.4673
1987896366,303.7594267,-74.40675182,0.30316401,,19.3507,18.577499
1988041030,303.3550396,-74.08949016,-0.0112714,,19.3787,18.564699
1988041060,303.5973946,-74.05041333,0.157278,,19.447599,18.553801
352479826,323.8627893,-74.15726874,0.40164101,,16.457199,15.6098
352543090,325.5695675,-75.67513928,0.53716099,,15.7401,14.8505
331730804,320.6524191,-74.69919194,0.21840499,,15.115,14.5992
311460961,317.2858041,-74.59372009,0.78892201,,15.4517,14.6163
352543376,325.4334944,-74.94549238,0.734402,,14.921,14.0636
1987883806,303.2231274,-75.83471144,0.089443602,,19.309099,18.533899
2025994876,329.9358333,-75.23129221,0.14331099,,18.243099,17.326099
1987895499,303.3086565,-74.62550777,-0.13922399,,19.487,18.666401
1987966239,306.6108022,-75.40722916,0.099303402,,19.3841,18.6292
1987966279,306.4791818,-75.40503048,0.122427,,19.442301,18.6089
1987966621,306.5688437,-75.20911712,0.24292301,,19.333099,18.601601
1988022914,306.509838,-75.040143,0.403106,,19.112,18.278299
1988022948,306.5389832,-74.99677479,-0.75213897,,19.5299,18.752399
1988022957,306.6708377,-74.99983109,0.54495102,,19.451799,18.5987
1987873718,306.7019568,-75.89396715,-0.042385101,,19.5718,18.7658
1987972466,309.5334568,-74.91052196,-0.065500602,,19.828199,19.073601
1987972544,309.6539237,-74.82472428,-0.28081799,,19.878599,18.990299
1987974171,309.6046774,-74.33027043,-0.54838699,,19.7558,18.9055
1988031635,309.6450994,-74.1541299,-0.322436,,19.914101,19.094601
1987965277,306.8613,-75.65514266,-0.176373,,19.500099,18.608801
1987965369,307.0462857,-75.56917676,0.027796799,,19.0282,18.292999
1987969501,311.3285183,-75.07323495,0.352927,,19.450199,18.605101
327784204,312.5490643,-74.00454113,0.92550498,,14.1608,13.4722
327784205,312.6009539,-74.0054151,0.61280298,,14.6057,13.7868
327727103,311.7169874,-75.30215733,0.37482399,,16.465,15.6194
311460921,317.3136042,-74.48294128,0.33516201,,16.375299,15.5181
469876152,316.5696374,-75.70310676,0.52163702,,16.1056,15.2512
327727011,311.6033835,-75.46468304,0.517156,,16.0748,15.2157
327727075,311.8405508,-75.36368652,0.58453,,16.406,15.5314
327727198,311.8967381,-75.12813178,0.628775,,16.171,15.314
327784376,312.700698,-74.40097369,0.88904101,,15.0776,14.2643
327784477,312.5150118,-74.59053062,0.66935098,,14.5022,13.6486
1987940526,315.8487422,-75.5018174,-0.0129257,,18.397699,17.5613
1987931033,314.4802663,-75.99448746,0.108591,,18.0224,17.270901
311461069,317.3734016,-74.85338178,0.34925601,,16.1096,15.2757
1922137264,292.6960976,-75.92593816,0.217777,,18.677999,17.870701
1922137290,292.9447376,-75.93283715,0.366041,,18.7558,17.897301
1922145407,296.1958183,-75.15911043,0.46643099,,18.6917,17.805
1922169800,296.1831491,-74.84775999,0.12279,,19.054199,18.273899
352543658,325.5307429,-74.20591689,0.534329,,15.8869,15.0867
404343772,318.7206699,-75.30887975,0.49464199,,16.508101,15.6558
325249172,318.1296,-74.28734077,0.30503401,,16.213301,15.4251
1987971041,311.4333835,-74.75340619,0.048939399,,19.454399,18.6413
1987972001,311.3497483,-74.47015861,-0.0618327,,19.5271,18.7356
1987974692,311.3869888,-74.37462365,-0.092561796,,19.481899,18.6334
1987937370,317.579661,-75.89452541,0.039953999,,19.2176,18.360701
1987937372,317.6022221,-75.88540457,0.19556201,,19.258301,18.457199
1987937600,317.3116705,-75.76322481,-0.12911899,,19.3888,18.597401
327784507,312.5282989,-74.64398732,0.58875602,,15.1283,14.2601
1922124284,296.9058767,-75.60121531,0.065336697,,19.761299,18.8897
2026035038,321.2027511,-75.0673143,0.090176098,,18.6423,17.8263
2026035142,321.2059861,-74.99615859,0.042066202,,18.4231,17.567699
1987967267,308.6502208,-75.19744089,0.244682,,18.4417,17.5968
1987967314,308.6772743,-75.14422466,0.23213699,,18.398001,17.5334
1987968962,308.4789732,-74.70128533,0.078621298,,18.4921,17.6325
1922145323,296.3125088,-75.21824191,0.233089,,18.5131,17.793301
2025996308,329.9773075,-74.97520596,0.071383797,,18.2869,17.384501
1987894204,301.1750656,-74.88972651,0.34978601,,19.2745,18.362801
1987894179,301.4210535,-74.8802043,0.034467202,,19.2362,18.597601
1988030200,309.2280262,-74.39549321,0.13179401,,18.302099,17.5263
404343528,318.9679456,-74.78413375,0.60328197,,15.8317,15.0092
404343933,318.7877722,-75.7122423,0.529185,,15.5574,14.7616
271577049,319.3407293,-75.97490335,0.47131699,,15.8553,15.0245
271577510,319.3711192,-74.76844258,0.64581603,,16.097601,15.2307
1987973356,309.1047163,-74.76504769,0.36080801,,18.926701,18.098301
1987973747,309.268861,-74.47032683,0.217126,,18.9132,18.0553
1988030255,309.2892702,-74.34200865,0.022431299,,18.749201,18.0702
1987952421,309.7522096,-75.94218989,0.20398501,,18.861799,17.9972
1987963565,309.5309932,-75.57639951,0.30024299,,18.8501,18.005899
325252033,318.5775239,-74.81542588,0.294274,,16.423599,15.5877
273223961,313.983266,-74.78287984,0.57626098,,15.9096,15.1993
273224007,314.3059624,-74.89694191,0.72768998,,15.8992,15.0592
1988031369,308.4392991,-74.10332258,0.19810501,,18.7078,17.839199
1988031410,308.5086118,-74.04835233,-0.039280999,,18.546499,17.725
331731234,320.856348,-75.95996379,0.498128,,16.175301,15.3036
331730528,320.6645063,-74.0213643,0.91959798,,14.577,13.7249
1987940937,316.3626407,-75.30742959,0.27812201,,18.284901,17.435699
1987978295,316.4763328,-74.5272335,0.079855397,,18.3806,17.618299
1987978906,316.2646709,-74.40358084,0.121557,,18.5497,17.731899
1987979086,316.2259152,-74.33502107,0.082277,,18.270399,17.4564
1987963617,309.3908433,-75.52413506,0.125854,,18.7806,17.9855
1987964833,309.5146622,-75.27140162,0.52805001,,18.8587,18.0392
1987970185,309.7658172,-74.97215611,0.309533,,18.861601,18.075001
1987974032,309.5839645,-74.41115083,0.0200663,,18.8396,18.122499
2025996438,329.7887389,-74.89560782,0.24067099,,18.330799,17.5119
325252276,318.5442542,-74.31622393,0.56319797,,16.4772,15.7175
1987985558,316.3579271,-74.06570255,0.0507669,,18.254601,17.5562
1987938794,318.4030128,-75.63579891,0.123313,,18.2549,17.462799
1987939083,318.3081258,-75.41814315,0.039022502,,18.314699,17.6108
1987939044,318.4387492,-75.45844634,0.104545,,18.368799,17.531799
1987939588,318.1969425,-75.32942763,-0.160577,,18.742201,17.9074
404343475,318.8001782,-74.65373526,0.59906203,,15.93,15.0626
404343633,318.8359482,-75.01153085,0.41225499,,15.9676,15.358
404343786,318.8467457,-75.34253871,0.46833199,,16.5231,15.6627
404343833,318.9726711,-75.48793726,0.53479499,,16.433901,15.559
1987945785,318.4839155,-74.55879565,0.217094,,18.339701,17.544001
1987947729,318.4453198,-74.17602751,0.16418201,,18.2854,17.530899
1987984096,318.5077582,-74.04353104,-0.060190499,,18.448299,17.628799
2026030777,321.4833474,-75.82019801,0.28054801,,18.3633,17.491501
273224245,314.2565474,-75.45815311,0.79594302,,15.3682,14.4826
2026031414,321.4340592,-75.47321344,0.237372,,18.496099,17.6271
2026035127,321.4738662,-74.97601141,0.0060975901,,18.333,17.4429
2026048528,321.3676353,-74.3683691,0.076969303,,18.407101,17.654499
2026048599,321.2132022,-74.2787351,0.050252099,,18.345501,17.5991
1987887508,302.4480589,-75.49837262,0.50845999,,19.4419,18.6129
1987887530,302.5014341,-75.45680942,-0.104888,,19.625,18.8634
1987896578,303.5477697,-74.3128669,0.171244,,19.3197,18.437799
1987883463,303.3225008,-75.93563047,0.123159,,19.1078,18.205601
1987883727,303.3426958,-75.88331462,0.385748,,19.1619,18.2997
1987883730,303.3517882,-75.85239645,0.582165,,19.116899,18.2027
1987883759,303.3866395,-75.8199457,0.153679,,19.264799,18.3929
1987884494,303.2420318,-75.71373192,0.28558499,,19.3666,18.530701
1987887674,303.3619491,-75.43147653,0.0286544,,18.9028,18.0951
327726933,311.5939791,-75.6228871,0.88512897,,15.1072,14.2454
327727008,311.6530087,-75.46967598,0.93046498,,14.8695,14.0353
327727195,311.6032356,-75.13270377,0.69454801,,15.263,14.398
1987933066,314.380985,-75.57345672,-0.29001099,,19.019899,18.2061
1987966547,306.7249221,-75.29187116,0.415611,,19.444099,18.5669
1988022370,306.5144441,-75.15704651,0.49682,,19.231701,18.398899
1988023010,306.5042533,-74.94756767,0.41959101,,19.2208,18.3563
1988025253,306.6595251,-74.64545568,0.110864,,19.235901,18.524599
1987876478,306.6189176,-75.65598846,0.0307364,,19.2864,18.472099
1987965265,306.8548984,-75.67693023,-0.25044599,,19.403,18.5944
1987965539,306.9437836,-75.52881445,0.240034,,19.300699,18.4261
1988030430,309.5570609,-74.15122871,0.0099465903,,18.6831,17.98
1988031846,309.4198504,-74.0885193,-0.0043421802,,18.840401,18.174999
1987965700,306.9576546,-75.40485683,0.499562,,19.438601,18.5963
1987971640,311.2463527,-74.69605662,-0.052301999,,19.0502,18.497801
1922144392,296.3607573,-75.30990929,0.207756,,19.1343,18.2474
1922144460,296.2467398,-75.27431976,0.69257301,,19.138901,18.2932
1922171109,296.0348961,-74.52710566,0.085699901,,19.084999,18.2246
1987960973,312.0917686,-75.04572861,0.36203,,18.0417,17.205601
404343879,318.8294791,-75.58277326,0.32559299,,16.514601,15.6453
331730646,320.9504723,-74.29254973,0.49051601,,16.333799,15.4645
311421925,314.4166111,-74.84319018,0.94324797,,14.7644,13.9048
311422389,314.369385,-75.87396389,0.65258199,,14.8203,14.0527
325249091,318.0828169,-74.12719338,0.53940302,,15.0796,14.2976
325249113,318.0622356,-74.17322082,1.11287,,15.0112,14.1438
325249239,318.1210448,-74.44777291,1.2096601,,14.5589,13.6952
1987937863,317.5875316,-75.67850955,-0.157693,,19.2248,18.4035
311460731,317.3715058,-74.02763119,0.74883997,,14.136,13.3036
311461026,317.2082113,-74.73018299,0.83182102,,14.3244,13.5098
1922124532,296.3722299,-75.55946093,-0.022412,,19.191999,18.490801
1922145435,296.5299752,-75.10609392,0.066302396,,18.983999,18.210699
1922169529,296.3952274,-74.90639358,0.184073,,19.161699,18.305599
1987901504,300.5936766,-74.13274291,0.191412,,18.928101,18.2155
331730944,320.9396224,-75.07503381,0.34389099,,16.288,15.4099
352479148,323.9787903,-75.89952052,0.61012799,,16.350599,15.4259
1987938382,317.3184149,-75.6395595,0.0477865,,19.2248,18.3405
1987938388,317.4695488,-75.63306637,0.41372001,,19.2651,18.4615
352479168,323.8716597,-75.8422533,0.50984001,,16.1271,15.2
352479399,324.0762663,-75.20321858,0.42507899,,16.3585,15.4692
352479689,323.8178969,-74.48005332,0.32885501,,16.4659,15.5931
325249433,318.1264994,-74.86875801,0.65059799,,15.2277,14.3996
325249577,317.9107284,-75.18583902,0.65240502,,15.426,14.5623
325249714,318.222574,-75.46549049,0.825032,,14.7122,13.9144
325249854,318.0982104,-75.79261831,1.4495,,14.3872,13.537
352543401,325.5854076,-74.86480511,0.49073201,,16.2603,15.3688
352543502,325.3901171,-74.61111158,0.31197399,,16.129601,15.2787
1987973506,309.2248227,-74.63044116,0.121807,,19.181101,18.3834
1987973513,309.2952623,-74.59952871,0.229592,,19.0252,18.365999
1988030412,309.5916282,-74.20578315,0.038358402,,18.9035,18.2132
311461240,317.3995505,-75.26291433,0.76321101,,14.0214,13.2062
404343592,318.9078962,-74.90176943,1.09813,,14.5993,13.7751
404343752,318.9189248,-75.26091388,0.84070802,,14.4903,13.7316
2025996773,329.9051733,-74.6548755,0.047350101,,18.7922,17.899401
352543544,325.4665934,-74.49287302,0.23655801,,16.3953,15.5244
352545544,326.0286104,-74.19784082,0.254235,,15.9711,15.193
352543094,325.5664868,-75.6623206,0.34523201,,16.686001,15.7768
404343332,318.976964,-74.3592242,0.305563,,16.6257,15.7616
340778360,291.9158939,-74.42428894,0.48810801,,18.028,17.1754
325252131,318.444428,-74.58074268,0.353286,,17.044399,16.195999
325252428,318.5724399,-74.01191253,0.176185,,15.967,15.2436
1987964817,309.3660432,-75.29793774,0.34410101,,19.084801,18.2978
1987964883,309.5402255,-75.20337501,0.360982,,19.136801,18.275999
1987972504,309.46139,-74.89910709,0.381486,,18.813499,18.0422
352479288,324.0216697,-75.51851072,0.35247001,,16.821699,15.9146
352543110,325.6322304,-75.62185083,0.38170499,,16.8451,15.9201
1987936337,319.2063709,-75.84073121,0.12603199,,18.442301,17.6359
1987936621,319.1166093,-75.60159366,0.27708799,,18.255501,17.4405
1987939127,319.1697241,-75.4562654,0.198774,,18.188,17.378799
331679554,306.5011476,-74.62112733,0.97964299,,14.5835,13.7398
352543266,325.7024869,-75.22634121,0.047544301,,17.184799,16.3106
352543603,325.5366633,-74.33402733,0.28954601,,16.677099,15.9452
404343643,318.8836109,-75.03600222,0.48749501,,16.7323,15.8922
1987972627,309.796138,-74.79650758,0.174216,,19.2341,18.4263
1987972805,309.6109161,-74.76746207,0.099973403,,19.164101,18.3722
1987972867,309.3647857,-74.69247358,0.12583899,,19.1945,18.3552
1987974041,309.3361076,-74.45131312,0.0216284,,18.9918,18.2463
1987974170,309.6028625,-74.33663496,0.10031,,19.0187,18.360001
1987974198,309.7597444,-74.31149232,0.198026,,19.078899,18.286501
1988030363,309.6394979,-74.25157093,0.148903,,18.8878,18.134501
2026017243,329.9046696,-74.51402285,-0.25556701,,19.097099,18.254
331730532,320.7150365,-74.03413401,0.83446503,,14.2899,13.4375
1987976804,314.5149534,-75.03994015,0.26891899,,17.9942,17.1513
327784294,312.6370595,-74.2001194,1.24351,,14.5794,13.7461
1988031887,309.5034764,-74.01432764,0.086215504,,18.8794,18.0571
1922148746,296.1217295,-74.93831097,0.210099,,19.669001,18.873899
1922177822,296.0169362,-74.14479527,0.32832199,,19.8218,18.950199
1922169939,296.2710904,-74.752961,0.25177199,,19.6339,18.8969
325249371,318.076687,-74.72468173,0.194447,,17.0186,16.2264
325251663,318.6484825,-75.65734924,0.35644001,,16.9359,16.0488
325251733,318.3815636,-75.49708684,0.52081102,,16.8274,15.9585
325252075,318.4509579,-74.72357508,0.26495001,,16.8239,15.9627
331730725,320.7478481,-74.50311355,1.32696,,13.9211,13.0807
1922170726,296.2693522,-74.67980944,-0.38196599,,19.905001,19.089899
273223674,313.9593553,-74.08481452,0.76224601,,14.4411,13.623
273223910,314.0631869,-74.66411151,0.76839799,,15.4401,14.6835
325252424,318.6277399,-74.01733042,0.352254,,16.8531,15.9798
404343665,318.7741236,-75.08109556,0.483899,,17.719,16.854601
331744004,321.5505988,-75.94949666,0.31434599,,16.7801,15.893
331730525,320.7190583,-74.0145836,0.223061,,17.098801,16.221701
1988031289,309.135446,-74.03672226,0.00428198,,19.7805,18.903099
1987953033,309.2651691,-75.90459687,0.070360698,,19.6926,18.897301
2026017318,329.9635447,-74.44174399,0.18677001,,17.925501,17.1194
273223843,314.0684578,-74.49644282,1.45383,,13.9527,13.1015
273224326,314.0232877,-75.63081846,0.658351,,15.0859,14.2077
311422042,314.516957,-75.08038729,0.953614,,14.7134,13.918
311422120,314.4060903,-75.29772192,0.97711998,,14.6543,13.8476
311422321,314.6016493,-75.72975214,1.05216,,14.6202,13.8597
1987967804,309.4376683,-74.98438638,-0.208808,,19.549601,18.7083
1922124228,296.1905209,-75.53097819,-0.283362,,19.817499,19.1485
331731232,320.9525825,-75.95421528,1.26924,,13.8933,13.0285
311422344,314.4139289,-75.77664865,1.31287,,14.5383,13.6637
311422408,314.4213603,-75.93520166,0.57858402,,15.3165,14.4697
327727194,311.7808712,-75.1349863,1.1318001,,14.5771,13.7124
1987977085,314.5855328,-74.87269812,-0.048434801,,18.994101,18.1577
331730717,320.916371,-74.48902554,0.31537899,,17.022699,16.141199
352479534,324.0604428,-74.86851766,0.561194,,16.7027,15.8141
327727330,311.8220046,-74.87356058,0.96785903,,14.8018,13.9399
327727459,311.8353104,-74.6067182,0.61521,,14.0552,13.409
352479669,324.0093715,-74.52520746,0.33168599,,16.788799,15.991
352543354,325.3679596,-74.99454754,0.20991901,,18.2467,17.377701
2026017720,329.8488481,-74.2588126,0.18165199,,18.2847,17.4095
2026018234,329.7383723,-74.11049527,0.149295,,18.0837,17.2782
2026048615,321.9298525,-74.39197026,0.24589901,,18.2288,17.398001
325249512,318.2759028,-75.04748247,1.7151999,,13.9262,13.0628
325249492,318.2212854,-75.00744429,1.00422,,14.1547,13.3229
325249764,318.1070275,-75.57860177,0.81705701,,14.0417,13.2702
2025991815,331.5858464,-75.98857843,0.12806,,18.797899,17.8755
2025993754,331.6578372,-75.34501896,-0.00172231,,18.8111,17.896601
2026010212,331.7845039,-74.59811924,-0.022601601,,18.604,17.8106
331681945,306.9208889,-75.86774676,1.01756,,13.9058,13.1487
352543538,325.5120983,-74.50323399,0.35041901,,17.051201,16.177401
352543569,325.5663606,-74.43559032,0.13006,,17.1348,16.4611
352543583,325.3628846,-74.39157561,0.275765,,17.084,16.2264
352543587,325.5491043,-74.38363974,0.27137399,,17.075701,16.2325
352543697,325.5556649,-74.10885869,0.40711001,,16.9568,16.233601
325249836,318.0849789,-75.75475162,1.1811,,14.4393,13.5561
325249891,318.1735568,-75.90083038,0.91201901,,14.167,13.3726
325251660,318.6050877,-75.65942395,0.51580399,,17.2279,16.3883
404343473,319.00719,-74.65362683,0.506661,,16.678499,15.819
331730629,320.7796451,-74.24597033,0.157966,,17.7414,16.869101
331731027,321.0022679,-75.31927619,0.29283401,,17.2178,16.4039
352479338,324.159093,-75.34738031,0.18661501,,18.540501,17.652599
404343371,318.8123351,-74.44397699,0.21137699,,18.235399,17.4224
2026010342,331.4995709,-74.51869392,0.095060103,,18.478901,17.584299
331722043,307.2013773,-74.8361699,0.363381,,16.668699,15.8075
331722092,307.0345514,-74.72397984,0.082857899,,17.897499,17.167
311460722,317.1192911,-74.01491808,0.57837498,,14.2356,13.3734
311460726,317.1739477,-74.02028802,0.686441,,14.5804,13.8381
311460734,317.3070931,-74.03043907,0.91437399,,14.8153,14.0342
469812340,300.1108802,-75.27384155,0.39152399,,16.636,15.7336
469825291,301.6243822,-75.79004698,0.30820799,,16.3715,15.6304
469878126,317.0105649,-75.21882176,0.213971,,16.350401,15.699
2026011877,331.2713037,-74.13273087,-0.189106,,18.819901,18.0228
325249472,318.02732,-74.97012423,0.32841501,,16.2134,15.3622
469878331,316.7226913,-74.78441405,0.36828199,,16.710699,15.8709
469812012,299.9793443,-74.56423487,0.53608799,,16.777901,15.9087
261458640,304.9028845,-75.2358434,0.41477501,,17.3783,16.5233
261458846,304.5147448,-75.63066536,0.308687,,16.667601,15.9535
1922170798,296.1850834,-74.64133133,-0.122488,,19.723,18.944099
311460886,317.4432746,-74.39656818,0.412265,,16.2323,15.3684
311461008,317.3891961,-74.69151704,0.79305798,,14.0825,13.2901
311461032,317.0951737,-74.74690923,0.60728401,,14.9508,14.1328
311461035,317.1700514,-74.76149267,0.71499097,,15.6227,14.7755
261458919,304.7552434,-75.74808372,0.240225,,17.5509,16.6814
261458996,304.8574507,-75.90481106,0.39098501,,16.4387,15.7387
261459042,304.5388699,-75.98202248,0.23428699,,16.4198,15.8494
331681916,307.0285361,-75.91822656,0.26437801,,16.633801,15.7762
331681917,307.2135226,-75.91489406,0.46022701,,16.697701,15.7837
331682005,306.9643062,-75.73620293,0.193073,,16.646099,15.9922
311461234,317.2168382,-75.24897867,0.55021203,,15.1206,14.2967
404343721,318.8474285,-75.20374704,0.58829302,,15.6056,14.7592
404343857,318.9031193,-75.54169862,0.633407,,15.0553,14.2343
340778598,291.6760409,-74.04909252,0.359806,,18.166401,17.4142
340787578,292.2542281,-74.51795156,0.454689,,18.233299,17.3929
331682018,307.0420459,-75.69218635,0.35544401,,16.6579,15.9381
331682043,307.2301358,-75.63897388,0.344798,,16.5777,15.7302
331722136,306.9111499,-74.63457436,0.25498,,15.5173,15.1363
404284408,309.4678382,-74.05883223,0.32116699,,16.349899,15.6546
404284639,309.4202851,-74.47610948,0.42635599,,16.766199,15.8864
404284733,309.4626873,-74.69162111,0.27879101,,16.25,15.6782
331679604,306.7335736,-74.73166355,0.54720801,,15.7829,14.9946
404287296,309.8892346,-75.41569348,0.32739899,,16.686701,15.857
401603001,313.7865362,-75.5167376,0.430136,,16.6542,15.8601
311425220,315.0534275,-75.84875882,0.341654,,16.734301,15.9027
311425390,314.7918553,-75.63450733,0.20296501,,17.0005,16.216
311425394,314.7394832,-75.63397276,0.36940801,,16.862101,15.9816
404344017,318.8266078,-75.88466792,0.79074901,,14.6776,13.9051
404344043,318.6999285,-75.94239811,0.72889298,,15.2395,14.4609
271577240,319.189445,-75.47420067,0.602009,,14.9008,14.0267
271577329,319.329326,-75.2174234,0.887748,,14.7205,13.9229
2026009093,333.7184507,-74.58016505,0.15138,,18.314899,17.5499
1922177797,296.3310496,-74.13018343,-0.150474,,19.8078,19.1075
401538202,310.4078476,-75.54653506,0.265946,,18.097,17.3918
327784843,312.5787047,-75.31032004,0.45093101,,18.097601,17.231701
1987973529,309.429055,-74.56907065,-0.26736701,,19.7911,19.0424
1987963652,309.6128402,-75.46257873,0.12463,,19.7736,19.028099
311421683,314.3772252,-74.25722457,0.85342097,,14.9007,14.1132
1987972632,309.8051026,-74.7852127,0.30787501,,19.930599,19.071501
1987981696,314.6179286,-74.23789199,0.20035701,,17.454,16.8964
331730596,320.7326676,-74.16280574,0.58728999,,15.5506,14.7188
261428231,304.5898493,-74.974238,0.48754901,,15.3924,14.5343
331682019,307.1866545,-75.6876112,0.31404799,,16.5411,15.6487
331722327,307.158384,-74.25927309,0.376297,,16.2887,15.4188
404284479,309.3891278,-74.21566809,0.52297503,,15.0684,14.4453
2026013199,333.727309,-74.0906544,0.24462301,,17.789,16.9459
1922123933,296.3179018,-75.64955311,-0.162028,,19.800501,18.8992
1922170728,296.2657255,-74.66661725,0.253939,,19.511299,18.7428
2025981298,334.9252076,-74.81378647,-0.15849499,,18.004601,17.220699
404284623,309.4141075,-74.44972674,0.791471,,15.8348,14.9951
331730619,320.6736965,-74.22619947,0.60412502,,15.0709,14.1921
331730753,320.8445005,-74.58553711,0.57174599,,14.5578,13.7963
331731103,320.8465126,-75.56782818,0.52874702,,15.6983,14.9617
331731107,320.8086399,-75.5735832,0.540317,,15.3525,14.5981
1987937403,317.0431528,-75.97217884,0.469302,,17.474501,16.6234
1987937518,317.2111223,-75.83875557,0.32292199,,17.9639,17.0798
1922169831,296.415581,-74.79605784,-0.065446101,,19.4849,18.702801
1987891595,300.6460876,-75.3561262,-0.0779626,,19.355101,18.443399
1987896900,300.6359864,-74.81202293,0.075807601,,19.504,18.599501
1988023181,305.8117434,-75.05642025,0.168254,,19.416901,18.642
1987967869,309.3484846,-74.93334705,-0.25229701,,19.52,18.819599
1987973456,309.438236,-74.63508724,0.061671801,,19.619301,18.799801
396210902,300.3315933,-75.91474594,0.74858302,,15.6985,14.7572
396211124,300.2709976,-75.58898026,0.60741103,,16.3335,15.3955
325249548,318.2318043,-75.1310823,1.0348901,,15.1282,14.3311
331679343,306.7192733,-74.22752801,0.73261899,,16.191401,15.3421
1987954202,309.6192208,-75.8158789,0.173902,,19.406,18.712999
1987963824,309.6008749,-75.43349461,0.0159369,,19.3125,18.6593
1987965210,309.3582973,-75.09088008,0.195195,,19.4212,18.6919
327726986,311.7561823,-75.49719582,0.39322099,,16.378599,15.5017
1987936363,318.9043126,-75.830609,0.21358199,,18.2281,17.3545
1987936370,318.8062358,-75.79955268,-0.171795,,18.7971,17.9979
1987936382,319.070405,-75.75048835,0.27062601,,18.311501,17.455799
396211419,300.5140625,-75.14044429,0.38676,,16.3722,15.4449
261458787,304.8181339,-75.52940447,0.76582199,,16.1546,15.2606
261458789,304.8425123,-75.5310558,0.36885199,,16.123301,15.2774
261459044,304.7494087,-75.98504939,0.44641799,,16.5334,15.6284
331681989,307.1449481,-75.75913627,0.47603199,,16.446501,15.5761
331682138,306.9640012,-75.42340807,0.51093501,,15.901,15.0559
331721833,307.1940811,-75.28005235,0.31025401,,15.4128,14.7507
331721944,307.245439,-75.07125012,0.38267401,,16.1724,15.3118
331722042,307.1255717,-74.83691035,0.58558398,,15.9961,15.1455
331722102,306.8879331,-74.7035683,0.369849,,16.2118,15.3615
331722124,307.1175633,-74.65191531,0.47483,,16.184,15.3439
331722186,307.2438441,-74.54584727,0.48376399,,15.5124,14.6297
327784288,312.7005429,-74.17398353,0.94195497,,15.8415,15.0005
1987938931,318.6107801,-75.46214733,-0.53471297,,18.998501,18.247801
273224048,314.1249467,-74.99212976,0.409825,,16.2262,15.4119
271577640,319.2100723,-74.42219523,0.87430102,,15.0951,14.2298
327727110,311.7051218,-75.28879055,0.191929,,16.9258,16.109699
325249170,318.268121,-74.28323889,0.20904499,,17.1127,16.285601
1987972896,309.6306039,-74.6074707,0.0303082,,19.4223,18.636499
1988030360,309.6191956,-74.27504096,0.38655201,,19.580099,18.790199
1988031626,309.644824,-74.17380845,0.45681599,,19.4655,18.633101
1922145799,293.0330217,-75.61635702,-0.0453403,,19.299601,18.544399
1922145692,296.182496,-75.03232057,-0.24323399,,19.187401,18.4506
1922170767,296.2126912,-74.66419641,-0.153144,,19.17,18.386801
311460787,317.3268525,-74.16646654,0.212846,,17.104401,16.2724
311460832,317.4009383,-74.2821178,0.25749901,,16.642599,15.7938
311461031,317.2860571,-74.74334015,0.32779399,,16.9417,16.116699
1922171152,296.3657053,-74.52625558,0.2089,,19.2687,18.428301
1987882520,300.8296223,-75.77098774,0.28491801,,19.0457,18.128599
331722217,306.999747,-74.48499022,0.67681301,,15.6517,14.8747
331722448,306.9762809,-74.02486705,0.32627499,,16.1733,15.378
325249246,318.2218175,-74.45707978,0.43915001,,16.016899,15.1593
325249395,317.9598864,-74.77141225,0.54819,,16.171,15.3138
311461168,317.3324257,-75.11685769,0.37056601,,16.643101,15.7722
311461203,317.4076509,-75.1941292,0.34996301,,16.4764,15.6976
404343889,318.7389612,-75.60072611,0.32889801,,17.401699,16.517599
271577102,319.3431771,-75.84233206,0.384011,,16.8922,16.0315
271577206,319.1339389,-75.57156633,0.181843,,16.6709,15.8694
331730602,320.7803106,-74.18130212,0.42698899,,16.6595,15.8695
325249809,317.9420321,-75.69646203,0.55508798,,16.1026,15.2248
404284865,309.634207,-74.91459193,0.53095299,,15.8812,15.098
404284915,309.3049478,-75.04170904,0.320425,,16.268499,15.6161
404285099,309.3730716,-75.4432873,0.509247,,16.056,15.2474
404285196,309.5608284,-75.65375533,0.63317198,,16.258301,15.4525
404285290,309.4787065,-75.87510068,0.60397798,,16.0895,15.1801
331730791,320.9731724,-74.67156683,0.311526,,17.0784,16.207399
331730825,320.7057634,-74.76562331,0.41102299,,16.454599,15.5713
331730896,320.9972911,-74.95097854,0.359038,,17.1392,16.2533
331730908,320.8458781,-74.97668324,0.621328,,16.7202,15.9284
2025984874,334.6125817,-74.4676394,-0.0265535,,18.4685,17.683399
1987967877,309.199222,-74.93079102,0.454182,,19.0564,18.277599
1987972709,309.5527574,-74.78260678,0.0361742,,19.3498,18.571699
2025985090,334.6524456,-74.4342879,-0.0215785,,18.5373,17.728399
331731086,320.9199406,-75.50389106,0.45578501,,16.493299,15.6422
331731089,320.9075387,-75.50823802,0.26737499,,17.076,16.1966
1987973478,309.4763943,-74.63268226,0.12736399,,19.201599,18.3384
1987954217,309.565151,-75.79007892,0.16579001,,19.171301,18.262899
1987964097,309.7332189,-75.37359749,-0.052099399,,19.2033,18.4984
1987964172,309.730329,-75.30412362,-0.166991,,19.349899,18.601999
1987964846,309.4459663,-75.25414248,0.289038,,19.420401,18.5224
1987965010,309.7855409,-75.07953488,0.082242899,,19.072901,18.4324
1987965152,309.5351813,-75.09114155,0.285492,,19.2008,18.4342
1987965232,309.4849682,-75.04122727,0.34768501,,19.0961,18.349001
1987972456,309.6455543,-74.93063261,-0.178969,,19.318399,18.545601
404287632,309.6445354,-74.68277267,0.57740802,,15.8336,15.0058
311425389,314.8622663,-75.63913578,0.33239999,,16.4804,15.5926
311425796,314.9460371,-75.2478041,0.55432302,,16.0632,15.2365
2026012293,333.938074,-74.51125297,-0.38521999,,18.9084,18.152399
1987976805,314.4898299,-75.0249091,0.20911101,,18.537701,17.7066
1987979548,314.5732958,-74.72498829,0.119617,,18.541901,17.694
2026012269,334.2311069,-74.49760212,0.160064,,18.1119,17.3913
2026012323,334.0446969,-74.44383694,0.171459,,18.618,17.755501
311426433,314.8964305,-74.48517571,0.66491598,,15.4822,14.6335
469812259,300.0020285,-75.09372879,0.57832599,,16.1453,15.2256
469877788,316.7903916,-75.97284953,0.352911,,16.0182,15.226
2026012312,334.1512681,-74.4624007,0.22406401,,18.414801,17.563
