1688332368,274.9877098,-75.33640455,0.49966899,,19.8473,18.827499
1688332496,274.9053373,-75.28230509,0.0235407,,19.3675,18.451401
1688350757,274.9535773,-75.26143778,0.0731996,,19.542,18.702999
1688350764,274.7830291,-75.26598584,-0.45007601,,19.9846,19.0082
1688350855,274.9918792,-75.1908587,0.35460699,,18.8417,17.9338
1688350883,274.9584237,-75.17529234,0.132204,,18.8944,18.019501
1688350887,275.0359636,-75.24516979,0.159288,,19.463499,18.462601
1688350880,274.9215354,-75.17355686,0.35875699,,18.6747,17.811199
343831289,274.2618655,-74.80335598,0.224604,,17.7215,16.8248
1688351263,274.8359274,-75.08923728,0.067083798,,19.6751,18.865999
343831015,273.9516934,-75.09969395,0.228618,,17.822399,16.8771
292747481,274.8857977,-74.72110312,0.31005201,,17.994101,17.0235
292747627,275.0265296,-74.86378197,0.204142,,18.202299,17.3158
343831375,273.8644548,-74.71025578,-0.040264498,,18.545,17.6457
343837438,274.5322374,-75.35161415,0.70073801,,18.146999,17.1901
292705801,274.8483418,-74.06431241,0.32121599,,18.2507,17.4347
1688395896,274.4881649,-74.04935096,0.204705,,18.9223,17.958099
1688395922,274.6370221,-74.00540889,0.262907,,18.5448,17.605101
1688395925,274.6406973,-74.00429691,0.019761199,,18.5263,17.5765
1688396004,274.5869043,-74.01092915,-0.26126501,,18.773899,17.843399
1688395880,274.6220335,-74.04641272,0.380496,,19.040001,18.071301
1688395927,274.5938835,-74.02315697,0.0170922,,18.793301,18.0774
1688395928,274.5894037,-74.02501636,-0.105677,,19.346001,18.5658
343830427,274.203328,-75.79587196,3.24055,,10.3528,9.8186302
343762555,273.819144,-74.78796641,1.53137,,13.8192,12.8846
343763034,273.8815362,-75.42012606,0.50779498,,16.755699,15.7761
343763332,273.5039037,-75.83905808,0.61183399,,16.354,15.3854
343763179,273.7824306,-75.60411471,0.29207301,,16.921499,15.9241
343762713,273.7008378,-74.98501594,0.614169,,16.392,15.4138
343763201,273.765416,-75.63780628,0.436555,,16.279699,15.3502
343763334,273.5399729,-75.84497864,0.53777802,,16.507401,15.5008
343762544,273.6486492,-74.77575641,0.77513701,,15.6871,14.7595
343762866,273.7046698,-75.20080385,1.13885,,14.5687,13.6774
343763113,273.8419923,-75.52038774,0.908898,,14.3932,13.5203
343763117,273.7443013,-75.52464287,1.04466,,14.8551,13.9564
343763163,273.7767608,-75.58579583,0.87060797,,14.133,13.2055
343763250,273.7507121,-75.71185043,0.62939602,,14.994,14.1455
343763354,273.5141201,-75.88183034,0.469596,,15.3439,14.4218
343761901,273.7955356,-74.03418263,1.37465,,13.7718,12.8676
343762097,273.8709341,-74.23530773,2.5618501,,12.9001,11.9818
343762400,273.7070839,-74.59342677,1.43471,,13.5926,12.6745
292753057,275.3479765,-74.51964295,1.14398,,13.7595,12.9543
292753524,275.3271499,-74.02500932,0.261251,,15.3137,14.5544
343762876,273.8033848,-75.21029641,0.258165,,17.049299,16.093
343762017,273.7808973,-74.16333966,0.568941,,16.430901,15.49
343762207,273.8255963,-74.36590926,0.42994201,,16.5828,15.632
343762345,273.5066788,-74.52555243,0.64492399,,15.5177,14.6203
343762501,273.6564516,-74.7218866,0.40509501,,16.015301,15.295
343763338,273.6511178,-75.85510359,0.29534,,16.4849,15.4918
343763377,273.8442246,-75.91252851,0.415086,,16.5886,15.6235
343830429,273.9637571,-75.79299157,0.43033999,,16.3361,15.3711
292752669,275.143744,-74.88639268,0.43626001,,16.528799,15.6473
343830426,274.2149761,-75.79732704,0.73378301,,15.9163,14.9591
292752672,275.1093551,-74.88464637,0.26951399,,17.748699,16.935699
343761888,273.8748838,-74.01562159,0.260566,,16.9466,15.9838
343763037,273.8058785,-75.42272933,0.26535499,,17.104601,16.131599
292752509,275.2543765,-75.09245449,0.28626901,,17.308599,16.3491
343761893,273.8019533,-74.02045355,0.34771001,,18.4027,17.4361
343762177,273.6071685,-74.33519939,0.094443001,,18.1077,17.177601
292751884,275.4259309,-75.82876628,0.081937701,,18.5634,17.5679
292752087,275.4409458,-75.57921427,0.082948998,,18.494499,17.548901
292752514,275.4344881,-75.08466111,-0.064872898,,18.1924,17.2054
343761902,273.673665,-74.03423915,0.32199201,,17.828699,17.015499
343761991,273.8702746,-74.14322542,0.33254901,,18.2384,17.2698
343762406,273.5913796,-74.61015356,0.26082501,,17.4503,16.5625
343762439,273.8694274,-74.64231317,0.35254201,,17.6145,16.665899
343762643,273.6049689,-74.89377533,0.086387403,,17.3335,16.526699
343762644,273.8394621,-74.89381858,0.249506,,17.501801,16.568001
343762714,273.8435229,-74.98580704,-0.121874,,17.750799,16.9153
343763006,273.7897558,-75.3891764,0.28557399,,17.4681,16.5357
343763035,273.7749761,-75.42196172,0.24407899,,17.439501,16.4804
343763333,273.6656553,-75.84386488,0.30699101,,18.120001,17.142099
343763379,273.7700188,-75.91300025,-0.00173506,,17.8382,16.875
292752091,275.3203198,-75.57510997,0.250328,,17.587299,16.569
292753328,275.368736,-74.24149083,0.092633903,,17.8498,16.9501
343762681,273.8174579,-74.94344838,0.162213,,17.692499,16.736099
292752321,275.2424081,-75.30041775,0.232648,,17.9275,16.9764
292752322,275.2090494,-75.29882765,0.218135,,17.579201,16.5872
343762570,273.606904,-74.80343869,0.254327,,18.067699,17.1099
343763394,273.6695805,-75.94457259,0.13092101,,18.193701,17.239401
1688317034,274.0237528,-75.99420373,-0.16141,,18.836599,17.8531
1688317413,273.6971003,-75.93102435,-0.123901,,18.907801,17.973101
1688321766,273.8748051,-75.8133413,0.18016399,,18.6159,17.7024
1688322293,274.0067699,-75.64143744,0.0079847798,,18.869101,17.955299
1688323531,273.7537189,-75.57172406,0.080741599,,18.078699,17.231899
1688341503,273.8320759,-75.33387107,-0.229149,,18.9013,18.026899
1688343304,273.7992334,-75.08071267,0.195234,,18.8629,17.924601
1688348164,273.7811919,-75.01097555,-0.075931601,,18.8347,17.954399
1688348647,273.7351168,-74.92412467,0.089864403,,18.7547,17.848801
1688349923,273.6477025,-74.8709116,-0.030047899,,18.443001,17.568199
1688378520,273.786804,-74.65728837,0.23880599,,18.0186,17.1436
1688386115,273.7696421,-74.27009648,0.35928401,,18.3843,17.424101
1688388000,273.8130079,-74.06318168,-0.177146,,18.320499,17.545099
1688342924,273.9913116,-75.21040786,-0.086168297,,18.9431,17.9772
1688343410,273.900736,-75.0875172,-0.169627,,18.650499,17.789
1688343449,273.9685078,-75.06401065,-0.279221,,19.098301,18.1437
1688348234,273.8737937,-75.0329836,0.0463304,,18.809099,17.834499
1688348712,273.9032893,-74.93008707,-0.018397599,,18.7167,17.760799
1688317036,273.9948484,-75.99458861,0.21559399,,18.6085,17.677
1688317746,274.215605,-75.78841604,0.19226199,,18.4876,17.5769
1688322300,274.0861788,-75.69104259,0.25971499,,18.579599,17.595301
1688324123,273.9845554,-75.44113985,0.14372499,,18.580799,17.646099
1688343486,274.3111177,-75.02968881,0.33995399,,18.535601,17.603901
1688350697,274.2248276,-74.63540994,-0.16053601,,18.2957,17.3615
1688321765,273.882964,-75.81535737,-0.64979601,,19.0298,18.1894
1688348857,273.8981202,-74.87680593,-0.082828902,,19.210501,18.266899
1688322297,273.9855304,-75.63247651,0.10712,,19.1395,18.196199
1688343419,274.0244227,-75.08093291,-0.22656401,,18.831499,18.031
1688323667,274.031658,-75.56469118,-0.329963,,18.9823,18.102699
1688342984,274.2817299,-75.13849936,-0.12926599,,19.167601,18.266001
1688343347,274.0238321,-75.09316674,-0.46760699,,19.2362,18.2869
1688348365,273.9706608,-74.96161648,-0.166509,,18.9562,18.068501
1688348901,274.1008863,-74.83293334,-0.082201101,,19.3361,18.411699
1688317160,274.0175494,-75.92201298,-0.16568001,,20.069901,19.261101
1688317161,274.0394308,-75.92443083,-0.154774,,19.812,18.8671
1688317168,274.1326281,-75.97741953,-0.107128,,19.760099,18.855801
1688317410,273.6412224,-75.92920067,0.410849,,18.9403,18.0467
1688321871,273.8485073,-75.77725711,-0.0241712,,19.191999,18.3001
1688322191,273.8826248,-75.69817255,-0.103105,,20.0378,19.1362
1688322253,273.807056,-75.6788613,0.0503635,,19.1481,18.236401
1688322294,273.9841992,-75.63456206,0.188916,,19.258801,18.343
1688323429,273.8418627,-75.59819666,0.078307897,,20.292,19.361
1688323825,273.7202449,-75.55219093,0.47949499,,18.348801,17.364799
1688323946,273.8062824,-75.49329732,0.275821,,19.8605,19.0089
1688341042,273.8201649,-75.45266127,0.123855,,19.6478,18.6824
1688341047,273.8715245,-75.43913337,0.39267299,,19.648399,18.777901
1688341054,273.9067076,-75.4184189,0.13685,,19.1546,18.297199
1688341176,273.8647001,-75.38005118,0.29828501,,19.618601,18.672501
1688341481,273.70535,-75.35607555,-0.29367101,,19.8002,19.0114
1688341585,273.7073407,-75.31065961,-0.0926378,,20.0207,19.099899
1688341597,273.8858641,-75.30033476,0.42658299,,19.172501,18.230101
1688341623,273.8515791,-75.26754235,0.14614201,,19.2854,18.42
1688342754,273.7037433,-75.25296811,0.147957,,19.542601,18.6929
1688342869,273.7914656,-75.20771834,-0.14838199,,18.842501,18.4041
1688342871,273.7939107,-75.20637922,-0.82956803,,20.144199,19.3888
1688342893,273.8419771,-75.18633479,0.58488703,,19.9352,19.017099
1688343156,273.6738339,-75.16584167,-0.193491,,19.645399,18.719101
1688343157,273.6999656,-75.16274186,0.47549501,,19.1584,18.177799
1688343264,273.8292069,-75.11601944,0.00218771,,19.2318,18.365999
1688343299,273.8249258,-75.09344012,-0.79962897,,20.694,19.721201
1688343340,274.0427784,-75.10258635,-1.28757,,20.4396,19.6593
1688348059,273.7251816,-75.07270631,-0.27007601,,19.565399,18.641399
1688348163,273.8096591,-75.01762443,0.237202,,18.3599,17.629601
1688348242,273.8872142,-75.01457327,0.55427599,,19.24,18.4002
1688348645,273.7981745,-74.92073754,-0.42902699,,20.697399,19.782801
1688348673,273.7125618,-74.90719817,0.22454201,,19.7311,18.7945
1688348721,273.9887167,-74.91385031,-0.404751,,20.1255,19.173
1688349924,273.7312492,-74.86788444,0.343723,,19.2029,18.3312
1688350499,273.8302245,-74.74028994,-0.51600701,,20.103001,19.365499
1688350623,273.8319137,-74.69375142,-0.33347401,,19.729799,19.005899
1688350625,273.860239,-74.6802983,0.26025301,,19.083799,18.119699
1688378496,273.8577276,-74.67229613,0.349713,,20.1598,19.247299
1688378504,273.977447,-74.64841645,-0.121796,,19.745001,18.827101
1688378616,273.775693,-74.63794775,0.54153198,,19.2297,18.3543
1688378659,273.9033213,-74.59961366,-0.015765799,,19.3111,18.4011
1688378990,273.755385,-74.58076962,0.28052801,,19.5889,18.7026
1688379102,273.7453546,-74.53903892,0.51168603,,18.7183,17.7579
1688380380,273.7372727,-74.4760511,0.318593,,19.2136,18.4457
1688380468,273.8201076,-74.42992916,0.22016101,,19.326,18.3752
1688387980,273.7031968,-74.09951335,-0.42277101,,19.2176,18.3785
1688387999,273.8091372,-74.06559782,0.216378,,20.027901,19.108999
1688388074,273.8640823,-74.03960872,-0.094837897,,19.3325,18.5131
1688388123,273.876962,-74.02363145,0.14805999,,19.295401,18.348801
1688388126,273.9475925,-74.00957891,0.114697,,19.2701,18.4702
1688317014,273.7960039,-75.99281441,-0.0217117,,19.66,18.824301
1688317153,273.8203104,-75.94849231,-0.349107,,18.841,18.399401
1688317482,273.9843598,-75.87227451,0.212703,,19.4713,18.542101
1688317486,274.0363511,-75.85710103,0.21689001,,19.243601,18.4167
1688317554,274.0248652,-75.84080204,-0.29754201,,20.0226,19.0553
1688317580,274.0227372,-75.81371161,0.11751,,19.207701,18.300501
1688323424,273.8237608,-75.62321606,-0.183807,,19.935499,19.082399
1688323508,273.8745505,-75.58486039,0.0549374,,19.953699,19.038401
1688323842,273.9324246,-75.5126451,0.214572,,19.4683,18.566401
1688323958,273.8619752,-75.47407867,-0.29521799,,20.198601,19.2157
1688323960,273.9424637,-75.46583412,0.080956899,,19.498199,18.5937
1688323976,273.8451835,-75.46627254,0.38804001,,18.7153,17.803801
1688323982,273.965206,-75.45158822,0.34248501,,18.638,17.723499
1688341346,274.1923969,-75.31654692,0.52944398,,18.857,17.912201
1688343006,273.9868049,-75.17778358,-0.463512,,20.525801,19.562401
1688343008,273.9873382,-75.1816093,0.13437501,,19.6919,18.814899
1688343407,273.9486919,-75.09471768,0.12569501,,20.251801,19.320801
1688343445,273.890906,-75.08053915,-0.38391399,,19.5907,18.715099
1688343448,274.0015292,-75.06254791,-0.056209899,,19.5054,18.683001
1688343455,273.9010748,-75.06157154,0.29212999,,18.6369,17.782101
1688343459,273.9555954,-75.0523386,-0.28524199,,20.3645,19.5266
1688348335,273.8734401,-75.00117113,0.0239275,,20.1695,19.2344
1688348802,273.9320971,-74.9074144,-0.16246,,20.003599,19.089399
1688348829,274.0151268,-74.87575416,-0.029956,,19.739201,18.820999
1688350045,273.8410146,-74.86409212,-0.205497,,20.2293,19.3596
1688350050,273.8671701,-74.85208999,0.0802655,,20.127399,19.259001
1688350054,273.9348174,-74.84732719,-0.146405,,19.557699,18.6548
1688317038,274.0648433,-75.98587006,-0.157508,,19.802,18.9594
1688317303,274.1650725,-75.88656057,0.422755,,18.9762,18.014799
1688317717,274.1386889,-75.81907941,0.44976699,,18.8018,17.929501
1688317719,274.173295,-75.81091197,0.064716697,,19.949301,19.043301
1688317618,274.2022166,-75.84713549,0.058229499,,18.916401,18.0599
1688317713,274.165472,-75.82936928,0.465556,,19.713699,18.821699
1688321949,274.2366569,-75.73059957,-0.62172699,,20.2617,19.441401
1688322024,274.1296411,-75.72153511,-0.21467599,,19.4627,18.6066
1688322027,274.2062102,-75.72527417,0.43963999,,19.469801,18.541
1688322301,274.1128985,-75.69402359,0.17622,,20.364599,19.443899
1688322317,274.2972649,-75.65325157,0.577645,,19.3435,18.409
1688322333,274.1367241,-75.65615147,-0.00374534,,19.5695,18.6423
1688323606,274.2316916,-75.53586925,-0.73475802,,20.445,19.5453
1688341237,274.0969516,-75.38686973,-0.096125498,,19.5658,18.634701
1688342987,274.3709206,-75.14250642,0.075793996,,19.3773,18.4655
1688343023,274.1486316,-75.13745742,0.231409,,19.1828,18.224899
1688343327,274.0728291,-75.10546297,0.35203099,,18.999599,18.1866
1688343348,274.0822036,-75.07793711,0.27138099,,19.2687,18.3029
1688348256,274.0504759,-74.98672112,0.20871,,19.533701,18.569901
1688348277,274.2031615,-74.9835512,0.00190943,,19.817301,18.8619
1688348428,274.3193167,-74.89573603,0.35787901,,19.7213,18.867399
1688348749,274.1915695,-74.89309333,-0.0060406602,,20.0578,19.1654
1688348785,274.2758847,-74.86798531,0.41284299,,19.222401,18.350201
1688348787,274.3062876,-74.85935561,-0.86257499,,20.594299,19.6633
1688348877,274.1677099,-74.84323799,0.48801899,,20.1579,19.195499
1688350107,274.1915535,-74.8011311,0.099683598,,18.918501,18.0937
1688350534,274.1697831,-74.70458871,0.041848,,20.010799,19.049601
1688350645,274.1207051,-74.68130689,-0.48587799,,19.8885,19.113501
1688350655,274.1642724,-74.65793245,0.54414499,,18.7414,17.8092
1688350694,274.1761524,-74.63807411,-0.337845,,20.225901,19.3298
343945603,276.5240266,-75.40257817,0.47671399,,16.3603,15.5108
1688324468,275.5039387,-75.89232905,-0.63170201,,20.3062,19.303801
1688326360,275.3596043,-75.63108665,0.475272,,20.3353,19.3002
1688330731,275.3192177,-75.52344631,0.41712499,,19.5758,18.6378
1688330974,275.2425744,-75.49635383,1.00029,,19.076799,18.057199
1688330990,275.1358261,-75.48732404,0.37966001,,19.463699,18.447001
1688330995,275.1999894,-75.48364324,0.0525035,,19.385,18.355499
1688331084,275.3521145,-75.4355607,-0.17532299,,19.515301,18.517
1688332207,275.1590548,-75.35346928,-0.31873599,,20.3286,19.3127
1688332613,275.10272,-75.25626472,0.244249,,19.2533,18.321899
1688332635,275.2885312,-75.21074122,0.343528,,18.6593,17.894699
1688350903,275.2647812,-75.18781518,0.046273801,,19.290899,18.334
1688351053,275.2733354,-75.12743819,0.120425,,19.2806,18.4107
1688351056,275.3611839,-75.11592494,-0.34341899,,19.697001,18.749001
1688351308,275.1169117,-75.10193164,0.33839399,,20.0338,19.0742
1688351412,275.2233167,-75.03571298,0.468743,,19.405199,18.4611
1688352584,275.0277459,-74.99984099,0.589872,,19.4048,18.455601
1688353002,275.2425791,-74.87729962,-0.65202999,,19.921101,18.945601
1688353079,275.2573714,-74.84471851,0.455856,,19.3608,18.445
1688359191,275.3368493,-74.59076619,0.30544299,,19.7076,18.794901
1688388975,275.2422639,-74.34179636,-0.28901899,,19.796499,18.8482
1688388977,275.2606193,-74.3365677,0.293708,,19.400999,18.434799
1688389510,275.2911102,-74.33346311,0.28392601,,19.5721,18.6675
1688389518,275.514736,-74.29627454,0.19525599,,19.995501,19.021299
1688389924,275.3349481,-74.22310726,-0.0595318,,19.4816,18.596901
1688391186,275.2267618,-74.14412408,0.25147101,,19.8384,18.909901
1688391608,275.2557078,-74.04438684,0.0301919,,19.062,18.215099
1688324696,275.1791173,-75.85627432,-0.062938102,,18.864201,18.011499
1688324855,275.3181636,-75.80299428,0.21143501,,18.5483,17.618299
1688325994,275.4775237,-75.70788018,-0.155508,,19.149401,18.1555
1688326251,275.1969729,-75.69741087,0.143007,,18.9438,17.979601
1688330746,275.3487971,-75.50870995,-0.216234,,19.204599,18.2309
1688330975,275.2583741,-75.49779063,-0.119221,,18.8951,18.0315
1688332531,275.1559023,-75.29813388,0.32330999,,18.6187,17.632
1688332632,275.1903356,-75.22721303,0.25867099,,18.881901,17.8734
1688332627,275.2412135,-75.23244405,-0.13396899,,19.0534,18.114201
1688351064,275.3545074,-75.0991227,0.21827,,18.888201,17.9212
1688352571,275.362199,-74.96340663,-0.40792099,,19.599701,18.613199
1688353100,275.1908485,-74.83072092,0.092785202,,18.3643,17.427799
1688358036,275.3654348,-74.65732453,0.168391,,18.3757,17.532
1688358090,275.1992235,-74.67053779,-0.26610801,,19.257401,18.309401
1688359173,275.1194371,-74.6260751,0.16429199,,19.012699,18.0469
1688359709,275.3690236,-74.5978499,0.095944896,,18.991899,18.039
343830405,274.0809269,-75.82798687,4.3645701,,11.649,10.8416
343830848,273.8954579,-75.3020207,1.45906,,12.8619,12.063
343831966,274.1575363,-74.0917885,1.45953,,12.5935,11.7413
343831093,273.9257082,-75.01743763,1.4299001,,14.4614,13.5474
343830273,274.1480752,-75.97676453,1.13438,,14.7921,13.8387
343830825,274.1916065,-75.33289487,1.1033601,,14.3264,13.41
343830401,274.0095185,-75.83463804,0.27750701,,17.2495,16.308901
343830263,273.9281067,-75.98731412,0.23990101,,16.174601,15.271
343830308,274.096689,-75.92427038,0.40300399,,16.7563,15.7653
343830597,274.1588425,-75.6097647,0.96185702,,15.5446,14.5736
343830851,274.1112745,-75.29164187,0.451718,,15.4321,14.4633
343830860,273.9431502,-75.28238477,0.59462702,,15.4893,14.535
343831095,274.0439446,-75.01580235,0.30601501,,16.542601,15.7164
343831566,274.240963,-74.5091983,0.161018,,16.383801,15.6307
343831699,274.1593182,-74.35895433,0.68545699,,15.1099,14.1605
343831826,274.177401,-74.22689172,0.68251801,,14.9321,14.0865
343831878,274.2200447,-74.18954176,0.95373499,,15.1325,14.2019
343831906,274.1960437,-74.17004385,0.8308,,14.0954,13.1886
343830303,274.1943616,-75.93236341,0.30375099,,17.564899,16.5994
343830362,274.1887326,-75.86680441,0.27971199,,17.394199,16.436399
343830532,273.9539029,-75.6740745,0.179408,,18.284901,17.296301
343830656,273.9062534,-75.54579127,0.19972201,,18.019199,17.0525
343830715,274.3044864,-75.46001155,0.40258601,,18.174101,17.1724
343830759,274.0119329,-75.40600371,0.35552701,,18.114799,17.1464
343830772,274.0547634,-75.39361691,0.196545,,18.1308,17.1611
343830775,274.0884858,-75.39108638,0.25916299,,17.588301,16.6054
343830804,273.9435594,-75.35658777,0.37366101,,17.1336,16.1672
343830806,274.1301098,-75.35488436,0.422703,,17.241501,16.4056
343830838,274.0409563,-75.31355656,0.25635499,,17.331699,16.356001
343830840,273.9089007,-75.31207744,0.37979999,,18.0849,17.1248
343830861,274.0188163,-75.28173494,0.212727,,17.711599,16.7374
343830864,274.0934048,-75.27890493,0.240805,,17.827801,16.9277
343830896,274.1292658,-75.24497992,0.36008599,,17.2649,16.3601
343830897,274.1410186,-75.24388431,0.18185601,,17.537001,16.5709
343831205,274.2019848,-74.89523458,0.282601,,17.209801,16.258301
343831419,274.2407799,-74.65041975,0.47950101,,17.137199,16.243601
343831595,274.1837283,-74.48181228,0.213882,,18.589001,17.6334
343831671,274.1748797,-74.39843007,0.211146,,18.035801,17.0797
343831673,274.2684623,-74.3957226,0.0142946,,17.9711,17.093201
343831700,274.2192116,-74.35819426,0.55148399,,17.173,16.198601
343831716,274.0858324,-74.34061471,0.244381,,18.205099,17.3144
343831745,274.2660773,-74.30899695,-0.047024999,,18.2232,17.276199
343831835,273.9908829,-74.22231466,0.43972099,,17.9881,17.0126
343831857,274.2437254,-74.20705055,0.217187,,18.5609,17.6276
343831861,273.9410198,-74.20311548,0.417391,,17.3685,16.4149
343831928,273.8985901,-74.14382749,0.37299901,,16.7101,15.7628
343832037,274.2053671,-74.01490682,0.279944,,17.6605,16.707701
343830500,274.041916,-75.71826931,0.256017,,17.941099,16.993401
343830808,274.1440243,-75.35380771,0.31531599,,17.516399,16.559999
343830672,274.2197777,-75.50901864,0.107788,,18.1497,17.1465
343831387,274.1045678,-74.69146786,0.170505,,18.1168,17.3004
343831493,273.9600146,-74.58465459,0.41775,,17.7889,16.858101
343831744,274.0844968,-74.31004003,0.156168,,17.8876,16.917801
343830307,274.1016745,-75.92578668,0.095997199,,18.3627,17.3734
343830884,274.3241057,-75.25616658,0.109237,,17.955,17.1959
343831535,274.2107716,-74.54699131,0.112873,,18.113001,17.167801
343831926,274.1245823,-74.14534251,0.123572,,18.312401,17.393801
343830387,274.1480358,-75.84510196,0.42614001,,18.311199,17.341
343831644,274.2679745,-74.43108879,0.290986,,18.2778,17.316601
1688316087,274.5234306,-75.99110439,-0.0024735399,,18.812901,17.8246
1688317259,274.6071955,-75.87872308,0.185747,,18.622299,17.7603
1688317649,274.4283375,-75.83168587,0.0119424,,18.405199,17.4583
1688317658,274.553633,-75.81615877,0.092569903,,18.759899,17.818001
1688322104,274.5884705,-75.63395487,0.031449899,,18.357401,17.472799
1688322376,274.4958961,-75.60823004,-0.133331,,18.7745,17.7913
1688322405,274.4407758,-75.60608392,0.098051101,,18.4097,17.435699
1688322410,274.5314717,-75.57916855,0.23720101,,18.868999,17.9069
1688341690,274.3757621,-75.24156915,0.18637501,,18.0012,17.053101
1688341728,274.4258148,-75.21266899,0.159143,,18.545601,17.594801
1688352836,274.4949293,-74.95687542,-0.071801104,,18.7421,17.780399
1688351112,274.4717873,-75.20560735,0.19911,,18.686199,17.7589
1688357331,274.6584233,-74.92026579,0.19576401,,18.842199,17.9324
1688357837,274.3536077,-74.82014202,0.13421001,,18.756001,17.8923
1688357860,274.3607915,-74.80000442,0.047988102,,18.847799,18.039499
1688358975,274.50936,-74.7204222,0.074670598,,18.961399,17.998899
1688359335,274.4483837,-74.65115077,0.14576501,,18.214701,17.340799
1688359338,274.5567932,-74.63901184,-0.104703,,18.366899,17.675301
1688390338,274.411549,-74.33722772,0.22821,,18.2864,17.3682
1688390344,274.3718654,-74.32152775,0.0102852,,18.4659,17.501699
1688390655,274.4232277,-74.26838122,0.36607501,,18.526899,17.539101
1688357396,274.403633,-74.90855575,-0.102139,,19.2707,18.3813
1688358977,274.5480553,-74.70264136,-0.0786888,,19.3263,18.3887
1688388593,274.5025981,-74.55596643,0.11725,,18.926701,17.9956
1688390349,274.4370946,-74.3155711,-0.31218499,,19.171801,18.193501
1688351214,274.6333421,-75.13710358,-0.0932547,,19.363899,18.383301
1688341803,274.3615713,-75.20848925,0.086003199,,19.2129,18.235901
1688316207,274.5682262,-75.9338899,-0.162214,,19.4277,18.557199
1688316211,274.6593026,-75.91259228,0.18702599,,18.971399,18.080999
1688316214,274.605314,-75.90808696,0.0112187,,19.308001,18.3286
1688316216,274.6579653,-75.89667568,-0.36477801,,19.6087,18.742599
1688317260,274.6556699,-75.86732577,0.41727799,,18.9422,17.962799
1688317347,274.3942797,-75.8557403,0.13771901,,19.5401,18.5791
1688317351,274.3935611,-75.86344555,0.240584,,20.026501,19.0697
1688317659,274.5352851,-75.81170961,0.18936799,,20.2463,19.259899
1688321953,274.3414293,-75.75265076,-0.296783,,19.721399,18.773199
1688321955,274.385531,-75.73126797,0.35896301,,20.3437,19.3955
1688321972,274.5400092,-75.70736391,-1.70342,,20.387699,19.4098
1688322002,274.597095,-75.68789686,0.507734,,18.589899,17.620701
1688322384,274.3633196,-75.62932872,-0.0039605601,,19.8479,19.024099
1688322527,274.5531238,-75.526193,0.617037,,20.273001,19.26
1688323742,274.4041842,-75.47925139,-0.020372201,,20.4457,19.538
1688323747,274.4928268,-75.46672487,0.354523,,19.362301,18.3433
1688324060,274.5095345,-75.41559764,0.190174,,19.128599,18.1569
1688324172,274.2849921,-75.39313129,0.74997097,,19.360701,18.3983
1688341372,274.4734162,-75.29699866,0.29070199,,19.5187,18.6425
1688341720,274.407646,-75.23405425,0.151997,,19.1234,18.1667
1688341725,274.4531569,-75.22372552,-0.39569899,,19.891399,19.104
1688343372,274.3407772,-75.05501768,0.28704801,,18.8353,17.9611
1688351211,274.4523964,-75.1605721,-0.041131001,,19.692801,18.7286
1688352410,274.4785677,-75.06519145,0.27609599,,18.4727,17.677299
1688352807,274.5783039,-74.98014925,0.45185801,,19.1688,18.220301
1688352811,274.621903,-74.97385282,-0.104772,,20.038601,19.191401
1688357278,274.4254621,-74.94712006,-0.144954,,19.382299,18.5546
1688357315,274.4370817,-74.91791094,-0.78799301,,20.1745,19.3351
1688357324,274.6396454,-74.89925946,-0.25634199,,19.941799,19.026199
1688357330,274.6090899,-74.89012076,-0.166953,,20.045799,19.148701
1688358939,274.456166,-74.74566098,0.37065399,,20.0138,19.087799
1688359032,274.5498571,-74.68948049,0.16260999,,18.8134,17.996
1688359470,274.4590515,-74.57304535,0.132985,,18.1616,17.5755
1688388720,274.3008224,-74.52350993,0.433382,,19.9459,19.025801
1688389005,274.4704119,-74.45853541,0.33287901,,19.565599,18.623501
1688389006,274.495814,-74.44961404,-0.31574401,,19.6001,18.6688
1688389022,274.3890144,-74.46011718,-0.454647,,19.838499,19.0229
1688389034,274.5260932,-74.4590918,-0.42155099,,19.377701,18.505199
1688389126,274.4034746,-74.3991943,0.069056198,,19.1661,18.214399
1688390262,274.3760838,-74.36558334,0.118754,,19.1842,18.4734
1688390266,274.3549465,-74.35892314,0.44964501,,18.811501,17.8622
1688390267,274.4040495,-74.34856514,-0.19877,,19.7526,18.9571
1688390342,274.4188028,-74.33006472,0.165391,,18.8839,18.0086
1688390680,274.4131788,-74.24616772,0.0079275304,,19.327801,18.555201
1688390786,274.5401975,-74.2089726,0.35309899,,19.2964,18.311199
1688395602,274.5934628,-74.07643936,0.220112,,19.4979,18.6271
1688395874,274.4434204,-74.06802132,0.54497701,,19.0641,18.096901
1688395875,274.4959487,-74.05625936,-0.87091601,,20.607401,19.726999
1688395876,274.4824818,-74.06792759,0.094961897,,19.460199,18.557899
1688395906,274.517403,-74.03742797,-0.40036601,,19.8591,18.982201
343836695,274.3938858,-74.41805942,0.289188,,18.343399,17.560301
343837677,274.642367,-75.67815177,0.356731,,18.4333,17.534
343836480,274.6697782,-74.19110838,1.4849,,14.1835,13.2172
343836483,274.5784058,-74.19409307,0.67988801,,15.0438,14.1029
343836534,274.4818806,-74.24144563,0.735699,,15.9282,14.9566
343836536,274.3996063,-74.2431262,0.945602,,13.8464,13.0003
343836481,274.3281183,-74.19217273,0.36435801,,16.708599,15.7489
343836570,274.4172963,-74.27407277,0.69047803,,15.5775,14.6704
343836585,274.4273363,-74.28442168,0.58990699,,16.1523,15.1747
343836911,274.4044604,-74.66922215,0.48484001,,16.500099,15.6161
343837724,274.2903855,-75.75883998,0.36970401,,17.571899,16.6357
343836517,274.4847927,-74.22743411,-0.034178901,,18.299101,17.3414
343836563,274.5070613,-74.26560981,0.0483317,,17.797501,16.819599
343837229,274.6600493,-75.04161922,0.120614,,18.069099,17.1301
343837517,274.5428511,-75.45588681,0.27286199,,18.593901,17.5944
343837654,274.3282721,-75.64725837,0.41659501,,17.1852,16.2635
343837660,274.5846917,-75.65548595,0.40588,,17.5919,16.6483
343837680,274.6231666,-75.67978638,0.188151,,18.222799,17.2672
343836414,274.5950219,-74.12370778,0.15621699,,18.6471,17.716499
343836580,274.3269699,-74.28031278,0.383627,,18.258699,17.341499
343836639,274.3031475,-74.35295316,0.064943798,,18.431601,17.489401
343836989,274.5580481,-74.7437701,0.094181798,,17.933599,17.1047
343837159,274.4228806,-74.96389936,0.042659301,,17.9139,16.985399
343837186,274.3126753,-74.99995664,-0.090396598,,18.2416,17.2883
343837322,274.6665757,-75.18131652,0.288863,,17.3908,16.403999
343836466,274.427031,-74.17688814,3.5681,,11.9295,11.0881
343836484,274.513726,-74.19417281,1.7298501,,13.8656,12.9206
343837269,274.3737955,-75.10858041,1.7796201,,14.0796,13.1566
343837276,274.6190369,-75.11794308,0.69520801,,15.7712,14.8615
343837344,274.2785711,-75.20575395,0.70630997,,15.5565,14.5814
343837658,274.4230515,-75.65200457,0.38593599,,16.4641,15.5684
343837674,274.6358922,-75.67449877,0.699256,,14.2984,13.3585
292747699,274.7673315,-74.92272145,2.3143401,,11.3457,10.654
292748010,274.7073627,-75.22808609,2.28685,,11.7138,10.9673
343836838,274.5458377,-74.58066556,1.59839,,12.4865,11.7661
343837049,274.5640149,-74.81256253,1.43198,,13.6723,12.8247
343837369,274.2838102,-75.23984087,1.647,,13.1273,12.3233
343837219,274.337787,-75.03381081,0.83464599,,14.2652,13.3492
343879516,274.4840448,-75.92609904,0.361498,,16.7724,15.7869
292748408,274.7490894,-75.63685186,0.260885,,16.806999,15.8123
292748043,274.8571,-75.26040165,0.56333899,,16.153,15.1568
343837147,274.5933346,-74.94652032,0.055585898,,14.9258,14.5177
292747802,275.0262292,-75.03813221,0.57553101,,16.347099,15.3936
292748120,275.0535279,-75.33580362,0.40633801,,16.4424,15.4784
343879474,274.3441128,-75.89609613,0.95790398,,14.9247,13.9442
343837051,274.4452528,-74.81711404,0.244331,,15.5116,14.6148
343837054,274.3469513,-74.82511238,0.43432599,,14.8788,14.0092
343837144,274.6420797,-74.94121807,1.08729,,13.9787,13.1966
343837167,274.4634571,-74.97199093,0.79154998,,15.5225,14.5985
343837204,274.6007597,-75.02206049,1.18775,,14.0511,13.1779
343837454,274.4543064,-75.37933981,0.97063202,,14.695,13.7869
343837478,274.6403329,-75.40767634,0.58147299,,15.8361,14.8401
343837531,274.3167321,-75.46421539,1.28003,,14.1536,13.1876
343837739,274.2755087,-75.77334398,0.53995901,,16.135099,15.1674
292747720,275.0467235,-74.95101004,0.710307,,15.842,14.8941
292747932,274.7909813,-75.15045898,1.13271,,14.5029,13.6056
292747985,274.7112046,-75.2115424,0.83152902,,15.4406,14.4409
292748535,275.0406238,-75.76470661,0.68448001,,15.6395,14.666
343836998,274.4380405,-74.75859771,5.4365101,,9.2586098,8.71492
292705751,274.7698412,-74.01799979,1.3606,,13.8652,13.0002
292705841,274.9932456,-74.09875652,0.967336,,14.934,14.0315
343836446,274.6160496,-74.15834931,0.53723103,,16.9524,15.9799
343836718,274.3714298,-74.44347082,0.164703,,16.741301,15.91
343837179,274.5285427,-74.99335944,0.292905,,16.764601,15.8396
343837498,274.3539644,-75.43078271,0.39863101,,16.8262,15.9451
343836416,274.452324,-74.12595755,0.44236201,,15.4401,14.4907
343836665,274.5881023,-74.38468379,0.42625999,,15.4402,14.4908
343836885,274.4192618,-74.63191828,0.85961998,,14.6852,13.8023
292705950,274.948493,-74.19763521,1.12769,,13.8439,13.1292
292748251,274.7072625,-75.46652583,0.50733602,,16.6626,15.6419
292706155,274.9165796,-74.36984128,0.49367201,,16.577,15.6462
292706160,274.9645407,-74.37310068,0.52521503,,16.6005,15.7929
292747607,275.0477733,-74.84453214,0.487086,,16.437599,15.481
292748650,274.8471426,-75.88860131,0.35752901,,16.933901,15.9438
343836339,274.4888771,-74.02146974,0.68701899,,15.5683,14.6084
343836359,274.4870583,-74.05049841,0.56560999,,16.3349,15.4215
343836447,274.544285,-74.15919216,0.492163,,16.3563,15.3949
343836451,274.3938781,-74.16092965,0.35121101,,15.1227,14.5154
343836668,274.6241508,-74.39036636,0.64749497,,15.6436,14.7596
343836796,274.6371342,-74.53183214,0.44422501,,16.0196,15.0668
343836798,274.3455513,-74.53268675,0.69883698,,15.1388,14.2125
343836866,274.591013,-74.60612558,0.685646,,16.089899,15.1428
343836873,274.6115085,-74.60974119,0.72763801,,15.9079,14.964
343837063,274.3553673,-74.83985403,0.38751799,,15.9882,15.0683
343837121,274.3416181,-74.91529034,0.381735,,16.1203,15.1566
343837226,274.5449845,-75.03921114,0.49933401,,16.342199,15.3957
343837586,274.5070572,-75.55353666,0.44193301,,16.6674,15.7174
292705859,274.6967015,-74.11320786,0.64100599,,15.4126,14.4652
292706157,274.974055,-74.37046088,0.53071803,,16.6117,15.6459
292747264,274.9972994,-74.48712669,0.71645302,,15.0557,14.1319
292747494,274.9620811,-74.73546188,0.49632099,,16.652901,15.7394
292747983,274.9516993,-75.20993753,0.84762597,,16.143101,15.1787
292748000,274.7385046,-75.22204966,0.372944,,16.6446,15.7078
292748001,274.7648752,-75.22247876,0.73123699,,16.1238,15.1339
343837076,274.5829575,-74.85617066,0.40376699,,15.6492,14.7016
343837075,274.670849,-74.85544697,0.49509701,,16.696501,15.8277
292747204,274.9278512,-74.44367497,0.64002597,,15.4332,14.4804
343836869,274.3794719,-74.60768681,0.312686,,16.8563,15.9062
292748007,274.6965368,-75.22580156,0.61735201,,15.7376,14.771
292747645,275.0558488,-74.87842739,0.20509601,,18.295,17.3694
343836323,274.3540289,-74.00313141,0.115414,,17.343399,16.3995
343836338,274.474804,-74.02139255,0.30042699,,17.409599,16.4508
343836450,274.4446986,-74.16082788,0.207725,,18.3713,17.398899
343836742,274.3495423,-74.4720585,0.30439401,,16.962,16.0315
343837023,274.4129574,-74.78556385,0.259262,,17.257601,16.520599
343837373,274.261229,-75.2452224,0.23680601,,18.4527,17.515301
292747555,274.8026039,-74.79771162,0.34561601,,17.1353,16.1807
292747667,274.9329388,-74.89384558,-0.0015128501,,18.6033,17.6754
292748401,274.8026684,-75.6265754,-0.102352,,18.235701,17.2519
343836805,274.4078498,-74.53763461,0.20971601,,17.211201,16.244101
292705947,275.0303066,-74.19541165,0.111482,,18.4217,17.435801
292748072,274.8656667,-75.28523701,0.162706,,18.712999,17.690599
292748468,274.8704689,-75.69669233,0.066070899,,18.809099,17.8214
343836389,274.6671536,-74.08392673,0.389965,,18.2136,17.2474
343836491,274.6427877,-74.20209381,0.27956599,,17.631399,16.835899
343836495,274.4291982,-74.20516546,0.203778,,18.064301,17.0972
343836507,274.3765422,-74.2176413,0.0808677,,18.0858,17.2624
343836719,274.3580841,-74.4457459,0.155518,,17.5144,16.607401
343836778,274.6372191,-74.51476101,0.32388201,,17.264,16.4536
343836837,274.6464151,-74.57974683,0.43623099,,17.875799,16.938499
343836839,274.3098964,-74.58072712,0.31757599,,17.914,17.009399
343836888,274.4374772,-74.63335545,0.29628599,,17.951099,17.011
343836906,274.650881,-74.66305068,0.28935701,,17.4807,16.630699
343836935,274.5969806,-74.69175069,0.20953301,,18.313,17.435301
343837002,274.3385973,-74.76189887,0.048975401,,17.954599,17.052299
343837025,274.5981034,-74.79055901,0.22287899,,17.825001,16.925699
343837251,274.496786,-75.07384237,-0.0610746,,18.0175,17.0495
343837261,274.3319629,-75.08879737,0.108877,,17.8375,16.8755
343837279,274.3682443,-75.12384906,0.215894,,17.799601,16.827101
343837391,274.5017113,-75.26877538,0.201382,,17.839701,16.8386
343837425,274.4167153,-75.33147795,0.0963597,,17.256901,16.401501
343837455,274.360732,-75.38004195,0.229993,,17.7782,16.7964
343837474,274.4310593,-75.40331355,0.109637,,17.7099,16.8006
343837587,274.5890734,-75.5570448,0.365087,,17.3603,16.3668
343837760,274.4901584,-75.79973648,0.19642,,17.934999,16.9648
292705752,274.7321851,-74.01803209,0.36411899,,17.6488,16.681101
292705863,274.9757845,-74.11559961,0.106197,,17.9331,16.9865
292706010,274.925739,-74.2412367,0.181293,,17.314699,16.346201
292706012,275.0724621,-74.24240121,0.45854101,,17.625401,16.667601
292706057,274.996466,-74.29056654,0.393143,,18.157101,17.254101
292706158,274.6839853,-74.37131183,0.234824,,17.889601,16.9466
292706191,274.8999657,-74.3981066,0.27286401,,17.5394,16.655899
292747203,274.6927738,-74.44325387,0.125043,,17.588301,16.650999
292747245,274.9200666,-74.47099008,0.118693,,17.985001,17.2922
292747342,274.7341287,-74.5756599,0.19203401,,17.775999,16.809099
292747501,274.7550962,-74.74065334,0.160052,,17.873899,16.929899
292747642,275.0363609,-74.87493008,0.179931,,17.697001,16.778
292747701,275.0350581,-74.92531438,0.29660001,,18.1423,17.1695
292748040,274.6993166,-75.25786325,0.51635301,,17.521601,16.556499
292748308,274.7832062,-75.52612608,0.17827,,17.4202,16.4538
292748410,274.8610787,-75.63820809,0.28244099,,17.2999,16.323799
292748406,274.7028251,-75.63375729,0.046959199,,18.257,17.419201
292748448,274.9883376,-75.68334141,0.422905,,18.2638,17.2591
292748653,274.8143737,-75.90200894,-0.0520317,,18.0317,17.101299
292748708,274.8406365,-75.96926167,-0.0245122,,18.0595,17.076099
343837355,274.6341648,-75.2201016,0.513273,,17.973499,17.0338
292705891,274.9285585,-74.13875526,0.428763,,18.188999,17.2824
292748269,275.0368102,-75.48057357,0.29139099,,18.8627,17.8722
343836738,274.5843243,-74.46888114,0.107706,,17.813601,16.847
292705864,274.8060314,-74.11682902,0.28321099,,18.295099,17.3461
292747882,274.7268193,-75.11802966,0.286854,,17.7253,16.763
292747912,274.7088942,-75.14006327,0.30790901,,18.019199,17.036501
292748042,274.7189955,-75.2600948,0.24915899,,18.3043,17.316299
343836355,274.4966535,-74.04706761,0.36587501,,18.0404,17.068199
343836500,274.430605,-74.21267805,0.31840199,,17.876499,16.985001
292747210,274.9227972,-74.44776954,0.021952501,,18.251301,17.385
292747984,274.7007928,-75.21145407,0.25345001,,18.428801,17.435801
292748531,274.653771,-75.76222014,0.016127599,,18.5839,17.6367
292748075,274.9814624,-75.29053708,0.22549599,,18.3759,17.384701
343879504,274.3486858,-75.91282497,1.31554,,12.68,11.8767
292748588,274.8528151,-75.82344672,0.39674899,,16.926901,15.9284
343879506,274.6466016,-75.91283905,0.988765,,15.399,14.4464
343879529,274.399578,-75.93317912,0.529154,,15.4678,14.6493
343879555,274.4974393,-75.9461774,0.82485199,,15.0218,14.0322
292748318,274.7400297,-75.53654689,0.95051497,,15.3766,14.4234
292748637,274.7360499,-75.87706406,0.53293997,,15.3112,14.4645
292748641,275.0649838,-75.88019423,0.75016499,,14.4162,13.4551
343879591,274.6057614,-75.9778592,0.246391,,17.2054,16.215
292748438,275.0551037,-75.67587818,0.279201,,17.136101,16.129601
343879458,274.6101993,-75.88286944,0.40367299,,16.737101,15.7805
292748415,274.981519,-75.64470278,0.422923,,18.263201,17.249001
292748418,274.6014105,-75.64664381,0.113883,,18.339001,17.4688
292748509,275.0613238,-75.73457524,0.355304,,17.4659,16.481501
292748645,274.9457778,-75.88416503,0.321446,,17.4492,16.4568
292748695,275.0403774,-75.95031955,0.41342399,,17.7915,16.8055
292748453,274.7213252,-75.68753957,0.28764299,,17.6056,16.653799
292748511,274.7348921,-75.73793718,0.0115032,,18.2194,17.309099
292748368,274.9391666,-75.59159654,0.0061292299,,18.681499,17.6793
292748455,275.019339,-75.68831378,0.33271801,,18.060499,17.0755
1688317280,274.2297532,-75.89552241,0.14543299,,18.5882,17.6236
1688317691,274.4250846,-75.79313727,0.050938599,,18.3983,17.4494
1688317769,274.4250593,-75.77471308,0.13461199,,18.297501,17.3668
1688323612,274.2914884,-75.56498929,-0.047734302,,18.8857,17.948799
1688341700,274.3226389,-75.24938706,0.152257,,18.444099,17.561899
1688341701,274.3128551,-75.2419542,-0.073377497,,18.9618,18.066099
1688341800,274.3644465,-75.2070113,0.23374499,,18.628,17.652201
1688348915,274.296071,-74.81701711,-0.026977999,,18.8354,18.0334
1688350707,274.2266779,-74.62311878,0.228617,,18.4149,17.572701
1688317198,274.1812117,-75.94696308,0.35214901,,19.2001,18.4014
1688317315,274.3218471,-75.86202471,0.240236,,20.176701,19.236601
1688317596,274.3184155,-75.84478342,-0.194564,,20.245899,19.278601
1688317689,274.4733991,-75.79004682,-0.230434,,19.6465,18.709101
1688321985,274.468828,-75.70157991,0.23911101,,19.906601,18.9527
1688322076,274.4838896,-75.67096462,-0.43081301,,20.311701,19.3804
1688322350,274.2546904,-75.64481307,0.0431142,,19.6793,18.801701
1688322483,274.3179195,-75.6129245,0.157067,,18.706699,17.9484
1688323737,274.4714596,-75.48805892,-0.28388199,,19.5401,18.7647
1688323741,274.4478558,-75.47162235,0.039796099,,20.281,19.383101
1688324063,274.2856293,-75.4479003,-0.20477501,,20.229,19.270399
1688341305,274.349688,-75.31914014,0.43700501,,18.5159,17.5224
1688341377,274.411952,-75.2834584,-0.58789301,,20.2637,19.2834
1688341667,274.2802464,-75.27847005,0.53381503,,19.255501,18.286699
1688341668,274.3351186,-75.26696217,0.36151201,,18.9055,18.1905
1688341796,274.3024365,-75.21757023,-0.21915901,,19.820499,18.891199
1688343492,274.396374,-75.00461066,0.20113599,,18.935801,18.146799
1688348792,274.2849621,-74.85003746,0.30334601,,19.302999,18.339899
1688350137,274.3224949,-74.76337995,0.136714,,19.598,18.710699
1688357389,274.3986671,-74.91899395,-0.344569,,20.1612,19.266899
1688357393,274.4446424,-74.91088046,-0.33345601,,20.230499,19.295099
343830729,273.8967976,-75.44345592,,,12.6099,11.7232
343830487,273.8838729,-75.73199025,1.3594199,,13.6974,12.7536
343830648,274.2513355,-75.55426377,1.55129,,13.552,12.6674
343831038,273.890539,-75.06656384,0.21578901,,16.912399,15.9872
343830420,274.1324523,-75.80993343,0.82235497,,14.7596,13.8416
343830646,273.9221144,-75.55960204,0.78947002,,14.1289,13.2285
343830730,274.1276006,-75.44254616,0.50514698,,15.6045,14.6296
343830738,274.0062357,-75.43016905,0.87131202,,15.2358,14.3318
343830767,274.2651446,-75.39845291,0.86468601,,13.767,13.0309
343831103,274.0975305,-75.00461382,0.93059599,,15.1347,14.1832
343831285,274.2633921,-74.80531988,0.420109,,15.9741,15.1388
343831395,274.1407925,-74.68153474,2.48877,,13.1937,12.2766
343831688,273.9454021,-74.37352592,0.31411499,,16.767,15.825
343831554,274.1745947,-74.52594904,0.55153799,,16.1474,15.2306
343830771,274.1567874,-75.39367617,0.55239302,,16.1339,15.155
343831629,274.1539958,-74.44837203,0.50700098,,15.8844,14.9813
343831743,273.9358324,-74.31080233,0.63414198,,14.9264,14.2207
343832022,274.2684158,-74.02800519,0.93453503,,14.6431,13.7491
343831312,274.0449027,-74.77860851,0.519835,,15.8161,14.9162
343831366,274.2014392,-74.71593897,0.65718299,,15.1491,14.2363
343831582,274.145571,-74.49520955,0.64208198,,16.0084,15.0574
343831742,274.0977917,-74.31091038,0.54540098,,15.9003,14.9349
343831693,274.1276206,-74.368797,0.483264,,15.0047,14.2398
343831695,274.2309751,-74.3666596,0.46255901,,15.7528,14.7809
343831019,273.9010774,-75.09591191,0.56810403,,15.626,14.6707
343830254,274.1271817,-75.9977714,0.26798999,,17.7535,16.790199
343830380,274.2738866,-75.85261764,0.201977,,17.874001,16.884701
343830490,273.9053374,-75.72883799,0.44668701,,17.1724,16.195801
343830512,274.1814447,-75.70617436,0.340141,,18.191601,17.2887
343830655,273.9607611,-75.54627397,0.20454,,17.9807,17.1141
343830641,274.2494063,-75.56845116,0.42880699,,17.921801,16.9554
343830735,273.9916539,-75.43591851,0.089788601,,17.879101,16.9021
343830815,274.2339541,-75.34205524,0.143566,,17.651899,16.667101
343830958,274.0823565,-75.17055707,0.31628001,,18.032,17.0879
343830946,273.9451492,-75.18293545,0.51567501,,16.7181,15.7818
343831244,274.264145,-74.8538329,0.42400199,,16.474701,15.5846
343831246,274.2484103,-74.85190696,0.086232901,,17.971701,17.0264
343831332,273.9842308,-74.76079894,0.220365,,17.9853,17.0319
343831380,274.0427554,-74.70495141,0.295757,,17.967501,17.0333
343831381,274.0676273,-74.70451303,-0.023205699,,18.553699,17.6073
343831349,274.1344659,-74.74390373,0.12504999,,16.835501,15.9915
343831365,274.0141189,-74.71646901,0.299384,,17.429001,16.486
343831367,273.9902494,-74.71479884,0.28139299,,17.2495,16.308701
343831553,273.9143368,-74.52609015,0.3231,,18.461599,17.556499
343831627,274.1288311,-74.45048253,0.37598601,,18.1931,17.2276
343831739,273.9597118,-74.31887211,0.13488001,,18.371799,17.435101
343831690,273.92914,-74.36992411,0.25524101,,17.6369,16.7246
343831777,273.8862948,-74.27721786,0.046783701,,17.4613,16.6798
343831849,273.9534237,-74.21249138,0.153897,,17.389601,16.5739
343831935,274.0883671,-74.13617369,0.33762601,,17.3915,16.4303
343831044,273.9538624,-75.06204731,0.22543199,,17.6985,16.7621
343830375,274.1674875,-75.85961281,0.399728,,18.128599,17.146799
343831813,274.0266987,-74.23749327,0.163987,,17.5086,16.549
343830523,273.8053295,-75.69338453,0.314255,,18.191999,17.204901
343831624,274.036102,-74.45152525,0.074917398,,18.162701,17.2938
343830948,274.2909789,-75.182317,0.28792199,,18.407101,17.5728
467904113,275.7616964,-75.38859538,1.05867,,14.1829,13.2891
467903915,275.6705389,-75.67631959,0.26718,,17.1145,16.166401
467904023,275.4677119,-75.50982126,0.151969,,17.788,16.8022
1688324259,275.2768954,-75.98049041,0.23783299,,18.432899,17.4949
1688324257,275.2515394,-75.98833964,-0.65633702,,19.207701,18.2729
1688386766,274.1291511,-74.05347138,0.68497002,,19.747601,18.8193
1688388038,273.9417775,-74.0548737,0.24713901,,18.745199,17.9156
1688388054,274.0742313,-74.02411204,-0.248441,,19.8925,19.0968
1688324279,275.2720843,-75.94422338,0.200313,,20.0403,19.1203
343650700,272.5155266,-75.9465744,0.38718301,,15.5341,14.6654
343650858,272.5208892,-75.73421008,0.53046501,,15.0488,14.0732
343719327,273.0066798,-74.82077369,0.54895103,,15.8036,14.8489
343650703,272.5166445,-75.94315484,0.34796,,16.8263,15.88
343650723,272.4863883,-75.91304266,0.22789399,,18.555,17.5135
343650822,272.3616021,-75.7864612,0.139094,,18.4872,17.4468
343650883,272.4921559,-75.69437236,0.26133901,,18.1066,17.121401
343650891,272.3734901,-75.68587823,0.17219201,,17.8328,16.9559
343718738,273.0707761,-74.20463894,0.076538697,,18.1241,17.1793
343650666,272.5048236,-75.98720751,0.12747499,,18.2344,17.163799
1688344524,271.6400603,-75.42975452,0.16369399,,18.6901,17.8319
1688345105,271.7213908,-75.3236734,0.365435,,18.3752,17.4046
1688346785,271.6539799,-75.12289156,0.167136,,17.8389,16.905199
1688375156,271.5477258,-74.9441947,0.111695,,18.5287,17.6094
1688376708,271.7075425,-74.83087374,0.161431,,18.4391,17.5515
1688382194,271.5139829,-74.65925403,0.27499601,,18.472099,17.550301
1688403798,271.7319238,-74.24519399,0.26678199,,18.1681,17.306
1688405731,271.6285625,-74.07299876,0.32145199,,17.2707,16.368401
1688340445,273.0213198,-75.5516564,0.326877,,18.6653,17.686899
1688320580,271.7303133,-75.86766421,0.2005,,18.950001,17.941999
1688374943,271.755581,-74.99127211,0.14554501,,18.625299,17.683599
1688405755,271.6381043,-74.05686253,0.217539,,18.832701,17.957001
1688320563,271.476969,-75.90626967,0.021437701,,18.965401,17.9774
1688338158,271.6311997,-75.69537745,-0.40193701,,19.215599,18.189199
1688345098,271.6422563,-75.27519841,-0.224222,,19.038601,18.0777
1688375228,271.5797277,-74.91403557,0.043437701,,18.9872,18.0704
1688375229,271.6009214,-74.91542131,-0.086848497,,19.134899,18.219101
1688384657,271.680537,-74.40226646,0.10207,,19.108101,18.216801
1688316889,273.1320915,-75.97751387,0.0260242,,19.249599,18.1896
1688321101,273.1473017,-75.94378188,0.13795801,,19.0037,17.9701
1688382531,271.6043234,-74.59507983,0.0110578,,19.208,18.2911
1688320191,271.7478342,-75.96648721,-0.34624001,,19.6688,18.693199
1688320291,271.5056724,-75.95630389,-0.103895,,19.540701,18.6462
1688338163,271.6294316,-75.68711844,0.069268301,,19.607401,18.5683
1688339443,271.5470942,-75.61877345,0.28709099,,19.9097,19.044201
1688339464,271.6861278,-75.58425525,0.518143,,18.9265,17.9718
1688339881,271.6276208,-75.49292599,-0.651007,,19.690001,18.966101
1688344511,271.438605,-75.45738279,0.218982,,18.7094,17.9086
1688344517,271.5817601,-75.44929419,-0.19758999,,19.729099,18.7654
1688344614,271.5707526,-75.39463181,0.246407,,19.0114,18.0707
1688344616,271.6058225,-75.37836793,0.033893202,,19.385599,18.461599
1688344957,271.6639383,-75.33713687,0.44008601,,19.4361,18.4503
1688345103,271.6359383,-75.26299732,0.62844902,,19.0741,18.1105
1688345238,271.7960892,-75.24015638,0.066094697,,19.310101,18.497801
1688346488,271.5789989,-75.19461073,-0.106655,,19.459499,18.4799
1688375120,271.5178783,-74.98337759,-0.249175,,19.6467,18.749901
1688375230,271.6261046,-74.91044205,0.171038,,19.186899,18.257601
1688375255,271.5097621,-74.90495213,0.39651999,,19.524099,18.6089
1688375397,271.6587663,-74.90262529,0.21678001,,19.5005,18.613701
1688376623,271.5862163,-74.83015612,0.111565,,20.062901,19.198799
1688376647,271.4313683,-74.82891453,-0.044182699,,19.612499,18.6915
1688376649,271.5538743,-74.82027034,-0.027766,,19.749001,18.9412
1688377258,271.7403275,-74.71506295,0.135267,,18.8512,18.0161
1688382107,271.5360909,-74.67056681,-0.18686999,,19.698999,18.7663
1688382349,271.7247831,-74.61287861,0.177853,,19.1175,18.2369
1688382687,271.7261165,-74.57312922,-0.25427401,,20.17,19.2523
1688384231,271.6759197,-74.45084378,-0.39340901,,19.812401,19.028999
1688384234,271.7483539,-74.45778727,-0.50130999,,20.5222,19.7362
1688384800,271.7413174,-74.31379214,0.149992,,18.552999,17.9238
1688403698,271.6608572,-74.27845136,0.25916001,,19.921301,19.037201
1688403794,271.6875636,-74.24709444,-0.181283,,19.792601,18.944099
1688403803,271.8169904,-74.23075091,0.26552001,,19.380199,18.491199
1688403805,271.8050893,-74.23241718,-1.41576,,20.525101,19.754299
1688404172,271.6131487,-74.1902638,-0.43777001,,20.069,19.233
1688404261,271.6113173,-74.16086322,0.587758,,19.832199,18.9566
1688404262,271.6052141,-74.16071346,0.41481701,,20.2411,19.366199
1688405618,271.7516569,-74.10465426,0.273251,,20.096399,19.278099
1688405724,271.5670295,-74.086378,0.34969899,,18.624599,17.8174
1688405728,271.6772037,-74.06340047,0.162025,,19.3403,18.465
1688405753,271.6255974,-74.05302452,-0.158464,,19.440399,18.548599
1688405754,271.616915,-74.05141423,-0.136512,,19.9946,19.100901
1688406143,271.5559418,-74.01762307,0.172718,,19.1903,18.281099
1688321640,273.1835607,-75.76618626,-0.038492501,,19.677601,18.6674
1688322805,273.3203048,-75.7076602,0.170834,,19.1514,18.200701
1688323149,273.11151,-75.64446651,0.31304801,,19.6306,18.7416
1688323244,273.0894367,-75.6182615,0.110405,,20.092501,19.168501
1688340424,273.027211,-75.57180078,0.42487499,,18.8424,17.9716
343831083,273.8842828,-75.02683312,4.6780601,,11.3288,10.481
343831172,274.0846727,-74.92725897,2.22103,,12.902,12.0511
343830933,274.172725,-75.20147977,0.100115,,15.8831,15.4614
343831084,273.9887399,-75.02676198,0.34605899,,16.302099,15.3754
343830902,274.1166353,-75.24112122,0.853903,,15.2629,14.3243
343831089,274.1363405,-75.02347233,1.39781,,13.9499,13.0698
343831306,273.9930933,-74.78377381,0.679286,,15.6516,14.7159
343831408,274.2127271,-74.66612599,2.58286,,12.3593,11.4835
343831523,273.9975873,-74.5573918,1.16461,,13.5947,12.7416
343831949,273.9244193,-74.11559803,1.6530401,,12.8568,12.0845
343831261,274.1989561,-74.83359015,0.288537,,16.595501,15.6549
343831609,273.9390868,-74.46946866,0.65882301,,15.2201,14.3017
343831610,274.0943254,-74.4636381,0.469053,,16.2365,15.372
343832043,274.1987705,-74.00878814,0.25857699,,16.690701,15.841
343832046,273.9977787,-74.00381429,0.64206302,,14.2823,13.4725
343831090,274.2043569,-75.02307918,0.46964699,,16.8452,15.9183
343830918,274.0428376,-75.2237076,-0.091183603,,18.2307,17.3431
343831169,274.0623377,-74.9336227,0.25965399,,18.2994,17.4536
343831587,274.1309982,-74.49066603,0.22905099,,17.329901,16.3557
343831705,273.9065292,-74.35231863,0.022105001,,17.8913,16.976999
343831899,274.2546834,-74.17531221,0.28140599,,18.391399,17.457899
343830978,274.152056,-75.14212626,0.022463299,,17.768999,17.059299
343831168,274.1017545,-74.93525606,0.24049599,,17.3661,16.405899
343831170,274.290439,-74.93178394,0.22614899,,18.281099,17.367901
343831226,273.9504523,-74.87807123,0.25056699,,17.805901,16.8934
343831260,274.0946705,-74.83538721,0.12737501,,18.330999,17.4009
343831569,274.1762261,-74.50883562,0.37312499,,17.9547,17.0205
343831574,273.9438869,-74.50023693,0.252974,,18.1336,17.2332
343831606,273.9946465,-74.47197685,-0.0098194201,,18.2253,17.2708
343831453,274.1046114,-74.62095652,0.15386499,,18.0173,17.1346
343830905,274.1910721,-75.23935099,0.222657,,18.0865,17.1772
343831318,273.936715,-74.77188171,0.47130099,,18.001699,17.0791
343831757,274.0697297,-74.29839847,0.141891,,18.3487,17.442499
343831305,273.9782568,-74.78406383,-0.0846361,,18.398199,17.4361
1688324569,274.760906,-75.94962334,0.244616,,18.5051,17.5686
1688324645,274.808448,-75.91663434,0.441948,,17.9112,16.990499
1688325720,274.8506324,-75.84422008,0.081867501,,18.557301,17.5854
1688331942,274.7258987,-75.49279746,0.33911401,,18.526199,17.4935
1688325785,274.9954433,-75.81442436,0.0128532,,18.932199,17.9356
1688326081,274.81647,-75.76404601,-0.058317602,,18.8286,17.8766
1688350849,274.905865,-75.21968052,0.132016,,18.9009,17.9042
1688351227,274.7844373,-75.14435789,-0.128341,,19.245399,18.270399
1688332491,274.9491082,-75.28519436,-0.31600499,,19.4606,18.511999
1688324317,274.9678861,-75.95687944,-0.039682802,,19.194799,18.2337
1688350771,274.8012445,-75.24803792,-0.20434099,,19.343201,18.3391
1688324652,274.893003,-75.89813396,-0.045694102,,19.401501,18.504
1688324573,274.7677773,-75.94055247,0.405509,,18.480499,17.5481
1688324574,274.8288515,-75.93370673,-0.67769998,,20.504999,19.5207
1688325721,274.8539915,-75.8419577,0.55478501,,19.1527,18.3563
1688325723,274.9075689,-75.83125487,0.28382999,,19.3036,18.388599
1688325724,274.9411193,-75.82972767,0.237544,,19.3517,18.372299
1688326194,274.7396304,-75.70398352,0.19047099,,19.040001,18.179001
1688330437,274.6180589,-75.70303753,0.32061699,,20.010599,19.117399
1688330536,274.6068417,-75.64450018,-0.972063,,20.657101,19.795
1688330814,274.6765147,-75.5777377,0.47083601,,19.2407,18.425301
1688330816,274.7678248,-75.58529293,-0.087229297,,19.639601,18.6698
1688330883,274.6753553,-75.55034993,-0.101939,,20.0348,19.106701
1688331937,274.6518346,-75.50548658,-0.149014,,19.444,18.5919
1688332034,274.7353224,-75.44162454,-0.59831703,,20.1068,19.070601
1688332041,274.7161247,-75.42807744,0.218207,,20.0902,19.057699
1688332309,274.6370714,-75.39078115,0.232043,,19.1996,18.174101
1688332318,274.7379716,-75.38109987,0.0039289598,,19.7075,18.7097
1688332334,274.6927746,-75.37769408,0.118151,,19.2395,18.252501
1688332445,274.6544156,-75.32278408,0.43727601,,19.805201,18.8435
1688332488,274.8590087,-75.27960191,0.178303,,19.3589,18.4547
1688350727,274.6423421,-75.29681607,0.050159998,,20.177601,19.285801
1688350728,274.6901691,-75.28536703,0.288587,,19.739599,18.7705
1688350766,274.7942362,-75.25928292,0.215395,,18.990101,18.261801
1688351226,274.7560737,-75.14902361,0.292851,,19.1679,18.264601
1688352332,274.8355638,-75.08189598,0.50310099,,18.7945,17.8561
1688324323,275.0163654,-75.98184485,-0.27480599,,20.6255,19.634199
1688324324,275.0295123,-75.97936433,0.227781,,19.362499,18.4097
1688324563,274.9223476,-75.94930729,-0.090539999,,19.4324,18.604401
1688324589,274.8590221,-75.91316556,0.37779,,20.0284,19.083099
1688324590,274.8426191,-75.91454717,-0.38625401,,19.949699,19.018299
1688324641,274.7208371,-75.92852367,-0.285032,,20.114201,19.299299
1688324642,274.7378166,-75.92211974,0.155176,,20.281799,19.3368
1688324713,274.9919972,-75.84721485,0.163692,,20.486799,19.4876
1688325811,274.7018311,-75.83183592,-0.046286199,,19.532801,18.6728
1688326119,275.0438979,-75.73369552,0.188205,,20.037901,19.100901
1688326238,274.9939942,-75.65165121,0.143839,,19.7514,18.7855
1688326241,275.062558,-75.64967104,0.53820699,,20.0044,19.015499
343720307,272.8357752,-75.94573871,3.5637801,,11.0235,10.3206
343719626,272.8056844,-75.15500579,1.53978,,13.8005,12.8399
343719628,273.0197928,-75.15643093,1.2808501,,12.3964,11.6043
343719300,272.8565426,-74.78613957,0.225667,,17.120399,16.208
343719382,273.0778882,-74.87807302,0.20319,,16.601999,15.9029
343719434,272.7513969,-74.94295464,0.27580699,,17.3752,16.384701
343720186,272.9201561,-75.79020976,0.424364,,17.316999,16.281099
343719828,272.8161608,-75.36712678,0.55680603,,16.0951,15.1042
343718562,273.0676035,-74.03905369,0.39330101,,15.8423,14.944
343719391,273.0342828,-74.88714386,0.55278599,,16.0972,15.1988
343719649,272.8118134,-75.17575819,0.45395601,,16.500299,15.4919
343719789,272.9463404,-75.32274818,0.38502201,,16.2911,15.4035
343719825,272.9279491,-75.3623582,0.35402501,,16.399099,15.3754
343719901,272.9706496,-75.45885614,0.61916602,,16.0261,15.0213
343720191,272.9913864,-75.79416694,0.41712001,,16.8577,15.8793
343720309,272.9529692,-75.94753236,0.466234,,16.657499,15.6245
343718528,272.9612758,-74.01015191,0.56363797,,14.4778,13.8881
343719301,272.7855888,-74.78901265,0.87522298,,14.8461,13.9355
343719321,273.088337,-74.81298314,0.48972201,,15.7282,14.852
343719436,272.9497517,-74.94387456,0.78377002,,15.3502,14.4047
343719444,272.9206727,-74.95449733,0.74658698,,15.6176,14.6804
343719516,273.0299808,-75.02455544,1.05787,,13.8227,13.0262
343719653,273.0782853,-75.180423,0.87833703,,14.5397,13.7157
343719967,272.8774068,-75.52585321,0.86590397,,15.3174,14.2905
343719992,272.8312401,-75.54665146,1.28026,,14.7374,13.7562
343720169,272.7852263,-75.77223165,0.88326198,,15.0425,14.0709
343720155,272.9945262,-75.75423943,1.43529,,14.4497,13.4992
343720290,272.7681544,-75.9168406,0.63628101,,16.067301,15.0048
343718909,273.0530684,-74.39318428,0.59894902,,16.528299,15.6905
343719968,272.9843526,-75.52731078,0.60902703,,17.0658,16.0441
343720070,273.0407044,-75.65494588,0.320696,,16.9506,15.9726
343718809,272.8134009,-74.28338615,0.76832801,,15.4977,14.5888
343718889,272.7921163,-74.37398829,0.357714,,16.743401,15.7848
343718959,272.8152414,-74.44843617,0.87530202,,15.4189,14.5103
343719238,272.9528792,-74.7333915,0.78032202,,14.8861,14.0283
343719249,272.817666,-74.74322899,0.58050799,,16.1089,15.1939
343719939,272.8376802,-75.49444981,0.493651,,16.6647,15.6317
343720310,272.8408273,-75.94828495,0.43050101,,15.1487,14.2608
343719341,272.9087697,-74.83411587,0.34406599,,16.935301,15.9974
343718903,272.9372587,-74.38737621,0.71573502,,15.7961,14.8441
343718560,272.7422365,-74.03749369,0.264038,,18.1008,17.244101
343719481,272.9851911,-74.99230276,0.269393,,17.9291,16.9377
343720164,272.7239495,-75.76936524,0.27734801,,17.7465,16.7013
343719942,272.7867224,-75.49754736,0.080275998,,18.4965,17.5054
343719996,272.8290859,-75.55506503,0.29644799,,18.450001,17.422501
343719239,273.0670675,-74.73480694,0.26243499,,18.349001,17.392799
343718621,272.7695983,-74.10217265,0.25578699,,17.907301,17.084
343718805,272.7595973,-74.27951857,0.31085399,,17.721901,16.7612
343718964,273.0266938,-74.45607719,0.34245899,,17.4884,16.5301
343719235,272.8614383,-74.73107789,0.196161,,17.6493,16.726
343719381,273.0050944,-74.87485906,0.23304801,,17.358,16.4118
343719437,272.7903458,-74.94388865,0.435662,,17.839399,16.9363
343719502,273.0635358,-75.01291997,0.25984201,,17.254801,16.2745
343719634,273.0023982,-75.16020411,0.24561299,,17.4543,16.489401
343719962,272.9414604,-75.52032778,0.230685,,17.763599,16.761101
343720133,272.8559374,-75.72314054,0.318636,,17.6362,16.6292
343720134,272.9011922,-75.72549182,0.27755699,,17.7764,16.747
343720156,272.9152484,-75.7545918,0.220356,,17.164,16.483601
343720161,272.9321888,-75.76832456,0.226307,,18.020399,17.0144
343720167,273.0083079,-75.77091701,0.42541099,,18.2374,17.320601
343719348,272.8829731,-74.83883824,0.31838399,,18.164801,17.224501
343761932,273.7886679,-74.07828745,2.66998,,10.7344,10.1004
343763060,273.637256,-75.45056326,4.6928701,,11.4076,10.5721
343763412,273.6887009,-75.97214768,1.39367,,12.7626,11.8252
343762672,273.5699536,-74.92741986,0.25284401,,16.927999,15.9665
343719635,272.8500447,-75.16045492,0.083679102,,18.4835,17.479401
343719764,272.7826226,-75.29186132,0.140439,,18.3505,17.327101
343762710,273.7791377,-74.97916324,0.83151102,,15.5886,14.629
343762844,273.6743063,-75.17116984,0.511114,,16.4412,15.4618
343761872,273.6182836,-74.00366637,0.70452702,,14.9662,14.0382
343761931,273.5239375,-74.07813992,0.944157,,14.6655,13.7927
343762718,273.6414273,-74.99415346,0.77868402,,15.3572,14.4524
343762721,273.6834942,-74.99747347,0.25270799,,15.5742,14.7756
343762743,273.7787555,-75.02742502,0.61787301,,15.6792,14.724
343762744,273.6165132,-75.02776254,0.73535198,,14.5112,13.5668
343763106,273.7940158,-75.5095303,1.26782,,14.2858,13.347
343763093,273.5723401,-75.49360186,1.01723,,14.5782,13.75
343763202,273.5157465,-75.63794837,0.73019201,,15.8201,14.8721
343763240,273.6188986,-75.69541372,0.988989,,14.1327,13.254
343763411,273.5470821,-75.97100493,0.73365402,,15.7074,14.7271
343720292,272.7621511,-75.91984001,0.45989701,,18.1733,17.124001
343719479,272.9673721,-74.99194441,0.37676799,,17.986799,16.9921
343762029,273.7943546,-74.16896563,0.387582,,15.0175,14.1966
343762316,273.8567692,-74.49495859,0.320986,,16.8281,15.8853
343762977,273.5502902,-75.35134293,0.44286501,,16.7782,15.7987
343762028,273.6788987,-74.16870168,0.36653501,,16.8715,15.9818
343762166,273.8202118,-74.3228024,0.23327699,,15.1452,14.3104
343762189,273.5011392,-74.34798436,0.416935,,16.7351,15.8263
343762459,273.7524303,-74.65506903,0.245535,,16.818001,15.8542
343762482,273.8115476,-74.69556934,0.90053701,,15.13,14.2247
343762655,273.5005982,-74.91270551,0.39209899,,16.556499,15.5819
343763310,273.7916216,-75.80120665,0.544662,,16.1842,15.2005
343762260,273.8064358,-74.43233819,0.27115399,,17.626499,16.667801
343762343,273.6644079,-74.51956671,0.48839799,,17.556601,16.5923
343761877,273.761816,-74.00802439,0.186913,,18.225201,17.2642
343761880,273.8048956,-74.00904992,0.28258699,,17.443001,16.507799
343761949,273.4971735,-74.09100372,0.30998099,,18.1646,17.202
343761980,273.856731,-74.12693555,0.431665,,17.941999,16.9767
343761983,273.5555945,-74.13208746,-0.028904401,,18.419901,17.5308
343762027,273.6297433,-74.16816922,0.16360401,,17.8598,16.896299
343762296,273.7113167,-74.47414166,0.28296,,18.4932,17.518801
343762385,273.6014858,-74.57823592,0.301835,,17.9967,17.0499
343762457,273.7965893,-74.65464373,0.241791,,17.495501,16.546801
343762484,273.7270101,-74.70035476,0.25727001,,17.869499,16.9104
343762476,273.6393298,-74.68319904,0.185296,,17.578899,16.691299
343762514,273.8252777,-74.73461789,0.311685,,17.2005,16.2542
343762640,273.8804744,-74.88762638,0.24842399,,17.503201,16.5522
343762674,273.7226569,-74.92997942,0.31885001,,17.59,16.732
343762769,273.6423236,-75.05815994,0.38278499,,17.3564,16.418501
343762771,273.6612552,-75.06018808,0.048127498,,17.991699,17.0287
343762813,273.683782,-75.12186422,0.29476699,,17.343,16.371099
343762945,273.6879749,-75.31105708,0.236524,,17.6604,16.7381
343763021,273.8177735,-75.40333684,0.42407599,,17.6269,16.645399
343763059,273.5927902,-75.44786865,0.33057401,,16.963699,15.9775
343763122,273.5505392,-75.5309559,0.217646,,17.690701,16.7356
343763238,273.7391097,-75.6934955,0.28816,,17.9925,17.004499
343763414,273.5790565,-75.97488103,0.48109299,,17.6003,16.639299
1688317499,273.6879253,-75.90439708,0.0131288,,17.972099,16.961399
1688317504,273.7383786,-75.88605316,0.028268499,,18.615299,17.611099
1688317518,273.6786114,-75.88547863,0.16811,,18.4757,17.5774
1688323484,273.6093203,-75.60740424,0.062137201,,18.9645,18.0462
1688323830,273.7592067,-75.54635678,0.1014,,18.065399,17.0921
1688341061,273.7172166,-75.43979034,0.31630701,,18.445801,17.494499
1688341613,273.6678644,-75.29610641,0.0905108,,19.0599,18.106899
1688342759,273.7388659,-75.24571542,0.00035544299,,18.1831,17.230499
1688343141,273.675825,-75.18070745,-0.042817701,,18.623501,17.641001
1688343183,273.8453127,-75.12408647,0.108477,,19.0681,18.1066
1688348098,273.8476493,-75.03411437,0.236287,,18.667,17.7003
1688348152,273.7106825,-75.02505144,0.23862199,,18.4828,17.504
1688348545,273.6992767,-74.9673691,-0.0848542,,18.875999,17.9062
1688349901,273.7743371,-74.86409851,0.19083001,,19.009899,18.0611
1688349930,273.7066679,-74.8606722,0.26357201,,18.2073,17.314501
1688350023,273.6461229,-74.8289442,0.226096,,18.2512,17.290199
343757483,273.4271813,-74.09190191,0.44146001,,18.1882,17.2761
343757489,273.2487422,-74.08811357,0.41058701,,16.941099,16.0042
1688378980,273.7588535,-74.597556,0.143103,,18.553301,17.6297
343757538,273.2708687,-74.04247376,0.40255001,,17.298,16.4307
1688380401,273.9561536,-74.43502349,-0.118569,,19.076,18.1709
343757551,273.2197107,-74.03092568,0.34720999,,17.2145,16.3708
1688386181,273.6773075,-74.2633736,-0.47400999,,19.310801,18.439199
1688387953,273.6828856,-74.12879386,0.114281,,18.3414,17.434601
343757555,273.4652499,-74.02666196,0.214288,,17.741899,16.7836
343757427,273.2559663,-74.13367982,0.31522101,,17.364201,16.421301
1688317110,273.6786847,-75.98288936,0.27175301,,19.424999,18.417
1688317374,273.595443,-75.97259904,-0.30324301,,20.0937,19.1413
1688317418,273.7426359,-75.92216176,0.0391142,,19.6033,18.616301
1688317424,273.7438581,-75.91307432,0.57931602,,19.423,18.417801
1688317501,273.7394557,-75.89902867,-0.172874,,20.681299,19.690701
1688317528,273.7305005,-75.86812779,0.344071,,19.909901,18.944599
1688322169,273.8260293,-75.7311111,0.025498301,,19.6159,18.742001
1688322241,273.6633198,-75.68461588,0.26229599,,19.3426,18.400999
1688323832,273.8599598,-75.54405566,0.52286601,,18.8859,17.9513
1688341071,273.7222848,-75.43445142,0.122603,,19.849701,18.9473
1688341195,273.7649361,-75.37729378,-0.040597599,,20.121401,19.276899
1688341156,273.7915342,-75.39238798,-0.093538702,,19.771601,18.8195
1688341483,273.7285333,-75.35128791,0.035036001,,20.186899,19.2897
1688341572,273.6379571,-75.29618387,0.46698701,,19.8953,18.9512
1688343276,273.6851427,-75.11096914,0.238141,,19.2033,18.2633
1688348072,273.8114908,-75.05622178,0.168421,,19.6546,18.8936
1688348091,273.761129,-75.05626679,0.0623562,,20.140499,19.2328
1688348092,273.7871663,-75.05115291,0.39343899,,19.2027,18.2822
1688348192,273.7829607,-75.00027447,0.0150176,,20.4799,19.519899
1688348546,273.6723838,-74.96664438,0.23665,,18.864799,17.9741
1688348547,273.6903718,-74.96433895,0.34710401,,20.003599,19.0394
1688348570,273.8226595,-74.93223707,-0.086835898,,19.6766,18.954901
1688349929,273.774572,-74.8560241,0.46713501,,19.5564,18.744499
1688349934,273.7612919,-74.84665036,-0.10644,,20.7066,19.773701
1688350345,273.6650785,-74.76764996,-0.0096332897,,19.7218,18.770901
1688350428,273.7107351,-74.74395878,0.51520598,,18.4107,17.502199
1688350434,273.711482,-74.73493419,0.204919,,19.402599,18.502899
1688378393,273.7564955,-74.65296165,0.0079830904,,19.853701,19.047501
343757507,273.3144424,-74.07156529,0.67716002,,14.3436,13.5371
343757455,273.3365238,-74.10978745,0.65175498,,15.7932,14.9653
343757506,273.363431,-74.07209727,0.37997499,,16.182699,15.3079
1688378961,273.5801687,-74.54951495,0.24371099,,19.478901,18.5919
1688378963,273.64016,-74.54485084,0.30876899,,18.5949,17.7015
1688378995,273.8217831,-74.56668832,0.154632,,19.381001,18.4433
1688380396,273.906504,-74.44564786,0.24468,,18.9494,18.0427
1688380403,273.9174938,-74.44901908,-0.073962599,,19.2768,18.528
1688380487,273.754731,-74.42521949,-0.32854801,,19.346399,18.551001
1688380492,273.8122877,-74.41747438,0.30295399,,18.877501,18.0061
1688380926,273.8589432,-74.341719,0.37494001,,18.6444,17.8759
1688386205,273.9167141,-74.2214468,0.522048,,19.1215,18.197901
1688386580,273.8179132,-74.1799166,0.39844701,,19.019199,18.073799
1688386645,273.6716168,-74.18356519,0.39939401,,20.273199,19.316299
1688386679,273.7365993,-74.14363597,0.39547101,,19.4806,18.573799
1688387987,273.6520979,-74.09966553,-0.020456901,,19.5746,18.7637
1688387993,273.8278899,-74.07566158,0.018970599,,19.2486,18.3526
1688342140,272.9057719,-75.35091431,0.202713,,19.6094,18.628901
1688317093,273.6960726,-75.98492979,0.081066698,,18.887699,17.8918
1688321750,273.7517538,-75.81675009,0.033610102,,18.548401,17.5753
1688322113,273.5706432,-75.78152524,0.31967601,,18.352501,17.410101
1688321860,273.8148184,-75.78423825,-0.0118642,,18.868401,17.9575
1688322130,273.6899416,-75.7507845,-0.47303301,,19.486601,18.547501
1688322246,273.7629064,-75.70446821,0.15276299,,18.7286,17.7936
1688323375,273.6180574,-75.65050992,-0.091220401,,19.223101,18.304199
1688323389,273.6834056,-75.62595522,0.152504,,18.5769,17.719299
1688323798,273.5447728,-75.56751595,0.19335,,18.4223,17.421
1688341420,273.6388724,-75.37729016,0.041458301,,18.4405,17.586599
1688317100,273.5812676,-75.99998041,-0.31195799,,19.809999,18.7768
1688317082,273.6422746,-75.99669478,0.35464501,,19.507299,18.5308
1688317386,273.6570318,-75.94458697,0.061597701,,20.089899,19.0933
1688317402,273.5861844,-75.94769088,0.257938,,20.0856,19.149
1688323385,273.6498134,-75.63087388,-0.338476,,19.68,18.7488
1688323884,273.5933816,-75.54167679,0.33987901,,19.3773,18.415199
1688323890,273.6607022,-75.52993676,0.25712001,,19.129601,18.255501
1688323891,273.6775162,-75.52452272,0.12986299,,19.7367,18.767599
1688323939,273.8043383,-75.49974777,-0.104359,,19.455299,18.548201
1688341024,273.619025,-75.46693381,0.079867303,,19.340099,18.462299
1688341488,273.7585825,-75.33572868,0.589109,,19.8888,18.915501
1688341497,273.766368,-75.32274472,0.065499097,,18.906601,18.060101
1688342679,273.5081267,-75.30547233,0.270327,,18.829599,17.900101
1688342718,273.6732204,-75.27309247,0.094088398,,19.8923,18.91
1688342770,273.807539,-75.23644597,-0.095670097,,20.2479,19.311399
1688342776,273.8702159,-75.2312234,-0.68214101,,19.669399,18.786501
1688342854,273.6657355,-75.22425388,0.24540199,,19.8496,18.8797
343761906,273.7998449,-74.03885326,10.9451,,8.2533302,7.68543
343762927,273.6039632,-75.28381795,2.6556699,,10.8659,10.0877
343761964,273.8665674,-74.10981174,1.1135401,,13.5788,12.7103
343762690,273.5043245,-74.95727925,2.2290001,,13.3879,12.4812
343762889,273.7615697,-75.23033042,1.11288,,13.1654,12.3143
343763296,273.8283139,-75.78560879,1.5907,,13.8101,12.9032
343762919,273.5800296,-75.27524451,0.325405,,17.431499,16.508801
343763329,273.859706,-75.83847367,0.44629201,,17.6558,16.7078
343762791,273.6303698,-75.08252673,0.479619,,16.572399,15.6034
343762626,273.8639096,-74.87343478,0.39026099,,16.279699,15.456
343763043,273.5053559,-75.42978642,1.21823,,13.807,12.9791
343762409,273.500017,-74.6148698,1.2831399,,13.2289,12.3777
343762039,273.5654578,-74.17660848,1.02408,,14.4081,13.4724
343762414,273.7632523,-74.62039954,0.57457101,,15.7176,14.7688
343762525,273.7550211,-74.74945907,0.84526598,,14.2836,13.5288
343762836,273.7966041,-75.15749557,0.66184402,,15.9113,14.9791
343762623,273.7335711,-74.87291994,0.25888699,,17.4258,16.4897
343762980,273.4936401,-75.35693651,0.241871,,17.2869,16.358801
343763392,273.6460202,-75.94242664,0.26100799,,17.257799,16.2724
343762736,273.6883131,-75.0143469,0.49348,,16.8825,15.917
343762322,273.6574142,-74.49793539,0.70326197,,14.6394,13.6802
343762835,273.5305946,-75.15472793,0.52847803,,16.683001,15.6879
343762878,273.5696189,-75.21217915,0.660303,,16.3346,15.3833
343762963,273.5331499,-75.3318437,0.450894,,15.8707,14.9483
343762529,273.8212895,-74.75411241,0.339174,,16.3398,15.5704
343762159,273.5522997,-74.31781963,0.49385899,,15.9122,15.1263
343762486,273.4950068,-74.70140131,0.404255,,16.587299,15.6341
343762411,273.7049545,-74.61548624,0.29861,,16.8729,15.9115
343762415,273.6358501,-74.62052533,0.304988,,17.2423,16.2708
343762627,273.6658252,-74.87527225,0.20130999,,17.155001,16.2456
343762989,273.7672343,-75.37482232,0.37307501,,17.4177,16.4835
343763050,273.6235873,-75.43578846,0.33416599,,17.0338,16.0672
343763259,273.7722089,-75.73335187,0.14431,,17.667801,16.7523
343762008,273.560071,-74.1564951,0.325726,,17.922701,17.0739
343762114,273.4836511,-74.263259,0.097628102,,17.480101,16.5296
343762523,273.5487378,-74.74606839,0.217683,,17.782801,16.8158
343762704,273.5287542,-74.97325791,0.31613699,,17.254999,16.309999
343762987,273.7542173,-75.36707795,0.25773299,,17.581301,16.6273
343763293,273.7485552,-75.78235132,0.29039499,,17.861799,16.8818
343763079,273.5941004,-75.47752843,0.43631601,,17.8624,16.9051
343763080,273.6979706,-75.47903539,0.18675201,,17.6075,16.7213
343763256,273.7431755,-75.72198951,0.56430101,,17.609301,16.6933
343762280,273.6551287,-74.45430318,0.24921399,,17.379999,16.4077
343762962,273.5515639,-75.32890956,0.42168701,,17.127399,16.142599
343761965,273.747714,-74.11091491,0.0558815,,17.829599,16.894899
343762111,273.5716687,-74.26103299,0.139761,,17.4219,16.6091
343763217,273.5866094,-75.65462979,0.195453,,18.2771,17.310499
343762009,273.847989,-74.15825351,0.300107,,18.306,17.4032
343762602,273.7479481,-74.83990933,0.057698201,,18.068199,17.113701
343762040,273.7421937,-74.17730871,0.50319099,,17.9242,17.060101
292752197,275.4176253,-75.46922931,0.55187201,,18.5394,17.620899
1688406637,272.7049383,-74.09056726,0.085692599,,19.6471,18.702101
1688406755,272.6925043,-74.04871359,-0.093883999,,19.7707,18.916401
1688406769,272.7797349,-74.0359587,0.30578801,,19.660299,18.742901
343651464,272.4208448,-74.9432232,0.210695,,17.9657,17.0259
343651514,272.5195148,-74.87741622,0.321156,,17.906401,16.969299
343651753,272.5401715,-74.59927083,0.25295299,,18.0289,17.1742
343651814,272.5830564,-74.53296524,0.20217501,,17.851801,17.0016
343651820,272.6702989,-74.52728712,0.102746,,17.182899,16.2922
343651466,272.4574254,-74.93863203,0.137439,,18.4188,17.468901
1688406738,272.6718959,-74.05904951,0.14799701,,18.3482,17.5585
343651714,272.6131963,-74.64550337,2.6575799,,10.7729,9.9576502
343651749,272.6804318,-74.60366729,3.59992,,12.1834,11.3307
343651713,272.4233704,-74.65029386,2.56476,,12.2848,11.4784
343651767,272.3879472,-74.58210468,3.08427,,12.6602,11.7489
343651519,272.6281145,-74.87394881,6.2743802,,10.3291,9.6613503
343651821,272.3845144,-74.52283363,2.21699,,12.67,11.8823
343651978,272.6546206,-74.33381936,1.02206,,13.8459,12.9421
343652101,272.58413,-74.19790521,0.30515,,16.5249,15.6188
343651472,272.6691988,-74.92864027,0.47952899,,16.296801,15.3342
343651817,272.6442112,-74.53118735,0.59297103,,15.7534,14.8783
1688347310,272.6825019,-75.20822034,0.247126,,18.511,17.5263
1688347805,272.8581201,-75.1020222,-0.046120401,,18.673401,17.710199
1688349046,272.6879533,-75.03503546,0.0245956,,18.636299,17.7012
1688349114,272.5408328,-75.02154461,0.283032,,18.592699,17.621901
1688343280,273.6322983,-75.11078111,0.038208101,,18.5655,17.6147
1688348637,273.5982133,-74.94446727,0.130538,,17.301399,16.891199
1688348663,273.6033066,-74.92130878,-0.022426199,,18.279699,17.476299
1688349881,273.681921,-74.90040132,0.37167999,,18.226801,17.3027
1688350279,273.4855181,-74.79765233,0.31244799,,18.567699,17.616899
1688350323,273.5378261,-74.79151443,0.155223,,18.303801,17.351299
1688378950,273.5953677,-74.55638061,0.1323,,18.354601,17.4585
1688380634,273.5415964,-74.42859067,0.27932101,,18.718201,17.7966
1688378606,274.1742625,-74.58399196,0.098605603,,18.603001,17.6437
1688379179,274.058065,-74.47776901,-0.110395,,18.49,17.613501
1688340308,272.8120005,-75.59069539,0.12723599,,19.026501,18
1688347226,272.6807169,-75.23001407,0.116899,,18.8391,17.869301
1688349439,272.6750106,-74.96950869,0.192554,,18.8783,17.881701
1688378099,272.865623,-74.75541166,0.0068616001,,18.812,17.961
1688385245,272.6726211,-74.44532104,-0.0312212,,18.826401,17.873199
1688385740,272.6443315,-74.33858442,-0.121757,,19.0042,18.082001
1688388344,273.4243844,-74.0032022,0.030960299,,18.6486,17.843901
1688385891,273.6055286,-74.32933615,0.063557297,,18.770201,17.926201
1688378717,274.233391,-74.52827186,0.256125,,18.763399,17.794201
1688379074,274.0075454,-74.5324585,0.035847399,,18.762199,17.811001
1688349583,272.6689486,-74.905288,-0.168466,,19.468901,18.485901
1688386731,274.1257748,-74.09943652,-0.44559801,,19.319201,18.354601
1688349548,272.7320672,-74.92604711,0.077707,,19.0718,18.143999
1688379466,272.7699417,-74.66713358,0.131447,,19.051001,18.0818
1688378945,273.5145092,-74.56818444,-0.39631301,,19.351999,18.486799
1688380529,274.0921923,-74.38173172,0.023272401,,19.077101,18.1264
1688322715,272.7521371,-75.75448336,-0.83099103,,20.52,19.549299
1688322980,272.8819121,-75.69538895,0.33294001,,20.020399,19.0028
1688340260,272.5284332,-75.63150203,0.47507799,,19.4883,18.438801
1688340383,272.5795187,-75.59346149,-0.21589901,,19.888399,18.9167
1688340655,272.7407121,-75.53606377,-0.100048,,19.7735,18.7878
1688340686,272.7860091,-75.49241917,0.48780701,,19.837,18.8368
1688342320,272.7938918,-75.32744943,0.137977,,19.2878,18.3081
1688342401,272.7511194,-75.29992691,-0.044424701,,19.716,18.690001
1688342428,272.7030518,-75.27781764,0.114434,,19.406099,18.603701
1688347305,272.7011467,-75.21304382,-0.0115307,,19.3964,18.5835
1688347372,272.8353468,-75.20991338,-0.33255899,,19.809401,18.8566
1688347734,272.7126213,-75.09894655,0.33820701,,19.6161,18.635599
1688349137,272.7167499,-74.99880715,-0.233656,,19.810101,18.8125
1688349279,272.7920406,-74.98276943,-0.40229201,,19.764299,18.8277
1688377647,272.9023291,-74.84725941,0.40145001,,19.870399,18.957899
1688377752,272.7634356,-74.81334367,0.38255799,,20.1812,19.2763
1688378098,272.872269,-74.75867453,-0.069514401,,19.4797,18.5968
1688379584,272.8735935,-74.60926659,0.17872401,,19.1905,18.3657
1688379610,272.7421025,-74.60247371,0.070502102,,19.384399,18.6141
1688380031,272.7223017,-74.50368014,0.243773,,19.9506,19.005699
1688385184,272.8898249,-74.42576962,0.227373,,19.920401,18.979
1688385243,272.6856041,-74.44732262,-0.043187201,,20.3568,19.436199
1688385274,272.7745453,-74.4080932,-0.33604699,,19.719801,18.822599
1688385612,272.7023036,-74.38806945,0.370875,,19.0355,18.1411
1688385613,272.7033527,-74.39685137,0.347361,,18.7953,17.8668
1688385726,272.7203924,-74.34453741,-0.069254898,,20.134001,19.2693
1688385743,272.7284011,-74.32859341,0.249911,,19.3944,18.532499
1688386997,272.7334553,-74.30021337,-0.38120201,,19.729099,18.8095
1688387041,272.787286,-74.26377099,-0.42517,,20.3764,19.4454
1688387026,272.6742,-74.28878723,0.35700399,,19.9667,19.0217
343647356,271.989807,-75.30510231,6.4516902,,10.1978,9.4669905
343646344,272.0952709,-74.2091063,1.9293801,,12.6171,11.8157
1688387482,272.6530526,-74.22460432,0.53630501,,18.162901,17.287201
1688387485,272.624651,-74.21443726,0.175595,,19.8011,18.9069
1688387522,272.6945874,-74.18041804,0.15024699,,19.588699,18.710501
343646365,272.0273197,-74.23182321,2.5056701,,12.9784,12.1392
343646930,271.9555515,-74.80244308,0.59943998,,13.3746,12.7332
343646960,272.2434524,-74.84614058,0.48052299,,16.3902,15.4292
1688348055,273.6299225,-75.08687849,-0.276375,,20.4368,19.4627
1688348181,273.6453595,-75.01645504,0.119368,,19.2068,18.2675
1688348523,273.629697,-74.99289631,-0.158373,,20.087,19.1541
1688348558,273.8086772,-74.94764444,0.31869999,,19.679399,18.7609
1688349919,273.5748905,-74.88364789,-0.205466,,19.618099,18.650999
1688350426,273.6877876,-74.75816724,-0.51414597,,20.071501,19.1784
1688378373,273.5948035,-74.69375539,0.220038,,19.0595,18.2166
1688378376,273.591241,-74.70221625,0.396009,,20.302099,19.3902
1688378365,273.6459551,-74.70055055,0.23817299,,19.822201,18.924101
1688378367,273.7107169,-74.68418071,0.24016599,,20.123501,19.238899
1688380296,273.7056373,-74.46096129,0.502666,,19.584299,18.6626
1688380635,273.5794169,-74.43627696,0.463258,,19.064199,18.1103
1688380636,273.5849161,-74.43500448,0.039717,,18.451599,17.7871
1688380647,273.5994229,-74.4201676,0.157527,,19.983,19.0781
1688380650,273.6798549,-74.40196198,0.39675701,,18.4918,17.592699
343647416,271.9883815,-75.36210635,0.46757501,,16.1266,15.5147
1688380784,273.6002573,-74.36403874,0.37804201,,18.132099,17.2995
1688380791,273.6528784,-74.33759776,-0.22754601,,19.428801,18.625
1688380803,273.74413,-74.40039416,0.0025942901,,18.9541,18.3887
1688385887,273.4935583,-74.33898217,0.45112401,,18.844801,17.9317
1688386068,273.8022724,-74.29739698,-0.14712501,,19.7108,18.7918
1688386375,273.6294865,-74.22489883,0.31609401,,19.875,18.9855
1688386381,273.4637865,-74.24554908,0.156607,,19.2663,18.334299
1688386488,273.5594511,-74.19814385,0.53239202,,19.1012,18.3167
1688386565,273.7344328,-74.19503945,0.226923,,19.0917,18.294901
343647432,271.9788402,-75.38341431,0.53394902,,16.549801,15.5506
1688386568,273.7689492,-74.18603536,0.33363801,,19.8452,18.879801
1688387792,273.5304375,-74.14064612,0.156991,,19.2953,18.3529
1688387794,273.5455717,-74.13839318,0.29361501,,18.908701,18.145399
1688387821,273.628593,-74.11060863,0.63626403,,19.632,18.754601
1688388378,273.6621257,-74.01869024,-0.213424,,19.4713,18.6394
1688378605,274.2020376,-74.57870428,-0.40953901,,19.8981,19.0376
1688380878,274.1940246,-74.31557973,-0.380256,,19.778999,18.9231
1688386636,274.097903,-74.12318714,0.471881,,18.8944,17.937599
1688386758,274.065329,-74.06912734,0.048544198,,18.638399,18.0989
1688388573,274.3696055,-74.57633406,0.0699872,,19.1649,18.2502
343646272,272.2159898,-74.10545961,1.01264,,14.6477,13.7398
343646622,272.2498776,-74.49835493,0.77956998,,15.0129,14.1215
343647117,271.930095,-75.00728812,0.83115798,,14.9251,14.0492
343647436,271.9477964,-75.38672739,0.58349901,,15.7186,14.7177
343647545,272.0090232,-75.52198137,0.71312499,,15.8231,14.8212
343647865,272.1148311,-75.97143162,0.34783599,,14.5076,13.6829
343646882,272.0428985,-74.75569492,0.30886,,16.790701,15.822
343646505,272.218207,-74.37794374,1.11076,,14.4186,13.5128
343646349,272.1631408,-74.21403514,0.14579099,,16.6698,15.8187
343646267,271.9687499,-74.10093164,0.226981,,17.049999,16.2682
343646746,271.949991,-74.62410028,0.41086,,17.3386,16.386
343647288,272.2605082,-75.23419429,0.89281797,,15.1454,14.1872
343646633,272.1816344,-74.50696979,0.381174,,16.4561,15.52
343646353,272.1827048,-74.21920373,0.265407,,16.6887,15.8845
343646650,272.1112185,-74.51808919,0.368945,,17.0748,16.1917
343646651,271.9714452,-74.51874861,0.343694,,17.086599,16.151699
343647623,272.2641767,-75.65289608,0.387665,,17.1001,16.077801
1688321092,272.9732211,-75.96433942,0.17216399,,18.643101,17.647301
1688321117,272.9534722,-75.9365571,0.216703,,18.537901,17.4916
1688321216,273.0697884,-75.87823861,0.095080197,,18.8631,17.9459
1688340455,273.1942378,-75.56131389,0.30348799,,18.417299,17.4282
1688340893,273.0904639,-75.43555962,-0.147889,,18.992599,17.9935
1688342176,273.0806934,-75.30846406,0.133184,,18.9048,17.8995
1688347430,273.1721129,-75.14837709,0.17376301,,18.6152,17.686701
1688347787,273.000375,-75.11372752,-0.0157915,,18.757799,17.8799
343646397,271.9369675,-74.26382242,0.122386,,17.394899,16.509501
1688377831,273.067751,-74.73841822,0.35659,,18.4188,17.490801
1688379529,273.0604594,-74.60774841,0.076211996,,18.466101,17.4907
343646748,272.0318567,-74.62786823,0.26223499,,17.9575,17.0005
343646805,272.2570224,-74.6880034,0.25441799,,17.9988,17.055599
1688385336,272.9766166,-74.38136414,0.0782075,,18.6847,17.753
343646905,272.1730148,-74.77635537,0.28465801,,17.697599,16.8428
343646981,271.9451,-74.86712785,0.38226601,,17.9632,17.0198
1688387590,272.9948306,-74.11791976,0.32749701,,18.6436,17.6922
1688406699,272.9089987,-74.06120714,-0.0466404,,18.4102,17.5541
343647360,272.226635,-75.30964905,0.477072,,17.6493,16.622101
1688388258,273.5224861,-74.03362563,0.17231999,,18.5536,17.628799
1688347788,272.953158,-75.11454914,0.113016,,19.005699,18.050501
1688377699,273.0961899,-74.81138766,0.098980501,,18.9564,18.001801
1688387591,273.0551538,-74.11065535,-0.051560201,,19.0329,18.1213
1688347821,273.0029689,-75.07089256,-0.124164,,19.3965,18.422501
343647785,272.2670137,-75.8744169,0.29250199,,17.817301,16.746401
1688388176,273.2532493,-74.09968519,-0.13641299,,19.275499,18.332899
1688321093,272.9506114,-75.96273157,0.060369201,,18.986799,17.948
1688388175,273.287357,-74.09927649,-0.039367601,,19.183399,18.245701
1688316877,273.1633116,-75.98847092,0.52153999,,19.632401,18.6917
1688316899,273.3200213,-75.96062786,0.246097,,20.5425,19.502501
1688321197,273.1945915,-75.89319955,0.71967798,,19.3242,18.3335
1688321212,273.1543245,-75.87186904,0.102501,,19.316,18.308399
1688321488,273.0578903,-75.86871627,0.089377999,,19.4032,18.469999
1688321503,273.1577569,-75.85222236,0.499982,,18.756001,17.8596
1688321604,273.0540939,-75.82224971,0.578174,,19.3316,18.3015
1688322729,272.9947471,-75.7815402,0.182872,,19.7582,18.8708
343723235,273.2546149,-75.91122949,3.35232,,9.91819,9.3707705
343723655,273.4377172,-75.42854953,0.87813801,,13.5835,12.7113
343723522,273.4666083,-75.5858878,0.32738799,,17.1667,16.206301
343830962,274.2451959,-75.16570194,0.170112,,16.8965,15.9409
1688322736,273.0168445,-75.76202749,0.373299,,20.315701,19.3398
343647319,271.9707426,-75.26272987,0.175889,,17.9722,16.962601
1688323132,273.1109052,-75.65482958,-0.196156,,19.896601,18.996401
1688323135,273.1124802,-75.65402071,0.269492,,19.2132,18.444099
343723432,273.1055683,-75.68513761,1.20868,,14.258,13.3587
343723402,273.4443118,-75.72062133,0.97941399,,15.147,14.153
343723738,273.2358186,-75.3437677,0.60154402,,16.039101,15.0849
1688340418,273.0227583,-75.58571459,0.23534,,19.4526,18.490601
343647352,271.974528,-75.30354655,0.26813099,,17.807699,16.809099
343647417,272.07203,-75.36342956,0.20585901,,18.0469,17.115499
1688340826,273.0725562,-75.44276878,0.66355598,,19.1189,18.218599
1688340916,272.9949418,-75.41444292,0.29741201,,19.542299,18.525801
1688342146,273.0821733,-75.3390463,0.29122299,,19.610001,18.718
1688342501,273.1062618,-75.27003269,-0.037673298,,19.293501,18.405899
1688342598,272.9511747,-75.22903801,0.432127,,19.719999,18.704901
343831471,273.8894848,-74.60797338,1.88859,,12.2561,11.4817
1688347353,272.7939843,-75.23451877,0.677688,,19.5159,18.499399
1688347841,273.2042512,-75.08071848,-0.0738739,,19.0369,18.195101
1688347846,273.2137691,-75.06841779,0.43130299,,19.8465,18.9151
1688349162,272.9739638,-75.01046535,0.31977901,,19.773399,18.778099
1688349194,272.9851601,-74.98214043,0.341831,,19.4746,18.490499
1688349237,273.1276532,-74.9566563,-0.27581999,,19.608299,18.722401
1688349245,273.2039111,-74.94357148,0.023848699,,20.041599,19.0783
1688349791,273.0045614,-74.84107217,0.156462,,19.1859,18.2556
1688377701,273.0242091,-74.8106732,0.095195502,,17.981199,17.485901
1688377829,273.0793417,-74.7465352,0.20157801,,19.252199,18.3097
1688379526,273.0410643,-74.61312031,0.498927,,19.479401,18.5268
1688379632,272.9609102,-74.59400832,-0.012543,,19.5954,18.6807
343831338,274.1208019,-74.75039668,0.49946699,,15.8399,15.0134
1688380079,272.9866768,-74.47303838,-0.0451097,,19.6436,18.7192
1688385342,273.0428951,-74.36386611,0.27325401,,18.5732,17.8144
1688385348,273.1111572,-74.35744214,-0.083049998,,19.7864,18.854401
1688385669,272.9669698,-74.35487904,0.56147099,,18.775999,17.817301
1688385700,273.0622972,-74.31552752,-0.96334398,,20.753,19.809601
343723434,273.1707282,-75.68336181,0.41314101,,16.6838,15.8147
1688385704,273.1069464,-74.30220966,0.31077501,,18.6441,17.820101
1688387668,273.0955782,-74.08171306,0.205492,,19.9065,18.9482
1688387691,273.0940749,-74.07065326,-0.797822,,19.9953,19.1073
1688387695,273.0593236,-74.06938306,0.55373901,,19.126499,18.1695
343831155,273.8902958,-74.94738886,0.30623099,,16.972601,16.1737
1688406690,273.0030757,-74.05403265,0.45230201,,18.5443,17.586599
1688388171,273.3320298,-74.09939932,0.26175201,,19.517,18.6087
1688388177,273.3510578,-74.07926293,0.25904599,,18.716999,17.802601
1688388180,273.3108006,-74.0839378,0.194015,,19.385799,18.5165
343831920,274.008964,-74.15121427,0.074045703,,18.3612,17.5371
343723267,273.1657271,-75.86947575,0.26160201,,18.117399,17.087099
343723308,273.1812208,-75.80659117,0.078394502,,17.528099,16.5324
343723372,273.5324706,-75.74647774,0.227716,,18.099501,17.1234
343723467,273.3464818,-75.64356579,0.30197099,,17.716299,16.735399
343723604,273.1595381,-75.49593516,0.246904,,18.287901,17.287701
343723649,273.10414,-75.43782258,0.493907,,18.1469,17.1402
343723836,273.3073377,-75.22316669,0.40986699,,17.761499,16.768101
343830968,274.105559,-75.15791384,0.239567,,17.8407,16.9366
343831154,273.9979114,-74.94775189,0.197944,,17.936399,16.9727
343831335,274.3192897,-74.75284383,0.14772899,,17.913601,17.1439
343831917,274.2459886,-74.15288994,-0.176424,,17.7623,16.994499
343831921,274.0489834,-74.15071513,0.135563,,18.1479,17.2005
343723459,273.0342575,-75.65557778,0.45261899,,18.142401,17.191099
343723529,273.0999877,-75.57594697,0.26115799,,17.757799,16.75
343651761,272.6904337,-74.591164,,,12.8873,11.9951
343652180,272.4022926,-74.12345444,1.74763,,11.2631,10.4543
343650679,272.6348282,-75.97333773,0.95722502,,13.3802,12.4297
343651299,272.4012319,-75.13622964,2.6719699,,12.087,11.2242
343651374,272.602964,-75.05133344,0.34137499,,16.5972,15.7359
343651446,272.6122875,-74.96297576,0.29049,,15.3248,14.5025
343651009,272.6590948,-75.51381069,1.32858,,14.0007,12.9796
343651965,272.4712166,-74.35236114,1.0183901,,14.6789,13.8274
343652291,272.554104,-74.01560002,0.67706698,,14.3724,13.4526
343650878,272.6443535,-75.70549831,0.60136998,,15.3957,14.394
343651476,272.5357953,-74.92453819,0.363951,,16.771299,15.786
343651602,272.4335373,-74.77654826,1.33434,,13.9898,13.1379
343651762,272.3548075,-74.58895621,0.79805303,,14.7373,13.8362
343651895,272.3829641,-74.43502556,0.59424299,,15.1739,14.3268
343652053,272.4536565,-74.25198583,0.62114,,15.8715,15.0549
343652144,272.4346412,-74.1563747,0.46739501,,16.207001,15.289
343652271,272.604783,-74.03576952,0.68991798,,15.6225,14.7288
343651845,272.4870795,-74.49400337,0.87719899,,13.7654,12.9006
343651620,272.5036229,-74.75326769,0.72259498,,14.8465,13.8931
343651558,272.4639991,-74.83364686,0.54477602,,16.5821,15.6215
343652132,272.5767812,-74.16531054,0.538243,,16.256701,15.428
343651460,272.6057305,-74.94574497,0.374257,,17.385099,16.401899
343651080,272.6746442,-75.43143089,0.44785401,,17.107599,16.298201
343651278,272.6707675,-75.15867684,0.379017,,17.482201,16.562401
343651279,272.5773774,-75.15585604,0.187436,,17.251801,16.393499
343651692,272.5102521,-74.67565887,0.46970499,,17.3929,16.558001
343651893,272.5221941,-74.43705921,0.40506899,,16.9107,15.9645
343651897,272.6455907,-74.43046619,0.27344501,,17.1635,16.237801
343652068,272.5081828,-74.23577151,0.24486201,,16.8571,15.9138
343719676,272.7222664,-75.19895982,0.15922201,,18.0137,17.031601
343719679,273.0706485,-75.20339596,0.29385,,17.947001,16.982401
343651158,272.6824981,-75.33360605,0.074968897,,18.2197,17.2684
343651203,272.6262927,-75.26149801,0.112738,,17.8176,16.8209
343651569,272.4376776,-74.82264895,0.197778,,18.1961,17.221399
343651967,272.3811132,-74.34839053,0.15658399,,18.3286,17.410999
343652066,272.4767021,-74.24048015,0.0385346,,18.1457,17.1994
343650793,272.5971352,-75.81098681,0.47967201,,17.019199,15.9661
343651532,272.6371984,-74.85950663,0.52474898,,17.704,16.729401
343650880,272.3977791,-75.70239467,0.24803101,,18.221001,17.178801
343651156,272.668351,-75.33514183,0.076037303,,17.576401,16.723101
1688321477,272.8853475,-75.82230496,-0.34863701,,18.9709,17.9583
343723577,273.3054132,-75.52520539,0.34663501,,16.5289,15.6304
343723221,273.349669,-75.9285497,0.49637699,,16.2353,15.2026
343723264,273.3164951,-75.87263553,0.48750299,,16.239401,15.217
343723391,273.3387114,-75.72876385,0.51321697,,16.1364,15.2061
343723995,273.3072798,-74.99743535,0.60600102,,15.5579,14.566
343723404,273.3537073,-75.71802358,0.86051798,,14.3733,13.4998
343723541,273.3397318,-75.56425405,0.90377003,,14.9602,14.07
343723632,273.3586648,-75.46296895,0.96028203,,14.531,13.6696
343757393,273.1905784,-74.18269856,0.85868001,,14.3667,13.5408
343651011,272.4088413,-75.51115136,0.59848702,,18.100599,17.1175
343719674,272.7971894,-75.1981756,0.50459403,,18.433701,17.429899
343757139,273.1595539,-74.46820811,1.3705601,,12.3405,11.5475
343757136,273.1201625,-74.47212774,0.93058598,,15.0954,14.2157
343756952,273.2215556,-74.67707297,0.85894901,,14.3489,13.4459
343757075,273.3707787,-74.55091004,0.67328101,,15.4033,14.4928
343757190,273.3711421,-74.41199402,0.664527,,15.3606,14.5022
343723455,273.3333964,-75.65942249,0.526954,,16.4669,15.5095
343756809,273.4058768,-74.81925791,0.31218201,,17.9126,16.9578
343723176,273.1101314,-75.97996253,0.25603399,,18.403601,17.3421
343723890,273.4771123,-75.16261695,0.340415,,17.995501,17.038401
343723949,273.3365248,-75.07067127,0.204779,,18.3451,17.368999
343723543,273.315219,-75.55905587,0.115568,,18.445299,17.455099
343723575,273.3946111,-75.52890223,0.27621201,,18.0823,17.0879
343723635,273.1572046,-75.46084094,0.417541,,18.2565,17.2768
343723880,273.4084517,-75.17058753,0.43435699,,17.5741,16.605
343723891,273.2638564,-75.16134616,0.240999,,17.5105,16.520599
343723914,273.4741305,-75.12762911,0.176287,,17.986,17.1656
343757235,273.4786366,-74.36595454,0.116537,,17.1369,16.7299
343723179,273.4378291,-75.9767782,0.37759399,,17.809,16.7913
343723411,273.4869768,-75.71223799,0.30676201,,17.5511,16.569099
343723544,273.2113763,-75.55873576,0.265378,,17.843399,16.960501
343756801,273.2425207,-74.82832795,0.177423,,17.7519,16.785999
343756803,273.1742135,-74.82548503,0.355703,,17.6017,16.669701
343756961,273.4082987,-74.66777383,0.26343399,,17.561899,16.5938
343756984,273.3420836,-74.63557965,0.256019,,17.7896,16.818399
343723168,273.4989565,-75.98818946,0.407781,,18.5798,17.659
343757143,273.4794095,-74.46356975,0.587367,,18.123699,17.152
343723631,273.2048833,-75.46703498,0.058374401,,15.2316,14.6481
343723735,273.4185199,-75.34619272,0.304454,,18.4874,17.492599
343723513,273.1513221,-75.59500158,0.35665801,,17.704,16.8598
343757316,273.389023,-74.26688498,0.34040001,,18.1661,17.266701
343723388,273.3454942,-75.7303805,-0.0359293,,17.877701,16.9678
1688322810,273.3955546,-75.68587865,0.040029101,,18.5779,17.6756
1688323456,273.7208451,-75.60740204,0.095555797,,18.268,17.298
1688341129,273.4814236,-75.4211106,0.032593001,,18.6623,17.6882
1688350002,273.5577841,-74.87600773,0.24906699,,17.580601,16.613701
1688380666,273.4663534,-74.42189133,0.113443,,18.071199,17.1551
1688386483,273.4241407,-74.20979872,0.42046401,,17.335199,16.5238
1688341013,273.4380981,-75.48094287,-0.117645,,19.0639,18.063299
1688343205,273.3912545,-75.15999194,-0.0110332,,18.8419,17.8395
1688348480,273.3804029,-75.02314467,-0.12339,,18.8927,18.022699
1688380773,273.4374572,-74.39394009,0.113117,,18.3221,17.506599
1688343119,273.5968817,-75.17848569,0.119032,,18.8894,17.919701
1688348584,273.3155909,-75.00023727,-0.16182099,,19.0973,18.2493
1688349945,273.3058912,-74.89915408,-0.058965702,,19.056601,18.118601
1688341535,273.5696529,-75.35390399,-0.242382,,19.3736,18.426901
1688322227,273.4898758,-75.70860689,0.25998101,,19.142799,18.157499
1688322883,273.4285849,-75.64644258,0.19407,,18.9617,18.0977
1688323329,273.2832478,-75.55867857,0.69294399,,18.8482,17.9867
1688323800,273.4799553,-75.56886442,0.172506,,19.416401,18.6399
1688323809,273.6003812,-75.54410675,0.100055,,19.208799,18.299101
1688341022,273.5187657,-75.46281608,0.25214201,,19.4506,18.5867
1688341095,273.4749595,-75.46527231,-0.12973399,,20.057301,19.096001
1688341429,273.4158624,-75.39015389,0.370556,,19.210199,18.4161
1688341524,273.4281074,-75.36486491,-0.353185,,20.2026,19.3839
1688342655,273.2750708,-75.17088132,0.32543099,,19.3985,18.597401
1688343203,273.5690897,-75.14171145,0.053274699,,19.198299,18.2286
1688348514,273.6989291,-74.99336938,-0.295708,,20.114,19.2104
1688348610,273.3615593,-74.97265265,0.26618499,,18.943701,18.0896
1688348631,273.6593216,-74.95171971,0.20321301,,20.295601,19.368099
1688349818,273.4040266,-74.94307503,0.32436499,,20.4175,19.446501
1688349855,273.3503454,-74.9217102,0.22298899,,19.132299,18.2008
1688349997,273.5085451,-74.83910831,-1.12468,,19.9671,19.021601
1688350263,273.3848919,-74.83097772,0.57769299,,19.4911,18.6047
1688378318,273.3039043,-74.75121544,0.295993,,19.730301,18.7964
1688378426,273.337967,-74.6957222,-0.094262198,,19.376801,18.5305
1688378447,273.5246586,-74.69174016,0.132495,,20.2104,19.3346
1688378826,273.5602686,-74.5965305,0.238423,,19.0807,18.2269
1688380248,273.3968123,-74.49909791,0.22336,,19.281401,18.3587
1688380329,273.6047115,-74.45727131,0.21944,,20.146601,19.251499
1688380708,273.389858,-74.41131355,0.51373601,,18.5769,17.643
1688380777,273.5057334,-74.37427435,-0.36946699,,19.955,19.0495
1688385880,273.4467956,-74.34627967,0.114842,,19.3081,18.5399
1688385915,273.4966597,-74.33344558,-0.38668501,,19.993299,19.0921
1688385985,273.3057403,-74.31557615,0.29329199,,19.283701,18.4081
1688386404,273.5635627,-74.22007205,0.28331199,,19.426001,18.487801
1688386408,273.6151384,-74.2126065,0.0993286,,19.079201,18.3992
1688386518,273.6204272,-74.16421465,-0.85839897,,20.406099,19.442801
1688387814,273.5000509,-74.12444956,-0.215767,,19.0616,18.275101
1688388225,273.5422427,-74.06456399,0.079704002,,19.4946,18.5354
343763324,273.5946923,-75.82647627,3.08148,,11.5086,10.7581
343723760,273.4465534,-75.31381873,2.9284999,,12.1987,11.3367
343756757,273.2544768,-74.86862525,0.85243899,,11.8605,11.2225
343756854,273.1510919,-74.78045267,1.9530801,,12.9483,12.0625
343757284,273.35809,-74.3046111,1.08595,,13.6768,12.7385
343757332,273.136891,-74.2427479,4.0170498,,11.4062,10.6354
343763073,273.6574605,-75.47187891,1.10648,,13.677,12.9306
343763155,273.7675618,-75.57725965,4.0521598,,11.6334,10.8994
343763382,273.6716259,-75.92506262,2.0320799,,11.9036,11.0133
343723257,273.4698019,-75.87828144,0.33483499,,17.6541,16.6327
343723926,273.4145357,-75.10517383,1.07979,,14.8886,13.9586
343762993,273.8144509,-75.37755,0.27561301,,16.9965,16.025
343763015,273.8164308,-75.39672563,0.259927,,16.3269,15.6522
343763314,273.5076922,-75.80657904,0.102576,,17.8757,17.092199
343723377,273.3141484,-75.7414095,0.52625102,,15.5122,14.5134
343723840,273.461908,-75.21661065,0.61651301,,16.013,15.0497
343723896,273.3301922,-75.15729357,0.65041798,,16.359301,15.3873
343756731,273.1560598,-74.89126283,0.48949501,,15.5846,14.6312
343756786,273.3259287,-74.84233127,0.32798901,,14.7818,14.055
343757116,273.4907655,-74.49272227,0.199212,,16.409201,15.6159
343763301,273.6511853,-75.79157496,0.45853299,,15.9629,15.0263
343723283,273.3475364,-75.84665915,0.62598598,,15.9669,14.9507
343723336,273.3938781,-75.78435565,1.11558,,14.817,13.8761
343723697,273.2033614,-75.38548466,1.00521,,14.5166,13.6508
343723806,273.3730185,-75.25997436,0.74901903,,14.4179,13.4623
343757372,273.4023365,-74.20590181,1.24149,,14.6651,13.7359
343757441,273.3307304,-74.12159297,0.38823,,16.267799,15.3798
343757452,273.4280016,-74.11324765,0.82720298,,14.9331,14.0708
343762997,273.7033497,-75.38328027,0.66103601,,15.3998,14.509
343757330,273.3105094,-74.24482159,1.46381,,12.6709,11.8485
343723486,273.4109825,-75.62251289,0.67452502,,15.9774,14.9858
343763431,273.7109451,-75.99969999,0.34037501,,17.2985,16.3943
343757014,273.2017147,-74.60368893,0.19086,,16.741899,15.8621
343756767,273.4542941,-74.8592987,0.168229,,16.679899,15.7167
343756798,273.453103,-74.82951869,0.49913901,,16.274799,15.3056
343756839,273.3013043,-74.79399895,0.44724599,,16.675699,15.749
343756886,273.1069354,-74.75147377,1.18269,,14.9022,13.9678
343756936,273.3818141,-74.70242627,0.47346601,,16.270599,15.422
343756938,273.3989801,-74.70093495,0.414507,,16.239799,15.3635
343757003,273.1538204,-74.61304294,0.61495697,,15.6637,14.6989
343757438,273.4204496,-74.12275606,0.54797798,,15.7259,14.7841
343757587,273.2925537,-74.00247845,0.42390999,,16.757999,15.8431
343757054,273.2030729,-74.56357094,0.73330098,,14.9984,14.1686
343757371,273.1216849,-74.20640281,-0.026529901,,16.843201,16.125299
343723795,273.1364312,-75.27128024,0.088560797,,18.4599,17.4597
343757158,273.1962185,-74.44414277,0.27892199,,17.680401,16.7665
343723470,273.283083,-75.64037275,0.37834099,,16.700001,15.7435
343723801,273.2272862,-75.26565934,0.300376,,17.1936,16.1912
343723842,273.3249532,-75.2136235,0.39254099,,16.908501,15.9091
343723861,273.1097413,-75.19634684,0.40637699,,16.907,15.916
343757114,273.2775904,-74.49463896,0.33190501,,17.3843,16.422199
343763290,273.5763539,-75.78064976,0.48589599,,17.0821,16.0758
343763321,273.7690619,-75.82020134,0.078527801,,17.270399,16.2675
343756838,273.2128391,-74.79438093,-0.038537901,,18.5809,17.7679
343757112,273.4404528,-74.49730344,0.314183,,18.4237,17.4883
343757339,273.4921969,-74.23400582,0.37848601,,18.3734,17.4237
343723240,273.1091785,-75.90727374,0.305612,,17.606701,16.576
343723243,273.1745483,-75.90550664,0.127859,,18.129601,17.204201
343723492,273.5092638,-75.61693044,0.186621,,18.0648,17.1677
343723556,273.1635449,-75.55011374,0.20607901,,18.205099,17.281099
343723663,273.4022818,-75.42476086,0.117184,,17.5965,16.700199
343723696,273.1047029,-75.38663052,0.26597801,,18.067101,17.0972
343723701,273.1851907,-75.38304633,0.220717,,18.524599,17.523899
343723778,273.4876837,-75.29302398,0.29289901,,18.004999,17.107201
343723898,273.1598599,-75.15580862,0.193389,,17.8897,16.905899
343723900,273.2437541,-75.15486905,0.0710411,,17.666599,16.726601
343723921,273.412671,-75.11475089,0.075544603,,18.1656,17.2824
343723986,273.1565859,-75.00831165,0.291127,,17.5956,16.7164
343756831,273.2984584,-74.79886268,0.36990601,,17.738199,16.804399
343756937,273.2668582,-74.7021458,-0.031400301,,17.4594,16.597099
343756985,273.1189097,-74.6341289,0.27796,,18.175699,17.216801
343757015,273.3966855,-74.60227446,0.087737702,,17.9154,16.9998
343757057,273.3092546,-74.56236086,0.279019,,17.9293,16.9786
343757156,273.3360902,-74.44627112,0.17950501,,17.4044,16.532
343757215,273.2206514,-74.38130565,0.35600701,,17.7321,16.775801
343757228,273.3935453,-74.37262829,0.27282399,,17.320801,16.436501
343757368,273.4225266,-74.20687677,0.228642,,18.1469,17.2192
343757475,273.2946481,-74.09579468,0.308395,,17.0546,16.1133
343762991,273.4976331,-75.37544087,0.076458797,,17.7754,16.850401
343763305,273.6423748,-75.79667297,0.49513501,,17.2215,16.365
343757187,273.3703449,-74.41477583,0.060911801,,17.3932,16.432501
343763012,273.5965014,-75.3954939,0.263583,,17.506001,16.531099
343763135,273.6462319,-75.55090227,0.38185799,,17.9566,17.061001
1688321552,273.296446,-75.81539734,0.150934,,18.0079,17.2964
1688340489,273.2004463,-75.51587856,0.11645,,18.567101,17.613001
1688340502,273.3612253,-75.49271072,-0.0061467499,,18.336,17.4023
1688342110,273.2032173,-75.3237647,-0.40806699,,19.745501,18.733801
1688347958,273.2724314,-75.01923785,0.21158201,,18.364799,17.4739
1688347961,273.1723999,-75.02270935,-0.070981801,,19.222401,18.222601
1688349328,273.2315841,-74.91214403,0.18913101,,18.3741,17.433599
1688378862,273.3329514,-74.613906,-0.154064,,18.82,17.8724
1688385842,273.2905588,-74.36815402,0.18569601,,18.6506,17.730301
1688386414,273.1859774,-74.262336,0.0253591,,18.446699,17.502199
1688387884,273.2780313,-74.12350338,0.0113534,,18.500799,17.577499
1688388404,273.6227861,-74.01454753,-0.114632,,19.040899,18.1185
1688340845,273.2607822,-75.45000053,-0.108275,,19.302999,18.356501
1688342638,273.1736993,-75.19184853,-0.0991311,,19.100201,18.2321
1688349214,273.1726692,-74.98165848,-0.065646999,,19.091,18.1
1688350398,273.3650035,-74.77359189,0.16931701,,18.9589,18.0107
343757183,273.2679423,-74.41773997,0.47673199,,18.032801,17.175699
1688316859,273.4166829,-75.95791921,0.070260897,,19.6012,18.6465
1688321155,273.4870491,-75.89475165,0.52346402,,19.714899,18.6982
1688321240,273.2547772,-75.86623632,0.178666,,19.6745,18.7514
1688321667,273.2481974,-75.75494482,-0.53411299,,19.684,18.879299
1688322862,273.1851178,-75.69976724,-0.095506199,,20.1984,19.279301
1688322866,273.1748092,-75.69347293,0.13195901,,19.381001,18.419399
1688323164,273.2811414,-75.635346,-0.112575,,19.3011,18.4485
1688340460,273.2538197,-75.55216459,-0.053331699,,19.550501,18.543699
1688340561,273.1599871,-75.49245847,0.57750398,,19.770599,18.7696
1688340565,273.2235398,-75.48565761,0.107679,,20.270201,19.2913
1688340587,273.3930409,-75.43997125,-0.066650197,,20.347,19.4219
1688340843,273.2039709,-75.44610982,0.0056524901,,19.582001,18.619801
1688340869,273.1385558,-75.43142103,0.133219,,19.184299,18.2903
1688342126,273.2370142,-75.32135191,0.201435,,18.918501,18.035
1688342510,273.3361297,-75.24887341,0.28040799,,18.9468,18.027599
1688347848,273.2366191,-75.06107786,-0.0099356696,,19.125,18.269199
1688347859,273.0991939,-75.06371791,0.64296198,,19.353001,18.412001
1688347975,273.1504313,-75.00704172,0.082656004,,19.608801,18.695999
1688349217,273.2331952,-74.97294198,0.0224775,,18.905701,18.0408
1688349220,273.20575,-74.97037917,-0.066228598,,20.362,19.4298
1688349221,273.1981031,-74.96637018,0.35290301,,19.924,18.9618
1688377739,273.2029874,-74.75321739,0.229277,,19.2876,18.386
1688380241,273.4565578,-74.50128676,0.12148,,19.239599,18.2889
1688380582,273.2059679,-74.49151028,-0.44876599,,20.053699,19.0877
1688385858,273.3747882,-74.35698224,0.178846,,19.004801,18.142401
1688385859,273.3983247,-74.35048958,-0.0561934,,19.8176,18.9221
1688385844,273.1985474,-74.37241998,0.14947,,18.896601,18.102699
1688386303,273.3445853,-74.28629626,0.56701702,,18.9221,17.9669
1688387701,273.2602639,-74.20767783,0.052295201,,19.2239,18.378
1688387706,273.1643292,-74.2150865,0.126027,,19.8325,18.9792
1688387737,273.1822985,-74.19017817,-0.232354,,19.8634,18.913
1688387856,273.2835461,-74.14521177,-0.67330498,,19.8792,18.935699
1688388156,273.2097982,-74.11636458,-0.039011199,,18.879801,18.073601
1688387887,273.3211633,-74.10759137,0.195371,,18.949699,18.024799
1688407321,273.1036055,-74.01244116,0.66488701,,18.678801,17.7915
1688388405,273.6923914,-74.00793424,0.62885797,,19.489799,18.621201
292748697,274.8642488,-75.95411927,0.386051,,18.8092,17.830299
343718663,272.9932849,-74.1346772,1.4334,,13.5798,12.695
343719979,273.0686776,-75.53348715,0.96104997,,13.7726,12.9037
343718756,272.9886359,-74.21943837,0.56713098,,15.6045,14.72
343762754,273.8570087,-75.04045815,0.415286,,16.422701,15.4572
343718839,272.7880475,-74.30763298,0.33203301,,16.693899,15.8281
343719464,272.7905838,-74.97455651,0.72354603,,14.7919,13.9013
343719465,273.0759682,-74.97665365,0.489142,,16.7528,15.7962
343719736,272.9017614,-75.26921258,1.14636,,14.747,13.7868
343720115,272.9417522,-75.70531642,0.76796901,,15.8618,14.8498
343720207,272.9793649,-75.80594028,1.07341,,15.4743,14.4476
343720311,272.9958515,-75.95127748,0.487185,,15.0103,14.0514
343720313,272.9692096,-75.95339833,0.544873,,15.5376,14.4721
343762755,273.796856,-75.04081525,0.94291598,,15.0286,14.0604
343719079,272.9463045,-74.57399749,1.5112,,12.4777,11.6877
343719160,272.9666297,-74.6465507,0.133773,,15.7621,14.9246
343719376,273.0767719,-74.87036159,0.20373601,,16.8715,16.025499
343718859,272.9673402,-74.33662616,0.58512503,,15.8047,14.8829
343718862,272.9011655,-74.34281526,0.86979002,,14.9321,13.9796
343718864,272.9109181,-74.34725228,0.73529398,,15.3607,14.4813
343719015,272.8131498,-74.50427445,0.62009901,,16.4468,15.4967
343719179,272.8021066,-74.66249452,0.69504201,,14.8126,13.904
343719243,272.9623611,-74.73887764,0.72656202,,14.7925,13.8932
343762238,273.7498942,-74.40796038,0.819525,,15.115,14.1558
343718568,272.9613252,-74.04292495,0.32120401,,16.952299,16.114799
343718630,273.0558114,-74.10817532,0.048128702,,18.3174,17.389299
343718684,272.9090216,-74.15214066,0.40179801,,17.9508,17.033899
343719111,272.9381906,-74.59719949,0.22332899,,17.4219,16.563101
343719240,272.9944492,-74.73557473,0.16727801,,17.710699,16.7647
343719496,272.9393073,-75.00573687,0.095978901,,18.287901,17.285
343719532,273.0826324,-75.0428029,0.153135,,17.374901,16.5438
343719535,272.9292411,-75.04524666,0.28384,,17.279301,16.283701
343719586,273.0203327,-75.09942568,0.087741703,,18.1147,17.0947
343719692,272.8223388,-75.2198178,0.255395,,17.059799,16.250999
343719729,272.8483559,-75.25841954,0.146513,,17.3773,16.356001
343719733,272.8963195,-75.26198899,0.42103699,,17.349701,16.4065
343719750,272.8628844,-75.28206833,0.228146,,17.9317,16.941
343719774,272.8899642,-75.30596101,-0.0022042701,,18.361601,17.333799
343719854,273.0813088,-75.40748406,0.28931499,,17.6059,16.624701
343719981,272.7541685,-75.53540937,0.200993,,18.212799,17.203899
343720027,272.8769792,-75.59538144,0.282473,,17.801001,16.838499
343720050,273.0487357,-75.63002611,0.236075,,17.4876,16.5056
343720211,272.934412,-75.80810711,0.135251,,17.549801,16.6457
343720220,272.921037,-75.82118446,0.218587,,18.650999,17.6029
343762236,273.4975482,-74.4035238,0.220651,,17.809799,16.8972
343720143,272.7224391,-75.73672979,0.50381702,,18.785101,17.737801
343720274,272.7676405,-75.90430732,0.67095101,,16.753099,15.8194
343720314,273.0708652,-75.95352695,0.25472999,,17.508699,16.452
343720336,272.9870987,-75.98128989,0.40132999,,17.772499,16.774
343719771,272.8217185,-75.30356168,0.384891,,18.3876,17.377199
343719241,272.7621201,-74.73700036,0.29891399,,18.520599,17.6364
343719695,272.7233283,-75.22179512,0.37234601,,18.2918,17.356701
343719877,273.0628536,-75.43255543,0.15530901,,17.8437,16.865801
1688404243,271.989718,-74.12259494,0.205533,,18.703899,17.775499
1688404226,271.8866573,-74.14638686,0.068755597,,18.8248,17.904499
1688404340,272.0608506,-74.090379,-0.25510001,,19.052401,18.149
1688404224,271.8494742,-74.15568758,0.042729899,,19.243099,18.3382
1688404335,271.9666265,-74.11359411,0.183963,,20.357599,19.4804
1688405706,272.0168456,-74.03438087,0.199222,,19.653601,18.7258
1688405804,272.0121246,-74.00392125,-0.427477,,19.852301,18.920401
1688407001,272.2473028,-74.02214684,-0.20560201,,19.744699,18.9814
343830397,274.2473147,-75.83789892,0.261289,,17.570101,16.619499
343830267,274.1141403,-75.98594137,0.89775503,,14.8262,13.9126
343830690,274.2264739,-75.48625928,1.04544,,14.6413,13.6511
343830878,274.2382594,-75.2621192,0.92403501,,14.6685,13.7448
343830693,274.0263222,-75.48527461,0.35932699,,16.858601,15.8664
343830692,273.9341788,-75.48556376,0.346147,,18.0366,17.0452
343830358,274.0741902,-75.87242636,0.40931001,,17.098499,16.111401
343830357,273.827885,-75.87467712,0.101623,,18.3603,17.365101
343830391,274.2405712,-75.84076391,0.25276801,,18.1367,17.1499
343830392,274.0112004,-75.84115317,0.347864,,17.948601,17.0233
343830521,273.9152537,-75.69525271,0.18323401,,18.383699,17.466999
343830628,273.9204073,-75.57644458,0.242082,,17.655001,16.6954
343830629,274.2691318,-75.57634126,0.19526801,,17.641701,16.646799
343830689,273.9575977,-75.48787912,0.198401,,18.399599,17.445
343830788,273.9416803,-75.37660641,0.110547,,18.027399,17.079
343830831,274.0882934,-75.32418994,0.25071499,,17.7985,16.858
343830631,273.925644,-75.5756813,0.15566801,,18.2803,17.2983
343830691,274.2183616,-75.48594013,0.211946,,18.498199,17.571501
343830877,274.1228609,-75.26229955,0.200748,,18.0254,17.129801
1688377604,272.4999674,-74.8401444,0.34488201,,18.474199,17.5063
1688387598,272.6194397,-74.16787426,0.21868099,,18.2561,17.3776
1688322666,272.5401941,-75.79703638,-0.140331,,18.949499,17.936199
1688342419,272.6244482,-75.2916122,0.20738,,18.701401,17.6861
1688379332,272.6389281,-74.67254991,0.15594099,,18.944799,18.005899
1688380010,272.8381364,-74.52242094,0.080668598,,18.8342,17.974899
1688407101,272.7113135,-74.00117203,-0.44402301,,18.685801,17.7502
1688342327,272.6234679,-75.33597053,0.15347099,,18.9867,17.9491
1688342307,272.6287797,-75.35620667,-0.130712,,19.1735,18.164301
1688322665,272.6011604,-75.78658892,-0.308397,,19.450001,18.3936
1688385610,272.6814171,-74.39710898,-0.114662,,19.4275,18.470501
1688321470,272.7497543,-75.8306496,0.33254501,,18.821899,17.7721
1688322668,272.3360045,-75.81178033,-0.17790399,,20.0748,19.0564
1688340290,272.5887708,-75.63318264,-0.409964,,20.0926,19.0585
1688340390,272.6456005,-75.58092688,0.29875401,,19.875401,18.8953
1688341907,272.6177082,-75.42566576,0.0267359,,19.3015,18.3783
1688342013,272.6875208,-75.38117717,0.020520899,,19.269699,18.375799
1688342334,272.7394658,-75.32336352,0.25360101,,19.3337,18.409599
1688342336,272.7912896,-75.31785018,0.61665201,,19.130199,18.1691
1688342426,272.623511,-75.28229924,-0.25865099,,19.8186,18.8906
1688347190,272.7057156,-75.25667468,0.29743299,,19.4112,18.4105
1688347195,272.6697942,-75.25010994,0.075465798,,19.5119,18.5007
1688349008,272.6595145,-75.06739991,0.0067611602,,19.7467,18.853201
1688349015,272.7168276,-75.059699,0.58035898,,19.142599,18.188601
1688349036,272.6714504,-75.0516992,-0.398085,,19.7876,18.9524
1688349042,272.7491818,-75.03672631,-0.209867,,19.6943,18.7742
1688349121,272.5349769,-75.01229972,0.231372,,19.6623,18.736401
1688349142,272.7796044,-75.05436029,0.656012,,19.0539,18.0735
1688377480,272.5993283,-74.87678578,-0.27285701,,19.6677,18.7143
1688377497,272.589353,-74.86398702,0.185413,,19.100401,18.252399
1688379416,272.572388,-74.65749067,0.48997599,,19.974899,19.0714
1688379861,272.593884,-74.55671891,0.459786,,18.813999,17.8395
1688379887,272.6208041,-74.54121832,0.470613,,20.363701,19.4079
1688380014,272.8537546,-74.5163939,0.32272401,,19.4666,18.5326
1688384958,272.5759384,-74.50722622,0.125007,,19.530199,18.6541
1688385000,272.6288592,-74.47739472,0.33137801,,19.0676,18.2092
1688385649,272.8062841,-74.36516726,0.53849697,,18.940901,17.9935
1688386952,272.5185211,-74.29114425,-0.088822201,,19.555901,18.7038
1688386953,272.547401,-74.28412687,0.253575,,19.5243,18.6679
1688386958,272.5193013,-74.28307474,0.41438201,,19.6259,18.677601
1688386960,272.618933,-74.26900863,0.044854,,20.506701,19.5982
1688387443,272.6044645,-74.17530822,0.257447,,18.8764,18.050699
1688387511,272.7117298,-74.18894908,0.26291001,,19.2152,18.3321
1688387622,272.6738245,-74.14692971,0.035054699,,19.5373,18.625
1688406731,272.6790092,-74.07255334,-0.224603,,19.691601,18.7918
1688320938,272.9147187,-75.98639625,0.218133,,18.8661,17.840799
1688321052,272.8199264,-75.93775329,0.97311002,,15.0477,14.077
1688321097,273.0131143,-75.95543379,0.26638401,,18.804001,17.762501
1688406639,272.6992193,-74.09604076,-0.24651,,20.0718,19.129601
1688406757,272.615924,-74.04600719,0.111868,,18.5965,18.077299
1688321526,273.0330937,-75.82963514,0.370327,,19.083799,18.055799
1688321623,272.9160095,-75.8107043,0.45876801,,18.9946,18.169399
1688340440,273.018514,-75.56123318,0.14740799,,19.9622,19.099199
1688340778,272.9374067,-75.5084663,-0.0236047,,19.3902,18.4466
1688340783,273.0306155,-75.4840598,0.294137,,20.1416,19.197901
292698840,271.418916,-75.93928569,0.414455,,15.0787,14.0967
292698853,271.5077171,-75.92542213,1.04391,,14.678,13.6938
292699118,271.5026978,-75.6328659,0.050547902,,16.343599,15.5336
292699396,271.2583584,-75.35050795,0.92107701,,14.3508,13.4109
292699778,271.1629762,-74.97425346,0.58304101,,16.1175,15.1922
292700349,271.2960966,-74.44263994,0.68081897,,14.2209,13.2989
292698951,271.2065141,-75.82380658,1.03975,,13.8547,12.8475
292700249,271.4641908,-74.53037938,0.31261301,,16.878,15.967
292700415,271.1877596,-74.38566046,0.66992003,,15.9521,15.0434
292698827,271.369446,-75.95193343,0.017860999,,18.117399,17.0676
292698948,271.2968689,-75.82762242,0.48865199,,17.458799,16.4214
292699286,271.1909136,-75.46576607,0.136969,,17.3948,16.4265
292700557,271.2213248,-74.25034213,0.26766801,,17.518499,16.5963
292699028,271.5138512,-75.73363332,0.196008,,18.5478,17.5532
292699203,271.2851046,-75.54657043,0.111553,,18.4638,17.5368
292700319,271.2677892,-74.46677148,0.219733,,17.8575,16.9909
292700508,271.5369936,-74.30314088,0.269317,,18.2103,17.3288
292699123,271.2500743,-75.62572479,0.329988,,18.1884,17.2033
292699970,271.3109984,-74.79568524,0.26148799,,17.7997,16.871901
292700726,271.52037,-74.09577352,0.44959399,,17.956499,17.065901
292698950,271.3317738,-75.82513247,0.057556499,,18.8246,17.816
292700099,271.5443679,-74.67028336,0.188713,,18.3843,17.4487
1688406651,272.776964,-74.0647146,0.176709,,18.4041,17.538601
1688385294,272.9204421,-74.41485189,-0.0142752,,18.778999,17.853201
1688385261,272.8971782,-74.40538265,0.13088199,,19.0299,18.117399
1688385661,272.8704207,-74.33195313,0.0047415998,,19.1106,18.1551
1688319247,272.2203742,-75.99540858,-0.34817401,,19.759701,18.775999
1688379602,272.713238,-74.61561581,-0.0095876995,,20.131001,19.2026
1688379604,272.7206231,-74.61774582,0.21910401,,19.551901,18.7565
1688379607,272.7372457,-74.60856318,-0.17422,,20.7425,19.790899
1688380000,272.7640706,-74.53453835,0.079734601,,18.8244,18.3102
1688380003,272.6710654,-74.53943442,0.35487199,,19.344101,18.5296
1688380022,272.6924329,-74.52909875,0.283315,,18.802799,17.871201
1688385265,272.9040457,-74.4069236,0.46022901,,19.3619,18.524099
1688385289,272.7785031,-74.39764715,0.19667099,,19.2187,18.4403
1688385625,272.8404916,-74.3802286,-0.0642654,,19.808599,18.890301
1688385630,272.7779438,-74.38088735,-0.026605301,,19.560101,18.6961
1688387009,272.8026217,-74.29303348,0.315018,,19.9718,19.0567
1688387136,272.8194705,-74.22537352,0.44671401,,18.8416,17.9377
1688387611,272.7911734,-74.13423112,-0.433054,,19.507099,18.627399
1688387643,272.7412097,-74.12213133,0.085417099,,19.580099,18.6626
1688387688,273.0688929,-74.07921601,0.478535,,18.673,17.832001
1688387690,273.0585591,-74.07550698,-0.229542,,19.645,18.808001
1688406707,272.8985233,-74.04991668,-0.67884898,,20.2866,19.4639
1688406781,272.787201,-74.01612829,-0.331487,,20.238001,19.3689
1688406797,273.057912,-74.0006415,0.31949899,,19.309401,18.3736
1688406802,272.989284,-74.01105204,-0.68079001,,19.5516,18.6112
343724021,273.2277213,-74.97094111,1.22831,,13.2922,12.3652
343723974,273.4134772,-75.02485762,0.34096599,,17.0249,16.054501
343651152,272.6863084,-75.34072677,0.35029599,,16.846001,15.8231
343651289,272.5678092,-75.14710249,0.35477,,15.9555,15.2919
343757537,273.4174236,-74.0426093,1.0236599,,14.6301,13.6949
343651112,272.4587601,-75.38887254,0.76064497,,15.8792,14.8389
343651188,272.3322178,-75.28279975,1.37343,,14.4142,13.45
343723871,273.1576848,-75.18146282,0.41183099,,16.1555,15.1515
343723918,273.3398201,-75.12423468,0.73697197,,15.1922,14.2299
343757355,273.4245836,-74.22005113,3.9367399,,9.2430201,8.7961102
343651217,272.5471456,-75.247528,0.65437102,,15.1436,14.1706
343756896,273.1291771,-74.74498137,0.754255,,15.1279,14.1793
343651063,272.3299606,-75.44500533,0.55523401,,16.5161,15.6239
343651194,272.5843009,-75.27682992,0.161099,,17.939699,17.0119
343723823,273.1495831,-75.24269284,0.39957601,,17.083,16.103901
343723829,273.3339971,-75.23306461,0.469688,,18.201401,17.2134
343724023,273.4817029,-74.96291184,0.0769502,,18.737499,17.781401
343651318,272.5526897,-75.11861497,-0.087044597,,17.805799,16.8857
343757046,273.2083959,-74.56896809,0.16482501,,17.4077,16.5051
343757069,273.4586991,-74.5542845,0.061042599,,17.837099,16.9566
343757099,273.4663429,-74.51691434,0.181226,,17.682199,16.8461
343757145,273.2036107,-74.460729,0.058022399,,17.841,16.874201
343757568,273.1994347,-74.01674776,0.307152,,17.599899,16.637199
343651216,272.3304038,-75.24771403,0.068310603,,17.7833,16.813499
343723972,273.4130363,-75.02626756,0.249718,,17.9224,16.988701
343757000,273.4343138,-74.61362544,0.26496601,,17.1824,16.261299
343651435,272.4954809,-74.9696616,0.13674399,,17.629601,16.8132
343757045,273.1133665,-74.56978454,0.327144,,17.6609,16.726801
343651310,272.4324334,-75.12519908,0.102539,,18.3214,17.3214
343651436,272.2955076,-74.9692153,0.030161999,,18.215799,17.481899
1688349172,272.8247533,-75.01894916,0.230373,,18.237,17.313801
1688406787,272.919473,-74.03176141,0.20157,,18.6227,17.690901
1688349305,273.0777476,-74.95313909,0.120591,,18.902201,17.9552
1688349729,272.9671023,-74.868078,0.210728,,18.7349,17.802999
1688349758,272.9320553,-74.85555377,0.134737,,18.8006,17.8461
1688380074,273.1439267,-74.45728283,0.26736999,,18.875099,17.9321
1688387581,273.0395307,-74.1288721,0.124586,,18.695,17.819901
1688347812,273.0027603,-75.08774334,-0.34837899,,19.1779,18.2959
1688349620,272.7914517,-74.9297021,-0.55508,,19.3699,18.4874
1688378282,273.1186995,-74.64298429,0.16802201,,19.047001,18.0804
1688387541,272.9876669,-74.15739758,-0.106068,,19.050699,18.1938
1688377652,272.886555,-74.84375755,-0.56171399,,19.439501,18.481001
1688349286,272.8339211,-74.96448775,0.061948899,,19.073799,18.091101
1688347797,272.9007119,-75.10026101,0.0285482,,19.9296,19.107599
1688347930,272.969719,-75.04546433,0.24139901,,18.7717,17.878
1688349291,272.880144,-74.96461887,0.40132499,,18.858299,17.889099
1688349293,272.999542,-74.94201612,0.115115,,19.2845,18.295601
1688349760,273.1089172,-74.8525069,0.52562302,,18.9669,18.014799
1688349763,273.1180131,-74.85854694,-0.155985,,19.2945,18.4153
1688377727,273.0088588,-74.79428565,-0.34026399,,19.9548,19.120199
1688377729,273.1337269,-74.78113112,0.66523999,,19.161699,18.1998
1688377770,272.9129844,-74.78160249,0.33976701,,18.791901,17.832701
1688378208,272.8813476,-74.69990982,-0.44943699,,20.138399,19.216999
1688378214,272.8357661,-74.69782032,0.091052897,,19.417601,18.6215
1688378247,272.8445051,-74.67085803,0.25473699,,19.167999,18.298401
1688378249,272.8607365,-74.67619597,0.50120002,,19.2052,18.257799
1688379481,272.8337028,-74.65035951,-0.056777298,,19.295799,18.439199
1688379618,272.9291956,-74.57331821,0.40326899,,18.084,17.2232
1688379949,272.9541496,-74.54488198,0.31319401,,18.804899,17.8486
1688379952,273.0200975,-74.54080171,0.39026701,,18.5131,17.659401
1688379980,273.0455314,-74.51235959,0.229417,,19.234501,18.3325
1688385140,272.792417,-74.48710068,-0.18193799,,19.8001,18.8472
1688385174,272.8135005,-74.45069268,0.061735202,,19.6758,18.714701
1688385768,272.9984639,-74.30675848,-0.60665703,,20.3629,19.463499
1688387162,272.8495006,-74.19604514,-0.083363198,,19.8514,19.001301
1688387579,272.9395488,-74.13716737,-0.823506,,20.2106,19.3962
1688387580,273.0465111,-74.12863715,0.74653101,,19.0093,18.068001
1688387560,272.9183978,-74.15375868,0.19315401,,19.2243,18.2738
1688387650,272.8700919,-74.12505842,0.333168,,20.0704,19.153601
1688406666,272.9442963,-74.06862554,0.064497799,,19.384001,18.482901
343719131,273.0981332,-74.61547701,,,12.0242,11.4791
343719338,273.0987996,-74.83004956,3.53425,,11.5725,10.7463
343718844,272.9377323,-74.31083115,1.39337,,13.3945,12.5807
343720019,272.8043902,-75.58224664,1.17619,,12.7979,11.922
343719567,272.7497423,-75.08446271,0.37824899,,17.0462,16.035801
343718719,273.095389,-74.18638668,0.979177,,14.6505,13.7108
343719622,272.9514959,-75.14554683,1.08533,,15.3952,14.3894
343719713,272.7170086,-75.23945011,0.60094899,,15.8841,14.973
343719724,273.0021676,-75.25564035,0.54900801,,16.232901,15.2386
343720032,272.736237,-75.60550725,0.38934401,,16.9911,15.9653
343720034,273.0444734,-75.60788656,0.42760301,,15.9834,15.0558
343719051,272.9258372,-74.55097286,1.14714,,12.7978,11.9845
343719126,272.7529934,-74.60530434,0.56430298,,16.0863,15.1265
343718872,272.7877107,-74.35701133,0.38444999,,16.6831,15.7375
343718899,272.9970413,-74.38376699,0.27537099,,16.637899,15.7198
343718933,272.7511744,-74.41152128,0.54797101,,16.366301,15.4426
343719210,273.0255322,-74.70278942,0.76103503,,14.5244,13.6607
343719230,273.0822742,-74.72521128,0.70289397,,16.181801,15.2543
343719595,272.9912961,-75.11017345,0.27242899,,16.7288,15.8475
343720035,272.966334,-75.6089299,0.47152501,,16.259501,15.2829
343718655,273.0605884,-74.12650406,0.34829399,,17.2446,16.291401
343720018,273.0641274,-75.58036839,0.148755,,18.4384,17.449699
343718720,272.7350318,-74.18648576,0.090456203,,16.905899,16.119101
343718794,272.7342042,-74.26630096,-0.162542,,17.6784,17.120899
343718796,273.0431945,-74.26955122,0.18384001,,17.7391,16.8752
343718901,272.966146,-74.38592182,0.32832101,,18.034401,17.1453
343718950,272.974255,-74.43547536,0.39377701,,17.2346,16.3039
343718987,273.0833658,-74.47775082,0.134858,,17.8682,16.927601
343718988,272.9114399,-74.47884111,0.332266,,17.321501,16.3584
343719171,272.9163016,-74.65509435,0.33324301,,17.070101,16.111
343719566,272.734316,-75.08072787,0.325744,,18.7201,17.704201
343719568,272.9936587,-75.08500892,0.29190901,,18.313601,17.3016
343719717,272.8474146,-75.2444009,0.32959199,,18.316099,17.3529
343719760,272.9378819,-75.28977307,0.00058397301,,18.4681,17.4519
343719857,272.7278679,-75.40892989,0.29576999,,17.7516,16.7521
343719907,272.9453995,-75.46352955,0.44326299,,17.003099,16.0079
343719950,272.846408,-75.50909879,0.097114898,,16.933201,16.2435
343719987,272.7194151,-75.54346906,0.356958,,17.0352,16.0217
343720002,273.0078388,-75.5577632,0.49158901,,16.931,15.9189
343719062,272.9203283,-74.56254736,0.246409,,17.4007,16.453899
343719592,272.9845721,-75.1088168,0.33105901,,17.937901,16.9548
343719625,272.8146401,-75.15346627,0.35655999,,17.8647,16.8708
343719685,272.9951707,-75.20961014,0.28274801,,17.388901,16.435699
343719903,272.7138402,-75.4591502,0.28883299,,17.870399,16.8535
343719551,272.7117015,-75.06692033,0.20095401,,17.7089,16.706699
343719814,273.0424796,-75.35257851,-0.071405798,,18.440399,17.514099
343718644,273.0642279,-74.11863298,0.50250602,,17.667801,16.887899
343718650,272.9418518,-74.12236033,0.39255801,,18.251801,17.389799
343719934,273.0821483,-75.48374802,0.46358901,,18.383499,17.372499
1688349359,272.2340567,-75.03850118,0.15499599,,19.138399,18.173
1688349500,272.2625844,-74.97270793,-0.062273402,,19.787201,18.9489
1688349517,272.3773022,-74.96438091,0.369737,,19.132401,18.1565
1688349519,272.3765031,-74.95431114,0.074354596,,19.016701,18.253799
1688377507,272.2273508,-74.91059666,0.19818,,19.954,19.0658
1688377512,272.2712084,-74.90608783,0.12987299,,19.6766,18.707399
1688377998,272.2770359,-74.78958346,0.456763,,19.747601,18.7782
1688379258,272.1851518,-74.7476107,0.0977313,,20.2756,19.4046
1688379346,272.2304585,-74.72345997,0.216078,,18.9557,18.069901
1688379709,272.1644345,-74.66585792,-0.402136,,20.0966,19.1943
1688379723,272.2743019,-74.63502171,0.37685299,,18.9737,18.009899
1688379809,272.3259297,-74.6060185,-0.21466701,,19.5695,18.6805
1688384907,272.3758728,-74.54608941,0.306494,,19.4645,18.5242
1688384915,272.2437336,-74.55796564,0.176505,,19.665001,18.800699
1688384916,272.2526794,-74.55214178,-0.206706,,20.334801,19.507601
1688385012,272.22144,-74.52846166,0.0331106,,19.695299,18.7544
1688385046,272.3636049,-74.4834549,0.462084,,19.1376,18.253099
1688385397,272.2654938,-74.46096034,-0.095698602,,19.694901,18.7791
1688385458,272.3991031,-74.42198468,0.38423401,,19.4387,18.511999
1688385460,272.4378556,-74.41455775,0.194232,,19.573099,18.6591
1688387244,272.2600893,-74.28193212,0.33605301,,18.8006,17.867001
1688387431,272.3965182,-74.21285151,-0.61408299,,20.153799,19.3738
1688387460,272.3673458,-74.19081413,0.43809,,18.2843,17.4216
1688406840,272.2636313,-74.10897136,-0.47877499,,20.496901,19.573799
1688406861,272.2821939,-74.09029525,-0.266408,,20.104799,19.1866
1688406899,272.3648071,-74.08112934,0.19197001,,19.809401,18.9111
1688407037,272.3521468,-74.01661931,-0.69283199,,20.0926,19.2407
1688407038,272.337378,-74.01543791,0.0135581,,19.639,18.8685
1688320976,272.4459155,-75.99523081,0.103209,,19.950001,18.8818
1688322643,272.3721902,-75.81929941,-1.1741101,,20.278299,19.3645
1688322687,272.5404924,-75.76779663,0.33023301,,19.1513,18.1572
1688323013,272.428449,-75.71350092,0.58032203,,19.641199,18.5865
1688322948,272.4750568,-75.74434082,0.028965101,,19.553101,18.552601
1688322956,272.5393056,-75.7235408,0.57711101,,18.572599,17.645901
1688340258,272.5807784,-75.62599229,0.269678,,19.437401,18.443501
1688340589,272.3579377,-75.59740035,0.083194099,,19.779499,18.7148
1688341930,272.3166027,-75.451946,-0.35297799,,19.856001,18.878799
1688341890,272.636984,-75.4526572,0.40684599,,20.060801,19.0506
1688347675,272.4561426,-75.15615618,0.40355301,,18.950899,17.9571
1688348954,272.3260712,-75.10454009,-0.020313101,,18.617201,17.608299
1688349392,272.2328105,-75.01715153,-0.188135,,18.713699,17.879299
1688378022,272.4125482,-74.74732991,0.019909199,,18.260201,17.498199
1688379708,272.3960555,-74.63645904,-0.27521801,,19.2286,18.3706
1688385394,272.2276201,-74.45623487,0.268424,,18.3771,17.441999
1688386830,272.3679529,-74.3326946,-0.030454099,,18.764,17.853901
1688387251,272.3466733,-74.26263731,0.210309,,18.3915,17.5697
1688407042,272.3294839,-74.01928288,0.26614001,,18.5354,17.596399
1688323004,272.4118002,-75.73880234,0.28597599,,18.507999,17.4935
1688347260,272.2880106,-75.25399482,0.0036283601,,19.180401,18.171
1688347280,272.380101,-75.22960183,0.123744,,18.5506,17.525999
1688320856,272.0365444,-75.76669969,-0.055766501,,18.476101,17.400499
1688320860,272.1491076,-75.75631117,0.034155,,18.503799,17.580999
1688320762,272.0711873,-75.79686054,0.51352799,,19.815201,18.766399
1688338047,272.1253352,-75.65425826,0.48290899,,19.781401,18.8447
1688338053,272.2274742,-75.63936731,0.54466802,,19.3372,18.273899
1688338326,272.0890213,-75.64934708,-0.57854003,,20.371599,19.294399
1688338328,272.0859122,-75.64290915,-0.085571498,,20.6327,19.571501
1688338339,272.1564838,-75.6359919,0.27192599,,19.155701,18.1238
343831936,273.952533,-74.13544008,0.32683101,,18.722401,17.838499
343651900,272.4250278,-74.42558714,0.80019599,,13.862,13.1014
1688388308,273.2918393,-74.02439265,0.29771101,,19.419399,18.5009
1688342454,272.9373272,-75.30693451,-0.37331101,,18.9627,17.999201
1688347482,272.8603715,-75.15297352,0.089065701,,18.7502,17.756399
1688340309,272.7881829,-75.58498167,0.145942,,19.485399,18.612301
1688340516,272.883558,-75.53678687,0.338965,,19.6852,18.688999
1688340517,272.8977786,-75.52921801,0.273987,,20.1518,19.1416
1688340662,272.8186269,-75.50711773,0.0977998,,19.879999,18.9457
1688340817,273.025035,-75.4706315,0.064460598,,19.695801,18.7439
1688342034,272.8648368,-75.41204062,0.47449401,,18.856899,17.852699
1688342036,272.9399611,-75.39691489,-0.0775337,,19.0527,18.3223
1688342585,272.8936407,-75.24163127,-0.19339301,,19.700001,18.725
1688347485,272.9047243,-75.13964652,0.26811901,,19.818199,18.8311
1688347773,272.8926412,-75.12475588,0.081150301,,19.935301,18.986
1688347783,273.0049209,-75.11316537,-0.105039,,19.755301,18.836
1688347887,272.7982054,-75.09162409,-0.090626903,,19.929001,18.9534
1688347888,272.8091236,-75.08343216,0.20326801,,19.2167,18.345301
1688347915,272.8851129,-75.06110643,0.14816301,,18.885401,18.034901
1688406437,272.3993137,-74.16286035,0.48636499,,18.414101,17.610399
1688406456,272.4105942,-74.1446546,0.54259199,,18.839701,17.9403
1688406462,272.4897013,-74.12909884,0.31683299,,18.385799,17.568399
1688406463,272.4792224,-74.12935436,0.0213663,,19.246099,18.3055
1688406563,272.3668056,-74.10998819,-0.24978299,,19.316999,18.518801
1688406600,272.5793619,-74.05988519,0.019448601,,19.1877,18.349701
1688406929,272.3617211,-74.04971507,0.088354602,,19.4368,18.552999
343723940,273.2770207,-75.08947767,5.43012,,10.7108,10.0565
343757496,273.4197088,-74.08353331,1.9201,,13.3401,12.4491
343723852,273.1070344,-75.20389159,0.50058699,,16.972401,16.010201
343723289,273.3731603,-75.83999296,0.5539,,16.428301,15.4325
343723342,273.3289007,-75.77831125,0.51472098,,16.1749,15.1855
343723424,273.1980348,-75.69788164,0.64641702,,14.7878,13.8388
343723427,273.1615778,-75.69384721,0.68297398,,15.9866,14.9868
343723430,273.4744316,-75.69058743,0.943887,,14.9445,13.9525
343723413,273.2468267,-75.71061086,0.598198,,15.9696,15.0784
343723625,273.4061616,-75.4723813,1.2606,,14.1577,13.2712
343723644,273.4827506,-75.4414148,0.91655999,,14.3741,13.4331
343724006,273.4713978,-74.98401548,1.36325,,14.4585,13.4951
343756791,273.4252493,-74.84015976,0.46122301,,14.8886,14.2693
343757376,273.1223674,-74.19985636,0.495529,,16.443001,15.4986
343757547,273.1759304,-74.03617234,0.695786,,14.9641,14.0538
343757582,273.3252773,-74.00603748,0.39469701,,15.5397,14.6404
343756903,273.422196,-74.73724368,0.92478299,,13.321,12.7207
343757319,273.3033338,-74.26343852,2.0896599,,13.3824,12.459
343757344,273.2903658,-74.22931715,2.0425301,,13.3175,12.4213
343757347,273.2956279,-74.22766803,2.05774,,13.2243,12.3243
343724002,273.3980469,-74.98760503,0.40817201,,16.8645,15.9386
343757218,273.1287545,-74.3800552,0.325914,,16.916901,15.9626
343756927,273.1162707,-74.70798966,0.88722998,,15.3826,14.4288
343723250,273.1426062,-75.88677139,0.60618597,,16.3922,15.3487
343756942,273.130754,-74.69530967,0.67799997,,15.8489,14.9131
343757093,273.1343262,-74.52618734,0.39607701,,16.419901,15.4481
343757169,273.404448,-74.43390528,0.88182402,,15.3645,14.4466
343757250,273.1719251,-74.347631,0.40400001,,16.712999,15.783
343723395,273.4201219,-75.72492613,0.52979702,,16.183201,15.1805
343723642,273.4869048,-75.44402451,0.415939,,16.756001,15.7762
343723202,273.5445149,-75.9534779,0.066149302,,18.410999,17.426201
343723496,273.482163,-75.61381421,0.372605,,17.797199,16.8218
343723618,273.1074061,-75.4801409,0.25995001,,17.2451,16.3608
343723667,273.1936954,-75.41924957,0.235153,,16.996401,16.145201
343723669,273.2924525,-75.41872855,0.34703901,,17.7057,16.715
343723785,273.3786833,-75.28681274,0.0809194,,18.0571,17.0982
343723848,273.0994799,-75.20571217,0.177439,,17.586599,16.5954
343723970,273.2565801,-75.02942735,0.0433647,,17.942301,17.2988
343723999,273.1691903,-74.99322126,0.35565901,,18.1308,17.138
343756709,273.4101531,-74.92348274,0.446711,,18.111401,17.1518
343756744,273.3231519,-74.88216956,0.27423599,,18.116199,17.150999
343757172,273.350712,-74.43270702,0.20263,,18.1411,17.196301
343757220,273.1121576,-74.37912255,0.184617,,17.1831,16.2736
343757246,273.2999874,-74.34960763,0.260454,,18.145,17.184401
343757341,273.1050623,-74.23357783,0.32046399,,18.0851,17.1383
343757346,273.3395143,-74.22781422,0.25484699,,17.771,16.8347
343757469,273.1504787,-74.09977343,-0.11817,,18.056999,17.098101
343724001,273.3773377,-74.99247729,0.65623301,,17.798201,16.8141
343757493,273.3441495,-74.08581937,0.50701898,,17.7365,16.891001
343723158,273.4151587,-75.999068,0.340929,,17.258499,16.2542
343723720,273.1827229,-75.36118772,0.32704601,,17.9307,16.9405
343723967,273.2250326,-75.03145813,0.28048399,,17.1551,16.1691
343757375,273.1154102,-74.20184748,0.246657,,17.847401,16.9275
343723581,273.374951,-75.51858887,0.0055021099,,17.091,16.6374
343723394,273.4054303,-75.72562305,0.48077399,,18.4184,17.4123
1688349718,272.9353238,-74.88003259,0.048810601,,18.7714,17.7938
1688349747,272.9762218,-74.85644747,0.0052637998,,18.6395,17.6891
1688378088,272.7630014,-74.7591003,0.189825,,18.791901,17.820601
1688321169,273.2483295,-75.8918178,0.100398,,18.494699,17.4858
1688321239,273.2341871,-75.87113894,0.21637601,,18.900801,17.8696
1688322890,273.2653571,-75.66434948,0.30739099,,18.6222,17.627501
1688323317,273.2573099,-75.57152367,0.15833201,,18.6763,17.7286
1688347513,273.2003507,-75.1204582,-0.140137,,18.685699,17.687599
1688348107,273.4343069,-75.08750451,0.25499499,,18.3867,17.4181
1688340558,273.3631323,-75.4699047,-0.44438201,,19.1066,18.2425
1688343101,273.578771,-75.19898729,0.27504399,,18.6187,17.6513
1688348490,273.4243154,-75.00121275,-0.101399,,18.9496,18.0355
1688349865,273.5217699,-74.90790351,-0.74465901,,19.0856,18.1129
1688386313,273.301525,-74.28257275,-0.38373801,,19.5716,18.617599
1688350246,273.2820829,-74.86317011,0.13034999,,18.8771,17.943199
1688380586,273.3038222,-74.46821386,-0.29628,,19.1189,18.167
1688386317,273.4064793,-74.26867384,-0.25219399,,19.051399,18.1593
1688386309,273.3147096,-74.28453003,-0.30092701,,18.916201,18.144699
1688387851,273.2714669,-74.13883196,-0.061705198,,18.928499,18.0138
1688348448,273.4112339,-75.03240035,-0.181628,,19.2449,18.3652
1688347923,272.932569,-75.05801575,0.45976901,,18.576799,17.5676
1688347925,272.9122896,-75.05343604,0.35220301,,19.062099,18.094999
1688347927,272.9198904,-75.05127167,-0.110676,,19.6898,18.738199
1688349755,272.9273327,-74.85320471,0.34951901,,18.959,18.0079
1688377746,272.7571501,-74.81644745,-0.122841,,20.547199,19.590599
1688377686,272.879139,-74.82377208,0.40378299,,19.6763,18.764099
1688377694,272.9305763,-74.80083725,0.17987201,,19.447599,18.611099
1688378091,272.7406751,-74.75917545,-0.047854301,,19.5065,18.5844
1688378206,272.8975505,-74.70259874,0.12774999,,19.271799,18.383499
1688378241,272.9166194,-74.67973764,0.194774,,19.343599,18.377501
1688379495,272.7819561,-74.63649727,0.26044601,,19.372499,18.4524
1688321236,273.3244339,-75.86796269,0.145026,,18.7735,17.912399
1688321261,273.2437933,-75.844682,0.542898,,20.3421,19.3302
1688321569,273.3092394,-75.796704,0.0095712095,,20.1824,19.2948
1688321586,273.3440912,-75.7881786,0.0503182,,19.3174,18.344601
1688321653,273.3525902,-75.76491162,0.37401301,,18.343201,17.4233
1688322788,273.368254,-75.70494368,0.036366198,,20.1099,19.2386
1688322889,273.2961658,-75.66478834,-0.303803,,20.4589,19.482401
1688323189,273.3132237,-75.6199596,-0.155944,,19.853001,18.929701
1688323318,273.2474156,-75.57002835,-0.42941201,,20.033899,19.047701
1688340553,273.3279134,-75.47608392,-0.0258877,,18.2293,17.7362
1688340574,273.3178404,-75.4660889,0.20297401,,19.2778,18.3493
1688340854,273.2844118,-75.43063064,0.516285,,18.9464,18.028601
1688340971,273.3207556,-75.35213009,0.520307,,19.7269,18.806
1688343097,273.5852714,-75.19848818,0.058908399,,19.400101,18.4111
1688347444,273.304068,-75.11655546,0.212238,,19.9,18.935699
1688348611,273.2994646,-74.97816406,0.17797101,,19.4617,18.4925
1688348443,273.3852789,-75.05103152,-0.069830202,,19.386299,18.527399
1688348447,273.3954812,-75.03305272,0.39186499,,19.9077,18.9701
1688348488,273.3726217,-75.01607138,-0.0972251,,20.004,19.0189
1688349826,273.3631104,-74.93753291,-0.92591,,19.9632,19.023701
1688350249,273.3511419,-74.85174312,0.265358,,18.865101,18.0488
1688378286,273.1286648,-74.62323382,0.107709,,19.052401,18.2348
1688378293,273.2962131,-74.76545235,-0.15114599,,19.8873,19.112499
1688378727,273.3497621,-74.66846331,0.069412798,,19.864201,19.1152
1688378853,273.2771053,-74.63954234,-0.226569,,20.1768,19.309401
1688378773,273.384916,-74.6342245,0.39794999,,18.707899,17.752399
1688378780,273.3750203,-74.6267221,-0.70875001,,19.9158,19.198
1688378900,273.3670166,-74.58969634,0.139239,,18.9884,18.1008
1688378916,273.4574221,-74.56764361,-0.79640001,,20.125299,19.1649
1688380106,273.3249585,-74.56581824,0.35661399,,18.851801,17.892401
1688380116,273.4486426,-74.55134041,0.021680599,,19.9245,18.9862
1688385865,273.3194027,-74.35272804,0.0258114,,19.370001,18.439301
1688385950,273.1981876,-74.34951209,0.110985,,18.994301,18.164101
1688385973,273.3960609,-74.31895681,0.201167,,19.0902,18.2139
1688385976,273.4092434,-74.3083156,0.42796701,,18.5175,17.559401
1688387726,273.3330442,-74.17809934,0.12636299,,19.189699,18.259501
1688387749,273.3158433,-74.17587104,0.444796,,19.044001,18.223101
1688387761,273.3211693,-74.15547243,0.34733099,,19.2169,18.283501
1688387850,273.2616438,-74.1436762,0.57046002,,19.853001,18.938499
1688319748,271.1675169,-75.98958327,0.168998,,18.5998,17.6166
1688347620,272.6817547,-75.16785578,0.40085101,,18.5333,17.521
1688347726,272.6861074,-75.12076443,0.28670299,,18.200001,17.183901
1688379425,272.4281519,-74.6563731,0.29497001,,18.4788,17.5418
1688379442,272.6661752,-74.62216011,0.156682,,18.6654,17.7404
1688386992,272.6106009,-74.23718946,-0.0053459099,,18.3456,17.3939
1688406591,272.5685417,-74.07043391,0.2388,,18.568199,17.698299
1688407068,272.6549208,-74.03016872,0.296969,,18.5091,17.619101
1688320039,271.0497418,-75.96765209,0.048933402,,18.648701,17.7616
1688321021,272.6025926,-75.96499736,-0.246951,,18.715099,17.6691
1688340361,272.5136415,-75.60131125,0.26778799,,18.950399,17.915701
1688379785,272.6201154,-74.57664633,0.068097897,,19.0816,18.150499
1688384979,272.4435834,-74.51165651,0.106059,,18.8965,17.9695
1688341836,272.3651543,-75.50455464,0.227057,,18.886999,17.8943
1688347178,272.6410545,-75.26879595,0.16438,,19.083599,18.0895
1688347719,272.5696217,-75.12634948,0.066001497,,18.998301,17.9977
343651739,272.4094616,-74.61197182,2.30952,,12.6453,11.8053
343646420,272.062077,-74.28794118,2.1912601,,12.4504,11.6936
343646545,272.0482604,-74.4185794,2.24243,,11.8664,11.2049
343647624,272.202084,-75.65337601,1.08329,,13.7402,12.8134
343647884,272.0938309,-75.99464416,1.5698,,12.9797,12.1097
343652155,272.6043298,-74.14309669,1.4155999,,13.5642,12.7093
343647329,272.2433654,-75.27428689,0.228653,,17.0371,16.1243
343650814,272.3960392,-75.79102282,0.101203,,16.8396,15.9275
343646249,272.3069666,-74.0803942,0.56096601,,15.6777,14.8093
343651103,272.5400428,-75.40801002,0.34100699,,16.634399,15.6493
343651309,272.4386176,-75.12566197,0.61038601,,15.4261,14.4653
343647465,271.9386752,-75.42282076,0.137476,,16.626499,15.7963
343651411,272.3405184,-75.00141128,0.35503399,,16.3046,15.4093
343652175,272.534913,-74.12544327,0.75156897,,15.9041,14.9594
1688320637,271.3234194,-75.89102774,0.269375,,19.673901,18.764999
1688320638,271.3765615,-75.87352947,0.124648,,19.5744,18.545601
1688337691,271.1047284,-75.75901977,0.28668699,,19.335699,18.3405
1688337692,271.122858,-75.7500771,-0.0598583,,20.100901,19.091499
1688337816,271.2520128,-75.82833301,0.22475401,,20.0443,19.0466
343646220,272.0225603,-74.05764524,1.07607,,14.4086,13.5124
1688338208,271.3054632,-75.70799618,-0.396669,,20.126499,19.2015
1688338209,271.3000162,-75.70568834,0.52969301,,19.245399,18.4184
1688338770,271.0442658,-75.7132382,0.176937,,19.072599,18.1483
343646416,272.1317157,-74.28621392,1.02959,,14.549,13.6776
343646441,272.0237839,-74.31073635,0.78231198,,14.0768,13.1985
1688338797,271.026976,-75.6886288,0.13381401,,19.0938,18.162901
1688338798,271.0513087,-75.67961928,0.155957,,19.9265,18.975401
1688339338,271.1358446,-75.54875636,0.059785999,,19.1476,18.2321
343646659,272.1149352,-74.52838043,0.39537999,,15.3675,14.4925
1688339493,271.1512803,-75.61826695,-1.24491,,19.7722,18.936199
1688343931,271.088024,-75.48215883,-0.23865899,,19.613701,18.7103
343647067,272.0307607,-74.95510573,0.455964,,15.6445,14.8037
343647466,272.2562565,-75.4236761,0.94646698,,14.366,13.4717
343647499,272.0070384,-75.45679334,1.19542,,14.2185,13.2775
343647628,272.0401497,-75.65966012,1.57298,,13.9725,12.935
343647731,272.2602685,-75.79734784,0.90463001,,15.2483,14.2721
343647770,272.275759,-75.84272846,0.536915,,15.1791,14.1663
343652116,272.3740876,-74.18301523,0.58853698,,15.0376,14.0913
1688343933,271.1089506,-75.47667577,0.227091,,19.2251,18.446501
1688321022,272.5891529,-75.9645048,0.41449201,,19.004299,17.9305
343650764,272.4540497,-75.85264614,0.71516699,,15.7777,14.7437
343650767,272.4395952,-75.84717431,0.88241601,,14.7795,13.8894
1688322631,272.3630797,-75.83277906,0.18069001,,19.7486,18.723499
1688323058,272.5017553,-75.68410827,0.28741899,,19.573601,18.531
1688340336,272.4407559,-75.62744344,0.245957,,18.8391,17.881201
343651823,272.5997002,-74.51848837,0.74912101,,15.0763,14.2707
1688340367,272.6090128,-75.60619905,0.46736199,,19.1028,18.0529
343651923,272.4850666,-74.3954343,0.98647398,,13.8348,12.9776
343651995,272.5519014,-74.31165108,1.06754,,14.328,13.4219
343652083,272.3749601,-74.2212092,0.208416,,15.9583,15.1357
343652085,272.4187578,-74.22051608,0.84443599,,15.4944,14.5848
1688349031,272.5619846,-75.05436042,0.67234498,,19.021799,18.020599
1688349419,272.5101546,-75.00959651,0.436708,,19.3759,18.3902
1688349528,272.5113381,-74.95568804,0.307363,,19.891399,18.9799
1688349569,272.4690292,-74.9400658,0.169264,,17.925699,17.3645
343652204,272.3950469,-74.10271193,0.53184801,,15.5146,14.645
343652205,272.6583632,-74.1023306,1.2605799,,14.3892,13.4778
343652263,272.5222402,-74.04427136,0.82406002,,14.3584,13.5301
1688377579,272.4962473,-74.85460513,-0.27546301,,19.9697,19.0937
1688377588,272.6471556,-74.84004074,0.25774199,,19.6381,18.705999
1688377922,272.5193564,-74.81296386,-0.067423403,,19.8339,18.9433
1688377925,272.4991193,-74.81220565,-0.29378,,19.621,18.891899
1688377933,272.6332255,-74.79973939,-0.124895,,20.2465,19.308701
1688378075,272.6599119,-74.71597397,0.41697201,,19.004999,18.0886
1688378078,272.6079224,-74.7123412,-0.213193,,20.3237,19.4189
1688379307,272.6747906,-74.68908061,0.0132745,,19.6087,18.757
1688379341,272.6800878,-74.65477113,0.13154501,,19.1637,18.327101
1688379398,272.434306,-74.67701784,0.56945097,,19.2281,18.2616
1688379743,272.5179638,-74.62856203,0.147688,,18.3412,17.681801
1688379788,272.6319797,-74.57082054,0.0213998,,19.903601,18.9387
1688385117,272.5378236,-74.44001248,0.34317601,,19.787399,18.8708
1688385557,272.4797382,-74.38538509,0.39302,,19.5422,18.631201
1688386859,272.4153405,-74.32110205,0.20375399,,20.2617,19.393499
1688387295,272.4777573,-74.24340066,-0.68925202,,20.005199,19.0961
1688387467,272.5168758,-74.1808279,0.432843,,18.988199,18.068001
1688406556,272.5358722,-74.0840569,0.26890799,,19.122299,18.2306
1688406589,272.5492573,-74.0776783,-0.068942301,,19.1717,18.3361
343646221,272.2392319,-74.05902607,1.31488,,12.2028,11.6053
343646799,272.2842382,-74.67879146,1.4424,,13.7298,12.8865
343647325,272.1685354,-75.26814704,0.673513,,16.2878,15.2819
343646609,271.9635819,-74.48601656,0.210903,,16.7861,15.9028
343646700,272.0165232,-74.56275705,0.289924,,17.4,16.4471
343647553,272.062407,-75.5318257,0.311214,,17.4646,16.4321
343647774,272.3128244,-75.85716595,0.302039,,17.025801,15.9626
343646852,272.2104307,-74.73018349,0.32750899,,16.719601,15.8391
343647750,272.064908,-75.81806587,0.46400401,,16.9175,15.8655
343646474,272.1810121,-74.34212582,0.282116,,16.046,15.3499
343646574,272.0662608,-74.45170311,0.68907499,,15.5059,14.5956
343646576,272.1643057,-74.45512803,0.81850201,,15.4867,14.5731
343646655,272.0753954,-74.5238537,0.33610901,,16.330799,15.3961
343646697,272.0746206,-74.56086392,0.74667102,,15.7201,14.7714
343646891,272.3067835,-74.76491074,0.28420499,,16.371401,15.4147
343650957,272.4799716,-75.59727182,0.59707898,,15.9477,14.9023
343651585,272.6045995,-74.7953925,0.47141999,,16.446199,15.4792
343651725,272.4111261,-74.63559254,0.71872801,,15.2406,14.3989
343647179,272.0926895,-75.09440871,0.49128601,,16.401199,15.4046
343646942,272.2948012,-74.82078024,0.015354,,17.2169,16.3305
343646246,271.9481499,-74.07840458,0.23552699,,17.252001,16.3225
343646379,272.1683671,-74.24446181,0.32543701,,16.789301,15.9112
343646418,272.002583,-74.28688319,0.153989,,17.5762,16.668501
343646422,272.1543476,-74.28876968,0.21679699,,18.247499,17.318899
343646529,272.1325164,-74.3992251,0.22789399,,17.2038,16.318501
343646532,272.1172258,-74.40418354,0.49389499,,16.929001,15.9923
343646539,272.2253583,-74.41302093,0.130206,,17.5464,16.6474
343646562,272.2274375,-74.43947088,0.196978,,17.573299,16.657101
343646603,272.1172139,-74.48387641,0.32433,,17.669901,16.731899
343646608,272.1557286,-74.48593106,0.42449999,,17.142099,16.221001
343646683,272.0371186,-74.54704189,0.204308,,17.8409,16.947599
343646733,272.1510227,-74.60139055,0.106977,,18.1793,17.2803
343646786,272.054604,-74.66859865,0.283243,,17.527901,16.561701
343646850,272.363458,-74.72866688,0.261107,,18.252899,17.285801
343646856,272.2532328,-74.73270589,0.30245599,,18.515301,17.5784
343647043,272.016946,-74.93536498,0.172869,,18.2934,17.3276
343647046,272.1933485,-74.9386871,0.40085399,,17.979401,17.0627
343647150,272.204631,-75.05208641,0.121744,,17.2038,16.2209
343647235,272.2217866,-75.16188388,0.179482,,17.652901,16.7922
343647248,271.967339,-75.17755256,0.34215999,,17.622299,16.6171
343647301,272.2591422,-75.24563032,0.33536699,,17.3925,16.3771
343647648,272.2819478,-75.67794118,0.058050301,,17.5623,16.5063
343647674,272.1498092,-75.72233904,-0.24452101,,18.426901,17.376301
343647678,272.305383,-75.72691041,0.34719101,,18.0436,16.989
343647738,272.3107242,-75.80210183,0.303065,,17.321199,16.273199
343652229,272.3270934,-74.07811744,0.190761,,17.554001,16.733999
343650722,272.6783712,-75.91402942,0.29401401,,17.2862,16.2209
343650739,272.3562024,-75.88348093,0.18545701,,18.4363,17.388201
343650806,272.4064677,-75.79790357,-0.036064699,,18.059799,17.056999
343650808,272.5057341,-75.79769194,0.243653,,18.4049,17.391399
343650818,272.547264,-75.78920541,0.17533299,,17.411699,16.3748
343650893,272.3232861,-75.68425786,0.25797701,,17.4774,16.4417
343651025,272.6000145,-75.49947941,0.25095099,,17.938801,17.056499
343651030,272.701261,-75.4940275,0.24512701,,17.5858,16.631399
343651413,272.6891851,-74.9926738,0.29263401,,18.0445,17.042601
343651492,272.6488738,-74.90736061,0.24868201,,16.933001,16.128
343651497,272.4945175,-74.89445722,0.28164399,,17.7085,16.866899
343651669,272.628695,-74.69730788,0.28537899,,17.5896,16.6117
343651677,272.467212,-74.68995537,0.145841,,18.292,17.365601
343651701,272.6978612,-74.66614336,0.27830499,,17.9333,16.9876
343651738,272.6876009,-74.61244479,0.39146101,,17.17,16.206699
343651801,272.6026264,-74.55058929,0.35519001,,17.4739,16.521
343651860,272.5439642,-74.47717539,0.180575,,17.643299,16.792299
343651911,272.3843781,-74.4125355,0.148909,,18.283899,17.4184
343651931,272.6787626,-74.38882005,0.33794999,,17.492599,16.5324
343652027,272.4981833,-74.27093029,0.46432799,,17.0327,16.101601
343652262,272.4312254,-74.04450206,-0.0060635498,,17.935499,17.144501
343652284,272.4221948,-74.02425259,0.036716301,,17.5945,16.745501
343647879,272.3426864,-75.98967991,0.244387,,18.1166,17.045099
343651184,272.6919099,-75.28535842,0.41685501,,16.935801,15.9158
343646370,272.1056179,-74.23429525,0.103865,,17.8661,16.991699
343650809,272.2577505,-75.79662269,0.45420599,,17.0177,16.017
343651307,272.4286675,-75.1275086,0.41685101,,18.342699,17.3288
343651525,272.6413789,-74.86479452,0.183633,,18.0616,17.0977
343646607,271.9551169,-74.48547959,0.398105,,18.078199,17.1574
343646775,272.2383479,-74.65835715,0.29087499,,18.3727,17.458099
343646736,272.1506096,-74.60534712,0.32372901,,18.2363,17.348301
343651495,272.4952794,-74.90110711,0.55145699,,17.653799,16.7729
343720276,272.9994625,-75.90576118,0.374017,,16.261999,15.2185
343720197,272.9510092,-75.79848426,1.20451,,14.5647,13.6912
343720199,272.9149189,-75.80206239,0.25066,,15.9828,15.1925
343720212,272.7394021,-75.80877471,0.78689802,,15.4293,14.3885
343720236,272.7456969,-75.84239613,0.43566099,,16.903999,15.8676
343647852,272.2398695,-75.9493133,0.34563699,,17.008699,15.9616
343647827,272.2101394,-75.91635401,0.220662,,18.0135,17.1042
343647828,272.1419215,-75.91735418,0.21250901,,17.7379,16.696301
343720137,272.9358206,-75.72949746,0.042256001,,17.6327,16.6325
343647888,272.2333618,-75.99888091,0.000177225,,15.5188,14.5966
343720240,272.9698191,-75.85491114,0.33526501,,17.190701,16.1717
1688406691,273.0118083,-74.04765062,-0.076462097,,19.8473,19.0609
1688342276,272.2668272,-75.39108507,0.0233036,,18.689899,17.691299
1688347127,272.2841082,-75.32098783,0.061885599,,18.913099,17.8885
1688342280,272.3426585,-75.37307434,0.16398799,,19.461,18.4596
1688347166,272.5011429,-75.26094891,-0.0147068,,19.5583,18.5455
1688339704,271.7790376,-75.52408251,0.0476196,,17.953199,16.9328
1688374997,272.0365385,-74.94627873,0.039692301,,18.6054,17.7073
1688375280,271.7461341,-74.93959417,0.30055499,,17.3388,16.5734
1688376720,271.8485686,-74.81865623,0.211023,,18.899599,17.966801
1688376727,271.8835708,-74.79145228,0.58693099,,16.929701,15.9721
1688377207,272.0475892,-74.71065703,0.150369,,18.3162,17.4508
1688382251,271.7841733,-74.64445031,0.29690099,,18.333099,17.420099
1688382839,271.7463345,-74.51906251,-0.030857701,,18.398701,17.566601
1688384706,271.8301959,-74.32932475,0.122542,,18.6555,17.797701
1688384782,271.7789062,-74.33552118,0.088236302,,18.7544,17.855
1688384788,271.7197675,-74.33558823,0.32486001,,18.428301,17.509701
1688403842,271.8179898,-74.19504279,0.14551599,,18.6849,17.7607
1688403843,271.8039253,-74.19478638,0.13863499,,18.4412,17.522499
1688345222,271.8574645,-75.24421183,0.035499699,,18.8186,17.823999
1688346630,271.7989784,-75.14788022,-0.263924,,18.7288,17.733999
1688382735,271.7365808,-74.53562912,0.115503,,18.705,17.7924
1688384747,271.8832005,-74.34192652,0.115837,,18.974199,18.0683
1688345220,271.8638869,-75.24847049,0.117538,,18.866899,17.896999
1688382713,271.8538809,-74.5415186,0.00221455,,19.0641,18.1614
1688337912,271.8036645,-75.78829336,-0.34674999,,19.256701,18.268
1688346925,271.8562885,-75.10859291,0.118424,,18.995899,18.052999
1688404231,271.8402179,-74.13960041,-0.029129401,,19.295401,18.390699
1688337990,271.8249524,-75.7246213,-0.141221,,19.4095,18.4466
1688337991,271.8799155,-75.73014644,0.399737,,19.354099,18.3342
1688337995,271.9220227,-75.71490488,0.29540101,,19.456699,18.379
1688338399,271.825151,-75.61738089,0.14221001,,19.5681,18.5597
1688339602,271.777722,-75.56564493,0.45192799,,18.8589,17.878799
1688339662,271.7432972,-75.5627467,0.216978,,18.956499,17.9816
1688339999,271.9305101,-75.48295797,0.109971,,20.3815,19.366501
1688345202,271.7181501,-75.27166026,0.359476,,19.021099,18.0893
1688345224,271.8648704,-75.25184349,0.76650101,,19.740801,18.7649
1688346528,271.7172605,-75.20894111,0.0150428,,18.881399,18.042
1688347023,271.8677851,-75.06950788,-0.398296,,19.6486,18.7663
1688347024,271.9126872,-75.06720102,0.226439,,19.188101,18.2286
1688374847,271.8733083,-75.02639318,0.267652,,19.408199,18.531
1688374872,271.8886258,-74.99469186,-0.29748601,,20.004299,19.181999
1688375317,271.8094553,-74.90503193,0.41687301,,19.423599,18.527
1688375424,271.8344597,-74.86622431,0.377891,,18.3137,17.467699
1688376678,271.7854985,-74.84603943,0.435884,,19.9261,19.021099
1688376804,271.7259381,-74.79560454,0.39138699,,19.701599,18.8687
1688376835,271.8741594,-74.76824663,0.0155159,,19.702999,18.9021
1688376838,271.8564047,-74.76259226,0.039340202,,19.3545,18.486401
1688377177,271.817982,-74.71850744,-0.40042299,,19.9751,19.3001
1688382242,271.7888114,-74.66046937,0.20033,,19.8426,18.9548
1688382252,271.8705407,-74.62854442,0.152914,,19.455299,18.505899
1688382256,271.8632104,-74.63286302,0.302742,,19.908899,19.1063
1688382437,271.8836804,-74.56766304,-0.022674,,19.4261,18.503401
1688382444,271.9015657,-74.56067524,0.081681497,,20.3312,19.4072
1688382704,271.8344528,-74.55935794,0.50951898,,19.751101,18.8165
1688382732,271.7409129,-74.54591233,0.47658601,,19.941,19.025499
1688382846,271.8294067,-74.50065948,0.040290799,,19.759001,18.935499
1688382915,272.0368292,-74.45589495,-0.36124301,,20.3503,19.494301
1688384196,271.7304724,-74.48672116,-0.11501,,20.662201,19.7288
1688384287,272.022231,-74.40883764,-0.388367,,20.200701,19.2784
1688384328,271.7255567,-74.42849,0.314327,,18.7943,17.886801
1688384360,271.7233022,-74.39619673,0.016840501,,20.5835,19.7164
1688384752,271.9140613,-74.32568533,0.058274999,,19.494101,18.687401
1688384835,272.0325348,-74.29239984,0.0209461,,19.9865,19.1786
1688403831,271.794334,-74.2131588,0.432457,,18.025299,17.1665
1688403836,271.7312297,-74.20996189,0.34595999,,19.698299,18.8431
1688403847,271.860559,-74.22212144,0.34452599,,18.7771,17.9167
1688404324,271.827247,-74.12852653,0.0558111,,18.7974,18.113701
1688405663,271.839419,-74.08115891,0.34191099,,18.550699,17.689501
1688405791,271.925395,-74.02437132,0.66735297,,19.6548,18.773701
1688405826,271.8335316,-74.00042865,-0.24780799,,20.1343,19.2666
1688320386,272.2364155,-75.8957533,-0.40002501,,19.2915,18.316
1688320412,272.3059,-75.85715171,-0.32513201,,18.9855,18.031099
1688320744,272.2989423,-75.80353293,-0.038995001,,18.964001,17.929001
1688321303,272.4322382,-75.94219122,-0.055987701,,19.2166,18.1542
1688322533,272.469542,-75.8711841,-0.00715737,,19.528,18.525
1688322944,272.4309163,-75.74237558,-0.69899201,,20.5317,19.547501
1688340227,272.4535421,-75.68193045,-0.33294499,,20.092899,19.037701
1688340335,272.530778,-75.61712655,-1.15326,,20.9062,19.850201
1688341865,272.4000034,-75.4639944,0.148221,,19.924801,18.8941
343646313,271.9245163,-74.16203202,0.797176,,12.9497,12.4234
343647370,272.2438139,-75.32337564,1.24327,,13.8542,12.8548
343646262,272.2421187,-74.09473055,0.87452698,,15.2612,14.3349
343646517,272.2294638,-74.38890846,0.70885599,,15.7341,14.7944
343646757,272.1056958,-74.63950629,0.389245,,16.462999,15.5653
343646758,272.2762524,-74.64040531,1.14842,,13.9532,13.004
343646792,272.2260557,-74.67095511,0.798388,,15.078,14.2128
343647310,272.1907517,-75.25358471,1.35598,,14.0245,13.0415
343647536,272.0152457,-75.50051708,0.64384001,,15.1501,14.1616
343647584,272.1287482,-75.59991023,0.72823203,,15.8992,14.8875
343647741,272.0596315,-75.80707,0.38859701,,16.0832,15.1042
343646401,271.9276372,-74.26664216,0.39943999,,16.422001,15.5114
343646752,271.9270099,-74.63215559,0.246895,,14.4638,14.0136
343646449,271.9488515,-74.31773025,0.41522399,,16.3459,15.529
343646672,272.2645366,-74.5419585,0.69321603,,15.3105,14.3588
343646724,271.9603299,-74.59451903,0.484947,,16.3904,15.4417
343646990,272.2813284,-74.87715102,0.65177798,,16.2843,15.3095
343647369,272.2618064,-75.32150949,0.53640002,,16.035299,15.0882
343647507,272.07589,-75.46614064,0.90557402,,15.89,14.8911
343647706,272.2559625,-75.76639267,0.0661356,,17.463699,16.4021
343646199,271.997995,-74.03086561,0.31019899,,17.934299,17.013599
343646204,272.2870928,-74.04069563,0.213314,,17.7612,16.831699
343646310,272.0618456,-74.15798539,-0.0109653,,17.218,16.300301
343646390,272.1420163,-74.25679614,0.37583199,,17.459299,16.525801
343646404,272.195812,-74.27272551,0.216878,,17.742701,16.810301
343646405,272.2998902,-74.27612356,0.24231701,,17.917101,17.0196
343646454,272.1588778,-74.32187742,0.17029899,,17.930799,16.9944
343646493,271.9764843,-74.36789737,0.23243301,,17.9618,17.1518
343646617,272.2279279,-74.49005852,0.572492,,17.079599,16.1987
343646668,272.0648733,-74.53528716,0.251068,,17.2808,16.3445
343646716,272.2054013,-74.58299344,0.37533,,17.729601,16.790001
343646721,272.0379475,-74.58903829,0.27682301,,18.075199,17.137899
343646754,272.1146743,-74.63539611,0.23438901,,18.046301,17.1346
343646781,272.035659,-74.66282435,0.0304539,,18.0895,17.168501
343646847,272.2609879,-74.7277414,0.29229301,,17.868999,16.897699
343647038,272.1109714,-74.92959522,0.19808801,,17.341801,16.4266
343647060,272.1577133,-74.95004893,0.31783801,,17.9034,16.936001
343647159,272.0371092,-75.06207906,0.160888,,18.124201,17.1376
343647254,272.1048194,-75.18618474,0.088274002,,18.007401,17.0457
343647257,272.2295566,-75.18987176,0.26192701,,17.5103,16.4904
343647556,272.0234635,-75.53459365,0.43353999,,17.8113,16.809099
343647659,272.194249,-75.70158839,0.28067601,,18.3316,17.257601
343647749,272.2282807,-75.81763475,0.26919699,,18.0588,17.042999
343647798,272.0753732,-75.88752586,0.143849,,17.686701,16.6481
343646259,272.0251631,-74.09224718,0.27066201,,17.1754,16.256701
343647255,272.2705942,-75.18891867,0.434333,,18.2994,17.289301
343646866,272.2047331,-74.74172325,0.36559999,,18.1705,17.216
343647307,272.1971112,-75.25099922,0.089692302,,18.365999,17.4041
343647141,271.9429308,-75.04227148,0.40395001,,18.565001,17.6159
407633686,82.38756591,-75.68500836,2.6894801,,13.0045,12.1617
407633700,82.38056464,-75.67411011,1.56414,,12.735,12.0761
407633933,82.38996038,-75.33897521,1.25405,,12.2995,11.5278
343599972,271.869198,-74.30571993,1.39156,,12.581,11.7837
407633802,82.32169468,-75.50518392,0.450349,,15.7709,14.9308
343599762,271.7590771,-74.54654149,1.14056,,14.5929,13.6821
407633767,82.29569153,-75.54719695,1.0893199,,14.6894,13.8724
407633899,82.29644758,-75.38089517,0.59981298,,15.5121,14.6142
343599505,271.5892802,-74.83256909,0.64291102,,15.8605,14.9853
407633688,82.27449437,-75.68386749,0.39231199,,15.9124,15.1435
343599420,271.6729248,-74.91327959,1.06073,,14.2623,13.4251
407633979,82.25135153,-75.27183442,1.13609,,14.342,13.5712
407634062,82.28668949,-75.20187934,0.86196101,,15.1651,14.3009
407634063,82.35768701,-75.19881605,0.515903,,15.6305,14.7458
407634491,82.37827042,-74.69317991,0.73818702,,15.8254,14.9357
407634621,82.27685518,-74.58051657,0.81714898,,13.9032,13.1392
343599524,271.7565846,-74.80767567,0.726408,,15.6113,14.7455
343599566,271.6631523,-74.75853185,0.70034498,,15.4457,14.5411
343599737,271.5606586,-74.57704025,0.72016901,,14.6122,13.7311
343599742,271.739173,-74.57391441,0.48124099,,16.0177,15.1165
343599827,271.573682,-74.47889095,0.68146002,,15.27,14.3658
343600053,271.7812298,-74.2091154,0.53162402,,15.8167,14.9137
343600084,271.8307047,-74.18068152,0.96727502,,14.678,13.8039
343600172,271.6517647,-74.08999347,0.51098198,,15.2422,14.3566
343600073,271.8501484,-74.19007084,1.2981499,,11.8182,11.0256
343599618,271.9173556,-74.70480309,1.19225,,14.3051,13.422
407633805,82.34142154,-75.5008781,0.46869901,,16.646999,15.9047
407633877,82.23081296,-75.41563873,0.43909901,,16.635599,15.76
407634489,82.25678346,-74.69656021,0.254399,,16.8892,16.263399
343599521,271.5825958,-74.81105187,0.30296201,,16.7854,15.8922
343599547,271.6022877,-74.78144944,0.25954199,,17.0679,16.136299
343599577,271.695622,-74.74782452,0.19260199,,17.2826,16.411501
343599617,271.5394279,-74.70501246,0.44750699,,18.0151,17.070499
343599702,271.7949295,-74.60342592,1.21647,,14.7512,13.8311
343600085,271.8575623,-74.17981214,0.158445,,17.320299,16.4028
343600072,271.7013045,-74.19056662,0.40082699,,17.1556,16.2374
343600226,271.5735715,-74.02979309,0.14839999,,17.562401,16.7127
343599382,271.7109334,-74.96247435,0.63278198,,16.346701,15.4152
343599620,271.8719569,-74.70400458,0.48077899,,15.7621,14.8142
343599739,271.6298962,-74.57561975,0.58307499,,15.5751,14.7248
343599785,271.7656723,-74.52088741,0.450986,,16.431801,15.5262
343650949,272.6162783,-75.60610337,0.51401699,,16.6674,15.646
343599496,271.6947108,-74.8381431,0.285689,,16.948799,16.043501
343599578,271.6730898,-74.74613831,0.305204,,17.109699,16.2036
343599756,271.7257189,-74.55097685,0.134004,,18.011,17.0832
343600181,271.8280529,-74.08007676,0.316526,,17.189301,16.2617
343650953,272.4435626,-75.60234487,0.249157,,18.5121,17.461399
407634219,82.30316184,-74.99654499,0.32811001,,17.5581,16.7495
343599548,271.6183507,-74.77965672,0.43619901,,18.0079,17.099199
343600107,271.8111462,-74.16055642,0.36434701,,17.6478,16.743999
407633764,82.21078199,-75.55520068,0.295535,,17.492901,16.65
407634112,82.10625386,-75.14738688,0.18264499,,17.505199,16.7764
343599431,271.6215341,-74.89887102,0.43503499,,18.0984,17.158899
343599885,271.7511108,-74.41913537,0.40120199,,17.9897,17.1402
343600029,271.6732875,-74.22468588,0.456572,,18.0212,17.107599
343600223,271.6319765,-74.03240632,0.081823602,,18.0884,17.204599
407634360,82.20567772,-74.83160954,0.29618901,,17.718599,16.8857
343599978,271.8554059,-74.29585596,0.46090299,,17.140699,16.2227
343600174,271.8245148,-74.08818889,0.28753999,,17.5574,16.652399
407633617,82.30650403,-75.80307548,0.339526,,17.5259,16.6423
343599422,271.5717442,-74.90909116,0.23423,,17.624001,16.698299
343599766,271.8848578,-74.54387474,0.40940699,,17.9198,16.9932
343599971,271.8783422,-74.3065555,0.380171,,17.067699,16.171
1688320265,271.4542846,-75.95146888,0.133479,,19.046301,18.001499
1688320268,271.4767592,-75.98388217,-0.13975801,,18.837,17.795
1688338152,271.4652082,-75.70751304,-0.00528544,,18.5123,17.505199
1688339431,271.6295888,-75.62059134,0.044256099,,18.865101,17.8356
1688339481,271.321991,-75.61394108,0.122692,,18.744801,17.743999
1688339530,271.4824725,-75.58027248,0.21782701,,18.8402,17.8755
1688339535,271.5304178,-75.57663186,-0.195939,,19.2127,18.328699
1688339865,271.5074582,-75.51163143,0.047977999,,19.224199,18.2374
1688339933,271.4760202,-75.49978296,0.235222,,18.995199,17.9991
1688344528,271.4730131,-75.43614848,0.0123353,,18.927799,17.9858
1688346444,271.331535,-75.22334887,-0.022143001,,19.2106,18.2665
1688382065,271.450192,-74.71440651,0.032668699,,19.1017,18.1964
1688384520,271.3452087,-74.42225166,0.199323,,18.569099,17.7129
1688338390,271.9178393,-75.61897827,-0.33973399,,18.9765,17.9447
1688338406,271.9848797,-75.59434242,-0.37468299,,19.2286,18.2307
1688338416,272.0122304,-75.61581946,0.062765002,,18.9041,17.942301
1688338421,272.1200238,-75.59843198,0.15852199,,18.347099,17.429701
1688339685,271.8594642,-75.53097505,0.095748097,,18.900801,17.910999
1688340032,271.9329026,-75.44685759,0.064792402,,19.0005,17.978901
1688344683,271.9462357,-75.37602981,0.239675,,18.195101,17.343399
1688345137,271.9094396,-75.28200952,0.130349,,17.631701,16.660999
1688376763,271.9201356,-74.79936285,-0.092778802,,18.7477,17.810301
1688376764,272.0036198,-74.78816591,-0.13620301,,19.106501,18.2735
1688376877,271.9728657,-74.73393024,0.122546,,18.217199,17.4569
1688377233,272.011158,-74.68106023,0.130097,,18.8064,17.910601
1688377237,272.0056004,-74.67622451,0.238398,,18.377199,17.572901
1688382753,271.9462763,-74.52755826,0.120165,,18.813101,17.9681
1688382757,272.0578126,-74.52387765,0.0280862,,18.8372,17.979099
1688382791,272.007711,-74.49913745,0.187718,,18.511999,17.6492
1688384414,272.0254699,-74.35674049,-0.0342273,,19.124001,18.209101
1688384816,271.8957524,-74.3104299,0.046891801,,18.7561,17.856501
1688403745,271.9480149,-74.22673098,0.32112101,,18.7139,17.7859
1688403750,271.8726826,-74.22821398,0.43242899,,18.168501,17.261999
1688349544,272.6132999,-74.94581463,-0.115566,,19.094801,18.122801
1688377428,272.411851,-74.90223569,-0.121481,,19.024799,18.0632
1688377992,272.4349088,-74.76645243,0.346531,,18.583401,17.618401
1688378032,272.4693706,-74.76414371,0.0144404,,19.1007,18.1401
1688385469,272.5253683,-74.41266336,-0.050587099,,18.9648,18.035299
1688385549,272.3897791,-74.40914508,0.071697898,,18.1581,17.2437
1688385559,272.5022853,-74.38030618,0.0097480696,,18.802999,17.9041
1688338186,271.3273707,-75.71002551,-0.347271,,19.370199,18.3615
1688384133,271.4420462,-74.48705951,-0.42178801,,19.5089,18.581499
1688339410,271.4382611,-75.65782834,-0.154957,,19.4069,18.4235
1688339941,271.6106058,-75.48493854,-0.088336401,,19.340401,18.3773
1688320713,271.795414,-75.86256008,0.088699102,,19.3633,18.2908
1688384412,271.9922635,-74.36099555,-0.34201601,,19.424801,18.4944
1688403720,271.8873437,-74.26344706,-0.0152901,,19.197901,18.273701
1688387350,272.5953571,-74.19648167,-0.076864101,,19.146999,18.215401
1688320231,271.3745718,-75.98510665,-0.0172891,,19.9401,18.922899
1688320542,271.3741191,-75.91769737,0.24587999,,19.8123,18.759001
1688320567,271.5296911,-75.88752566,0.047011402,,19.986601,19.0301
1688337746,271.3193822,-75.84048201,-0.015912101,,19.238501,18.301399
1688337754,271.4124418,-75.82842649,-0.30954099,,19.668699,18.6493
1688337756,271.3251296,-75.82337068,0.208446,,19.5781,18.618601
1688338081,271.3041515,-75.76042,-0.362656,,19.504299,18.819099
1688338082,271.3580234,-75.75002063,-0.33914599,,20.005199,19.2108
1688338086,271.4175636,-75.73840666,0.065188602,,19.8617,18.9265
1688338153,271.5545678,-75.69731174,0.59012902,,20.000099,18.9762
1688338180,271.3549379,-75.71657361,-0.31331101,,20.292601,19.275499
1688339372,271.3627057,-75.65474588,0.12978201,,19.496901,18.509501
1688339374,271.3293482,-75.66543078,0.35190001,,19.4027,18.497299
1688339435,271.6636702,-75.60430531,0.140633,,19.4195,18.4027
1688339475,271.3520372,-75.6242145,-0.0444442,,19.769699,18.8148
1688339773,271.1630914,-75.60770086,0.119354,,19.1812,18.2043
1688339809,271.3598362,-75.54397165,0.590478,,19.660801,18.741301
1688339855,271.4942651,-75.52884238,-0.35136899,,20.061199,19.086399
1688339945,271.6342462,-75.47174012,0.32295501,,19.603201,18.6007
1688344472,271.4053041,-75.45844039,0.144862,,19.548201,18.5725
1688344592,271.3917039,-75.40118923,-0.138366,,20.094601,19.2048
1688344638,271.4534789,-75.38732258,-0.79394501,,20.32,19.415899
1688346385,271.5688234,-75.22990796,-0.54469502,,20.2026,19.2637
1688346748,271.4009094,-75.18311719,0.104303,,19.587099,18.670601
1688374673,271.4304148,-75.0904993,0.0057149502,,19.6558,18.768101
1688375119,271.5290052,-74.98553864,0.13854299,,19.0168,18.4515
1688376533,271.433766,-74.8861408,0.29962501,,18.9664,18.0299
1688376977,271.5663196,-74.78779939,0.31165501,,19.614,18.682699
1688377071,271.4383364,-74.76478989,-0.044093899,,19.1998,18.336599
1688377072,271.4760305,-74.76194899,-0.31675699,,20.179501,19.345501
1688377108,271.3678788,-74.74563343,0.26758701,,18.870001,17.9284
1688377110,271.4022039,-74.73897078,-0.99563199,,20.6709,19.7929
1688377113,271.4064047,-74.73971338,-0.210942,,19.7707,18.921801
1688382098,271.4257387,-74.68980752,0.30360299,,18.9345,17.988701
1688382514,271.4315091,-74.63219431,-0.148286,,19.861,19.0147
1688382657,271.3754301,-74.56747945,0.29368299,,19.1896,18.2731
1688382659,271.3971608,-74.56354453,0.42993799,,20.3873,19.4494
1688382665,271.3441165,-74.5611814,0.064322203,,19.476101,18.6509
1688382667,271.4665967,-74.54345433,0.629026,,18.918501,17.9757
1688382671,271.5204991,-74.54646551,-0.226943,,19.421,18.5674
1688384015,271.4465718,-74.53629435,-0.224851,,19.589701,18.709999
1688384024,271.4160622,-74.52742799,0.261197,,18.616199,17.7806
1688384141,271.4972805,-74.47412387,0.185762,,19.594601,18.781799
1688384142,271.5074925,-74.46877362,0.46261501,,18.486401,17.674999
1688384147,271.5395901,-74.46861843,0.046333499,,19.3622,18.5047
1688384184,271.63226,-74.49434802,-0.742378,,20.6987,19.813101
1688384507,271.5287085,-74.40957593,-0.58044201,,20.4998,19.5888
1688384613,271.3927864,-74.39439642,0.298141,,18.7787,17.8972
1688384652,271.6432339,-74.40819012,-0.124924,,19.502399,18.764799
1688403519,271.3751086,-74.32523001,0.43182999,,19.361,18.4998
1688403520,271.3360807,-74.32618635,0.62909502,,19.0023,18.2026
1688403616,271.5054757,-74.29236221,0.177395,,19.1418,18.262699
1688403961,271.4292322,-74.2575103,0.47868299,,19.502399,18.681
1688319320,271.8689161,-75.98230323,0.0185016,,19.9319,18.8759
1688319323,271.8171585,-75.97896587,-0.00889818,,19.7714,18.743099
1688320327,271.829271,-75.95570945,0.058139801,,19.443701,18.4293
1688320416,271.8527092,-75.91364921,0.167583,,19.2824,18.3001
1688320710,272.0098594,-75.83573679,0.048069999,,19.7733,18.7969
1688337955,272.2456487,-75.70933809,0.48459399,,19.106899,18.111799
1688340117,271.9317878,-75.42958936,0.339481,,18.6957,17.743299
1688340121,271.9359463,-75.41989071,0.18839601,,20.343,19.4032
1688340165,272.0156173,-75.41624881,-0.116882,,20.319,19.335699
1688344670,271.9520727,-75.38496681,0.492888,,19.984699,19.0343
1688344673,271.8804715,-75.3887489,0.42592299,,19.883301,18.9515
1688344708,271.8710157,-75.36299073,-0.137026,,20.327101,19.362801
1688345128,271.9036259,-75.29643778,-0.88827598,,19.7654,18.7784
1688345273,272.1536014,-75.21467279,0.33017501,,19.2251,18.2062
1688346685,272.0174429,-75.10062416,0.100845,,19.1847,18.2227
1688347054,271.8430449,-75.03273534,0.147975,,19.508301,18.618401
1688374991,271.869278,-74.93764179,-0.21984901,,19.560699,18.614201
1688374992,271.8886429,-74.93532607,0.31099999,,18.820499,17.893
1688375336,272.0292443,-74.89891492,-0.093823001,,19.379,18.5231
1688375369,271.9367893,-74.8789144,0.30678701,,19.610201,18.6698
1688375374,272.0665004,-74.87564081,-0.249461,,19.899,19.1471
1688375475,271.993258,-74.82944902,-0.32972601,,19.7341,18.858801
1688376772,272.0161937,-74.77784206,0.205401,,19.719299,18.8778
1688376774,272.0115428,-74.77110983,0.414805,,19.395599,18.4538
1688382450,271.9729589,-74.54513802,0.12551101,,19.084499,18.2328
1688382751,271.8785287,-74.5361546,0.088699803,,19.677601,18.7896
1688382758,272.0367138,-74.51640604,0.250422,,19.429399,18.6353
1688382902,271.9373448,-74.47288934,0.44009,,18.6688,17.827801
1688384403,271.888945,-74.37399095,0.17779499,,19.3727,18.515699
1688384415,272.0295336,-74.35362387,-0.083031498,,19.7402,18.8494
1688384724,271.8721871,-74.3523642,-0.0577056,,19.957001,19.0856
1688384744,271.8591498,-74.3406959,0.24184699,,19.089701,18.1936
1688384741,271.9799966,-74.32615275,0.206461,,18.996599,18.135201
1688384861,271.877438,-74.29633439,-0.373344,,20.1684,19.346399
1688384876,271.9947873,-74.26604794,0.217434,,19.3554,18.426399
1688384880,272.0361793,-74.26467339,0.150589,,19.313299,18.520399
1688403726,271.9172217,-74.26074574,0.248087,,19.2572,18.361099
1688403764,272.0755032,-74.20773865,0.0771477,,19.0755,18.238501
1688403882,271.8558601,-74.19796199,-0.116631,,19.213499,18.5467
1688403907,272.0287861,-74.153186,0.40290999,,18.956699,18.0345
1688404317,271.8467205,-74.13142305,0.14049099,,19.0749,18.2925
1688405669,271.8825998,-74.06954509,0.35240501,,19.336399,18.4765
1688405686,271.8179941,-74.06705453,0.58610803,,19.641001,18.7223
1688405687,271.8194121,-74.06390979,-0.243598,,19.3344,18.6604
1688349414,272.4194965,-74.9919775,0.21668699,,18.881001,18.062901
1688349536,272.498375,-74.94855274,0.42690301,,18.683001,17.7335
1688377532,272.4116055,-74.86455961,0.39110801,,19.399099,18.429199
1688377563,272.4115777,-74.86354658,-0.108799,,19.155899,18.275499
1688377610,272.4691403,-74.84993823,-0.37539399,,19.9797,19.037001
1688377611,272.4592491,-74.84680486,-0.0606138,,19.4575,18.492201
1688377873,272.3490791,-74.84058016,0.55683798,,20.119101,19.158899
1688378014,272.3908643,-74.7673337,0.472422,,19.156799,18.2686
1688378034,272.5863307,-74.75168887,-0.022723399,,20.0676,19.095301
1688379240,272.345788,-74.74951213,0.205208,,19.4265,18.5734
1688379274,272.3461767,-74.72897256,-0.404771,,19.7771,18.8403
1688379755,272.6107041,-74.60932798,0.48589501,,19.7232,18.799101
1688384989,272.653594,-74.48482191,-0.087337099,,19.593,18.7215
1688385413,272.4254576,-74.44870224,0.188637,,20.152201,19.2614
1688385422,272.4779289,-74.43721327,0.613671,,19.969601,19.0226
1688385587,272.4639687,-74.36031294,0.110557,,19.396601,18.5746
1688386946,272.3968613,-74.30649325,-0.16971999,,20.0177,19.218
1688386948,272.403849,-74.29787273,0.090509497,,19.8239,18.8887
1688387290,272.452518,-74.25519028,0.54158199,,19.749701,18.840099
1688387416,272.2911228,-74.20631263,0.40485701,,19.518499,18.615499
1688387422,272.3799923,-74.22024835,-0.29208899,,20.2728,19.4688
1688387433,272.3642959,-74.2158992,-0.33988601,,19.9802,19.120701
292699986,271.3775782,-74.78036841,1.42426,,13.2873,12.49
292700514,271.5091772,-74.29472722,0.94515002,,13.5996,12.8385
292699548,271.291953,-75.19001796,1.27789,,14.4049,13.4676
292700134,271.3230158,-74.63845989,1.25978,,14.5187,13.6818
292700206,271.4333908,-74.57407095,1.30434,,14.0913,13.2352
292700186,271.5116012,-74.58976369,0.696787,,13.804,12.9681
292700229,271.2437113,-74.54965391,0.455881,,14.4272,13.8024
292700357,271.3568112,-74.43536447,0.70958799,,14.2194,13.2946
292700384,271.4318198,-74.41407834,0.735102,,13.8047,12.9914
292700425,271.2192349,-74.37307511,0.58473903,,16.3016,15.3904
343598968,271.6770531,-75.45468241,0.76425201,,14.765,13.8287
292699543,271.3486389,-75.19290317,0.786569,,15.497,14.5863
292699544,271.2210496,-75.19244308,0.77853203,,15.2671,14.4022
292699552,271.1719109,-75.18813542,0.30628699,,15.7356,14.979
292699799,271.2231165,-74.95044961,0.71250498,,15.1805,14.2577
292699936,271.1490225,-74.82437997,0.483879,,15.6342,14.8109
292700077,271.2632097,-74.68762367,0.94388002,,15.2062,14.3396
292700595,271.2859992,-74.22180734,0.54585803,,15.3205,14.4571
343598748,271.7279555,-75.73637112,0.666197,,15.8234,14.763
292699493,271.4111388,-75.2480957,0.80073297,,15.9126,14.938
292700183,271.4639194,-74.59461886,0.36291799,,16.9055,16.004299
292700515,271.4213827,-74.29304151,0.36167601,,17.0063,16.123699
292700078,271.4451415,-74.68742791,0.54631102,,16.247101,15.3234
292700090,271.1665785,-74.67917717,0.84524,,14.9757,14.0814
292700117,271.2905475,-74.65316934,0.42443699,,16.246401,15.3165
292700177,271.5145881,-74.59885107,0.402527,,16.2314,15.3202
292700179,271.2537457,-74.59679894,0.49026501,,16.4209,15.4935
292700382,271.1732524,-74.41662896,0.34865901,,16.3626,15.468
292700729,271.1967741,-74.09079396,0.48951799,,16.7477,15.8639
292700793,271.221527,-74.02749567,0.50857902,,16.4902,15.5965
292700688,271.2645968,-74.13458039,0.80606598,,16.2285,15.3179
292699547,271.5171149,-75.19009606,0.20576701,,17.8374,16.865499
292699808,271.52828,-74.94262357,0.25764701,,17.4475,16.5306
292699929,271.1956723,-74.8329415,0.394539,,17.570299,16.635201
292699931,271.4780417,-74.83043718,0.17948399,,17.382,16.4671
292700009,271.1582454,-74.7618659,0.471991,,16.8409,15.9467
292700455,271.3767051,-74.34192809,0.13773,,18.118799,17.227501
292700684,271.3943888,-74.13784192,0.423884,,17.885401,16.995399
343598903,271.7606738,-75.53641463,0.182662,,18.2222,17.238199
343599029,271.6283869,-75.37840972,0.24323501,,17.6024,16.6171
292699534,271.1532078,-75.19942733,-0.110368,,18.428101,17.5951
292699735,271.5826771,-75.01787054,0.27128699,,18.3386,17.4125
292699864,271.3166,-74.8943736,-0.0080215596,,18.164499,17.253099
292699898,271.4431082,-74.86386172,0.153596,,17.6199,16.7236
292699935,271.5975663,-74.82553282,0.26747599,,18.6511,17.7209
292700085,271.2845486,-74.68398742,0.24204899,,17.6994,16.759501
292700114,271.3825188,-74.65930353,0.0316641,,17.220699,16.7896
292700174,271.1904612,-74.60091182,0.30867499,,18.102301,17.207399
292700255,271.5933186,-74.52369008,0.14973401,,18.276699,17.440001
292700260,271.4001821,-74.51911243,0.135796,,18.104401,17.190399
292700736,271.5680215,-74.08135082,0.227432,,18.211399,17.467199
343598845,271.5586832,-75.62053664,0.16189601,,18.2701,17.2843
343598847,271.8247504,-75.61665941,0.42052701,,18.078899,17.070801
292700116,271.3571387,-74.65617325,0.32530001,,16.894199,15.987
292699448,271.1624653,-75.30753262,0.25450701,,18.4891,17.541401
292699825,271.2140345,-74.92658842,0.44186899,,18.2097,17.274099
292700254,271.5649902,-74.52446485,0.202087,,18.2118,17.3312
343598779,271.5373873,-75.69664775,0.283463,,18.4711,17.5702
343599036,271.8835179,-75.3759279,-0.036928698,,18.3496,17.466499
1688319180,271.7580637,-75.99798415,0.069113702,,18.9333,17.867599
1688339594,271.769667,-75.57870898,-0.185886,,18.8486,17.885599
1688340010,271.8371073,-75.46900234,-0.29154801,,19.184099,18.1919
1688340143,271.8456272,-75.42774115,-0.029897699,,18.8395,17.992701
1688344690,271.7845077,-75.39311769,0.14897799,,18.568399,17.572701
1688346614,271.7795595,-75.17184614,0.207103,,18.641701,17.7316
1688374977,271.7249294,-74.95987394,0.16429,,18.135201,17.363199
1688376700,271.7100726,-74.83845158,0.063572802,,18.7043,17.8318
1688376704,271.6588485,-74.83557438,0.205814,,18.575899,17.6541
1688320288,271.5133905,-75.9533844,-0.32514501,,19.334499,18.3225
1688344780,271.7978668,-75.36486913,-0.45970401,,19.168699,18.186899
1688339709,271.7924191,-75.51141454,0.0473653,,18.944799,17.969601
1688344782,271.7301075,-75.36470115,0.039896701,,18.914,17.9498
1688374857,271.7360746,-75.02541035,-0.115943,,19.096001,18.172001
292700201,271.3878225,-74.57998308,0.39567199,,18.580099,17.6453
1688320202,271.7205263,-75.96177321,-0.33642301,,19.6612,18.7616
1688337938,271.8453546,-75.74500606,-0.241088,,18.812201,18.203699
1688339991,271.7715354,-75.49665417,0.117471,,19.235201,18.2533
1688340107,271.8427151,-75.45205079,-0.34942701,,19.963499,18.963301
1688344693,271.8302179,-75.37670588,0.236976,,20.18,19.175501
1688344781,271.7987436,-75.35919404,0.45164999,,19.9289,19.040501
1688345146,271.697156,-75.29941731,-0.0115799,,19.758101,18.777
1688347009,271.7589037,-75.09217704,-0.18558601,,19.168301,18.3533
1688374825,271.7116326,-75.04825402,0.33484799,,18.278099,17.472601
1688374827,271.7057529,-75.04943919,0.237317,,19.731701,18.898199
1688374861,271.742922,-75.02433881,0.034529202,,19.8179,18.863501
1688374947,271.7107859,-74.98623216,0.218859,,18.813101,18.046499
1688375302,271.6744875,-74.92467477,-0.0113219,,19.4634,18.639601
1688375436,271.8570501,-74.84605783,0.050873201,,19.2542,18.362
1688410757,270.4864722,-74.02890492,-0.22731601,,19.6579,18.7736
1688410919,270.5611296,-74.02471373,-0.203767,,19.401199,18.633301
1688410921,270.6299066,-74.01111504,0.144502,,19.485701,18.5935
343718577,272.7412173,-74.05415829,5.5931301,,11.3016,10.5286
343650729,272.6791764,-75.89775365,1.67347,,13.2013,12.2243
343650786,272.6258178,-75.81733408,2.4476099,,13.164,12.2082
343651145,272.6753799,-75.34985499,1.79601,,13.3592,12.4289
343651790,272.6444856,-74.56077171,0.74520499,,13.7645,12.861
343652261,272.3306416,-74.0469312,1.18591,,13.2677,12.5342
343652302,272.4764092,-74.0021942,3.7927001,,10.838,10.0693
343720203,273.0535716,-75.80389546,1.80809,,13.3333,12.3351
343650849,272.5570553,-75.74906974,0.772484,,15.2265,14.1805
343652237,272.3964449,-74.07106027,0.54362297,,16.0693,15.1675
343719598,272.7632837,-75.11092984,0.224242,,16.877001,15.9708
343720124,273.064063,-75.71140716,0.56755501,,17.277599,16.255301
343650800,272.5107164,-75.80333943,1.22651,,14.3293,13.4147
343650737,272.5271303,-75.88510101,0.83152002,,15.0286,13.9748
343650663,272.5110433,-75.98961991,0.90504998,,15.3881,14.3366
343650844,272.4308882,-75.75190172,1.25547,,14.5189,13.5235
343651176,272.3871012,-75.29925041,0.64547902,,14.7966,13.7966
343651486,272.5923174,-74.91265414,0.84841198,,14.4341,13.6348
343720299,272.8343277,-75.9327734,0.61768198,,14.4029,13.4924
343646648,272.1565699,-74.51483806,0.445658,,15.034,14.3033
343650804,272.587967,-75.80010219,0.63074303,,16.3622,15.3323
343650805,272.6678442,-75.79995161,0.97878999,,15.6524,14.616
343650738,272.6093619,-75.88430621,0.61683899,,15.4695,14.4874
343650782,272.3824386,-75.83020757,0.84213197,,15.8491,14.8308
343650785,272.6807013,-75.82132142,0.54083002,,15.7381,14.7271
343650788,272.6506408,-75.81643987,0.50384599,,16.1551,15.1763
343652013,272.5508478,-74.28938313,0.506989,,16.0305,15.1683
343719742,272.7469259,-75.27772876,0.40116301,,16.8992,15.8804
343719780,272.8075916,-75.311138,0.27241001,,15.4081,14.5323
343719960,272.752057,-75.51678292,0.56268799,,16.380899,15.3572
343720012,273.0418824,-75.5706565,0.592969,,16.0324,15.0458
343720015,272.7397755,-75.5756771,0.65406102,,16.2446,15.2425
343720230,273.0738403,-75.83588034,0.51675099,,16.1707,15.1366
343718825,273.0023015,-74.29717441,1.12072,,12.9434,12.0048
343651552,272.4254107,-74.84114708,0.446776,,16.638201,15.7441
343651554,272.61311,-74.83929743,0.309459,,17.0261,16.1084
343652008,272.5207589,-74.29677993,0.32003099,,17.006901,16.2197
343718999,272.9093657,-74.49352911,0.89672297,,14.022,13.1929
343646817,272.1716483,-74.69959436,0.238289,,16.1751,15.3613
343651596,272.4925246,-74.78603777,0.60347998,,13.9669,13.1275
343651791,272.5201526,-74.5597895,0.67280298,,14.8991,14.0413
343651835,272.3802481,-74.50741538,0.46048501,,14.763,14.0672
343719035,272.9077315,-74.53593375,0.39210701,,16.745701,15.8414
343647453,272.0075281,-75.4137039,0.25269499,,17.1621,16.142099
343650798,272.2530732,-75.80480058,0.20042101,,18.1019,17.0504
343650918,272.599747,-75.65297226,0.235634,,17.172899,16.120399
343650981,272.5372865,-75.54947232,0.45042601,,17.3936,16.3426
343651261,272.3980736,-75.1818684,0.246894,,17.7899,16.779301
343651793,272.6026014,-74.55916228,0.45206001,,16.969,16.0285
343651830,272.3666893,-74.51029486,0.431759,,16.8953,16.056299
343718673,272.818578,-74.14211966,0.210482,,18.079599,17.132799
343719218,273.0799027,-74.70979808,0.37283301,,17.6614,16.768101
343719352,273.0518515,-74.84058777,0.322537,,17.3018,16.369499
343719605,273.0693755,-75.12043353,0.215644,,18.4853,17.51
343720008,272.9080896,-75.56555148,0.24531201,,17.5436,16.513399
343650868,272.2719443,-75.71979245,0.22480901,,18.759199,17.709
343650847,272.6877702,-75.7506753,0.48748401,,17.9004,16.847799
343651875,272.3359645,-74.45808954,0.100342,,18.184601,17.3606
343652255,272.2846681,-74.05248703,0.0736444,,18.178101,17.240499
343720009,272.9404049,-75.56587873,0.056656301,,17.8221,17.078899
343718827,272.7321606,-74.29946429,0.234808,,17.7626,16.800301
343718884,272.9000024,-74.36826381,0.151494,,18.2456,17.2883
343719411,272.7131355,-74.90601688,0.097280897,,18.2344,17.2735
343646642,272.281588,-74.50944933,0.27567899,,17.9832,17.1311
343646819,272.1965997,-74.70186663,0.240622,,17.3706,16.6329
343650912,272.3616061,-75.65502791,0.339461,,18.387899,17.326099
1688342561,272.9384371,-75.24902124,0.291825,,18.6436,17.674
1688342647,273.3331257,-75.17017916,0.213222,,18.4228,17.421
1688347427,273.0812209,-75.16010744,-0.196033,,18.987801,18.093201
1688347832,273.1792064,-75.08514678,0.072838701,,18.4289,17.457199
1688347995,273.3687966,-75.14609512,0.16620401,,18.569901,17.5858
1688379663,273.1334541,-74.53933921,0.160336,,18.7955,17.8337
1688379669,273.1730967,-74.53915068,-0.15468401,,18.7358,17.8906
1688380092,273.1198256,-74.44218935,0.0029170699,,18.653799,17.7901
1688347828,273.1662946,-75.08225187,-0.099939004,,19.0462,18.0424
1688386327,273.1719466,-74.2806929,0.18033101,,18.867901,17.965099
1688342615,273.1348319,-75.21782426,-0.199011,,19.124001,18.1761
1688347829,273.1173597,-75.0866504,-0.13416301,,19.1409,18.188299
1688347419,273.2107608,-75.1656768,-0.25695801,,19.498899,18.499001
1688379991,273.0604686,-74.49125859,-0.19587199,,19.4081,18.454201
343651593,272.2661598,-74.78741308,0.42185599,,18.340401,17.3985
1688342474,272.9410009,-75.29120097,0.053574301,,19.788401,18.803499
1688340547,273.3114854,-75.49341565,0.21393301,,18.7386,17.9436
1688340928,273.2160118,-75.39553976,-0.073320001,,19.997,19.063101
1688340960,273.2779241,-75.37876814,-0.100208,,19.5112,18.5238
1688342492,273.0182091,-75.26591125,0.38144499,,19.787399,18.8529
1688342496,273.1207529,-75.28619354,0.28667301,,19.205799,18.297701
1688342614,273.073139,-75.22899232,-0.31586099,,20.044701,19.135799
1688342639,273.1968896,-75.18244207,-0.30609801,,20.0193,19.129601
1688342644,273.2572512,-75.19171619,0.31294599,,18.8969,17.986099
1688347503,273.0812981,-75.13316008,0.58103198,,19.509199,18.5189
1688347532,273.1067281,-75.10885671,0.13842499,,18.7006,17.8953
1688347850,273.1953704,-75.06976415,0.30982599,,18.695601,17.7381
1688347943,273.0858898,-75.03749038,0.465018,,19.2787,18.2747
1688349208,273.0924465,-74.98473457,0.32956299,,18.879601,17.904499
1688349210,273.1699437,-74.9860025,0.283822,,19.177601,18.2892
1688349227,273.2716733,-74.95397751,0.14683001,,19.1392,18.2362
1688349312,273.0484957,-74.95036169,0.13075501,,19.9496,19.024599
1688349691,273.2429396,-74.85256562,-0.063436702,,19.714399,18.7743
1688377722,273.0160234,-74.80484912,-1.28707,,20.0809,19.198601
1688378271,273.1370467,-74.6527572,0.049263202,,19.1695,18.2535
1688379538,273.1971705,-74.60562311,-0.57353699,,20.41,19.4778
1688379647,273.1958374,-74.5384186,0.102643,,20.519699,19.5543
1688379967,273.108258,-74.50563294,-0.176943,,19.566099,18.7082
1688379970,273.1568182,-74.5030647,-0.283519,,20.5231,19.576799
1688379989,273.157743,-74.48918573,0.42632699,,18.863199,17.927299
1688385324,273.0726846,-74.37220145,-0.101156,,18.843901,18.129499
1688385710,273.0390891,-74.30918752,0.39325601,,19.2418,18.424101
1688385714,273.1288874,-74.28832469,0.32745299,,20.405199,19.459801
1688387093,273.0268267,-74.21341324,0.399275,,19.500601,18.6427
1688387183,273.0823409,-74.18142423,0.37928101,,19.083799,18.1926
1688387661,273.0932495,-74.08874842,0.62915301,,19.716499,18.772301
1688387864,273.1591239,-74.1569403,-0.17088901,,20.170799,19.275499
1688387875,273.2234974,-74.12353257,-0.27164,,19.4235,18.6563
343652196,272.4072937,-74.11164285,3.4255199,,9.9746599,9.42735
407634291,82.35043341,-74.91052822,0.32661,,16.660299,15.7749
407634506,82.25024446,-74.68230534,0.395785,,14.4016,13.7296
407634751,82.29441614,-74.43575158,0.64146698,,16.1378,15.2972
1688320603,271.2841703,-75.90251631,-0.883735,,20.4086,19.363199
1688320625,271.2082293,-75.90925278,0.14791,,19.393,18.368401
1688337863,271.3661729,-75.77478684,0.193937,,19.4104,18.616199
1688338096,271.1758534,-75.75435799,0.019862,,19.931801,19.067101
1688338097,271.1886069,-75.75379907,0.31886601,,19.0495,18.105101
1688338112,271.3680399,-75.72429735,0.319911,,19.7892,18.865601
1688338114,271.397244,-75.72169295,-0.483805,,19.507799,18.6199
1688339378,271.4251489,-75.65044298,0.48344201,,19.0012,18.024
1688339398,271.3102709,-75.65378226,0.49677899,,19.242701,18.235201
1688339399,271.2933785,-75.65188251,0.31015301,,19.513599,18.535999
1688339792,271.1910397,-75.58086003,0.185992,,19.0849,18.2167
1688344911,271.2898978,-75.38904445,-0.18381201,,20.118999,19.1693
1688346310,271.3316362,-75.29982249,0.160354,,20.030701,19.063601
1688346391,271.187572,-75.28035956,0.48372701,,19.195801,18.275101
1688346733,271.2553238,-75.188696,-0.16439,,20.0744,19.244801
1688374661,271.2985331,-75.07937577,0.0182839,,19.595699,18.7288
1688374662,271.3318109,-75.0836652,0.106144,,19.5756,18.7271
1688375204,271.2371197,-74.94988159,0.054259099,,20.318001,19.449699
1688375209,271.4386505,-74.95753473,-0.37367499,,19.225,18.5035
1688376458,271.3082437,-74.93075074,0.103134,,19.478001,18.6724
1688376544,271.4946168,-74.86743257,0.079201497,,19.594299,18.6919
1688376577,271.2387859,-74.87863807,0.173775,,19.1569,18.310801
1688376909,271.2929322,-74.84064737,0.066222399,,19.8971,18.993601
1688376940,271.3079253,-74.81539593,0.33642301,,19.618601,18.686001
1688376941,271.3172921,-74.80983902,0.180767,,19.715,18.8808
1688376995,271.4650522,-74.77694091,0.101198,,18.759899,17.9795
1688382069,271.3768155,-74.71992065,0.23335201,,19.6294,18.705099
1688382175,271.3599885,-74.68701411,-0.69219297,,20.453501,19.507799
1688382479,271.3009414,-74.65266435,0.36978301,,18.861,17.9823
1688382507,271.3328014,-74.61789113,0.59850198,,18.896099,17.9832
1688382508,271.2562321,-74.62637211,0.14092299,,19.9189,18.989799
1688382548,271.3652115,-74.60397903,0.083221599,,19.379,18.4762
1688382585,271.2911461,-74.60107228,0.18305101,,18.856199,17.9981
1688382587,271.211055,-74.61230223,0.0201733,,19.636299,18.870199
1688383966,271.2723104,-74.55905583,0.107179,,19.101101,18.2152
407635118,82.50568326,-74.0601212,-0.045442902,,17.9956,17.1413
1688377192,271.8977832,-74.72621512,-0.12830301,,18.9492,18.057199
1688382310,272.1331029,-74.58621206,0.11553,,19.114401,18.193501
1688382930,272.1165245,-74.42511257,-0.133913,,19.019501,18.178301
1688384856,272.0604562,-74.26705223,-0.101489,,18.7026,17.783199
1688403864,272.0352266,-74.19620084,0.29382101,,18.4342,17.562201
1688403876,272.0844175,-74.17191875,0.21751601,,18.6688,17.769699
1688377247,272.0361889,-74.67687793,-0.097793996,,19.126801,18.1957
1688384844,272.0514665,-74.28725688,-0.21042,,19.115,18.309601
343599751,271.7246629,-74.55709102,0.236103,,17.1709,16.2521
343599982,271.5525699,-74.28956658,0.21843401,,16.8176,15.9697
343600157,271.6920346,-74.10774592,0.121329,,17.0758,16.224001
343600231,271.7544,-74.02535715,0.351825,,16.1868,15.4327
343599686,271.7063484,-74.62585261,1.01141,,14.3016,13.4786
343600163,271.8820535,-74.09767874,0.91546297,,13.771,12.9744
1688377193,271.8957725,-74.72423219,-0.18660399,,19.7677,18.8591
1688377368,272.0830342,-74.62519031,0.49165699,,18.324301,17.455999
1688382769,272.0949629,-74.50521459,-0.27651501,,19.5145,18.7003
1688382926,272.0045807,-74.45026988,0.55171102,,19.2596,18.409
1688384755,271.9955028,-74.3222695,-0.50574499,,20.884899,19.968599
1688384849,272.0011526,-74.28334831,0.052791499,,19.6567,18.785
1688384854,272.0484697,-74.27064014,-0.89153099,,20.207399,19.4795
343599914,271.7907982,-74.37353231,0.431115,,18.0488,17.1357
343599055,271.6396768,-75.35404397,0.332643,,16.8867,15.9001
343599746,271.5714258,-74.56538429,0.254583,,17.748899,16.8344
343599839,271.866266,-74.46363548,0.15781,,18.3276,17.394501
343599841,271.7016011,-74.46222897,0.204346,,17.854,16.970699
343599870,271.602667,-74.43855645,0.327059,,18.3799,17.4709
343599893,271.7938508,-74.4093635,0.24467701,,18.049999,17.174601
343599895,271.5508264,-74.40858238,0.00547601,,18.0996,17.2209
343599961,271.7027141,-74.31961442,0.28395101,,18.2624,17.397699
343600018,271.8831379,-74.23822706,0.42027199,,17.804399,16.9002
343600247,271.7531315,-74.00893968,0.37494001,,17.436899,16.543501
343598879,271.7941879,-75.56587059,0.27992299,,17.432501,16.423901
343599056,271.7924999,-75.35378499,0.287303,,17.602501,16.6056
343599359,271.6092407,-74.98333357,0.45032001,,17.7586,16.8913
343599860,271.7462474,-74.44516084,0.017692,,18.034901,17.128799
343599867,271.8009592,-74.43994672,-0.019753,,17.965799,17.2096
343600186,271.736872,-74.07687147,0.39856401,,18.0639,17.136101
343600189,271.7398709,-74.07311977,0.324417,,18.2735,17.351601
343600201,271.6295646,-74.06217653,-0.070183299,,17.7523,17.080099
343599236,271.9153534,-75.13214079,0.348331,,17.2528,16.329399
1688320600,271.2354177,-75.90651797,0.235651,,18.9589,17.918699
1688344937,271.3757836,-75.36908855,0.12693299,,18.6593,17.6987
1688382177,271.4366584,-74.67816035,-0.140285,,18.4786,17.570801
1688320517,271.2586571,-75.94897028,0.112137,,19.052299,18.0842
1688337758,271.4139472,-75.81850181,0.0724096,,19.0767,18.113001
1688339884,271.2774545,-75.54612431,-0.150272,,19.110701,18.207001
1688339793,271.1595702,-75.5854229,-0.39909399,,19.5042,18.535999
343600017,271.6435415,-74.2394301,1.1073101,,12.8202,12.1021
343600219,271.6596751,-74.03968324,1.53485,,13.0463,12.1517
343598965,271.5771386,-75.45846549,1.47821,,11.3577,10.5646
343599235,271.9100657,-75.13308034,0.33967099,,16.689199,15.7091
343599005,271.7619456,-75.40698556,0.300868,,16.225599,15.3025
343600200,271.8865093,-74.06351677,0.307807,,16.937799,16.0494
343599962,271.8299447,-74.31797798,0.81032902,,15.144,14.2784
343600156,271.5794724,-74.10858197,0.56080699,,15.8461,14.9971
343599866,271.9031052,-74.44023422,0.78458601,,14.5767,13.6463
343599868,271.8137463,-74.43948234,0.44552499,,16.028099,15.1015
343600199,271.5519494,-74.06405232,0.57335198,,16.1838,15.2877
1688339752,272.121197,-75.46061227,-0.0752621,,19.202,18.1731
1688377213,272.1358392,-74.69187686,0.0368132,,18.9042,17.9736
1688379698,272.2650574,-74.66191011,0.094302297,,18.523701,17.583
1688382301,272.1422013,-74.59971814,0.326583,,18.495399,17.548
1688382424,272.1121884,-74.55096545,0.091302998,,18.147499,17.236401
1688387277,272.2441759,-74.27452694,-0.21593601,,18.7826,17.958599
1688384895,272.1843802,-74.57565529,0.25043499,,18.9347,17.9788
1688385028,272.1432528,-74.5310886,0.216864,,18.4354,17.5513
1688386823,272.3080298,-74.35063946,-0.062460601,,19.1784,18.2985
1688387365,272.1970908,-74.2446764,-0.031639699,,19.1208,18.2103
1688406834,272.1486133,-74.11192224,0.066426799,,18.3374,17.4743
1688406507,272.1833558,-74.1356549,0.249162,,18.2568,17.321301
1688339751,272.051996,-75.47416772,0.127509,,19.330299,18.2971
1688340074,272.046628,-75.43923767,0.027653201,,19.6595,18.7169
1688340066,272.1602926,-75.42897087,0.27414599,,19.986099,19.000601
1688344739,272.142102,-75.34098798,-0.0300203,,19.5145,18.595501
1688344888,272.1774804,-75.26375683,-0.107311,,19.562799,18.669901
1688345277,272.1186112,-75.21034142,0.21700101,,19.7299,18.773199
1688374899,272.0731908,-74.97373326,0.24176,,19.5156,18.5749
1688375039,272.0893661,-74.90891796,0.058436699,,19.8004,18.886299
1688376783,272.1446607,-74.7592919,-0.21564101,,19.5193,18.618099
1688377337,272.1028153,-74.64981122,0.32236701,,19.673901,18.755899
1688377340,272.0315988,-74.64848049,0.0152168,,19.884501,19.004299
1688377341,272.1438222,-74.63867202,-0.28890899,,19.851601,18.9258
1688377343,271.9416358,-74.65879626,0.41838601,,19.277,18.327999
1688379265,272.2892115,-74.72375132,-0.0176573,,19.420799,18.558901
1688379827,272.1889094,-74.59601562,0.146845,,19.803499,18.8694
1688382421,272.0376357,-74.57017471,0.051795501,,19.7901,18.9893
1688382422,272.0105936,-74.57086352,0.47409901,,18.613899,17.725901
1688382761,272.0876169,-74.51092094,0.267483,,20.445999,19.541901
1688384427,272.0491147,-74.34056859,0.15741,,18.953899,18.100901
1688385389,272.1985854,-74.46399238,0.056298301,,19.235701,18.386101
1688386903,272.312468,-74.33649935,-0.14411099,,19.5928,18.672701
1688387217,272.1345695,-74.32155114,-0.093658596,,20.33,19.4487
1688387235,272.2547769,-74.29103321,0.36660099,,20.073299,19.144199
1688406867,272.1342413,-74.10264068,0.33867401,,18.6488,17.8834
1688406869,272.1596363,-74.10180155,-0.0417783,,19.369301,18.553301
1688406875,272.1404589,-74.09378101,0.293603,,19.9154,19.0872
1688406885,272.2321933,-74.08112906,0.456157,,20.0697,19.182501
1688406952,272.1840447,-74.07620885,-0.074197397,,19.2829,18.485901
1688406954,272.1100586,-74.07600156,0.135285,,19.069201,18.183599
1688406986,272.1943375,-74.04905383,-0.081442498,,19.887501,19.112801
1688408230,272.131685,-74.01420905,-0.46573901,,19.7787,18.894199
292699566,271.1943586,-75.1791173,2.65433,,12.3013,11.4714
292700314,271.1988345,-74.47107527,3.6363499,,10.6511,9.9034796
292700691,271.2631887,-74.1315289,1.79555,,12.2999,11.4857
292699295,271.5352974,-75.45931291,1.68995,,12.3255,11.4681
292699886,271.2246151,-74.87697909,0.92877001,,13.6258,12.9259
292700273,271.289282,-74.50734759,3.6386299,,12.2767,11.4645
292699035,271.2617781,-75.72395225,0.090121403,,16.8113,16.320999
292700610,271.3317776,-74.20384615,0.83732098,,14.1772,13.3731
292698861,271.530579,-75.91296998,1.0427999,,14.0434,13.0738
292699116,271.5221988,-75.63580172,0.176015,,16.6336,15.7841
292699178,271.442082,-75.5676328,0.50126702,,16.340799,15.4279
292699816,271.3711503,-74.93249253,0.40725201,,16.1203,15.3358
292700161,271.2244518,-74.61124725,0.30699301,,16.091,15.204
292700464,271.2458287,-74.33425655,0.386904,,16.5728,15.6747
292700608,271.2838722,-74.20390333,0.171592,,16.153999,15.3151
292699014,271.1510395,-75.74930112,0.740152,,15.5911,14.5827
292699161,271.4843347,-75.59359977,0.78402799,,15.1376,14.1707
292700172,271.4748504,-74.60135679,0.805655,,15.465,14.597
292700238,271.2319012,-74.54332507,0.90490502,,14.6064,13.8155
292700274,271.4891348,-74.50705038,0.67661601,,15.7699,14.8777
292700289,271.2290323,-74.48897173,0.73692602,,15.4854,14.565
292700679,271.2113423,-74.14072135,0.605335,,15.5433,14.6289
292700755,271.2600599,-74.0582146,0.69259697,,15.0408,14.197
292700772,271.3698498,-74.04118838,0.60389102,,15.3165,14.4212
292700031,271.5272348,-74.74023826,1.85525,,13.0925,12.1736
292700544,271.4579752,-74.26445117,0.017655101,,17.7199,16.799299
292700278,271.2798596,-74.50275601,0.73109698,,15.5459,14.6886
292700526,271.1682984,-74.28368498,0.64236701,,14.8231,13.9924
292700774,271.3589943,-74.03976645,0.39193001,,16.399599,15.5387
292698984,271.4451561,-75.78220357,0.118482,,18.16,17.118
292699325,271.3706955,-75.43112525,0.077181399,,16.8368,16.182301
292699330,271.4614584,-75.42859414,0.55657202,,16.797199,15.8095
292700750,271.2763787,-74.06273322,0.17220201,,17.1343,16.213301
292699157,271.1838491,-75.60007452,0.29243901,,18.2992,17.354601
292699457,271.4317353,-75.28966252,0.40074801,,18.538401,17.554199
292699533,271.4778294,-75.20257442,0.216824,,18.198,17.2437
292699208,271.4986659,-75.54239144,0.31151199,,17.4967,16.523899
292699501,271.1733089,-75.2382576,0.30599499,,18.281,17.339199
292699574,271.1598885,-75.16967275,0.259287,,17.7111,16.821899
292700209,271.3023006,-74.56934692,0.307899,,17.037901,16.134501
292699500,271.4201872,-75.24050176,-0.056920402,,18.0767,17.1152
292699682,271.275293,-75.06844768,0.19269,,18.368401,17.445
292699926,271.4699274,-74.83415524,0.27591699,,18.2547,17.403099
292700396,271.3444664,-74.40266869,0.277643,,18.0863,17.174
292700524,271.3916541,-74.28788578,0.212404,,17.966801,17.0832
292699212,271.241874,-75.5363386,0.055655699,,17.751499,16.762899
292700318,271.1695441,-74.46688313,0.0070061898,,18.018999,17.1122
292700522,271.2164555,-74.28848668,0.187126,,18.150299,17.265699
292699177,271.3406783,-75.56956636,0.089396097,,18.253201,17.384899
292699887,271.3160956,-74.87510225,0.016768301,,18.5124,17.578501
1688405654,271.7381437,-74.06759155,-0.070608497,,18.6667,17.7743
1688405652,271.749367,-74.07954077,0.18311,,18.9123,18.0187
1688405747,271.6911409,-74.05310567,0.115074,,18.760099,17.899799
292700168,271.209403,-74.60582878,0.461629,,18.2829,17.4844
1688404199,271.8668689,-74.17402416,0.45595399,,19.538401,18.7253
1688405628,271.7998055,-74.07884843,-0.339728,,19.979,19.0914
1688405629,271.8043098,-74.07471728,0.68376899,,19.204,18.3601
1688405635,271.5918663,-74.10367089,-0.311263,,20.146,19.3538
343599384,271.5560481,-74.96128233,0.222846,,17.105,16.1761
343599226,271.5588238,-75.14535062,0.36566001,,16.3284,15.5319
343599230,271.8349294,-75.13757792,0.92409199,,15.031,14.1188
343599365,271.6991955,-74.97534158,0.43778601,,15.7427,14.9504
343599266,271.6454895,-75.09999818,0.52706403,,16.3615,15.4009
343599284,271.8977936,-75.07625141,0.16566999,,17.2761,16.7885
1688384488,271.3726684,-74.43674595,0.151641,,18.812099,17.931999
1688384524,271.3303694,-74.41828487,0.057778399,,17.919901,17.053801
1688403485,271.3185398,-74.35010279,-0.242273,,19.009501,18.1807
1688405552,271.3219822,-74.12381091,0.0298819,,18.7386,17.9615
1688406047,271.3853676,-74.01220725,-0.057448599,,19.161699,18.2766
1688406049,271.4049539,-74.01810294,-0.073084801,,18.5189,17.6952
1688384089,271.2878704,-74.49650294,0.231042,,19.9347,19.1474
1688384118,271.2526258,-74.48824409,0.33450899,,19.258699,18.3515
1688384609,271.4379586,-74.38085063,-0.34827,,19.5875,18.728901
1688403643,271.4592859,-74.27057111,0.238418,,18.9195,18.0837
1688403992,271.3917043,-74.22346251,-0.349004,,20.353399,19.4543
1688404120,271.45751,-74.18436374,-0.0080910502,,19.7621,19.0534
1688405581,271.3993882,-74.09329495,-0.00656188,,19.563,18.642599
1688347676,272.4788771,-75.15948177,-0.46904299,,19.6644,18.6441
1688319267,272.1252436,-75.97611287,0.230841,,19.4091,18.334499
1688319270,272.0913357,-75.98880127,0.375853,,19.8566,18.785999
1688320393,272.0815533,-75.90054977,0.41053501,,20.044201,18.994101
1688320866,272.2239781,-75.74501611,0.049778599,,19.4683,18.408199
1688320873,272.2641324,-75.71752872,0.474594,,19.155899,18.094601
1688339629,272.1117589,-75.53616083,0.25265801,,19.658001,18.7276
1688340050,272.082341,-75.44289643,0.53457898,,19.2411,18.365299
1688340183,272.0769237,-75.39973073,-0.10968,,20.0294,19.0287
1688340187,272.2559999,-75.37951388,-0.216052,,19.962799,18.993999
1688344846,272.1165068,-75.30632041,-0.13098,,19.628799,18.635401
1688346957,271.8700442,-75.08401194,-0.42140901,,20.1332,19.171301
1688346987,271.9995265,-75.07027841,-0.143728,,18.633801,18.1509
1688374918,272.0449942,-74.96604773,0.102183,,19.269899,18.348499
1688375000,271.9288016,-74.95403783,0.135013,,19.356501,18.531799
1688375025,271.9202513,-74.94100858,0.496088,,18.869301,17.9468
1688375466,271.9229143,-74.84476917,0.22306301,,19.2859,18.400801
1688320387,272.2478099,-75.88981302,0.057674099,,19.772699,18.778601
1688320406,272.2994757,-75.87416269,-0.73460799,,20.2101,19.1728
1688320473,272.2282815,-75.85684108,0.188641,,19.2197,18.208799
1688320757,272.1173325,-75.80116434,0.72928298,,17.628401,16.568001
1688320771,272.2453455,-75.78321369,-0.035176098,,19.6917,18.682301
1688320851,272.2885392,-75.74461604,0.23904601,,19.0455,18.193199
1688338061,272.2522199,-75.63478134,0.036511499,,19.8382,18.8025
1688338437,272.2806131,-75.55872985,-0.082094602,,19.444,18.414301
1688339735,272.142843,-75.49360924,0.17354301,,19.8255,18.8887
1688339741,272.1939927,-75.47323774,0.337062,,20.110201,19.180201
1688344736,272.2215445,-75.33465424,0.022148199,,19.928499,18.936399
1688344763,272.174173,-75.32576221,0.161213,,19.5002,18.475
1688344878,272.1730861,-75.28245654,-0.36997801,,18.774,18.2136
1688349071,272.4419922,-75.06904622,0.227284,,18.952801,18.182501
1688349367,272.4401324,-75.01464197,0.522165,,19.1982,18.1989
1688377422,272.3836021,-74.90512487,-0.182469,,19.545,18.747499
1688377424,272.3636701,-74.91255751,0.223517,,19.464199,18.502001
1688377414,272.2223549,-74.92503264,0.124719,,19.382799,18.489
1688378005,272.2727534,-74.77410633,0.0255049,,19.280899,18.359301
1688378006,272.2647367,-74.77193024,0.306398,,19.32,18.435699
1688377901,272.3469121,-74.82393045,0.27625901,,19.3866,18.4109
1688379365,272.1748851,-74.71113574,0.107587,,19.1464,18.32
1688379366,272.1986439,-74.70432319,0.47794199,,19.3321,18.378599
1688379374,272.2734212,-74.68230387,0.55508298,,19.677099,18.7495
1688379349,272.1719561,-74.72287006,-0.383697,,19.918301,19.055799
1688379360,272.35128,-74.68968029,-0.141873,,19.744801,18.815701
1688379717,272.2138475,-74.6403249,0.0055560102,,20.513901,19.5861
1688384894,272.185413,-74.58127719,0.079221003,,19.4508,18.511101
1688384919,272.1403618,-74.5612558,0.058697201,,19.099501,18.245501
1688384921,272.2431846,-74.54671678,0.30508801,,19.063,18.1591
1688385035,272.1509058,-74.51133218,0.30906501,,19.0369,18.101299
1688385487,272.1618577,-74.44930576,0.071308501,,20.5408,19.635799
1688385492,272.2294886,-74.43656675,0.072928697,,19.215599,18.3025
1688385486,272.143489,-74.46151619,0.29916999,,19.1467,18.243799
1688385495,272.134391,-74.44419027,0.48850599,,19.490601,18.566401
1688385496,272.134906,-74.44013901,0.0143834,,20.097099,19.2761
1688385530,272.2847305,-74.40332247,-0.108813,,20.759501,19.8318
1688386929,272.2379239,-74.3182899,-1.00168,,20.4168,19.666599
1688387266,272.1274123,-74.28340562,0.40649799,,19.9967,19.0746
1688406376,272.1686081,-74.22029122,0.123649,,20.4667,19.5355
1688406400,272.2448072,-74.18606139,-0.19441301,,19.9224,19.0238
1688406475,272.1080786,-74.17018304,0.026336299,,19.313299,18.4177
1688406828,272.1703909,-74.11554199,0.0072205402,,19.132799,18.2736
1688406529,272.2714159,-74.1098652,0.074206397,,19.371099,18.4981
1688406535,272.4313742,-74.12484349,0.399113,,19.6434,18.8515
1688406959,272.2042523,-74.07101776,0.117719,,20.1238,19.2159
1688408192,272.1117028,-74.0321794,0.34804001,,18.722799,17.8713
1688320397,272.1731347,-75.89462344,0.049031999,,18.371,17.438601
1688320872,272.2611671,-75.7212811,-0.536838,,19.2423,18.2246
1688339628,272.1173862,-75.52958898,-0.054682001,,18.7798,17.8277
1688340184,272.0860318,-75.39640368,0.12781499,,18.3913,17.4685
1688344709,271.9506621,-75.34726533,-0.28064799,,18.9058,17.955601
1688346679,271.9959074,-75.10540226,0.320914,,18.3258,17.334299
1688347095,271.9487615,-75.01832088,0.26176399,,18.0905,17.2384
1688320477,272.2633463,-75.85692212,0.020738101,,18.6273,17.583
1688320759,272.1367307,-75.79748643,-0.059744898,,19.187099,18.1884
1688344853,272.1535053,-75.28951083,-0.0030474099,,18.8934,17.937099
1688344879,272.2262372,-75.26655305,0.18489601,,18.9382,17.9333
1688346594,272.1671549,-75.13729542,0.225229,,19.007099,18.005899
1688347695,272.3342649,-75.14926183,-0.25621599,,19.285,18.3507
1688349372,272.4400048,-75.0224613,0.37087199,,18.247499,17.263399
1688377861,272.2295473,-74.86606967,-0.026912,,18.7598,17.8892
1688378007,272.3595701,-74.76700517,0.163059,,19.0564,18.1182
1688379233,272.1664333,-74.76802083,0.138732,,18.864401,17.9209
1688379685,272.2396283,-74.67329258,0.30135399,,18.545601,17.5732
1688384923,272.292929,-74.55207698,-0.117157,,18.6647,17.7335
1688384924,272.3035454,-74.54362066,-0.0037845699,,18.796801,17.9484
1688384935,272.4473258,-74.54680262,0.24536499,,18.341499,17.4897
1688385372,272.2602508,-74.48754639,-0.061062802,,18.8643,18.086201
1688385502,272.2662889,-74.43254768,-0.32363799,,19.174601,18.3088
1688387281,272.3522615,-74.25511515,0.112838,,18.995001,18.070299
1688406379,272.2102843,-74.2043287,-0.095752202,,18.842199,17.937799
343598836,271.6256518,-75.63328533,0.317545,,17.564501,16.5305
343599187,271.6923776,-75.19780469,0.31058899,,17.2395,16.271099
343647568,272.0612246,-75.56299918,0.27063501,,16.871099,15.866
343598865,271.7156304,-75.58670405,0.89988703,,14.962,14.0875
343599088,271.5543682,-75.30480239,0.91539901,,14.9307,14.0056
343599174,271.8418007,-75.20914414,0.699045,,15.4569,14.5012
343599333,271.7719156,-75.02264067,0.59724498,,15.4474,14.5559
343599334,271.6776174,-75.0216033,1.26948,,14.1941,13.2588
343599379,271.61066,-74.96474668,0.38377199,,16.202299,15.3469
343599395,271.6509873,-74.94183653,0.129224,,16.1786,15.4768
343599635,271.6795461,-74.68191375,1.17873,,14.3924,13.4448
343599705,271.5902395,-74.6022556,1.22969,,14.0136,13.2134
343599874,271.5984903,-74.43066536,0.63350999,,15.1751,14.2535
343599915,271.5481683,-74.37350359,0.72557998,,14.8756,14.0421
343599917,271.6277773,-74.37115407,1.23448,,13.8032,12.9618
343599920,271.5766636,-74.36736072,0.458276,,15.6776,14.8713
343599923,271.8428057,-74.36393565,0.63108498,,15.4753,14.6263
343599980,271.5646133,-74.29335854,0.92092001,,13.9902,13.1996
343646216,272.0981344,-74.04973419,0.48545399,,16.0107,15.1741
343646290,271.9481972,-74.13140792,0.80953002,,15.2555,14.3969
343647293,272.2751898,-75.23839754,0.90745902,,13.932,12.9922
343647294,272.1417402,-75.23848052,0.758246,,15.6784,14.7525
343647213,271.9620267,-75.13516037,0.68469501,,16.3304,15.3446
343598659,271.7557593,-75.84977581,2.6619,,11.9058,11.0918
343600010,271.7562036,-74.25141575,2.05551,,12.2367,11.3614
343646219,272.2202607,-74.05605584,1.3068399,,11.8159,11.203
343598635,271.9095045,-75.89638317,0.70361,,13.8709,12.8923
343599397,271.8648898,-74.94089527,1.40625,,13.3656,12.5725
343599520,271.6875966,-74.81160352,1.28249,,13.5938,12.7114
343647603,272.2604849,-75.61915486,0.88416499,,13.714,12.7632
343647238,272.0580795,-75.16497007,2.42662,,13.1086,12.1568
343599573,271.7278346,-74.75228928,1.20617,,12.7467,11.9763
343599781,271.7139575,-74.52516188,0.259397,,16.802601,15.872
343646950,272.119218,-74.83165156,0.66808599,,16.078501,15.1119
343647342,271.9988852,-75.29217662,0.162545,,17.520901,16.5513
343598563,271.7019769,-75.99630567,0.49971801,,15.1961,14.1627
343598613,271.7602977,-75.92947913,0.34757,,16.896601,15.8277
343598785,271.6979256,-75.69246583,0.53423798,,16.3253,15.2816
343599518,271.6916844,-74.81302081,0.85350299,,15.7638,14.833
343599574,271.589229,-74.75211799,0.61173803,,15.1913,14.3469
343599606,271.7084823,-74.71852669,0.46988699,,15.6808,14.9071
343599656,271.796236,-74.65515443,0.39157,,16.9624,16.066299
343599706,271.8093615,-74.60197319,0.381989,,16.505199,15.5545
343599815,271.8891919,-74.48895735,0.80864203,,15.8298,14.9012
343600064,271.6544592,-74.20104547,0.30031499,,16.732901,15.8082
343600118,271.7105683,-74.15163965,0.35130301,,15.5785,14.7782
343646357,272.237839,-74.22278293,0.49749801,,14.9552,14.0894
343647495,272.1115082,-75.45103842,0.58370697,,16.4529,15.447
343598915,271.7442909,-75.51930004,0.43054399,,17.1171,16.107201
343599275,271.8519974,-75.09024504,0.16903,,17.496201,16.5254
343599298,271.8168919,-75.06149999,0.38762301,,17.303801,16.3333
343599301,271.5655445,-75.06022465,0.42106101,,17.997801,17.040199
343599378,271.7000331,-74.96503424,0.37416399,,17.798901,16.903601
343599810,271.5517319,-74.49585699,0.170118,,17.293501,16.428301
343599811,271.8541063,-74.49564592,0.231234,,18.2449,17.3057
343599877,271.6037937,-74.42764358,0.46748501,,17.054701,16.147699
343599878,271.570012,-74.42760596,0.46348399,,17.5408,16.6141
343600005,271.7694263,-74.26265943,0.1965,,17.009199,16.154499
343600023,271.6954579,-74.23262594,0.20042001,,17.1535,16.2761
343600035,271.7915984,-74.21903198,0.324543,,17.204399,16.3204
343600038,271.9346977,-74.21713049,0.206415,,18.315399,17.4102
343600042,271.7444021,-74.21563408,0.172929,,17.3274,16.457399
343646833,272.0324574,-74.71331384,0.112639,,18.0721,17.118999
343646426,271.945049,-74.29158754,0.204487,,17.8316,16.9223
343646476,271.9713113,-74.34497513,0.208185,,17.3673,16.438801
343646581,272.0394893,-74.46076664,0.41034999,,17.548,16.627899
343646729,272.2245067,-74.59821068,0.34807199,,17.8134,16.935699
343646694,272.2640141,-74.5590981,0.38046801,,17.0639,16.1444
343647295,271.9597393,-75.2394246,0.490051,,17.4016,16.3965
343646953,272.1807341,-74.83570871,0.32441899,,17.553101,16.598101
343647765,272.3591215,-75.83697433,-0.069902197,,17.9172,17.235701
343647844,272.1952665,-75.9353098,0.270531,,16.7959,15.7369
343598838,271.6171534,-75.63192978,-0.047320999,,17.777,16.8283
343646178,272.2177103,-74.01128639,-0.101146,,18.3888,17.484301
343599794,271.879267,-74.51272658,0.248853,,18.4468,17.5709
343647129,271.9985696,-75.02262931,0.092681304,,17.6222,16.8475
343647241,272.2061688,-75.16836999,0.61197299,,18.721001,17.7255
343600243,271.6647765,-74.01955178,0.931826,,13.5496,12.7504
1688381927,270.8225428,-74.69272677,0.25844201,,18.572001,17.7094
1688402766,270.7185271,-74.4268616,-0.180811,,18.907101,18.087099
1688410446,270.8469258,-74.07858921,-0.091411397,,18.788,17.8654
1688383377,270.7554199,-74.58228387,-0.61990303,,19.411301,18.513201
1688376364,270.8022811,-74.85872684,0.223786,,19.638399,18.720699
1688381475,270.8691654,-74.77238506,-0.0099305604,,19.2521,18.386299
1688381782,270.5470543,-74.75944009,0.365446,,19.725901,18.903299
1688381870,270.631271,-74.72593353,0.061522301,,19.246,18.3538
1688381871,270.6288641,-74.72331661,0.61480302,,20.143499,19.2257
1688381915,270.6995562,-74.68441173,0.31000701,,19.909401,19.059799
1688381917,270.7820064,-74.66876636,-0.91319698,,20.205299,19.308599
1688383224,270.7110121,-74.65392284,0.199532,,18.8974,18.0769
1688383353,270.773291,-74.58787474,-1.1408499,,20.5329,19.7006
1688383373,270.6958476,-74.59095878,0.31285,,19.2889,18.4268
1688402688,270.7391352,-74.43021844,0.0270912,,19.9778,19.2164
1688402696,270.9172646,-74.43674743,0.32472,,18.3661,17.554899
1688402762,270.6448687,-74.43339708,0.023810299,,19.251301,18.3314
1688402764,270.7118068,-74.43308768,0.00086894998,,19.393801,18.5569
1688402765,270.6920197,-74.42799495,-0.48614401,,20.410601,19.5266
1688403208,270.6683604,-74.3662852,0.239151,,18.9925,18.166901
1688403217,270.7172314,-74.34173098,0.0473991,,19.5086,18.6714
1688404648,270.7363123,-74.27397112,0.066711798,,19.8888,19.1007
1688404652,270.7459451,-74.27344126,0.45929,,18.658199,17.7339
1688404766,270.673535,-74.25033375,-0.994394,,20.643101,19.8263
1688404771,270.7343017,-74.24052244,0.324099,,19.5476,18.630199
1688404792,270.5728624,-74.23445257,0.598885,,19.5382,18.679001
1688404795,270.6406554,-74.22419876,-0.51960599,,20.238001,19.3463
1688405190,270.8296746,-74.16406648,0.105038,,19.718399,18.8367
1688405197,270.9388278,-74.15167888,-0.34556401,,19.609699,18.871
1688410405,270.7252552,-74.09088206,-0.0422321,,19.5156,18.6057
1688410931,270.6733512,-74.00477391,-0.205249,,19.591499,18.6709
1688376796,271.7351201,-74.80823007,-0.18285599,,19.01,18.1649
1688377265,271.7589839,-74.70852493,-0.237316,,19.307501,18.3729
1688377289,271.7024602,-74.68868689,0.055313099,,19.087099,18.1952
1688377295,271.7993423,-74.67889428,0.225871,,18.594999,17.6838
1688382265,271.6156798,-74.65719875,0.099655397,,18.6304,17.7337
1688382377,271.7399938,-74.59487884,0.258342,,18.4723,17.518101
1688382382,271.6964417,-74.60831298,0.290196,,17.941999,16.999599
1688384666,271.7727845,-74.38099895,-0.0414836,,19.0459,18.2327
1688403670,271.6979824,-74.28773151,0.17824601,,18.7925,17.882
1688403689,271.7784091,-74.27281555,0.37541401,,18.2848,17.378599
1688403825,271.6582479,-74.22748117,0.044694401,,18.9953,18.072399
1688376694,271.6865218,-74.84682485,0.49303401,,19.8305,18.9662
1688376846,271.883849,-74.74341292,0.085689701,,19.883499,18.9515
1688377145,271.68608,-74.76181409,0.117538,,19.1759,18.2666
1688377166,271.6296041,-74.7519941,0.275397,,19.5993,18.7467
1688377269,271.8397722,-74.6952513,-0.033990499,,19.5271,18.662201
1688377271,271.8742136,-74.68670599,-0.053267598,,19.304399,18.5207
1688382286,271.9816483,-74.62792271,-0.0114067,,19.3501,18.460199
1688382287,271.9805623,-74.62977263,0.10004,,19.6656,18.789101
1688382400,271.7829281,-74.57327867,0.361422,,20.512199,19.5949
1688382725,271.6057182,-74.5661719,0.128232,,20.409599,19.5243
1688382822,271.6019663,-74.54139435,-0.0167889,,20.2537,19.4354
1688384209,271.8223691,-74.45539268,0.47821999,,19.014601,18.0828
1688384213,271.8307974,-74.452506,0.22861899,,20.3454,19.4151
1688384684,271.6448806,-74.38263398,-0.37667599,,19.8036,18.8813
1688384790,271.7856481,-74.31476324,0.048919,,19.7637,18.8708
1688403668,271.7054884,-74.28945521,-0.257346,,20.1859,19.2684
1688403703,271.5986651,-74.28782307,-0.152539,,19.244499,18.5548
1688403828,271.7649039,-74.21250453,0.25031,,18.9046,18.0313
1688404072,271.3864625,-74.21716655,0.213153,,18.288,17.454599
1688405435,271.381238,-74.15332697,0.200287,,18.6068,17.7064
1688405949,271.3231735,-74.05390216,-0.114957,,18.261499,17.3536
1688406038,271.3616165,-74.02769825,0.018624499,,18.762899,18.007999
1688403984,271.4287505,-74.2265663,0.33176199,,18.9212,18.0054
1688403991,271.3889934,-74.22250379,0.44007701,,19.694401,18.838699
1688404067,271.3677143,-74.21534253,0.15197299,,19.631599,18.8125
1688404131,271.5215686,-74.15895386,-0.137959,,20.448799,19.5471
1688405420,271.396399,-74.16583022,0.352126,,19.3057,18.439899
1688405422,271.3959563,-74.16237971,0.227405,,20.5895,19.661501
1688405425,271.3098913,-74.17340009,-0.140099,,20.2283,19.4207
1688405426,271.338,-74.16970863,0.261233,,19.5728,18.7691
1688405437,271.3870408,-74.15328825,-0.257716,,20.0014,19.2903
1688405450,271.4465129,-74.14618768,0.099207699,,19.8412,19.0327
1688405454,271.5572609,-74.12564419,0.56353402,,19.813299,18.930799
1688405476,271.5318834,-74.11133808,0.27625501,,20.1479,19.258101
1688405913,271.3239738,-74.07502478,-0.10785,,20.057199,19.3085
1688405971,271.436418,-74.03317874,0.061152201,,19.207701,18.4067
1688406042,271.4011298,-74.02357886,-0.53864098,,20.461,19.6509
1688406073,271.348679,-74.01316288,-0.049853802,,19.492901,18.634399
1688406071,271.3450931,-74.01481891,-0.71580601,,20.1626,19.267401
1688406064,271.4433672,-74.00887102,-0.080105402,,19.147499,18.385201
1688406108,271.5907322,-74.03745473,0.30182901,,19.1602,18.270201
343599311,271.5496461,-75.04610438,0.52585,,15.0282,14.2252
343599557,271.6215465,-74.77385236,0.64827198,,16.2714,15.4015
343599932,271.8917525,-74.35507002,0.80654502,,15.6995,14.7762
343600145,271.8312043,-74.12140339,0.365594,,15.6753,14.9214
343600211,271.7375371,-74.0469254,0.45210701,,15.6128,14.748
343599720,271.8355029,-74.58873655,0.100527,,15.4512,14.5898
343599771,271.7009649,-74.53541924,0.90355998,,15.2804,14.361
343599769,271.5710264,-74.54118352,1.59761,,13.8353,12.9971
343600088,271.7669871,-74.17844957,0.770818,,14.9267,14.1257
343599822,271.739974,-74.48478373,0.355838,,17.188601,16.263599
343599646,271.5671026,-74.66251413,0.69234002,,15.623,14.6986
343600149,271.8156804,-74.11407265,0.26879799,,16.393299,15.468
343599078,271.8709948,-75.32342803,0.176072,,18.001499,17.046801
343599132,271.7620611,-75.2558854,0.38873699,,18.1982,17.242901
343599314,271.6761987,-75.04346214,0.212836,,17.2596,16.402599
343599942,271.6513149,-74.34285959,0.15270001,,17.7148,16.848101
343599943,271.5835369,-74.34175166,0.36304501,,17.132799,16.233999
343599930,271.5628722,-74.35832841,0.30443799,,17.9533,17.033199
343599935,271.6159229,-74.35009967,0.168731,,17.462799,16.5902
343600144,271.5502547,-74.1219802,0.33445799,,17.311199,16.411301
343600153,271.7570912,-74.11234362,0.33545199,,18.179701,17.363001
292699901,271.4676961,-74.86273475,1.3697,,13.3317,12.513
292699837,271.4686045,-74.91720781,0.49461001,,16.3515,15.4281
292700045,271.5316902,-74.72000736,0.44886199,,16.761801,15.8286
292699620,271.4219035,-75.13191739,1.22054,,14.4217,13.4989
292699622,271.4975649,-75.12639416,0.54047799,,15.83,14.9554
292699612,271.3270771,-75.14322604,0.63694298,,15.3338,14.4011
292699979,271.299134,-74.78756586,1.27433,,13.9668,13.0816
292699775,271.5010793,-74.97875969,0.43319499,,16.6712,15.7354
292699906,271.2287333,-74.85532379,0.94530803,,15.344,14.4608
292700043,271.4076959,-74.72134148,0.89937401,,15.2451,14.3706
292700048,271.5061069,-74.71839354,0.67260599,,15.2109,14.3258
292700326,271.1551693,-74.46180389,0.65923202,,15.2535,14.4001
292700331,271.4656368,-74.4560778,0.73613,,15.0758,14.1963
292700404,271.2156143,-74.39766798,0.67802298,,15.2457,14.3877
292700528,271.1794083,-74.28229247,0.71665603,,14.3466,13.6342
292700758,271.4010764,-74.05645027,0.36664101,,16.714399,15.8092
292699610,271.1930816,-75.14631357,0.49079099,,17.904301,16.975201
292699953,271.3213917,-74.81264688,0.187833,,17.432301,16.503201
292700144,271.3208947,-74.62477021,0.23298299,,17.464399,16.575399
292700328,271.3926764,-74.46109296,0.39222401,,17.6549,16.7409
292700405,271.4625093,-74.397378,0.26682299,,16.947901,16.058901
292700232,271.2881406,-74.54531669,0.140306,,17.7554,16.8426
292700475,271.4850555,-74.32759832,0.23794401,,18.1584,17.274799
292700627,271.1909892,-74.17812789,0.30984601,,17.6737,16.777
292699468,271.1897894,-75.28002141,0.57200903,,18.0455,17.158899
343486928,269.3353952,-75.62109343,0.824835,,13.2825,12.5456
343487833,269.1952219,-74.58990704,1.88754,,13.2263,12.4327
343575851,269.5895919,-75.64560916,1.0705,,12.917,12.211
292629303,270.982495,-74.54321306,1.78901,,12.7205,11.8804
292631791,270.8767446,-75.68854858,1.15714,,12.8992,12.1926
343488178,269.1945226,-74.24600312,0.369385,,16.8419,15.9675
343488047,269.4691645,-74.37323292,0.753317,,16.4867,15.5905
343575890,269.8737848,-75.69039945,0.46752599,,16.289499,15.3395
343580026,270.2929343,-74.80847033,0.392755,,16.6602,15.7702
292628604,270.7721231,-74.22632723,0.22740801,,15.9019,15.1778
292631307,270.8029761,-75.44210655,0.240633,,15.4524,14.988
343486927,269.2769318,-75.6227277,1.08135,,14.7813,13.9041
343574536,269.6747076,-74.20419963,0.62618399,,15.2923,14.498
343574848,269.7615475,-74.51800947,1.2007999,,13.7731,12.9871
343575498,269.8289374,-75.23600658,0.49836901,,15.9086,15.0328
343575900,269.9010769,-75.69771527,1.23226,,14.521,13.6157
343579293,270.1912396,-75.62492293,0.72731102,,15.8389,14.88
343580023,270.0482876,-74.81281917,0.52418602,,15.6528,14.7469
292628891,270.8146345,-74.34955816,0.939484,,14.8571,14.0191
292629773,270.9755949,-74.74460865,0.79881698,,14.8741,13.9635
292631808,270.7844859,-75.69446287,0.556391,,15.1028,14.229
343579156,270.0061758,-75.80803619,0.553886,,16.4988,15.5172
292630455,270.8533193,-75.03055322,0.73077601,,15.4403,14.5948
292630486,270.8379723,-75.04428384,0.46282601,,16.6777,15.7413
343488176,269.4765205,-74.24624635,0.34804901,,17.229799,16.333
343579159,270.3038182,-75.80411848,0.095856197,,18.5977,17.7082
343580027,270.3440107,-74.80816541,0.23588599,,17.145,16.249201
292628251,271.0325108,-74.08197842,0.49639899,,17.2624,16.3913
343574538,269.7349682,-74.20474329,0.105288,,17.8389,16.9785
343580737,270.2961717,-74.0839715,0.183259,,17.263399,16.380899
292628606,270.9893174,-74.22757175,0.29822999,,18.151199,17.240601
292630157,270.8110573,-74.91554238,0.232833,,17.766001,16.856701
292630188,270.8977848,-74.92562314,0.222137,,17.4769,16.7033
292630461,270.9483871,-75.03220311,0.13718399,,17.733299,16.882299
343488050,269.4193072,-74.37077543,0.29133299,,17.072599,16.164301
292631137,270.890893,-75.36562104,0.30474001,,18.129,17.248301
343487516,269.5376009,-74.91986132,0.40017599,,17.8416,16.922701
292629305,270.9819337,-74.54680255,0.129122,,17.9884,17.071899
292631141,271.0374669,-75.3693705,-0.025137801,,18.0597,17.1266
1508885243,269.564007,-75.31684308,0.166787,,18.3689,17.552299
1688345496,270.1978136,-75.42354402,0.21522,,18.083799,17.374701
1688345497,270.2355469,-75.41178499,0.19103999,,18.2696,17.3901
1688373669,270.0778557,-75.28806305,0.070054799,,18.612301,17.6852
1688381644,270.1260169,-74.80677695,0.058715701,,17.9182,17.0345
1688383100,270.2622773,-74.67666831,0.142272,,18.6625,17.8078
1688403918,271.1686413,-74.28672129,0.089926302,,18.8251,17.9403
1688405873,271.1008268,-74.0990166,-0.037981302,,18.160299,17.33
1688405981,271.1281415,-74.06883438,-0.049594101,,18.433701,17.5245
292631139,271.0414963,-75.36836782,0.63733202,,18.0557,17.0984
1508880449,269.4137412,-75.89907739,-0.44729,,19.8395,19.0301
1508885237,269.5735114,-75.33468889,-1.5655299,,20.583401,19.6835
1508975768,269.4972971,-74.45533404,-0.80913001,,19.787901,19.0466
1508977138,269.4459948,-74.29563629,0.35457501,,19.0343,18.3113
1508977142,269.4371468,-74.27729412,-0.097994603,,19.118099,18.339199
1508977481,269.4238361,-74.14144959,-0.35082299,,19.9902,19.1777
1688345470,270.2114303,-75.42949096,0.388513,,19.1612,18.2155
1688404887,270.2121183,-74.28853123,0.607669,,19.452999,18.639
1688404888,270.2228032,-74.28510558,0.28780401,,18.886,18.029499
1688410838,270.1794383,-74.02057244,0.30826899,,18.959999,18.0464
1688403550,271.1765082,-74.33756795,0.44335401,,19.152599,18.2367
1688403914,271.1393841,-74.30029266,0.075246997,,19.7542,18.8416
1688405482,271.1257354,-74.16771633,0.35648099,,19.881701,18.973801
1688405400,271.2122055,-74.17985008,0.17617901,,19.554899,18.6777
1688405401,271.2234389,-74.17610122,0.32784101,,19.005501,18.1364
1688405984,271.1184292,-74.05993892,0.35256401,,19.052099,18.224001
1688405989,271.2350185,-74.06046313,0.30691499,,19.228201,18.3174
1688405998,271.0686392,-74.06199104,-0.0045557301,,19.8895,18.996901
1688406020,271.2717461,-74.02705276,-0.236708,,19.3435,18.5065
1688344453,271.1446853,-75.51048748,-0.118433,,18.9387,18.0107
1688344542,271.146578,-75.46597495,0.21120401,,18.8358,17.878599
1688376582,271.118225,-74.89811273,0.0105895,,19.2099,18.277201
1688376907,271.2367723,-74.84582952,0.106837,,18.8421,17.9282
1688377043,271.1264451,-74.80372494,-0.110389,,19.2089,18.2946
1688382593,271.2922067,-74.59372809,0.108138,,18.9811,18.055901
1688384584,271.2136234,-74.41057602,0.27127501,,18.739799,17.8277
1688403565,271.253574,-74.31607082,0.28311899,,18.344999,17.5443
1688406032,271.2975029,-74.04306097,-0.0746198,,19.064501,18.192699
1688406035,271.3535805,-74.03216961,-0.144888,,18.919701,18.0898
1688320591,271.2990626,-75.90828534,0.36166501,,19.366501,18.330799
1688320631,271.1987444,-75.892168,-0.30522901,,19.613899,18.6693
1688320608,271.2717437,-75.90821143,-0.306584,,20.1649,19.2507
1688320610,271.3238137,-75.90804246,-0.98742902,,20.3501,19.429001
1688337725,271.4319714,-75.84097289,0.31278199,,19.454399,18.4053
1688338102,271.3004512,-75.74124154,-0.103513,,20.4921,19.533701
1688339472,271.2323755,-75.62874386,0.144263,,19.3099,18.417
1688339467,271.2006802,-75.6437769,-0.30301401,,19.529699,18.577999
1688339795,271.2374164,-75.57225071,0.127877,,19.911501,18.9755
1688344541,271.1616549,-75.47120157,0.40226999,,19.3857,18.434401
1688344565,271.2751539,-75.44144231,0.097759001,,19.2617,18.3393
1688344999,271.2386857,-75.3634343,-1.1746401,,20.8594,19.937799
1688345035,271.2724161,-75.33541602,-0.076684803,,20.3641,19.4683
1688346300,271.1737133,-75.32002978,0.085200302,,19.782499,18.868099
1688346303,271.2432201,-75.30269234,0.48172301,,19.205999,18.3256
1688346323,271.1346214,-75.30499653,0.50590903,,18.719801,17.817699
1688346417,271.3796371,-75.22908503,0.170954,,19.638201,18.693899
1688346423,271.2020091,-75.25120625,0.37206101,,18.780199,17.820999
1688374613,271.1857935,-75.12065062,-0.065330401,,19.663799,18.8342
1688374715,271.1191092,-75.10476131,0.239168,,18.782499,17.9349
1688375184,271.1031151,-74.98533015,-0.48855701,,19.9802,19.248899
1688376489,271.3652433,-74.8956574,0.228063,,19.242399,18.368
1688376898,271.2017472,-74.85620554,-0.19359,,19.035601,18.296801
1688376933,271.1964991,-74.82639875,-0.27501401,,19.878201,19.106001
1688376951,271.3367224,-74.79858771,0.23672,,18.780199,17.9762
1688382566,271.1081044,-74.63947855,0.406037,,20.0721,19.136101
1688382594,271.1056518,-74.60946073,-0.0193904,,19.8015,18.8957
1688382591,271.2200094,-74.60291915,-0.0252163,,19.4729,18.625799
1688382609,271.1983575,-74.58762459,0.55026197,,20.0366,19.1357
1688384106,271.1022397,-74.50555794,-0.0400915,,20.006201,19.0755
1688384456,271.1832057,-74.46189868,0.214136,,19.1395,18.306601
1688384449,271.2313689,-74.46837057,0.097557001,,19.2274,18.590099
1688384556,271.3004807,-74.4140661,0.28123301,,19.3104,18.448099
1688403563,271.2025071,-74.33276785,0.046702102,,19.9744,19.078501
1688404008,271.0918212,-74.2681169,-0.178929,,20.1551,19.3125
1688404031,271.2754351,-74.21971204,-0.1277,,19.5268,18.681801
1688405523,271.1272558,-74.13243556,0.388327,,19.9576,19.029699
1688405544,271.1993846,-74.12012235,0.189363,,19.275,18.3466
1688411155,271.105872,-74.01364608,-0.12746599,,19.9538,19.1059
1688411157,271.0824478,-74.00051725,-0.129107,,19.721001,18.918699
343574592,269.5758239,-74.25615358,1.32059,,13.6826,12.7868
343574916,269.6576018,-74.57875758,0.33065301,,17.134001,16.2789
343574587,269.6371242,-74.25222142,0.62566,,14.9916,14.1803
343574879,269.6654125,-74.54720252,0.44456199,,15.803,15.1571
343574996,269.6350041,-74.66687074,1.1782,,14.5834,13.7109
343575141,269.6190088,-74.8235588,0.68121898,,16.027201,15.1268
343575721,269.880689,-75.4931782,1.56651,,14.0081,13.1749
343574699,269.573628,-74.36230098,0.320535,,17.141701,16.246901
407633748,82.27406547,-75.58187808,0.31701601,,16.636,15.8057
343574546,269.5874254,-74.21290603,0.33246601,,17.0123,16.129101
343574705,269.6010183,-74.36453566,0.433687,,17.6245,16.728201
343575138,269.773969,-74.82223566,0.069141403,,17.4412,16.5278
343575537,269.9319664,-75.28180219,0.0337376,,17.7103,16.792601
1508881269,269.4769526,-75.65417055,0.33413199,,18.2272,17.2787
1508881276,269.5149885,-75.63941254,-0.53356302,,19.5296,18.632999
1508958376,269.5204081,-75.03458904,0.185047,,18.427,17.492399
1508976024,269.5897898,-74.38699472,0.123605,,18.382999,17.5268
292700706,271.3538366,-74.1203253,0.96594602,,14.4972,13.5994
292699055,271.5273778,-75.69956421,1.09307,,14.4989,13.5231
292699149,271.4443361,-75.60232491,1.07462,,14.6556,13.6927
292699332,271.2937084,-75.42656055,0.64219701,,14.2103,13.2667
292699505,271.4260192,-75.22967355,0.87153298,,14.3303,13.4677
292699650,271.2743477,-75.1020039,1.41966,,14.3982,13.5109
1508980302,269.4824138,-74.11178861,0.098645598,,18.5597,17.7108
1508880203,269.9561004,-75.91086855,0.0413399,,18.823299,17.900499
1508885136,269.9311932,-75.37251481,0.052553501,,18.291901,17.530701
1508975894,269.9098057,-74.42555155,0.092795998,,18.339899,17.5082
1508976676,269.9695348,-74.35067142,0.106,,18.919901,18.044201
1508884086,269.9267072,-75.55150052,0.35703,,18.351999,17.465599
1508884091,269.8770823,-75.54111238,0.25723901,,18.150801,17.3318
292700703,271.4031983,-74.12517804,0.17194401,,16.865999,16.108101
292698808,271.1783343,-75.96861485,0.571657,,16.241199,15.2355
292698905,271.3163664,-75.86522432,0.48358601,,15.4838,14.4443
292699020,271.3106691,-75.74298621,0.53969002,,16.1752,15.1589
292699163,271.2906482,-75.59149396,0.63448,,16.156601,15.1793
292699409,271.4530881,-75.34120615,0.69024801,,15.2908,14.4025
292699483,271.5080339,-75.25921394,0.63128299,,15.9316,14.9495
292699508,271.2745244,-75.22598023,0.651986,,15.3476,14.4398
292700102,271.243957,-74.66845865,0.35092399,,16.601299,15.7251
1508962022,269.9437584,-74.80876942,0.194538,,18.858801,17.983801
1508976900,269.8368185,-74.28923083,0.0149085,,18.253799,17.3598
1508981216,269.9020736,-74.03007035,0.19269399,,18.472401,17.573999
1688383651,270.2717075,-74.58060867,-0.49481499,,18.363001,17.555901
1508885302,269.4494261,-75.28038129,-0.234754,,19.469999,18.526899
1508957492,269.8653055,-75.14988448,0.096819602,,19.076599,18.1602
292699530,271.4357045,-75.20407935,,,10.7006,9.9265404
292700721,271.5210582,-74.10002795,1.5367,,11.9003,11.0172
292699047,271.3634786,-75.70424301,2.3425601,,11.1076,10.5025
292699240,271.44658,-75.5102907,1.20578,,13.3352,12.6025
292700719,271.4382819,-74.10253451,1.0796601,,13.667,12.7516
292699557,271.4663384,-75.18580217,0.96657801,,15.1044,14.1787
292700639,271.1682628,-74.16993561,0.49950701,,16.162901,15.2586
292699689,271.2067312,-75.06203491,0.41375601,,17.144899,16.268299
292698893,271.3098308,-75.87544936,0.0199889,,18.452999,17.409
292699961,271.48359,-74.80526225,0.36574301,,16.568399,15.6568
292699362,271.4955347,-75.40202741,0.48953199,,16.753,15.7988
292699510,271.2232962,-75.22582001,0.44376099,,16.5874,15.6755
292699857,271.2545756,-74.89973118,0.147331,,16.7658,15.8294
292700055,271.351465,-74.7102763,0.56254601,,15.7183,14.8947
292700192,271.4982241,-74.58647989,0.25611001,,17.0483,16.1115
292700365,271.3316048,-74.43061947,0.53196102,,16.556,15.6536
1508880279,269.5125933,-75.8855806,0.240225,,20.011999,19.163
1508880282,269.4647719,-75.89928707,0.18315101,,19.652901,18.7229
1508881214,269.5134595,-75.69276887,0.150253,,19.3344,18.372999
1508884185,269.561753,-75.52826667,0.073915496,,19.6565,18.6996
1508884192,269.4632194,-75.51666482,0.021869799,,19.6143,18.843901
292700708,271.3831221,-74.11876048,0.562675,,16.4604,15.5339
292700717,271.5352876,-74.10294189,0.261298,,16.997601,16.0847
1508962095,269.5957672,-74.79555222,0.083479904,,20.346399,19.5485
1508880143,269.8961003,-75.96633752,0.13251901,,19.191601,18.2057
1508883843,269.9306903,-75.63505764,0.096732304,,19.8519,18.930599
1508883846,269.8653063,-75.63999774,0.35215399,,18.597401,17.657801
1508884880,269.9675808,-75.45934836,0.371773,,19.357901,18.414
1508885113,269.8397643,-75.3966019,0.61503601,,18.7164,17.822201
1508957183,269.8605602,-75.27200761,0.34690201,,19.7115,18.870701
1508957186,269.7955873,-75.30351461,0.43464199,,18.7057,17.8074
1508957233,269.98745,-75.25799247,0.49592,,18.8311,17.8969
1508957490,269.9817958,-75.16136517,0.32621399,,18.627399,17.761101
1508957491,269.8935839,-75.1618793,-0.0910777,,18.6285,18.069799
1508958204,269.9016283,-75.10224573,0.062155198,,19.030399,18.212299
1508975896,269.9213958,-74.42330712,0.031789102,,19.8249,19.002001
1508884018,269.9646967,-75.59819949,0.042472899,,18.846901,18.057899
1508884837,269.8896607,-75.47565831,-0.083714701,,20.2542,19.3111
292698867,271.2359779,-75.90723092,-0.099959299,,18.556101,17.5233
292698891,271.2589099,-75.87776759,0.234372,,18.4683,17.466101
1508885088,269.8595304,-75.39508759,0.43935201,,19.8493,18.9634
1508957484,269.9677428,-75.1651966,0.355809,,18.9652,18.071501
292698902,271.3576084,-75.86802713,0.164057,,17.477301,16.5788
292699021,271.5120616,-75.74223508,0.36611801,,17.066299,16.039
1508958280,269.8693379,-75.05142786,-0.27672899,,20.3449,19.466499
292699091,271.419227,-75.67107423,0.16178299,,17.5345,16.665001
292699110,271.2209311,-75.64346041,0.204641,,17.7673,16.7906
1508961979,269.9653872,-74.85094226,0.52306801,,18.755301,17.841101
1508962027,269.8710738,-74.80667838,-1.54407,,20.2747,19.4991
1508962028,269.8727319,-74.80257705,0.499773,,19.791,18.9755
292699268,271.3894584,-75.48176222,-0.054365899,,17.8979,16.929199
292699368,271.5286689,-75.39726998,0.424059,,18.1409,17.1514
292699377,271.1857134,-75.37891103,0.384415,,17.5825,16.6049
1508980125,269.9449793,-74.18395529,0.056845501,,19.830799,18.9196
1688337486,270.3902463,-75.83986394,0.040965602,,20.072001,19.0896
1688338973,270.3179219,-75.72790414,0.0119219,,18.9702,18.1334
1688338977,270.4048527,-75.72040324,0.41207299,,19.558399,18.698099
292699525,271.3306599,-75.20648737,0.231452,,18.086201,17.1567
292699556,271.6023034,-75.18717628,-0.13387001,,18.580999,17.6234
292699560,271.1545746,-75.18400425,0.44567201,,17.279699,16.398399
1688343650,270.5417867,-75.57826153,0.382595,,18.862301,18.0245
292699652,271.4724527,-75.10017985,0.304672,,18.5676,17.665501
1688381733,270.3601466,-74.7274139,0.205917,,19.0909,18.190399
1688383145,270.3918373,-74.66158059,0.13609201,,19.560301,18.7017
1688383650,270.310177,-74.58213531,0.184383,,18.9617,18.1301
1688410884,270.269613,-74.00946945,-0.054703299,,20.0758,19.301399
292700108,271.1653467,-74.6641989,0.347987,,17.7784,16.967699
292700197,271.2845881,-74.58446286,0.168293,,17.9606,17.0802
292700261,271.2668778,-74.51892627,0.40733099,,17.541401,16.6311
292700269,271.2230174,-74.51040782,0.229121,,17.391399,16.5406
292700413,271.4885414,-74.38772002,0.30493701,,18.594,17.6833
292700541,271.513406,-74.26974107,0.26765999,,17.0196,16.1478
292700701,271.4601967,-74.12546232,0.261996,,17.405199,16.486401
292700742,271.4412146,-74.07010477,0.120192,,18.32,17.4361
292699527,271.3897904,-75.20548056,0.375727,,17.1422,16.1763
292699051,271.4880795,-75.70186725,0.36052501,,17.7675,16.754601
292700268,271.4683892,-74.5109288,0.236835,,18.065001,17.165001
292699108,271.5330085,-75.6436892,0.33056301,,17.221701,16.217899
292699112,271.5168414,-75.64098087,0.230947,,17.1049,16.132799
292699230,271.3436242,-75.52152846,0.166022,,17.837099,16.9133
292699524,271.2085529,-75.20694417,0.037628099,,18.337601,17.386299
292699920,271.4529078,-74.84206417,0.343824,,17.9228,17.0396
292700196,271.1526011,-74.58474164,0.344183,,17.7166,16.8218
292700552,271.5362542,-74.25885274,0.356417,,17.477301,16.6453
292699062,271.329093,-75.69346164,-0.120316,,18.135,17.129499
292700698,271.4091952,-74.12686058,0.225024,,17.9688,17.0567
292698908,271.4600689,-75.86059005,0.173315,,18.2652,17.2257
292699791,271.2937597,-74.96097398,0.102678,,18.174,17.249399
292700123,271.6016316,-74.64512232,0.20509,,18.4512,17.550501
1688320298,271.481002,-75.94495588,0.0283718,,18.503,17.559799
1688337800,271.5412994,-75.78757994,0.152389,,19.0746,18.045799
1688339511,271.5485122,-75.58935823,-0.071476802,,18.8617,17.855
1688339870,271.5721583,-75.51472589,-0.211822,,19.503799,18.553699
1688339932,271.4843739,-75.49989782,-0.19,,18.579599,17.623301
1688320286,271.7552903,-75.92537494,-0.68669099,,19.9547,18.9326
1688320673,271.6163967,-75.8388323,0.068523303,,19.471001,18.4622
1688337794,271.4906076,-75.80312399,0.132523,,20.1164,19.059401
1688337808,271.6660912,-75.77625022,-0.47231099,,19.7178,18.804199
1688337884,271.4780942,-75.76406556,0.116139,,19.5935,18.6931
1688337889,271.5538551,-75.75759874,0.59444702,,19.4981,18.472401
1688338223,271.4506474,-75.68509691,-0.44034699,,20.014799,19.063999
1688338266,271.6263549,-75.65025794,0.57948601,,19.154699,18.2911
1688339448,271.5528012,-75.60776656,0.201317,,19.400999,18.475401
1688339547,271.4603465,-75.57241885,0.36577901,,18.656601,17.700399
1688339829,271.4977507,-75.54350503,0.24352799,,18.9832,18.087999
1688339834,271.5959496,-75.53713492,0.24818701,,19.652901,18.669001
1688339871,271.5740172,-75.51809993,-0.49511001,,20.1287,19.246099
1688339875,271.6805609,-75.50027105,-1.01887,,20.135201,19.1402
1688339931,271.5269222,-75.50149534,0.18192901,,18.9286,18.103701
1688344603,271.4607715,-75.41240503,0.68403703,,19.761101,18.799299
1508880219,269.8843886,-75.89653849,-0.28375801,,19.5916,18.685101
1508880861,269.7453991,-75.85016637,-0.012893,,18.955601,18.1231
1508883807,269.8172004,-75.66751009,0.65147001,,19.4184,18.483101
1508884919,269.8213805,-75.43596201,-0.077339403,,19.801701,18.847401
1508957455,269.7964294,-75.17722606,-0.298664,,20.385201,19.6047
1508963053,269.7851506,-74.62434073,0.41433299,,19.876101,18.973101
1508963106,269.7448524,-74.6030438,0.36550999,,19.9778,19.125401
1508975833,269.8254535,-74.46767373,0.102288,,19.329,18.5438
1508975850,269.8601256,-74.4554685,-0.96946502,,19.551399,18.709299
1508980143,269.8235393,-74.1847534,-0.0032649301,,19.153099,18.303499
1508980144,269.8075487,-74.18444351,0.50546402,,19.1451,18.401699
1688338631,270.2421524,-75.78333714,-0.593463,,19.5744,18.8113
1688343566,270.1205115,-75.65182629,-0.91439402,,20.3428,19.4291
1688345973,270.0206549,-75.35887289,0.120762,,18.8985,18.236099
1688375518,270.0024784,-75.12632178,-0.67978197,,20.6196,19.773399
1688375973,270.0048616,-75.02702024,-0.26448101,,20.3353,19.4818
1688402445,270.1702686,-74.56641907,0.22965699,,20.174601,19.3304
1688402931,270.0617823,-74.47658541,0.53770202,,19.8323,18.933001
1688345872,270.1141303,-75.3856613,0.098171897,,20.4757,19.5977
1688381531,270.1256744,-74.84588348,0.285478,,20.062,19.268
1688382986,270.1528755,-74.73429788,0.016911,,19.876499,19.08
1688383108,270.0523446,-74.69854071,0.53578198,,18.7575,17.898001
1688383608,270.0318585,-74.61530351,0.063909203,,19.408701,18.537701
1688404505,270.1226755,-74.33993915,-0.48720601,,20.0786,19.205
1688405041,270.0487924,-74.24512138,-0.13462301,,19.865101,18.9683
1688410143,270.2369132,-74.17174892,0.094567299,,19.155701,18.297701
1688410672,270.0191348,-74.10013472,0.25754601,,18.9307,18.078699
1688375857,270.8175905,-74.94683116,0.422344,,19.091101,18.247299
1688375883,270.9497874,-74.93330548,0.14483,,19.3346,18.556101
1688375922,271.0123332,-74.91484346,0.551377,,19.9786,19.075199
1688376256,270.9213611,-74.89812984,0.118245,,19.006201,18.1056
1688376293,270.9114027,-74.87441063,0.35540301,,19.5063,18.737101
1688381361,270.9219307,-74.81171363,0.219465,,19.9438,19.087601
1688381365,270.8368459,-74.81774995,0.0644278,,19.876499,19.083
1688381485,270.8574672,-74.76825642,0.29374099,,19.860701,19.058001
1688381815,270.8645003,-74.71113058,0.27307901,,18.817801,17.916901
1688381936,270.9357834,-74.67269706,-0.35485399,,19.697901,18.767
1688402734,270.7973682,-74.42570257,0.28120199,,19.964199,19.0842
1688402724,270.8373209,-74.43139849,-0.48400301,,19.5788,18.8666
1688402729,270.8962827,-74.4151111,-0.28008699,,20.3589,19.476
1688402730,270.9185455,-74.40921782,-0.44048101,,19.629601,18.750401
1688402820,270.9111393,-74.38105785,0.328035,,19.8274,19.030899
1688402858,270.8017217,-74.37152491,0.192027,,19.4634,18.567801
1688345005,271.2511213,-75.35347918,0.271146,,18.922701,17.968
1688345674,270.955719,-75.32456903,-0.0135911,,19.480499,18.5835
1688345681,271.1104717,-75.31029646,0.276256,,19.593599,18.6472
1688346834,271.3811432,-75.12957102,-0.174907,,19.693399,18.812201
1688374606,271.1347506,-75.14615226,0.34347999,,18.9923,18.1094
1688375172,271.2194711,-74.98425158,-0.313086,,19.826401,18.9282
1688376571,271.2584257,-74.88861624,0.38779899,,19.454201,18.5718
1688376923,271.1788398,-74.83669899,0.181989,,19.651699,18.8605
1688377017,271.1255899,-74.80769679,0.32565001,,19.0814,18.1968
1688377029,271.2332051,-74.79937122,0.29094899,,19.926399,19.004801
1688377032,271.3142609,-74.78954468,0.138537,,19.826799,18.922701
1688382127,271.2432974,-74.7060946,0.021056199,,19.822201,18.882099
1688382471,271.0844001,-74.67534359,-0.44940299,,19.939301,19.0014
1688382474,271.267415,-74.65140483,-0.57887602,,20.031,19.157
1688382168,271.2537564,-74.68617415,-0.227265,,20.3634,19.503901
1688382615,271.2255424,-74.59137553,0.25540099,,18.8463,18.008301
1688384068,271.1377561,-74.53704607,0.431164,,18.564699,17.6632
1688384543,271.075545,-74.4460124,-0.30607399,,20.301399,19.4716
1688384435,271.1369295,-74.47993319,0.38119999,,18.7861,17.861601
1688384568,271.0789074,-74.43382146,0.207202,,19.148001,18.231501
1688384570,271.0974595,-74.42529852,0.069175199,,20.0494,19.2138
1688403420,271.0635765,-74.40340437,-0.77563,,20.016701,19.2101
1688403423,271.0849944,-74.3946199,0.187216,,19.740999,18.861099
292616945,270.4620285,-74.15402254,0.484267,,16.4186,15.5431
292617058,270.614767,-74.10978163,0.0710366,,17.4722,16.594601
1508883811,269.8139298,-75.66499836,0.25823101,,18.367001,17.4412
1688345977,270.086321,-75.34241714,-0.25525799,,18.807199,18.043301
1688383582,270.0100483,-74.63448507,-0.0041415598,,18.4965,17.6569
1688402936,270.0303844,-74.47221461,-0.200207,,18.597601,17.6943
1688410681,270.0664112,-74.08489523,-0.0199078,,18.4758,17.678499
1688375996,270.2105443,-74.99213308,-0.0046659801,,18.884199,18.101101
1688381193,270.031796,-74.89069239,0.0566273,,18.9459,18.019699
1688404501,270.0143131,-74.370411,-0.187355,,18.290501,17.5445
1688404502,270.117535,-74.34445443,-0.022743501,,18.349701,17.484501
1688383811,270.8640831,-74.50572157,0.13990299,,18.237101,17.5474
1688383936,270.9482519,-74.45846403,0.199995,,18.6786,17.7626
1688346259,271.011792,-75.20514815,-0.156059,,18.992001,18.18
1688346410,271.2873576,-75.25479187,-0.27252001,,19.4011,18.4676
1688346411,271.2708176,-75.25400497,0.170591,,18.892401,17.9701
1688374075,271.0547885,-75.09948023,-0.27837399,,18.4746,17.563801
1688382050,271.2239927,-74.72326289,-0.15542699,,18.823799,17.998501
1688382597,271.0992678,-74.61279339,-0.123254,,18.649099,17.749599
1688383984,271.0772889,-74.57380644,0.37429699,,18.1637,17.2323
1688403444,271.1861532,-74.36527291,0.160759,,18.751301,17.8582
292547868,270.553844,-75.04587848,0.52037299,,16.688499,15.8321
343579049,270.1798651,-75.96258418,0.473901,,18.4573,17.4757
292617276,270.663357,-74.00987816,0.404383,,18.184999,17.322001
1688320065,270.7718304,-75.98028353,-0.292781,,20.372299,19.361
1688320077,270.7193901,-75.97614713,0.49075201,,19.886801,18.8664
1688337204,270.8114623,-75.8883424,0.46510899,,19.1409,18.1388
1688337529,270.7351077,-75.85036859,-0.42916501,,20.314699,19.3659
1688338734,270.6421444,-75.75024185,0.141573,,20.119301,19.1598
1688338753,270.8471117,-75.71249652,0.034499399,,19.375299,18.440201
1688338756,270.9308926,-75.73952962,-0.117763,,19.264999,18.419901
1688338855,270.8224351,-75.66860426,-0.12585001,,20.049601,19.2416
1688339162,270.7672935,-75.6581155,0.054447498,,19.537399,18.642599
1688339163,270.7610978,-75.65696827,0.330282,,19.858299,18.918699
1688339244,270.6529766,-75.64038624,0.139529,,19.594999,18.8365
1688339264,270.7101382,-75.61513755,0.0054783002,,20.1602,19.2456
1688343802,270.6947796,-75.56469594,-0.93836498,,20.168699,19.3934
1688344236,270.6484449,-75.48836167,0.221771,,18.8449,18.025101
1688344259,270.8308004,-75.43738487,0.43736401,,18.872,17.9219
1688345590,270.8357647,-75.36542651,0.264929,,19.9946,19.143299
1688346119,270.9064097,-75.28157748,0.34871501,,18.7729,17.9009
1688346200,270.7613194,-75.25478315,0.237527,,20.0187,19.107401
1688373905,270.6974419,-75.20377351,0.171792,,19.7584,18.832001
1688373913,270.5804429,-75.21217292,0.298843,,19.5189,18.5959
1688374391,270.7806548,-75.098279,0.177946,,19.73,18.938299
1688374424,270.7593584,-75.07899571,0.298704,,19.529699,18.6651
1688374510,270.5566934,-75.08065947,0.091095902,,19.870399,19.0061
1688374528,270.7579776,-75.05066083,0.38472399,,18.6716,17.733601
1688375751,270.8068838,-74.99064033,0.42654201,,19.170099,18.3167
1688375834,270.720425,-74.97269676,-2.3532901,,21.0275,20.100901
1688376214,270.7631335,-74.93092397,-0.093601704,,19.8267,18.9953
343579988,269.9791105,-74.84816779,0.75472999,,16.0301,15.1314
292546897,270.4670628,-75.56274223,0.35061601,,15.1828,14.6137
292615708,270.6063327,-74.67166304,0.21982101,,16.8608,15.9882
292616225,270.4016314,-74.44950914,0.40248299,,16.6558,15.7733
292615994,270.5932686,-74.54857822,0.36288199,,16.344,15.4471
292617065,270.3891825,-74.10833997,0.86283201,,15.3317,14.4199
292617177,270.6385995,-74.0584931,0.56410402,,15.8236,14.9056
343579627,270.2330641,-75.25879679,0.284174,,18.324301,17.439899
292547036,270.7206494,-75.47060186,0.32217401,,17.6824,16.722601
343579019,269.9801107,-75.99760289,0.17694201,,16.9445,15.9736
343580416,269.9823664,-74.39222504,0.28401101,,18.169399,17.260799
292546576,270.6883663,-75.91601668,0.49055001,,17.781401,16.7621
292546717,270.4754945,-75.75288579,0.200078,,17.4403,16.537901
292546873,270.3663362,-75.58709846,0.30880499,,17.351101,16.4165
292546876,270.4364279,-75.58515031,0.132154,,17.6339,16.798201
292547247,270.4359178,-75.3865847,0.109055,,17.7523,16.820101
292548297,270.5197918,-74.84318251,-0.0208534,,17.8629,16.9403
292616375,270.4162082,-74.37310508,0.140285,,17.250299,16.6376
292616595,270.5738971,-74.28755428,0.220424,,17.9559,17.041201
292547543,270.7410172,-75.22473852,0.120059,,17.7868,16.8503
292547727,270.4328081,-75.130953,0.219385,,17.8155,16.889799
292616975,270.6842407,-74.14156703,0.103131,,17.636101,16.7251
343580418,270.3470058,-74.39010137,0.25404701,,17.591299,16.868601
292546899,270.5340388,-75.55414971,0.0763482,,18.348301,17.387699
292547264,270.5194916,-75.37697852,0.28070599,,18.0658,17.1397
292548217,270.6858963,-74.87737388,0.376665,,18.132299,17.254601
292615526,270.4949135,-74.75716248,-0.108245,,18.474899,17.5786
292548117,270.42391,-74.92897179,0.277729,,18.333099,17.5187
292615863,270.6750258,-74.60911215,0.19060799,,18.0394,17.1651
292616360,270.4839442,-74.3916815,0.25644699,,17.9825,17.097799
292616995,270.5302854,-74.1377091,0.200941,,18.311501,17.4368
292546716,270.3713455,-75.75288959,0.125442,,17.483801,16.551901
292548357,270.4702197,-74.82164574,0.134059,,17.848499,17.005501
292547540,270.4025927,-75.22568026,0.31344101,,17.2551,16.4596
292547712,270.5203911,-75.13739135,0.20537201,,17.729601,16.906799
292546800,270.4780956,-75.67050752,0.028053001,,18.232,17.3272
292615636,270.5184333,-74.69910316,0.17863099,,18.2456,17.310101
292615589,270.6246516,-74.72650579,0.34153301,,17.947901,17.098499
292617083,270.6731131,-74.10483486,0.27318001,,18.2428,17.315701
292616754,270.4430694,-74.22862029,0.343411,,17.9786,17.0774
292616685,270.4279091,-74.26338947,0.048978701,,17.5156,16.930901
1688337198,270.839423,-75.88807913,0.26372299,,18.8568,17.834101
1688337200,270.815967,-75.89841972,0.133156,,18.693399,17.6761
1688337644,270.7096474,-75.7993395,0.044182401,,19.0975,18.1173
1688338732,270.6742522,-75.75369852,-0.075373903,,19.017799,18.0282
1688338733,270.5865884,-75.76438486,-0.077771097,,19.0352,18.1381
1688338801,270.6394562,-75.73905452,0.24321,,18.938,17.9554
1688339195,270.9061661,-75.65261813,0.073437698,,18.799101,17.842699
1688343870,270.6770324,-75.54951934,0.0669716,,19.004601,18.0627
1688345585,270.7079348,-75.39395306,-0.260315,,18.929899,18.136101
1688345625,270.8971209,-75.37019441,-0.0861075,,18.731701,17.805401
1688345699,270.6668625,-75.35657391,0.13645799,,18.689699,17.842699
1688345701,270.6835399,-75.34931376,0.156141,,18.582701,17.7929
1688346201,270.7668318,-75.25345538,0.110642,,19.0674,18.128401
1688346232,270.7412049,-75.22979951,0.114028,,18.7845,17.877001
1688376239,270.7261598,-74.91127983,0.274059,,18.2773,17.467501
292617179,270.6518782,-74.05795248,2.3729,,13.0364,12.2151
292615829,270.7304882,-74.62523202,1.191,,13.6315,12.7525
292617121,270.7483013,-74.0880799,0.82523203,,13.3186,12.4666
292616973,270.5873701,-74.14164053,3.2442999,,11.2839,10.625
343579629,270.066641,-75.25823655,0.52005202,,16.944,16.0303
292547322,270.494324,-75.35152864,0.257094,,17.040199,16.2215
292547755,270.4437034,-75.11530925,0.47639701,,16.5921,15.6559
343579052,270.0476309,-75.96064881,0.109371,,16.1957,15.4058
292546605,270.5577468,-75.88695617,0.496241,,16.733801,15.7624
292548214,270.4197333,-74.88023574,0.43570399,,16.4918,15.5738
343579453,270.2366532,-75.43239607,0.493761,,16.337299,15.3923
343579054,270.1442217,-75.95978484,0.31380099,,16.264,15.3727
292546877,270.4726511,-75.58486336,0.84847403,,15.3463,14.3993
292617236,270.6258678,-74.03461567,0.477705,,16.452101,15.5793
292615715,270.4076055,-74.66857052,0.41831601,,16.201799,15.2639
343579448,270.0385716,-75.43891091,0.55975699,,14.1732,13.396
292546744,270.5603787,-75.72827402,0.79607701,,15.0875,14.122
292546898,270.4769638,-75.55851066,0.64065802,,14.0804,13.5898
292546918,270.3830262,-75.54320572,0.34024099,,15.2142,14.6839
292547253,270.4328625,-75.38303394,0.38600299,,16.238199,15.2969
292616427,270.441354,-74.34975996,0.55935901,,15.9624,15.0441
292616812,270.4082881,-74.20324106,1.2341,,14.6551,13.7751
292546872,270.6119449,-75.59111688,1.03817,,14.0432,13.2241
343598711,271.7698703,-75.78307564,2.36289,,12.0689,11.0666
292629295,271.1254469,-74.53818283,1.24102,,13.6142,12.8062
292632112,270.855544,-75.86042617,3.2962301,,11.9526,11.1638
292631913,270.7853136,-75.75019124,0.23766799,,17.361,16.3727
343598729,271.8776992,-75.7591102,0.373137,,17.409901,16.3339
343598720,271.6306749,-75.76685849,0.93120801,,13.9555,12.9603
343598763,271.7387693,-75.71532048,0.66031897,,14.164,13.2467
343598800,271.6743388,-75.67353979,0.28477699,,16.759899,15.7138
292628544,270.8559994,-74.2000595,0.564035,,16.102501,15.1935
292629277,270.8220884,-74.52761959,0.42600301,,16.303101,15.4586
292629666,270.8212522,-74.70239063,0.73432899,,15.4423,14.5104
292630726,270.8338805,-75.14420417,0.71213102,,15.3062,14.3993
292630731,270.9623713,-75.14645515,0.71016502,,16.019501,15.1374
292631010,270.7764543,-75.30484962,0.45980901,,16.115601,15.1708
292631378,270.9123983,-75.47707326,0.86312997,,15.2913,14.3374
292631970,271.0162612,-75.78061975,0.61677003,,15.4933,14.5807
343598714,271.7176048,-75.77564242,0.84078401,,15.5683,14.5178
343599099,271.558155,-75.29291729,0.40447,,16.393499,15.414
343599150,271.7962616,-75.23501728,0.35489899,,15.9077,15.0498
343599167,271.8649319,-75.21889796,0.77163303,,15.0571,14.1037
292629892,271.1245902,-74.80130888,0.47218499,,15.646,14.8242
343599210,271.5451528,-75.17010132,0.76570499,,15.5731,14.6041
292628646,270.8582587,-74.24898904,0.33381999,,16.685801,15.9163
292628721,270.7771974,-74.27857211,0.26422,,17.1126,16.234501
292629275,270.9109685,-74.52637786,0.45934501,,16.18,15.2578
292629893,270.8156381,-74.80530794,0.50146002,,15.9732,15.0545
343598920,271.9070758,-75.51362595,0.40857399,,16.3943,15.3738
292628126,271.0601529,-74.01700764,0.225063,,17.0494,16.191
292629835,270.8958497,-74.77387201,0.074326403,,18.549999,17.618601
292630837,271.0808314,-75.20407755,0.112888,,16.973499,16.2659
343598573,271.5762845,-75.98730023,0.051651899,,16.956301,16.0116
292631615,270.7746116,-75.59002473,0.114834,,18.371201,17.4069
343598620,271.7049969,-75.917019,0.247575,,18.3475,17.305799
292616139,270.5353454,-74.47821321,0.25908399,,17.476801,16.6033
292629564,271.015075,-74.66179608,0.091517299,,17.521099,16.725599
292629761,270.9197827,-74.73735345,0.28806099,,17.3759,16.4424
343598595,271.5707749,-75.94665212,0.392259,,17.377001,16.384399
343598947,271.7506005,-75.48056681,0.242734,,18.197399,17.218599
343599010,271.5843709,-75.3961916,0.048875801,,17.6378,16.660299
343599117,271.7697777,-75.27197489,0.43877801,,17.0079,16.0184
292628520,271.0549638,-74.19053868,0.0857483,,17.912201,17.1544
292629828,271.1409198,-74.77017469,0.297438,,17.6206,16.8181
292629931,271.0094796,-74.8228274,0.223423,,18.2635,17.3465
292630978,271.0411207,-75.28470729,0.25521901,,18.084101,17.1455
292631859,271.0983013,-75.72415965,0.154211,,18.0767,17.071501
343599149,271.89745,-75.23542033,0.436791,,17.756701,16.754801
343598926,271.7675384,-75.50988105,0.32977,,17.9097,16.9153
292630763,271.0517152,-75.16380514,0.122657,,18.006001,17.060301
343598598,271.9332764,-75.94563283,0.273745,,18.160299,17.2377
343598731,271.7578367,-75.74716515,0.31356901,,18.461599,17.4146
343598819,271.5486405,-75.65356284,0.456806,,18.045601,17.0137
343599100,271.8336161,-75.28999427,0.148306,,17.3412,16.4452
292631767,270.9362477,-75.67221507,0.133175,,17.3064,16.4641
1688337136,271.0178703,-75.91234541,0.098393597,,18.812,17.779499
343598641,271.8699157,-75.88110524,0.238258,,17.998899,17.344999
343598923,271.892823,-75.51299407,0.546085,,17.9121,16.8927
343579830,269.9673249,-75.01144914,1.5408601,,12.501,11.8408
343579366,270.2322089,-75.51730261,1.80487,,13.3154,12.3802
292628274,271.0804933,-74.08991524,0.98152697,,13.0127,12.2837
343579274,270.2362548,-75.65371169,0.34760201,,16.2731,15.5474
292628506,270.7864435,-74.18067636,0.368379,,15.8515,14.9473
292698978,271.5326868,-75.79301416,0.14839301,,17.802299,16.787399
343580017,270.2864693,-74.81849652,0.43572,,14.9992,14.1501
343579279,270.3532993,-75.64750798,0.52198499,,15.0836,14.2974
343580238,270.0542478,-74.57763945,0.50415999,,15.2341,14.4257
292629447,271.119401,-74.61742382,0.49146101,,16.491899,15.5893
292629978,270.7694796,-74.84408251,0.85434502,,15.388,14.4836
292630842,271.1125619,-75.20455072,0.59360802,,15.0683,14.2154
343579405,270.0550128,-75.48228293,0.56394899,,16.922701,15.9671
343580082,269.9874211,-74.74636024,0.76364499,,16.006901,15.1268
343580014,270.007462,-74.82193598,0.50935,,14.691,13.8006
343579275,270.1933255,-75.65184965,0.38577101,,14.896,14.2507
343580209,270.2108042,-74.60548755,0.584391,,15.8055,14.9276
292699142,271.5021371,-75.61185069,0.56623298,,15.9883,15.0194
292699143,271.4219429,-75.61103589,0.79364097,,14.438,13.5601
343580167,270.0059791,-74.64546779,0.202178,,16.4601,15.588
343579831,270.1508807,-75.0108711,0.176085,,17.3456,16.445
343580210,270.0455555,-74.60542105,0.70907098,,14.9357,14.0674
292631676,270.7534175,-75.62317747,0.373301,,16.7241,15.8274
292698973,271.3836997,-75.7975238,0.503461,,16.153799,15.226
292699562,271.3876394,-75.18260779,0.47757,,16.4536,15.5937
292630512,271.1101457,-75.05697574,0.40960401,,16.680201,15.9363
292698900,271.4634636,-75.87180181,0.61186397,,15.0989,14.1683
343579892,270.3401113,-74.93735131,0.112987,,17.8391,16.937401
343580183,270.1875025,-74.62535928,0.29247099,,17.056801,16.137501
292629443,271.004697,-74.61692056,-0.092049003,,18.2218,17.4326
343580186,270.3145462,-74.62275548,0.12513199,,18.014601,17.1045
343579836,270.2335601,-75.00158658,0.13146199,,17.7941,16.8883
343580016,270.1712628,-74.81920927,0.191948,,17.702299,16.821699
343580211,270.1705218,-74.60435017,0.102475,,17.5697,16.672199
343580237,270.0155583,-74.57767117,0.39033401,,17.501699,16.6071
292628622,270.9112162,-74.23456929,0.27345401,,17.717699,16.801701
292629157,270.7996395,-74.46528272,0.16327401,,17.7988,17.045401
292629497,271.1356926,-74.63445487,0.37174901,,18.197399,17.2973
292629958,271.099241,-74.83240643,0.155568,,17.790701,16.887899
292630999,271.1052467,-75.29868844,0.317725,,18.238199,17.3752
292631064,271.1256318,-75.33366836,0.36823699,,17.583401,16.7931
292698887,271.3900639,-75.88419763,0.060717899,,17.822599,16.812401
292699237,271.2794278,-75.51558094,0.30197701,,17.6728,16.7526
292699350,271.202084,-75.41113269,0.18940701,,18.042101,17.112499
292699436,271.156393,-75.31683342,0.34676,,17.4694,16.5326
292698979,271.3902776,-75.79237501,-0.18593,,18.356899,17.3801
1508961844,269.5790725,-74.88511543,0.27308899,,18.607,17.696301
1508957223,269.9220298,-75.28027589,0.357324,,18.5305,17.583099
1508961813,269.6775947,-74.89739165,0.00063677703,,18.645599,17.823099
1508957447,269.7896014,-75.19632828,-0.161201,,19.168699,18.2698
1508957449,269.8517983,-75.19274081,-0.41683,,19.5014,18.6257
1508976978,269.8668907,-74.21186467,0.0233612,,18.618099,17.719101
1688344019,270.2483538,-75.54781206,0.285988,,18.5131,17.5818
1688345505,270.2382229,-75.39685802,-0.15908501,,19.2834,18.4006
1688373869,270.3979711,-75.18310057,-0.100023,,18.316601,17.5322
1688375956,270.2618383,-75.02042328,0.239558,,18.105101,17.227699
1688375960,270.2328127,-75.00936741,0.324536,,18.275999,17.4464
1688383626,270.2661013,-74.57878187,-0.72025597,,18.9324,18.151699
1688405030,270.2386938,-74.2248751,0.0122003,,18.8855,17.9842
1688405101,270.318455,-74.19324614,0.0788325,,18.758499,17.857599
1688405107,270.2896915,-74.18581961,0.221132,,18.305799,17.518801
1688405110,270.3579787,-74.1817632,0.26149201,,18.495899,17.609699
1688410308,270.1333206,-74.12256117,-0.0117715,,18.6425,17.743999
1688339117,270.3072901,-75.6685025,-0.12909199,,18.7379,17.8423
1688344150,270.2437687,-75.4905353,0.068424299,,18.6119,17.6936
1508880084,269.6637281,-75.95516074,0.260746,,19.016199,18.061899
1508880085,269.6879954,-75.95390812,-0.049031399,,19.5513,18.5905
1508958605,269.6824825,-74.97945891,-0.177348,,19.379499,18.5818
1508961842,269.5392085,-74.89243523,-0.407096,,20.3636,19.570499
1508961845,269.542459,-74.87278401,0.337502,,19.4349,18.569099
1508962942,269.6384409,-74.67330797,0.031533498,,19.363899,18.790001
1508957216,269.9820304,-75.28943492,-0.0648693,,20.3342,19.386999
1508957611,269.6475622,-75.10875787,-0.72160202,,20.646299,19.734501
1508961809,269.685082,-74.9087573,0.108919,,19.415899,18.752501
1508961815,269.7235294,-74.90928772,0.087575302,,20.0623,19.280001
1508963125,269.7445279,-74.56295516,0.023201199,,18.753599,17.987801
1508963110,269.8585655,-74.60069074,0.29708001,,19.746901,18.9244
1508963204,269.6944754,-74.58267695,-0.54992902,,19.737101,18.8757
1508976924,269.7960636,-74.25981741,-0.071305498,,19.853701,18.951799
1508980223,269.8280615,-74.12874122,0.56755501,,19.4846,18.5928
1508962831,269.774623,-74.68505675,-0.144045,,20.0417,19.187099
1508975635,269.8103505,-74.48635794,0.60119998,,19.029499,18.187901
1508976984,269.7909804,-74.21752328,0.0062849801,,19.2001,18.43
1508976985,269.7554933,-74.21343996,-0.0012083,,19.257999,18.4814
1508976986,269.7426912,-74.20478959,0.71703798,,19.6371,18.728001
1688337298,270.2582441,-75.93140083,0.47227901,,19.1478,18.204201
1688339084,270.3092193,-75.69642473,0.089893498,,20.319599,19.4072
1688375953,270.2579177,-75.01108213,0.36627901,,19.0047,18.1229
1688404892,270.201279,-74.27995265,0.063955799,,20.408501,19.563601
1688410310,270.1644662,-74.11389126,0.265167,,19.514099,18.7328
1688344027,270.2848734,-75.53334043,0.60325402,,19.122801,18.2064
1688344028,270.2758053,-75.53204309,0.0109322,,19.3759,18.439501
1688344153,270.3317565,-75.51634628,0.303523,,19.8069,18.9105
1688376001,270.2229742,-74.98332019,0.188444,,20.320601,19.4266
1688376005,270.2924125,-75.00446767,0.38203499,,18.755899,17.855101
1688376121,270.2500083,-74.93830695,0.45369399,,19.549601,18.624201
1688381597,270.3680428,-74.80506871,-0.51132601,,19.7033,18.790199
1688383015,270.3433177,-74.71224825,-0.126408,,20.073299,19.280899
1688383016,270.3757226,-74.7107456,0.37411401,,20.0243,19.0919
1688404897,270.151438,-74.28016913,0.39478099,,19.085699,18.246
1688320032,270.9619236,-75.97396062,-0.75032097,,20.5481,19.5655
1688320013,271.1006784,-75.99669602,-0.351704,,19.9013,18.893499
1688320089,270.9063732,-75.97573079,0.173814,,19.388599,18.433399
1688337149,271.0597871,-75.88978705,0.36092699,,19.0641,18.073601
1688337598,270.8892702,-75.80566465,0.120661,,19.257099,18.250299
1688337710,271.0291835,-75.75192161,-0.159788,,20.1689,19.227501
1688338762,270.9787826,-75.72125137,-0.313034,,19.972099,19.0207
1688338904,271.1405915,-75.63463076,-0.51253098,,20.1481,19.202499
1688338907,271.0335568,-75.63698064,0.30651599,,19.105301,18.1378
1688339217,271.1016706,-75.60613959,0.36145899,,19.5648,18.718599
1688339293,270.8963734,-75.60186632,0.4524,,19.304001,18.3575
1688339296,270.8714951,-75.61377186,0.214393,,18.997999,18.028799
1688339327,270.8634724,-75.57032401,-0.230966,,20.252001,19.299601
1688339328,270.8976232,-75.56605885,0.24728701,,19.273701,18.4042
1688339336,271.0759609,-75.55700133,0.34744501,,19.9531,19.053101
1688344266,270.9323979,-75.45534067,0.189034,,20.2878,19.393299
1688344390,270.8676825,-75.41287963,0.19000401,,19.5467,18.710699
1688344437,270.9922543,-75.36793754,0.530509,,19.3402,18.434099
1688344439,271.0210663,-75.36090038,0.41910899,,19.475901,18.6325
1688345640,271.0342052,-75.35150716,0.11634,,19.098301,18.280899
1688345663,270.9512486,-75.33582613,0.56731802,,19.379999,18.483299
1688345666,270.9135002,-75.3319046,0.163296,,19.3965,18.472601
1688345787,270.8702298,-75.30323018,0.22555999,,18.443399,17.680401
1688345800,270.8620251,-75.29380754,0.43577701,,19.3419,18.438999
1688346129,270.8462207,-75.28210791,-0.080811799,,20.568199,19.6126
1688346159,270.8440183,-75.25481398,0.316475,,18.959499,18.0441
1688373962,271.0190566,-75.14867594,0.52515602,,19.0347,18.215
1688374051,270.9120479,-75.13764775,-0.31696001,,19.7335,18.849001
1688374441,270.8556121,-75.0884982,-0.282058,,19.900299,19.039301
1688375765,270.932694,-74.99914184,0.258874,,19.2896,18.497801
1688375776,270.9832083,-74.97246465,-0.80849802,,20.2103,19.3953
1688344962,271.5923745,-75.34026257,-0.62649,,20.2129,19.3745
1688345048,271.3850278,-75.30481349,0.070452802,,19.653799,18.695601
1688345094,271.5485318,-75.29192885,0.41168401,,19.655899,18.812599
1688346493,271.5729094,-75.17927031,0.092068203,,19.406401,18.4855
1688346870,271.4312415,-75.12459699,-0.238785,,20.012501,19.205799
1688375247,271.5551084,-74.91482812,-0.161549,,19.618601,18.7903
1688375251,271.5871573,-74.91156603,-0.0042791502,,19.060699,18.247999
1688376522,271.6058618,-74.88447799,0.51670402,,19.9571,19.057899
1688376554,271.5156566,-74.86056175,-0.047144402,,19.535,18.7297
1688376664,271.6983957,-74.86733941,-0.093637101,,18.867399,18.156401
1688377132,271.5999226,-74.70062338,-0.50692099,,20.1455,19.286301
1688382083,271.5221309,-74.69687901,0.18366399,,19.1087,18.2194
1688382186,271.4396767,-74.65880158,-0.087058,,19.951099,19.1143
1688382188,271.4996386,-74.66541064,0.187961,,19.983,19.0749
1688382202,271.5229326,-74.64361966,0.241947,,19.403999,18.459499
1688382540,271.5493251,-74.59501751,-0.472307,,20.1078,19.2236
1688384033,271.466426,-74.51540857,0.50573701,,19.5583,18.6306
1688384622,271.4904695,-74.37715752,0.0194527,,19.291901,18.4028
1688384624,271.5103272,-74.36971921,0.14553601,,19.764601,18.8974
1688403536,271.5723501,-74.28776791,0.210308,,19.5137,18.6873
1688403625,271.5197012,-74.27199707,0.431472,,19.3528,18.444901
1688403654,271.5664623,-74.23988485,0.038098801,,20.284401,19.423401
1688403974,271.4516791,-74.23385613,-0.194038,,19.9209,19.0921
1688404137,271.5868204,-74.22101211,0.49225801,,19.2908,18.455
1688404268,271.6610484,-74.15858061,-0.169239,,19.5249,18.6735
1688405468,271.4797303,-74.1283504,0.231659,,20.202999,19.3706
1688405474,271.4608139,-74.12091221,-0.081827901,,20.3759,19.565001
1688405597,271.4751543,-74.07240585,-0.158382,,20.319,19.420601
1688405647,271.6518588,-74.08323537,0.29233199,,20.1094,19.254801
1688405762,271.689391,-74.04232933,-0.128068,,19.4587,18.5779
1688405924,271.5021481,-74.0550443,0.163036,,20.6845,19.767099
292548229,270.4793817,-74.87454419,0.59790498,,14.6964,13.8199
343580484,270.1957534,-74.32222863,0.38586199,,17.4683,16.5532
292615947,270.3804704,-74.57206271,0.113612,,18.055,17.132601
343580485,270.0458064,-74.32171307,0.45192,,17.6824,16.802401
343580773,270.3251823,-74.04402444,0.215746,,18.176001,17.2789
292617035,270.3998677,-74.12436855,0.085055299,,18.368401,17.465099
292547988,270.4663433,-74.98765387,0.19399799,,17.7806,16.849501
292617212,270.3218049,-74.04532747,0.20854799,,18.0618,17.274599
1688320110,271.123067,-75.93346728,0.14017899,,18.796,17.809
1688339295,270.8723348,-75.61062715,0.050123598,,19.0145,18.065901
1688339331,270.9988075,-75.55894944,-0.134921,,19.016899,18.0877
1688345760,270.9288823,-75.32543551,0.027982101,,18.5534,17.6429
1688346236,270.838747,-75.23113358,-0.067860097,,18.7083,17.801701
1688346238,270.8432803,-75.22818917,0.142336,,18.615999,17.676399
1688374109,271.1026512,-75.07329986,0.15425,,18.208799,17.333
1688374545,270.8346749,-75.05473568,0.039617099,,18.3277,17.486799
1688374593,270.932654,-75.00134958,0.28335199,,18.098,17.273001
1688344987,271.6210698,-75.32831771,0.171995,,17.7013,17.173
1688346486,271.5947683,-75.18695622,-0.37591499,,18.804899,17.8964
1688376654,271.5012706,-74.81747334,0.21340699,,18.5951,17.7019
1688403531,271.4976264,-74.29756697,0.056294002,,19.030001,18.125799
1688403649,271.5426337,-74.25388251,-0.29819801,,18.393801,17.4902
1688405963,271.5277597,-74.0292762,0.334503,,18.2141,17.333599
1688406123,271.6529794,-74.02869974,0.31821501,,18.0511,17.232
1688373987,271.0337679,-75.12634587,-0.385912,,19.128599,18.3636
1688346494,271.5665014,-75.18061778,-0.413533,,19.4062,18.4403
343579226,269.976454,-75.70555156,1.37633,,13.739,12.8439
292629283,270.7610145,-74.52973631,1.8171901,,12.1803,11.5362
292628776,270.9954092,-74.31118833,0.65732801,,15.178,14.255
292630100,270.9886309,-74.89589627,0.79495901,,16.0366,15.1156
292631954,271.1448742,-75.77244406,1.01844,,14.7055,13.6982
292632078,270.996719,-75.83782137,0.67588699,,14.4838,13.5712
292632298,270.8608835,-75.96005267,0.81908602,,15.0527,14.104
292628778,270.7703678,-74.31169779,16.061199,,8.4659004,7.7298799
292629047,270.9863705,-74.42269886,0.24438199,,16.629999,15.715
292628696,271.037891,-74.27049444,0.35285601,,16.885401,15.9742
292629354,270.8256997,-74.56608058,0.242878,,15.6039,14.8415
292629358,271.1307048,-74.56815049,0.97193402,,15.1441,14.2159
292629478,270.8169438,-74.62961265,0.74817097,,15.6715,14.85
292630307,270.9765457,-74.97434569,0.525971,,15.8045,14.9516
292628554,270.7833675,-74.20373075,0.32920301,,16.7069,15.779
292629187,270.8473705,-74.48437161,0.101529,,18.1362,17.236
292629794,271.001669,-74.753219,0.28668499,,17.326099,16.395901
292630098,270.9605241,-74.89513337,0.559901,,17.3039,16.4394
292630224,271.0773736,-74.94074279,0.13178299,,17.661699,16.7637
292630439,270.9294174,-75.02232198,0.33922201,,16.603201,15.6783
292628745,270.8556459,-74.29730177,0.052622199,,18.2234,17.3197
292629393,270.9803494,-74.58541444,0.194635,,17.4695,16.6772
292629796,270.7332746,-74.75353798,-0.00186755,,18.2722,17.375099
292630220,271.1109132,-74.93800854,0.0344107,,18.2952,17.445299
292629032,270.8097757,-74.41301538,0.101845,,18.2341,17.333599
292629718,270.9988875,-74.71818791,-0.154633,,18.875299,18.005501
292630005,271.122054,-74.85053213,0.0066395202,,17.9592,17.0513
1688337106,270.6395201,-75.94751012,0.158629,,18.709299,17.819599
1688337264,271.0102838,-75.84629103,0.115047,,19.1563,18.169901
1688339261,270.8253023,-75.60107578,-0.188355,,18.9186,17.9631
1688343893,270.8261422,-75.51717947,0.0962165,,18.7124,17.863199
1688346095,270.8379038,-75.28110592,0.095300302,,18.986,18.1063
1688346133,270.9612008,-75.25241497,-0.051309898,,18.7498,17.8354
1688346211,270.8002293,-75.23980028,0.163958,,19.0299,18.094801
1688374552,270.8480458,-75.04048573,-0.073479399,,19.030199,18.1245
1688374583,270.8492135,-75.02776775,0.063670002,,19.003901,18.108999
1688375722,270.7252209,-75.01829853,0.056038301,,19.129299,18.192699
1688374178,270.2950715,-75.19899522,0.37920901,,18.366899,17.4902
1688374181,270.3741101,-75.18298179,0.14829101,,20.392099,19.5093
1688375623,270.1985244,-75.06403075,-0.071297303,,19.584801,18.7714
1688375625,270.2418297,-75.0555959,-0.195327,,19.8032,18.992901
1688375626,270.2550557,-75.04928148,0.242322,,18.6068,18.0065
1688381671,270.0981534,-74.78478139,0.39215001,,18.8568,17.976
1688383103,270.2118709,-74.68350753,-0.246728,,19.5144,18.629
1688383138,270.2866159,-74.67022185,-0.215526,,19.6598,18.732901
1688404932,270.3846902,-74.24980029,0.18550099,,19.3825,18.4844
1688412101,270.2285652,-74.00072064,0.072489999,,19.6604,18.809601
1688337179,270.6017301,-75.93639214,0.189678,,19.328699,18.351
1688337263,270.9594972,-75.84717429,-0.090218797,,19.177,18.3862
1688337569,270.8904305,-75.84391215,-0.150727,,19.649,18.745001
1688337571,270.8808453,-75.83872628,0.130105,,18.8936,18.1992
1688337671,270.9402374,-75.78482007,-0.21996599,,19.693001,18.7416
1688338742,270.6885464,-75.73906056,0.41957599,,19.9209,19.0385
1688338867,270.9034086,-75.68582533,-0.0609276,,19.5214,18.5478
1688339156,270.8580245,-75.65996621,0.39667699,,19.609501,18.696301
1688339160,270.82862,-75.66001445,-0.047817901,,19.6252,18.681801
1688339191,270.7805716,-75.63119032,-0.48057801,,20.079201,19.1299
1688339258,270.809563,-75.60896455,0.434008,,19.3283,18.5287
1688339305,271.0719182,-75.57721301,-0.65357101,,19.5916,18.753
1688339310,271.0987679,-75.56967009,0.0940772,,19.3421,18.528999
1688343890,270.7136317,-75.5359822,0.307621,,18.979799,18.0301
1688344226,270.8091552,-75.48138979,0.0428936,,19.730101,18.7966
1688344337,270.8046792,-75.43062005,0.42963201,,18.734501,17.790199
1688344343,270.5869936,-75.44946656,-0.15741999,,19.952801,19.180201
1688344382,270.9232859,-75.41631974,0.19275799,,19.7994,19.0093
1688345616,270.8400648,-75.35701402,-0.197427,,20.299801,19.359301
1688345658,270.9386141,-75.34150702,-0.083940901,,19.6154,18.7108
1688345659,270.9756216,-75.335826,-0.15250599,,20.1178,19.2967
1688345710,270.7155269,-75.34711606,0.48002401,,18.843201,17.9275
1688345714,270.8145064,-75.32767567,0.63566399,,20.0245,19.070499
1688346094,270.8267665,-75.28536729,0.0095530199,,18.675501,18.0562
1688346139,271.0511438,-75.25133689,0.18378399,,19.444401,18.528099
1688346276,270.8907234,-75.20172154,-0.090712301,,20.413401,19.5154
1688373932,270.8297364,-75.17070007,-0.38101801,,19.7623,18.8239
1688373940,270.8934857,-75.18349619,-0.394126,,20.0408,19.1581
1688374036,270.7597049,-75.13256729,-0.226547,,20.0734,19.289101
1688374587,270.9568292,-75.00257409,-0.17453501,,19.2857,18.4163
1688375713,270.7952367,-75.02237903,0.30491301,,18.771799,17.9056
343652194,272.5949174,-74.11372262,0.40991199,,17.122499,16.247801
343575083,269.6453767,-74.74921033,0.75463599,,15.3303,14.5066
343575085,269.8944852,-74.75028956,0.81301302,,15.6176,14.7174
343580138,270.2123835,-74.67813546,0.376349,,15.9503,15.2005
343580142,270.1468953,-74.67346499,0.49787199,,16.5466,15.6433
343574885,269.6016801,-74.55296281,0.47814101,,15.8378,14.9423
343579568,270.3155967,-75.31895592,0.079385802,,18.1775,17.302999
343579569,270.3263299,-75.31770782,0.0966883,,18.033199,17.1138
343575084,269.7901053,-74.74985075,0.224866,,18.1411,17.219601
1508884932,269.7899406,-75.40984776,-0.0307493,,19.0305,18.0798
1508958325,269.7423869,-75.03250619,0.070043601,,18.806,18.0331
1508962021,269.9575521,-74.81648966,-0.046687499,,18.322599,17.5063
1508975731,269.7055556,-74.48529073,0.25027201,,18.1112,17.266001
1508884899,269.9704481,-75.43056658,0.074841201,,18.779301,17.878099
1508957267,269.7214622,-75.22123335,-0.0022180099,,18.5434,17.604
1508980444,269.7949462,-74.06392934,-0.0579165,,18.4767,17.809401
1688344099,270.0354072,-75.54587678,0.0444321,,18.553101,17.641001
1688383617,270.1591911,-74.59117466,-0.0492616,,18.490999,17.7216
1508880880,269.770507,-75.8152856,-0.562585,,20.179501,19.2311
1508880882,269.7321455,-75.80658449,0.464679,,19.698299,18.830099
1508957530,269.6835101,-75.19187437,0.148022,,18.907801,18.1306
1508958326,269.7227587,-75.10984453,-0.310864,,19.9433,19.1497
1508958329,269.7015259,-75.09949929,0.671655,,19.742001,18.830601
1508961794,269.8382141,-74.87160107,0.25947601,,20.1702,19.3309
1508962015,269.985858,-74.82696901,0.59327197,,19.2906,18.380199
1508975730,269.7110434,-74.48647962,-0.858859,,20.232599,19.329
1508884901,269.9742518,-75.43916234,0.284417,,18.394699,17.562799
1508958266,269.9989736,-75.0865381,0.50111598,,19.064199,18.1415
1508958273,269.9767026,-75.06537011,-0.29895201,,20.1861,19.3246
1508962010,269.7768421,-74.81660664,0.284814,,19.305599,18.449699
1508975548,269.8027608,-74.56166359,0.521492,,19.181299,18.297701
1508975553,269.8145715,-74.55656484,0.303711,,19.269501,18.409401
1508975638,269.735309,-74.47764944,0.299822,,19.698799,18.905899
1508975641,269.7884608,-74.48403582,-0.242442,,20.4625,19.608299
1508975827,269.8256895,-74.47899189,0.35327601,,18.662399,17.879101
1508976663,269.7395519,-74.34967824,0.64456302,,18.6616,17.757
1508976938,269.8778159,-74.24839599,0.41003701,,19.727699,18.8839
1508976940,269.9121463,-74.25131428,-0.15006,,20.027,19.246799
1508980199,269.8308288,-74.15120332,0.41560501,,19.565001,18.7414
1508980202,269.8275344,-74.15768536,0.42076901,,19.466999,18.585501
1508980483,269.8269939,-74.0632462,-0.33301899,,20.509001,19.6786
1688338471,270.1218729,-75.86949239,-0.285651,,20.332399,19.496
1688338924,270.0819795,-75.77237957,-0.30682999,,19.9921,19.0665
1688374276,270.0789819,-75.16026153,-0.15130199,,19.9692,19.1532
1688381028,270.0791471,-74.94523077,0.119343,,18.391199,17.910999
1688381031,270.1554567,-74.94018281,-0.22361299,,19.988199,19.105801
343580266,270.0626836,-74.55709823,0.412384,,15.6488,14.7779
343580816,270.0946977,-74.0016685,0.67318398,,14.6503,13.8075
343579203,270.2556891,-75.73751319,0.68112397,,15.7265,14.8387
343579210,270.1614695,-75.72680265,0.475519,,16.5291,15.6148
343579955,270.2992951,-74.8780632,2.8950901,,12.5707,11.7552
343580172,270.2189258,-74.63661887,2.29737,,11.5582,10.6818
343579209,270.2992799,-75.72844097,0.41407299,,17.1157,16.1803
343579641,269.9760304,-75.24436455,0.452548,,16.4737,15.6729
343579960,269.9976401,-74.87394003,0.407065,,16.6842,15.7604
343575220,269.6938432,-74.91614938,1.36033,,13.0787,12.3193
343580671,270.2095309,-74.14361591,0.22518501,,17.505699,16.588499
343580763,270.0956414,-74.05137716,0.292164,,17.2188,16.3515
343580766,270.183132,-74.04973757,0.245783,,16.944201,16.072399
343580674,270.1598862,-74.14148034,0.55593097,,15.6393,14.7339
343579930,270.341148,-74.90483852,0.217004,,17.548901,16.624399
343580818,270.224662,-74.00066389,-0.232564,,18.0961,17.213699
292615774,270.5797199,-74.64569621,0.71832699,,14.5492,13.6491
292546531,270.4389488,-75.9998725,0.920748,,14.0285,13.199
292546538,270.5449131,-75.9835862,0.50437802,,16.4062,15.4019
292546539,270.6894344,-75.98295515,0.269959,,16.0592,15.2034
343579548,270.0068057,-75.33394608,0.42627001,,16.3508,15.4511
343579901,270.199835,-74.93116114,0.13391,,16.4104,15.6519
343579841,270.1486584,-74.9980394,0.23423301,,18.3277,17.4319
343579954,270.1030219,-74.87926822,0.18051299,,18.0609,17.133801
1508963136,269.7299343,-74.63397013,0.085666798,,18.533501,17.644899
1508963236,269.664852,-74.56237491,-0.242778,,18.785801,17.931999
1508884946,269.707391,-75.45775,0.087779097,,19.231001,18.289499
1508958331,269.6584297,-75.07902038,0.41821501,,19.501801,18.614401
1508961946,269.9746733,-74.87094752,0.45113501,,18.9706,18.065701
1508962866,269.6991945,-74.71738358,0.54606402,,19.485399,18.567301
1508963135,269.6675169,-74.61963698,0.331902,,19.312099,18.4095
1508963233,269.7135722,-74.55896485,0.47869799,,19.5142,18.6957
1508975645,269.6681686,-74.52849686,-0.225593,,20.106701,19.3263
343580647,270.2035675,-74.16085008,0.211018,,17.544001,16.6698
292546807,270.5988692,-75.66519285,0.338348,,17.454201,16.5214
292547106,270.7273408,-75.4425718,0.26173699,,17.7565,16.822201
292615765,270.5157725,-74.64930071,0.37507901,,18.1637,17.282499
292616176,270.6840516,-74.4660411,0.242751,,17.482401,16.7192
343580767,269.9945534,-74.04900264,0.276225,,17.5966,16.7544
292547101,270.510107,-75.44581185,-0.092053503,,18.490801,17.553699
343487598,269.4364411,-74.83219325,1.03282,,13.557,12.8239
343487109,269.2953962,-75.40898723,0.25668201,,17.143499,16.2157
343486739,269.4054284,-75.84024915,0.36048701,,16.7384,15.7732
343487047,269.3607831,-75.47882168,1.47562,,13.9736,13.051
343488061,269.2505766,-74.36009583,0.82929498,,14.447,13.5685
343486715,269.5319393,-75.87198883,0.38402501,,16.784401,15.8255
343487050,269.4726466,-75.47371163,0.72378498,,15.551,14.632
343487537,269.3538919,-74.89252927,0.56689,,15.5331,14.6823
343487544,269.2303604,-74.88789049,0.64437503,,15.0027,14.1761
343487593,269.5121154,-74.83923049,0.685377,,14.7946,13.9817
343487980,269.402399,-74.45176051,0.37770301,,16.1462,15.2563
343580013,270.1153269,-74.82601871,0.52477598,,16.7092,15.841
343579171,270.2474513,-75.79287798,0.43480301,,17.2143,16.259199
343580719,270.1600051,-74.09756333,0.495646,,15.8783,14.969
343487541,269.2359025,-74.88942281,0.22409201,,16.6793,15.8033
343487110,269.2029786,-75.40480412,0.21057799,,17.6206,16.7092
343575455,269.5716277,-75.17599311,0.0808485,,17.4132,16.6957
343487592,269.5558607,-74.8409455,0.153207,,17.242599,16.532301
343575105,269.8048865,-74.77139035,0.421307,,17.4501,16.556101
343579125,270.0978082,-75.86032902,0.39402801,,17.872499,16.9095
343579520,270.181434,-75.3655963,0.206173,,17.111,16.171499
343580008,270.2807386,-74.82807949,0.33739701,,17.3046,16.398199
343580012,270.0695165,-74.82618989,0.112146,,17.208,16.399
343487106,269.3238107,-75.41272583,0.317828,,17.612301,16.7425
343488238,269.5207883,-74.19546209,0.184021,,17.787201,16.9396
343487591,269.2122418,-74.84193942,0.33670399,,18.3232,17.455
343487916,269.2209835,-74.49882664,0.241062,,18.0961,17.1828
343580009,270.1951705,-74.82642122,0.24727,,17.488199,16.608801
343580724,270.1035162,-74.09418629,0.124357,,18.013901,17.2327
1508958363,269.5145646,-75.06492136,-0.1161,,19.157801,18.3571
1508963267,269.5128708,-74.53061772,0.161431,,18.4275,17.622499
1508881150,269.777618,-75.70388795,0.0391392,,18.874701,17.9307
1508881156,269.7818438,-75.70071323,0.087237298,,18.846701,17.927601
1508885180,269.7641895,-75.33008971,0.081610903,,18.938499,17.9867
343579528,270.0636859,-75.35522945,0.58649999,,17.8577,16.9921
1508958361,269.5002011,-75.07230215,-0.093888097,,20.4128,19.542
1508958362,269.4672966,-75.06611788,0.24292099,,19.366899,18.565001
1508962973,269.4797538,-74.64353362,0.196603,,18.8487,18.2019
1508975688,269.535577,-74.50712703,-1.3400199,,20.1325,19.317499
1508880248,269.7725076,-75.87293603,0.283254,,19.1278,18.2544
1508962081,269.7728845,-74.76875016,0.129182,,19.119499,18.2246
1508962083,269.7924139,-74.77329083,0.089434303,,19.409201,18.621201
1508963043,269.7395499,-74.63117395,-0.215901,,19.549299,18.82
1508963047,269.8239501,-74.63360948,0.46233001,,18.2208,17.485901
1508963048,269.8177936,-74.62062925,-0.065006703,,19.209499,18.324499
1508975932,269.7582124,-74.39001611,0.37754101,,18.6252,17.7264
1508975935,269.7420547,-74.37834173,0.26001599,,19.0863,18.466999
1508976973,269.7512652,-74.21806468,0.093116701,,20.254499,19.438601
1508980507,269.7967813,-74.022651,0.424519,,19.570601,18.789
1508881193,269.6041945,-75.70513536,-0.38416001,,20.0902,19.219299
1508884080,269.7178758,-75.52775058,0.0208217,,19.909201,19.0851
1508884133,269.7729051,-75.49638842,-0.0146544,,19.8202,19.0399
1508884139,269.7379089,-75.49232381,0.25079599,,20.2908,19.330099
1508885185,269.8201265,-75.32454356,0.13426501,,18.803699,17.993999
1508885188,269.8242785,-75.32299246,-0.155057,,19.5086,18.6446
1508962774,269.8263929,-74.7274766,0.411879,,18.4909,17.609699
1508963151,269.6739575,-74.60185209,0.046695799,,18.8582,18.1019
1508975871,269.9439559,-74.45440175,0.39747801,,18.7015,17.8148
1508975872,269.9481979,-74.44492419,-0.0140542,,19.819099,19.0588
1508977067,269.6314674,-74.2090901,0.324173,,18.2822,17.5226
1688376074,270.0664853,-74.98708985,0.173728,,18.548401,17.8104
1688376075,270.0868725,-74.99135194,0.28571001,,19.3332,18.459101
1688376077,270.1304662,-74.97606089,0.15662199,,19.3311,18.490801
1688402896,270.0079349,-74.49498975,0.62531799,,19.148001,18.2833
1688410816,270.1225969,-74.0306894,-1.4280699,,20.6724,19.8239
292698845,271.1785842,-75.93608537,0.29630899,,17.367599,16.323799
292699000,271.3067069,-75.76288364,0.32127801,,17.4554,16.4629
292698936,271.2865889,-75.83686193,0.53901601,,16.0592,15.0141
292698918,271.2283305,-75.85117705,1.10814,,13.9253,13.0221
292699098,271.5305223,-75.66349616,0.63922399,,16.2572,15.2962
292699196,271.5139595,-75.55035827,0.462809,,16.4102,15.424
292698960,271.2016314,-75.81150542,1.1068701,,12.5147,11.6147
292698833,271.2542855,-75.94808517,0.329595,,16.9023,15.883
292699334,271.2868809,-75.42599472,0.625718,,15.9261,15.0181
292698875,271.4020238,-75.88996318,0.30880201,,17.115,16.062401
292698953,271.2575511,-75.81994559,0.20757499,,18.549,17.584801
292699056,271.2614944,-75.6992548,0.41920099,,17.2349,16.2236
292699193,271.2409455,-75.55307704,0.35796499,,17.855301,16.867599
292699217,271.3849716,-75.53395087,0.067789301,,17.8393,16.860201
292699341,271.4742125,-75.41654475,0.366638,,17.313101,16.3762
292699391,271.4168614,-75.35466244,0.18122999,,18.0453,17.080799
292546883,270.4378843,-75.57703096,0.27210501,,18.0009,17.057899
292547848,270.5287538,-75.0601541,0.329117,,17.8475,16.948
292547852,270.5192199,-75.05931864,0.359992,,18.197399,17.272499
292698932,271.3412964,-75.84025694,-0.056179602,,18.6989,17.6591
292698998,271.288849,-75.76945979,-0.067460299,,18.1798,17.356899
292699278,271.5410753,-75.4726278,0.238161,,18.388599,17.434099
292699319,271.3939039,-75.43682352,0.55727202,,18.7652,17.7817
292699272,271.3207658,-75.47853235,0.42268899,,17.947599,17.0236
292699099,271.1713563,-75.66298195,0.113746,,18.5921,17.619301
292699101,271.5369546,-75.66128204,0.0020478501,,18.764601,17.8279
1688376381,270.9454131,-74.85699128,-0.0050961198,,18.3295,17.6327
1688381398,270.8219939,-74.78777614,0.056589201,,18.9921,18.078199
1688381412,271.003222,-74.77159556,-0.079480298,,18.710501,17.823999
1688381515,270.9538088,-74.73895378,0.104702,,18.379801,17.4839
1688381847,270.880188,-74.69862807,-0.225777,,19.0814,18.1544
1688381950,270.9603787,-74.66837671,0.0082727699,,18.329,17.3932
1688383404,271.0338827,-74.55220771,0.22067,,18.7057,17.799101
1688383424,270.8763689,-74.54506095,-0.14101399,,19.346399,18.421499
1688402853,270.823891,-74.37383554,0.0573816,,18.781601,17.8801
1688402836,271.0246822,-74.36312361,-0.116243,,18.300699,17.701799
1688403248,271.0149608,-74.32581315,0.27719399,,18.283501,17.4179
1688403356,270.8055077,-74.31188712,0.24191301,,17.841101,16.924801
1688404712,270.8372621,-74.24855499,0.048547301,,19.0322,18.1052
1688404713,270.8149412,-74.24753873,0.150732,,18.420601,17.5574
1688405351,270.9219948,-74.08091525,0.14533301,,18.339701,17.623899
1688410572,270.8870258,-74.02896875,-0.23857,,18.5023,17.7379
1688375874,270.899249,-74.95587759,0.13428099,,19.2932,18.3736
1688375912,270.881824,-74.93104634,-0.0620321,,19.3894,18.4555
1688376289,270.8419791,-74.87707168,-0.061377201,,19.775999,18.933599
1688376308,270.9550178,-74.86587984,0.069592297,,19.0851,18.2964
1688381410,270.9572548,-74.78380444,-0.43289399,,19.6159,18.8004
1688381501,270.8786378,-74.74846863,-0.174988,,19.2353,18.418699
1688381823,270.9600715,-74.71523671,0.486981,,18.8715,17.9688
1688381943,270.9280139,-74.66238887,0.052745201,,18.8584,18.037201
1688381976,270.8253976,-74.65365117,0.68034101,,19.398399,18.461201
1688381983,270.8738012,-74.64060182,0.41749999,,19.290199,18.371599
1688381984,270.9507158,-74.63819869,0.24624,,19.9939,19.0856
1688381985,270.9926996,-74.63414417,-0.186939,,20.043501,19.2798
1688381994,270.9580037,-74.62343837,-0.97882497,,20.3722,19.514799
1688382000,271.0552978,-74.60759156,-0.50136,,20.0865,19.2901
1688383324,270.9738427,-74.58342908,0.039304901,,19.6357,18.882099
1688383420,270.893792,-74.54934976,-1.46305,,20.919701,20.012199
1688383423,270.9175772,-74.54330719,0.41058901,,19.7181,18.8873
1688383434,271.0225932,-74.51878446,0.070237003,,20.2293,19.330099
1688383892,270.8150693,-74.48652477,0.131128,,19.184601,18.324499
1688383925,270.820874,-74.46680011,-0.118052,,19.3652,18.4631
1688402708,270.9231121,-74.42291899,0.60191101,,18.5105,17.650999
1688402748,270.9379985,-74.40367436,0.020480599,,19.2169,18.3344
1688402753,271.0399519,-74.38090497,-0.294588,,19.908199,19.059799
1688402841,270.8444184,-74.38452286,0.327833,,18.894501,18.078501
1688402832,270.9543936,-74.37711611,0.35379499,,18.597601,17.801399
1688403247,271.0239222,-74.32575704,0.17011601,,19.034599,18.183399
1688404710,270.7858413,-74.25412097,-0.127708,,20.1563,19.346701
1688404736,270.958152,-74.21494122,0.33460501,,18.3881,17.5914
1688404831,270.9652283,-74.19240954,0.190346,,19.4083,18.529499
1688405207,270.9606823,-74.13836621,0.33685699,,19.775,18.8403
1688405212,270.9827218,-74.13161404,0.27291,,19.5996,18.732201
1688405334,270.8642491,-74.09793134,-0.267066,,19.587099,18.808599
1688410470,270.8869164,-74.05279269,-0.25402099,,19.6723,18.8375
1688410576,270.8853523,-74.02751952,0.65479499,,19.839001,18.914499
292546792,270.5685802,-75.67619513,0.290793,,16.9503,16.077499
292546817,270.6247791,-75.64914026,0.128286,,17.929501,17.1532
292546830,270.5179573,-75.63435901,0.173022,,17.6329,16.7272
292546712,270.5272703,-75.75751114,1.09003,,13.9378,13.1157
292546846,270.5150257,-75.61337645,0.442276,,15.6632,14.834
292546788,270.5967887,-75.67886963,0.41364101,,16.2833,15.3801
292546818,270.6092557,-75.64880515,0.70287299,,16.0851,15.1755
292546839,270.5068147,-75.61987616,1.14841,,14.8114,13.9113
292546552,270.7122644,-75.95824899,0.240252,,18.558701,17.569099
292546705,270.4971977,-75.76116128,0.096191302,,18.1185,17.202801
292546709,270.5183944,-75.75959795,0.152794,,17.374001,16.4331
1688337322,270.1895583,-75.91045117,-0.80238497,,19.771299,18.7889
1688410779,270.031798,-74.07648884,-0.0887907,,18.6101,17.748199
1688338665,270.443481,-75.76720888,0.098693803,,19.131399,18.1514
1688381230,270.3518606,-74.86259989,0.161212,,18.7243,17.8034
1688338519,270.2784286,-75.82085329,-0.90105599,,19.880899,19.0954
1688345330,270.0095077,-75.50295326,0.686939,,19.1507,18.248501
1688345332,270.0570137,-75.49898586,0.238573,,19.523001,18.563999
1688402569,270.1256306,-74.49055265,0.40298799,,18.451,17.5359
1688405009,270.018866,-74.25626903,0.78491998,,19.4601,18.556999
1688410121,270.1159979,-74.19397632,0.31386,,19.7924,18.9603
1688337452,270.4177618,-75.85684218,0.428745,,19.177299,18.375
1688345926,270.4207063,-75.33920338,0.24966601,,19.690901,18.841101
1688383004,270.336768,-74.72632194,0.334912,,18.963499,18.212799
1688383010,270.3331388,-74.71139991,-0.113677,,18.5508,18.1672
1688404566,270.4071059,-74.29205196,0.72253799,,19.3405,18.443501
343598581,271.8150307,-75.96722557,1.66011,,13.7852,12.7522
407634172,82.3807842,-75.06071794,1.4655,,12.3037,11.589
343598907,271.8748709,-75.53040694,1.52953,,13.0698,12.2857
343599178,271.8086984,-75.20767843,0.442597,,16.6586,15.7575
407635095,82.37151301,-74.08731413,0.66756499,,16.0028,15.1455
343598806,271.6515883,-75.66734659,0.47836801,,16.191401,15.1456
343599239,271.6118905,-75.12615669,0.23573799,,16.202,15.4523
407634684,82.29524765,-74.5233338,0.81211901,,14.6725,13.8075
407634721,82.32671719,-74.47953376,0.826626,,15.5215,14.6863
407634960,82.27042844,-74.23518622,1.13726,,13.9033,13.15
343599218,271.8742079,-75.15981297,0.62018001,,15.0302,14.1028
343599221,271.6093152,-75.15378256,1.16028,,15.01,14.0407
343599451,271.5590171,-74.8806237,0.67995602,,14.2807,13.4837
407635002,82.32261842,-74.19044898,0.26257801,,16.6586,15.755
343599490,271.6369026,-74.84182936,0.471948,,16.662701,15.7785
343599640,271.5810207,-74.67048914,1.09841,,14.3968,13.5346
343598930,271.6032164,-75.50719809,0.391812,,17.805799,16.867599
343598916,271.7135218,-75.51881924,0.178487,,17.334801,16.368099
343599295,271.8256156,-75.06768474,0.20658199,,17.2831,16.3279
343599607,271.6208353,-74.71759206,0.26879799,,17.019699,16.1057
407634797,82.2102164,-74.39303401,0.071661197,,17.5921,16.8262
343599016,271.7132896,-75.39021562,0.059698701,,18.3556,17.3986
343599372,271.8011111,-74.97001618,0.13849799,,18.3125,17.416201
343599017,271.7290828,-75.3896471,0.36470601,,16.9785,15.975
343598842,271.7062277,-75.62584357,0.235274,,18.0968,17.0655
343598855,271.6817969,-75.60114244,0.249819,,18.494801,17.5205
343598954,271.6754341,-75.47427459,0.14736301,,18.0909,17.119699
343599528,271.5860403,-74.80395241,0.32201999,,18.2631,17.368401
343599530,271.6205827,-74.80246507,0.23137,,18.2749,17.3549
343598582,271.792793,-75.96530179,0.440465,,17.291401,16.2356
343598757,271.6394803,-75.71795306,0.30065,,17.3519,16.310301
343599473,271.6079441,-74.85854302,0.207092,,18.0156,17.136
407635149,82.36286005,-74.03555431,0.102194,,17.6059,16.99
1688337372,270.5010495,-75.87357542,0.13902999,,18.762501,17.875999
1688343776,270.6047119,-75.59561684,0.032264698,,18.318001,17.389299
1688344245,270.6675718,-75.46652674,0.35691199,,17.316401,16.388
1688345417,270.5596318,-75.41240804,-0.056416798,,18.680099,17.7512
1688404728,270.9208411,-74.2231066,0.029089,,18.4317,17.546
1688410586,270.7978853,-74.03384254,-0.109915,,18.877899,18.0261
1688337535,270.6203342,-75.85302309,-0.202608,,19.3517,18.399401
1688405342,270.8555975,-74.08480639,-0.551723,,19.281401,18.419201
1688410607,270.845284,-74.00948238,-0.40687501,,19.6189,18.701401
1688337368,270.371941,-75.88158838,0.107201,,19.455299,18.6821
1688337369,270.4054411,-75.8772982,0.38363299,,19.679501,18.705
1688337533,270.5840109,-75.86193604,-0.815835,,20.663099,19.7253
1688339016,270.5445603,-75.68641697,-0.0433264,,20.548,19.606701
1688343759,270.4787211,-75.55262138,0.31107,,19.063601,18.1703
1688344049,270.4714761,-75.53399118,-0.052722801,,20.058599,19.1178
1688344079,270.4506546,-75.51111558,0.040378701,,19.6019,18.7915
1688344200,270.431443,-75.46135446,-0.188408,,19.754499,19.0247
1688344205,270.5553789,-75.4430265,-0.161137,,20.073099,19.143101
1688345434,270.4315843,-75.42521295,0.34701601,,18.975901,18.0452
1688345542,270.3610249,-75.37556963,0.089760996,,18.8939,18.1793
1688345910,270.5381396,-75.34440036,-0.174741,,19.4531,18.598
1688403271,270.7931848,-74.33749657,-0.293926,,19.7257,18.957199
1688403274,270.8188484,-74.32239864,0.22970299,,20.043301,19.1301
1688403263,270.8393038,-74.33625291,0.130481,,19.099199,18.225201
1688403264,270.8512863,-74.33457362,-0.26883799,,19.9412,19.1196
1688405182,270.8042859,-74.1823347,0.117704,,19.1991,18.376699
1688405186,270.8538633,-74.16786921,0.42609999,,19.989201,19.074499
1688410478,270.8500601,-74.04446365,0.478266,,19.711399,18.839701
343575258,269.5764155,-74.95360038,2.0862999,,11.6997,10.9624
343576103,269.9508142,-75.9592453,0.79147297,,13.7621,12.9077
343576035,269.7810465,-75.87848537,0.27861801,,17.696899,16.725901
343487485,269.3172057,-74.96777989,0.87540501,,14.4164,13.6038
343487486,269.4457748,-74.96516088,1.07648,,14.5372,13.7591
343579736,270.2025064,-75.12669028,0.82814401,,14.8055,13.918
343486947,269.287816,-75.59865516,0.22858401,,15.319,14.9059
343487552,269.5199106,-74.88237376,0.66402698,,15.4657,14.5861
343488112,269.3345091,-74.31674679,0.42765701,,16.106501,15.3048
343576032,269.7273639,-75.87712415,0.34319699,,15.5062,14.7781
343580285,270.2890467,-74.53890097,0.54692501,,16.016701,15.1326
292616493,270.6504389,-74.32325092,0.025762601,,17.902599,17.003599
343575183,269.7356507,-74.87318041,0.70072597,,15.6878,14.8178
343574663,269.6614742,-74.32233687,0.40625501,,16.9841,16.096001
343574559,269.7013678,-74.22906473,0.380312,,16.545,15.6495
1688374196,270.3677828,-75.16830258,0.242295,,18.8748,17.946501
1688374198,270.4305051,-75.17024245,-0.13826799,,19.188999,18.289101
1688338693,270.3148803,-75.75662023,0.39555499,,18.754101,17.896099
1688374193,270.3738152,-75.16759355,-0.36170399,,19.8668,18.9648
1688374197,270.4283221,-75.17538352,0.34715101,,18.752399,17.847099
1688374199,270.4431935,-75.16391815,0.65815598,,19.150101,18.3363
343575260,269.6048543,-74.95486327,0.342026,,17.636,16.7335
343575464,269.7003885,-75.18897158,0.205358,,18.027399,17.098499
343576034,269.8996207,-75.87830012,0.03669,,17.902399,17.021999
343579826,270.354187,-75.01615885,0.285505,,18.0229,17.107901
343580282,270.0727943,-74.54016642,-0.168405,,18.3888,17.5718
343575800,269.9264207,-75.59270853,0.37634701,,17.817699,16.8561
343576033,269.7400049,-75.87770521,0.454761,,17.714899,16.742399
343575185,269.778051,-74.87811283,0.244424,,17.2299,16.3626
1508957770,269.0612124,-75.17559839,-0.080410101,,19.2792,18.388901
1508958054,269.14952,-75.09350978,0.20584799,,18.848499,17.930799
1508977291,269.0770094,-74.24745102,-0.0494259,,18.673401,17.819
1508958724,269.3309806,-75.00561446,0.063436002,,18.929899,18.142099
1508958536,269.9047625,-74.98708637,0.137982,,18.190399,17.3603
1508963065,269.9483873,-74.62727835,0.236945,,18.331699,17.4599
1508881136,269.9240732,-75.71945375,0.114528,,18.4377,17.471201
1508963071,269.8945364,-74.62411787,-0.0032758799,,18.6593,17.897301
1508980410,269.8827635,-74.08255074,-0.156826,,18.7726,17.8673
1508980412,269.8554871,-74.11178131,-0.18541101,,18.6591,17.907801
1508980413,269.8680622,-74.11087637,0.079041898,,18.732401,17.8354
1688337431,270.2370772,-75.86791942,0.249865,,18.465599,17.5646
1688373659,270.057339,-75.30700304,0.24959999,,18.468399,17.6075
1688344146,270.2718134,-75.48429522,-0.31611899,,19.380501,18.4324
1688374293,270.2162963,-75.13651364,-0.073179796,,18.489599,17.617399
1688402557,270.1522029,-74.50997858,0.0325252,,18.517599,17.649799
1688403090,270.2940684,-74.41094976,0.11136,,18.852699,17.993601
1688338552,270.331485,-75.81525706,-0.21378399,,18.9226,17.988199
1688338682,270.4343711,-75.75978486,0.096680798,,18.703501,17.794701
1688339001,270.3415917,-75.71505606,-0.049008299,,18.75,17.876801
1688343723,270.4038652,-75.59579765,0.117433,,18.055401,17.1548
1688343753,270.3914332,-75.56426619,0.176314,,18.469601,17.523001
1688344062,270.3539633,-75.52580429,0.179254,,18.529301,17.6003
1688344179,270.3858516,-75.47568303,0.14233699,,18.5182,17.5805
1688345541,270.3698749,-75.37838083,0.14755701,,18.982401,18.0453
1688345914,270.4684844,-75.33550252,0.0651628,,17.566601,17.025801
1688346018,270.4667631,-75.30195374,-0.0290449,,18.626801,17.7363
1688373743,270.4832441,-75.23285667,0.19874901,,18.714701,17.776199
1688376035,270.5220361,-74.95505119,-0.085802697,,19.237301,18.323601
1688376055,270.5344015,-74.94695477,0.17273501,,18.2311,17.373301
1688381268,270.3308594,-74.83803258,0.26807299,,18.3734,17.474001
1688381267,270.5075773,-74.81789157,0.098179497,,17.881701,16.971001
1688383709,270.5578676,-74.59173733,0.20073199,,18.489201,17.582199
1688403108,270.4793004,-74.37720867,-0.63500702,,19.316601,18.420601
1688403109,270.4916918,-74.37038792,-0.235203,,19.444099,18.537901
1688404954,270.4534624,-74.22873218,-0.368837,,19.0749,18.2223
1688410765,270.4787923,-74.01596139,-0.23649099,,18.474501,17.682301
1508870131,269.1861717,-75.96049578,-0.54320502,,20.784201,19.8473
1508880486,269.1172772,-75.9308438,0.15616199,,19.158001,18.1901
1508880615,269.283208,-75.87052466,0.491981,,19.8965,18.994499
1508881348,269.3022851,-75.73432965,0.32808799,,19.959,19.082199
1508959195,269.0946609,-74.8516223,0.25600401,,19.1332,18.2286
1508962343,269.0832365,-74.80859475,0.51014799,,19.0382,18.1353
1508963416,269.1354392,-74.59836549,-0.069778599,,19.121401,18.4391
1508963417,269.1826097,-74.60154593,-0.142822,,20.3183,19.4655
1508963419,269.1650496,-74.60104861,0.46193999,,18.8577,17.951099
1508977352,269.1579875,-74.1902685,0.060502801,,18.9184,18.280701
1508977625,269.1732331,-74.10261621,-0.00290696,,20.1071,19.2707
1508881374,269.3086989,-75.70045309,-0.24633101,,19.9289,19.056299
1508881376,269.2337652,-75.71916944,0.28681299,,19.030199,18.2754
1508977186,269.2819463,-74.25503823,-0.038277701,,20.080099,19.1908
1508977236,269.2967857,-74.22751955,-0.824139,,19.6241,18.7733
1508963061,269.9511058,-74.63960147,-0.0181021,,18.791901,18.059799
1508976626,269.9126774,-74.36085109,0.544101,,19.4259,18.5154
1508980133,269.9316716,-74.18675727,0.59891498,,19.6689,18.805201
1508884908,269.9219965,-75.4269988,0.51550901,,19.365601,18.4785
1508958484,269.9265278,-75.01385004,-0.288791,,19.7069,18.8405
1508961757,269.8834911,-74.89447027,0.382862,,19.110701,18.246599
1508976685,269.8820685,-74.33213456,0.0549853,,19.4375,18.628799
1508980406,269.8956783,-74.09649277,-0.017854,,20.122601,19.323999
1688344140,270.2420383,-75.498905,-0.28104699,,19.958799,19.002899
1688373649,270.1709818,-75.29844429,-0.165473,,19.718201,18.870001
1688373654,270.2646467,-75.28454778,-0.0751414,,19.681299,18.7586
1688373797,270.0849878,-75.25133177,0.196156,,18.883301,18.0336
1688402492,270.36673,-74.5391437,-0.67400599,,20.241699,19.370701
1688402495,270.3508687,-74.53780452,-0.042236701,,18.9655,18.179199
1688404928,270.2219288,-74.24512171,0.22115099,,18.812401,18.0219
1688338605,270.234125,-75.78971287,0.243788,,19.651199,18.753901
1688338971,270.3120231,-75.7310997,-0.29505101,,19.5812,18.6635
1688339051,270.243066,-75.69643599,0.042383,,19.6362,18.819599
1688402558,270.1523738,-74.51650165,-0.036453798,,19.907101,19.0233
1688403004,270.4165806,-74.40960232,0.0133974,,19.1301,18.3095
1688337067,270.4581451,-75.93473788,0.389633,,18.385099,17.533899
1688337360,270.3137393,-75.90578036,0.16762599,,19.734699,18.7274
1688337478,270.3685755,-75.84688935,0.217329,,19.482201,18.4834
1688338580,270.0608062,-75.82827416,-0.137254,,19.664801,18.770201
1688343635,270.3679594,-75.60604146,0.55460203,,20.1325,19.200899
1688343727,270.3747589,-75.58288017,0.0293156,,19.851,18.913099
1688343728,270.4399965,-75.5878134,-0.019825799,,19.0877,18.206499
1688343966,270.0432642,-75.60632666,-0.278256,,20.0821,19.16
1688344056,270.5444916,-75.51642259,-0.064319797,,19.947201,19.086599
1688344177,270.3772025,-75.48187735,-0.035515599,,19.272499,18.482599
1688344185,270.290859,-75.48007954,0.096685201,,20.110201,19.1917
1688344190,270.4312859,-75.46916835,0.51481998,,18.247601,17.3745
1688344193,270.4418749,-75.4664004,-0.048588902,,19.983299,19.1145
1688345418,270.3133797,-75.44915576,0.087872297,,19.849899,18.989
1688345450,270.0588053,-75.46129083,-0.86914003,,20.9188,19.968
1688345445,270.5330794,-75.39332456,-0.63625598,,20.2677,19.339001
1688345944,270.5424593,-75.30220458,0.42814499,,20.208799,19.2976
1688373632,270.1051257,-75.31351356,-0.13760801,,19.8661,19.001699
1688373720,270.5349754,-75.24525538,0.29513699,,19.043301,18.106001
1688373751,270.4392157,-75.22602007,-0.81270897,,20.572701,19.7076
1688374217,270.3204257,-75.15610763,0.0136963,,19.2885,18.4023
1688374208,270.4663952,-75.15599808,0.53871399,,19.579201,18.671801
1688374327,270.498362,-75.10667774,0.33760801,,19.2064,18.272499
1688374354,270.5484242,-75.07950483,0.60404003,,19.057501,18.1208
1688375589,270.513484,-75.0441967,0.518206,,19.5462,18.622999
1688375938,270.0377568,-75.05047944,-0.067363799,,19.941999,19.025499
1688375700,270.6568083,-75.03635379,-1.38007,,20.4755,19.5896
1688376033,270.5240047,-74.95412763,0.41825801,,19.268,18.332899
1688376052,270.428451,-74.95864097,0.19171,,18.9492,18.1362
1688376163,270.2835591,-74.9385495,-0.117779,,19.7771,18.8797
1688381015,270.0368238,-74.95820006,-0.60382301,,20.554899,19.6546
1688381119,270.4352456,-74.87660578,0.254049,,19.2083,18.3577
1688381124,270.4853085,-74.87739576,0.45408601,,18.337,17.4512
1688381287,270.4526902,-74.82017496,0.411134,,19.715401,18.841299
1688381288,270.5026226,-74.80945077,0.19290701,,18.927401,18.026501
1688381291,270.490355,-74.81811092,0.246144,,18.9067,17.980101
1688381724,270.3942667,-74.73397989,0.29791701,,18.7495,17.8561
1688381710,270.4653675,-74.73328582,-0.21359301,,19.5473,18.7022
1688381744,270.46447,-74.7100212,0.60051,,19.177299,18.279499
1688381745,270.5212816,-74.70265088,0.40698799,,18.6327,17.7756
1688383027,270.4439209,-74.69029395,0.37464201,,18.9814,18.081699
1688383069,270.0025819,-74.74131947,-0.86887598,,20.323,19.518101
1688383690,270.4592045,-74.54647088,-0.40329099,,20.270201,19.391701
1688383708,270.5184087,-74.51633106,0.42971799,,19.5236,18.6611
1688402618,270.2667935,-74.4818207,0.35672399,,18.741301,17.909599
1688404496,270.4334021,-74.29865664,0.157387,,19.244101,18.3459
1688404499,270.5176375,-74.28884763,-0.737086,,20.0368,19.2754
1688404569,270.4216367,-74.28791196,0.48964399,,19.607,18.7136
1688404582,270.5011585,-74.26204779,0.046371698,,19.6905,18.8631
343580245,269.9951971,-74.57141253,0.24371301,,16.826799,16.0406
343579266,270.3415185,-75.66325162,0.38932201,,16.332399,15.377
343579329,270.3411083,-75.57947264,0.35759801,,16.643101,15.723
292630086,271.0580925,-74.88688899,0.75069898,,13.7538,12.9466
343579323,270.249095,-75.58451977,1.51551,,14.2142,13.4113
343580537,270.1013393,-74.27049272,0.66418701,,14.4471,13.6666
292546936,270.5258092,-75.5278853,0.68254101,,15.7411,14.8369
292547063,270.7315603,-75.46457982,0.70382798,,14.0796,13.2734
292547909,270.7026564,-75.02889112,1.36858,,13.971,13.1165
292628202,271.0146515,-74.06132307,1.32489,,14.5881,13.7053
292629209,270.8767356,-74.49170856,0.75740099,,15.0718,14.157
292630253,270.8396873,-74.95175641,1.03789,,14.5822,13.7387
292631132,270.7711072,-75.35890709,1.10453,,14.6994,13.7841
343579184,270.2863585,-75.7692685,1.22768,,14.6188,13.7249
1688404992,270.4733757,-74.20720411,0.171707,,19.045401,18.1612
292546608,270.6942443,-75.87863004,0.454788,,15.623,14.6958
292546643,270.6810238,-75.83602533,0.79532498,,14.2401,13.3209
292546734,270.6338607,-75.73939978,1.08792,,15.3368,14.3801
1688405114,270.472793,-74.17140491,-0.32908201,,20.5476,19.671101
1688405119,270.4224825,-74.16988994,0.48285899,,18.5259,17.6399
292547911,270.5957724,-75.02728011,0.704346,,15.1543,14.2773
292548304,270.5499372,-74.84116167,0.74976701,,15.1572,14.2714
292616618,270.743613,-74.28268991,0.348952,,15.1801,14.579
292616620,270.7167678,-74.28110652,0.706038,,14.4842,13.6752
1688410346,270.4634961,-74.08406064,-0.158867,,20.316401,19.4508
1688410348,270.472501,-74.08801611,-0.23110799,,20.207001,19.381001
1688410350,270.2788881,-74.10857282,0.41681001,,18.9669,18.1015
1688410368,270.3944217,-74.09064263,0.243615,,19.9373,19.1301
292629970,270.8359627,-74.84262708,0.35958299,,16.244101,15.4638
1688410763,270.4194534,-74.02344323,0.276059,,19.1415,18.3832
292630703,271.0838551,-75.13610893,0.89770502,,15.3768,14.4443
292630880,270.9787079,-75.22637546,0.54859799,,16.2188,15.2981
292631160,270.894776,-75.37325107,0.240328,,16.7834,15.9809
1688410879,270.3203381,-74.00439446,0.204882,,19.902399,19.096901
292630615,270.7915746,-75.10375453,2.64132,,10.483,9.72052
292630821,270.8663194,-75.19262892,1.9560601,,12.1016,11.2743
343580394,270.0762625,-74.41326866,0.980241,,13.6023,12.8206
292546606,270.6701407,-75.88234084,2.5503099,,12.5403,11.6722
292631343,270.9366726,-75.46068291,1.1930701,,13.6991,12.769
292628100,271.1386791,-74.00693568,0.392672,,16.7407,15.8208
343580569,269.9854987,-74.23456598,0.31489301,,16.821301,16.022699
343579559,270.218907,-75.32731987,0.91923398,,15.3348,14.4629
343580698,270.3302141,-74.11874409,0.48964,,15.7731,14.8637
343580251,270.1420511,-74.56560754,0.50702697,,16.182699,15.286
343579319,270.1158758,-75.58909055,0.58420497,,14.8603,13.9906
292547130,270.359904,-75.42770256,0.47033501,,16.4088,15.4831
292547674,270.5906447,-75.15193048,0.52760398,,16.3389,15.4008
292616088,270.7384918,-74.50341079,0.249889,,16.6712,15.8078
292629067,270.9169062,-74.42847868,0.68730903,,14.8842,14.0208
292630695,271.1382354,-75.13029722,1.0057499,,14.8317,13.8984
292630786,270.7606043,-75.17503163,0.145943,,18.125099,17.2605
292548373,270.7523437,-74.81500412,0.145896,,17.9531,17.268801
343574961,269.9107647,-74.62810538,0.20927,,18.3736,17.4611
343580249,270.2367097,-74.56641661,0.27893201,,17.476999,16.5653
343580572,270.2388107,-74.2335744,0.32562,,17.2463,16.4554
343579562,270.3292556,-75.32315633,0.324292,,16.952101,16.024
292546631,270.7024676,-75.84907375,-0.062610999,,18.652599,17.648001
292547623,270.4792427,-75.18590917,0.47009099,,17.110701,16.226999
292616050,270.5658859,-74.52405628,0.29027301,,16.958599,16.179001
292628333,270.7633513,-74.11224829,0.31934899,,17.2176,16.296301
292631135,271.0613534,-75.36194428,0.33805501,,16.9307,15.9654
343574960,269.8257548,-74.62767756,0.47499901,,17.1329,16.2349
343579970,270.2720385,-74.86453522,0.098701999,,17.4543,16.5783
292547062,270.3697747,-75.46588357,0.38363001,,17.427601,16.553699
292628206,271.0925436,-74.06345999,0.39175001,,17.5501,16.620701
292628664,271.1368073,-74.25597175,0.151389,,17.530001,16.6007
292629318,270.7860891,-74.54967594,0.26712,,17.3409,16.4751
292630865,270.7333165,-75.21690906,0.342152,,17.794901,16.886801
343579262,270.0263777,-75.66749591,0.33267099,,18.008101,17.080999
343580538,270.2416858,-74.27017823,0.065048397,,18.0534,17.1644
343580541,270.2298181,-74.26862231,0.218604,,18.0769,17.1616
292546988,270.4524737,-75.49312465,0.39929599,,17.8543,16.918501
292628304,271.0759591,-74.10259649,0.38192901,,17.8505,16.940901
292628332,271.1178113,-74.11180346,0.152353,,18.399599,17.502399
292630338,271.0540729,-74.98326687,0.248348,,18.1217,17.287399
292630340,270.696488,-74.9829346,0.42929199,,18.272699,17.3468
292631162,270.7850214,-75.37586327,0.064616002,,18.0333,17.2218
343580636,270.0049389,-74.17713733,0.54169899,,17.909,17.090099
292630784,271.0506482,-75.17397056,0.53847998,,18.4203,17.492001
343579560,270.0127117,-75.32640157,0.30914399,,17.819099,16.9203
292546732,270.4847005,-75.74068868,0.269604,,17.4737,16.544901
292628145,271.0802638,-74.0284643,0.0149685,,17.3367,16.496799
292630369,270.9293492,-74.99335895,0.346351,,17.678499,16.820999
292632059,270.8414069,-75.82733377,0.22864,,18.065701,17.0839
343579557,270.27651,-75.32772147,0.20913,,18.2026,17.3633
1508884679,269.1302309,-75.45439388,0.040662698,,18.474001,17.5881
1508958138,269.0918249,-75.00856193,0.0998725,,18.731701,17.825899
1508963481,269.1948313,-74.57391536,0.016624101,,18.8097,18.040701
1508976288,269.0942669,-74.35394252,-0.00565186,,18.6437,17.7435
1508881315,269.2213681,-75.76387418,0.067443803,,18.745501,17.805401
1508976167,269.2265741,-74.41486565,0.101483,,18.982401,18.083401
1508976180,269.2788612,-74.3861463,-0.141592,,18.9373,18.0516
1508880625,269.2833248,-75.82875378,0.401831,,18.243799,17.3137
1508880656,269.3210668,-75.82473394,-0.31996,,18.8925,17.992599
1508880678,269.3379547,-75.79257715,0.287617,,18.572201,17.6077
1508881298,269.2890689,-75.75768499,0.138722,,18.3491,17.644699
1508885641,269.4019087,-75.24581686,0.179548,,18.886499,17.994699
1508885644,269.356858,-75.25657218,0.21217901,,18.6429,17.7425
1508957654,269.3807164,-75.20072925,0.02864,,18.416599,17.4939
1508958706,269.3212156,-75.0248887,0.322676,,18.6052,17.688999
1508963569,269.2003976,-74.54748709,0.29162601,,18.2547,17.3976
1508963574,269.2488615,-74.54675769,-0.27898201,,18.3911,17.525999
1508963291,269.3384083,-74.66239284,0.138348,,19.076401,18.1908
1508963292,269.432949,-74.66366946,0.0137891,,18.6653,17.767099
1508885230,269.485087,-75.34177007,0.17652699,,18.698299,17.739
1508958371,269.5620868,-75.05684156,0.223781,,18.351,17.4408
1508961857,269.4962791,-74.87223893,-0.35500801,,18.8871,17.974701
1508883836,269.7345423,-75.62495683,0.056228999,,18.258699,17.3447
1688345969,270.1684212,-75.34239406,0.0830236,,18.749901,17.8279
1688402479,270.1365648,-74.54949895,0.106339,,18.788099,17.947599
1688410321,270.2381974,-74.10996481,0.279405,,18.368401,17.5511
1688343676,270.1831313,-75.61286202,-0.158075,,19.1443,18.2421
1688381094,270.3408918,-74.90883449,0.138376,,19.039,18.115299
1688383578,270.0063467,-74.63220694,0.13192201,,18.685301,17.7551
1688404434,270.261889,-74.34456939,0.095356502,,18.693199,17.8078
1688410101,270.0473051,-74.21505716,0.0111661,,18.7124,17.9723
1688344031,270.273595,-75.52836128,0.25878501,,18.7948,17.8638
1688337216,270.5851497,-75.89548837,-0.166012,,19.226299,18.3095
1688337655,270.7465297,-75.78688802,0.292577,,18.856701,17.861099
1688338839,270.7117151,-75.69019738,0.033903301,,18.926001,17.950899
1688343764,270.4865118,-75.54926123,-0.071846001,,18.4555,17.6213
1688343815,270.8253875,-75.5522036,0.32444701,,18.497499,17.5644
1688346071,270.6274352,-75.32275996,0.156482,,18.263901,17.491199
1688346189,270.5678937,-75.2775269,0.062363598,,18.9335,18.013399
1688346227,270.7211003,-75.2361843,-0.053112,,19.270599,18.325399
1688373887,270.6203759,-75.23696283,-0.052846801,,18.925501,17.987
1688373900,270.7247073,-75.21027994,-0.145161,,19.030399,18.1285
1688374028,270.6528566,-75.14692327,-0.21089301,,18.7729,17.858101
1688374372,270.6710609,-75.13293785,0.063531801,,18.5488,17.613199
1688374527,270.7466382,-75.04331987,0.0253074,,18.595501,17.7029
1688376349,270.5789187,-74.87977194,-0.0054675601,,18.901699,18.068501
1688383198,270.5613362,-74.6895641,-0.046307299,,19.192499,18.2614
1688383237,270.5968046,-74.65777893,-0.48644799,,19.097099,18.176201
1688383232,270.6825537,-74.65849918,-0.00151001,,18.827499,17.903601
1688383341,270.5741974,-74.62480213,0.12906,,18.3941,17.4611
1688383346,270.7655403,-74.60944183,-0.232289,,19.124399,18.209999
1688383753,270.5583645,-74.56441028,0.15786999,,18.470501,17.655001
1688383761,270.627029,-74.54834636,0.062489301,,18.334101,17.441601
1688402649,270.5761979,-74.48454373,0.030536599,,18.4459,17.587999
1688402776,270.585891,-74.42373068,0.121807,,18.759001,17.938101
1688403322,270.5760233,-74.32348637,-0.0178931,,19.279499,18.368299
1688404745,270.5338704,-74.2763426,0.065797202,,18.886801,18.017
1688404747,270.5748538,-74.26924196,0.168883,,18.409599,17.6231
1688404809,270.7442403,-74.19603246,-0.144774,,18.723801,17.8148
1688410384,270.530791,-74.12538921,-0.115018,,18.382601,17.548901
1688410562,270.7238528,-74.02416399,0.193739,,18.3452,17.5968
1508881420,269.0782467,-75.74043707,-0.00201584,,19.490299,18.5098
1508881424,269.1059492,-75.7367394,-0.75600499,,19.851,18.8843
1508884755,269.090888,-75.39391545,-0.47781,,20.4245,19.4758
1508957775,269.0280456,-75.16800602,0.25392199,,19.355,18.5047
1508958132,269.1053572,-75.01518734,-0.157304,,20.5145,19.696199
1508958940,269.047152,-74.90576928,0.35412401,,20.096901,19.248899
1508963479,269.1900003,-74.57578456,-0.44115701,,20.452499,19.587
1508963692,269.1930888,-74.5221289,0.36434999,,18.4897,17.708099
1508880456,269.2304806,-75.90407433,-0.86597902,,19.7185,18.8939
1508880640,269.2396676,-75.82118664,0.0913461,,19.2775,18.352501
1508881681,269.1591444,-75.58175924,0.41099301,,18.727301,17.801901
1508957737,269.2172288,-75.14670304,-0.082310803,,19.8055,18.999399
1508958036,269.2173264,-75.03898933,0.364104,,18.818399,17.9914
1508958741,269.2255345,-75.00842042,-1.78194,,21.0247,20.1164
1508976437,269.2349621,-74.32216063,0.29278901,,18.9021,18.011299
1508880676,269.3317135,-75.79623292,0.38785899,,19.805,18.9526
1508957658,269.3673147,-75.21041904,-0.140488,,20.0441,19.1654
1508957725,269.262669,-75.1687425,0.390506,,19.325899,18.5418
1508957919,269.4083493,-75.12193418,0.55626798,,20.1283,19.191799
1508957995,269.3612681,-75.06295648,0.0093075503,,19.7493,18.899599
1508962546,269.4065653,-74.70936284,-0.235907,,20.194901,19.4021
1508963310,269.3001323,-74.65125877,0.031552799,,20.438601,19.525101
1508963571,269.1993886,-74.54861981,-0.796803,,20.5131,19.6047
1508870081,269.3782414,-75.99400223,0.433222,,19.566099,18.573299
1508884376,269.2554551,-75.52543746,0.0226376,,19.8286,18.9625
1508884571,269.309436,-75.47183193,-0.12311,,19.419001,18.527599
1508885330,269.3029547,-75.40773086,-0.84561801,,20.554501,19.632401
1508959055,269.3337807,-74.89041584,0.141605,,19.612499,18.841
1508963392,269.2616353,-74.58799914,0.32844901,,19.6686,18.7834
1508963589,269.2144328,-74.52839856,0.25688201,,18.7556,17.9182
1508980745,269.3890492,-74.063917,0.40726101,,19.5208,18.8123
1508870089,269.3642077,-75.9790328,0.30828199,,19.3472,18.429199
1508881564,269.3331771,-75.66871684,0.54466099,,19.0525,18.130501
1508885579,269.4067236,-75.30892542,0.25261301,,19.232901,18.2819
1508962293,269.438225,-74.79532214,0.066357799,,19.888399,19.044901
1508963561,269.3221978,-74.57245936,0.49698499,,19.071199,18.174101
1508977427,269.469879,-74.19387163,0.054887999,,19.5823,18.843399
1508977517,269.3316731,-74.11964987,-0.31672999,,19.570499,18.705999
1508880052,269.4302003,-75.97196341,0.094750702,,19.5189,18.596701
1508880056,269.5547991,-75.97631704,0.432726,,19.6901,18.8298
1508880998,269.4768203,-75.77133096,-0.12394,,20.254101,19.4126
1508881004,269.7030705,-75.78497677,-0.171973,,19.782801,18.927299
1508883997,269.4766133,-75.55640927,-0.0218828,,20.562901,19.6406
1508885231,269.4667218,-75.34060278,0.455753,,18.469299,17.577801
1508958366,269.4869009,-75.06636186,0.170201,,18.9408,18.152901
1508980271,269.5454568,-74.14467649,0.112021,,19.323601,18.5938
1508980588,269.7382345,-74.04464443,-0.483309,,20.1563,19.2806
1508883842,269.9794474,-75.64011486,-0.13117,,19.771,18.8085
1688338523,270.2890038,-75.81308495,0.183763,,19.7609,18.865
1688343553,270.0718297,-75.67086447,-0.50748301,,20.013201,19.0832
1688374149,270.0038023,-75.21587181,-1.73334,,20.9877,20.125799
1688374150,270.1120255,-75.19992554,0.071758904,,19.9767,19.067301
1688375611,270.1042152,-75.07021086,0.221504,,20.0497,19.1476
1688410318,270.2396347,-74.10453619,0.31798899,,19.1525,18.3937
1688410833,270.172962,-74.02389848,0.27776599,,19.0196,18.239
1688337413,270.229439,-75.88942533,0.148794,,19.4769,18.549101
1688338495,270.2829625,-75.82882461,0.50705498,,19.382601,18.414499
1688338497,270.0049024,-75.86215738,0.53636199,,18.688601,17.7356
1688374134,270.2366182,-75.20435596,0.18140601,,19.2062,18.2775
1688404428,270.1511807,-74.36522023,0.235673,,19.485399,18.6598
1688404429,270.181131,-74.36321836,-0.68495101,,19.2325,18.4501
1688337022,270.3177355,-75.97319922,0.131753,,20.7621,19.765499
1688343599,270.4030509,-75.63115758,-0.064534299,,19.3496,18.454
1688343600,270.361008,-75.63173245,0.0037710201,,19.9888,19.147699
1688345429,270.3606678,-75.42608095,0.389366,,18.730101,17.8477
1688381600,270.3597006,-74.80369778,0.16451199,,19.030199,18.185801
1688405070,270.27668,-74.22731475,0.062493399,,20.3484,19.442101
1688405073,270.3171342,-74.2081038,-0.0138519,,19.874399,18.9615
1688410354,270.3410689,-74.09764917,-0.49833101,,20.1621,19.319099
1688337209,270.5872413,-75.91207731,-0.054857198,,20.305201,19.333599
1688337212,270.59617,-75.91146445,0.296579,,19.832199,18.8304
1688337505,270.6038968,-75.88847686,0.29713801,,19.2652,18.274799
1688337507,270.6525636,-75.88083613,0.161327,,19.260799,18.361401
1688337552,270.6945816,-75.83942382,0.186132,,18.4305,17.773701
1688337658,270.8119346,-75.7798978,0.0883343,,19.7304,18.7726
1688338739,270.7221392,-75.7342237,0.38988799,,19.162201,18.285801
1688338841,270.6560053,-75.6988299,-0.45765001,,20,19.041201
1688339170,270.6714594,-75.66380184,0.53715599,,19.853201,18.937201
1688339183,270.678108,-75.64744297,-0.017922301,,19.5548,18.7756
1688339246,270.6287834,-75.63161729,-0.473456,,20.447399,19.532801
1688343772,270.5998726,-75.59510616,-0.153419,,19.1684,18.3071
1688343816,270.7974388,-75.55150559,0.55508202,,19.093201,18.216
1688344209,270.6023963,-75.51115775,0.31894499,,18.9356,18.056
1688344348,270.5942084,-75.44161448,0.520859,,18.477501,17.612301
1688344354,270.6190823,-75.4279399,0.093210801,,19.9865,19.121
1688345573,270.6417519,-75.4073063,0.119083,,19.336901,18.459
1688345599,270.6652061,-75.39216951,0.45388201,,19.2962,18.4139
1688345601,270.652658,-75.38762188,0.14551599,,19.042601,18.169201
1688345721,270.5643554,-75.35326315,0.203574,,19.953199,19.0214
1688345737,270.6689891,-75.32572457,0.030510399,,19.4937,18.583799
1688346191,270.5870825,-75.27560458,0.33009499,,19.6626,18.889299
1688346217,270.6272438,-75.24906511,-0.32473999,,19.569599,18.7815
1688373896,270.666458,-75.21600305,-0.121656,,19.5264,18.663401
1688373994,270.5623859,-75.19429276,0.0139761,,19.3598,18.4723
1688374003,270.6188393,-75.17277289,-0.74629098,,20.642,19.7068
1688374026,270.6841431,-75.1420709,0.197147,,20.3034,19.4251
1688374496,270.6293407,-75.08132397,0.46934599,,19.289301,18.381399
1688374503,270.7807219,-75.07024086,0.190567,,18.882999,18.0431
1688374523,270.6765261,-75.04550833,0.0122577,,19.8361,18.930099
1688375742,270.6370348,-75.00791061,0.41023001,,19.3335,18.466999
1688375823,270.6264249,-74.99219761,0.136473,,19.413601,18.5124
1688375852,270.7255149,-74.95880551,0.56308699,,19.7969,18.867599
1688376313,270.5514477,-74.92241759,-0.22011,,20.305401,19.448999
1688376318,270.6449249,-74.8999348,-0.12845001,,19.7381,18.8946
1688376228,270.61556,-74.93278689,0.166548,,19.1991,18.2988
1688376231,270.6732167,-74.91723207,0.196224,,18.964899,18.319
1688376253,270.8747882,-74.91631111,-0.97339499,,20.754,19.8626
1688381784,270.5590509,-74.75260479,0.041747902,,19.170799,18.257799
1688383199,270.5811841,-74.68811231,0.34235799,,19.542601,18.6124
1688383203,270.6206894,-74.67641878,-0.23583201,,19.5987,18.6922
1688383233,270.7726069,-74.63948091,0.0041243201,,20.123501,19.3248
1688383712,270.5846316,-74.59471233,0.29674199,,18.683201,17.7742
1688383748,270.5770639,-74.56909562,0.42672801,,18.583401,17.797701
1688383762,270.6874365,-74.54273868,0.385957,,19.236401,18.337799
1688383766,270.6890436,-74.54534693,0.078073896,,18.948299,18.0693
1688403295,270.5788196,-74.34206575,-0.124023,,20.1861,19.3368
1688403326,270.6453753,-74.30654844,0.17415901,,20.547501,19.6546
1688403336,270.7015788,-74.30089168,-0.118657,,20.525499,19.607901
1688403338,270.6918737,-74.30356655,0.66592598,,19.4153,18.5697
1688404633,270.5502029,-74.30601579,-0.083766498,,20.3258,19.501301
1688404805,270.7043017,-74.20339407,-0.39264101,,19.9711,19.181101
1688404806,270.671732,-74.21460285,0.44162601,,19.9571,19.123699
1688410401,270.7634807,-74.09771283,0.238685,,19.373301,18.586
1688410402,270.7030817,-74.08972988,-0.031996101,,19.2283,18.359501
1688410504,270.5693077,-74.08624655,0.227127,,19.096201,18.2409
1688410506,270.5244394,-74.09256405,0.15684199,,19.5359,18.631201
1688410429,270.7269131,-74.0733138,0.065766603,,19.401699,18.478201
292617056,270.4236624,-74.11166917,0.30944201,,16.4921,15.6574
292547428,270.4659413,-75.29441596,0.645917,,15.5077,14.6762
292616782,270.6791138,-74.21566421,0.489398,,15.4746,14.6368
343575978,269.7831037,-75.79879724,3.37445,,9.5303097,9.0594301
343576125,269.7290739,-75.9830512,1.11858,,13.5133,12.7359
343575088,269.7134903,-74.75352644,1.7445199,,12.7068,11.9513
343487428,269.5270682,-75.03621873,0.28521699,,17.0177,16.0942
343574404,269.842221,-74.07317827,0.057845701,,16.819099,16.0846
343575666,269.8540873,-75.43164591,0.300973,,17.9491,17.028099
343579481,270.0344576,-75.40050393,0.20273501,,16.298,15.7589
343580600,270.159785,-74.21762394,0.26769701,,16.741699,15.8547
343580708,270.260832,-74.10791718,0.241081,,16.948099,16.033199
343487363,269.4738132,-75.13919845,0.70217597,,16.290199,15.3562
343574423,269.7602328,-74.09428173,0.417703,,16.362,15.5278
343486876,269.4731179,-75.68324887,0.59883898,,15.8478,14.896
343574533,269.9257115,-74.20160258,0.60287398,,15.5554,14.6502
343575178,269.7252388,-74.86543833,0.37643799,,15.8763,14.9986
343575430,269.6294854,-75.15319499,0.71110702,,15.3699,14.4902
343575431,269.7664793,-75.15376802,1.08952,,14.3478,13.4188
343575433,269.9590262,-75.15432132,0.86097199,,14.3869,13.6983
343575434,269.8551352,-75.15554686,0.692433,,15.0505,14.2954
343576124,269.6850005,-75.98168146,0.67584097,,14.3001,13.356
343575086,269.7981763,-74.7528909,0.56933802,,15.0874,14.1731
343575712,269.7586876,-75.48544086,0.63462299,,15.3307,14.3858
343580709,270.2853573,-74.10765945,0.63211399,,15.6428,14.7303
343486675,269.211476,-75.91766588,0.30184799,,13.7035,12.7308
343580297,270.1262078,-74.52511323,1.07885,,13.2582,12.4737
343486769,269.1862031,-75.79889109,0.502321,,14.0536,13.0997
343579671,270.1818541,-75.20873228,0.87776798,,15.4663,14.5715
343574406,269.7694466,-74.07513229,0.45740399,,17.641899,16.822701
343487183,269.1853256,-75.30673234,0.369423,,17.6647,16.738701
343487185,269.4361989,-75.30614114,0.26269299,,17.739901,16.848301
343574467,269.6676936,-74.13893676,0.26673099,,17.0839,16.1964
343574471,269.8225585,-74.1427788,0.034175299,,17.8118,16.902201
343574473,269.8725504,-74.14385899,0.18995699,,18.019501,17.1103
343576041,269.80119,-75.88313597,0.306003,,16.754801,15.8315
343575229,269.9319264,-74.92753965,0.32647401,,17.715099,16.815599
343579475,270.3010728,-75.4060268,0.45556501,,17.366301,16.446301
343487179,269.357185,-75.31196575,0.080837198,,17.885201,16.958099
343487366,269.3799351,-75.13316178,0.34160101,,17.871901,17.030199
343575181,269.9991507,-74.86872901,0.241017,,18.055799,17.2423
343576121,269.8956558,-75.97958215,0.313703,,18.116699,17.112499
343575576,269.7954892,-75.32856809,0.274129,,17.6432,16.788601
343487082,269.38919,-75.44033108,0.85723501,,14.0126,13.308
343575111,269.7034919,-74.78102805,0.290005,,17.9049,16.983801
343575115,269.6764174,-74.78619194,-0.124345,,18.4478,17.554701
343580560,270.1761779,-74.24106543,0.078059897,,17.9485,17.2087
343580713,270.2100553,-74.10310276,0.222859,,17.5245,16.6269
292546559,270.4480165,-75.93910512,0.250182,,18.370001,17.3883
343579672,270.3163226,-75.20770414,0.61833602,,16.527,15.5846
343574470,269.7864599,-74.14191446,0.54392803,,17.371201,16.4713
343575478,269.9012294,-75.21096571,0.197933,,17.206499,16.290501
343486663,269.3184609,-75.93152603,0.4312,,17.834999,16.848499
343575818,269.9276504,-75.60566744,0.315911,,18.1408,17.181801
343579499,270.0081263,-75.38212692,0.28259701,,17.993299,17.0597
343580762,270.2288056,-74.0518077,0.29837599,,17.7855,16.927099
292547733,270.5275311,-75.12780602,0.15896,,18.2384,17.333799
343575052,269.9133399,-74.72447196,0.22029699,,18.316601,17.4487
343575436,269.9145291,-75.15694304,0.16523799,,17.3811,16.684099
343487470,269.3428852,-74.98519242,0.16012,,18.122,17.221701
343580760,270.1262215,-74.05302931,0.174786,,18.2276,17.366301
343579668,270.3394221,-75.21431446,0.170577,,17.945999,17.018499
343580779,270.2946284,-74.03970431,0.25545999,,17.9438,17.068001
1508884045,269.7877625,-75.5805798,-0.25279799,,19.3827,18.442301
1508975879,269.8930812,-74.4262843,0.219404,,18.2694,17.386801
1508980386,269.9443681,-74.11696913,0.173094,,18.4139,17.5345
1688337315,270.1929335,-75.92278071,0.121964,,18.633101,17.629499
343486766,269.5338188,-75.80066603,0.242606,,17.940901,17.0275
1688338933,270.240691,-75.75901052,-0.246565,,19.160999,18.3144
1688338527,270.3318838,-75.83233447,0.226707,,18.7976,17.8876
1688338528,270.3773528,-75.82581246,-0.19959299,,18.9408,17.997801
1688338650,270.3224229,-75.79135644,0.152389,,18.9772,18.0525
1688345513,270.355741,-75.40658503,0.18684401,,18.692101,17.7752
1688345514,270.4055531,-75.39741322,0.068433002,,18.176701,17.2582
1688402505,270.3535198,-74.52825832,0.019225299,,17.886101,17.093201
1688402511,270.4614684,-74.50128925,0.193137,,18.951799,18.037001
1688404464,270.5067468,-74.32516495,0.132063,,18.4741,17.6457
343487327,269.2684792,-75.17800632,0.362497,,17.8717,16.991699
343579674,270.2917353,-75.20662575,0.28455299,,17.4694,16.5471
1508880313,269.4731312,-75.86671625,0.30389899,,18.252199,17.302299
1508884273,269.5673387,-75.46221126,0.30458999,,18.469101,17.5191
1508957322,269.4719147,-75.24826359,0.27458099,,18.3575,17.546101
1508885176,269.755687,-75.33842651,0.28552401,,18.3972,17.5177
1508961728,269.8426424,-74.90944787,0.252397,,18.454,17.5741
1508961689,269.966568,-74.94175509,-0.0295875,,19.3584,18.5553
1688345850,270.2305672,-75.38730853,-0.0447166,,18.792299,17.8764
