1688307584,277.8058045,-75.5853978,0.032590602,,18.5737,17.7202
1688307589,277.9397284,-75.57219047,-0.116442,,18.8617,17.900299
1688355425,277.8910593,-74.53571575,0.315819,,18.087299,17.127001
1688330200,277.9553527,-75.141479,0.20144799,,18.5256,17.668501
1688357200,277.9331451,-74.33424192,0.22686499,,18.398899,17.4872
1688301373,278.0559773,-75.97333076,0.055704799,,18.5306,17.575899
1688302013,278.303434,-75.87363025,0.238968,,18.1311,17.262899
1688329207,277.6610965,-75.29753432,0.125966,,18.9002,17.959999
1688336520,277.6237424,-74.81341819,-0.066324398,,18.8983,18.022301
1688355389,277.7884706,-74.57796557,0.082125902,,19.0851,18.141899
1688357180,278.0101148,-74.34965091,0.178905,,18.9328,17.999399
1688334885,278.12612,-74.90261647,0.031564198,,18.9713,18.0385
1688301785,278.8907354,-75.91379873,0.180702,,18.9816,18.033899
1688367077,279.0854385,-74.65192547,-0.212135,,18.8641,17.958401
1688330219,278.1402263,-75.1246135,-0.198255,,19.434401,18.523701
1688329208,277.6862875,-75.29075221,-0.65113002,,19.625999,18.8787
1688333858,277.6115089,-75.1224813,0.30913401,,18.710199,17.8104
1688334172,277.6045729,-75.08174396,0.101088,,19.4116,18.5049
1688355251,277.6714421,-74.65941049,-0.75093597,,19.801201,18.871201
1688361551,277.6855481,-74.27587954,0.118145,,19.315901,18.363701
1688361881,277.6004576,-74.24031423,0.25311801,,19.3241,18.3368
1688336018,277.8072677,-74.93411513,-0.0231167,,20.357901,19.4069
1688336024,277.7073222,-74.93563986,0.232903,,20.3368,19.374201
1688305900,277.9784413,-75.81197156,0.39703199,,18.893499,18.0938
1688305901,277.987667,-75.81046322,0.40496799,,19.6714,18.8041
1688327570,277.8114712,-75.45603392,0.36898199,,19.1651,18.180599
1688361593,277.9430264,-74.29134001,0.33346301,,18.909401,17.975599
1688361595,277.9083949,-74.27705782,0.50886297,,20.007099,19.0425
1688361596,277.9623793,-74.26846132,-0.0526071,,19.261499,18.385401
1688306015,278.017204,-75.75728106,0.29765901,,19.250799,18.3542
1688355430,277.9314699,-74.52965474,0.0128342,,19.4949,18.556499
1688355437,278.0870559,-74.58769627,-0.41374701,,19.995001,19.073601
1688355529,278.1420496,-74.53121189,0.202328,,20.121401,19.138599
1688357201,277.9667252,-74.33305489,0.48318699,,19.662201,18.797701
1688357204,277.9763065,-74.32582244,0.160778,,19.366199,18.3971
1688361709,277.9019965,-74.24566272,0.32464099,,18.780701,17.804899
1688361710,277.9173036,-74.24192339,0.42373499,,18.665501,17.709
1688362156,278.0955986,-74.12192634,-0.480726,,19.982901,19.0366
1688301380,278.210198,-75.95804731,-0.565911,,20.358801,19.4112
1688307729,278.0744175,-75.65287907,0.260434,,18.8365,17.963699
1688334762,278.0365513,-74.96499394,0.26066399,,19.3055,18.445
1688357175,277.9329272,-74.36375126,0.20344301,,19.1684,18.25
1688357177,277.958551,-74.36005349,-0.674685,,20.676001,19.769199
1688306200,278.3006077,-75.79549145,0.32434699,,19.9519,19.0912
1688308031,278.1965463,-75.55128597,0.48098201,,19.165001,18.2777
1688308037,278.3146962,-75.55701526,0.254381,,20.128599,19.231501
1688308038,278.337635,-75.55372024,0.225555,,20.101,19.134399
1688334782,277.7036436,-75.00810073,0.42134699,,19.489,18.5312
1688336654,278.2192225,-74.74357808,0.36979699,,19.0919,18.251301
1688301989,278.3845174,-75.89729456,-0.048399702,,19.5634,18.756901
1688306185,278.3977938,-75.7851076,-0.26072299,,19.744499,18.927299
1688301788,278.8099132,-75.91668536,0.42480499,,19.044901,18.1903
1688369269,278.7535814,-74.32806978,-0.160336,,19.5695,18.566
1688369549,279.1635216,-74.20920488,0.678123,,20.001801,19.011299
344002721,277.8088502,-75.05368862,0.57526398,,15.7834,14.8177
344002714,277.5591848,-75.0436063,0.436391,,16.6185,15.6684
344002719,277.6477293,-75.05042074,0.238876,,16.9751,16.0655
1688310159,279.511098,-75.6349472,0.517851,,19.6269,18.7208
1688310899,279.5240188,-75.39652357,-0.164849,,19.443899,18.5284
1688365427,279.541856,-74.92871292,-0.0346343,,19.386499,18.465099
1688365580,279.5588903,-74.86808013,0.39941001,,19.6875,18.823
344129930,279.206622,-75.62074833,1.30744,,12.7643,11.9393
344129140,279.2099928,-74.32762472,1.00731,,15.3049,14.2972
344129240,279.1247376,-74.48503292,0.58919299,,14.634,13.6889
344129477,279.2169789,-74.88802648,0.549519,,15.0441,14.2566
344129693,279.2151717,-75.24177954,0.66219801,,14.8603,14.046
344129998,279.26701,-75.74780582,0.47927099,,15.5502,14.6829
344130125,279.0420322,-75.97064198,2.1001201,,12.9535,12.0939
344129258,279.3016168,-74.52412759,0.228716,,17.0891,16.122801
344130126,279.1017325,-75.97133713,0.45714501,,17.0322,16.0909
344129135,279.1965519,-74.31986249,0.40715,,17.8559,16.884001
344129913,279.1944197,-75.59343229,0.27473101,,17.7649,16.8501
344129376,279.3636993,-74.73034253,-0.015706901,,17.657801,16.691
1688306745,279.0132368,-75.63165813,0.124699,,18.811701,17.907301
1688365244,279.0053545,-75.00094095,0.38417199,,18.4466,17.481199
1688365803,278.9370668,-74.932347,0.00400083,,18.2451,17.428101
1688364964,279.0024742,-75.04485353,0.29044399,,18.9793,18.032801
1688365242,279.0554942,-74.98530168,0.033463001,,20.4555,19.558701
1688365327,279.0225539,-74.95641341,0.19469699,,19.5839,18.694799
1688365332,278.8986196,-74.9727728,0.25007099,,19.4165,18.4869
1688365937,278.8002496,-74.88843652,-0.55366802,,20.804399,19.834499
1688368089,278.9441466,-74.49579114,0.611772,,19.596901,18.698999
1688370887,278.8134656,-74.04818014,0.0300151,,19.470501,18.469299
1688370888,278.9053611,-74.0285624,0.43904999,,18.257,17.320101
344133285,279.5598276,-74.62000007,3.07778,,12.0418,11.2042
344044409,278.0046227,-74.15666425,1.91087,,12.8454,11.9169
344043565,277.9138787,-75.30897029,2.0357101,,13.3581,12.4612
344043569,278.0082472,-75.30392439,1.42908,,13.7667,12.835
344043668,277.9332223,-75.17437028,1.74604,,12.1311,11.5492
344132721,279.4194262,-75.41148627,1.5502501,,12.7877,12.0226
344132808,279.4858128,-75.27720651,0.87162501,,12.7883,12.0851
344043567,277.8597925,-75.30772354,0.881576,,14.8563,13.939
344002713,277.4800586,-75.04318914,0.90891701,,14.3349,13.4279
344002971,277.563328,-75.38635456,0.82608497,,14.9628,14.1196
344078033,278.6862439,-74.46768899,0.72320199,,14.3486,13.5111
344132358,279.45558,-75.9848661,0.56955397,,14.9769,14.0234
344077471,278.6761646,-75.23989813,0.475292,,16.0655,15.1091
344040507,277.7702825,-75.67011034,0.79613799,,15.1527,14.1741
344133434,279.6378586,-74.43496771,0.54968601,,15.8813,14.8629
344074394,278.556512,-75.7939178,0.48050401,,16.4865,15.5893
344077477,278.8022916,-75.23052501,0.17535301,,16.710899,15.9824
344133430,279.5036305,-74.43799316,0.38997999,,17.255699,16.2948
344002134,277.7008327,-74.33045983,0.37515599,,16.2481,15.3985
344002169,277.4719208,-74.37200975,0.636123,,15.8144,14.9009
344002233,277.742365,-74.45874569,0.654787,,15.5244,14.6166
344044102,277.9627769,-74.56925733,0.81337202,,14.9168,13.9489
344073431,278.2765752,-74.541167,0.41292399,,16.7285,15.7905
344077023,278.7285647,-75.85769944,0.31,,16.135401,15.3857
344077104,278.6056857,-75.73876441,0.39368799,,16.182501,15.3369
344077266,278.7016391,-75.51668524,0.578224,,16.1528,15.1969
344077012,278.6498055,-75.87681281,0.27947101,,18.1479,17.242901
344073977,278.2133182,-75.24985987,0.166743,,17.9701,17.058201
344073749,278.551851,-74.9440545,0.392111,,16.923,15.9329
344077799,278.9658219,-74.82190743,0.15420599,,17.521,16.632401
344129499,279.251414,-74.91690042,0.12017,,16.9461,16.1122
344002129,277.7621523,-74.32483641,0.36849999,,18.3151,17.4016
344002175,277.7322903,-74.37591994,0.24728601,,17.554001,16.6709
344002482,277.4537859,-74.74372578,0.088434197,,17.8421,16.915501
344040504,277.5491749,-75.66256711,0.29980901,,17.729799,16.877199
344043273,277.9192653,-75.71192805,0.072840899,,17.235001,16.424601
344073752,278.4888416,-74.94797385,0.23964299,,18.16,17.1728
344073768,278.4415814,-74.9697283,0.260207,,17.6231,16.677299
344077008,278.8839922,-75.88107921,0.18232501,,17.6229,16.666901
344077010,278.9215823,-75.87792338,0.242578,,17.652,16.822201
344076934,278.8619714,-75.98249954,0.195181,,17.434401,16.5949
344077107,279.0449464,-75.73672298,0.155471,,18.164101,17.2059
344132356,279.488493,-75.98640117,0.27231601,,17.181101,16.3876
344132970,279.6677932,-75.04628913,0.13062,,17.101101,16.241501
344078109,278.8884695,-74.35918787,0.688088,,16.1667,15.1673
344132973,279.484961,-75.04458706,0.42577901,,16.9835,16.052099
344040509,277.6681554,-75.67324881,0.35044301,,17.071501,16.095301
344077006,278.6216164,-75.88103017,0.56607699,,16.3102,15.4056
344132972,279.6967825,-75.04480612,0.256262,,17.383801,16.479099
344073765,278.4194429,-74.96661961,0.093895003,,18.283899,17.316601
1688305922,277.8639565,-75.81558311,0.098660499,,18.769501,17.8538
1688328551,277.9395542,-75.3452239,0.096265897,,18.1982,17.410101
1688328414,278.0258639,-75.41447584,0.047202099,,18.4734,17.6915
1688334417,277.9321694,-75.07186107,-0.063362397,,18.8006,17.9013
1688311309,279.4282951,-75.26939536,-0.017266501,,18.7026,17.8864
1688309944,279.4890294,-75.68193437,0.048959699,,18.1859,17.2197
1688310556,279.4766626,-75.49774486,0.12684301,,18.115,17.273399
1688311284,279.4611997,-75.28822729,0.201125,,18.256399,17.4498
1688364066,279.3587551,-75.19950816,0.031395301,,18.9417,18.0865
1688365052,279.4761744,-75.0077653,-0.1477,,19.086599,18.276199
1688328552,277.9102169,-75.35710358,-0.108822,,19.071899,18.116699
1688301417,277.8447974,-75.97939565,-0.069432899,,19.761499,18.811899
1688328553,277.9861734,-75.34454012,0.19649699,,19.532499,18.618601
1688328554,277.9745398,-75.33666022,-0.108772,,19.643101,18.6791
1688328411,277.9275714,-75.42490235,-0.0115362,,19.704399,18.9083
1688334440,277.915563,-75.04411973,0.244156,,19.261801,18.3556
1688355418,277.8637624,-74.5436813,-0.035406701,,19.9165,19.1513
1688309255,279.5236744,-75.98970666,-0.0228348,,19.895,19.035101
1688309467,279.3904492,-75.9025983,-0.269337,,20.351801,19.4361
1688311310,279.3940097,-75.27886057,-0.0390581,,20.226299,19.3437
1688365122,279.5725299,-74.97729282,-0.204114,,19.631701,18.7232
1688369092,279.4459839,-74.24350958,0.76485598,,19.1847,18.2328
1688309578,279.5186267,-75.85357659,0.118257,,19.017401,18.0851
1688309581,279.5202528,-75.85018315,-0.18348201,,19.5826,18.6371
1688309942,279.4447564,-75.6964563,0.37132901,,18.5702,17.654499
1688309945,279.3800261,-75.69418555,0.107509,,19.1481,18.2307
1688310199,279.3135412,-75.63454138,0.38797599,,18.9021,17.997601
1688367192,279.4149666,-74.61209588,-0.0284882,,19.3897,18.6196
344074471,278.4565914,-75.90875891,2.7581699,,10.7506,10.093
344129220,279.3307822,-74.45375294,0.55529398,,17.1828,16.203899
344129853,279.1915655,-75.5022858,0.28695601,,16.2484,15.5453
344129835,279.112944,-75.47297845,0.64969897,,15.3083,14.3809
344129906,279.2625104,-75.58281307,0.27509499,,15.5717,14.6112
344129503,279.1744893,-74.92649888,0.62482899,,16.313801,15.3462
344130072,279.2371591,-75.86617292,0.26643199,,16.312799,15.3627
344044189,277.9814281,-74.44840359,0.176052,,17.368999,16.4317
344074473,278.5732915,-75.91185156,0.35543501,,17.103399,16.171301
344129838,279.1483815,-75.47741721,0.111666,,18.3218,17.390301
344073185,278.5462011,-74.21228769,0.33376601,,18.043301,17.057699
344073963,278.3446837,-75.22427383,-0.0275058,,17.753599,16.799999
344129389,279.1017471,-74.74517755,0.159802,,17.6015,16.6523
344129512,279.1736223,-74.95181705,0.055303801,,17.9447,17.270901
344129809,279.2112177,-75.4461458,0.392932,,17.371599,16.472799
344073108,278.5366287,-74.11219923,0.244415,,17.3486,16.456499
344129817,279.0720183,-75.45532867,0.35302401,,17.0963,16.1542
1688336034,277.7104812,-74.92416491,0.016961601,,18.8321,17.917999
1688336146,277.7221341,-74.87016497,-0.120408,,18.878599,17.988701
1688308050,278.4729849,-75.53695473,0.0288378,,18.6373,17.7141
1688308059,278.4461791,-75.51730618,-0.0305725,,18.49,17.650499
1688301960,278.6868293,-75.87863421,0.25546601,,18.6159,17.712299
1688307909,278.6202314,-75.5576877,-0.382992,,18.551701,17.600599
1688364857,279.0968518,-75.08032173,0.20971499,,17.5783,16.623501
1688367477,279.0742588,-74.55072003,0.079076499,,19.0312,18.026699
1688334811,277.7079247,-74.97520824,-0.026169701,,19.6807,18.821301
1688334813,277.7153604,-74.97498646,0.0435009,,19.8787,19.0077
1688336033,277.6876245,-74.92567469,-0.22720399,,20.0441,19.1663
1688306647,278.3828962,-75.68050845,0.42261299,,18.749901,17.917601
1688328105,278.4361706,-75.42466092,0.128497,,19.1863,18.219801
1688336710,278.4238091,-74.69346419,-0.28422901,,19.9786,19.022699
1688336712,278.4612039,-74.68700414,0.46792501,,19.087601,18.125999
1688355597,278.3531507,-74.45211181,0.39774001,,18.9891,18.0856
1688355600,278.404952,-74.45664781,0.750238,,19.4942,18.5123
1688357243,278.1573314,-74.29894723,0.28912699,,18.5121,17.7328
1688301956,278.629643,-75.88818696,0.35038,,19.7048,18.8897
1688301958,278.6578263,-75.87679916,0.54386997,,18.6854,17.8097
1688306634,278.4989209,-75.68573696,-0.112791,,19.4872,18.597799
1688308261,278.5853381,-75.44944635,0.087696299,,19.5564,18.618601
1688302125,278.9787101,-75.81084163,-0.107183,,19.788,18.943501
1688302223,279.061753,-75.77356702,0.0039635901,,19.993799,19.071199
1688306350,278.9469634,-75.7145498,0.62148398,,18.551399,17.591499
1688306879,279.0063142,-75.55831699,0.341833,,19.769899,18.822201
1688364859,279.0257331,-75.09143772,-0.31817099,,19.877399,19.0721
1688364947,279.0746923,-75.04617894,-0.101244,,19.4998,18.6707
1688364950,278.8679433,-75.07354137,0.016863201,,19.3284,18.474199
1688365393,279.1567941,-74.91483162,0.31365499,,19.082899,18.159
1688367484,279.0569067,-74.53989537,0.66931599,,19.5476,18.5534
1688367604,279.215495,-74.51930421,0.12636,,18.989799,18.081499
343997175,277.0408842,-75.35989838,2.28072,,11.9338,11.2466
343996851,277.1269511,-75.83581064,0.420697,,15.6929,14.7304
344074382,278.4856181,-75.78307886,0.60956699,,16.617901,15.6778
344077126,278.9850456,-75.70628302,0.59234798,,15.3921,14.5035
344077485,278.7289299,-75.22278228,0.68399203,,15.2915,14.3244
344077775,278.8045232,-74.85304536,0.676691,,15.7669,14.7877
344078241,278.8427251,-74.181926,0.65177298,,15.9456,14.972
344077777,278.8932504,-74.84890461,0.42281201,,16.491899,15.5207
344043765,277.9957833,-75.05146789,0.241679,,16.510599,15.6568
344073590,278.5002007,-74.72119816,0.43658599,,16.4909,15.5599
344043130,277.8907698,-75.92231947,0.33225,,16.799601,15.8648
344043127,277.9551316,-75.93620074,0.38988,,16.042,15.0867
344044392,278.0417892,-74.17978508,0.40809101,,17.535299,16.593599
344073591,278.2580535,-74.72250829,0.282911,,17.420601,16.4958
343996846,277.2086314,-75.84563962,0.371034,,17.4737,16.5644
343997551,277.1932382,-74.85055471,0.54303002,,17.266399,16.2971
344044394,278.140961,-74.17633321,0.25568801,,18.0315,17.135599
344073953,278.4254594,-75.21553572,0.39300799,,17.333799,16.418699
344074385,278.4222624,-75.78643997,0.16923299,,17.3064,16.406099
344077486,278.831467,-75.22230522,0.185239,,17.764601,16.8137
344077690,278.8022409,-74.95824646,0.208381,,17.227301,16.478399
344077691,278.6503502,-74.95757711,0.303166,,17.9876,17.0079
343997928,277.4381281,-74.30785317,0.190759,,18.1649,17.2612
344043591,278.1655258,-75.27956397,0.26210099,,17.7425,16.7868
344043793,277.8468376,-75.00073549,0.10761,,17.827801,16.969801
344073174,278.6065033,-74.19403681,0.427248,,17.622999,16.634199
344077776,278.6929798,-74.84930677,0.23727199,,17.882,16.942801
344078071,278.7924962,-74.41545312,0.31457999,,18.283701,17.322701
344078157,278.8175849,-74.30466056,0.240027,,17.8367,16.8211
344078236,278.8410782,-74.19287542,0.0041547501,,17.919001,16.937201
344074503,278.4219935,-75.96223221,0.29924601,,17.659201,16.7183
344078159,278.6544803,-74.30263329,0.23066799,,18.021999,17.068701
344077785,278.9808201,-74.83602525,0.36789301,,18.2507,17.3046
344074387,278.4581282,-75.78882138,0.41539001,,17.571501,16.632799
1688305428,277.6817852,-75.97056958,0.080704503,,18.4209,17.455
1688327866,277.7008343,-75.4511117,0.214379,,18.3158,17.351801
1688336052,277.8591077,-74.89956857,0.039447799,,19.003099,18.066299
1688361428,277.7756132,-74.34412109,0.32666299,,18.2875,17.3391
1688328425,278.0296507,-75.39764131,-0.179332,,19.010099,18.184999
1688334454,278.0684333,-75.03667102,-0.170808,,18.533501,17.6276
1688336501,278.0880666,-74.76777064,0.238419,,18.245501,17.308701
1688334486,278.1484012,-74.99030249,0.249735,,18.3389,17.3606
1688329827,278.2493242,-75.17577658,0.095502503,,18.761299,17.8526
1688328815,278.7834964,-75.19693628,0.46151701,,18.000299,17.0676
1688307115,277.7761783,-75.72021062,0.35823399,,19.157801,18.1989
1688327867,277.7762997,-75.44150855,0.246841,,19.2297,18.336399
1688327902,277.7800504,-75.4231812,0.045213401,,19.4065,18.570499
1688328008,277.633597,-75.40316051,-0.14652599,,19.7316,18.770599
1688361426,277.7141459,-74.34702943,0.15989,,19.260099,18.374901
1688334870,277.9997944,-74.91877477,0.41110799,,19.209499,18.3123
1688306499,278.1627576,-75.74569014,0.280009,,18.847601,17.905899
1688307637,278.206737,-75.66930758,-0.0082662804,,20.086399,19.2104
1688334491,278.3945979,-75.04121513,0.396449,,18.8703,17.9081
1688336664,278.2666468,-74.73267169,0.12947901,,20.5543,19.583099
1688355148,278.2777061,-74.59550579,0.282121,,18.9116,17.9342
1688361626,278.2350015,-74.24198767,0.0245967,,19.6549,18.8965
1688306079,278.2905223,-75.84068788,-0.220239,,20.082001,19.156799
1688308020,278.0265499,-75.58476922,0.197796,,19.7349,18.914
1688329692,278.3584723,-75.24311328,0.43181399,,18.4956,17.5273
1688329695,278.2790549,-75.24351021,0.163518,,19.055201,18.115299
1688330160,278.2581466,-75.12497338,0.346095,,20.2383,19.2775
1688334897,278.3101534,-74.93289648,-0.52645099,,19.667299,18.7353
1688334898,278.2939555,-74.93904643,0.25413901,,19.021,18.0455
1688306674,278.5930923,-75.62891744,0.43614399,,18.365999,17.4405
1688370331,279.5905289,-74.05628186,-0.18926799,,19.1661,18.157101
1688365247,278.9513021,-74.99450622,0.309398,,20.1108,19.211
1688365251,279.0477627,-74.9849258,0.128746,,18.8484,18.0098
344043356,278.2041514,-75.59516783,1.35067,,13.795,12.8677
344043528,278.1436935,-75.36326948,1.12472,,13.508,12.7974
344043247,278.0018085,-75.74310224,0.69936597,,15.6921,14.7457
344043367,278.085291,-75.57693964,1.35567,,13.9615,13.0729
344074002,278.4204896,-75.28040449,0.62545902,,15.8983,14.9984
344074074,278.3141488,-75.35501396,0.26656601,,15.7792,14.8683
344043361,278.1576391,-75.58317032,0.555637,,16.501499,15.59
344073078,278.4260849,-74.07077362,0.73934102,,14.6784,13.8294
344043249,278.1133412,-75.73881178,0.39970401,,16.490801,15.5667
344043251,278.1794918,-75.73763443,0.279897,,16.970699,16.059401
344044083,277.9326618,-74.58851694,0.67659599,,14.728,13.8241
344074000,278.5927936,-75.2775017,0.39358601,,17.462,16.505501
344044265,278.0929449,-74.34178432,0.25531599,,17.457001,16.5249
344044025,278.0097585,-74.67027276,0.25209999,,17.2707,16.2967
344044029,278.0686852,-74.66703995,0.331424,,17.521,16.569099
344044209,278.1690183,-74.42418125,0.37453401,,17.0469,16.066
344074076,278.2872089,-75.35876988,0.182822,,17.296801,16.370001
344073339,278.6394459,-74.40519209,0.59104002,,18.2334,17.27
344043943,278.1678058,-74.78516021,0.32348201,,18.3186,17.3547
344073082,278.3874017,-74.0744431,0.31317401,,17.604,16.6043
344043248,278.1077776,-75.73930267,0.105572,,17.7369,16.8118
344044084,278.0173259,-74.58617592,0.40577799,,17.9699,17.0574
1688308027,278.1149526,-75.55144561,-0.0135424,,18.1831,17.223801
1688328164,277.9641727,-75.4375787,0.14342,,18.2943,17.4415
1688334451,277.9982177,-75.04554174,0.200056,,18.8153,17.913401
1688301968,278.6180488,-75.87812189,0.32201901,,18.393,17.4396
1688301367,278.0024184,-75.9816991,0.207858,,19.903999,19.054001
1688308030,278.1890644,-75.55216351,0.18807299,,20.078501,19.1369
1688334445,277.8781979,-75.03981329,0.0286032,,19.197399,18.304501
1688356707,278.1855357,-74.44002619,0.29743299,,19.3577,18.441299
1688301639,278.6452931,-75.94386748,0.44496399,,18.9058,17.9571
1688306142,278.6548127,-75.77564093,0.466905,,19.160601,18.2241
1688367350,278.6300998,-74.64531825,-0.180334,,19.7922,19.031099
344168639,279.9624567,-74.76516182,0.280633,,16.249701,15.4248
344002684,277.5637362,-75.00999789,2.6180201,,11.5791,10.9036
344077633,278.7981633,-75.02761861,1.27684,,12.5208,11.7459
344043298,278.1758789,-75.67302199,0.79343301,,15.1546,14.2863
344077311,278.6241767,-75.46514817,0.658032,,14.6177,13.7757
344077134,278.6774264,-75.6896554,0.28878799,,16.808599,15.8627
344043789,278.1427276,-75.00691509,1.14563,,14.2456,13.2974
344002287,277.7120516,-74.52156008,0.75048202,,14.5599,13.7304
344002340,277.5479004,-74.57369726,0.68130398,,15.8324,14.8784
344077634,278.8844346,-75.02258176,0.939044,,14.9414,14.0125
344077916,278.6857877,-74.64006502,0.39264399,,16.4578,15.4887
344077922,278.7070274,-74.6351018,0.660739,,16.091999,15.1145
344002342,277.5094024,-74.57441555,0.32159799,,16.900101,16.189301
344077132,278.9076886,-75.69388239,0.19373301,,17.3291,16.4147
344002281,277.5739743,-74.51790623,0.22900601,,17.9422,17.0914
344002289,277.574209,-74.52342607,0.34382299,,17.758801,16.8202
344002537,277.6988468,-74.83214024,0.191061,,18.221901,17.280899
344002579,277.681946,-74.87069828,0.188379,,17.489901,16.614
344040635,277.5177674,-75.87388067,0.0128245,,18.046101,17.093201
344077304,278.7234622,-75.47121194,0.130275,,17.9104,17.040701
344077637,278.6541497,-75.02211539,0.164074,,17.9687,16.9893
344002685,277.5548163,-75.01052288,0.71051103,,15.1926,14.3221
344043296,277.9595249,-75.673675,0.26530701,,17.401899,16.429399
344077232,278.6315476,-75.56434985,0.348793,,17.8447,16.935101
344077948,278.7787062,-74.59832346,-0.0114417,,18.103001,17.1332
1688307337,277.2158819,-75.71500806,0.183731,,18.538799,17.608601
1688356338,277.3156638,-74.49142659,-0.049422599,,18.453199,17.494101
1688328731,278.8109936,-75.22626747,0.25316399,,18.253799,17.325199
1688365827,278.9076945,-74.92159436,0.131612,,18.7062,17.8519
1688370776,278.8233694,-74.10046775,0.29562899,,18.800301,17.813299
1688364938,279.0420462,-75.06947984,0.122604,,18.3813,17.4785
1688364942,279.0840467,-75.06810831,0.182136,,18.5655,17.6201
1688364537,279.2607811,-75.09186697,-0.013643,,18.537001,17.6271
1688307338,277.2832404,-75.70884823,-0.048291899,,19.235001,18.2369
1688333806,277.3815104,-75.17681427,0.070716403,,18.8666,17.977301
1688334113,277.393039,-75.12277828,0.13036799,,18.941299,17.9946
1688305816,277.2988286,-75.84468838,-0.102113,,19.0751,18.152201
1688368534,278.9018229,-74.36223671,0.148808,,18.811701,17.888599
1688369554,279.2349233,-74.20104844,-0.12970699,,19.353001,18.3382
1688333965,276.9591451,-75.1674826,0.104038,,19.045799,18.1164
1688334114,277.3720562,-75.12103677,0.34514701,,19.614599,18.780899
1688305822,277.4396266,-75.83578344,-0.48171899,,20.1227,19.1674
1688307058,277.2785331,-75.77240434,-0.82775998,,20.935699,20.017799
1688354664,277.3508272,-74.71468049,0.116061,,19.9573,18.971201
1688355913,277.3032155,-74.61289709,0.234265,,19.3218,18.4554
1688356341,277.4243623,-74.47504376,-1.71997,,20.3295,19.5567
1688360941,277.321023,-74.37199452,0.44862199,,19.879499,18.9806
1688360944,277.3751795,-74.353088,-0.227617,,19.726299,18.7805
1688363479,277.2895943,-74.09866064,-0.67770302,,20.4564,19.580799
1688305706,277.3493255,-75.8941578,0.15535299,,19.4035,18.6297
1688306706,278.6685975,-75.68087819,0.62256002,,19.3955,18.5179
1688307939,278.817957,-75.51386284,0.71358901,,18.377001,17.5133
1688329935,278.8328229,-75.13577246,-0.24457601,,19.407101,18.7029
1688366227,278.8340659,-74.84177803,0.36147201,,20.4198,19.469101
1688366228,278.8127513,-74.84118386,0.25409901,,19.913,18.973101
1688367341,278.6621638,-74.66158818,0.37750599,,19.7929,18.840599
1688306394,278.7685127,-75.70596933,0.30228701,,19.0516,18.1682
1688328315,278.8700082,-75.33444322,0.42620301,,18.170601,17.271999
1688328729,278.8926132,-75.22538171,-0.0281539,,19.208401,18.3615
1688328730,278.8080625,-75.22940305,0.125779,,19.3708,18.492599
1688368428,278.8597824,-74.44014035,0.122358,,19.680901,18.6978
1688306749,279.1008612,-75.62859419,0.31294999,,20.531601,19.573799
1688308234,278.9783781,-75.41878804,0.071771704,,20.048599,19.0993
1688308243,278.9525096,-75.41160552,-0.243209,,19.6457,18.7603
1688308346,278.9714693,-75.36047543,0.530038,,19.430901,18.4778
1688308347,278.9931548,-75.35522183,0.350407,,19.820299,19.0156
1688366232,278.9362317,-74.83034136,0.37230101,,18.695499,17.8181
1688366983,278.9149997,-74.6944797,0.055054601,,19.997101,19.042101
1688368677,279.1528851,-74.33340502,0.29042599,,19.545799,18.5366
1688370770,278.871496,-74.10618382,-0.280954,,20.070601,19.0949
1688370771,278.8454981,-74.11303753,0.391507,,18.7323,17.9065
1688365833,278.9592616,-74.90607015,0.28422701,,19.2148,18.377001
1688367091,278.9050913,-74.64617044,-0.420362,,20.2026,19.2973
1688367092,278.8853959,-74.65539377,0.65198201,,19.5084,18.5665
1688301858,279.099052,-75.8475764,-0.011694,,19.887699,18.9963
1688301863,279.1856167,-75.83655637,0.42563701,,19.540001,18.5742
1688364533,279.234728,-75.1178879,-1.1666501,,20.2358,19.281
1688365368,279.2324433,-74.93364862,0.225784,,20.248199,19.331699
1688366300,279.1126595,-74.78710365,0.53573602,,19.395399,18.5294
1688366467,279.3712276,-74.73245577,0.41519099,,20.2596,19.3204
1688366468,279.3727207,-74.7271148,0.37860399,,19.5856,18.650299
1688366472,279.428646,-74.71972867,0.139328,,19.657101,18.7076
1688369857,279.1943751,-74.17337283,-0.0054440298,,19.5872,18.7045
1688369861,279.1345973,-74.17054042,0.258169,,19.098101,18.252399
1688300606,279.1738412,-75.9295423,-0.036027402,,19.3232,18.427799
1688365892,279.1744118,-74.8720833,0.0064189401,,19.5734,18.6509
1688368317,279.1417252,-74.40945936,0.183174,,18.9753,18.032499
1688306262,278.7314575,-75.79116176,-0.0133748,,18.855101,17.899
1688369221,278.5067298,-74.37224137,0.30222699,,18.5909,17.614
1688302041,278.64574,-75.85146654,0.36428401,,19.315399,18.3703
1688308200,278.7200399,-75.45209702,0.397946,,19.603001,18.656
1688369196,278.5865305,-74.39482058,0.0158659,,19.6803,18.683701
344073718,278.2556101,-74.89732488,6.5324798,,10.9603,10.1041
344078310,278.8319666,-74.07858512,5.2427301,,11.071,10.3333
344073674,278.2651391,-74.84338109,1.2832299,,13.3989,12.5179
344129033,279.3501358,-74.15470913,0.77108699,,14.8802,14.0156
344129034,279.0339729,-74.15586795,0.44346201,,16.774401,15.8188
344074256,278.2434681,-75.58995292,1.42247,,14.0992,13.1472
344073136,278.2482799,-74.15209594,0.52666098,,15.5519,14.6209
344078308,278.6537301,-74.09001228,0.30739599,,16.9839,15.9754
344077673,278.7651519,-74.98535313,0.41007599,,16.7794,15.8613
344073132,278.3674219,-74.1503288,0.454633,,15.906,14.9294
344073415,278.4279027,-74.51771365,0.617221,,15.7023,14.8734
344076997,278.8101647,-75.90087135,0.35417601,,16.733999,15.7844
344077377,278.7060753,-75.35739444,0.262887,,16.5091,15.614
344073135,278.58609,-74.15199801,0.59068298,,16.716999,15.7301
344077002,278.9352532,-75.88878669,0.499199,,16.3204,15.3693
344076999,278.9695369,-75.89595615,0.45041099,,17.2857,16.446301
344073680,278.2476121,-74.8532766,0.364328,,17.773199,16.858299
344074255,278.402422,-75.58967721,0.202494,,17.428101,16.627701
344074443,278.5752644,-75.87150068,0.43391901,,17.018801,16.083
344077410,278.7166308,-75.31485937,0.21354701,,17.989201,17.0674
344077419,278.6769159,-75.30270017,0.554169,,17.504,16.6031
1688310167,279.6622359,-75.61792469,0.0304385,,18.270399,17.3948
1688310095,279.7944712,-75.61690301,0.109014,,18.4431,17.646
1688365517,279.7106349,-74.85155555,0.0222435,,18.390499,17.4527
1688366114,279.6983182,-74.75667075,0.041589901,,17.884001,17.087
1688365606,279.7293383,-74.82084072,-0.098934002,,19.1644,18.2474
1688309878,279.768276,-75.69997863,0.28217801,,19.171301,18.259399
1688310172,279.4921993,-75.62879462,-1.1010799,,20.3988,19.6103
1688311453,279.6897968,-75.21872778,-0.198329,,20.17,19.255301
1688364742,279.6884067,-75.02037231,0.093016401,,18.8941,18.1106
1688309520,279.7626958,-75.84273561,-0.0115728,,19.787701,18.9048
1688309521,279.8618766,-75.81772186,-0.12083,,19.354,18.4228
1688365520,279.794503,-74.8412581,0.401746,,19.9723,19.0438
1688367716,279.8067986,-74.54487475,-0.74214101,,19.723801,18.746901
1688367863,279.7171245,-74.4493047,0.12572899,,20.2131,19.2806
1688367941,279.5766376,-74.43283487,-0.356141,,19.980801,18.951401
1688368921,279.8367783,-74.30283586,0.0118711,,19.4009,18.4247
1688368924,279.8182249,-74.29171411,0.120103,,19.7477,18.853201
1688369165,279.974185,-74.21749209,0.49735099,,18.9764,17.9333
1688370319,279.7376706,-74.04288236,-0.39046901,,20.1556,19.299601
344073211,278.2519932,-74.24668686,0.82518899,,14.2377,13.4247
344073047,278.2842465,-74.02238207,0.454757,,16.534201,15.5528
344073330,278.3720023,-74.39128112,0.26575699,,16.33,15.4803
344073334,278.4079808,-74.39401426,0.95792598,,15.1192,14.1346
344002648,277.6267672,-74.95596431,0.197606,,17.3174,16.3673
344003046,277.7812513,-75.47135396,0.22621401,,17.409599,16.422899
344040574,277.5482215,-75.77450456,0.119142,,18.1427,17.197399
344040581,277.595013,-75.78773308,0.27620199,,17.5366,16.5996
344044445,277.9894307,-74.1009889,0.20846701,,18.3538,17.3983
344073709,278.5886471,-74.88920034,0.197313,,17.997499,17.017799
344074010,278.4621845,-75.29293776,0.088057503,,18.4571,17.505501
344002646,277.5377775,-74.95494419,0.112105,,17.6558,16.818701
1688328055,278.1820291,-75.47514867,-0.33882499,,18.802299,17.997499
1688330080,277.8172243,-75.2249482,-0.046428099,,18.032499,17.2055
1688355550,278.0050526,-74.51580929,0.121848,,18.2335,17.3505
1688363422,278.0625956,-74.00257343,0.19476099,,17.5597,16.9249
1688328641,278.5414711,-75.31326477,0.050728898,,18.490499,17.5825
1688328050,278.1139363,-75.49094481,-0.046055298,,19.7223,18.7747
1688328054,278.0986306,-75.48492891,-0.44793499,,20.240101,19.3906
1688357077,277.9485293,-74.40448159,-0.0294667,,19.339399,18.3738
1688357103,278.00327,-74.37744622,-0.035430901,,19.4347,18.507401
1688371111,278.4324815,-74.02951283,0.299696,,19.217199,18.2558
1688371117,278.5048478,-74.01734774,-0.022696899,,19.208099,18.549999
344002224,277.4394062,-74.44828874,1.8480999,,12.5502,11.7858
344073789,278.3330331,-74.98818184,1.15979,,13.2738,12.3471
344077976,278.6334311,-74.55779838,0.83598399,,14.8548,13.952
344002184,277.5549095,-74.3906811,1.4880199,,13.125,12.2425
344002221,277.7645321,-74.44485962,0.600815,,15.2811,14.354
344073807,278.4365506,-75.00832477,0.53274298,,15.4747,14.5737
344073808,278.3304206,-75.01202188,0.79837799,,15.4565,14.4943
344073283,278.2361163,-74.33642655,0.54604602,,16.1418,15.1705
344002181,277.684903,-74.38313873,0.518879,,16.400299,15.4425
344073291,278.3690561,-74.34623179,0.57678998,,16.405001,15.4194
344074230,278.3494192,-75.55237238,0.40996501,,16.379601,15.453
344002222,277.6278595,-74.44628339,0.39137301,,16.698,15.7646
344073784,278.342315,-74.98554542,0.371629,,16.524099,15.5893
344002339,277.5676928,-74.5713381,0.32528001,,16.839001,15.9249
344074359,278.4899707,-75.72307925,0.27174801,,17.358601,16.6042
344002335,277.5267232,-74.56932829,0.0022161,,18.241301,17.283199
344002179,277.5283831,-74.38255382,0.17593201,,17.545,16.6015
344074282,278.5888538,-75.62265015,0.26307899,,18.149401,17.278799
344077977,278.9153523,-74.55683753,0.232535,,17.589001,16.6127
344073673,278.2716968,-74.83657762,0.478578,,18.041201,17.062901
1688327791,277.215843,-75.46774305,-0.15361699,,18.450899,17.500999
1688333675,277.1231968,-75.17830323,0.197795,,18.728399,17.807501
1688354304,277.2439956,-74.77633687,0.225068,,18.5632,17.6831
1688307464,277.6183356,-75.6496488,0.217591,,18.463699,17.4778
1688329153,277.3587093,-75.35194008,0.17309301,,18.750601,17.8384
1688333877,277.5385228,-75.11529749,0.26044101,,18.0098,17.162201
1688335995,277.5996639,-74.80756432,0.26046699,,18.718399,17.7822
1688335998,277.482071,-74.81839484,-0.0280049,,18.820999,18.037701
1688307813,278.4244291,-75.55450667,-0.068075299,,18.801701,17.962999
1688334499,278.5011505,-75.01634801,0.269007,,18.307199,17.34
1688334512,278.4088666,-75.00436302,0.077562697,,18.8591,17.8867
1688307368,277.123602,-75.7108338,-0.062373299,,19.988899,19.1607
1688334103,277.302855,-75.13605402,0.0166502,,20.229601,19.288401
1688335757,277.0312115,-74.92321691,0.068615504,,19.0175,18.2323
1688335837,277.1981532,-74.9167443,0.434212,,18.3244,17.539301
1688354302,277.125617,-74.77561497,-0.030006999,,19.8118,18.9058
1688360818,277.2151192,-74.45095999,0.47408599,,20.3986,19.4121
1688360822,277.2607518,-74.43847998,0.32020801,,19.0802,18.091
1688362904,277.164772,-74.13995462,-0.45447999,,20.3978,19.5455
1688362914,276.8129196,-74.1743968,0.169228,,19.562,18.621599
1688392162,277.1220466,-74.0335541,0.37258801,,19.8929,19.014799
1688392166,276.772036,-74.08223185,-0.63581198,,19.7132,18.8613
1688392167,276.7762157,-74.08241698,-0.084362097,,19.567101,18.709999
1688305292,277.6003592,-75.98457612,0.274189,,19.846701,18.954
1688329035,277.5074713,-75.39705629,-0.038862102,,19.553101,18.746201
1688329036,277.4851044,-75.39816467,0.13363899,,19.9807,19.0492
1688335997,277.5786783,-74.80283892,-1.23026,,20.2789,19.505301
1688354674,277.486376,-74.7003249,-0.089197099,,19.7362,18.866199
1688354679,277.5134023,-74.67762987,0.218703,,19.707199,18.773701
1688306487,278.3102006,-75.75330042,-0.154651,,18.772301,18.0935
1688306527,278.5488037,-75.72747495,-0.057913601,,20.174601,19.3438
1688308158,278.4916652,-75.44582488,0.187113,,18.829201,17.9622
1688334493,278.3961951,-75.02749886,0.38575801,,20.310699,19.327999
1688334494,278.4103815,-75.0327253,0.351785,,19.8533,18.968599
1688334501,278.4466709,-75.00920894,0.32709,,18.847401,17.987301
1688335080,278.4464157,-74.85274674,0.34582201,,18.6618,17.7341
1688336729,278.5968669,-74.65976235,-0.422371,,19.5828,18.7022
1688369705,278.4333924,-74.2633948,0.194717,,19.386801,18.506001
1688305470,277.8862305,-75.91162573,0.18207601,,18.75,17.776699
1688306000,277.9359081,-75.78042187,0.00250738,,18.478001,17.631901
1688306001,277.919571,-75.78049007,-0.0088117104,,18.256701,17.4035
1688306008,278.0250081,-75.76079796,0.26637101,,18.0098,17.072201
1688357192,278.0399723,-74.32580527,-0.175589,,18.9093,17.9596
1688357199,278.0913786,-74.31853844,0.25407201,,18.574301,17.685801
1688305484,278.1225199,-75.89580216,0.110553,,18.959,18.075899
1688307732,278.146032,-75.63761817,-0.00173693,,18.3804,17.4401
1688328536,278.0676546,-75.34988612,0.208537,,18.514601,17.573999
1688328539,278.0929827,-75.34274052,-0.104685,,19.305799,18.376699
1688336072,278.0558074,-74.88985918,0.33713001,,17.5578,16.611401
1688305468,277.8390145,-75.92041043,0.38980299,,18.509001,17.570801
1688307515,277.9654595,-75.58470031,-0.53192002,,19.893999,19.028
1688307583,277.8070174,-75.59183581,-0.585401,,20.175301,19.1919
1688327444,277.8976059,-75.52210403,0.21068799,,18.9636,18.0082
1688327454,277.7456351,-75.53576958,-0.223737,,19.659599,18.802099
1688334712,277.954532,-74.99586703,-0.0486353,,19.3092,18.3962
1688305485,278.1794157,-75.89242022,0.242477,,19.3654,18.434401
1688305911,278.1188952,-75.79124527,0.036656499,,20.128599,19.358999
1688305942,278.0204665,-75.77950838,0.32488701,,19.025101,18.0725
1688305943,278.0692469,-75.76855077,0.31329501,,19.271,18.424601
1688307221,277.816856,-75.66955609,0.184064,,19.9021,19.0772
1688328433,278.0583396,-75.38834847,0.320748,,19.0639,18.124399
1688328538,278.1041556,-75.3492807,0.074452199,,19.454399,18.554501
1688336073,278.1181103,-74.86922757,0.53949797,,19.895,18.983601
1688336078,277.9708294,-74.88613496,0.353688,,18.9967,18.098801
1688336081,277.9807562,-74.88518786,0.27890599,,19.3629,18.4895
344077324,278.7755579,-75.44618123,1.46121,,12.9943,12.0801
344077331,278.937903,-75.43206201,1.72787,,13.2655,12.4502
344133422,279.5017844,-74.44263544,2.1287999,,13.3487,12.3728
344077185,278.9117677,-75.62559592,0.66273999,,14.1599,13.3379
344077577,278.8661709,-75.09373586,0.83698303,,14.426,13.623
344132853,279.5586231,-75.21101951,1.17981,,14.5036,13.6584
344077323,278.9743662,-75.4497347,0.37393001,,15.9269,15.0281
344129171,279.2537974,-74.36720293,0.93816602,,14.735,13.7241
344132508,279.4109518,-75.7374817,0.47228599,,15.3364,14.483
344133021,279.6124163,-74.97735902,0.913867,,14.3979,13.6499
344133418,279.6914435,-74.44847279,0.164482,,17.727301,16.7034
344078233,278.7375368,-74.19777177,0.61655402,,15.5796,14.5897
344133504,279.7718811,-74.33694983,0.27618501,,16.3916,15.4094
344077184,278.7764352,-75.62580324,0.38259599,,17.268101,16.34
344077570,278.8806597,-75.09885552,0.300237,,17.1213,16.165701
344132477,279.679691,-75.77914314,0.30064499,,17.117201,16.1399
344077181,278.8454591,-75.62829717,0.35827699,,17.5392,16.623501
344077297,279.0298549,-75.48334789,0.244238,,18.175301,17.332399
344132513,279.6684691,-75.7337418,0.23367199,,17.801901,16.860399
344132879,279.583085,-75.182196,0.131459,,17.912001,17.077801
344133503,279.6652151,-74.33830959,-0.093133397,,18.4298,17.4198
344077182,278.9637406,-75.62813558,0.107609,,18.237301,17.2892
344133423,279.5231302,-74.44162106,0.163922,,18.4475,17.559299
1688305303,277.6048312,-75.97995001,0.16194899,,18.1469,17.261101
1688307182,277.630482,-75.68903442,0.033963699,,18.6766,17.693399
1688305888,277.8252346,-75.80838112,-0.10645,,18.5436,17.587
1688308094,278.0080239,-75.5407402,0.061832301,,18.538,17.6208
1688329791,278.1261688,-75.228171,0.38063201,,18.317699,17.3713
1688306157,278.2334605,-75.8314323,-0.030804399,,18.6451,17.709999
1688328160,278.019226,-75.43052239,0.32391101,,18.100401,17.2143
1688368619,279.2755805,-74.35341281,0.18771601,,18.004601,17.0056
1688336440,277.8461672,-74.79561208,0.101561,,18.8347,17.913601
1688336241,278.3217419,-74.81868576,0.188694,,18.937799,18.006201
1688366565,279.2824566,-74.69819172,-0.29107699,,19.1003,18.1691
1688327985,277.6779366,-75.40898582,-0.206947,,18.9212,18.0254
1688335438,277.55032,-74.94709249,0.0303104,,19.127001,18.162001
1688355154,278.0781818,-74.61491192,-0.21476801,,19.433701,18.4583
1688305304,277.6106213,-75.97523039,0.55869901,,19.443501,18.553499
1688307187,277.7448723,-75.68941496,0.294285,,19.256701,18.401699
1688327490,277.6787356,-75.51686868,0.138898,,18.719801,17.8706
1688334211,277.6690041,-75.02576908,-0.70648003,,19.8825,19.0513
1688355349,277.6870427,-74.60195243,-0.61608702,,20.2966,19.3881
1688355370,277.6453349,-74.59399709,-0.48213601,,20.156,19.267401
1688361544,277.6395817,-74.29950235,0.184921,,18.994801,18.162001
1688363082,277.6133488,-74.16921011,0.47196499,,19.065399,18.2537
1688363123,277.7332179,-74.12935427,0.35723099,,18.770399,17.807199
1688305854,277.8330411,-75.84124972,-0.059563201,,20.0716,19.183701
1688305859,277.852355,-75.82869254,0.0280851,,19.5061,18.6889
1688305860,277.8363571,-75.82787103,0.43729901,,19.955601,19.0392
1688305861,277.8202077,-75.83909808,-0.65543002,,20.939699,19.971701
1688305890,277.9233473,-75.83683216,0.20277099,,19.132999,18.209101
1688307483,277.8746544,-75.63659532,0.25445199,,19.2675,18.351
1688336128,277.6905325,-74.88536275,0.38307899,,19.384899,18.437599
1688336444,277.919153,-74.8248904,-0.0506364,,19.5868,18.914
1688306087,278.2610651,-75.83158494,0.188884,,19.448,18.533001
1688306090,278.3034526,-75.83996016,-0.377202,,20.348301,19.417
1688308090,278.1817485,-75.51969588,0.46980599,,20.0212,19.105101
1688329788,278.2052114,-75.21866528,-0.44765899,,19.566099,18.822701
1688330145,278.1728267,-75.146782,-0.410961,,19.695601,18.7654
1688355041,278.1689573,-74.66623284,0.43951899,,18.491501,17.563
1688355137,278.1219495,-74.6210069,-0.27741501,,20.219601,19.396799
1688357225,278.2402604,-74.30205351,0.30607399,,19.2516,18.2759
1688357227,278.154948,-74.30655463,0.459472,,18.8405,18.0123
1688328156,278.179062,-75.42180673,0.358055,,18.6535,17.9475
1688328546,277.9223518,-75.35744572,-0.39466301,,19.782,18.8437
1688328570,278.1204355,-75.31091531,0.332986,,18.5215,17.619699
1688328579,278.1772029,-75.33394073,-0.14939199,,20.0109,19.2353
1688301849,279.1981025,-75.84496111,0.32474199,,18.660801,17.7068
1688310229,279.2407217,-75.6201013,-0.118877,,19.893801,19.025999
1688310876,279.1944545,-75.41651236,0.16597299,,20.3335,19.394699
1688357212,278.0889336,-74.30519903,-0.0031156801,,18.9105,17.971701
1688307768,278.0838195,-75.61347416,0.064241603,,19.0222,18.1024
1688328087,278.2882683,-75.45455824,-0.22624201,,18.881001,17.9951
1688329675,278.0755389,-75.26661284,0.64984202,,18.9282,18.1029
1688334341,278.0217575,-75.09488626,0.197758,,19.0042,18.187099
1688336586,278.0214746,-74.7450516,-0.058125801,,19.493999,18.529699
1688357214,278.1321429,-74.30424115,-0.47144201,,20.304199,19.3741
1688361611,278.0862537,-74.24169374,0.70914602,,19.579399,18.625
1688361613,278.0593878,-74.25102304,0.156506,,20.2092,19.3708
1688362122,277.9957185,-74.14028673,0.61669397,,18.9879,18.1098
1688362123,277.9813453,-74.13399783,-0.49423,,19.8151,18.8759
1688328581,278.2780048,-75.31766728,-0.30733499,,19.973499,19.144199
1688328597,278.33928,-75.29724747,-0.213424,,19.4552,18.566601
1688336328,278.2299587,-74.79183063,0.028529501,,20.0289,19.1019
1688336330,278.244521,-74.78706731,0.26919401,,19.6791,18.7173
1688328489,278.3432625,-75.33876709,0.19072001,,19.513901,18.612801
1688328605,278.3090928,-75.29689003,0.48279101,,19.4111,18.577299
1688328606,278.3170902,-75.29272466,-0.13317201,,19.4161,18.5236
1688328607,278.3194586,-75.28988248,0.312628,,18.8552,17.989
1688355504,278.2687466,-74.524622,0.186386,,19.708401,18.736601
1688361675,278.3120771,-74.20623962,0.316632,,19.148701,18.1738
344002065,277.6199743,-74.23879802,2.9695599,,12.5336,11.7814
344073704,278.2460554,-74.88473251,1.14122,,12.6138,11.7373
344077868,278.9949677,-74.69254985,1.08858,,14.7787,13.8341
344078288,278.7992097,-74.11847989,0.70875299,,15.4972,14.5139
344073257,278.4562718,-74.29988398,1.24128,,14.2694,13.318
344077662,278.9204718,-74.99134563,0.330816,,17.0818,16.1415
344040699,277.7102192,-75.96143979,0.449357,,16.7719,15.8004
344001980,277.6203389,-74.14071534,0.76593697,,15.0055,14.1639
344002021,277.6132726,-74.18352898,0.84239101,,15.9109,14.9441
344002350,277.6063906,-74.58726921,0.74370497,,15.8713,14.9093
344002396,277.6181677,-74.63863017,0.31532601,,16.064699,15.1673
344040570,277.7010265,-75.76690132,0.47515601,,16.7188,15.7614
344040680,277.4633998,-75.94161999,0.302129,,15.9668,15.1085
344044478,278.0557864,-74.05670064,0.40590799,,15.4149,14.6205
344074250,278.5034673,-75.58535076,0.55697203,,16.4139,15.459
344001976,277.6959918,-74.13288004,0.62116897,,15.9413,14.9717
344002346,277.4257238,-74.58263667,0.131741,,17.542101,16.673
344002017,277.4296262,-74.17791499,0.24127699,,17.3283,16.403299
344002018,277.7304571,-74.18059994,0.075987101,,17.857599,16.881901
344002069,277.5231148,-74.24240031,0.45422399,,17.576,16.690399
344040441,277.4534157,-75.57539172,0.34090799,,18.040199,17.084499
344040702,277.5517275,-75.97826473,0.360544,,17.4839,16.5142
344073087,278.5280308,-74.07875401,0.30016699,,17.806999,16.937
344073262,278.4447894,-74.30823378,0.360071,,17.829,16.859699
344074166,278.5692283,-75.47734262,0.263675,,17.2153,16.3083
344074181,278.4317965,-75.49058568,0.24430101,,17.9055,17.011299
344074334,278.2264893,-75.69835667,0.30861801,,17.328501,16.413
344077057,278.7927383,-75.8113858,0.47533801,,17.061001,16.0875
344077491,278.8636692,-75.21354037,0.22640599,,18.396999,17.441
344078068,278.6400123,-74.42850732,0.40384901,,17.045601,16.2672
344040566,277.4409905,-75.76357986,0.173458,,17.7672,16.8358
344040704,277.7986515,-75.97912159,0.039630301,,17.5378,16.613199
344077498,278.7108446,-75.20355023,0.29873499,,18.155399,17.1896
1688329122,277.840806,-75.30788462,-0.42359301,,19.491199,18.542601
1688336436,277.8238616,-74.80662318,-0.098347902,,18.6791,17.7999
1688361783,277.4248519,-74.30749063,0.180085,,18.77,17.825399
1688307144,277.8477231,-75.70775118,0.25168201,,18.3025,17.3454
1688328560,277.96757,-75.33161032,-0.102162,,18.5914,17.6796
1688307197,277.812038,-75.69324163,0.24319901,,19.188499,18.447001
1688330172,277.8041433,-75.18214964,0.42430499,,18.9993,18.1597
1688336431,277.8638713,-74.80057063,0.160092,,18.8678,18.035801
1688336433,277.7770977,-74.80754949,0.39612401,,19.0511,18.1325
1688361781,277.4254165,-74.31425181,0.36058399,,19.3627,18.4748
1688305479,278.1101816,-75.90079983,-0.186592,,20.381399,19.426901
1688305930,277.9700817,-75.78060468,0.29725999,,18.787399,17.873199
1688307140,277.9210335,-75.70306691,0.216684,,19.3391,18.508301
1688307618,277.9372901,-75.54575108,0.094756499,,19.0718,18.101601
1688334725,278.103595,-74.99117258,0.191241,,19.1702,18.207399
1688334731,278.010134,-74.99120766,0.372217,,18.347099,17.4804
1688336064,278.0123637,-74.88669439,-0.206074,,20.0376,19.0797
344003002,277.7702615,-75.4153018,,,9.8268204,9.1322498
344040644,277.7214034,-75.88584742,2.84359,,10.7982,10.0865
344043859,277.8318261,-74.90251254,2.25755,,13.3843,12.4738
344073941,278.5490743,-75.19989345,1.70135,,13.6443,12.769
344074375,278.3751543,-75.76709731,1.15043,,13.2835,12.4698
344040645,277.7919827,-75.88675636,0.90288001,,14.5822,13.7549
344074380,278.4629112,-75.77628781,1.0608701,,14.0893,13.2501
344074058,278.3393307,-75.34281526,1.06616,,13.896,13.0263
344073755,278.3817513,-74.9513603,1.16989,,13.2505,12.5584
344002781,277.6054011,-75.12948436,0.499495,,15.864,14.92
344044367,277.8532798,-74.20111812,0.54638398,,16.526199,15.5901
344002827,277.7428115,-75.19103348,0.37760201,,16.777201,15.8947
344002688,277.8011823,-75.01163171,0.36192399,,16.872601,15.9453
344002261,277.5755166,-74.49406065,1.14792,,14.8732,13.9901
344044364,277.8678341,-74.20522985,0.206668,,16.711,15.8153
344044366,277.8677646,-74.20180358,0.99032098,,15.1255,14.1861
344044465,277.9262882,-74.07368778,0.99591798,,14.8813,13.9037
344043866,278.1604165,-74.8914304,0.66968602,,15.8981,14.9898
344073944,278.5608856,-75.20637472,0.442038,,15.7411,14.8676
344074055,278.4999166,-75.34066464,0.410514,,16.216101,15.3147
344073921,278.590733,-75.18064488,0.40089801,,16.471399,15.513
344040698,277.8126777,-75.95980807,0.44087699,,16.573999,15.6415
344001961,277.617902,-74.1178066,0.29052901,,17.497101,16.5746
344043865,277.9119145,-74.89274966,0.42555201,,17.170799,16.2043
344073916,278.456698,-75.17667521,0.39927199,,17.0236,16.1485
344044216,277.9992844,-74.41517377,0.347157,,17.549,16.5683
344043504,278.1571115,-75.39827951,0.248832,,17.7381,16.766701
344043870,277.9497179,-74.88343607,-0.053317402,,17.670601,16.7211
344044359,277.83111,-74.2071996,0.391307,,17.683001,16.7498
344073265,278.4187276,-74.31171657,0.30915201,,18.169701,17.2635
344074052,278.4877232,-75.33728986,0.21364801,,17.5912,16.697701
344073923,278.6370498,-75.18348774,0.195336,,18.305,17.3533
344074153,278.5685984,-75.46484447,0.32058299,,17.546101,16.640301
344074189,278.4207346,-75.4980913,0.28639999,,17.8304,16.8673
1688356014,277.4222572,-74.56100544,0.076545097,,18.539301,17.6224
1688356017,277.376135,-74.56238726,0.14964999,,18.3381,17.3666
1688356418,277.405198,-74.46724385,0.40011701,,18.4032,17.416401
1688334370,278.0517182,-75.10653862,-0.0952527,,18.4797,17.559601
1688361582,278.0247925,-74.29826409,-0.00017522,,18.778601,17.8773
1688330113,278.0894996,-75.20009122,0.168203,,18.257799,17.323999
1688357088,278.1739312,-74.36913381,0.190521,,18.3601,17.4268
1688301918,278.4177199,-75.92047716,0.14904299,,18.436399,17.546499
1688335040,278.362686,-74.85920752,-0.0887793,,19.025,18.135599
1688336342,278.2634871,-74.77099474,0.268011,,18.565201,17.618401
1688305796,277.5630787,-75.83975095,0.27206901,,19.244801,18.3127
1688306973,277.3782125,-75.7858174,-0.31829301,,19.815599,18.8853
1688306977,277.5325485,-75.7749257,-0.33522099,,20.443399,19.483299
1688329163,277.3714664,-75.33032803,-0.0177982,,19.411501,18.4538
1688329167,277.3774675,-75.33537295,0.475972,,18.4209,17.4522
1688335359,277.3217917,-75.02100781,0.400098,,19.371799,18.4816
1688355927,277.2969811,-74.59146344,0.463579,,18.778799,17.933901
1688356420,277.3588625,-74.45724987,0.171938,,19.262199,18.338499
1688305615,277.9294871,-75.84055059,0.368283,,18.6462,17.809401
1688334367,277.9587932,-75.08114996,0.051371701,,20.549,19.5952
1688334831,277.9918536,-74.96034885,0.109226,,19.0263,18.164801
1688355024,277.988616,-74.61981726,0.26741701,,19.843201,18.888599
1688355026,278.1123182,-74.68317624,-0.41212499,,19.871799,18.91
1688355323,277.9660054,-74.58331416,-0.33811501,,19.591299,18.718
1688328447,277.944127,-75.38776876,0.124538,,18.596701,17.900101
1688334683,277.8909608,-75.02005449,0.48354,,18.5986,17.732401
1688334685,277.9043453,-75.01296463,0.26221299,,19.3321,18.408501
1688356529,277.874168,-74.50940037,0.12745801,,19.149401,18.3358
1688356531,277.8976726,-74.50392903,0.230084,,18.717501,17.824699
1688356532,277.8941771,-74.50504481,0.016034801,,19.7528,18.8419
1688328180,278.1298104,-75.4014409,0.37610099,,19.306499,18.344999
1688328181,278.1525329,-75.39261352,0.32180101,,19.682501,18.799999
1688357087,278.1512773,-74.36841483,-0.057178698,,20.544201,19.5672
1688306170,278.3477002,-75.80969863,0.253427,,19.447599,18.656401
1688328628,278.2646343,-75.27320268,-0.0213193,,19.0905,18.287701
1688329982,278.4708362,-75.15107306,-0.016886299,,19.4161,18.443899
1688330274,278.4120738,-75.12158639,0.055923801,,20.2689,19.2918
1688334930,278.3471961,-74.9062852,0.456857,,19.7526,18.7805
1688335013,278.2669264,-74.89112231,0.30454001,,19.540199,18.627001
1688335019,278.4017174,-74.88786552,-0.48389399,,20.4291,19.4652
1688336220,278.310137,-74.84072123,0.160781,,19.614901,18.8619
1688355595,278.2807419,-74.4609062,-0.97651303,,20.386499,19.5119
1688356829,278.1999566,-74.37845091,0.22323699,,20.3302,19.3946
1688371071,278.3729905,-74.06275873,0.258156,,19.619699,18.729
344074345,278.280025,-75.70888063,0.78991503,,13.5868,12.8812
344043267,277.859475,-75.7248808,1.25275,,14.6061,13.6457
343996805,277.2107857,-75.91433888,0.742266,,15.3943,14.4754
344043485,277.9741268,-75.42241055,1.04256,,14.6926,13.7385
344043880,277.9919894,-74.87587351,0.61296701,,15.9529,14.9736
343996799,277.3913336,-75.91857912,0.47380599,,17.014601,16.068199
344002050,277.7726037,-74.22351452,0.067706801,,16.668301,15.839
344043619,277.8290165,-75.24153575,0.17389899,,17.141899,16.209999
344044156,277.8236254,-74.49949903,0.375577,,16.841499,15.9012
344002231,277.4579235,-74.45466407,0.75820202,,14.1829,13.282
344044503,277.9308693,-74.02718059,0.959023,,14.9295,14.0122
344044381,278.2014643,-74.18600969,1.5401599,,14.0198,13.1103
344002403,277.5655568,-74.64358743,0.82191902,,15.4324,14.5004
344043545,277.9046831,-75.33949915,0.38098601,,16.743799,15.7861
344044302,278.113701,-74.29059175,0.87403899,,15.495,14.6086
344043616,277.8859545,-75.24224269,0.348371,,16.818501,15.8755
344044142,277.9245159,-74.5194084,0.40739,,17.4007,16.4272
344168256,280.1140493,-74.2072664,2.7558501,,11.6862,10.7174
344129967,279.1571642,-75.69056037,3.8735001,,10.5132,9.91257
344043549,278.2647718,-75.32546181,0.088062301,,18.091101,17.163401
344043883,278.1518998,-74.87380144,0.0114798,,18.633101,17.7213
344002047,277.7994825,-74.22180442,0.121105,,18.0707,17.1672
344002191,277.6662612,-74.39737804,0.12598,,17.5994,16.6604
344040462,277.4799225,-75.6110442,0.0235059,,18.0709,17.0839
344078098,278.9902421,-74.37369023,1.02914,,14.9554,13.9942
344129265,279.0032898,-74.53952027,0.59309101,,16.4998,15.5194
344043792,277.9721173,-75.00301122,0.43908399,,17.901501,16.9417
344043408,277.9412228,-75.51914074,0.090381697,,17.508801,16.6262
344043546,278.1540946,-75.3380554,0.083938003,,17.8627,16.930201
344077864,278.7848205,-74.70099006,0.669523,,15.9814,15.0513
344078014,278.8572942,-74.49317576,1.01139,,14.7507,13.8367
344044202,278.083237,-74.43374811,0.278146,,18.115,17.1738
344043491,277.9304863,-75.41949991,0.428321,,17.5919,16.625799
344043534,278.0251366,-75.35815863,0.25052899,,18.054399,17.1052
344043877,278.0752836,-74.87828522,0.38778999,,18.024599,17.056601
344129968,279.2688747,-75.6912192,0.74104899,,15.5052,14.544
344129261,279.3901626,-74.52985847,0.58077401,,14.9153,14.0252
344129688,279.2782132,-75.21819737,0.671004,,15.5496,14.6616
344133213,279.7714678,-74.70534885,0.55858302,,15.8545,14.9767
344043490,278.2064015,-75.4198716,0.37428299,,17.1411,16.174299
344044330,278.1500203,-74.25349013,0.108183,,18.128401,17.200701
344043878,277.8274905,-74.87812401,0.107397,,18.114,17.136999
344043264,278.1764782,-75.72851089,0.074895903,,18.246901,17.3006
1688335723,276.8286258,-74.94359607,0.088863797,,18.3617,17.4242
1688361139,276.7734432,-74.35959611,0.066110097,,18.163,17.2013
344129559,279.3600777,-75.03063302,0.38050199,,16.7918,15.8546
1688392175,276.7938304,-74.07260072,0.034768201,,18.618,17.6761
1688392177,276.7434163,-74.07155756,0.0226081,,18.349501,17.3913
1688333724,277.4028609,-75.17594693,0.111317,,18.2766,17.413099
344129886,279.3156697,-75.54441254,0.25225899,,17.0189,16.108601
344077902,278.9751753,-74.65701825,0.41628,,16.1726,15.2635
1688327941,277.613732,-75.41879489,0.186574,,18.3283,17.424101
1688356576,277.5493983,-74.52049941,0.242943,,18.158001,17.194099
1688305528,277.7333379,-75.91300542,-0.169532,,18.6903,17.780701
344129555,279.3432346,-75.02399876,0.80829298,,15.7775,14.8436
344129557,279.2854216,-75.02901036,0.42917401,,15.8543,14.9814
1688327550,277.6734899,-75.48638942,-0.076982401,,19.079201,18.1075
1688361862,277.7891937,-74.23995428,0.0447997,,18.994301,18.0917
344129263,279.2536578,-74.53561719,0.147741,,17.127899,16.2736
1688333722,277.4970882,-75.17816512,-0.441926,,19.1194,18.2714
1688333822,277.245353,-75.16633937,-0.50116599,,19.2535,18.393801
344077859,278.9185886,-74.71039242,0.31038001,,17.2596,16.2861
344129698,279.3540715,-75.24791855,0.38763201,,17.1022,16.1821
344129702,279.2602912,-75.25176914,0.19557001,,17.327801,16.3894
344129283,279.3238461,-74.56538873,0.30033901,,17.127701,16.279499
344133212,279.3963919,-74.70766938,0.28532401,,17.580799,16.613899
344076943,278.8377014,-75.97151892,0.22088601,,18.1465,17.1807
344078093,278.9288176,-74.38420727,0.080750301,,18.590401,17.599899
344077203,278.6765017,-75.59992233,0.208441,,17.833,17.032101
344077860,278.8940838,-74.70779132,0.30154499,,17.531601,16.603701
344077929,278.6671194,-74.62646152,0.26408201,,17.735701,16.7724
344078015,278.8024351,-74.49312387,0.40476301,,17.3325,16.3454
344078056,278.7898888,-74.44061503,0.176789,,17.561501,16.553699
344078059,278.6545042,-74.43481541,0.0793062,,17.8326,16.8405
344078095,278.8412044,-74.38090602,0.135934,,17.9778,16.996599
344078374,278.6766674,-74.00377683,0.132038,,17.805901,16.8281
344129081,279.1250511,-74.23728979,0.191063,,17.9624,16.9466
344129267,279.377156,-74.54008594,0.22942799,,17.435301,16.445
1688335721,276.8367155,-74.94746881,0.016698601,,19.5261,18.650999
1688354079,276.7300296,-74.88118218,0.281607,,19.574499,18.6793
1688356065,276.7066534,-74.62723536,-0.31531301,,19.792299,18.9361
1688356187,276.7911059,-74.58152073,0.30517301,,19.321899,18.4671
1688356188,276.8111306,-74.57527249,-0.23763999,,19.9863,18.999701
1688391936,276.5652062,-74.1434169,-0.18990999,,20.175301,19.2523
1688392171,276.8221039,-74.0796209,0.267171,,20.506599,19.5413
1688307056,277.4643191,-75.74225374,0.132416,,19.260099,18.6492
1688307557,277.5307485,-75.60865705,0.31528699,,19.4545,18.4603
1688335506,277.4956016,-74.9531034,0.0182252,,20.1408,19.2889
1688335509,277.4101416,-74.94749191,0.210859,,19.160299,18.2467
1688335992,277.5280625,-74.81606151,0.016461199,,19.299101,18.3582
1688307546,277.4959939,-75.63135662,0.493274,,20.299299,19.2995
1688307547,277.5905648,-75.61553389,-0.188069,,20.511999,19.534599
1688334290,277.5859553,-75.01933157,0.32946199,,19.0312,18.108101
344168251,279.8820556,-74.19885058,0.218495,,18.2068,17.2721
1688333776,277.6810595,-75.14364398,0.27035701,,18.9807,18.0408
1688336403,277.7000661,-74.84922329,-1.01814,,20.263599,19.312901
1688336405,277.7857707,-74.84697712,0.41211799,,18.846701,17.870899
1688363545,277.6230314,-74.03941353,-0.180797,,19.9863,19.0956
1688305971,277.7709125,-75.79092042,-0.0012808701,,19.909401,19.0569
1688327552,277.6982923,-75.47718645,-0.146864,,20.111799,19.289101
1688333783,277.6876012,-75.12600057,0.081049703,,19.7015,18.7708
1688336551,277.7134983,-74.77466919,0.14976899,,18.974199,18.1285
1688336552,277.7135457,-74.76657348,-0.30174699,,20.292999,19.393801
1688354852,277.7769391,-74.72223239,0.440485,,19.1775,18.2493
1688354854,277.7336808,-74.71856586,0.62796402,,18.861601,17.8958
1688354855,277.7410486,-74.71616135,0.114074,,19.3498,18.446301
1688361867,277.7854084,-74.22488065,0.112348,,19.578199,18.596399
1688363374,277.8311027,-74.04460368,0.340096,,18.424299,17.520399
1688363376,277.8319871,-74.04832975,0.49335301,,18.2167,17.458401
1688363538,277.7429507,-74.03625841,0.158751,,19.361,18.445299
1688301388,278.1599748,-75.95741199,-0.299988,,19.975401,19.0767
1688307667,278.2479925,-75.6310858,0.029202299,,19.868401,19.0035
1688328445,278.0297077,-75.38537966,-1.06234,,20.423599,19.512501
1688369360,278.7397274,-74.29007296,-0.17198899,,18.627001,17.6537
1688329684,278.1859681,-75.26879482,0.264864,,19.598,18.7705
1688355541,278.2472739,-74.49916444,-0.50373399,,19.567101,18.8209
1688356796,278.2323116,-74.40487572,0.56096601,,18.6422,17.7799
1688363319,278.0799459,-74.06196513,-0.0434356,,19.448999,18.541901
1688363321,278.0357734,-74.0677364,0.308395,,19.0588,18.139601
1688328370,278.9009837,-75.2954264,-0.277374,,18.7672,17.8377
1688301704,278.8334407,-75.93641086,0.27192101,,18.8801,17.974701
1688301705,278.8408548,-75.93205201,0.50174302,,18.8843,17.999001
1688302117,278.9110097,-75.83591621,0.605407,,19.306101,18.3692
1688308320,278.9265817,-75.38727187,0.301965,,19.507299,18.6563
1688328369,278.8591211,-75.31138945,-0.0490858,,19.5247,18.6745
1688329914,278.8188788,-75.14826049,0.54159802,,19.2623,18.316601
1688329918,278.8165331,-75.14964089,0.307565,,19.180799,18.2251
1688366935,278.6583545,-74.74559439,-0.179842,,19.619801,18.7304
1688367432,278.5884139,-74.61893151,0.0770417,,19.7665,18.8295
1688369354,278.8757775,-74.27654549,-0.26044801,,20.276501,19.257299
1688369358,278.7475903,-74.27759013,0.65178001,,19.225599,18.224701
1688370858,278.8663907,-74.07024933,0.132879,,19.5644,18.580299
1688364242,279.7151197,-75.14554773,0.50867099,,18.932301,18.0296
1688365061,279.5662866,-75.00027663,0.17209999,,19.106701,18.334
1688369083,279.6125427,-74.24203961,0.36804199,,18.526199,17.589199
1688369088,279.5762546,-74.23010049,0.37568,,19.1593,18.208
140897132,76.49893219,-75.50076504,0.64124602,,14.9358,14.0754
344002273,277.7223964,-74.50488049,0.83874398,,13.9721,13.1512
344002274,277.6126111,-74.50826453,0.52423501,,16.1234,15.2468
344002097,277.6225716,-74.28759117,0.32703701,,17.295,16.386299
344043097,277.9799342,-75.97817033,0.58507699,,15.4818,14.5441
344043099,278.061963,-75.97687259,0.95216799,,13.9031,12.9898
344002958,277.8143545,-75.36906697,0.094256699,,17.691401,16.7204
344043093,278.0536741,-75.98242318,0.205277,,17.9531,16.9701
344043373,278.1776792,-75.56194888,0.215601,,17.685499,16.734301
344073510,278.4126307,-74.632725,1.13415,,12.9383,12.0555
344073515,278.5905898,-74.64049199,2.6986699,,12.8121,11.9047
344074296,278.5763769,-75.64130991,0.553707,,15.6984,14.8158
344074449,278.5680698,-75.87726276,0.91674799,,14.3133,13.5256
344130086,279.3868829,-75.87947594,0.82132,,14.9124,13.9901
344073153,278.4454281,-74.17120101,0.69045901,,15.4285,14.4356
344074396,278.3188691,-75.79451229,0.067382403,,17.466,16.533899
344074399,278.5444761,-75.79564355,0.39699301,,16.448099,15.5341
344074515,278.3133867,-75.97828867,0.435644,,15.7377,14.7839
344130085,279.1377705,-75.87847784,0.58333999,,16.334101,15.3803
344074401,278.5155224,-75.79721556,0.18195599,,17.8972,16.9519
344073547,278.5061167,-74.67159642,0.34270701,,17.367599,16.389299
344073357,278.3012016,-74.43258128,0.41467199,,17.8036,16.843399
344074293,278.4821265,-75.63293598,0.51076603,,18.371099,17.489799
344074451,278.5656737,-75.8798014,0.25575399,,17.6189,16.694799
344073157,278.3946736,-74.17388306,0.43497601,,17.787001,16.7943
344077971,278.6443948,-74.56509333,0.358208,,17.886801,16.9615
1688354966,277.8231875,-74.68567598,0.078153796,,18.5436,17.5909
1688355300,278.0304762,-74.60405483,0.200339,,18.090401,17.1336
1688306575,278.1395096,-75.74806191,0.206238,,18.565901,17.6138
1688356808,278.2688398,-74.39312767,-0.140182,,19.0345,18.177601
1688301948,278.5172024,-75.89725595,0.30017999,,18.159599,17.240801
1688329850,278.5459918,-75.20871473,0.121025,,18.337799,17.411301
1688330304,278.5410898,-75.0747004,-0.122434,,18.777201,17.8459
1688329891,278.743679,-75.1806392,-0.0930833,,19.1478,18.228901
1688334572,278.7521131,-74.9287879,0.177812,,18.788601,17.8218
1688366910,278.7740137,-74.76363366,0.25970799,,18.2827,17.3195
1688307757,278.2277509,-75.60751803,0.0109096,,19.2934,18.340799
1688329734,278.3089994,-75.21323193,0.0165735,,19.9842,19.0436
1688335010,278.209563,-74.90406916,0.253777,,19.453699,18.6376
1688355455,278.2613317,-74.53938686,0.48796901,,19.996799,19.0977
1688356803,278.2683084,-74.39834853,0.28473899,,19.816099,18.8619
1688357237,278.3645736,-74.28511125,-0.83489603,,19.9356,19.024401
1688336696,278.5234586,-74.70796786,-0.062618002,,19.8799,18.9095
1688306233,278.5701865,-75.75632888,0.43033499,,19.720501,18.831499
1688335061,278.5442967,-74.84537249,0.32976601,,19.6896,18.7057
1688306713,278.6411778,-75.66770735,-0.795403,,19.925699,19.128
1688307931,278.7067003,-75.52939056,0.331135,,19.4426,18.643101
1688328662,278.4240843,-75.31216273,0.69214302,,19.136299,18.286301
1688334569,278.729344,-74.93740325,0.079844303,,20.036501,19.094299
1688334956,278.5773747,-74.88935628,-0.26873699,,19.881201,18.983
1688366907,278.7191198,-74.77239786,-0.041014999,,19.7981,18.8214
1688369234,278.686718,-74.34879254,-0.228368,,19.617399,18.6978
343952181,276.6566492,-75.91057897,0.60353899,,15.2547,14.2315
343951969,276.8891868,-75.62667555,0.36952099,,15.1651,14.3449
344002045,277.7671499,-74.21936004,0.942123,,14.7973,13.8968
344040473,277.7249389,-75.62883681,0.124966,,17.2271,16.4242
343951970,276.9776438,-75.6271241,0.249672,,18.7239,17.784201
343945643,276.2678581,-75.35521057,0.242415,,17.8682,16.9228
344002626,277.7716457,-74.93017827,0.060427099,,18.212601,17.2738
344002839,277.7880183,-75.20892792,0.237051,,18.0963,17.153099
344040468,277.6867829,-75.62078094,0.29764599,,17.7118,16.7384
344002864,277.6677542,-75.25578828,0.43924999,,17.863001,16.9401
1688301438,277.8728363,-75.95344423,0.74414599,,14.6485,13.8625
1688356637,277.818999,-74.47215098,0.196913,,18.9762,18.0014
1688336761,278.1869998,-74.69687915,0.212983,,18.4053,17.4307
1688355055,278.1075187,-74.66257963,0.181392,,18.489401,17.5296
1688301987,278.3972917,-75.9016066,0.0118427,,19.255301,18.3043
1688355059,278.0639686,-74.65505218,-0.88522297,,19.759899,18.7883
344002044,277.6564315,-74.2185827,0.54606599,,18.307301,17.337601
1688304861,276.8034491,-75.83703863,0.12907401,,18.8298,18.0168
1688307118,277.8735016,-75.74240542,0.43329099,,19.2199,18.3398
1688327992,277.812027,-75.40225569,0.27598801,,18.5247,17.708099
1688327995,277.8670298,-75.39216662,-0.050409898,,19.139099,18.2784
1688355314,277.7978353,-74.60444414,0.388852,,20.0194,19.0951
1688357026,277.8837242,-74.37561679,-0.20377199,,20.1325,19.219101
1688361536,277.8615249,-74.2759753,0.17015301,,19.093599,18.165701
1688301355,278.2007206,-75.97929532,-0.95455199,,20.176399,19.331499
1688301361,278.1881931,-75.96900494,-0.33039299,,19.8536,18.9545
1688301985,278.3904766,-75.90274482,-0.173315,,19.531401,18.6796
1688307759,278.2987185,-75.60129051,0.301525,,19.515699,18.5916
1688328126,278.3858733,-75.42099756,-0.0512156,,19.816,18.941
1688329792,278.1156949,-75.22729309,-0.243094,,19.687,18.827101
1688336762,278.1163547,-74.70168267,0.078437798,,19.593201,18.7185
1688336765,278.1693255,-74.68540431,0.49647799,,19.874201,18.9338
1688363891,279.0680474,-75.31316281,0.453298,,19.277201,18.3904
344040708,277.5222118,-75.98181731,0.70484298,,15.6274,14.7012
344002738,277.5876973,-75.0757907,0.445813,,17.1098,16.172501
344002011,277.549952,-74.17363152,0.33087599,,17.3144,16.3859
344002012,277.5067655,-74.17439207,0.58765501,,17.559,16.5938
1688329502,277.7135049,-75.25942305,0.038913298,,18.691799,17.8216
1688357047,277.7077355,-74.36699247,-0.66378301,,19.435499,18.5417
1688307147,277.7897889,-75.71040705,0.320797,,18.2516,17.3468
1688307474,277.8127626,-75.6486684,0.138677,,18.682501,17.727301
1688327873,277.7778449,-75.44200896,0.14675701,,18.390699,17.565001
1688361901,277.8214241,-74.20403308,0.12539899,,19.014099,18.0674
1688362039,277.9274034,-74.17882813,-0.0086628003,,19.1064,18.122299
1688362040,277.9075977,-74.17600234,-0.130502,,18.612801,17.973
1688329506,277.791461,-75.25095611,0.402803,,19.2059,18.295
1688361442,277.6438034,-74.33800899,0.066568799,,20.458,19.4986
1688305461,277.7164043,-75.9298212,-0.103794,,19.689699,18.766899
1688305464,277.7888552,-75.93251553,0.139392,,19.379999,18.457899
1688307149,277.8963943,-75.69571714,0.42133701,,19.448799,18.4748
1688354893,277.9342841,-74.67389565,-0.032047499,,19.8873,19.065399
1688356928,277.7960215,-74.41931089,-0.165341,,20.1052,19.235701
1688356929,277.7997862,-74.41527894,-0.0577587,,20.1392,19.193199
1688363692,277.8412547,-74.00674228,0.52846998,,19.5273,18.647699
343951790,276.717525,-75.37588589,5.1075602,,10.5024,9.6371803
343951886,276.7979913,-75.51783012,1.52581,,12.9096,11.9696
343997717,277.1809699,-74.60601256,1.3187701,,13.2072,12.402
344043353,277.8602171,-75.59760909,1.3765,,13.3665,12.4481
343997228,277.2067981,-75.29600899,0.85507703,,15.0731,14.1285
343951665,276.7943712,-75.210063,0.54608202,,16.0679,15.0991
343997363,277.0343544,-75.0849451,0.59619898,,16.0914,15.1614
343950915,276.6466469,-74.29596845,0.181484,,17.2311,16.254999
343997012,277.3974869,-75.59108111,0.39332199,,16.993799,16.003201
344044039,278.1144714,-74.65788008,0.24011201,,16.962999,16.040199
343886039,276.2239946,-74.03262133,0.75017297,,15.4228,14.4826
343950918,276.9206354,-74.30089146,0.91007501,,14.646,13.727
343951135,276.885605,-74.52666287,1.06609,,14.6383,13.6995
343950916,276.8106068,-74.29802439,0.919774,,14.9033,13.9412
343950749,277.026552,-74.11917334,0.41536599,,16.630699,15.6728
343950859,276.9783343,-74.23996111,0.678388,,14.5872,13.6951
343951138,276.921932,-74.53292258,0.38971201,,16.406799,15.4416
343997153,277.38093,-75.39684486,0.54523098,,16.1448,15.1701
344044314,277.8426201,-74.27549747,0.47535399,,15.5531,14.6431
343887385,276.1865373,-75.52620192,0.29699799,,17.951599,16.9981
343945947,276.5801881,-74.93154021,0.122758,,18.753201,18.025499
343951141,276.9128225,-74.53888779,0.056330699,,18.3318,17.337601
343952025,276.7178329,-75.71685617,-0.249715,,17.505899,16.6248
343945951,276.6077395,-74.92406031,0.43447399,,17.374399,16.4095
343951255,276.8384412,-74.70121155,0.167872,,17.945601,16.9848
343951612,276.9511636,-75.15137713,0.105669,,17.711201,16.7808
343951794,276.8013671,-75.38197199,-0.062605701,,17.7568,16.823
343950747,276.9903573,-74.11845731,0.16244701,,18.0777,17.1092
343950856,276.7564354,-74.23870061,0.439621,,17.3971,16.466999
343952042,276.8677984,-75.73395347,0.29412901,,17.978399,17.006201
343952044,276.8856288,-75.73647418,0.18026499,,17.6101,16.618
343997013,277.340264,-75.58886394,0.239695,,18.2978,17.352699
343997383,277.2544304,-75.07082835,0.144476,,17.289499,16.421101
343997384,277.4105341,-75.06844175,0.33573601,,18.1234,17.239401
344043348,277.9436299,-75.60444846,0.22174001,,18.232401,17.2626
344043729,277.9130273,-75.10139514,0.50296199,,18.0324,17.060301
344044316,277.9396139,-74.27259908,0.27368101,,17.5888,16.6234
344044319,277.7782643,-74.26795847,0.31184801,,17.7738,16.8116
343951615,276.8082116,-75.15264152,-0.150051,,17.6793,16.763
343952028,276.9008637,-75.71973379,0.55830401,,18.023199,17.0954
343997151,276.9641677,-75.40440948,0.53464001,,17.829599,17.1199
343997359,277.1234257,-75.09601778,0.61914599,,17.987101,17.1308
343950911,276.8021948,-74.28860913,0.26199499,,17.617201,16.644899
343951019,277.0308128,-74.40712204,0.24076299,,17.0945,16.089899
343951140,276.9523746,-74.53710371,0.160799,,17.8673,16.886
343997716,277.1399939,-74.60681347,0.23942301,,17.552401,16.652201
1688362710,276.4115981,-74.25042479,0.221707,,18.4244,17.5201
1688354250,277.4884135,-74.77921323,0.122618,,18.6987,17.881701
1688392763,277.3635895,-74.00927886,0.184558,,18.695801,17.731701
1688352167,276.5153268,-74.84676685,-0.200158,,19.4107,18.460199
1688352161,276.4731082,-74.86144567,-0.071552999,,19.4207,18.4536
1688305066,276.4273861,-75.84992317,0.227291,,19.6343,18.6436
1688331876,276.4365561,-75.22834938,-0.66154498,,19.91,18.9827
1688353420,276.3308303,-74.79158081,0.29199499,,18.197599,17.627501
1688329142,277.4745528,-75.34799351,-0.0053427001,,19.9783,19.036301
1688333739,277.5574938,-75.17457975,-0.42039299,,20.052299,19.094101
1688361806,277.6011736,-74.26569657,0.52430701,,19.7064,18.7658
344003064,277.6574011,-75.51019038,0.71971601,,14.8003,13.9514
344002801,277.6616762,-75.1483047,0.76266497,,15.67,14.7432
344003014,277.7029146,-75.43014803,0.64276201,,15.2145,14.2752
344002241,277.5951313,-74.4770262,1.05661,,13.8617,13.0242
344002760,277.4323742,-75.10659983,0.810543,,15.494,14.553
344002762,277.7657363,-75.10777963,0.63069499,,15.4715,14.5342
344002209,277.7637832,-74.4252778,1.23087,,13.5555,12.6261
344002761,277.6560307,-75.10673867,0.40309301,,17.144501,16.185101
344002214,277.6764154,-74.42848512,0.92583102,,14.3548,13.4443
344040664,277.5566095,-75.91484299,0.24029399,,17.0525,16.1054
344002208,277.555321,-74.42322615,0.55620801,,15.0995,14.13
344001921,277.7045618,-74.06312438,0.65759701,,15.0481,14.1516
344002165,277.6154517,-74.36926244,0.73525202,,15.2298,14.3253
344002325,277.5491572,-74.56043997,0.333123,,16.43,15.6329
344002615,277.5522279,-74.91389514,0.48780999,,16.1562,15.2337
344040662,277.6767987,-75.91176926,0.40457499,,16.483101,15.5059
344001912,277.8504912,-74.05390793,0.23802499,,18.0907,17.1525
344002808,277.6663745,-75.16289951,0.196136,,18.6492,17.7113
344003018,277.7352722,-75.43355583,-0.037162598,,17.966299,17.164101
344001923,277.7687793,-74.06818275,0.28527701,,17.327299,16.4086
344002320,277.5831422,-74.55542524,0.199981,,17.3487,16.4266
344002323,277.5310502,-74.56032899,0.092025101,,17.833401,16.866199
344040604,277.5073047,-75.8207144,0.27153701,,17.750401,16.7903
344002758,277.6107527,-75.1042161,0.043820199,,17.864201,16.995399
344001945,277.5499196,-74.09693109,0.192719,,18.0546,17.1751
344002655,277.7529042,-74.96726314,0.22774699,,17.626699,16.759501
344002239,277.5887836,-74.47392265,0.31241,,17.518999,16.5513
344002763,277.7719821,-75.10872726,0.25687701,,17.5998,16.6621
344002210,277.7530304,-74.42537353,0.122061,,18.1385,17.1805
344002520,277.809891,-74.8005175,-0.0058379699,,17.815001,16.8876
344003021,277.435149,-75.43627577,0.31352901,,18.431999,17.440001
344040665,277.7942227,-75.91613284,0.26761001,,18.456499,17.508801
1688363476,277.367387,-74.09017965,0.19929001,,18.542601,17.6227
1688335465,277.3224042,-74.97490266,0.122163,,19.3249,18.4244
1688354686,277.3278108,-74.70521592,0.25082999,,18.8615,17.938601
1688356038,277.303503,-74.54781145,0.38807401,,18.8512,17.9475
1688329067,277.6880823,-75.36532341,-0.229783,,18.7089,17.826
1688355279,277.703175,-74.63543486,-0.30166799,,18.9431,17.976801
1688355281,277.7758969,-74.62208359,-0.063256301,,19.104601,18.1315
1688361351,277.1844733,-74.27242078,-0.036694601,,20.255699,19.2808
1688362488,277.2037025,-74.2292366,-0.208722,,20.1917,19.2185
1688362883,277.2358669,-74.12722108,-0.139172,,19.632099,18.743401
1688305421,277.5614939,-75.90128902,0.042931098,,19.657,18.7712
1688305422,277.5798537,-75.90342386,-0.48688999,,20.6012,19.653099
1688305424,277.6458259,-75.97685002,0.144958,,19.905199,18.935301
1688329068,277.6904226,-75.36651108,0.440368,,19.6667,18.7311
1688329073,277.6779657,-75.36135088,0.17198201,,19.944,19.0128
1688336000,277.492948,-74.81023915,-0.44512501,,19.677999,18.8209
1688336008,277.6803056,-74.94900375,0.61942101,,18.6485,17.779499
1688354812,277.7045732,-74.75965005,0.222288,,19.718599,18.757999
1688354814,277.6326499,-74.75995947,0.167735,,19.598801,18.7381
1688354919,277.6745111,-74.70658885,0.366458,,18.651501,17.6919
1688354925,277.8074969,-74.684799,0.285687,,19.689501,18.7449
1688363116,277.6588954,-74.12056997,0.17873,,19.766701,18.9007
1688305813,277.32478,-75.85661799,0.29584,,18.167299,17.338699
1688329443,277.3206499,-75.32644288,-0.033043101,,18.579599,17.618
1688333827,277.2403711,-75.15974643,0.022150701,,18.9613,18.003401
1688334221,277.3152844,-75.08177452,0.036608201,,18.451401,17.496599
1688361819,277.3662728,-74.28826009,0.071258903,,19.1625,18.2299
1688361953,277.5042493,-74.20368303,0.067913897,,18.9408,18.081301
1688363576,277.4643674,-74.04981416,0.067172103,,19.186501,18.243999
1688335947,277.4616431,-74.85655627,0.051031101,,18.6392,17.6693
1688307308,277.3013055,-75.73317274,-0.46843401,,19.687799,18.819901
1688307309,277.3430593,-75.7301645,0.15898401,,20.2633,19.3344
1688333825,277.3051069,-75.1590207,-0.381365,,19.436399,18.5821
1688361817,277.4440364,-74.28417621,0.32183599,,19.0224,18.186501
1688361820,277.3841027,-74.27959032,0.124999,,20.1096,19.121401
1688361950,277.4759607,-74.21326548,0.226182,,18.815901,17.9548
1688361951,277.4557719,-74.21061498,-0.714746,,20.1439,19.252899
1688335355,277.4261015,-75.00982834,0.033431198,,19.069099,18.334101
1688361825,277.4572058,-74.26608413,-1.0569,,20.177401,19.371201
1688305742,277.2043685,-75.88670819,-0.36065501,,19.2379,18.306299
1688328897,277.1923555,-75.43210471,0.27757201,,18.339899,17.3888
1688334258,277.2477309,-75.05941752,0.155738,,18.895399,17.9491
1688354699,277.5226417,-74.67005056,0.057684898,,18.483,17.655399
1688361503,277.6070863,-74.30462174,-0.077873603,,18.5949,17.6724
1688305745,277.2762989,-75.88359795,0.14078499,,19.9454,18.9683
1688305747,277.2350115,-75.89233742,0.47498399,,19.063101,18.109699
1688329058,277.5354814,-75.36342989,0.579826,,19.5686,18.6154
1688329062,277.6541845,-75.37975058,0.38076001,,19.437799,18.587799
1688354702,277.4981044,-74.65990844,0.196402,,19.0051,18.120199
1688354706,277.5136616,-74.65911854,0.172778,,19.559,18.672001
1688361505,277.5872478,-74.30168107,0.39984101,,18.6064,17.6733
343997509,277.0883811,-74.89989674,2.8213,,12.3141,11.4906
344043463,278.0223972,-75.44041835,2.8889301,,12.6939,11.8396
344044354,278.2122742,-74.21542566,2.0105,,12.5804,11.7322
343997857,277.0638389,-74.39375225,1.13214,,13.4535,12.5188
344043464,277.9534682,-75.44007512,1.41017,,13.7478,12.7976
344043861,278.1213107,-74.89825906,1.21244,,13.6844,12.7405
343951921,276.9279138,-75.55471952,1.04933,,13.7409,12.9801
343997075,277.2331325,-75.513044,1.0937099,,14.4211,13.5257
343996917,277.1203348,-75.74964772,0.950899,,15.2298,14.2494
343997396,277.2514961,-75.05552424,0.43663499,,16.2974,15.4345
343997549,277.1094075,-74.85675534,0.31876099,,15.1176,14.2699
344044323,277.8510054,-74.26548229,1.4104199,,13.8019,12.9044
344044356,277.9247941,-74.21048238,1.15283,,14.628,13.7157
344043345,277.8228542,-75.60942826,0.303626,,16.600201,15.8413
343997861,277.2394516,-74.38955914,0.239213,,16.9743,16.0418
343951313,276.9179054,-74.76457988,0.34870699,,16.3641,15.3747
343951268,276.7654529,-74.7176451,0.428619,,16.6227,15.6645
343997801,277.1045465,-74.47931049,0.52023202,,15.6749,14.7565
344002116,277.4433254,-74.31296929,0.44055,,16.695601,15.7503
343997805,277.3477742,-74.4736139,0.41417801,,16.849899,15.8985
343997833,277.2565011,-74.42718823,0.36635101,,17.330799,16.3612
344002299,277.6524419,-74.5320469,0.315099,,17.133101,16.3636
344044355,278.0272889,-74.21490245,0.176073,,17.214399,16.229401
343997771,277.1005208,-74.52113599,0.119234,,18.542601,17.683201
344002293,277.661075,-74.52917844,0.14259601,,18.481501,17.5606
343950892,276.8091218,-74.2725019,0.216722,,17.7323,16.794701
343951436,276.8506882,-74.90456292,0.198973,,17.804399,16.851801
343951440,276.7882711,-74.90868074,0.202044,,17.775999,16.829201
343951312,277.0058219,-74.76375915,0.261379,,18.146099,17.196301
343951803,276.7912039,-75.39532686,0.0373694,,17.9023,16.998199
343952012,277.002267,-75.68523565,0.42437199,,17.889601,16.911301
343997020,277.1400806,-75.58272444,0.228834,,17.877701,16.9611
343997393,277.0556621,-75.05897502,0.48685399,,17.475599,16.5385
343951269,277.0078409,-74.71802529,0.213983,,17.528299,16.5418
343996875,277.3723233,-75.80496231,0.237966,,18.241501,17.287901
343997421,277.2690494,-75.01157295,0.249871,,17.627899,16.696899
343996757,277.0575193,-75.98201058,0.22937199,,17.3263,16.3599
344002109,277.7204918,-74.3009328,0.27070299,,17.596701,16.617701
344002111,277.6367081,-74.30462544,0.29563001,,17.9986,17.059099
344002296,277.7395154,-74.5312281,0.141579,,18.135799,17.3274
344002427,277.7545458,-74.6697979,0.336198,,17.528,16.599501
344043462,278.0644956,-75.44282469,0.20699599,,17.6731,16.712601
344044353,278.1351206,-74.21554911,0.24414,,17.9783,17.143499
344044403,277.860289,-74.16493583,0.23457199,,17.652399,16.723301
344044351,278.2033873,-74.21721742,0.289727,,17.532801,16.683599
343996754,277.4120091,-75.98556174,0.104459,,18.167,17.210699
344002290,277.5789748,-74.52617396,0.33627799,,17.8545,16.961201
344043342,277.9898794,-75.61373066,0.166941,,18.3785,17.447599
343997763,277.1308825,-74.53661964,0.016790399,,18.695299,17.7635
1688305982,277.5741059,-75.79816387,0.39246801,,19.2127,18.306999
1688305983,277.577808,-75.79773634,-0.030231001,,20.1394,19.338301
1688307544,277.7031015,-75.60194706,-0.94626099,,20.6693,19.7356
1688336543,277.6218956,-74.78537711,0.18706501,,19.6362,18.7148
343951525,276.7356688,-75.03350148,5.03266,,11.7636,10.939
344040515,277.6747816,-75.67703333,5.0134201,,11.4649,10.6684
343951524,276.8000889,-75.03344209,1.25323,,13.5104,12.6561
343951345,276.8848013,-74.79622683,1.17922,,13.5251,12.7136
343997272,277.1742476,-75.22559566,0.91033202,,14.6582,13.7742
343951930,277.0258877,-75.56905808,0.21067201,,15.6325,14.7847
343952156,276.7858728,-75.88129856,0.645042,,15.0891,14.1176
344002508,277.7348268,-74.78345658,0.84369802,,15.4602,14.5662
344003028,277.710144,-75.45352877,0.80611002,,16.0273,15.0865
343951000,276.7877393,-74.38788873,1.35291,,13.6109,12.718
343951527,276.7817145,-75.03659831,0.85174698,,13.7356,12.8703
344002197,277.5575923,-74.40704982,1.2911299,,13.5403,12.7698
343997596,277.1569034,-74.76534508,1.0649199,,15.9421,14.9945
343998035,277.1086641,-74.15989023,0.26373401,,16.9263,16.1381
343951006,276.9304225,-74.3929516,0.354449,,16.4986,15.5967
343951009,276.8755481,-74.39469781,0.36934599,,16.1488,15.1563
343997271,277.2536612,-75.22586115,0.559789,,16.245899,15.2779
344001899,277.7416948,-74.03997014,0.582394,,16.070801,15.1376
344003026,277.7915322,-75.4502138,0.48140699,,16.399799,15.4899
344001987,277.7358474,-74.14707464,0.558851,,16.0898,15.1557
343951931,276.7204939,-75.57309373,0.15262701,,17.516199,16.661301
343951588,276.7942377,-75.12481963,0.27784601,,17.4412,16.4893
343998133,277.3444471,-74.05323167,0.53508699,,17.185801,16.219101
344002765,277.8041426,-75.11273637,0.373725,,16.999399,16.1248
344001981,277.5273296,-74.14153282,0.48186401,,17.2038,16.232201
344002766,277.6963018,-75.11335584,0.077000096,,17.1947,16.415701
343951531,276.9716155,-75.03924706,0.33539999,,17.445299,16.523199
343951947,276.9405194,-75.60061533,0.268742,,17.370501,16.436899
343951950,276.8771287,-75.60694595,0.31939501,,17.827,17.0313
140895762,76.39531949,-74.52425301,0.066892497,,17.982901,17.128401
343998036,277.1720917,-74.1591052,0.0207274,,18.225401,17.264099
344003025,277.6378036,-75.44848118,0.31191701,,17.4515,16.476999
344001983,277.6049589,-74.14228691,0.247041,,17.713499,16.757799
344002194,277.5944719,-74.40012972,0.171967,,17.646,16.7318
344002750,277.8080639,-75.09000615,0.17371801,,17.700399,16.7719
344040534,277.6075276,-75.71498635,0.26332,,17.471901,16.666401
343997270,277.2282273,-75.2299638,0.56703502,,18.1129,17.209801
344002101,277.4891497,-74.29111299,-0.077882297,,17.9093,16.9377
344002504,277.5076589,-74.77757723,0.022419,,17.6014,16.6674
1688307433,277.5206174,-75.70385477,0.093791597,,18.9356,17.995899
1688356973,277.4887739,-74.42155863,-0.191649,,18.814899,17.887199
1688361638,278.2984205,-74.22843152,-0.038402501,,19.0793,18.221901
1688327615,276.9372576,-75.57753537,-0.0025426699,,19.123199,18.1639
1688335647,276.971625,-74.96494968,0.113358,,19.4725,18.5455
1688354059,277.0704255,-74.83972306,-0.58801001,,20.4051,19.5205
1688360880,276.9098971,-74.44739903,-0.102805,,19.912901,19.0986
1688361159,276.9090518,-74.39450749,0.52416301,,19.6481,18.665899
1688392521,276.8804117,-74.00419106,0.45542899,,19.6961,18.761299
1688329332,277.0215932,-75.33980016,0.057476301,,19.5767,18.720501
1688362891,277.1294255,-74.13873861,-0.00078683899,,19.4972,18.5516
1688307177,277.6085495,-75.70917263,0.090211697,,20.5744,19.612499
1688354240,277.4289848,-74.78750663,-0.015738901,,19.3281,18.396601
1688355348,277.6450785,-74.60499263,-0.093588203,,20.1364,19.2717
1688363154,277.418324,-74.15128224,0.16616599,,19.311399,18.356899
1688363159,277.5311407,-74.12874423,0.056148499,,19.3647,18.545601
1688363163,277.3522723,-74.1460037,-0.168189,,20.211901,19.2948
1688363188,277.6538782,-74.11354035,-0.30161101,,19.941999,19.141899
1688363192,277.5538457,-74.1157488,0.441964,,19.7948,18.8318
1688336229,278.1999445,-74.84713782,0.59085101,,18.3736,17.429399
1688336234,278.1971027,-74.83802537,-0.0631653,,20.183701,19.285101
1688356737,278.3049379,-74.41731874,-0.139633,,19.982901,18.994801
343997502,277.1111912,-74.91094599,1.1745501,,13.8803,13.0307
343997506,277.2993171,-74.90601265,1.03179,,15.1509,14.2059
343997586,277.4124117,-74.78658228,0.59812802,,15.8749,14.9211
343945253,276.4385523,-75.88112554,0.731188,,14.8709,13.8674
344040685,277.6346553,-75.94811496,0.71209002,,14.9783,14.1769
344044117,278.1141079,-74.54714134,0.29089499,,17.0021,16.1287
344002306,277.6512435,-74.53812052,0.420394,,15.202,14.4207
343945931,276.2994267,-74.95621183,0.82853699,,14.9418,14.0531
343945932,276.5208895,-74.9543349,0.90217,,13.8731,13.1074
344002301,277.8184405,-74.53408192,0.35948801,,16.014799,15.2487
344002003,277.7005186,-74.16143173,1.0844899,,15.0097,14.037
344002704,277.7474068,-75.03100244,1.24578,,14.2251,13.3016
343997505,277.2542056,-74.9073427,0.27031901,,16.952,16.025499
344002008,277.7943193,-74.16838886,0.282121,,17.096901,16.1373
343997587,277.3516451,-74.78452995,0.51841402,,16.440399,15.4707
343997843,277.3312102,-74.41470117,1.11264,,14.5997,13.6745
343997949,277.1658014,-74.27450472,0.48034799,,16.318701,15.3601
344001955,277.8043746,-74.10930378,0.50651902,,16.5739,15.6103
344044279,278.0847004,-74.3151551,0.72306001,,15.4795,14.608
343945934,276.2539537,-74.95212063,0.47444901,,17.3454,16.371901
344043572,277.9483973,-75.29911889,0.32445699,,17.373301,16.437099
140897448,76.44933488,-75.81612231,0.30703399,,17.902599,17.0312
343997590,277.2365219,-74.77735267,0.229941,,18.251101,17.294201
343997840,277.4052526,-74.41723686,0.321962,,17.5935,16.6322
343998026,277.061319,-74.1739963,0.25242901,,18.103701,17.143499
343998171,277.2315992,-74.0127577,0.27487901,,17.754,16.829599
344002495,277.6266896,-74.76512605,0.26833799,,17.7145,16.739
344002357,277.5560621,-74.5928345,0.200239,,17.8606,16.9102
344002550,277.4495988,-74.84447546,0.297288,,17.488899,16.5179
344040687,277.7380646,-75.94887094,0.13325199,,17.930401,16.9674
343945920,276.4420355,-74.97099513,-0.039551001,,18.2104,17.3976
344002302,277.5313396,-74.53428649,0.15944199,,17.8151,16.884399
344044052,277.9825176,-74.63769935,-0.00316431,,18.256201,17.292101
1688335482,277.2159854,-74.96031576,0.142084,,18.338699,17.3993
1688363564,277.2703744,-74.09383881,0.057435799,,19.0019,18.0585
1688355272,277.6298198,-74.64737334,-0.034217399,,18.936199,17.9949
1688356636,277.7240361,-74.48850398,0.27716699,,18.3738,17.5096
1688326713,276.6660276,-75.52544082,-0.30329099,,19.787001,18.8202
1688331820,276.5759037,-75.22971301,0.028237199,,19.1245,18.2297
1688331822,276.6840139,-75.20677765,0.33287901,,18.466499,17.5924
1688362771,276.7668938,-74.18225321,0.30996001,,18.879101,17.917101
1688392379,276.5330534,-74.04376119,0.65007198,,19.4921,18.594299
1688392386,276.6888847,-74.03035424,-0.44965401,,20.201599,19.323999
1688329552,277.4882046,-75.25239181,0.335884,,20.2194,19.276199
1688335480,277.1797801,-74.97386248,0.49970901,,19.5193,18.709299
1688354329,277.3880539,-74.75880353,0.216866,,20.090099,19.109301
1688356448,277.3137489,-74.46207909,-0.110571,,19.739401,18.776899
1688360959,277.33812,-74.35136776,0.43251699,,19.8657,18.9604
1688356635,277.7644242,-74.48017942,-0.25216699,,19.0296,18.3522
343945741,276.5571907,-75.21102977,2.7263601,,12.5969,11.6895
344040718,277.6562033,-75.99741856,0.80836898,,13.427,12.6519
344002156,277.5081787,-74.3642922,1.5191801,,13.2018,12.3943
344043498,277.8560939,-75.4065109,2.0271299,,12.7726,11.9026
343951634,276.7765576,-75.17708598,0.53971899,,15.8512,14.952
343951542,276.6644522,-75.06183781,0.214131,,16.9562,16.0194
343945444,276.2573605,-75.60515425,0.70591497,,15.8399,14.8826
343951180,276.6408478,-74.57704082,0.93717998,,13.8226,13.0234
344002723,277.4708968,-75.05495127,1.2294,,14.1033,13.186
344002941,277.4406907,-75.35370731,0.96945399,,14.2681,13.4783
344002670,277.7135057,-74.98845767,0.73320198,,14.9254,14.0858
344002929,277.4341077,-75.33736751,1.29134,,14.0928,13.2467
344002932,277.6510263,-75.34335638,1.14747,,14.423,13.4733
343945292,276.4453703,-75.82783371,0.55262297,,14.9232,14.1185
343945426,276.4642374,-75.62516019,0.81122702,,15.363,14.4615
343951714,276.7295822,-75.26818286,0.86449802,,15.1027,14.1912
343951546,276.760633,-75.06606037,0.561885,,15.8884,14.9715
344040720,277.5502783,-75.99761936,0.41597801,,15.9013,14.9321
344040460,277.6184549,-75.60752704,0.71049398,,16.021099,15.0413
343950639,276.7917942,-74.00493375,0.91029203,,13.3576,12.5735
343946633,276.2645824,-74.05913531,1.17299,,14.5003,13.6131
343945662,276.3385321,-75.32937785,1.03239,,14.791,13.8179
344002271,277.6650153,-74.50254807,0.59946001,,15.5983,14.7635
344002267,277.5259656,-74.49848815,0.603306,,16.664499,15.8602
344040717,277.4869265,-75.99661532,0.36947301,,17.0781,16.249599
344044441,277.9230838,-74.1034696,0.270814,,17.249201,16.2843
343951713,276.8659612,-75.26698708,0.521272,,16.171499,15.2201
344001892,277.5607904,-74.0274031,0.41099,,16.2672,15.3148
344002943,277.5321324,-75.35511964,0.60916299,,16.218201,15.2424
344040675,277.6087202,-75.9290897,0.51846302,,16.3083,15.4139
344002358,277.4265794,-74.59401149,0.426213,,16.3234,15.3703
344040433,277.69619,-75.56432217,0.30963501,,16.466499,15.6498
344040549,277.4362746,-75.74257113,0.52521801,,16.104601,15.1299
343950641,276.7984454,-74.00596292,0.228174,,16.8041,15.8335
343945501,276.3404332,-75.53022418,0.024958299,,18.2178,17.2694
343945423,276.4076298,-75.62757763,0.24375901,,17.1154,16.2106
343952019,276.6485548,-75.69666749,0.25497901,,17.4916,16.501699
343951826,276.8191401,-75.4323332,0.29088801,,17.246099,16.2906
343997486,277.1243077,-74.94452382,0.25855899,,16.5222,15.7008
344002245,277.4468063,-74.47923812,0.29548901,,16.979799,16.134199
344002727,277.7105191,-75.05850307,0.324846,,17.056601,16.3547
343945266,276.3157883,-75.86568503,0.19519299,,18.323799,17.333599
344002158,277.6732743,-74.36540489,0.15726,,18.4606,17.5056
343945503,276.3560861,-75.52877504,0.401499,,17.6674,16.6999
343945506,276.5638767,-75.52411874,0.28740099,,17.207701,16.276199
343945286,276.3200156,-75.84118993,0.29961801,,17.9251,16.906799
343945661,276.6002509,-75.33073389,0.18050399,,18.110399,17.1875
343945663,276.5637861,-75.32712377,0.27828199,,17.351,16.3829
343946151,276.6064253,-74.65062852,0.215349,,17.855101,16.888901
343946666,276.5354044,-74.02864555,0.214963,,18.315701,17.389601
343952022,276.9978651,-75.7057739,0.13046999,,17.784,16.8806
343997487,277.4086273,-74.94377958,0.28136399,,17.706499,16.752199
344040496,277.6450105,-75.65257724,0.14655399,,17.719101,16.7764
344002870,277.4401083,-75.26118408,0.124055,,17.8675,16.974199
344002361,277.6819752,-74.59835848,0.466313,,17.523199,16.591801
343951961,276.9752269,-75.61640332,0.26231501,,16.6957,15.7753
343946515,276.5036132,-74.22658242,0.35402399,,17.9583,17.009199
344040498,277.7355299,-75.65382689,0.191975,,18.3587,17.398001
344040481,277.6969241,-75.63662896,0.176947,,17.769501,16.8545
1688333666,277.0146323,-75.19543344,0.228539,,18.113501,17.318399
1688335635,277.0641919,-74.97066147,0.098067403,,18.4711,17.681601
1688335639,277.0992102,-74.9580592,0.23010799,,18.681601,17.753799
1688307241,277.9567805,-75.63350082,0.099618897,,18.6231,17.644501
1688308004,278.0974967,-75.60408513,0.29526401,,18.7941,17.820499
1688308113,278.0501906,-75.51458012,0.261664,,18.8643,17.8925
1688328455,278.1004564,-75.37181055,-0.0322982,,18.6346,17.6712
1688336172,277.9852486,-74.85095115,0.27965799,,18.2073,17.258801
1688361574,277.9076995,-74.30980556,0.066026799,,18.3757,17.4021
1688361048,276.7692924,-74.39881113,-0.29803601,,19.2061,18.306101
343952014,276.5846954,-75.68867499,0.30142799,,18.6343,17.718901
1688333611,276.7944422,-75.23852235,0.32735801,,19.167101,18.2917
1688335252,276.8888856,-75.04670704,0.0092980396,,19.7498,18.8372
1688333663,276.9773544,-75.20821231,0.073388398,,19.6833,18.8384
1688333946,277.0561545,-75.16979235,0.18715,,19.5093,18.567801
1688333952,277.1994969,-75.15539711,0.22295099,,19.167101,18.2637
1688335633,277.0124435,-74.97423226,-0.032560799,,20.1117,19.165501
1688335637,277.1053516,-74.95956288,0.41398501,,19.3118,18.4849
1688354024,277.0047035,-74.87081486,0.185755,,20.6248,19.6471
1688336171,278.0185311,-74.84104215,-0.125726,,20.235901,19.264099
343951651,276.6976527,-75.19371731,3.3199999,,11.327,10.6645
344074461,278.480272,-75.89883301,0.97152501,,14.214,13.4155
343950829,276.8375266,-74.20874409,1.5262901,,13.3558,12.4622
344073491,278.2183369,-74.60330028,1.4105999,,13.5704,12.7138
344073582,278.2399402,-74.71472079,0.56190097,,15.9673,15.0435
344043459,278.111806,-75.44732992,0.41297999,,16.6108,15.6553
343951644,276.7268605,-75.18937302,0.24326099,,17.018999,16.049299
343997372,277.077451,-75.07815291,0.28578499,,16.927799,16.0161
343950835,276.9859662,-74.21190577,0.072941497,,17.0795,16.298599
343997797,277.2337153,-74.48532582,0.146044,,17.771299,16.7938
344043511,277.8550004,-75.38726624,0.236371,,17.5221,16.6644
344074105,278.2663707,-75.39655356,0.28326601,,17.169001,16.239901
343950834,276.90441,-74.21161512,0.49064499,,17.571199,16.7836
343950831,276.6718949,-74.21034835,0.34547001,,17.3141,16.3881
343951761,276.6661229,-75.33768622,0.34908301,,16.7414,15.7548
343997444,277.4823464,-74.98090498,0.180585,,18.105101,17.165001
1688304623,276.1702202,-75.96926438,0.0784375,,18.6633,17.703501
1688326770,276.4565214,-75.50244776,0.304721,,18.4228,17.4459
1688333483,276.581977,-74.97588011,0.212975,,18.568501,17.617599
1688355750,276.5336364,-74.70153376,0.267667,,18.5588,17.570601
1688326801,276.6581622,-75.48131069,0.0490335,,18.8423,17.948601
1688329544,277.3777473,-75.26765549,0.23100699,,18.6325,17.750999
1688335949,277.4780949,-74.84650554,0.072457798,,18.726101,17.83
1688356875,277.4382305,-74.46449366,0.245744,,18.6042,17.658899
1688333735,277.5363427,-75.18244166,0.31446001,,18.467899,17.5285
1688354906,277.590762,-74.73016646,0.15268999,,18.7815,17.8395
1688361399,277.4586938,-74.36121378,-0.035436999,,19.0319,18.071199
1688336016,277.8907327,-74.92583031,0.140331,,18.5502,17.611401
1688355000,277.8036929,-74.65866793,0.270713,,18.351101,17.4104
1688328170,278.1180039,-75.42181935,0.17822,,18.294701,17.337601
1688356757,278.0727464,-74.44107341,0.209629,,18.518,17.5811
1688325178,276.518147,-75.73526836,-0.122404,,19.3934,18.397301
1688305804,277.3026877,-75.86406147,-0.22600199,,19.2833,18.341
1688326531,276.1839241,-75.60459217,0.160335,,18.819401,17.9417
1688352199,276.1002705,-74.88258536,-0.0930309,,19.648399,18.7327
1688358467,275.9586514,-74.6010749,0.10803,,19.308001,18.4375
1688360399,276.3028118,-74.32154594,0.34055901,,20.35,19.4018
1688360504,276.2221746,-74.2909865,0.32501,,18.904699,17.9405
1688325096,276.3512481,-75.73785052,0.417766,,19.150299,18.1471
1688325516,276.4483434,-75.68802514,0.34729001,,19.7945,18.8901
1688326772,276.4594598,-75.4990892,-0.50607401,,20.031099,19.1208
1688354419,276.5951333,-74.82702112,0.19888499,,20.4585,19.4748
1688355753,276.5255815,-74.69033711,0.050597299,,19.082001,18.221001
1688362388,276.6328041,-74.28671084,0.189009,,20.2626,19.364599
1688362668,276.5593248,-74.26504761,0.19269,,19.9669,19.0214
1688392350,276.6819806,-74.05081539,0.395614,,19.4832,18.520201
1688304704,276.6853854,-75.91488412,-0.30558601,,19.9275,19.009899
1688331523,276.4902143,-75.29748019,-0.32076001,,19.5973,18.612801
1688355625,276.5485279,-74.76033744,0.46577799,,20.184799,19.246201
1688356880,277.5318504,-74.45716573,-0.028759301,,20.2318,19.303101
1688361787,277.4465849,-74.3016599,0.458924,,18.6255,17.659599
1688305807,277.3549074,-75.8500275,-0.42487201,,19.560301,18.6675
1688327920,277.5093309,-75.45448699,0.461041,,19.5109,18.641701
1688329482,277.5039715,-75.26338623,0.21365,,19.5914,18.7665
1688329557,277.4430128,-75.24483352,0.36007899,,19.323799,18.418301
1688329561,277.5176062,-75.23842796,-0.121004,,20.061899,19.165899
1688334163,277.4764669,-75.10209793,0.57419503,,18.9856,18.0895
1688334168,277.5838328,-75.07366751,0.28644601,,19.2309,18.293301
1688335419,277.4410621,-74.97317606,0.38129199,,18.880301,17.956699
1688354802,277.459486,-74.61124687,-0.231791,,20.152599,19.226601
1688356860,277.4948963,-74.4860508,0.040432401,,20.0846,19.1593
1688356870,277.6317293,-74.45828994,0.40739799,,19.683201,18.7316
1688356982,277.5048836,-74.41373798,0.41742301,,19.5809,18.6336
1688305850,277.692941,-75.86032985,0.028352801,,19.9095,18.9951
1688327489,277.6642281,-75.51800932,-0.198447,,19.565201,18.6241
1688327825,277.6529332,-75.47881304,0.110366,,19.542299,18.589399
1688329178,277.4959764,-75.31709232,-0.474857,,19.666599,18.754299
1688333728,277.5681156,-75.18407995,0.130163,,19.3944,18.511101
1688333732,277.6120546,-75.18281404,-0.36535999,,19.1043,18.2908
1688334303,277.4760821,-75.01242876,0.34337199,,18.9874,18.129101
1688335877,277.4440623,-74.87236043,0.063489601,,19.2111,18.375099
1688335880,277.5100498,-74.87559658,0.608729,,19.442801,18.4751
1688354911,277.6241203,-74.72254034,0.216475,,19.7444,18.868799
1688356592,277.5188026,-74.5150337,-0.475245,,20.2649,19.3687
1688361400,277.5628748,-74.3649507,0.59712797,,19.620001,18.65
1688361516,277.5924706,-74.28733259,0.28331101,,19.045401,18.0816
1688361836,277.5226135,-74.25849129,-0.297472,,19.575001,18.6745
1688363463,277.4343643,-74.09932456,0.24743,,20.6126,19.6469
1688363633,277.5251843,-74.01237475,0.052146301,,20.052,19.1005
1688363636,277.5479386,-74.00329725,0.13758899,,19.4769,18.6691
1688301427,277.6735721,-75.99153885,0.68290901,,19.9125,18.935499
1688330097,277.9215283,-75.18601952,0.25802901,,20.010099,19.115
1688334433,277.8041055,-75.07059238,0.31974,,18.771999,17.868
1688336017,277.9066162,-74.91970624,0.42462501,,18.4991,17.540001
1688306045,278.2374252,-75.87523426,0.040724501,,19.209999,18.2791
1688306600,278.116632,-75.70373373,0.41973999,,18.697001,17.7836
1688328572,278.0945341,-75.30232305,-0.189739,,20.2637,19.300501
1688330122,278.2532399,-75.16623864,-0.162103,,20.140301,19.233999
1688336622,278.1551666,-74.77915545,-0.51267397,,19.6763,18.781099
1688356764,278.0430433,-74.42569423,0.406499,,18.805,17.957899
1688362080,278.0696349,-74.14371008,-0.378986,,19.469999,18.6252
1688363305,278.0654277,-74.07774844,0.42792499,,19.746599,18.8314
344040553,277.4509459,-75.74654294,0.82001799,,14.9361,14.0388
344002922,277.7026969,-75.32876461,0.41752601,,16.562201,15.6306
344040554,277.6321279,-75.74829821,0.44963801,,16.6411,15.6638
344002117,277.4520026,-74.3130239,0.60045302,,15.6492,14.6887
344002122,277.7104179,-74.3142849,0.581653,,15.2158,14.4165
344002120,277.5386962,-74.31359848,0.32839,,17.565399,16.655199
344002694,277.4444811,-75.01532726,-0.097997896,,18.153601,17.2183
344040557,277.5999352,-75.7552849,0.43916199,,18.159901,17.1807
344043257,277.8653957,-75.73208356,0.31403399,,17.993299,17.051001
344044179,277.891977,-74.47101983,0.098932996,,17.9482,16.98
344043413,278.049902,-75.51569601,0.189255,,18.0166,17.0364
344002119,277.7211113,-74.31351636,0.45695499,,17.8615,16.907101
344043324,278.1090975,-75.6357944,0.228211,,18.190599,17.2323
1688329345,276.8102046,-75.34473335,0.187203,,18.556499,17.5977
1688354534,276.7434432,-74.75990324,0.051102299,,18.408001,17.4778
1688360642,276.7458862,-74.49633176,0.16874,,18.7698,17.84
1688307332,277.4769446,-75.69016888,0.16324601,,18.8008,17.7906
1688335982,277.3587078,-74.83331744,0.114406,,18.237499,17.296801
1688335985,277.4307032,-74.82566071,-0.31071299,,19.3822,18.4627
1688356456,277.3943233,-74.43297301,0.28628701,,18.1546,17.3246
1688361909,277.3478539,-74.27343138,0.13655201,,18.399401,17.438601
1688329348,276.7930771,-75.34263417,0.47888601,,19.8297,18.8519
1688333915,276.8834418,-75.20948239,-0.094269998,,19.6889,18.8969
1688354515,276.5182794,-74.80216562,0.27721301,,19.255501,18.3118
1688360738,276.6478695,-74.48057118,0.088404402,,19.3745,18.5089
1688361136,276.6967609,-74.37866805,0.412,,18.9529,18.070299
1688306955,277.3872796,-75.81479014,-0.28652,,20.191799,19.241301
1688306956,277.448174,-75.81447926,-0.120432,,19.498301,18.5783
1688327508,277.4597525,-75.51952864,0.267077,,18.962799,17.983
1688354379,277.5111392,-74.70762694,0.213998,,19.542801,18.624399
1688361913,277.4412121,-74.25449566,0.55333102,,18.853201,17.9258
1688363176,277.5201029,-74.11035171,-0.28054899,,18.455999,17.9797
1688361938,277.3384286,-74.23404788,0.44389299,,19.8069,18.965599
343951745,276.9439081,-75.31516521,7.3758702,,10.6071,9.8162003
343951060,276.7094327,-74.45640401,0.77949601,,15.1273,14.2354
343950774,276.9411624,-74.15073123,0.43890601,,16.7974,15.844
343952053,276.7919303,-75.74493768,0.278225,,16.789801,15.8101
343950976,276.7441665,-74.35532412,0.743038,,15.5744,14.6275
343951317,276.7767173,-74.76974342,0.38403001,,16.620399,15.6362
343951806,276.9053198,-75.40181777,0.68608499,,16.591499,15.635
343950775,276.9245365,-74.15096584,0.256614,,17.979601,17.0424
343951058,276.6612546,-74.45530109,0.34704801,,17.7148,16.7609
343950771,276.8830134,-74.14461995,0.310857,,17.511299,16.5644
343950981,276.6473597,-74.36059343,-0.039114699,,18.179399,17.223801
343951318,276.9297997,-74.77077633,0.37051299,,18.0499,17.0772
343951814,276.6777454,-75.40877506,0.294296,,18.4032,17.432501
1688355972,277.2108349,-74.58432728,-0.099989504,,18.7904,17.936199
1688305739,277.2700577,-75.88749552,0.21697,,17.872299,17.0737
343951698,276.9110779,-75.24543182,2.96611,,12.6049,11.752
343951980,276.8449557,-75.64077969,0.68830502,,15.5083,14.5545
343951406,277.030742,-74.87868894,1.22974,,14.4347,13.5298
343996983,277.096726,-75.63654607,1.13781,,15.0492,14.1043
1688361370,277.4839672,-74.40204288,0.14233799,,18.6444,17.661699
1688307300,277.1977176,-75.72750137,-0.42797801,,20.159,19.1828
1688333681,277.279932,-75.24195994,-0.34079701,,20.0208,19.1518
1688356395,277.1354877,-74.47166872,0.26914799,,19.000099,18.015499
1688361341,277.1273715,-74.28995904,0.016796799,,19.4893,18.5588
1688361342,277.1465489,-74.28651054,0.053214699,,19.549801,18.6024
1688362568,277.1084494,-74.21071101,0.14709701,,19.949499,19.0019
1688305633,277.1088849,-75.97649665,0.039970301,,19.7738,18.8209
1688305736,277.3012717,-75.89020337,0.34751299,,19.4471,18.497801
1688362997,277.169754,-74.09745322,0.37297699,,19.7463,18.8944
1688362998,277.161465,-74.09477122,0.210242,,19.2328,18.496599
343951054,277.0289708,-74.44965501,1.79421,,13.8229,12.8617
343950675,276.9652112,-74.03476564,0.38388699,,16.618999,15.6726
343951701,276.78115,-75.24717092,0.34380201,,16.573,15.6379
343950658,277.0305354,-74.02562499,0.32818201,,16.780001,15.8094
343951196,276.7148436,-74.59734424,0.413427,,16.579201,15.627
343950793,277.0117972,-74.17708873,0.35992101,,16.420099,15.5683
343997668,277.2582826,-74.67998312,0.483527,,16.3347,15.4163
344002311,277.5701927,-74.54293352,0.70198298,,15.231,14.3093
344002315,277.5268725,-74.54526833,0.50344801,,16.4695,15.5563
344002641,277.5444612,-74.94853196,0.93919897,,14.4201,13.6067
343950655,276.7735913,-74.02108901,0.40917799,,17.212999,16.280899
343951198,276.8897914,-74.59795413,0.360661,,17.018801,16.033501
343951048,276.8170325,-74.44362635,0.22540601,,17.2157,16.4576
343951214,276.6936285,-74.6280434,0.32518199,,17.4286,16.444901
343951699,276.8648176,-75.24600022,0.48004001,,16.7959,15.8572
140895704,76.75291728,-74.47738808,0.23675001,,17.611401,16.7241
140900454,77.15622153,-75.7061897,0.190963,,18.155399,17.319901
344002313,277.4487348,-74.54478061,0.22510099,,18.2673,17.3034
344002467,277.7450418,-74.7213874,0.480257,,17.1472,16.201099
343951231,276.7522464,-74.65987268,0.113782,,14.8207,14.1728
1688327381,277.3123016,-75.56283615,0.20425101,,18.4028,17.456499
1688327677,277.1298588,-75.53574269,0.42059001,,18.4286,17.4443
1688329161,277.3942608,-75.34225626,0.19784901,,18.7428,17.795099
343950685,276.7322884,-74.04825779,0.47421801,,18.4781,17.5417
1688305348,277.3115978,-75.98806469,0.102281,,20.124399,19.165701
1688327382,277.3821588,-75.55290194,0.161845,,18.9809,18.0776
1688327385,277.2883218,-75.55765228,0.243481,,18.8447,17.916
1688333704,277.34859,-75.20251806,-0.28811699,,19.4867,18.5208
343998005,277.1199332,-74.21455276,1.34692,,13.1072,12.3476
343997118,277.0949607,-75.44671257,0.76933402,,14.5722,13.6319
140896019,76.53757291,-74.70122433,0.64129502,,14.3723,13.5075
140896877,76.67414824,-75.30966423,0.90077698,,15.0574,14.2557
140897094,76.54674253,-75.48003082,0.83821702,,14.0188,13.3029
140896164,76.79871483,-74.8057245,0.39269999,,16.861,15.9818
343996860,277.2063768,-75.82379818,0.35175499,,16.770201,15.9124
343997122,277.1924392,-75.44318141,0.101342,,17.865999,17.0121
343997308,277.4059461,-75.17448436,0.66196698,,15.9222,14.9787
343997310,277.2315944,-75.1716725,0.428413,,16.686001,15.8033
343998117,277.3972894,-74.06915941,0.98700899,,14.471,13.6494
343998123,277.2769602,-74.06229652,0.208032,,18.0891,17.140301
140897424,76.59841532,-75.79006033,0.47092,,16.6639,15.7699
140900978,77.20206418,-75.30154722,0.28455999,,17.175501,16.378
140900860,77.13046791,-75.38639711,0.19092301,,18.0651,17.1994
1688333961,277.0993067,-75.15392931,0.134918,,18.3276,17.4238
1688354624,277.1938797,-74.75105159,0.111622,,19.145599,18.160801
1688306994,277.0370228,-75.82762177,0.31661001,,19.5112,18.5448
1688334085,277.0931988,-75.10379097,-0.063100897,,20.311399,19.374701
1688334091,277.1544593,-75.07801949,-0.59852302,,20.577,19.649099
1688335221,277.1068575,-75.03048916,-0.69772798,,19.9575,19.112301
1688335810,277.1625669,-74.94816671,-0.470227,,19.615601,18.7346
1688354628,277.2872127,-74.72768958,0.19883899,,20.388901,19.4161
1688354629,277.2774875,-74.72300396,-0.25935599,,19.9573,19.0422
1688361325,277.1831734,-74.28722743,0.199699,,19.344,18.41
343951210,276.8407283,-74.6259528,1.74026,,11.9116,11.246
343996900,277.2978634,-75.76987416,1.04775,,13.0359,12.2088
343997913,277.2456952,-74.33465367,1.28491,,13.4514,12.6282
343951427,276.7136958,-74.8983033,1.1029299,,14.7607,13.8384
343996886,277.3279693,-75.78867699,0.86591297,,15.8477,14.8847
343951485,276.7923198,-74.97982091,1.09896,,13.8393,13.0576
343950885,276.8394312,-74.26639381,0.52642298,,17.3332,16.4125
343950798,276.7654428,-74.18479831,0.48493201,,16.7104,15.7415
343950794,276.6737739,-74.18135932,0.40544799,,16.6026,15.6353
343952190,277.0115148,-75.93339641,0.52773899,,15.8756,14.8795
343997822,277.4086506,-74.44119861,0.61958599,,15.9596,15.027
343997964,277.0447984,-74.24859388,0.50244898,,16.238501,15.2563
343997908,277.280284,-74.33880494,1.06885,,14.9497,14.0166
343950698,276.8665933,-74.05865968,0.063855901,,18.0751,17.176001
343951209,276.9642251,-74.62468387,0.206644,,17.328699,16.3493
343952186,276.7340877,-75.92495591,0.175413,,17.7241,16.728399
343997972,277.1300667,-74.2440573,-0.0116795,,17.8449,16.861601
343950796,276.7567331,-74.18332411,0.13997,,17.4561,16.5142
343951431,276.7764984,-74.90245621,0.287752,,17.271601,16.2869
343951482,276.9681467,-74.97578484,0.30611899,,17.9268,17.0462
1688331794,276.5912686,-75.26649163,-0.234513,,18.948,17.991899
1688303692,276.9621089,-75.94786167,0.081326403,,18.671101,17.724199
1688335595,276.7432254,-75.01161027,-0.23950399,,18.9713,18.082199
343951691,276.9800052,-75.2348493,0.15411299,,17.6129,16.6668
343950816,276.6768982,-74.20192724,0.510162,,18.0648,17.232201
1688303631,277.0232963,-75.94640652,0.265569,,18.540899,17.6667
1688327728,277.0320819,-75.52249152,-0.049360901,,19.130301,18.2477
1688363221,277.5972354,-74.10147101,0.0512559,,18.441,17.597
1688326570,275.7949542,-75.61349339,-0.021677401,,19.6602,18.669399
1688326827,275.7995539,-75.594372,0.49296701,,19.361401,18.4445
1688331249,275.6883378,-75.47409961,0.37891001,,19.483801,18.5431
1688331554,275.8633855,-75.38229051,-0.094864003,,18.650499,17.973101
1688332691,275.777909,-75.2975005,-2.17818,,20.8372,19.9161
1688332790,275.815946,-75.24113356,0.44957,,19.389099,18.487801
1688332823,275.9155057,-75.23187008,-0.39763501,,20.219101,19.311701
1688333161,275.9257584,-75.14182897,0.31411901,,19.1821,18.195801
1688333263,275.8348679,-75.12542806,0.00093884597,,19.3391,18.3901
1688351520,275.9670073,-75.0783384,0.17737,,18.9417,18.0574
1688351521,275.9747337,-75.07880351,0.24417999,,18.792801,17.864
1688351641,275.9555436,-75.01021568,0.049104501,,19.022301,18.169001
1688352012,275.947255,-74.92159412,-0.33360699,,19.909901,18.999399
1688352033,275.762815,-74.9320694,0.62637401,,18.2166,17.227301
1688352034,275.7752659,-74.92153495,0.67364401,,19.296801,18.319799
1688353171,275.8211486,-74.9086343,0.53318399,,19.3193,18.370399
1688353204,275.7384225,-74.90094602,-0.338375,,19.679399,18.811001
1688353180,275.8303454,-74.89721415,0.53635699,,19.9793,19.011999
1688353734,275.9143705,-74.69883957,0.226546,,18.9235,17.996099
1688353738,275.9841925,-74.7783113,-0.130593,,19.5193,18.611
1688359803,275.6138208,-74.51923121,-0.041653801,,19.6577,18.7388
1688359817,275.8251145,-74.49110948,0.017168,,19.066299,18.2052
1688360049,275.9438105,-74.42408718,0.30081701,,19.0138,18.103001
1688360463,275.8294076,-74.33402811,0.15166999,,18.772699,17.9408
1688389595,275.9129249,-74.29746213,0.112914,,19.576599,18.6861
1688389615,275.8473174,-74.27096361,-0.606996,,20.547899,19.6056
1688390039,275.8152134,-74.19065398,-0.371328,,19.641899,18.725
1688390127,275.8264935,-74.16664226,0.280213,,20.0749,19.128599
1688390139,275.9153618,-74.15340436,-0.99274498,,20.361099,19.472401
1688390141,275.961451,-74.14178628,0.60892099,,19.220501,18.342899
1688390142,275.9774852,-74.13445415,0.47481701,,18.8139,17.853399
1688391274,275.814576,-74.10397017,0.16501699,,19.271099,18.4016
1688391278,275.8915172,-74.10631917,-0.75804597,,20.5644,19.7215
1688391284,275.9146941,-74.09486925,-0.216207,,19.8449,18.9762
1688391401,275.8520736,-74.03162079,0.15987501,,19.7092,18.847099
1688331349,276.1427751,-75.35823474,-0.35163,,19.745899,18.909901
1688332737,276.041775,-75.24959402,0.27716601,,20.2355,19.2656
1688332738,276.0215933,-75.24943746,0.17569301,,18.993799,18.051399
1688332962,276.1483385,-75.18684873,0.32159099,,20.018,19.054001
1688353474,276.19091,-74.75441347,-0.124054,,19.409201,18.492701
1688358395,276.2034878,-74.63712427,0.473914,,18.5728,17.6733
1688358771,276.0376576,-74.56398885,0.28715301,,19.361601,18.396999
1688305176,276.7148535,-75.77502872,-0.117975,,19.861099,18.893801
1688305181,276.7667416,-75.76632384,0.154718,,20.4723,19.4839
1688333513,276.7900091,-75.2982821,-0.42386001,,19.454399,18.535999
1688335143,276.6702126,-75.10798712,0.33479699,,19.480101,18.5042
1688354432,276.6962691,-74.80941145,-0.35308,,19.734501,18.801399
1688362269,276.593661,-74.34745243,0.35858399,,18.854799,17.885099
1688362272,276.6089876,-74.33797075,0.049035601,,19.103001,18.2372
1688362369,276.7973447,-74.28226626,-0.95786899,,20.4217,19.6131
1688362405,276.7985217,-74.23571835,0.47067401,,18.6929,17.7384
1688362407,276.8025786,-74.23732637,0.105244,,19.238001,18.443701
1688389747,276.126931,-74.20026763,0.22611,,19.2176,18.291
1688325282,276.6979656,-75.68064625,0.24393,,19.017,18.091499
1688303691,276.9135823,-75.95086391,0.357889,,18.8731,17.895901
1688335680,276.7176175,-74.98672757,0.38573599,,19.9158,18.967699
1688356220,276.6905473,-74.5759137,0.22254001,,18.805599,17.9834
1688392077,276.8609509,-74.10217948,0.216548,,18.970501,18.159201
1688392080,276.9632962,-74.10167056,0.16725001,,19.838699,18.8804
1688392083,276.9064447,-74.0911352,0.493956,,19.6991,18.8549
1688303625,276.9308591,-75.96694381,-0.99518198,,20.8587,19.875099
1688328845,277.0879813,-75.47787733,-0.387209,,20.023899,19.159401
1688329406,277.0776646,-75.29170493,0.39305201,,19.8913,18.928801
1688333577,277.1546718,-75.23212646,-0.083480999,,19.6952,18.7661
1688361842,277.5428267,-74.24964493,0.095101498,,19.1196,18.192699
1688361843,277.5486024,-74.24388105,0.14871299,,19.792299,18.8297
1688363090,277.5728345,-74.16377042,0.37656999,,18.0774,17.242701
1688363094,277.7188695,-74.14655573,-0.310184,,20.0744,19.1052
1688363099,277.7433659,-74.14933194,-0.056595601,,19.2201,18.3827
1688363631,277.515542,-74.0189752,-0.055420201,,19.395901,18.6931
343950786,276.9673952,-74.1683273,1.07627,,14.0767,13.1757
343886782,275.9258077,-74.84632522,0.087926097,,16.988501,16.011499
343950646,276.6569598,-74.01164353,0.32300901,,16.870399,15.9051
343886946,276.0514963,-75.03511483,0.187968,,17.2034,16.483999
343886616,276.0745389,-74.66143039,0.31084099,,16.7309,15.8786
343997333,277.1614622,-75.13463945,0.431979,,16.4769,15.6947
343886904,275.8785426,-74.98149534,0.141826,,17.493799,16.563101
343950790,276.8818054,-74.17316066,0.071325898,,17.3102,16.664301
343952215,276.7892093,-75.96997489,0.57276499,,16.9617,15.9538
343951499,277.0034067,-75.00973252,0.385104,,16.8561,15.9111
343952134,276.9184817,-75.85889278,0.32682499,,16.5144,15.5492
343997901,277.0821848,-74.34690616,0.57854003,,16.1467,15.1618
343997389,277.1074905,-75.06423076,0.62659001,,16.1672,15.3144
343997660,277.3404882,-74.69214801,0.73250598,,13.9664,13.1781
343997879,277.0825248,-74.37483283,0.51582599,,16.288,15.2894
343950668,276.6847443,-74.03115323,0.375496,,16.869101,15.909
343886205,275.9820604,-74.21578193,0.076228902,,16.726,15.9034
343951693,276.996163,-75.23764404,0.25187299,,17.032801,16.1224
343997682,277.383058,-74.65700961,0.35694399,,17.141899,16.279699
343886518,275.8686498,-74.54697373,0.016641101,,18.2642,17.3335
343951143,276.7172762,-74.54063453,-0.417694,,18.400101,17.4307
343886512,275.8544865,-74.54097767,0.285613,,17.8874,16.9
343886001,275.8677275,-74.00101595,0.32404599,,17.6483,16.6896
343886005,276.1750798,-74.00376759,0.096238397,,18.368299,17.404301
343886402,275.8687351,-74.41878889,0.27110001,,17.872499,16.9347
343886403,275.9881693,-74.42149547,0.35161,,18.2442,17.3018
343951831,276.9238892,-75.43756612,0.28203201,,18.180201,17.281799
343950815,276.9956663,-74.20093018,0.165317,,18.1005,17.2411
343950820,276.884488,-74.20258965,0.0968391,,17.869499,16.934799
343951147,276.9108232,-74.54400816,0.167274,,18.091801,17.111799
343951250,276.8795097,-74.691714,0.32805699,,17.561199,16.617399
343951772,276.8202325,-75.34824424,0.607912,,17.4419,16.503599
343951776,276.9024066,-75.35566977,0.201005,,18.055901,17.114401
343952074,276.7984801,-75.77561038,0.040428299,,17.678101,16.7085
343997217,277.2443577,-75.30693628,0.22254001,,17.3356,16.3748
343997326,277.1464113,-75.14874567,0.32522601,,18.073999,17.119699
343952234,276.9276569,-75.99776549,0.39157099,,18.2782,17.254
343951560,276.9179158,-75.09222818,0.195978,,17.8529,16.9779
343951692,276.9712404,-75.23511116,0.186269,,17.8102,16.923401
343951771,276.708859,-75.34757845,0.198368,,17.8412,16.9109
1688332686,275.7175533,-75.3004733,0.204567,,18.680599,17.727699
1688352008,275.9162875,-74.93498851,0.103057,,18.6775,17.7869
1688353737,275.9933672,-74.78178757,0.13423599,,18.641001,17.753201
1688358627,275.7911046,-74.59400685,0.176036,,18.623501,17.6542
1688359957,275.9649073,-74.46441799,0.108697,,18.549601,17.636801
1688360439,275.9167475,-74.34379864,0.396438,,18.2131,17.2708
1688390020,275.9114339,-74.20380246,0.166881,,18.8372,17.8897
1688391280,275.9264471,-74.09674973,0.118089,,18.594101,17.6586
1688358506,276.1657278,-74.57426674,0.318831,,18.332199,17.391399
1688326482,275.9691247,-75.64756475,0.14613099,,18.732,17.7302
1688326859,275.7230784,-75.57195342,0.187654,,18.8603,17.895
1688332786,275.8321196,-75.25161221,-0.075830802,,18.907801,17.9165
1688390035,275.781162,-74.19414332,-0.0833119,,18.8741,18.020901
1688390133,275.8217993,-74.16545762,-0.181464,,18.8221,17.9144
1688353473,276.1804745,-74.75897171,0.00228921,,18.989,18.0121
1688389750,276.2188195,-74.18554199,-0.0970378,,19.063101,18.121901
1688389751,276.2336646,-74.18437175,-0.153715,,19.0569,18.100901
1688351848,275.5942695,-75.04859808,-0.038350601,,19.199699,18.2155
1688353177,275.83102,-74.89295771,-0.15140399,,19.310699,18.321501
343951163,276.8334625,-74.55236011,1.67742,,12.4767,11.5774
343886906,276.172129,-74.98407812,1.17781,,13.4087,12.6262
343886785,276.0641885,-74.84804254,1.47616,,13.0012,12.2105
343886967,276.0956461,-75.0499929,1.37787,,13.3955,12.4542
343951148,276.7391924,-74.54422535,1.9474601,,13.0339,12.174
343951777,276.6833623,-75.35603654,0.26921901,,16.5434,15.6701
343951839,276.9765783,-75.44606275,0.63077801,,16.184,15.2688
343997332,277.2776164,-75.13664055,0.55654401,,16.049299,15.0994
343886974,276.0802682,-75.05968374,0.832358,,14.5473,13.6247
343951562,276.9153185,-75.09415885,0.80084598,,15.144,14.2493
343952214,276.8059413,-75.96729549,0.57165599,,15.0849,14.1409
343952222,276.9029502,-75.97865743,0.81969303,,14.6786,13.7694
343952075,276.9000875,-75.77861807,1.5972,,14.0356,13.075
343997334,277.3789697,-75.13444402,0.25306699,,15.0994,14.5883
140900307,77.08084136,-75.83824944,0.60382098,,14.8471,14.0519
343997978,277.3983725,-74.23534042,1.83849,,13.4313,12.4935
343950664,276.7644473,-74.02995741,2.8050399,,12.6891,11.7945
343997629,277.2557583,-74.72395128,0.58514303,,15.7605,14.8023
343996825,277.0987499,-75.88380567,0.44878799,,16.4361,15.5251
343998086,277.2480779,-74.10840242,0.74108499,,13.9764,13.12
343996949,277.2172473,-75.68320534,0.60970998,,15.3813,14.447
343997707,277.1804134,-74.62439058,1.7933,,12.3095,11.5741
343997755,277.4234049,-74.54470923,1.68516,,12.3367,11.5455
344002078,277.541125,-74.25344581,1.15692,,13.6152,12.8595
343996821,277.2189305,-75.88888949,0.29298201,,16.9083,15.9698
343996854,277.2038328,-75.8307192,0.36002901,,16.888901,15.9078
343997959,277.1888831,-74.25905082,0.4021,,16.962299,15.9772
343997470,277.3643515,-74.96144087,0.91691101,,14.4236,13.5126
343997471,277.1800809,-74.96102024,1.02507,,14.786,13.9116
343998013,277.3849362,-74.20330739,0.63704199,,15.9001,14.9429
343997245,277.3642482,-75.26966419,0.709934,,15.6326,14.7164
343997898,277.3806497,-74.35175343,0.246585,,17.318701,16.4037
343998064,277.3032172,-74.13238639,0.226197,,16.728001,15.807
343996826,277.2225879,-75.88331624,0.28516799,,16.7927,15.8703
343998111,277.2983665,-74.0753492,0.48377299,,15.0752,14.1148
343996820,277.1746818,-75.88992218,0.167018,,17.935101,16.987301
343997626,277.0808857,-74.72823864,0.453596,,17.4445,16.614599
343998010,277.1575873,-74.20937311,0.22107901,,17.351999,16.3804
140896965,76.42194655,-75.38557557,0.175522,,18.1422,17.233299
343997140,277.3252748,-75.41976823,0.29140499,,17.865499,16.9506
343997430,277.0793876,-74.99716359,0.379976,,17.7876,16.8897
343997619,277.388178,-74.73696608,0.38235301,,17.8417,16.864599
343997620,277.3157798,-74.73524858,0.223905,,17.224501,16.402399
343997623,277.0390447,-74.73277648,0.417005,,17.4709,16.5273
343997704,277.1225819,-74.62799175,0.41193101,,17.5909,16.7204
343997706,277.3110461,-74.62514192,0.178509,,17.519199,16.6653
344002073,277.3998803,-74.24685954,0.119765,,18.4438,17.4622
343997975,277.1128209,-74.24290371,0.301898,,16.6947,15.7487
343997750,277.3982509,-74.54849273,0.44864699,,16.6369,15.8857
343996832,277.3497467,-75.87416216,0.287559,,17.842199,16.888901
343998107,277.1666956,-74.07881595,0.21231,,17.4834,16.5798
343950663,276.9913635,-74.02893861,0.223914,,18.316,17.424
343950667,276.8566622,-74.03030194,0.038756002,,17.862499,16.944099
343996920,277.2862956,-75.74900865,0.23677699,,18.0394,17.055
140895910,76.60899271,-74.62741404,1.34539,,12.2787,11.4082
343952099,276.9865939,-75.80524809,0.38826099,,16.6059,15.6492
343946272,276.3705492,-74.50724921,0.30402401,,16.415701,15.5322
343951468,276.8647626,-74.95420125,0.510822,,16.444401,15.4728
343952092,276.9638175,-75.79416268,0.45232901,,16.264299,15.3071
343952096,276.786549,-75.80364873,0.49037799,,16.724899,15.7712
343946219,276.3293426,-74.56682003,0.42339,,17.735201,16.7649
343946222,276.6204795,-74.5641118,0.15955301,,17.9842,17.0019
343951473,276.9771111,-74.96476269,0.37563699,,16.8335,16.0051
343952091,276.6967801,-75.79235685,0.26654699,,17.384899,16.497
343952095,276.8734831,-75.79980839,0.19223399,,17.614201,16.710699
343951469,276.9791091,-74.95774929,-0.027623599,,18.576099,17.635401
343952098,276.9918659,-75.80399587,0.219391,,18.275,17.339199
1688354480,276.9121139,-74.76683901,-0.258901,,18.879801,17.922701
1688355830,277.013489,-74.67942297,0.22199,,18.8328,17.9284
1688305396,277.5847549,-75.93472002,-0.0074147698,,18.5296,17.627001
1688305397,277.5643652,-75.92806888,0.069529302,,18.252199,17.344801
1688305398,277.5970521,-75.92512537,-0.28499299,,19.2488,18.417101
1688329566,277.2888234,-75.25892224,0.057114098,,18.818501,17.92
1688335416,277.5169575,-74.96579633,0.39052799,,17.827801,16.9863
1688335862,277.5946765,-74.87732214,0.15652899,,18.4874,17.6185
1688356988,277.5930728,-74.40850553,-0.83088499,,19.597601,18.6283
1688304743,276.9937682,-75.87802372,-0.292068,,20.120899,19.307301
1688327230,276.936275,-75.66044326,0.53793401,,19.073999,18.117701
1688327236,276.9696629,-75.65695642,-1.1300499,,20.749701,19.8263
1688355825,277.0914414,-74.67449449,0.43143201,,19.465099,18.554199
1688361206,277.0645937,-74.35111836,0.26613399,,19.683701,18.8253
1688305959,277.6219241,-75.81758737,0.41812101,,19.033199,18.2826
1688305961,277.6880808,-75.81021956,-0.28546101,,19.4779,18.583799
1688327971,277.5826317,-75.40555198,0.47236699,,19.245199,18.263201
1688327973,277.6017015,-75.40037157,0.411632,,19.6968,18.781601
1688327974,277.694081,-75.42289301,0.152182,,18.7031,17.923
1688335552,277.5823683,-74.90022321,0.39664501,,19.204201,18.277
1688335866,277.5226817,-74.87726118,0.31470299,,18.4349,17.7642
1688335869,277.5925995,-74.87278979,0.43980101,,19.2435,18.321199
1688335888,277.5177514,-74.86181457,0.368707,,18.6215,17.704201
1688354259,277.5469284,-74.75944358,0.250992,,18.962999,18.1061
1688356614,277.6871837,-74.48444575,0.10848,,19.308901,18.377399
1688356986,277.5924118,-74.40102647,0.38975701,,19.753901,18.863501
1688356990,277.6627644,-74.39356419,0.20275,,19.1779,18.221701
140895850,76.51048311,-74.58493192,2.3001499,,12.5,11.6522
343997493,277.3282923,-74.92884538,0.40610799,,13.2832,12.8517
343997498,277.3759925,-74.91705317,2.0480101,,11.0345,10.5984
140897367,76.42507335,-75.73477895,0.63945699,,14.2175,13.4887
140897553,76.66275709,-75.94204007,0.92472202,,14.662,13.8464
140900626,77.15158825,-75.56086271,0.68300402,,15.7697,14.8661
140900726,77.11954695,-75.48360684,1.58126,,14.0801,13.1798
140900997,77.18808409,-75.29248668,0.53508598,,15.2594,14.4736
343996809,277.2546632,-75.90553556,0.83520699,,14.488,13.6536
343997163,277.2728484,-75.37967521,0.96744102,,14.8041,13.8382
343997254,277.0480448,-75.25743341,0.84064001,,14.7233,13.8869
140896479,76.76446988,-75.01354276,0.55191398,,16.1598,15.2785
140897372,76.45135749,-75.7398838,0.74467802,,15.001,14.0926
140900341,77.07275005,-75.81050586,0.358459,,16.8888,16.0047
140900483,76.96429572,-75.67254322,0.44086701,,16.6555,15.8223
140900727,77.13085403,-75.48163222,0.50300401,,15.4532,14.6084
140895585,76.5674762,-74.39377173,0.26712501,,18.004801,17.1418
140897245,76.80280602,-75.60585053,0.26378599,,17.6989,16.833799
343997164,277.1613829,-75.37789344,0.14657,,17.848101,16.989901
343997499,277.4177936,-74.91503639,0.220691,,17.7297,16.8172
343998058,277.1061639,-74.13797608,0.34742501,,17.5994,16.741899
140895594,76.79763147,-74.39577459,0.288706,,17.729,16.8591
343945207,276.3166921,-75.94098141,1.3479,,13.711,12.6784
343945717,276.5747155,-75.24647835,0.36307499,,16.5292,15.5748
343945436,276.4907544,-75.60894268,0.87958699,,15.2792,14.329
343997409,277.3509732,-75.03550033,0.90183198,,15.6358,14.7363
343997848,277.1484934,-74.40401487,0.56245703,,15.0487,14.0924
343945574,276.3384837,-75.44401613,0.289915,,16.795099,15.8454
343996988,277.0978099,-75.63068919,0.43404299,,16.2855,15.2977
343945319,276.5608911,-75.8005622,0.256457,,17.367201,16.385799
343997087,277.3923961,-75.47769254,0.329528,,17.219601,16.302401
343945491,276.4915413,-75.5427785,0.067189999,,18.208401,17.266701
343945548,276.298989,-75.48147007,0.0187589,,18.140699,17.2104
343946401,276.4397179,-74.36255171,0.25800499,,18.439301,17.5867
343945429,276.2720181,-75.61655764,0.41097799,,17.122,16.2945
343945437,276.6200938,-75.60878037,0.164821,,17.776699,16.8242
343945619,276.4741702,-75.3837064,0.37420499,,17.5278,16.5574
343946399,276.6201953,-74.36308414,0.25192201,,18.1817,17.237499
343997854,277.1516057,-74.39767635,0.11193,,17.822001,16.82
343998041,277.2831202,-74.15004275,0.37514201,,16.927099,15.9861
343997856,277.2665312,-74.39395603,0.230884,,18.219101,17.224001
1688325541,276.3674272,-75.6737049,0.0190729,,18.602699,17.655001
1688351719,276.3459823,-74.97968142,0.229093,,18.591101,17.6196
1688329017,277.3735647,-75.41584991,0.071494497,,18.613199,17.780001
1688305952,277.5752768,-75.83765871,0.24736901,,18.190599,17.250999
1688307098,277.5871592,-75.76395765,-0.079628497,,18.639999,17.7589
1688333886,277.5706657,-75.10113623,0.23269901,,18.321899,17.3955
1688336527,277.7675567,-74.80339355,0.23830201,,18.6185,17.754101
1688336137,277.6651705,-74.87762048,0.30100301,,18.221701,17.2889
1688356896,277.6208778,-74.43704012,0.25123301,,18.2342,17.3251
1688306027,277.921871,-75.75685823,0.13242801,,18.0653,17.3039
1688306028,277.9263857,-75.7489505,0.26483801,,18.7073,17.767799
1688356673,277.9456495,-74.4291626,0.051154599,,18.523199,17.5853
1688331504,276.5471342,-75.31204941,-0.093190499,,19.124399,18.159599
1688331500,276.56976,-75.32256189,0.688375,,19.383301,18.4629
1688361074,276.5755838,-74.40280905,0.064735301,,19.7339,18.825899
1688391919,276.5319875,-74.1663491,-0.085748203,,20.017,19.0511
1688306948,277.3995061,-75.81697218,0.0295961,,20.287201,19.325899
1688307040,277.271154,-75.77528173,-0.044572201,,19.606501,18.722401
1688335384,277.2915282,-75.00538527,0.31380099,,19.822701,18.9956
1688354316,277.256178,-74.75971635,0.069802403,,19.009399,18.201
1688392767,277.3051228,-74.00478373,0.29268399,,18.671301,17.762899
1688305457,277.6605065,-75.94392731,-0.54167199,,19.8274,18.982401
1688305951,277.597557,-75.83838514,-0.158352,,20.1952,19.2358
1688307190,277.6582429,-75.68955678,-0.283779,,20.252399,19.3298
1688307191,277.6758877,-75.68315365,0.50517201,,18.607,17.6243
1688307446,277.7066836,-75.67060439,0.625512,,18.879801,17.891001
1688336010,277.7894529,-74.93727359,-0.305318,,19.9527,19.013
1688336521,277.649918,-74.80868171,0.491532,,20.1681,19.221201
1688354837,277.6897283,-74.7415077,0.35227501,,19.980301,19.0208
1688357001,277.6143042,-74.39168033,0.051707398,,18.7519,18.0893
1688361984,277.5744208,-74.20100106,0.548136,,19.566601,18.584999
1688363238,277.7426011,-74.05965889,0.116431,,19.712601,18.8465
1688305840,277.6262433,-75.87932686,0.14631,,19.0229,18.1325
1688327517,277.5651805,-75.50685181,0.181463,,20.119801,19.129101
1688354844,277.6276328,-74.73092284,-0.0125577,,19.569799,18.753901
1688361994,277.6714355,-74.1787198,-0.36025801,,19.899,19.164
1688301465,277.94156,-75.94758141,0.25185901,,19.1052,18.1292
1688329763,277.891334,-75.24266684,-0.15572999,,19.9363,19.0777
1688357070,277.9562419,-74.40626357,0.31665799,,19.5291,18.653099
1688362010,277.9111621,-74.20583256,-0.095217898,,19.976601,19.1213
1688363264,277.8664847,-74.10582573,0.45267799,,18.676001,17.762501
343997920,277.3856305,-74.3243614,2.2306199,,11.8203,11.1624
467903725,275.760707,-75.96489045,1.47202,,13.1944,12.3556
467904518,275.6403448,-74.77644987,1.2506,,13.0486,12.2077
467904961,275.7219261,-74.1703785,1.41442,,13.4445,12.5765
467904999,275.5582307,-74.12513161,1.8988301,,12.9673,12.0719
140896631,76.74479122,-75.13264388,1.19037,,13.3882,12.6107
467904270,275.5105243,-75.15575377,0.68254399,,16.124001,15.1601
344002961,277.5427834,-75.37395704,0.448854,,16.290701,15.3229
467903745,275.7592257,-75.93579469,0.56685799,,15.7307,14.8081
467903895,275.5468566,-75.71626536,0.62787098,,15.1964,14.2709
467904125,275.7170101,-75.37349959,0.83830398,,15.5855,14.5992
467904200,275.7253943,-75.25469195,1.42203,,14.261,13.3158
467904341,275.7677415,-75.06178196,0.90681702,,14.5511,13.5705
140896770,76.56883065,-75.23682676,0.87253201,,14.3092,13.4805
140901137,77.02880348,-75.21062301,0.95451403,,15.1174,14.2389
344002416,277.6429467,-74.65979559,0.64667898,,15.0084,14.0982
467904901,275.8077478,-74.2505399,3.1559701,,12.2349,11.4347
467904375,275.5084014,-75.00956028,0.31472901,,16.9209,16.049999
467904465,275.8426385,-74.85176616,0.626468,,16.6817,15.7458
467904550,275.5383905,-74.73582746,0.418789,,17.040701,16.058599
467904298,275.5623767,-75.10937964,0.416329,,16.9617,15.9655
467905042,275.5540703,-74.07369591,0.396873,,16.836,15.8994
343997188,277.1976372,-75.34007758,0.31393901,,16.5555,15.5829
467903968,275.5284829,-75.57810412,0.29489899,,16.2624,15.3207
467904748,275.7436995,-74.44655482,0.60514402,,15.715,14.8232
467904799,275.5831886,-74.37364912,0.49036199,,16.5485,15.6131
467904843,275.7544683,-74.32259325,0.811472,,15.6723,14.7052
467904892,275.711782,-74.26547517,0.27989101,,16.610201,15.6818
467904899,275.7077372,-74.2537244,0.47998101,,16.0571,15.0958
344002411,277.4922346,-74.65559436,0.42599699,,16.457899,15.4894
344002418,277.674868,-74.66082605,0.62923402,,15.7777,14.845
467904251,275.6682897,-75.18152292,0.52610898,,16.793501,15.8146
140897162,76.73122347,-75.53436738,5.7518301,,10.1367,9.3566599
140897515,76.53292236,-75.8877051,2.1870899,,13.1233,12.2586
140896249,76.8032265,-74.87102021,0.203605,,17.063101,16.2251
140895522,76.4312794,-74.35083598,0.46705401,,16.052601,15.1837
467904434,275.5922976,-74.91716322,0.265026,,17.3617,16.3964
140896986,76.5385495,-75.39885426,0.96765602,,14.4656,13.7141
343887109,275.9182472,-75.21936621,0.93156499,,15.2334,14.3015
140896538,76.5186707,-75.06052663,0.39168099,,16.117201,15.2289
140897160,76.77786106,-75.53375422,0.42660701,,16.2139,15.4313
343996843,277.2893692,-75.8507649,0.70367998,,15.8635,14.9195
343886308,276.2156285,-74.31847496,2.08058,,12.9173,11.9982
343886478,276.0475178,-74.50867445,1.09954,,13.9134,13.0183
467904431,275.8195444,-74.91821115,0.28404799,,17.118099,16.128099
467904579,275.4957298,-74.69515847,0.37408701,,17.150999,16.1924
467904833,275.8324791,-74.33235957,0.260988,,16.9709,16.0793
467904895,275.5377374,-74.26129665,0.40108299,,17.2616,16.329399
343886303,276.0746233,-74.31291334,0.67197901,,15.7436,14.7784
344002965,277.5739934,-75.37869866,0.355268,,17.180401,16.3025
467904305,275.6893007,-75.10292988,0.224628,,18.211599,17.2103
467904930,275.5824798,-74.21063525,0.058216099,,18.3617,17.398001
140900362,77.01700147,-75.78233668,0.339486,,18.3339,17.4158
467904302,275.8016416,-75.10554938,0.20859601,,18.491301,17.580999
467905048,275.6680262,-74.06579142,0.340359,,18.3494,17.423599
467903702,275.5121987,-75.99448071,0.29383001,,18.067801,17.074301
467903909,275.765363,-75.68044429,0.221016,,18.098801,17.1092
467903924,275.5660192,-75.66232823,0.231342,,17.891399,16.875401
467904054,275.5020683,-75.46416523,0.277742,,17.749399,16.7778
467904055,275.583346,-75.46286054,0.44188499,,17.472099,16.479601
467904057,275.5582611,-75.46119515,0.229701,,17.481899,16.489901
467904267,275.5806208,-75.16245716,0.260539,,17.816401,16.866199
467904296,275.7895715,-75.11580647,0.36810699,,18.1138,17.124599
467904373,275.7998833,-75.0158744,0.16792201,,17.812201,16.8561
467904404,275.7441866,-74.95820342,0.31031001,,17.6506,16.721901
467904589,275.8187943,-74.68162127,-0.060028099,,17.9491,16.9611
467904600,275.5180989,-74.66773956,0.288863,,18.1926,17.255199
467904824,275.5902667,-74.33901519,0.25595,,17.487301,16.5418
467904841,275.5165098,-74.32580945,0.13267601,,18.152,17.2218
467904896,275.8111482,-74.25922014,0.23893499,,17.6092,16.690001
343997655,277.083028,-74.69585837,0.666978,,15.722,14.7899
140895727,76.54455266,-74.49874175,0.051143099,,18.073601,17.203501
140897071,76.56148678,-75.45916259,0.248264,,17.134199,16.2285
140900403,77.07860458,-75.74499445,0.198627,,18.123699,17.2204
140901424,77.01151439,-75.01504043,0.25470099,,17.6817,16.8221
344002417,277.5059717,-74.6604493,0.201315,,17.5835,16.644899
467905039,275.4776798,-74.0772915,0.29833901,,18.0299,17.047701
343886046,276.0709107,-74.03770819,0.51212299,,16.968,16.007601
467904344,275.7221248,-75.0600633,0.179885,,17.5599,16.5609
467904652,275.4758934,-74.5963403,0.19999599,,18.0478,17.0825
343886750,275.9683227,-74.8127037,0.109921,,17.823799,16.888201
343886881,276.186707,-74.96277951,0.273298,,17.3584,16.4543
140895671,76.44923986,-74.45198969,0.346026,,17.1248,16.2784
343997234,277.064798,-75.29138141,0.51053703,,16.9394,16.0051
343997319,277.1151043,-75.1620767,0.29730001,,17.2248,16.343
467903970,275.5714517,-75.57681793,0.132898,,18.356199,17.3636
343997649,277.060935,-74.6985352,0.216566,,17.5179,16.5779
467904737,275.5488153,-74.45580132,0.207451,,18.1905,17.202499
343997231,277.09635,-75.29219246,0.37948599,,17.835199,16.8808
343997652,277.2826357,-74.69702182,0.205125,,18.044201,17.1224
343887112,276.1882825,-75.22190819,0.481754,,17.243999,16.3507
140895775,76.76602726,-74.52832936,0.38455999,,17.6628,16.778601
140896354,76.8024495,-74.93374325,0.27176899,,17.9014,17.005199
1688326866,275.9399336,-75.55065016,0.174906,,18.952,17.976999
1688358209,275.8170915,-74.68357651,0.28885499,,18.3736,17.5133
1688331788,276.5667433,-75.25072042,0.263511,,18.2966,17.407101
1688353800,276.344124,-74.7018016,-0.0623619,,18.793501,17.896099
1688389634,276.0820693,-74.25866939,-0.0216926,,18.6474,17.821899
1688353807,276.4098211,-74.69148737,-0.13448299,,19.079,18.267799
1688362231,276.4687362,-74.3623979,0.111349,,18.9249,18.0135
1688362316,276.5181754,-74.32295312,0.0296265,,18.193899,17.291201
1688327206,277.0073436,-75.67696309,0.098533601,,18.3627,17.455
1688354171,277.0987872,-74.86243717,0.34885201,,18.2813,17.3473
1688362558,277.1065873,-74.22055599,0.070456401,,19.145201,18.1964
1688363007,277.0773591,-74.0977907,0.174971,,18.7248,17.802799
1688392418,276.2359396,-74.05214501,0.102208,,18.5846,17.689699
1688303697,276.9439441,-75.94002487,0.27056101,,18.5826,17.604401
1688303700,276.9605094,-75.93500938,0.138322,,18.241899,17.2708
1688324821,275.6858563,-75.77635162,-0.325472,,19.5937,18.6042
1688331677,275.9183801,-75.33329263,-0.065156803,,18.871599,17.9326
1688334076,277.0090581,-75.11227563,-0.097386397,,18.567801,17.659901
1688333967,277.0135855,-75.16360175,0.38397601,,18.247499,17.313499
1688362506,276.8709741,-74.27038735,0.108045,,18.7456,17.846001
1688392234,277.0326511,-74.03450758,0.055589601,,18.878,17.969101
1688334132,277.3283755,-75.10614763,-0.0338181,,18.7458,17.785601
1688356322,277.2750227,-74.51292831,0.0286112,,18.1824,17.343399
1688362497,277.2596712,-74.20650874,0.389272,,18.471901,17.5166
1688390064,276.0157245,-74.18417033,0.00161354,,19.2377,18.269501
1688335205,276.9664882,-75.05655025,-0.46608701,,19.3127,18.4266
1688389627,276.0782734,-74.2703593,-0.37112999,,19.1646,18.2645
1688304585,275.9866171,-75.99743017,-0.330753,,19.494699,18.588301
1688304591,276.0575239,-75.98695149,-0.028178301,,19.110399,18.2085
1688324938,275.9881287,-75.85551197,0.235934,,19.5467,18.508499
1688353347,276.1247631,-74.85160309,0.57286698,,19.553699,18.642599
1688353351,276.0471719,-74.85778646,-0.32585701,,20.153299,19.254999
1688358450,276.0669799,-74.60853758,-0.17568301,,19.8004,18.8428
343886477,276.0547028,-74.50620042,0.51122499,,17.73,16.8346
1688389764,276.0968728,-74.19272942,-0.144132,,19.5284,18.6481
1688389765,276.0957642,-74.1907295,0.51857901,,18.8258,17.9641
1688326625,276.1748444,-75.55901287,0.57109898,,18.695,17.7136
1688326920,276.2246086,-75.49160224,0.38875899,,18.928301,17.9725
1688353818,276.3029847,-74.68514207,0.15117399,,19.886,19.0336
1688326863,275.9179133,-75.55889927,0.635252,,19.566299,18.625099
1688391119,275.6915868,-74.14389809,0.49341801,,19.261101,18.3764
1688304593,276.0426559,-75.99140273,-1.10794,,20.6637,19.7069
1688392420,276.3158754,-74.03169469,0.0571585,,19.5627,18.5888
1688303699,276.9125998,-75.93636948,0.214452,,19.552,18.6101
1688304596,276.1397971,-75.97410072,0.43846399,,20.1485,19.131901
1688304599,275.9077958,-75.99934477,0.123011,,19.543501,18.6415
1688328861,277.0032095,-75.45587765,0.200223,,19.1866,18.278799
1688334071,276.9510739,-75.12207783,-0.99855,,20.377399,19.498501
1688326471,276.0160709,-75.65519615,0.111182,,19.627399,18.711
1688326600,276.0174496,-75.59842183,0.190302,,19.163601,18.3346
1688333968,277.0648733,-75.15684084,-0.29093799,,20.7871,19.8377
1688326607,276.1538891,-75.59020265,0.072058901,,19.3302,18.5163
1688331596,275.9688806,-75.36303013,-0.47337899,,19.746401,18.935801
1688332852,276.0805299,-75.17669918,0.38757199,,19.2665,18.281799
1688335299,277.0887656,-75.0261259,0.064110398,,19.259701,18.377501
1688335310,277.0998738,-75.0098876,-0.128434,,19.240801,18.4121
1688335660,276.9789985,-74.9597403,0.28239799,,18.6353,17.786501
1688392140,277.0763351,-74.05410113,0.30746299,,19.5207,18.6998
1688332928,276.5678063,-75.17173643,-0.31824899,,20.225901,19.377399
1688333034,276.3802078,-75.13194917,0.31733301,,20.2519,19.314301
1688335833,277.2419015,-74.92498022,-0.056581698,,19.991699,19.065001
1688362307,276.4948915,-74.33320933,-0.093779303,,19.5532,18.7314
1688303340,277.055076,-75.99997927,0.234319,,19.228901,18.221201
1688327198,277.0110973,-75.68731325,-0.110964,,19.708799,18.760599
1688327756,277.0517416,-75.49120697,0.395163,,18.7978,17.825001
1688329377,277.1209986,-75.32251809,0.30234,,18.6679,17.740499
1688354166,277.1863424,-74.85618069,0.097416997,,19.121799,18.1924
1688355869,277.2335155,-74.62224621,0.33613199,,18.7731,17.841
1688356356,277.0859226,-74.53017417,-0.033692099,,20.614,19.6549
1688356361,277.1250459,-74.51189818,0.55577201,,19.209801,18.311501
1688360810,277.1488371,-74.43991532,-0.60197598,,20.179899,19.2843
1688363444,277.3946251,-74.11345524,-0.82685798,,20.638399,19.764601
1688363008,277.1221088,-74.09246324,0.0104546,,19.6593,18.749201
1688392128,277.117572,-74.06036306,-0.78866202,,21.0077,20.0385
343997250,277.0771497,-75.26149783,3.8683801,,10.7596,9.98913
343997399,277.3165276,-75.05173489,0.55123597,,16.049101,15.1019
343997639,277.4082728,-74.7155967,0.824866,,15.1679,14.1986
343950994,276.7511553,-74.37540879,0.47579101,,16.357201,15.3993
343997403,277.1373432,-75.04238226,0.38324699,,17.3137,16.434601
343997995,277.1048396,-74.22227063,0.18684299,,16.0835,15.3962
343951765,276.7800255,-75.34180695,0.287292,,16.2206,15.3949
343951766,276.6546405,-75.34209307,0.554865,,15.9786,15.0718
343997472,277.2354889,-74.96017677,0.30552801,,16.258101,15.3119
343997538,277.1276561,-74.87208946,0.591142,,15.6772,14.7455
343945792,276.5773103,-75.13886145,0.53004402,,16.7059,15.7303
343946500,276.3458366,-74.24048324,0.26455,,17.2297,16.259899
343996771,277.1320747,-75.96504837,0.446547,,16.6187,15.6818
343997397,277.1231943,-75.05300242,0.33228901,,16.991501,16.0923
343945234,276.6855612,-75.90476164,0.200388,,18.174101,17.178101
343945794,276.3697474,-75.1386322,0.159824,,17.846701,16.8759
343950992,276.8773574,-74.37470209,0.166181,,17.3365,16.4648
343951764,276.8351096,-75.34149354,0.225872,,17.6996,16.726801
343951768,276.993023,-75.34516093,0.035364602,,18.010401,17.0718
343951769,276.757944,-75.34579689,0.17216,,18.1887,17.2376
343997205,277.2837189,-75.32160459,0.34810099,,17.7367,16.7672
343997211,277.2850488,-75.31641915,0.115038,,17.7362,16.8559
343997402,277.2299395,-75.04308604,0.42739299,,17.979799,17.044901
343997990,277.1183221,-74.22367339,0.290353,,17.7813,16.826
343997993,277.1441259,-74.22292787,0.238563,,17.461201,16.6035
343951767,276.9249527,-75.34256653,0.19129799,,17.887899,16.9869
343997248,277.0660833,-75.26463635,0.30321801,,17.845501,16.881901
343997539,277.1352754,-74.87032814,0.036174301,,18.3843,17.434099
343997540,277.0406317,-74.86776536,0.15522701,,18.3724,17.4021
1688392017,276.5717137,-74.12487138,0.276631,,18.3596,17.4023
1688354635,277.0685384,-74.73725579,0.124714,,18.475401,17.5243
1688306972,277.3751553,-75.79057828,0.177451,,18.486401,17.6464
1688334237,277.3527306,-75.06428322,0.281793,,18.288401,17.370501
1688333801,277.2967809,-75.17887424,0.155027,,18.8281,17.864799
1688329473,277.4053013,-75.27807577,0.177347,,18.897699,17.936199
1688305779,277.2442073,-75.85522069,-0.079279199,,19.336901,18.3606
1688362214,276.5542719,-74.37495632,0.0286083,,19.848,18.8794
1688362221,276.3729958,-74.38485787,-1.21067,,19.930901,19.0886
1688392018,276.5714506,-74.12077659,0.216711,,20.2782,19.362
1688305662,277.1156198,-75.95061735,0.384792,,18.855,17.9536
1688305371,277.3165825,-75.95496275,0.29347301,,19.2904,18.336
1688305373,277.3084707,-75.96635948,0.129149,,18.900299,18.108999
1688306940,277.2301327,-75.81486459,0.522726,,20.2554,19.288099
1688333796,277.3637018,-75.17627761,-0.667409,,19.630199,18.711599
1688334141,277.2972306,-75.09361009,0.52971298,,18.460501,17.5602
1688354633,277.0526327,-74.75812884,-0.075479798,,19.5313,18.5471
1688356295,277.3277932,-74.52829356,-0.16669901,,19.329599,18.4494
1688362576,277.1751061,-74.19554032,0.210743,,20.4554,19.549
1688362577,277.2313567,-74.20143316,0.243258,,19.9088,19.018801
1688306968,277.3095394,-75.80096083,0.199081,,19.0725,18.278299
1688327285,277.2787679,-75.60773088,-0.33691999,,20.153799,19.142
1688327294,277.3486932,-75.59156833,0.21742401,,19.5986,18.605101
1688328911,277.2463819,-75.40338318,0.47862601,,19.678301,18.8272
1688329571,277.3539844,-75.25690377,0.51614398,,19.211399,18.265699
1688334120,277.3928101,-75.10387099,0.209336,,18.774799,18.003
1688334248,277.2421287,-75.0697968,-0.112602,,19.693701,18.797701
1688356005,277.331761,-74.58463976,0.26345199,,18.903601,18.049601
1688356050,277.4387227,-74.51757231,0.033434499,,19.9643,19.0889
1688356424,277.4135482,-74.45584817,0.28835499,,18.910801,17.9478
140896037,76.52419744,-74.71338762,0.83315998,,13.5249,12.6757
343952090,276.882782,-75.79064102,0.70141101,,15.0778,14.2084
343951863,276.7142992,-75.48058438,0.441093,,16.008101,15.0429
343951867,276.9547542,-75.48648716,0.62048298,,15.8918,14.9678
343951871,276.8876842,-75.49381748,1.29651,,14.585,13.6766
343952086,276.7719188,-75.78787227,1.54816,,14.0292,13.1259
343952104,276.8521155,-75.82078625,1.0850101,,14.2993,13.3929
343952106,276.9232517,-75.82474152,0.62852103,,15.8526,14.8994
140897209,76.44112263,-75.5773262,1.1574399,,14.1032,13.1956
140897229,76.63141685,-75.5945663,0.74719799,,15.3436,14.4634
140897260,76.73565207,-75.62933879,0.71077102,,15.6283,14.743
140901456,76.98352573,-74.99692853,0.86554402,,14.1213,13.2482
343951092,276.9341377,-74.49029806,1.0772001,,14.2347,13.3967
343997616,277.2476932,-74.74145052,0.56675601,,15.8071,14.9509
343996752,277.28844,-75.99055189,0.35199699,,17.884501,16.9109
343996947,277.1517493,-75.6857137,0.25999901,,16.737301,15.7885
343951571,276.727306,-75.10181389,0.73288399,,15.7488,14.8339
343952089,276.9357772,-75.78975317,0.33558899,,16.9886,16.0362
343952105,276.8445122,-75.82432993,0.30505401,,17.2286,16.2481
343952080,276.9144733,-75.78009601,0.139146,,17.079599,16.1105
343997933,277.2063787,-74.29732123,0.209575,,17.707001,16.716499
140897566,76.48921814,-75.9588031,0.26657701,,17.246099,16.395201
140900225,76.8821403,-75.93372407,0.48711801,,17.4352,16.6103
140900881,76.85951706,-75.37656599,0.237396,,17.140699,16.327
343951565,276.9909673,-75.09592686,0.116613,,18.108801,17.1642
343951865,276.8409669,-75.48462052,0.051668402,,18.189699,17.261801
1688353871,275.9467466,-74.71118593,0.0509484,,18.615999,17.614799
1688355725,276.5346742,-74.73209848,0.177486,,18.917,17.9368
1688362782,276.5637158,-74.18066955,-0.017762201,,18.688,17.785
1688362786,276.6148867,-74.17272124,0.034342501,,18.7843,17.819901
1688362787,276.6349809,-74.17084628,0.30348101,,18.2073,17.241301
1688354135,276.9260507,-74.83193814,0.089053601,,18.288401,17.3832
1688304919,276.2425763,-75.92404736,0.20937601,,19.4555,18.455799
1688352117,276.1516967,-74.90275297,-0.15497901,,19.9224,19.122801
1688360108,276.1692936,-74.37073558,0.43008801,,20.079599,19.153601
1688360388,276.1567297,-74.34077607,0.60948801,,20.166901,19.205799
1688361040,276.683214,-74.40874071,0.196031,,18.9056,17.9804
1688333928,276.767156,-75.19703972,-0.0039502601,,19.1374,18.169901
1688335278,276.8067786,-75.05288214,0.45287001,,18.8468,17.9702
1688354113,276.9300835,-74.83711197,-1.22255,,20.888,19.8997
1688354589,276.9225818,-74.72849033,0.46439701,,18.803101,17.873199
344002547,277.4317354,-74.84288175,2.2402699,,12.5593,11.791
343998088,277.0893464,-74.10770552,0.87199903,,14.268,13.4414
343996796,277.4142044,-75.92110675,0.74093902,,15.0961,14.2439
344002880,277.529529,-75.26947112,0.64524102,,16.4498,15.4913
344002908,277.5816085,-75.3089688,0.51511103,,15.9682,15.068
344002372,277.5977993,-74.60712717,1.11757,,13.9573,13.1862
343998139,277.3808754,-74.04765697,0.59051901,,16.040001,15.1619
343998142,277.2487641,-74.04419311,0.688564,,15.2825,14.3936
344002543,277.5097438,-74.83653253,0.528332,,16.283701,15.3925
344002559,277.4868287,-74.8507082,0.70605099,,14.5087,13.6188
344002564,277.5895393,-74.85506974,0.541857,,16.6075,15.7037
344002560,277.5006775,-74.85204916,0.412734,,16.6546,15.7368
344002554,277.7407545,-74.8469015,0.40227401,,17.285101,16.3416
344001968,277.7019547,-74.12668726,0.366211,,18.3563,17.447001
343997187,277.0920284,-75.34291586,0.30935901,,17.6581,16.7351
343997524,277.2385667,-74.88873646,0.32639399,,18.350201,17.450001
343997222,277.3814785,-75.30281246,0.0100041,,17.2707,16.5965
343998158,277.414524,-74.02944654,0.26473901,,18.0674,17.121799
344003033,277.7486069,-75.45938914,0.36889201,,17.8909,16.974199
344002438,277.4403393,-74.68575217,0.230946,,18.0944,17.1406
344002470,277.4334547,-74.72715694,0.23064999,,17.1938,16.214001
344002556,277.6329285,-74.84856339,0.23501199,,18.035299,17.0849
344002745,277.6503944,-75.08512573,0.19541501,,17.3783,16.5291
344002793,277.6837888,-75.14007238,0.27190399,,17.653099,16.728399
344002797,277.7911015,-75.14663684,0.24150699,,18.066401,17.147699
344040715,277.5149018,-75.99504623,0.077202201,,17.3253,16.450399
344002363,277.5534467,-74.60280156,0.50407398,,17.4224,16.448299
344001965,277.6519327,-74.12459945,0.337506,,17.0455,16.0924
344001991,277.511459,-74.15053009,0.40449101,,17.15,16.2516
1688329322,276.8839865,-75.35105345,0.054069102,,18.913,17.937599
1688307395,277.1180913,-75.67865888,0.152399,,18.517599,17.549801
1688354749,277.2062937,-74.67112061,0.107097,,18.755501,17.839899
1688307168,277.6940092,-75.70690789,0.111566,,18.314301,17.480499
1688361419,277.7380145,-74.35228666,0.0091576697,,18.378599,17.4485
1688325208,276.8455684,-75.69849895,-0.035045099,,19.198099,18.277599
1688355810,276.9313785,-74.63448075,-0.42456099,,19.5443,18.5975
1688325210,276.906341,-75.69432889,0.102377,,18.8438,18.0413
1688327581,276.9248415,-75.5897914,-0.329119,,19.829599,18.893801
1688327586,277.0011613,-75.57394505,0.0852504,,19.795099,18.854
1688329323,276.8327535,-75.35754764,0.28366399,,18.9445,18.059299
1688333999,276.7135952,-75.17359261,-0.25955799,,19.4013,18.474199
1688354439,276.8211969,-74.80776097,0.14293,,19.3913,18.413601
1688355807,276.8766935,-74.64224289,-0.783508,,20.442301,19.5765
1688360760,276.8347347,-74.42847491,-0.088900901,,19.594801,18.621599
1688362917,276.8683931,-74.16949981,0.29503199,,19.3832,18.5107
1688327679,277.1627273,-75.51986565,0.478486,,19.157499,18.1758
1688327682,277.1406883,-75.52513359,0.350687,,19.106701,18.2547
1688327688,277.344637,-75.50755816,0.050988,,19.5509,18.8214
1688333555,277.2417316,-75.24421013,-0.13017701,,19.520399,18.558701
1688333560,277.2589808,-75.23426708,0.393213,,18.489799,17.7416
1688354731,277.2252976,-74.69061745,0.267845,,18.872499,18.060801
1688354736,277.083771,-74.699602,0.18694,,18.9473,18.0228
1688356365,277.1555038,-74.49887931,0.17779499,,19.712999,18.775101
1688334267,277.3915538,-75.03806034,0.34977099,,19.933201,19.063601
1688335821,277.3058032,-74.91828129,0.52317899,,19.316601,18.393299
1688335851,277.4016065,-74.9142116,0.13898601,,19.254499,18.3286
1688334179,277.6759288,-75.07083289,0.43639299,,18.3897,17.502399
1688334187,277.7025828,-75.04447193,0.141287,,19.3484,18.6514
1688334319,277.6674539,-74.99041557,0.50857598,,18.626801,17.7257
1688361421,277.7259129,-74.34692792,0.065523103,,19.833599,18.8818
1688305555,277.6767576,-75.89335238,0.191888,,19.9746,19.173901
1688329221,277.7273686,-75.28471924,-0.40570199,,19.873899,19.052299
1688329223,277.8152353,-75.26498772,0.28430399,,19.128599,18.2885
1688329228,277.7958632,-75.25737221,0.033167299,,19.609699,18.6486
1688334701,277.7623159,-75.01322922,0.39564499,,19.503901,18.554501
1688355294,277.8641566,-74.62757857,-0.84243602,,20.2675,19.4758
1688356588,277.7089776,-74.49538101,-0.60767502,,20.134899,19.229099
1688327746,277.104865,-75.49583518,0.28692499,,19.974001,19.0658
1688329232,276.8300862,-75.41494105,0.20905399,,19.9795,19.131701
1688329236,276.8985739,-75.41379719,0.30227801,,20.4937,19.5368
1688333545,277.0878996,-75.27086959,-1.29778,,20.778601,19.813
1688334078,276.98017,-75.10410409,0.736696,,18.819799,17.863001
1688334083,277.0534698,-75.09586156,0.037594799,,20.024799,19.126499
1688335560,276.711519,-75.03980823,0.13023999,,19.4897,18.587601
1688355685,276.8820547,-74.70914296,-0.089208797,,19.9072,19.027201
1688355687,276.9550281,-74.6974877,0.035192601,,19.258801,18.341299
1688355715,276.9830633,-74.66377532,0.22840001,,19.6675,18.7204
1688360900,276.9771913,-74.41059946,-0.038020302,,19.625,18.778099
1688329384,277.1044193,-75.30328514,-0.41788399,,20.3888,19.4725
1688333989,276.7204767,-75.18839508,-0.199325,,19.375401,18.462999
1688333985,277.1083822,-75.13843335,0.23887999,,18.9338,18.1152
1688333986,277.1418617,-75.12509397,-0.0151162,,19.382999,18.471001
1688335929,277.1882852,-74.86539089,-0.22224399,,19.8895,19.0888
1688329432,277.3369977,-75.33425435,0.215874,,19.628,18.741501
1688329441,277.4124109,-75.31377539,0.185326,,19.407801,18.5221
1688333648,277.1144688,-75.21002017,-0.206303,,19.616899,18.755301
1688354191,277.3181317,-74.81590547,-0.58595699,,20.1008,19.167601
1688355854,277.2042641,-74.6349182,-0.027914699,,19.4401,18.492701
343946533,276.3135325,-74.20072007,-0.0189343,,17.0945,16.141701
343946062,276.3400019,-74.77549026,0.43525499,,17.7931,16.802601
343946338,276.5840867,-74.43227925,0.191357,,18.177401,17.2174
343946341,276.4535614,-74.42916494,0.184571,,17.627199,16.7243
1688334081,276.9656923,-75.11380684,0.102081,,18.864799,17.939899
1688335607,276.8129939,-74.98240888,0.095234498,,18.7418,17.877399
1688362614,276.4039787,-74.30341942,-0.112523,,18.772699,17.8174
343946489,276.6133667,-74.2582429,1.45793,,13.7096,12.8489
343946253,276.5786774,-74.5346368,1.27002,,12.9218,11.9856
343945982,276.3356951,-74.88650973,1.05916,,14.3803,13.4648
344002592,277.6251151,-74.8855654,4.1420698,,10.4283,9.5445004
344002032,277.6570094,-74.19928887,0.74764597,,15.4771,14.5985
344002026,277.738504,-74.19235775,1.02429,,14.847,13.9985
344002594,277.5605449,-74.88684268,0.37013099,,16.002399,15.2232
343945971,276.4515178,-74.8990133,0.34841901,,17.7225,16.7281
343946097,276.3402805,-74.71334848,0.454638,,17.191999,16.2533
140896270,76.77274493,-74.88226504,0.30200401,,16.595501,15.7004
140900187,76.82006305,-75.98159193,0.32934999,,16.974001,16.114901
140900962,77.00590803,-75.31266357,0.24829,,16.855301,16.066
344002029,277.5668908,-74.19393315,0.37596399,,16.9697,16.0497
344040417,277.7595156,-75.54739579,0.36652899,,17.2754,16.2862
344040420,277.4438529,-75.54951664,0.35307199,,17.629601,16.658701
343945973,276.377731,-74.89638751,0.106277,,18.4699,17.5107
343946654,276.5793025,-74.04238855,0.040492699,,18.091101,17.144199
140900920,76.99336572,-75.34462778,0.172509,,18.022499,17.108299
343952175,276.9018063,-75.90636888,0.0703675,,18.539801,17.590799
344040415,277.7593985,-75.53948429,0.214342,,18.430201,17.465
343945852,276.4070383,-75.07802679,0.35632601,,18.0534,17.108101
1688325418,276.3003333,-75.67395279,-0.185839,,19.0739,18.1113
1688362736,276.3107799,-74.23526231,-0.18272901,,19.0434,18.0933
1688303591,276.8863483,-75.99309395,-0.48695299,,19.385099,18.420099
1688335111,276.7164389,-75.146039,0.28850901,,18.5704,17.6437
1688335245,276.8830965,-75.06124522,0.0570421,,18.658001,17.7988
1688305023,276.3225944,-75.83181081,0.29808301,,20.060301,19.1436
1688333385,276.1446031,-75.09664438,0.084844798,,19.2645,18.370399
1688304843,276.922784,-75.85854992,0.51203102,,19.544901,18.6266
1688333528,276.8399628,-75.2867607,-0.0166017,,18.612499,17.858
1688354044,276.8437556,-74.88301733,0.41323099,,19.692101,18.8783
1688354048,276.9991989,-74.86816658,-0.15319601,,20.172001,19.2113
343887178,276.2816752,-75.28530188,0.385048,,18.594999,17.649
343950937,276.7791877,-74.3193245,0.446904,,18.3181,17.355
1688331736,276.344169,-75.30504092,0.42515701,,19.3839,18.393999
1688331745,276.4222492,-75.28165928,0.150952,,19.3211,18.356701
1688351803,276.4262816,-74.93395247,0.158792,,19.444901,18.457199
1688325157,276.4707201,-75.75417103,0.24660499,,19.628599,18.6609
1688325160,276.3983827,-75.76177259,0.18616299,,19.348,18.3377
1688325161,276.4138669,-75.75643094,0.46344301,,19.569099,18.6476
1688391974,276.4371401,-74.14734551,0.29314899,,19.959299,19.010099
1688334057,277.0475929,-75.11329885,-1.02302,,20.5588,19.7108
1688334062,277.0831595,-75.10777943,0.40324199,,18.621401,17.6798
1688355836,277.1517446,-74.65764434,0.231005,,19.943501,19.121099
1688327334,277.0917431,-75.59560458,0.296325,,19.4307,18.6157
1688329293,277.2952174,-75.32398523,0.48765299,,19.077801,18.1642
1688354277,277.2391631,-74.79568579,0.160107,,19.6082,18.725901
1688356385,277.0466138,-74.49341646,0.094007701,,19.4702,18.507601
1688362461,277.0944105,-74.26119387,0.16086701,,19.9013,18.9555
1688363011,277.0587404,-74.09606406,0.197448,,19.3015,18.4923
1688305317,277.5470214,-75.96557687,-0.210859,,20.060801,19.294901
1688334268,277.3311562,-75.04811202,-0.120734,,19.6803,18.7959
1688334277,277.5547832,-75.03411423,0.30060899,,19.4242,18.5448
1688335397,277.5034338,-74.98852046,0.077195302,,19.198,18.420099
1688335404,277.6450066,-74.97397374,0.101323,,19.886299,18.9832
1688335406,277.6640787,-74.9736247,-0.785972,,19.723101,18.997999
1688355912,277.474278,-74.58830483,-0.425531,,20.287201,19.359301
1688361378,277.6132787,-74.374466,0.213743,,20.1464,19.2262
1688361797,277.5432241,-74.28712378,0.117113,,19.2693,18.329901
343951494,276.9626551,-74.99075784,1.09645,,15.0608,14.1219
344001931,277.5691309,-74.07866039,0.829831,,14.0445,13.1901
343952124,276.7352724,-75.84760069,0.51155102,,16.9876,15.993
343946237,276.2482148,-74.54650152,0.36385399,,16.829201,15.8344
344002816,277.5133237,-75.1727059,0.34693101,,17.1593,16.2178
343887039,276.2104548,-75.13804202,0.485459,,16.6243,15.801
343946076,276.3171847,-74.75483747,0.76599699,,15.5081,14.5466
343946551,276.6200799,-74.17613708,0.55404198,,15.6892,14.7446
344002485,277.8065935,-74.75166731,0.25369701,,16.5445,15.7128
344002486,277.7026551,-74.75286782,0.72513998,,15.947,14.9997
344002528,277.6758314,-74.81690717,0.52808201,,15.9101,14.9398
344002571,277.8006824,-74.86219624,0.548859,,16.498199,15.5345
344002885,277.5104223,-75.27879234,0.43122199,,17.0189,16.0509
343887036,276.2148673,-75.13621993,0.40923101,,16.8281,15.9661
343945493,276.4873101,-75.54025983,0.107189,,18.4585,17.6217
343887046,276.090592,-75.14831193,0.17701399,,17.4811,16.6243
343945513,276.4190909,-75.5171114,0.45548999,,17.587999,16.638399
343952122,276.6773866,-75.84378432,0.34574199,,17.6166,16.6415
343952130,276.9436226,-75.85259782,0.30040899,,17.418301,16.436701
343950836,276.6953275,-74.21350016,0.432421,,18.096201,17.128201
343951199,276.867048,-74.60169004,0.271009,,18.147499,17.247999
1688325138,276.5095773,-75.76180686,-0.0159804,,18.630301,17.645
1688351804,276.4257637,-74.92733782,0.13239101,,18.6654,17.8489
1688356142,276.4696589,-74.62395003,0.13557599,,18.408501,17.4272
1688362745,276.4090449,-74.21213611,-0.0626591,,18.9576,18.1182
1688362746,276.4405457,-74.20879396,0.0629263,,18.406401,17.485399
1688391980,276.3927897,-74.14684019,0.117956,,18.542601,17.663099
1688303709,276.8360407,-75.9325675,0.15888099,,18.3388,17.3715
1688303349,277.0357701,-75.99717472,0.28630999,,18.3508,17.4083
1688307260,277.0472363,-75.76412558,0.050171901,,18.079201,17.091499
1688327337,277.0706218,-75.59597139,-0.001512,,18.505899,17.543501
1688355861,277.0640803,-74.65389528,-0.161382,,18.574699,17.6553
1688363022,277.1694098,-74.07408422,0.33761501,,18.323601,17.446501
1688305284,277.468542,-75.9951726,0.25037301,,18.3822,17.4527
1688335399,277.5190547,-74.98357867,0.210115,,17.9823,17.0424
1688335405,277.6547785,-74.97155041,0.195112,,18.6486,17.6938
1688354230,277.5261809,-74.79226288,0.35143399,,18.445801,17.4664
1688391979,276.3789704,-74.14869193,-0.13598301,,18.882,17.922899
1688361259,277.2652229,-74.31064663,-0.090083599,,18.9582,18.0756
1688363460,277.4882055,-74.09424017,-0.0693947,,19.054501,18.1224
1688325137,276.4491829,-75.77172145,-0.202952,,19.499399,18.494699
1688335396,277.4612675,-74.99825083,-0.195398,,19.3022,18.3419
343946075,276.2637793,-74.75834047,0.97421801,,13.2783,12.5498
343946556,276.3462077,-74.17115364,2.3935299,,12.3425,11.588
343945284,276.6078864,-75.84226209,1.2877899,,12.0985,11.2872
343945495,276.4865422,-75.53480988,1.7951601,,12.1978,11.4095
344002522,277.7637209,-74.80536197,1.14564,,13.794,12.86
343946407,276.3730834,-74.35844844,,,12.2273,11.415
140895539,76.72858756,-74.35823809,0.65691298,,15.8912,15.0166
344002529,277.6187066,-74.81776398,0.77765,,14.0589,13.2485
343946079,276.3038228,-74.74491568,0.65855199,,14.6507,13.772
343952129,276.9144389,-75.85179927,0.49288499,,15.6471,14.7209
344002892,277.465206,-75.28624167,0.49449199,,16.1134,15.1591
343951842,276.7480117,-75.45237832,1.3683701,,13.8067,12.8703
343997367,277.2370459,-75.08231825,2.71492,,12.4763,11.5786
343945384,276.5415698,-75.70384436,0.92193401,,14.6001,13.7458
343951850,277.0260854,-75.46304715,1.6080199,,14.0879,13.1314
343946475,276.4459219,-74.28078874,1.75576,,13.1745,12.2332
343998018,277.1914875,-74.19242308,0.44268101,,16.696301,15.7755
343996783,277.0644613,-75.94676924,0.38806701,,17.130899,16.1653
343998070,277.3625452,-74.12635833,0.25940299,,16.813499,15.9793
343950952,276.6724934,-74.33425427,0.27223501,,16.1842,15.2981
343997439,277.2031093,-74.98517298,1.39415,,14.5831,13.6511
343946170,276.3924864,-74.63237181,0.153439,,16.9524,15.9808
343946581,276.5405866,-74.13677729,0.92349201,,15.51,14.7071
343946583,276.493613,-74.13470843,0.98869598,,14.4692,13.5875
343997721,277.0628146,-74.59849027,0.51224899,,15.6867,14.703
343997579,277.1322459,-74.80071433,0.51820099,,16.413401,15.5148
343950853,276.7387463,-74.23573022,0.26027599,,17.379601,16.4296
343945352,276.5347476,-75.75789659,0.32602999,,18.027901,17.0247
343945353,276.5741282,-75.75595472,0.24978299,,18.5319,17.661301
343946198,276.6628425,-74.59665633,0.42310399,,18.4814,17.491899
343946172,276.5514197,-74.62725917,0.485625,,16.8234,15.8294
343946580,276.3691858,-74.1369638,0.253692,,18.2803,17.3806
343951125,276.8355733,-74.52138135,0.19650599,,17.7848,16.812901
343951271,276.7605703,-74.72033564,0.202169,,17.423401,16.4527
343997045,277.358844,-75.54327304,0.32585901,,17.539101,16.5884
343998019,277.295762,-74.19209733,0.19270299,,17.5245,16.553699
343996788,277.1676331,-75.9354841,0.21857899,,17.222601,16.276501
343996956,277.053262,-75.67819339,0.24717399,,17.2351,16.2813
343996966,277.0623813,-75.66242963,0.20005,,18.075399,17.123301
343997198,277.2697251,-75.33311071,0.384388,,17.2293,16.250999
343998071,277.2115526,-74.12564898,0.29472801,,18.1106,17.1605
467904322,275.6322759,-75.08198026,2.5041201,,11.9278,11.0725
467904189,275.563559,-75.26568735,0.85840601,,15.2733,14.3248
467903928,275.8164112,-75.65825351,0.86084801,,15.2351,14.2731
467904317,275.5045235,-75.085043,1.22105,,14.3731,13.4758
343886777,276.2302384,-74.83853354,0.74065202,,14.8549,13.9782
467904325,275.4679426,-75.08007472,0.225517,,15.9184,15.0446
343886349,276.2419903,-74.35918368,0.37353599,,16.5245,15.6251
343886448,276.1979041,-74.46139216,0.55747002,,16.883801,15.8956
343886567,275.948273,-74.61205252,0.650217,,15.7371,14.7853
343946041,276.574373,-74.80780637,0.42752701,,16.3836,15.4784
467904532,275.4692019,-74.76002185,0.35800701,,17.412201,16.5273
343886447,276.1276031,-74.46117014,0.25514501,,17.423599,16.5571
343886892,276.1219138,-74.97283303,0.232627,,17.557899,16.5641
343886896,276.0899049,-74.97653787,0.370417,,17.073,16.091
343886897,275.9775764,-74.97656712,0.48499399,,17.3461,16.360701
343945326,276.6184216,-75.78953318,0.203062,,17.6392,16.647699
343946346,276.3336393,-74.42265783,0.208424,,18.1182,17.1723
343946350,276.4545181,-74.41859287,0.34552899,,17.5562,16.617901
467904237,275.5182025,-75.19455781,0.332701,,18.454599,17.473801
467904611,275.8037292,-74.65419564,0.056462701,,17.8382,16.868
467904324,275.5515873,-75.08148116,0.18499,,18.1535,17.158501
467904526,275.4834863,-74.77009399,-0.056312598,,18.260799,17.274599
343946044,276.4459641,-74.7999442,0.375844,,17.671101,16.696501
343886778,275.8219904,-74.84164186,0.54456002,,18.2959,17.297501
467904326,275.7761618,-75.07670668,0.072107799,,18.2906,17.378799
343945342,276.5440933,-75.76766751,0.101693,,18.173201,17.2997
1688351988,275.7122641,-74.93557065,0.228769,,18.6283,17.671801
1688358728,275.7385689,-74.55554993,0.17819101,,18.316799,17.4405
1688391269,275.739979,-74.11962741,0.081979699,,18.0488,17.134501
1688325396,276.1200112,-75.72222231,-0.065324001,,19.339399,18.327801
1688325398,276.1149505,-75.7203325,0.066729002,,19.221399,18.2384
1688325490,276.3149183,-75.650217,-0.079016797,,18.592501,17.6133
1688352221,276.3255916,-74.86509146,-0.18493199,,18.8944,17.971901
1688358487,276.266054,-74.58250232,0.19501901,,18.529499,17.5676
1688389757,276.14575,-74.19668734,0.310628,,18.407,17.504499
1688325245,276.500224,-75.72141652,0.25092801,,18.694599,17.6998
1688327031,276.4873308,-75.48414691,0.100498,,18.6019,17.733299
1688362330,276.3210935,-74.32584648,0.15214799,,19.019501,18.056499
1688392327,276.4312094,-74.0644558,0.312103,,18.0879,17.159901
1688351842,276.4663861,-74.90286813,0.0181104,,18.976101,18.034401
1688362633,276.3055365,-74.27934298,0.153027,,18.3367,17.373199
467904607,275.5270828,-74.65891742,0.47416601,,17.856501,16.992901
1688351954,275.6866743,-74.96824075,0.414745,,18.694099,17.716299
1688351958,275.6627651,-74.97265259,0.33514899,,19.0119,18.1366
1688351987,275.6682874,-74.94092521,0.21122301,,19.112499,18.1541
1688390015,275.8058207,-74.20305349,-0.37043399,,19.572599,18.6542
1688391271,275.7863146,-74.11510823,0.29151899,,18.8309,17.9212
1688332867,276.1691405,-75.22530391,-0.057874601,,19.0287,18.1343
1688360022,276.1722459,-74.40578893,-0.053242799,,19.2687,18.420099
1688389650,276.06302,-74.24494836,0.078565098,,19.363199,18.5005
1688389651,276.0403012,-74.24310218,0.086812198,,19.947701,19.1376
1688390218,276.1144594,-74.07148435,-1.35628,,20.8241,19.9326
1688358488,276.2774551,-74.57908422,-0.073394902,,20.7048,19.731899
1688358496,276.3711884,-74.56145472,-0.053656001,,19.6922,18.7549
1688325243,276.4967385,-75.72102171,0.182054,,19.357401,18.425699
1688325248,276.4649853,-75.70667802,0.0074803601,,19.162001,18.310699
1688325524,276.4199196,-75.67585549,0.144357,,19.750099,18.769699
1688325635,276.3645634,-75.62882947,0.24065,,19.110701,18.125601
1688327050,276.4031958,-75.45366676,0.29818499,,19.231001,18.3629
1688331496,276.4881238,-75.32563439,0.35191101,,19.220699,18.312401
1688333463,276.5790904,-75.00457107,-0.208592,,19.7603,18.870001
1688352144,276.4155052,-74.87934483,0.029005799,,19.4566,18.594101
1688352151,276.369743,-74.88116337,0.34004799,,19.487101,18.540501
1688360982,276.412398,-74.49350679,0.0053330502,,19.556,18.562099
1688362650,276.4970708,-74.26656135,-0.44957101,,20.1028,19.3002
1688392301,276.40131,-74.08734749,-0.171478,,19.8269,18.9998
1688362630,276.4253129,-74.2763195,0.50319701,,19.1217,18.155899
343887474,275.9095689,-75.6447661,1.82516,,13.8924,12.9245
343887559,275.9400383,-75.74849094,1.02143,,13.6953,12.6998
343945709,276.5061298,-75.26275394,1.5168,,13.3181,12.5217
467903732,275.544647,-75.95211527,0.167532,,17.6793,16.7227
343946522,276.2633416,-74.21727633,0.78272402,,14.4643,13.6578
467903735,275.5584223,-75.9493504,0.59840697,,16.2918,15.3007
343887297,275.961272,-75.43108191,0.561777,,14.1254,13.4613
343887335,276.2192498,-75.47653478,0.67846298,,15.3972,14.4156
343887471,276.0538532,-75.63971878,0.839504,,14.5639,13.6537
343945355,276.2728063,-75.75265631,1.15113,,14.2267,13.3043
343886222,275.9538759,-74.23042866,1.48543,,13.3797,12.5732
467904416,275.5277681,-74.94155739,0.094633996,,16.9375,16.362101
343887557,276.1446859,-75.74818735,0.169836,,17.6022,16.6213
467904490,275.8388613,-74.8218432,0.52015799,,16.1905,15.1934
467904573,275.6129482,-74.70055575,0.961824,,14.1066,13.1464
467905012,275.7542192,-74.11449726,0.65223598,,16.037001,15.09
343886219,276.1265769,-74.22801365,0.607131,,15.8426,14.8846
343886459,276.2232116,-74.48204519,1.2917399,,14.3544,13.3924
467904542,275.470127,-74.73932263,0.81591702,,15.5816,14.6208
467904632,275.544263,-74.62509231,0.67620701,,15.7065,14.7779
467904925,275.7406358,-74.21445746,0.49451599,,15.4177,14.669
467904941,275.6346431,-74.19559734,0.38129601,,16.692699,15.7438
343886539,276.2304192,-74.57019429,0.26706499,,15.4406,14.7618
343886547,276.208562,-74.58051953,0.471654,,15.8005,14.8582
343886116,275.8503567,-74.11206516,0.60493797,,16.4729,15.5154
343997953,277.1932576,-74.26834954,0.53779697,,16.0303,15.0876
467904417,275.7463095,-74.94011229,0.25678399,,17.311199,16.362301
467904570,275.7888942,-74.70448642,0.31009099,,16.9783,15.9775
343946691,276.6342536,-74.0007558,0.15752,,17.4184,16.4417
343945832,276.5996147,-75.10825941,0.305307,,17.0676,16.105301
343945900,276.2723368,-75.00933473,0.317844,,17.5448,16.552999
467903935,275.7084081,-75.64480023,0.349296,,17.7915,16.962299
467903950,275.5339315,-75.60527567,0.21445499,,17.609699,16.869499
467903952,275.5578739,-75.6034273,0.090547197,,17.754299,16.7306
467904821,275.7794325,-74.34431886,0.071895801,,18.042601,17.1021
467904924,275.7259631,-74.2210618,0.41140401,,17.830099,16.898199
467904992,275.8089604,-74.13107929,-0.055944201,,18.0273,17.075701
467905010,275.6627274,-74.11515589,0.279295,,17.446501,16.513901
467905017,275.7250131,-74.11251189,0.038287599,,18.1654,17.2232
343887041,275.9733846,-75.13996996,0.226638,,17.492399,16.524
343887336,275.926639,-75.4800584,0.104819,,17.481501,16.559999
343886144,276.092934,-74.14497368,0.23454501,,17.533501,16.646299
343945361,276.3989478,-75.74310163,0.23321,,17.806101,16.8337
343946526,276.2538494,-74.2130499,0.0614217,,17.944599,16.979401
343945897,276.5487942,-75.01043289,0.46707001,,17.358999,16.402
343945938,276.3291702,-74.94466486,0.355919,,17.877899,16.940901
343945941,276.3879078,-74.94284751,0.177067,,17.3736,16.5805
343997955,277.4628404,-74.26560724,0.184534,,18.4967,17.552
343946421,276.6134982,-74.34209372,0.55015701,,18.2327,17.254999
467904572,275.5877617,-74.70068927,0.382162,,17.029699,16.1087
343946420,276.5763001,-74.34211746,0.157912,,18.2752,17.3057
344043652,277.8258635,-75.1937179,7.4483199,,10.4975,9.70438
1688391443,275.9566841,-74.00082844,0.059445601,,18.7694,17.811899
1688392394,276.2989254,-74.07640456,0.214599,,18.7388,17.8727
1688325696,276.7367291,-75.56621866,0.35351101,,18.004101,17.0273
343886286,276.0137124,-74.29007771,1.77215,,13.357,12.4797
343945805,276.2738462,-75.12943239,0.78519398,,15.4718,14.553
343946069,276.3378597,-74.76294233,0.57212102,,14.3359,13.495
1688361147,276.7707075,-74.34421774,0.120647,,18.7358,17.7537
1688356277,277.1069638,-74.54977226,0.16827799,,18.5574,17.5674
344043472,277.980536,-75.43476612,1.0244499,,14.3152,13.3668
344043477,278.2112954,-75.43232595,1.2403899,,13.892,13.0458
1688354742,277.1097151,-74.68354045,0.031845499,,18.648899,17.762699
1688332959,276.257009,-75.17583099,0.14123,,18.633101,17.7656
1688327699,276.9448446,-75.54720625,0.173498,,19.0716,18.1063
1688362938,276.9307899,-74.14757731,0.097441599,,18.829399,17.9764
1688355956,277.164473,-74.60536431,0.0022189401,,18.9505,17.9778
1688360916,277.1734441,-74.40761619,-0.15463901,,18.825001,17.9324
344043709,277.9871311,-75.12857739,0.503034,,15.8602,15.0119
1688391318,275.9031991,-74.06211057,0.070444003,,19.120199,18.191099
1688327343,277.1981271,-75.6071673,-0.0408253,,19.460899,18.4743
1688362937,276.9254351,-74.14849765,-0.357609,,19.5037,18.580601
344044175,278.1414257,-74.47776242,1.13146,,13.5807,12.792
1688360483,275.9839577,-74.2987541,-0.18069801,,19.4,18.455299
1688389681,275.8136322,-74.26047394,0.30219501,,18.722401,17.8859
1688389696,275.9228872,-74.23432152,0.30666199,,19.4445,18.509701
1688304667,276.5470813,-75.9708013,0.30829301,,19.7708,18.7973
1688325528,276.4854238,-75.67506292,0.202042,,18.427,17.77
1688327025,276.4182402,-75.49366665,0.112367,,19.219601,18.362801
1688332955,276.1905096,-75.1878905,-0.29683399,,19.451401,18.6556
1688352155,276.3637381,-74.86981832,-0.312998,,20.068399,19.0732
1688353517,276.4591574,-74.70307411,-0.58294803,,20.2372,19.2619
1688353518,276.4446748,-74.7010113,-0.53140998,,20.4356,19.551001
1688353933,276.3933995,-74.62080417,0.332508,,18.499901,17.6443
1688360692,276.3918712,-74.51213191,-0.337668,,20.405199,19.549601
1688360695,276.5589474,-74.49255983,0.109035,,19.6716,18.7113
343952139,276.6787673,-75.86307528,0.38592401,,16.9774,15.9698
343997081,277.065578,-75.49184659,0.409554,,16.9349,15.9853
1688325701,276.7353217,-75.5431409,0.67376399,,19.741199,18.7829
1688334023,276.7765865,-75.16103195,0.73813301,,18.8785,17.944401
1688334028,276.7404164,-75.15079694,0.32291299,,18.9,18.025299
344043851,278.0419646,-74.90876082,0.419451,,16.721201,15.7551
1688355667,276.6533115,-74.7163081,-0.59798598,,19.9877,19.100599
344044174,278.0840474,-74.47798519,0.392939,,16.787399,15.9125
344043891,277.9970964,-74.8616499,0.31095901,,17.207199,16.2733
343886436,276.1746505,-74.45261089,0.113214,,17.655001,16.6667
1688355696,276.9685921,-74.68703039,0.0117287,,19.086,18.227699
1688361281,276.9593633,-74.33786672,0.22880299,,19.044001,18.0884
1688362831,276.9850065,-74.17676545,0.314374,,18.7327,17.8253
1688392216,276.873143,-74.0400848,0.143942,,19.018299,18.1929
1688392218,276.9566783,-74.01925312,0.062621303,,18.177,17.687599
344043742,278.1315291,-75.08131283,0.34206599,,16.480301,15.5627
343886078,276.1020581,-74.07335031,0.78858101,,15.8888,15.0295
343886285,276.1378125,-74.2862661,0.47156999,,15.4598,14.6039
343887011,276.0941294,-75.11213662,0.560341,,16.149599,15.1764
1688392222,276.9537393,-74.01969277,-0.00125211,,20.3223,19.376101
1688303609,277.0021027,-75.98064685,-0.13039701,,19.9011,18.926001
1688361306,276.9831166,-74.3034472,-0.29169101,,20.244301,19.263201
1688329000,277.1671684,-75.36699676,0.16516,,18.9599,18.126101
1688329309,277.2577036,-75.31761895,0.45895001,,18.447901,17.4891
1688335444,277.2597662,-74.99349031,0.048649698,,19.992599,19.074301
1688354738,277.0601813,-74.68825581,0.239824,,19.1593,18.1759
343946074,276.3734711,-74.75908043,0.29187599,,16.630899,15.8274
344043648,278.0316629,-75.199344,0.63064402,,15.5578,14.6344
344043650,278.0471108,-75.19425224,0.461633,,16.566799,15.6448
344044178,277.932732,-74.47189144,0.42065501,,16.6364,15.6983
1688363003,277.0653229,-74.10684782,0.0087043103,,19.681801,18.903099
344044223,277.8226089,-74.40616224,0.63121599,,16.100901,15.1601
344044416,277.9410312,-74.14088345,0.74517399,,14.9606,14.1204
343996766,277.2474883,-75.9684484,0.19774599,,16.617399,15.6996
343997570,277.0563034,-74.81850591,0.33117801,,18.034401,17.066099
343886080,276.2418355,-74.07566545,0.282951,,17.0063,16.079
343951448,276.7995976,-74.92118201,0.23819301,,17.5798,16.6269
343951619,276.9847598,-75.15611276,0.29602399,,17.372499,16.4062
343997572,277.1561493,-74.81448271,0.158563,,17.1504,16.1742
343997689,277.3044315,-74.64391819,0.27377599,,17.382299,16.408199
344043469,277.8396458,-75.43686122,0.264826,,17.1311,16.197001
344043745,278.1485558,-75.07750717,0.18528201,,17.232401,16.296101
343946180,276.2826086,-74.61610276,0.42165101,,18.5112,17.5126
343886083,276.1474231,-74.07739917,0.19566301,,17.6691,16.7747
343886431,276.2000613,-74.44540085,0.37065101,,17.5795,16.6276
343887013,276.1611076,-75.1146676,0.30001301,,17.522301,16.566099
343887014,275.901117,-75.11474106,0.348685,,17.4468,16.503901
343945337,276.4564622,-75.77862553,0.261516,,17.515699,16.6134
343946182,276.5345783,-74.61212337,0.093818501,,17.419901,16.448099
343946185,276.3459938,-74.61097002,-0.00125896,,18.2638,17.380301
343951532,276.7669122,-75.04297627,0.0058700601,,17.7474,16.8251
343951618,276.7809745,-75.15528934,0.22877,,17.2614,16.3036
343997024,277.1987022,-75.57635017,0.073162399,,17.9226,17.0466
343997571,277.2998365,-74.8153866,0.043922,,17.917299,16.9737
344044056,277.9775325,-74.62291466,0.190448,,18.101,17.1418
344043214,277.9211276,-75.78865447,0.28773201,,18.0599,17.1308
344043181,278.0447199,-75.8500559,0.43755701,,18.346901,17.3953
344043894,277.9261457,-74.85537611,0.39824399,,18.6915,17.730801
343886082,276.0085374,-74.07679614,0.135351,,18.1005,17.1742
1688351820,276.4836753,-74.92097546,0.13646799,,18.850201,17.9627
1688305080,276.6245135,-75.81267327,0.085786901,,18.518499,17.5404
1688305084,276.7539209,-75.83167707,0.041370299,,18.0819,17.085199
1688362279,276.6570124,-74.31463163,-0.241152,,18.978201,18.0138
1688306896,277.1576215,-75.85798269,0.23174199,,18.501801,17.591
1688328965,276.9990183,-75.40749771,0.153007,,18.3843,17.398701
1688328966,276.9910299,-75.3999732,0.102396,,18.680799,17.735001
1688335754,276.9863564,-74.93176502,0.146644,,18.5835,17.645599
1688356285,277.0860363,-74.53660414,0.056537598,,18.8179,17.907101
1688356286,277.1080186,-74.52919516,0.0327168,,18.6625,17.704201
1688361363,277.2895957,-74.24634435,-0.0149337,,19.1173,18.1355
1688307614,277.9392692,-75.5440073,0.230234,,18.803801,17.827101
1688328525,277.9381422,-75.36973532,0.35053599,,18.396099,17.441999
1688334719,277.9248725,-74.98547983,-0.156509,,19.149799,18.2346
1688336092,278.1339085,-74.8633757,-0.0087463902,,18.899099,17.9778
1688336598,277.9412496,-74.74476976,0.304802,,18.8039,17.8274
1688354881,278.0315268,-74.69623074,0.28281999,,18.295799,17.319901
1688363281,277.8642161,-74.08706914,0.081167199,,18.9935,18.054399
1688325296,276.6371159,-75.6805797,-0.015661201,,19.229099,18.2533
1688325580,276.8422926,-75.62158273,-0.081011496,,18.8403,17.920601
1688327605,277.1061929,-75.55907828,0.10429,,19.1649,18.1903
1688362866,277.1039839,-74.17427767,-0.33119199,,19.219801,18.3687
1688335314,276.9183393,-75.03090566,-0.085601501,,18.9205,17.968201
1688328988,277.2840068,-75.38010129,-0.57072097,,19.5271,18.580099
1688334226,277.2010502,-75.08746809,-0.17894199,,19.0474,18.1019
1688331922,276.5426684,-75.184623,-0.545555,,19.582701,18.6229
1688351821,276.4843507,-74.9184625,0.26243499,,19.804399,18.8587
1688362343,276.5606501,-74.2939836,0.218189,,19.445,18.535801
1688391947,276.5734408,-74.13447539,0.21250699,,20.623199,19.6632
1688335584,276.6958848,-75.02625695,0.50689203,,18.7115,17.816099
1688354488,276.6065254,-74.80839952,0.335417,,18.744301,17.850901
1688354491,276.5766995,-74.80075304,0.0874587,,20.1315,19.218399
1688305147,276.6438818,-75.78964759,0.29087299,,19.3078,18.325701
1688325301,276.6869029,-75.66996933,0.368527,,19.0777,18.096701
1688325581,276.7477692,-75.62422732,0.102725,,19.6633,18.7005
1688325583,276.7415677,-75.61742046,-0.103073,,20.277399,19.4198
1688327091,276.7151362,-75.41908489,0.38311601,,20.0776,19.2012
1688327159,276.7143648,-75.38723053,-0.153148,,19.944,19.026699
1688331460,276.2228077,-75.37885681,0.73105401,,19.6367,18.6682
1688335139,276.7790065,-75.11147352,0.608392,,19.5525,18.6061
1688353949,276.6242281,-74.94235327,0.233337,,19.0842,18.283701
1688353951,276.6543168,-74.93899573,0.197326,,18.670099,17.952
1688354531,276.7488614,-74.76049186,0.43547601,,20.0604,19.1644
1688362363,276.6668424,-74.28941085,0.254343,,19.5945,18.7397
1688306895,277.1759169,-75.85957572,0.58888602,,19.353901,18.504
1688307004,277.1971013,-75.80584012,0.12710001,,20.065701,19.2033
1688329413,277.2635367,-75.27040002,0.0114101,,19.554899,18.706499
1688335332,277.0574901,-74.99823318,-0.79884899,,20.1175,19.2222
1688305338,277.1727518,-75.99118576,-2.10377,,20.846399,19.8508
1688327257,277.1836011,-75.64367339,-0.311919,,20.2743,19.366699
1688334065,277.1481314,-75.10491829,0.76977402,,19.415701,18.4545
1688335208,277.0210874,-75.05080359,0.365605,,19.117001,18.210501
1688335317,277.013961,-75.01616346,0.103354,,19.329599,18.3727
1688355987,277.1549684,-74.58828885,0.40473899,,19.965799,19.0077
1688392135,277.0631434,-74.05795991,0.41921601,,19.510099,18.553699
1688305669,277.1847991,-75.91448081,0.29998401,,18.908001,17.9333
1688334229,277.3174351,-75.07272761,-0.19111601,,19.909901,19.131201
1688335372,277.2766733,-75.0169338,0.135644,,19.2815,18.421499
1688356025,277.2365061,-74.57070315,0.77987498,,19.347601,18.3696
1688356428,277.1921445,-74.48089203,0.51573002,,19.820801,18.851999
1688356438,277.2603658,-74.457848,-0.111798,,19.630501,18.680599
1688361353,277.1687535,-74.26949391,0.47358099,,20.050501,19.112499
1688392745,277.2384757,-74.03417408,0.46787599,,20.241699,19.2889
1688327939,277.5329339,-75.43331854,0.40663299,,19.7668,18.892099
1688301329,277.8753808,-75.99957483,-0.091429397,,19.5963,18.6828
1688307229,277.894971,-75.64565459,0.24956299,,19.053699,18.116899
1688334351,277.9094965,-75.10095967,0.26321,,19.087799,18.2987
1688334354,278.0055565,-75.08682324,0.208762,,18.9342,18.1059
1688334358,278.008024,-75.0861102,-0.089346901,,20.4014,19.507299
1688334843,278.0854184,-74.94032336,0.22082999,,19.967699,19.068001
1688336061,277.9283006,-74.90502923,0.56562001,,19.700399,18.728901
1688336097,278.0807117,-74.85822822,0.39249301,,19.5931,18.7348
1688357185,278.0387888,-74.34693407,0.57747197,,19.178699,18.207199
1688357186,278.0691404,-74.33596792,0.26241699,,19.3906,18.585501
1688362015,277.9698519,-74.20712149,0.255943,,19.5413,18.560699
1688363287,278.0137843,-74.07446558,0.017189801,,19.34,18.3664
1688363288,278.0004641,-74.0741141,0.37013301,,19.107201,18.2278
1688363348,277.876564,-74.05413668,0.034588002,,19.8964,18.928499
1688363385,277.9467141,-74.0155465,0.39678001,,19.0079,18.058201
343950728,276.8165933,-74.09551608,1.79828,,13.1882,12.3167
343950779,276.7799976,-74.1560908,1.17568,,13.3485,12.6138
343951520,276.7104194,-75.0270386,0.73758,,15.0139,14.1005
343945650,276.5448523,-75.34132749,0.71826899,,14.779,13.9072
343946133,276.5950161,-74.67386135,0.432309,,15.7858,14.9403
343946474,276.5883894,-74.28102623,0.87335598,,15.1068,14.1504
343951512,276.7722897,-75.01940317,0.98171997,,15.0502,14.1348
343945589,276.5182729,-75.42131052,0.37851399,,17.1077,16.132601
343946132,276.27002,-74.6740959,0.698111,,15.5964,14.6324
343951238,276.8257314,-74.66755255,0.41199699,,16.164801,15.1794
343950927,276.9457898,-74.30899519,0.31630901,,16.7383,15.7819
343951517,276.9609554,-75.02441295,0.450977,,16.4893,15.5819
343950777,276.8537649,-74.15284112,0.76682198,,15.9548,15.0071
343945390,276.6170839,-75.69069154,0.38904601,,17.774099,16.8092
343945391,276.3782578,-75.68905557,0.31773001,,17.483299,16.5289
343946236,276.5334804,-74.54789084,0.30916101,,17.829599,16.8603
343946629,276.5009432,-74.06318604,0.29791901,,17.421499,16.483101
343945482,276.2861761,-75.5493094,0.46353999,,17.6201,16.667801
343952196,276.6704946,-75.94175717,0.216653,,17.819401,16.8284
343945865,276.5716295,-75.05954188,0.492338,,18.0952,17.178801
343945386,276.2683675,-75.70003685,0.100935,,18.031,17.1021
343951452,276.7575341,-74.92836096,0.307226,,16.871599,15.9351
343950925,276.6670615,-74.30542641,0.120012,,17.966499,17.067101
343951518,276.7066993,-75.02613109,0.35288799,,17.0648,16.108
1688351800,276.3250334,-74.95161483,-0.0186735,,18.860701,17.866699
1688351802,276.4120365,-74.93955038,0.031506199,,18.8342,17.9687
1688362341,276.5475404,-74.30491678,0.25736201,,18.2136,17.2747
1688325222,276.8493089,-75.69489415,-0.031252801,,18.870001,17.958
1688356193,276.7322057,-74.58383298,-0.32652,,19.428301,18.434999
1688362807,276.7368316,-74.14923175,0.083426103,,18.983801,18.063999
1688335197,276.909675,-75.07620806,0.247774,,18.7414,17.817301
1688335657,276.909137,-74.96729701,0.038358498,,19.058901,18.108101
1688307288,277.0409607,-75.7630703,-0.26268199,,18.940701,18.051701
1688327223,276.9366257,-75.68147381,-0.31738499,,19.3811,18.446199
1688327330,277.1123043,-75.60004032,0.28404701,,18.2684,17.298401
1688355718,276.8911414,-74.66933232,0.238662,,18.4597,17.562
1688325504,276.2174124,-75.65152934,0.142609,,20.424,19.4256
1688325508,276.2048518,-75.64080156,0.229168,,20.0214,19.0625
1688325615,276.3508562,-75.63910885,-0.48714799,,20.0236,19.1772
1688391886,276.3122833,-74.19810046,0.112486,,19.3603,18.5375
1688391892,276.3721463,-74.1878508,0.027145701,,19.9335,18.9683
1688304692,276.5663515,-75.93562223,0.218216,,20.006201,18.968201
1688304837,276.7559401,-75.8700855,-0.0262032,,19.9512,19.0592
1688333596,276.9563362,-75.25256358,0.56664598,,19.280399,18.3706
1688354401,276.696238,-74.83123268,-0.127262,,19.551901,18.7901
1688355680,276.7521861,-74.71869507,0.39171401,,19.8403,18.8522
1688327195,276.9199831,-75.69845394,-0.82619703,,19.771799,18.912701
1688356194,276.7046424,-74.57906704,-0.121646,,19.181101,18.4237
1688392066,276.8359769,-74.12062582,0.58034003,,19.589199,18.6313
1688356241,276.8946298,-74.52519535,0.23898999,,18.880199,17.9252
1688303704,276.8737226,-75.93412624,0.245626,,20.056499,19.1717
1688333937,276.8241925,-75.17996589,0.40369901,,19.629299,18.7118
1688334044,276.9781055,-75.14432765,0.12643,,20.142099,19.1717
1688335624,277.0165838,-74.98953589,-0.45342201,,19.9492,18.989
1688354118,276.9709813,-74.84458297,0.496618,,19.1754,18.3127
1688355716,276.9905276,-74.66482646,0.43695799,,18.8286,18.0021
467903723,275.6307891,-75.96772322,0.734909,,15.3067,14.3819
467904163,275.505278,-75.31641609,0.59405601,,15.579,14.7203
343951040,276.7253191,-74.43081382,0.41268101,,17.1248,16.137899
292752553,275.3298822,-75.01532237,0.16799501,,18.254299,17.256599
292753487,275.3266251,-74.06718583,0.26811001,,17.103901,16.134701
343951366,276.9397436,-74.82556043,0.48343,,17.201599,16.2225
343952119,276.7668352,-75.84204581,0.49420801,,17.3883,16.5084
292753491,275.2466859,-74.06066356,0.27138901,,17.643499,16.688499
467904704,275.7856085,-74.50848453,0.17064001,,18.4361,17.4543
467904706,275.8104973,-74.50768796,0.23549099,,17.8729,17.027
343951364,276.790636,-74.82231483,0.254554,,17.4433,16.6434
292752422,275.4368534,-75.18339829,0.32814401,,17.807301,16.802401
467903719,275.5642832,-75.97598912,0.262445,,17.531401,16.6012
343951039,276.9038061,-74.42927299,0.41991699,,17.4219,16.4373
343951027,276.8121909,-74.41718077,0.0098476699,,18.2742,17.2862
343952118,276.7592042,-75.84118416,0.225797,,17.809,16.8855
1688352617,274.9883382,-74.9637649,-0.15282901,,18.7286,17.7668
1688359703,275.2770273,-74.4316279,0.020802099,,18.926001,17.9522
1688391044,275.1530143,-74.06150054,0.133761,,18.8048,17.8367
1688331154,275.5463164,-75.36770606,0.00067351002,,18.796499,17.8022
1688352669,275.266761,-74.93190268,0.35436699,,18.4977,17.555099
1688360179,275.5131751,-74.44131312,0.024219399,,17.671,17.2311
1688360251,275.3558236,-74.42788219,0.104231,,18.516199,17.6196
1688391146,275.5374655,-74.12953472,0.0856691,,18.5807,17.682501
1688391486,275.4393116,-74.09242655,0.32163399,,18.552401,17.615499
1688351879,275.6606668,-75.00632398,0.121294,,18.635099,17.6369
1688391387,275.7426752,-74.05621978,-0.031991299,,18.341,17.3941
1688325119,276.3302075,-75.73502112,0.30058399,,18.290199,17.3283
1688352107,276.1695078,-74.91392324,0.199634,,18.6735,17.684401
1688305014,276.3056568,-75.84157508,-0.049414702,,18.5224,17.487801
1688333007,276.3322654,-75.12707996,0.111712,,18.561199,17.6096
1688358427,276.3854355,-74.58224673,0.125203,,18.633801,17.6353
1688327306,276.9926794,-75.62991981,-0.0148884,,18.775,17.802
1688360805,277.0473084,-74.45517364,0.31993899,,17.6497,16.6472
1688328953,276.9744962,-75.42149624,0.030988101,,18.5168,17.665001
1688358621,275.6394844,-74.60438373,-0.096340299,,19.015499,18.0432
1688331705,275.9034575,-75.30925815,-0.23902699,,18.8132,17.8636
1688333421,276.180822,-75.06096559,-0.12899201,,18.8585,17.9058
1688328923,276.8650252,-75.45475395,-0.063326098,,18.6989,17.828199
1688335764,276.8554896,-74.93611054,-0.11571,,18.932899,18.043699
1688359162,275.0279282,-74.62255849,-0.29013401,,19.4307,18.4638
1688389252,275.1519148,-74.32771808,-0.0922793,,19.006201,18.1078
1688390594,274.9951506,-74.20949503,-0.0040549799,,19.153299,18.2003
1688391034,275.0590525,-74.08942003,-0.0242672,,19.4256,18.444099
1688332156,275.3847095,-75.36178576,0.044609401,,18.963499,17.9888
1688351048,275.4249273,-75.11198705,-0.081296697,,19.025,18.049601
1688389506,275.3027713,-74.33735287,-0.157572,,19.079901,18.140301
1688358831,276.2567728,-74.50906773,-0.0216338,,19.032301,18.0763
1688352921,275.0275863,-74.95536123,-0.314329,,19.181601,18.2735
1688332385,274.9084967,-75.32166865,0.57252097,,19.7637,18.7689
1688332594,275.0798631,-75.28320664,0.192701,,19.205999,18.2833
1688351406,275.1564076,-75.05375404,0.250231,,19.978901,19.0683
1688352512,274.9629345,-75.02879408,0.220818,,19.2153,18.315201
1688357497,274.9549397,-74.84870774,0.28950399,,19.631599,18.848301
1688357524,275.0045978,-74.83073915,0.141872,,19.7806,18.893299
1688357525,274.924735,-74.83384587,0.242668,,19.306,18.621
1688357526,274.9321024,-74.83317346,0.47066501,,18.4835,17.6563
1688357651,275.1966229,-74.77884569,0.25098199,,19.652399,18.7297
1688357961,274.946979,-74.74871126,0.43706599,,19.026199,18.1507
1688358081,275.1055635,-74.65499151,0.229709,,18.9042,17.9657
1688359168,275.029907,-74.62137286,-0.28276601,,19.848301,18.979401
1688359242,274.963286,-74.61446196,0.68404901,,19.128401,18.246099
1688359243,275.0768295,-74.59837368,-0.42155901,,19.705601,18.820601
1688359697,275.1823882,-74.45081442,0.18335401,,18.7166,17.894501
1688388910,274.9325752,-74.40304546,-0.310123,,19.7778,19.009199
1688388915,275.0018321,-74.39383569,-0.090893902,,19.441401,18.487499
1688388962,275.0695697,-74.36525656,-0.0046044602,,19.642,18.6693
1688389283,275.1880151,-74.30952823,0.50676501,,19.6719,18.7124
1688390901,275.0453516,-74.16060681,-0.0106552,,18.5704,17.8689
1688391027,274.9644537,-74.0979823,-0.017288901,,20.514299,19.5347
1688391033,275.0019426,-74.08475146,0.0046994202,,20.0795,19.0994
1688391035,275.089383,-74.08566517,0.59020299,,19.564699,18.610001
1688391039,275.1693218,-74.0732312,0.14008801,,19.7892,18.943001
1688391042,275.0891048,-74.0659534,-0.25336,,20.6651,19.7425
1688391043,275.0776666,-74.07835015,0.16935199,,18.956301,18.126101
1688395665,275.0401093,-74.07047718,0.41565099,,20.4391,19.5084
1688304345,275.5826087,-75.99807579,-0.057904601,,19.7941,18.9146
1688324482,275.3434769,-75.88034838,0.72546202,,19.7719,18.803301
1688324837,275.4292277,-75.80400189,-0.074683398,,20.150101,19.181601
1688326012,275.3444787,-75.70163134,0.29073301,,20.0198,19.1038
1688326016,275.3320294,-75.69354057,0.205329,,19.288601,18.316799
1688326368,275.3350994,-75.61578872,0.048462801,,19.8561,19.061199
1688326440,275.4406385,-75.57561227,0.45435801,,19.2866,18.2775
1688331005,275.3378892,-75.46250312,0.236177,,19.4491,18.5886
1688331152,275.4879104,-75.36567811,0.15469401,,19.9571,19.1089
1688331153,275.5352742,-75.3775511,0.184236,,20.1551,19.169399
1688332153,275.3289917,-75.35083597,0.58962899,,18.694799,17.6987
1688332266,275.3380895,-75.30517183,0.28413299,,18.9217,17.927099
1688332652,275.5497704,-75.18482734,0.407745,,19.006901,18.099001
1688332673,275.5346941,-75.17055799,0.148434,,19.585501,18.6514
1688350968,275.3234475,-75.15252555,-1.0503401,,20.2666,19.364201
1688351359,275.3405113,-75.07074831,0.0414024,,19.326099,18.383101
1688351432,275.3581012,-75.02425408,0.037555899,,19.481501,18.6621
1688351441,275.386516,-75.01540281,-0.565256,,19.9771,19.066799
1688352551,275.4127077,-74.97161095,0.212632,,19.3878,18.4475
1688352662,275.4278521,-74.91250908,0.25761199,,19.8048,18.9041
1688353274,275.5727585,-74.86760422,0.39579701,,18.352501,17.495501
1688353277,275.6312624,-74.86993207,0.329032,,19.9512,18.986799
1688357569,275.3645901,-74.77713895,0.44503999,,19.480301,18.526501
1688358553,275.6077169,-74.64734754,-0.0522824,,19.6469,18.701099
1688358672,275.4286581,-74.61258759,0.150087,,18.794901,17.9359
1688358673,275.4803084,-74.60278621,0.0478343,,19.6819,18.771
1688358675,275.4133092,-74.59461785,-0.029921001,,19.2819,18.4228
1688359752,275.4360112,-74.55158246,-0.38120699,,20.0786,19.1873
1688359754,275.4634535,-74.54162704,0.124096,,20.025999,19.0811
1688359755,275.4482826,-74.54850731,0.22111601,,19.5058,18.618099
1688359762,275.5441286,-74.54017845,0.49972701,,19.707199,18.8125
1688360160,275.4372277,-74.46233942,-0.54449099,,20.2314,19.3036
1688360166,275.3988765,-74.45847246,0.31811199,,19.817101,18.9123
1688360168,275.4114669,-74.44825916,0.026319301,,19.739401,18.932899
1688360254,275.3916912,-74.42341068,0.45786899,,19.493299,18.654301
1688389490,275.4911122,-74.33336703,0.281712,,18.9828,18.0942
1688389528,275.5777794,-74.30966803,0.314004,,19.188499,18.235201
1688389529,275.5772179,-74.30779521,0.0832242,,18.84,18.067699
1688389836,275.5348078,-74.26808762,0.070042402,,19.192499,18.328899
1688389933,275.3889218,-74.22052896,-0.103041,,19.537001,18.5793
1688391072,275.4240729,-74.19022181,0.121009,,20.3202,19.348
1688391102,275.373574,-74.15988686,-0.13211399,,20.3447,19.3981
1688391111,275.5056412,-74.17073459,-0.402017,,19.756901,18.789101
1688391152,275.6232773,-74.13132007,0.30656001,,18.939501,17.9865
1688391200,275.3554565,-74.12060685,0.18236101,,19.177299,18.440399
1688391203,275.3883143,-74.11632745,-0.170121,,19.845301,18.923201
1688391485,275.3997472,-74.0929506,0.42305899,,19.8585,18.910801
1688391646,275.4773452,-74.00726876,-0.053784002,,19.9974,19.110901
1688391650,275.4482052,-74.00967841,0.39167699,,18.8256,17.8941
1688391651,275.4407886,-74.00898418,-0.51824099,,19.766399,18.9011
1688326311,275.6739636,-75.61929291,0.36676201,,19.5515,18.698099
1688326945,275.7528856,-75.52309976,0.249788,,19.087299,18.118401
1688326949,275.8546878,-75.51983583,-0.180085,,19.3193,18.580601
1688353888,276.0652218,-74.67427512,-0.53474802,,19.6154,18.682199
1688353890,276.140162,-74.66269205,0.136134,,19.9149,18.922199
1688353892,276.2549878,-74.68056339,-0.088601902,,19.9816,19.073999
1688360085,276.1436038,-74.39026914,0.32049,,19.1154,18.2188
1688305015,276.3737528,-75.83263791,0.12939499,,20.0049,19.1355
1688325649,276.5131754,-75.60313963,0.261601,,20.323799,19.3652
1688353796,276.373715,-74.71108847,0.13917001,,20.4443,19.5084
1688353798,276.4034836,-74.70290963,0.46338099,,19.4314,18.4666
1688303718,276.9616913,-75.92386795,0.103728,,19.667601,18.729799
1688303719,276.9986056,-75.91640593,-0.075782001,,19.8242,18.889
1688307389,277.1404891,-75.68924442,-0.01174,,19.764799,18.7603
1688328920,276.9383673,-75.45556328,0.348212,,19.1535,18.1929
1688333600,276.8924526,-75.24557927,-0.973566,,19.982201,19.0205
1688334036,276.9016911,-75.1372611,0.28669301,,19.723499,18.759199
1688354033,276.8865938,-74.88955545,0.31036401,,18.967501,18.0326
1688362961,276.9280192,-74.13417209,-0.0248516,,19.2808,18.4653
1688327591,277.0699381,-75.57537667,0.234097,,19.7861,18.825199
1688354563,276.9018157,-74.7480278,0.383154,,19.204599,18.346901
1688362941,276.9444172,-74.13704674,0.039001402,,19.569401,18.712999
1688362943,276.9296965,-74.13555686,0.32555199,,19.565599,18.7672
1688325622,276.5210064,-75.61860737,0.164433,,18.691601,17.7199
1688331840,276.4203373,-75.23532457,-0.0125548,,18.7661,17.895201
1688353919,276.2000811,-74.6637323,-0.067878202,,17.812401,17.3839
1688304566,276.4595915,-75.96189034,0.023327401,,18.518801,17.736601
1688353911,276.347309,-74.65365001,0.015202,,19.1686,18.242701
1688362203,276.3764085,-74.40168601,0.151113,,17.4622,16.614201
1688325010,276.1886985,-75.78592618,-0.017789399,,19.3256,18.3915
1688332883,276.391852,-75.18423771,0.673841,,19.6003,18.650299
1688360118,276.22945,-74.35745165,-0.123479,,19.821501,18.909401
1688362204,276.4100647,-74.39583298,-0.030009,,19.8505,18.9245
1688362206,276.4491923,-74.38462923,-0.17016999,,19.947599,19.0154
1688391960,276.377352,-74.15398906,0.37422401,,18.144199,17.3533
1688351727,276.3868804,-74.97903186,0.0015387801,,19.0525,18.1092
1688352250,276.3836784,-74.82108784,0.123341,,18.203699,17.4604
1688358808,276.3206713,-74.52402592,0.100636,,18.5693,17.5735
1688325121,276.2177761,-75.73953856,0.125192,,18.5917,17.5982
1688392430,276.4067978,-74.02950454,0.151292,,18.6635,17.8041
1688325004,276.2380521,-75.79301733,-0.116177,,19.8878,18.8906
1688353810,276.3167497,-74.69792601,0.39006901,,18.5534,17.643499
1688353811,276.2828358,-74.69568684,0.0709766,,20.011299,19.100599
1688353833,276.3984663,-74.67401149,-0.72115898,,20.309,19.4907
1688361095,276.4950502,-74.39351113,0.22144701,,18.9167,18.125601
1688392403,276.4308322,-74.04872124,0.24779899,,18.869301,18.0513
1688304638,276.2158072,-75.9540577,0.115207,,19.938999,18.920099
1688326741,276.4594139,-75.53835072,0.478636,,19.773399,18.9027
1688327126,276.274799,-75.44737881,0.28111899,,19.6591,18.7097
1688327131,276.3159642,-75.43597174,0.231765,,19.2227,18.331499
1688332914,276.5327526,-75.17355255,0.27981699,,18.927999,17.983101
1688332915,276.4297428,-75.18519196,-1.0011899,,20.044399,19.1481
1688352232,276.464956,-74.84131697,0.020511299,,19.4249,18.604601
1688362297,276.3649842,-74.350948,-0.56795102,,20.631701,19.7075
1688362303,276.4109397,-74.33927221,0.092015199,,20.032101,19.2239
343951723,276.6797335,-75.28965354,2.9081399,,10.7697,10.2356
140896817,76.73849047,-75.27233606,1.71456,,12.2298,11.4371
140896103,76.63080476,-74.75682109,1.3315901,,13.6236,12.8205
343945217,276.5515054,-75.928651,1.10681,,14.9743,13.9483
343945303,276.6233243,-75.81500113,0.93310899,,14.8886,13.9871
343945533,276.3175063,-75.49602649,0.99648899,,15.1547,14.1802
343945534,276.623762,-75.49308523,0.85996503,,15.3965,14.4208
343997069,277.1854663,-75.51904514,0.675883,,15.337,14.4124
343951226,276.7751906,-74.65191092,0.653763,,14.0681,13.1429
343997457,277.0788372,-74.97274986,0.78652698,,15.6262,14.7887
343997462,277.3778872,-74.9659798,0.72914398,,15.0818,14.2067
343946215,276.6296769,-74.57252156,0.463902,,15.7952,14.9218
343950899,276.8236483,-74.27696592,0.94289201,,14.2666,13.4663
343951046,276.7252528,-74.43946858,0.67164803,,16.0306,15.054
343997065,277.126976,-75.52402256,0.39250699,,15.9796,15.0021
343997458,277.1936469,-74.97183571,0.57918698,,16.013,15.0794
343945297,276.304213,-75.819994,0.194591,,18.6383,17.624399
343951389,276.8223902,-74.86191054,0.392472,,17.9688,17.062599
343945541,276.2563107,-75.48683205,0.28544101,,17.212299,16.230801
343946016,276.4272453,-74.8386901,0.37913099,,16.8627,15.8865
343951727,277.0096793,-75.2932945,0.584988,,16.6733,15.7403
343997460,277.162147,-74.97127109,0.338397,,17.137899,16.172899
140901125,77.17994786,-75.22143601,0.347886,,16.976801,16.0993
343945764,276.3962433,-75.17758552,0.41730499,,17.4895,16.5249
343945979,276.5212776,-74.88712494,0.30169201,,18.2967,17.313299
343946591,276.502183,-74.12337807,0.20355,,17.7922,16.92
343951630,276.8710336,-75.17246848,0.069970697,,18.038099,17.084499
343951632,276.9785796,-75.17455965,0.32679999,,17.903799,16.945299
343945462,276.3471185,-75.5832152,0.086548299,,17.883301,16.9258
343950900,276.6946029,-74.2772466,0.31544,,17.898399,16.940201
343997062,276.9620856,-75.52557855,0.24872699,,18.3822,17.419399
343997070,277.0554607,-75.51837996,0.247363,,18.0958,17.123301
343997117,277.0511672,-75.4470401,0.068996601,,17.425699,16.437599
343997673,277.1539368,-74.6749463,0.281432,,17.701,16.7596
140895407,76.79374637,-74.26218909,0.29228801,,17.5306,16.604
140900958,76.99628041,-75.31813622,0.165332,,17.828199,17.0403
140901119,76.90428343,-75.22706512,0.27852499,,17.4258,16.535101
343951175,276.7686115,-74.56927743,0.30079401,,18.024799,17.044701
343945782,276.6139304,-75.15856171,0.39063901,,18.1203,17.1579
140895058,76.49586596,-74.03713609,0.051445901,,18.3039,17.385599
1688351733,276.4167499,-74.96171818,0.21515,,19.091499,18.1022
1688361054,276.4276288,-74.44686801,-0.0041787401,,19.0653,18.1422
1688392444,276.4268925,-74.00846225,0.146525,,19.1661,18.211901
1688331446,276.6514203,-75.32236186,0.176202,,18.6868,17.7743
1688331448,276.6896073,-75.31537678,-0.16422001,,19.083401,18.1486
1688360995,276.4449676,-74.47037887,0.30873799,,18.263201,17.276199
1688325601,276.7563795,-75.59280156,0.0249139,,18.518499,17.5781
1688335125,276.7939404,-75.1254716,-0.109878,,18.660601,17.816
1688356134,276.9364713,-74.5783188,-0.029366801,,18.502701,17.725599
1688362523,277.0113425,-74.24038312,0.19007599,,19.0147,18.0424
1688392197,276.9051149,-74.05234715,0.0534143,,18.240299,17.351299
1688354214,277.2662307,-74.80375139,0.20189799,,18.3916,17.435499
1688361239,277.3407685,-74.30911509,0.137227,,18.593,17.709101
1688325265,276.5706665,-75.68504692,0.25835299,,19.7013,18.783199
1688327180,276.5676374,-75.38207792,-0.23246001,,19.585899,18.6164
1688331909,276.5052926,-75.19316059,-0.080048598,,19.957701,19.008101
1688360585,276.4425416,-74.56242583,0.53963202,,18.1814,17.186399
1688361059,276.4228531,-74.44191004,0.32547101,,19.567699,18.618299
1688352173,276.0370936,-74.89993746,0.33797199,,19.143,18.1943
1688354521,276.5420451,-74.78562614,0.063371301,,19.360001,18.4387
1688360974,276.4484073,-74.48948943,0.34726501,,19.049601,18.175699
1688360975,276.4846199,-74.48290004,0.408135,,19.4217,18.526899
1688333924,276.724774,-75.21861183,0.408694,,19.143299,18.178101
1688335126,276.834822,-75.12039043,-0.61769199,,19.7279,18.7873
1688306931,277.2584407,-75.82049255,-0.31293699,,19.805099,18.928499
1688307034,277.2909846,-75.79253773,0.329557,,19.3381,18.3829
1688360950,277.2372167,-74.37142975,-0.57346499,,20.4639,19.5732
343945412,276.3520803,-75.65101086,0.29830599,,16.300699,15.3465
343945695,276.527775,-75.27672437,0.46024099,,15.9599,15.0655
343945876,276.4547237,-75.0403651,1.0260299,,14.4997,13.6184
343945872,276.323066,-75.04585071,0.243451,,18.0021,17.1031
343945696,276.5186148,-75.27651297,0.062187102,,18.517599,17.5432
343945699,276.4205955,-75.27398263,0.164481,,17.737801,16.752399
140895846,76.80254703,-74.58350534,0.47370899,,18.3325,17.428699
343886711,276.2176006,-74.7739396,0.42496699,,18.067499,17.1744
1688324984,276.2236162,-75.80522609,0.36136001,,18.641701,17.6492
1688325500,276.1412302,-75.65023032,-0.29400501,,19.8053,18.84
1688352073,276.2668566,-74.92633033,0.57913101,,18.647499,17.757
1688325270,276.5612782,-75.673052,0.35532099,,19.5728,18.7297
1688331816,276.5672169,-75.24058645,-0.13993099,,19.830299,19.031
343886914,275.9522062,-74.99273408,0.293026,,17.456301,16.4631
343887540,276.2288215,-75.7204868,0.35852,,17.8295,16.919399
1688325271,276.5787017,-75.67162698,0.106252,,18.7313,17.8319
1688332948,276.560136,-75.13505032,0.00174756,,18.8596,17.891899
1688354384,276.5424325,-74.87162326,0.49682099,,15.688,14.8739
1688354389,276.598119,-74.85444542,-0.061287399,,18.4879,17.4977
1688332917,276.4289267,-75.17594573,-0.37634999,,19.184601,18.2132
343887192,275.9241177,-75.30134514,0.67066503,,15.1618,14.2588
467904439,275.6691779,-74.90355811,3.0065501,,12.4857,11.667
343887225,276.1674623,-75.33901654,1.16509,,13.6743,12.7743
343887250,276.0106557,-75.37937121,1.47291,,12.7867,11.9278
343887479,276.0118951,-75.65019842,0.46462801,,16.2521,15.268
343887734,276.094322,-75.97361547,0.63220298,,15.7718,14.7273
467904812,275.7207934,-74.35750176,0.29035899,,16.511,15.5911
343886451,276.0514362,-74.46915815,0.36773899,,15.6268,14.8066
467904781,275.8260827,-74.39674016,0.54533899,,16.718901,15.7584
343887448,276.0598272,-75.60635519,0.30869099,,16.4275,15.4566
467904785,275.7190038,-74.3936473,0.26840001,,17.2127,16.233601
467904814,275.7897374,-74.35671903,0.34786999,,17.0418,16.083599
467905007,275.8465042,-74.11700323,0.35394701,,17.679701,16.7169
343886128,276.0828686,-74.1263301,0.35216999,,16.841101,15.8718
343887052,275.9422667,-75.15235673,0.481379,,18.2153,17.230801
343887223,275.9381447,-75.33387702,0.239953,,16.965401,16.056801
343887341,276.2441978,-75.48696032,0.30119899,,18.0021,17.045401
343887514,275.8644229,-75.6891105,0.237253,,17.3591,16.344801
343887688,276.2266016,-75.92298361,0.36438,,17.3097,16.2752
467903754,275.5102503,-75.92677709,0.070535898,,17.6467,16.6537
1688304382,275.6655767,-75.98368314,0.23693199,,18.571301,17.605
1688304388,275.7240303,-75.97268927,0.21500701,,18.3967,17.3934
1688331624,275.7027461,-75.36791474,-0.074795,,18.079399,17.0819
1688333062,275.6819647,-75.23153794,0.165942,,18.693399,17.805099
1688333233,275.7356796,-75.12590936,0.20589399,,18.4058,17.514
1688391262,275.8128014,-74.12211146,0.312473,,18.332001,17.4156
1688360451,276.0228885,-74.32288094,0.195502,,18.0093,17.0837
1688389733,276.0239034,-74.23188971,0.15121201,,18.8195,17.870899
1688390163,275.8629444,-74.12230358,-0.046250802,,18.991301,18.0951
1688353964,276.810673,-74.92956865,-0.30159301,,19.106701,18.1565
1688333097,275.7006379,-75.1893533,-0.49214301,,19.5569,18.591999
1688360191,275.616534,-74.43445777,-0.18514299,,19.606199,18.617001
1688353520,275.5143913,-74.86193498,-0.015751399,,19.261101,18.293301
1688304481,275.7499004,-75.91152011,0.55059099,,19.0511,18.0818
1688324520,275.5832996,-75.85727151,0.056353401,,19.3794,18.4111
1688324803,275.7556135,-75.7856352,-0.044450302,,19.056601,18.1707
1688326062,275.6468018,-75.64237704,-0.22695801,,19.471001,18.6241
1688326568,275.8437795,-75.61691811,-0.72152501,,20.5285,19.582399
1688333064,275.6003217,-75.22749332,0.11258,,18.949499,18.0646
1688351851,275.5627932,-75.04377015,0.112722,,19.3645,18.368999
1688351854,275.6275312,-75.02841471,0.019435801,,19.2568,18.295
1688358588,275.6712429,-74.64372313,0.38450399,,18.243299,17.351601
1688390099,275.9914303,-74.14369229,0.58474803,,19.677099,18.767099
1688304721,276.8498369,-75.91963282,-0.42243201,,20.2222,19.352301
1688304723,276.8025775,-75.91287965,0.032518499,,19.503901,18.505501
1688325203,276.8360026,-75.72171443,-0.43379501,,20.212299,19.344299
1688353974,276.701771,-74.92624339,-0.038604598,,19.3671,18.6126
1688360620,276.9002849,-74.5067603,-0.00174609,,20.214701,19.3773
1688360742,276.7419853,-74.46319695,0.40074599,,18.8274,17.832899
292748280,274.8734957,-75.49107892,6.7950501,,11.6065,10.7326
292748304,275.006334,-75.52225817,1.08262,,13.8231,12.8031
292748486,275.0187215,-75.71372333,1.51232,,13.5859,12.732
343951541,276.8821468,-75.05882016,0.96258301,,13.1328,12.4056
292747749,274.7436893,-74.97831638,0.50810599,,16.718,15.7771
292748208,274.7378663,-75.4132578,0.56496102,,16.636299,15.6086
343951874,276.7161443,-75.49659138,0.80813402,,14.2461,13.3002
292748126,274.7378843,-75.34241959,0.48536101,,15.8203,14.8138
292748446,274.9645782,-75.68225581,0.369874,,16.9366,15.9586
343951818,276.8032781,-75.41470717,0.743581,,15.386,14.4506
292748536,274.95646,-75.766136,0.71799099,,15.5486,14.5609
292747835,274.7977273,-75.07346159,0.63705897,,15.0283,14.0682
292747867,274.9423995,-75.09731905,0.49875501,,15.7825,14.855
292748122,274.9712101,-75.33915616,0.65909398,,14.8576,13.9981
292748361,274.7203366,-75.58568513,0.52282298,,15.5998,14.6485
292748577,274.9982593,-75.80778805,0.47283399,,15.761,14.8222
343887631,276.0047247,-75.86124131,0.70637798,,15.421,14.4242
343887634,276.104226,-75.86431866,1.38134,,14.2333,13.2493
343887669,276.2123153,-75.91020942,0.99395102,,14.2457,13.322
343887376,275.910154,-75.52030125,1.05144,,14.0279,13.1624
343951460,276.8680355,-74.94247311,0.56329501,,15.9517,14.9796
343951880,276.9136387,-75.50718558,0.79626602,,15.0635,14.1426
343952111,276.6440698,-75.83054373,1.01727,,15.037,14.0723
292705796,274.9307689,-74.05604251,1.0305099,,14.5159,13.6998
292747391,274.7057272,-74.62791697,1.13135,,14.3333,13.4883
343951879,276.8186549,-75.50567442,0.28941199,,17.203501,16.2484
292705960,275.0057013,-74.20735686,0.344116,,17.033199,16.058201
292706030,275.0041748,-74.26229663,0.599307,,16.3696,15.4069
292706067,275.0314719,-74.29760886,0.34891599,,16.6758,15.7194
292747258,274.7501654,-74.48463724,0.22661,,16.8004,15.8324
292747316,274.8698994,-74.55431277,0.91568601,,15.4576,14.5209
292747527,274.9874029,-74.76706126,0.164579,,16.147699,15.3227
292747825,274.7124903,-75.06567894,0.52762997,,16.3081,15.3893
343946382,276.2888396,-74.38342387,0.60941499,,15.7362,14.7903
343946374,276.4658678,-74.39260379,0.37851399,,16.3423,15.3938
292705970,275.0425201,-74.21468769,0.104289,,15.3843,14.5214
292747838,274.9197841,-75.07493648,0.20335101,,16.912001,15.934
292748621,275.0422721,-75.86062106,0.34580499,,17.972099,16.9972
343951587,276.9572307,-75.12441293,0.176158,,17.558901,16.7197
292706118,274.6893357,-74.34634603,0.44468501,,16.9083,15.9425
292747394,274.8982938,-74.62950606,0.46712601,,17.0882,16.1595
292748564,275.0722042,-75.79343739,0.39019501,,16.877001,15.9227
343886189,276.1451158,-74.19499629,0.24783,,17.549601,16.6096
343946164,276.4300948,-74.63639032,0.32655799,,17.130899,16.136299
343946586,276.5852447,-74.12933763,0.29093999,,17.494301,16.563
292748457,274.9353839,-75.69018764,0.035354499,,18.272699,17.429001
343887119,275.993656,-75.2267812,0.113315,,18.209101,17.2997
292748392,274.7583263,-75.61615104,0.19591901,,18.34,17.365801
343886921,276.1401848,-74.99706018,0.172647,,18.383699,17.403999
343886925,276.0034867,-75.00243225,0.278056,,18.437599,17.438999
343886926,276.235501,-75.00333102,0.205529,,18.665899,17.6831
292705986,274.7528309,-74.2238688,0.284159,,18.209,17.2666
292747336,274.9645294,-74.5679871,0.089116603,,18.171101,17.2311
292747609,274.896133,-74.84465921,0.181731,,18.0058,17.101801
292747731,274.8974886,-74.9610355,0.215297,,17.4468,16.5341
292748103,274.8005088,-75.31198178,0.30621701,,17.5732,16.5723
292748619,274.7776461,-75.85802973,0.396844,,18.016899,17.072599
343886182,276.0959947,-74.18771645,0.0594026,,18.049,17.1926
343886183,276.0339491,-74.18785552,0.211243,,18.125799,17.1702
343887123,276.0743031,-75.23385791,0.38828301,,17.560101,16.5872
343946157,276.2886645,-74.6449695,0.34941101,,17.918699,16.923599
343946159,276.4985168,-74.642362,0.162882,,18.264999,17.2906
343946381,276.4427192,-74.38455642,0.123936,,17.550699,16.5793
343951533,276.6535629,-75.05012318,0.047728799,,17.8475,16.9041
343951540,277.0180371,-75.05632704,-0.0236225,,18.1759,17.2132
343951878,276.9322896,-75.50303491,0.052826501,,17.9464,17.109699
292748550,274.8539387,-75.782284,0.47478399,,18.551001,17.5679
343951943,276.9853204,-75.59407127,0.52759099,,18.3531,17.3839
292705742,275.0660907,-74.00902641,0.386305,,17.7064,16.728399
292748302,274.7208254,-75.51376073,0.32089701,,17.364799,16.360399
343951463,277.0206633,-74.9457908,0.336409,,17.472799,16.5805
343887116,276.1480901,-75.22397704,-0.039350901,,17.9744,17.0319
1688332540,275.2224989,-75.27294756,0.310554,,18.797501,17.7906
1688350893,275.0925074,-75.22320154,0.17189801,,18.724001,17.744699
1688357511,275.0837002,-74.82481982,0.122976,,18.549101,17.662701
1688359300,275.1668979,-74.5567865,0.195513,,18.227699,17.2931
1688389370,275.1172026,-74.27856298,0.049714599,,18.750999,17.8277
1688390630,275.1611117,-74.15485532,0.069144599,,18.478001,17.513901
1688391049,275.2744481,-74.21868916,0.19111501,,18.435801,17.4676
1688395676,275.0692106,-74.054167,-0.20176101,,18.764799,17.8962
1688395700,275.0668358,-74.03828664,0.051699601,,18.4788,17.6607
1688332248,275.4506845,-75.3018726,-0.13339099,,18.610701,17.646601
1688353087,275.4254146,-74.8265232,-0.091944501,,18.711,17.762501
1688353119,275.4933896,-74.96551922,0.171666,,18.572701,17.7281
1688357679,275.142925,-74.75455558,0.093342602,,18.528601,17.6472
1688360262,275.298163,-74.42149102,0.23388401,,18.8339,17.8713
1688360264,275.4139653,-74.40191675,0.18165299,,18.4573,17.484501
1688389413,275.3052117,-74.36829252,0.155867,,18.4506,17.553801
1688391163,275.2294538,-74.18161945,0.20566399,,18.5425,17.565901
1688391190,275.216215,-74.14119104,-0.0685433,,18.512899,17.559401
1688391479,275.3026027,-74.1043835,0.258551,,18.763599,17.8155
1688389859,275.5621498,-74.24144413,0.176183,,18.821699,17.8734
1688391568,275.6123133,-74.03519462,0.056340698,,18.246,17.35
1688391662,275.7127878,-74.04104676,0.34812,,18.5051,17.5418
1688354574,276.8788924,-74.74337031,0.100354,,18.6696,17.7227
1688352637,275.2188243,-74.9635828,-0.071562096,,18.9727,18.0742
1688358013,275.1757984,-74.69821603,-0.067487299,,18.8069,17.9298
1688351375,275.4604597,-75.03808561,-0.108542,,18.792999,17.9062
1688389543,275.7413907,-74.28411927,0.108695,,18.771999,17.8713
1688326223,274.9707497,-75.67386967,-0.0168455,,18.9958,18.0065
1688391524,275.4321513,-74.05303873,-0.112241,,19.2642,18.341499
1688331884,276.6112728,-75.20649441,0.13353699,,18.9657,17.996099
1688392459,276.6289203,-74.00695385,-0.058951501,,19.332399,18.407
1688353065,275.1284221,-74.84226559,-0.61857897,,19.7173,18.744699
1688357513,275.1183293,-74.82403775,-0.672831,,19.641001,18.7027
1688389243,275.0342801,-74.3552047,-0.87851501,,19.3729,18.4396
1688331125,275.4551649,-75.396698,-0.51026398,,19.4464,18.445499
1688390531,275.1073539,-74.22058296,-0.146231,,19.2687,18.3048
1688332626,275.2412834,-75.23333998,0.0117452,,19.1852,18.2001
1688332587,275.441372,-75.23633505,-0.13232701,,19.3778,18.3988
1688324617,275.059752,-75.89936141,-0.29999399,,19.4464,18.5158
1688324623,275.1811801,-75.88152948,-0.032561898,,19.8766,19.0944
1688324631,275.2060431,-75.86564588,-0.69109702,,19.9459,18.9744
1688324703,275.1248547,-75.84494524,0.29302099,,19.117701,18.1793
1688324731,275.3014589,-75.87588098,-0.50798601,,19.8908,19.0376
1688325804,275.0886623,-75.79907284,0.41960499,,19.944901,19.035601
1688325863,275.0337417,-75.76860166,0.22991,,19.537701,18.741199
1688325867,275.0946437,-75.77047279,0.31535199,,19.567801,18.619101
1688332117,275.1383549,-75.42101224,0.128234,,19.386101,18.375401
1688332505,275.1303482,-75.31809072,-0.22401799,,19.8862,18.895201
1688332507,275.1751441,-75.3100751,0.053550899,,19.5889,18.652399
1688332512,275.1637563,-75.30993433,-0.289814,,20.022301,19.0481
1688332621,275.1593119,-75.23695245,0.495767,,19.382299,18.393299
1688351008,275.2695376,-75.15607055,0.29443601,,19.037901,18.062099
1688351288,275.2360439,-75.10497259,0.092107803,,20.3255,19.383801
1688351395,275.0405657,-75.06764489,-0.38935199,,19.4804,18.6782
1688351399,275.0220824,-75.06433014,-0.040320899,,19.461,18.5333
1688352489,275.1203709,-75.03660744,-0.51534098,,19.232201,18.496099
1688352525,275.0962946,-74.9950877,0.33291501,,19.489401,18.638399
1688352957,275.126561,-74.90749511,0.66877902,,19.847099,18.882601
1688352959,275.155797,-74.90150482,0.166033,,19.186399,18.2628
1688353047,274.969833,-74.887306,0.25323501,,18.9478,17.9904
1688353072,275.2677029,-74.85568361,0.27146301,,18.9751,18.011999
1688357510,275.0402485,-74.84348953,-0.300924,,19.607,18.8246
1688358093,275.2257715,-74.65739526,0.38503999,,18.574699,17.647699
1688359206,275.3126821,-74.58210205,0.47413599,,19.6649,18.837099
1688359302,275.1981306,-74.54836757,0.37616599,,18.496799,17.582001
1688359321,275.275628,-74.53094287,0.71867698,,19.659599,18.679701
1688359589,275.2568129,-74.50869601,0.278779,,19.1112,18.1443
1688359590,275.2499112,-74.50892961,0.34514201,,20.177,19.239401
1688359671,275.2584706,-74.46801692,0.34558499,,18.672899,17.8083
1688389246,275.0991688,-74.33990496,-0.297436,,19.2644,18.3783
1688389269,275.1153637,-74.31089728,-0.064479902,,19.473801,18.565599
1688389362,275.0864392,-74.28045305,-0.086436398,,19.636,18.836
1688390917,275.1935035,-74.12110732,-0.120798,,19.312799,18.4314
1688390941,275.1601048,-74.11915937,0.0290464,,19.905199,18.9974
1688390943,275.1029079,-74.12006284,-0.514651,,19.9112,19.1607
1688390936,275.1043856,-74.12799404,0.53497499,,19.3029,18.350901
1688391017,275.1694491,-74.08509096,0.27170601,,19.705299,18.832001
1688395677,275.1006265,-74.04181176,0.050493699,,20.4177,19.476801
1688396304,275.250008,-74.00344944,0.28744999,,19.2087,18.329201
1688332132,275.1473468,-75.39686418,0.183754,,19.2915,18.2658
1688332186,275.4131463,-75.33188482,-0.330731,,19.6765,18.766899
1688332212,275.3175404,-75.34035336,0.29745701,,19.941601,18.943001
1688332230,275.2522214,-75.3267104,0.487692,,20.143801,19.167101
1688332233,275.3025166,-75.31152732,0.239509,,19.771299,18.9244
1688332256,275.5771161,-75.29061369,-0.41799799,,20.0502,19.1091
1688332655,275.3235937,-75.2180219,0.26986799,,18.979601,18.0135
1688350943,275.4799816,-75.16598662,-0.0855285,,19.3916,18.5296
1688351031,275.1388426,-75.14292487,-0.48697099,,20.076401,19.136999
1688351070,275.4124526,-75.09864307,0.44086099,,19.771299,18.821699
1688351449,275.2552017,-75.02078871,0.077890702,,17.896799,17.359501
1688352536,275.2857635,-74.98683243,-0.288385,,20.01,19.1726
1688352540,275.3428482,-74.97866965,0.33606699,,19.489,18.5826
1688352575,275.4279081,-74.94990716,0.34604099,,19.5791,18.714899
1688352680,275.2073466,-74.92875182,0.47131199,,19.6521,18.805799
1688352980,275.2336342,-74.89965403,0.11017,,19.6057,18.636801
1688357557,275.3069504,-74.7984127,0.026897199,,19.209101,18.259501
1688357561,275.3815487,-74.79432204,0.42491099,,18.8836,18.0319
1688357993,275.1688843,-74.71391534,0.11567,,20.1684,19.2605
1688358130,275.3388655,-74.6099733,0.74831897,,19.040701,18.098
1688358133,275.5212268,-74.76053602,0.60052198,,19.8601,18.879299
1688358139,275.5643379,-74.75445502,-0.33061001,,19.462799,18.6877
1688359216,275.3045219,-74.57111872,0.360735,,19.200701,18.2745
1688359217,275.3375135,-74.5607321,0.230637,,20.1852,19.2073
1688359737,275.5685075,-74.55676406,0.130992,,19.7041,18.7432
1688359836,275.4334515,-74.52675334,-0.0108372,,19.523001,18.573
1688389486,275.3023428,-74.35551175,0.286221,,18.6831,17.8141
1688389823,275.3357602,-74.27142377,0.339634,,19.1775,18.206301
1688389893,275.3122201,-74.2599141,0.352786,,19.2369,18.2936
1688389912,275.2624343,-74.24373957,0.32304701,,19.619801,18.7176
1688391094,275.3147901,-74.17682752,0.26715401,,18.9674,18.052601
1688391089,275.2943941,-74.19117068,-0.59297001,,19.973,19.1824
1688389867,275.6413497,-74.21969117,0.63682002,,18.854401,17.9128
1688389958,275.659433,-74.19279271,0.215459,,19.2973,18.355301
1688391118,275.6624421,-74.1478402,0.075193502,,19.6849,18.7915
1688391139,275.4690442,-74.14644432,0.30301499,,19.762899,18.830999
1688391243,275.52261,-74.09111917,0.26637,,19.127501,18.1812
1688391244,275.5389782,-74.08994595,0.125139,,18.064899,17.5056
1688391228,275.6965612,-74.08776265,0.101931,,19.125799,18.2164
1688391231,275.6375052,-74.08496202,-0.31990299,,20.2054,19.3692
1688391251,275.6477873,-74.0741261,0.431573,,19.9727,19.032101
1688391532,275.4672512,-74.07601454,0.153556,,19.801001,18.9438
1688391624,275.5425196,-74.02750492,0.0652389,,19.9888,19.155899
1688325567,276.6175649,-75.6543881,-0.13302401,,19.290501,18.421801
1688333375,276.5610406,-75.04053371,0.0610919,,19.636,18.6877
1688361007,276.7339141,-74.43702309,0.122122,,19.313999,18.3941
1688334034,276.8472034,-75.14478137,0.038689099,,19.7953,18.933901
1688355701,276.7533318,-74.71049315,0.58423603,,19.8939,18.915501
1688355705,276.7479139,-74.70345823,0.23233099,,18.780899,17.907
1688355804,276.800088,-74.64550259,0.34120101,,19.9676,19.053499
140895317,76.62595502,-74.20549704,0.62808698,,16.0145,15.1026
343945417,276.4939205,-75.63993167,0.62316197,,16.324499,15.3824
343945885,276.5406074,-75.0318746,0.39507201,,16.9972,16.055401
343945773,276.5803584,-75.16823144,0.139708,,18.421301,17.4415
343945909,276.6380674,-74.9936992,0.0505649,,18.0277,17.0742
140895327,76.72797005,-74.20950442,0.24602,,17.5912,16.737499
140895325,76.49970464,-74.20911568,0.410943,,16.829599,15.9155
1688325173,276.600006,-75.73881375,0.222822,,18.508699,17.540701
1688392003,276.3288787,-74.13118232,0.035969201,,18.591299,17.803301
1688325308,276.8123063,-75.65162503,0.086926199,,18.596901,17.6399
1688325309,276.7818003,-75.65078317,0.094233699,,19.201599,18.2435
1688326701,276.7916532,-75.53102507,0.0174952,,19.093399,18.1457
1688354548,276.8601926,-74.76595581,-0.108685,,18.608101,17.638201
1688360652,276.8462191,-74.47853412,0.017427601,,18.487499,17.517099
1688360723,276.7850057,-74.48314627,0.133543,,18.794701,17.8057
1688392515,276.8648156,-74.01687208,0.39976299,,18.276899,17.312
1688356202,276.8133803,-74.56835186,0.157291,,18.0944,17.1472
1688361026,276.7862824,-74.41379275,0.188279,,18.3978,17.4863
1688362262,276.7284492,-74.32394086,0.29646799,,18.2493,17.3727
1688331468,276.2758356,-75.35141333,0.054377601,,18.830999,17.8776
1688354102,276.7753988,-74.84195601,-0.071273103,,19.3423,18.411301
343945420,276.5026668,-75.63630814,0.50628299,,18.2075,17.2244
1688332898,276.3330162,-75.1878881,-0.254612,,19.7404,18.8011
1688360030,276.2598571,-74.39676569,0.25889,,19.170099,18.2516
1688391864,276.3089624,-74.2212803,0.29242501,,19.076401,18.1931
1688392004,276.4103681,-74.13365868,0.129492,,19.5707,18.656601
1688303651,276.7159828,-75.98203637,-0.389539,,19.909599,18.9692
1688325674,276.7726657,-75.56741128,0.22712,,19.326099,18.5443
1688326703,276.7418812,-75.5193795,0.264808,,19.883499,18.974501
1688326708,276.570232,-75.53791127,0.134247,,20.020399,19.186501
1688327102,276.6755249,-75.40975412,0.33827499,,20.0033,19.1015
1688354103,276.7930424,-74.83767104,0.133081,,19.030899,18.143499
1688360648,276.8859394,-74.49121733,-0.136057,,18.7992,18.080299
1688362850,276.9585614,-74.16794225,0.128932,,19.319099,18.374901
1688304759,276.7729692,-75.89422972,-0.71331698,,20.201099,19.319599
1688325678,276.7932493,-75.56844094,-0.024899101,,19.760099,18.907101
1688325684,276.8275434,-75.55894865,-0.53361797,,20.5292,19.5658
1688327627,277.0156158,-75.55973084,-0.354579,,20.026199,19.1698
1688355815,276.8972673,-74.62255755,-0.31888101,,20.2974,19.352699
1688360630,276.7667093,-74.50422068,-0.866467,,19.9338,19.0149
1688362265,276.7171007,-74.33684352,-0.331204,,19.6861,18.815001
467903765,275.4729334,-75.91098429,2.2553101,,11.6191,10.8461
467903764,275.8306123,-75.91145013,2.27736,,12.3506,11.4522
467904336,275.665662,-75.06587698,1.51651,,13.2304,12.2616
467904711,275.7898647,-74.50053117,1.17722,,13.4455,12.5822
467904476,275.7352007,-74.8423603,0.85113901,,14.2864,13.3237
467904850,275.5061741,-74.3134586,1.0904599,,13.929,13.0088
467903706,275.4651987,-75.99247429,0.653534,,15.2139,14.2674
467903957,275.5146639,-75.59622839,0.32994699,,16.172501,15.279
467904281,275.7807656,-75.13677617,0.58218902,,16.024099,15.1067
467904424,275.7827965,-74.92404297,0.49751899,,15.4637,14.6475
467904377,275.5678768,-75.00842903,2.36901,,10.1115,9.2677002
467904389,275.5339276,-74.99308023,1.81935,,14.1381,13.1661
467904847,275.8239189,-74.31664305,0.97684699,,14.5715,13.7464
467904868,275.7842561,-74.2949198,0.96624899,,14.8168,13.8667
467904077,275.7226373,-75.43946372,0.26976299,,17.3755,16.389
467905027,275.6923379,-74.09325915,0.26256701,,17.468,16.5492
467905075,275.6616481,-74.03360508,0.38541001,,17.104,16.217699
467904921,275.846015,-74.22662107,0.166045,,16.322901,15.898
467903712,275.7932782,-75.98553125,0.33798,,15.693,14.7366
467904621,275.615951,-74.6403841,0.44835901,,16.145201,15.1727
467904594,275.5101813,-74.67510165,0.87213498,,15.3607,14.3771
467905022,275.576332,-74.09849013,0.457158,,16.196699,15.2726
467904037,275.5193772,-75.48480788,0.51256102,,16.4666,15.4642
467904207,275.5878271,-75.24520808,0.82441199,,15.1632,14.2104
467904335,275.666887,-75.0669916,0.43679199,,14.6136,13.8187
467904036,275.7675615,-75.48614203,0.375819,,17.452101,16.4851
467904379,275.7339834,-75.00553319,0.30926001,,18.0709,17.0893
467903769,275.5453609,-75.9018832,0.30425599,,17.535101,16.547899
467904910,275.4975574,-74.2364997,0.28941199,,16.958401,15.9859
467903983,275.8238792,-75.57033326,0.36348599,,18.252701,17.3293
467904160,275.760308,-75.32059308,0.195784,,18.4228,17.546801
467904177,275.5951253,-75.29212994,-0.00411902,,18.210699,17.220301
467904331,275.7282419,-75.07331458,0.16435,,17.9608,17.117599
467904380,275.8159954,-75.00496556,-0.085101403,,18.1609,17.179399
467904913,275.5882977,-74.23431296,0.070918001,,18.183701,17.2565
467903708,275.7002337,-75.99110168,0.293421,,17.587999,16.5952
467903713,275.5825642,-75.98441133,0.445025,,17.4484,16.5989
467903842,275.743387,-75.78940933,0.525774,,17.585501,16.5632
467904081,275.5509553,-75.43738194,0.351751,,17.739201,16.7959
467904082,275.4744783,-75.43433317,-0.0204079,,18.0592,17.121201
467904215,275.4812268,-75.23208021,0.35519201,,18.216101,17.219801
467904216,275.792917,-75.22588147,0.34237301,,17.4608,16.4823
467904419,275.4954764,-74.93696446,0.17661799,,17.8533,17.002899
467904423,275.4900512,-74.9304177,0.33982599,,17.6311,16.669201
467904851,275.7368909,-74.30989121,0.17551599,,17.507099,16.608101
467904852,275.63481,-74.30818248,0.28909999,,17.944901,17.025
467904905,275.498843,-74.24442149,0.198689,,17.7055,16.7311
467904033,275.557667,-75.49021136,0.362553,,17.6688,16.784
467904758,275.8300136,-74.43161752,0.313178,,17.7801,16.821699
467903912,275.4993,-75.67795394,0.212735,,17.759701,17.0026
467904332,275.5099662,-75.0728806,0.11894,,17.6353,16.6758
467904638,275.8407609,-74.61456147,0.223216,,17.763901,16.8326
467904715,275.7623717,-74.49823603,0.170173,,18.040701,17.063101
467904849,275.484693,-74.31493414,0.164342,,17.489201,17.004601
1688353143,275.5210336,-74.94041189,-0.0048759002,,18.7854,17.900499
1688361121,276.6910104,-74.38675022,0.227394,,18.583099,17.602301
1688335568,276.7944505,-75.02843159,0.152284,,18.624201,17.656099
1688351596,275.7345957,-75.03452134,-0.10048,,18.683399,17.680599
1688332932,276.6174094,-75.15178004,0.042543702,,18.813601,17.8592
1688304825,276.6886525,-75.85963225,-0.129106,,19.3437,18.3773
1688304370,275.635656,-75.99589069,-0.046845,,19.196199,18.2623
467904175,275.7961771,-75.2996409,0.46624401,,17.974701,17.0884
467904041,275.6540521,-75.47602975,0.518116,,18.167801,17.195999
1688326048,275.7132489,-75.64817226,-0.0478286,,19.5212,18.5434
1688324810,275.6262551,-75.80358158,0.028289899,,19.401501,18.4849
1688331571,275.7014128,-75.38576142,-0.024730699,,19.610701,18.8407
1688331575,275.7579053,-75.36910539,0.64409399,,18.826599,17.876801
1688331580,275.8344636,-75.36580358,0.42907599,,19.620899,18.782101
1688333087,275.8048816,-75.1953809,0.12685899,,19.797501,18.805599
1688358716,275.8498076,-74.54624957,-0.29545,,19.843,18.963301
1688362195,276.4533882,-74.39722129,-0.95139903,,20.142099,19.168699
1688304799,276.6335548,-75.8855514,0.31357101,,19.342699,18.339399
1688332937,276.6065384,-75.15204366,0.47721499,,19.1472,18.263901
1688332938,276.512786,-75.15662387,-0.72072703,,19.786699,18.8384
1688354412,276.6320948,-74.82908477,-0.115014,,19.856899,18.9988
1688354415,276.5768706,-74.83173166,0.283243,,19.0446,18.07
1688355763,276.6169503,-74.67370855,0.359402,,19.116199,18.160101
1688356159,276.4646584,-74.61598775,-0.123417,,19.912001,18.988199
1688305053,276.6026558,-75.85015406,-0.90861899,,19.913401,18.9438
1688353984,276.702699,-74.91744092,0.193396,,19.9744,19.1028
1688355767,276.711317,-74.65447258,0.060017299,,20.0007,19.0805
1688358315,275.8518137,-74.62858155,0.119251,,18.8738,17.9004
1688358642,275.8630386,-74.5656693,0.17612299,,18.7635,17.889299
1688360200,275.7729246,-74.42503147,0.057980999,,18.2698,17.2953
1688325386,276.2393896,-75.72408551,-0.0157886,,18.6348,17.7432
1688389665,276.1121628,-74.22031085,-0.17386501,,18.861099,17.943199
1688351997,275.7885493,-74.9450787,-0.077808999,,19.126699,18.1383
1688390109,276.2013665,-74.12385095,-0.116154,,19.305901,18.3797
1688331259,275.7648842,-75.44597081,0.17917199,,19.0476,18.062599
1688331222,276.1690472,-75.44260913,-0.045639198,,19.1474,18.208099
1688389672,276.2249439,-74.21200355,-0.193489,,19.4781,18.5488
1688353700,275.8744804,-74.75463457,0.113176,,19.610201,18.646099
1688360199,275.7319545,-74.43044725,0.170792,,19.1863,18.245399
1688331224,276.1597894,-75.43729957,0.244597,,19.048201,18.2089
1688352100,276.0701171,-74.91858828,-0.49369401,,20.0075,19.2642
1688358385,276.1293259,-74.62413485,0.56888598,,19.2304,18.2355
1688332979,276.2195383,-75.15008614,-0.47604501,,19.428801,18.484699
1688351660,276.2263688,-75.03261077,0.31217399,,19.6604,18.677299
1688389674,276.158264,-74.20942155,0.35536101,,18.7194,17.882
1688325390,276.2230847,-75.71470817,0.27349699,,19.5091,18.512199
1688325468,276.0630866,-75.6931457,-0.36437899,,20.474899,19.550699
1688333297,276.219014,-75.12489181,0.39567599,,19.3967,18.614401
1688333299,276.2059197,-75.12587794,-0.019254399,,19.3489,18.518299
1688390094,276.0523789,-74.15111889,-0.064928301,,19.4802,18.6607
1688390111,276.1342501,-74.12571411,-0.151996,,19.9879,19.061501
343886335,275.9897942,-74.34552928,0.84418303,,13.3845,12.5052
343886098,276.1494307,-74.08695514,0.1876,,17.5702,16.633699
343886106,275.9149021,-74.10106496,0.18374,,17.211201,16.2549
343886811,275.9650116,-74.87996851,0.46344301,,16.906099,16.1127
343886155,275.8558576,-74.15419537,0.28503701,,16.619499,15.8414
343886156,276.0495513,-74.15486518,0.66061699,,15.1946,14.2259
343886682,275.8723453,-74.73976355,0.57199502,,16.025,15.0569
343886353,275.9108812,-74.36055457,0.20365401,,17.1668,16.3451
343886808,275.9603866,-74.87655079,0.439917,,16.9125,15.9256
343886683,276.0285872,-74.74107809,0.122749,,18.216801,17.220699
343887138,275.8510026,-75.25072254,0.53259301,,18.219999,17.2339
343886482,276.0986431,-74.51694589,0.20807099,,16.948601,15.9997
343886636,275.9453554,-74.68992897,-0.036766998,,18.3552,17.4079
1688353751,276.011029,-74.75593829,-0.156478,,18.7561,17.8267
1688326491,275.9961338,-75.62307998,-0.055580702,,19.116301,18.1353
1688325478,276.2126944,-75.67288688,-0.045500401,,18.749001,17.754601
1688304952,276.3671497,-75.86281682,0.20950501,,18.6082,17.6168
1688327135,276.2504603,-75.42880026,0.177016,,18.5846,17.601101
1688325069,276.055747,-75.76649521,0.2728,,19.093399,18.1127
1688331692,276.088137,-75.30402919,-0.186653,,19.0996,18.303301
1688333127,276.0480455,-75.16177323,0.40324801,,19.233801,18.2728
1688333135,275.9817933,-75.1649546,0.266848,,18.9751,18.157301
1688333172,276.0175224,-75.12908339,0.58788401,,19.323999,18.3629
1688353883,276.0227691,-74.68787556,0.29006699,,20.4893,19.533899
1688391347,276.0478878,-74.04201073,0.32329199,,19.4034,18.487801
1688326967,276.0030219,-75.50580117,-0.403267,,19.8706,18.9788
1688326971,276.1336392,-75.49813399,-0.10067,,19.465799,18.523701
1688351755,276.0780807,-74.99679455,0.294974,,18.865299,17.9167
1688360083,276.1105444,-74.39536877,0.51108098,,18.839199,17.9601
1688360545,276.2854794,-74.25492436,0.222074,,18.525299,17.781
1688389776,276.1326968,-74.17907721,-0.40390301,,20.070999,19.1567
1688390208,276.1154631,-74.08576602,0.39048401,,19.803101,18.838699
1688353443,276.0934073,-74.8129932,0.20891599,,19.6824,18.710199
1688353791,276.3357672,-74.71186012,-0.26457,,20.511,19.5326
1688360127,276.2771278,-74.33627982,-0.092955798,,19.5793,18.693001
1688392324,276.4000694,-74.06742935,-0.95720202,,20.487801,19.609301
343946008,276.2507621,-74.8502576,1.00269,,13.2929,12.3602
343887346,276.1264251,-75.49115551,0.64927602,,15.527,14.5754
343886262,276.1029314,-74.26692215,0.97025299,,12.791,12.0982
467905103,275.636745,-74.0021568,0.69808602,,15.7619,14.8603
343886806,276.1584669,-74.87434476,0.51000899,,16.573999,15.6147
343887084,276.0811784,-75.18431444,0.367394,,16.791599,15.8711
343886231,275.9119603,-74.243416,0.39958,,16.4307,15.5719
343886236,275.9019696,-74.24593314,0.433476,,16.1637,15.2818
343946607,276.6289676,-74.1006836,0.50673097,,16.304001,15.3632
467904995,275.7992341,-74.1270615,0.363655,,16.9035,15.9308
343945625,276.620233,-75.37700213,-0.130786,,18.5982,17.9345
343887161,276.0693678,-75.27237054,-0.164674,,17.6646,17.198099
343886245,275.9104099,-74.25048221,0.17655601,,18.368,17.443199
343886181,276.2179681,-74.18188074,0.36366501,,17.2635,16.3577
343946309,276.2729806,-74.45992243,0.0199806,,18.341999,17.404499
343886455,275.9274386,-74.47606404,0.31000701,,17.629299,16.7006
343887078,276.080612,-75.17874641,0.252902,,17.319901,16.4524
343887082,275.9907196,-75.18419657,0.223524,,17.468,16.493099
343887097,275.883542,-75.20174801,0.49842399,,17.5291,16.5602
343886230,276.1361479,-74.24181617,0.20150501,,17.160299,16.255301
343886237,276.2046174,-74.24637789,0.423105,,17.6716,16.7253
343886511,276.0434462,-74.53922494,0.0157304,,17.619499,16.7962
343887350,276.2158552,-75.49513928,0.150749,,17.6793,16.957899
343946011,276.6007722,-74.84335148,0.051944699,,18.103201,17.1357
343946129,276.3071236,-74.67901964,0.220586,,18.3627,17.396
343946123,276.6132228,-74.68774289,0.42985499,,17.702299,16.7127
343886394,276.1045538,-74.40829015,0.319603,,18.036301,17.129101
343946453,276.5403489,-74.30414967,0.23032901,,18.255199,17.284
343996939,277.0095988,-75.70210629,0.166162,,17.840401,16.862
343997962,277.0318542,-74.25359327,0.19263799,,18.4891,17.5797
343886610,275.9927577,-74.65362535,0.39136299,,18.5914,17.6014
1688324548,274.8029716,-75.9685147,-0.174687,,19.834,18.917601
1688324550,274.825281,-75.95453416,0.53109199,,18.285601,17.500099
1688324551,274.8373535,-75.96213166,0.140276,,19.6329,18.7209
1688324601,275.1065294,-75.89731798,0.48288399,,19.3293,18.375401
1688324691,275.043661,-75.87614272,0.35487199,,18.8365,17.9517
1688324693,275.0529085,-75.86586165,0.074741699,,19.2477,18.436399
1688325760,275.0532388,-75.81683007,0.0120605,,19.698799,18.7502
1688325764,275.0785323,-75.8124615,-0.22030599,,20.1208,19.277201
1688325768,275.1913209,-75.80520609,0.184369,,19.3776,18.5266
1688325798,275.047845,-75.79007332,-0.53656101,,19.866199,19.1672
1688326132,274.9453001,-75.71802622,-0.38846099,,20.333599,19.408899
1688330853,275.0428919,-75.53131117,0.10242,,19.4072,18.3701
1688304988,275.9898868,-75.87392305,0.075759798,,19.4918,18.591101
1688325032,276.0148435,-75.8150365,0.032746401,,19.743299,18.808701
1688326844,275.9033923,-75.56432171,-0.161182,,19.123899,18.382799
1688331204,275.9809052,-75.47343924,-0.25183699,,20.4133,19.4935
1688331305,276.058738,-75.4037549,-0.0099200802,,19.23,18.3393
1688331611,275.9780476,-75.33585508,-0.77174801,,20.2745,19.329
1688331681,275.92788,-75.32170497,-0.42520699,,20.348101,19.360001
1688332758,276.0265666,-75.23336105,0.372134,,19.292,18.401199
1688332762,276.0227905,-75.22232832,0.037065402,,19.568899,18.667801
1688332763,276.0947913,-75.22093111,-0.187639,,19.0991,18.315399
1688332826,275.9411598,-75.23381126,0.214166,,19.6752,18.7449
1688333239,275.8837811,-75.14473761,0.26389101,,19.4627,18.4722
1688333258,275.9832168,-75.10533207,0.242154,,18.8528,17.9375
1688333270,275.8355361,-75.11379981,0.59606802,,19.195999,18.3195
1688333278,275.9179565,-75.10042644,0.278548,,18.626101,17.739599
1688333288,276.227752,-75.12428822,0.040688701,,18.7561,17.9743
1688333290,276.2262034,-75.1257526,0.21416301,,19.118401,18.1514
1688351538,275.8338184,-75.07963632,0.247012,,18.903999,18.0201
1688351534,276.0636718,-75.04947341,0.233033,,18.5797,17.6966
1688351609,275.8466647,-75.03197852,0.42711201,,18.4212,17.5837
1688351903,275.9137848,-74.97273977,-0.016429201,,19.167,18.316601
1688360041,275.8872394,-74.45358091,-0.106707,,19.7372,18.908199
1688360044,275.856477,-74.446737,-0.297497,,19.9161,18.989401
1688360066,275.8372055,-74.42653202,-0.071914501,,19.9408,19.094999
1688360070,275.9216683,-74.40076548,-0.615412,,19.954399,19.086
1688360327,275.8805828,-74.40337181,0.20822901,,18.967899,18.119801
1688360345,275.978704,-74.37003148,0.29225501,,18.9907,18.1292
1688360383,276.1407363,-74.34831543,0.36170399,,18.708599,17.775101
1688360461,275.8256689,-74.34281138,0.28209099,,19.0576,18.1451
1688360455,275.9370687,-74.33560331,0.28202799,,19.1199,18.2416
1688390056,275.8939207,-74.16358638,-0.0148476,,19.778099,18.8645
1688390118,275.741631,-74.1841524,0.433198,,19.6709,18.732901
1688390148,275.8711624,-74.14120238,0.34060699,,20.101801,19.159201
1688390175,275.9911403,-74.12683567,-0.0129405,,19.123301,18.312201
1688391332,276.1566238,-74.05826482,0.29861799,,19.153601,18.2124
1688391333,276.1652545,-74.04767709,-0.48791,,19.733,18.8839
1688391422,276.059326,-74.01011603,-0.58641601,,19.9851,19.0704
1688391679,275.8842096,-74.00835597,0.053677101,,18.9949,18.219601
1688353855,276.0722275,-74.71258325,0.32109901,,18.7715,17.8661
1688358353,276.1058394,-74.64119994,0.56084299,,19.622601,18.625799
1688358784,275.9845477,-74.53910794,-0.054184198,,19.8545,18.971901
1688358883,276.0569553,-74.4918208,-0.487836,,19.675301,18.8134
1688325086,276.2496723,-75.7689733,0.0062346398,,19.3603,18.509001
1688326613,276.2106095,-75.5629346,0.42967999,,19.5313,18.5865
1688358887,276.0222434,-74.48703879,-0.361817,,20.302601,19.348301
343945551,276.6189623,-75.47843901,0.943537,,14.8152,13.863
343945855,276.6293615,-75.07150366,0.73418999,,15.9723,15.0487
343945609,276.4950389,-75.39914128,0.33395901,,16.801399,15.855
343945613,276.5035939,-75.39318516,0.70776898,,15.9333,15.0043
343945675,276.5235392,-75.30861712,0.38177299,,16.7108,15.7259
343946287,276.5849822,-74.48444609,0.999264,,15.2159,14.2543
343946616,276.4210646,-74.0860364,0.46162701,,16.5445,15.5751
343946621,276.5103312,-74.08007815,0.95911598,,15.1229,14.2032
343945858,276.4559027,-75.06785275,0.237874,,16.7159,15.9458
343946120,276.5907625,-74.69154502,0.0780164,,17.0147,16.1751
343945475,276.4016301,-75.55820915,0.27522299,,18.1555,17.1775
343946622,276.5271723,-74.0787575,0.27524301,,17.8955,16.9331
1688324781,275.624244,-75.83205267,0.0141569,,18.6982,17.872999
1688331136,275.5554639,-75.37964194,0.27111301,,18.450701,17.452101
1688333073,275.652089,-75.21729572,0.219375,,18.460899,17.483299
1688358267,275.5668308,-74.67058551,-0.0379222,,18.3421,17.446501
1688359912,275.6651088,-74.45159984,-0.073591597,,18.785,17.7981
1688360213,275.679947,-74.41583688,0.157125,,18.368601,17.440701
1688389454,275.5738281,-74.33113121,0.18372899,,18.4907,17.530199
1688389998,275.691345,-74.17053173,0.26022601,,17.396799,16.5142
1688391395,275.7725701,-74.044269,0.20951299,,18.297501,17.519899
1688351680,276.083781,-75.02773985,0.137008,,18.5529,17.5707
1688353490,276.3868924,-74.74071776,0.318941,,18.2735,17.3466
1688391968,276.36255,-74.1491894,0.115988,,19.029499,18.0823
1688360565,276.6381109,-74.55993611,0.297187,,18.4863,17.5291
1688354392,276.6524077,-74.84749994,0.00017175201,,18.743601,17.8326
1688362695,276.7208944,-74.21605232,0.230873,,18.7715,17.832701
1688325950,275.5772891,-75.72868817,-0.10158,,19.503901,18.491301
1688332173,275.5713163,-75.32859311,-0.086843103,,19.4067,18.4254
1688353255,275.6389545,-74.88239666,-0.0598501,,19.2062,18.214399
1688358147,275.6724085,-74.73235399,0.037829898,,19.186001,18.1992
343887000,275.9328957,-75.09005966,0.32943901,,17.125099,16.1429
343887394,276.2353377,-75.53594038,0.42621499,,17.0161,16.056499
343886934,276.1331199,-75.01916832,0.45008501,,17.1539,16.157301
343886417,276.2133789,-74.43206526,0.188421,,16.388399,15.7484
1688390001,275.6609303,-74.15676814,-0.00264588,,19.236601,18.2952
343886608,276.0836795,-74.65234158,0.938173,,14.7165,13.8253
1688327008,276.1746706,-75.45837333,-0.32909301,,19.1926,18.223
1688327067,276.6214389,-75.4383053,-0.00253621,,18.9592,18.048401
1688324501,275.6001755,-75.86690796,0.048545402,,19.120701,18.1791
343886068,275.9353432,-74.06321984,0.49303001,,15.6173,14.7111
343886603,275.9207867,-74.65042607,0.62361097,,15.6583,14.6886
343887398,275.9500163,-75.54735173,0.384633,,16.4436,15.4883
343886829,276.2397031,-74.8953761,0.41595599,,16.998301,16.046101
343946113,276.3752653,-74.69564174,0.071979098,,15.6894,14.8558
1688391219,275.5737477,-74.10151608,0.091630697,,19.007999,18.0599
1688362694,276.6815586,-74.22301311,-0.127977,,19.3472,18.385
343886942,276.071889,-75.03201073,0.27713701,,17.616301,16.6409
343886418,276.0438807,-74.43495172,0.24759699,,17.4473,16.604099
343887389,276.0143444,-75.52847675,0.38328701,,16.9179,15.9912
343945378,276.5639312,-75.71239408,0.129862,,17.9492,17.123899
343886067,276.0296988,-74.06150593,0.41023299,,18.254,17.3314
343886368,275.9073633,-74.38402903,-0.074599303,,18.055099,17.1099
343886941,275.9874289,-75.0271614,0.40951899,,18.371,17.372
1688304460,275.5938062,-75.95328503,0.047313299,,20.489201,19.4909
1688324775,275.4720459,-75.82085294,0.34448799,,19.5142,18.533701
343886609,276.2117753,-74.65356725,0.248714,,17.836901,16.8507
343886360,276.0257492,-74.37374711,0.201506,,17.487101,16.5264
1688326319,275.6958325,-75.60663359,0.105222,,19.8025,18.8484
1688330702,275.6346008,-75.50150893,0.340417,,19.0051,18.0298
1688330707,275.6198619,-75.49124069,0.508757,,19.423401,18.4221
1688330770,275.6282111,-75.46794987,-0.14972501,,19.533199,18.627899
1688331568,275.7417416,-75.38896248,0.037138499,,20.068399,19.097401
343946114,276.385009,-74.69532631,0.208984,,17.904301,16.9228
343886604,275.9303136,-74.65046168,0.103275,,17.917801,17.046801
343887492,275.9385251,-75.66584031,0.34326699,,18.318001,17.3664
1688331655,275.7069982,-75.33060374,-0.096643098,,19.7682,18.830999
1688333093,275.6057681,-75.19856592,0.184202,,19.5895,18.6213
1688333074,275.7180575,-75.21585683,0.49693799,,18.063601,17.1521
1688351863,275.7580148,-75.01088194,0.34500301,,18.7061,17.791599
1688351943,275.6863446,-74.97821511,-0.139926,,19.4575,18.5301
1688353122,275.5951711,-74.94893073,0.096760303,,19.2237,18.278601
1688353284,275.5981488,-74.86158627,-0.28507501,,20.193001,19.210501
1688353285,275.6463481,-74.85219475,0.478057,,18.5672,17.650801
1688353648,275.6639953,-74.78379751,0.086955898,,19.5506,18.6401
1688353656,275.6698496,-74.77548198,0.44852701,,19.5441,18.544201
1688358145,275.662655,-74.73924364,0.263134,,19.0014,18.004101
1688358266,275.5541859,-74.67075502,-0.0107213,,20.052,19.1849
1688359809,275.7454946,-74.50725824,0.152942,,19.205799,18.236401
1688325794,274.9522008,-75.80267518,-0.093191497,,18.702,17.7183
1688360297,275.670604,-74.37880449,0.277854,,19.492001,18.525499
1688360323,275.7075112,-74.35032447,-0.33494201,,20.244101,19.381399
1688389439,275.6302482,-74.35141402,-0.144923,,20.126101,19.237101
1688389550,275.5541266,-74.28802274,0.042146999,,20.1598,19.2591
1688389842,275.5259851,-74.26320852,0.39540899,,19.156601,18.389099
1688304908,275.9583476,-75.93530326,-0.27238199,,18.898701,17.9841
1688389874,275.7398281,-74.20692101,0.436097,,18.9454,18.0907
1688389976,275.5592066,-74.18761347,0.0427977,,19.9314,18.965401
1688389977,275.5857574,-74.18096666,-0.113623,,20.603399,19.674801
1688391218,275.5207933,-74.10895527,0.206415,,19.850599,19.0002
1688391222,275.6151372,-74.11182265,-0.233429,,20.2216,19.254299
1688331238,276.0945186,-75.42130631,0.16347501,,18.6768,17.7831
1688331717,276.1415181,-75.26596403,0.119458,,18.4522,17.497
1688391576,275.6408788,-74.01930512,-0.114931,,19.857,18.92
1688305002,276.1698472,-75.86877164,-0.10024,,19.7481,18.7019
1688305003,276.2291129,-75.86349303,-1.11041,,20.8566,19.8256
1688331353,276.1821695,-75.35086921,-0.33245701,,19.353901,18.442801
1688331354,276.2416922,-75.42013804,0.117729,,19.52,18.59
1688333145,276.0957593,-75.14429224,0.345256,,18.457001,17.494301
1688352039,275.8928773,-74.92274056,0.044714801,,18.8487,17.9063
1688353198,275.9364094,-74.87439526,-0.0912145,,19.126699,18.1518
1688333325,276.3048835,-75.0900163,0.20033801,,20.318199,19.410299
1688353199,275.9902314,-74.86936509,0.074499801,,18.481899,17.573999
1688353305,275.8835961,-74.83790942,-0.085031599,,18.879499,17.9114
1688351678,276.1109596,-75.03239496,0.32020199,,19.0914,18.136999
1688353460,276.0334759,-74.79490687,0.129465,,19.048201,18.142401
1688353323,275.8104888,-74.81676002,0.12827601,,18.8183,17.8298
1688358474,276.0348932,-74.60132872,0.12748,,18.750601,17.8048
1688358338,275.963908,-74.67473234,0.17783,,18.6028,17.635599
1688358780,275.9162833,-74.56961183,0.21777,,18.1182,17.1938
1688358781,275.994284,-74.55296422,0.287195,,18.343399,17.465
1688353405,276.3606092,-74.79386702,0.176153,,19.054899,18.1586
1688358919,276.2857694,-74.45402501,0.47973099,,20.438299,19.459999
1688358920,276.2904735,-74.44519359,-0.26760301,,19.4977,18.685801
1688358921,276.2623334,-74.45083783,0.136647,,19.4209,18.5065
1688391969,276.3613967,-74.14545364,-0.67681402,,20.3137,19.414101
1688305058,276.4579658,-75.86216647,0.20206,,20.158501,19.2299
1688360348,276.0338781,-74.35994477,0.092499398,,18.5557,17.6866
1688325239,276.4410861,-75.73112918,0.13494,,20.024099,19.040501
1688335687,276.64219,-74.98830838,-0.16908599,,20.133101,19.2826
1688391379,275.9460616,-74.04439325,0.064275101,,18.739599,17.827801
1688358793,276.0789447,-74.5284004,0.15716299,,18.5704,17.600901
1688358858,276.0230986,-74.51158224,0.26444399,,18.6026,17.620501
1688360077,276.0641014,-74.38618106,-0.40212101,,18.852699,17.9104
343887320,276.032971,-75.45937482,2.4533999,,11.833,11.0357
343886466,275.8941741,-74.49157939,1.53552,,13.6767,12.7992
343887468,276.176289,-75.63387681,0.72429299,,15.934,14.9796
1688360563,276.5595137,-74.571462,0.29684201,,19.8911,19.041
1688331896,276.6606643,-75.18629016,-0.73541999,,19.791599,18.861799
1688331328,276.1543306,-75.37775584,0.120574,,18.358,17.583099
1688331727,276.2392213,-75.32568373,-0.022159601,,18.537901,17.5553
343886703,276.058129,-74.76413816,0.720824,,15.207,14.2487
343887707,276.0270333,-75.94856297,1.12552,,14.9578,13.9431
1688354086,276.6637505,-74.86283221,0.096936099,,18.961599,18.076599
1688354394,276.7078029,-74.8441046,0.0097929602,,19.5348,18.628599
1688392046,276.6033446,-74.09726578,-0.18780001,,20.3241,19.378201
343886591,275.9823874,-74.63751949,1.0633399,,15.1845,14.2186
343886956,276.1809237,-75.04671947,0.49311599,,15.9465,15.0866
1688304877,275.9121054,-75.96735224,-0.14477099,,18.996,18.063801
343886705,276.1787849,-74.7659646,1.08573,,15.2724,14.2909
343886226,275.9326136,-74.23780451,0.361655,,16.5476,15.5991
1688325752,274.9585844,-75.84327371,-0.20704301,,19.401199,18.4356
1688331240,276.1817567,-75.41390524,-0.138998,,19.336201,18.353201
343887709,275.9322008,-75.95481878,0.53514302,,15.9306,14.9582
343886326,275.8593016,-74.33771301,0.41286001,,18.1005,17.1509
343886520,276.0731408,-74.54841393,0.30535501,,17.085899,16.114799
343887028,275.8178447,-75.13015112,0.13974901,,18.2966,17.352501
343887495,276.0428109,-75.66774788,4.6754599,,11.1685,10.3135
343945472,276.6179889,-75.5617184,4.22018,,10.9174,10.2263
343945470,276.494978,-75.56247144,0.893053,,13.2,12.5577
343945600,276.401553,-75.40507665,0.90799499,,14.4439,13.5804
343886153,275.8988733,-74.15007602,0.34739599,,18.5191,17.5581
343886701,276.0909674,-74.76244187,0.42751801,,17.898701,16.9384
343886007,275.8620158,-74.00514063,0.221698,,18.130899,17.2614
343886148,275.853007,-74.1458776,0.259758,,18.134199,17.190599
343886228,276.2332783,-74.24074914,0.277262,,18.136,17.1786
343886521,276.110883,-74.54978365,0.395399,,17.9473,16.9639
343886953,276.0072332,-75.04396806,0.42030299,,17.6521,16.6731
343886957,276.201813,-75.04702645,0.40591699,,17.618601,16.6464
343887400,275.8841232,-75.55413118,0.066741601,,17.6938,17.123199
343887463,276.2085668,-75.62629922,0.045531601,,17.6429,16.7166
343887464,276.0824486,-75.62861174,0.078798503,,18.3088,17.3279
343887319,276.049196,-75.45636307,0.40842399,,17.315201,16.327
343887029,276.2134389,-75.13036963,0.231556,,18.169001,17.2201
1688326340,275.6584487,-75.60254775,0.183818,,18.429199,17.4666
1688360221,275.8020594,-74.39133455,0.36883801,,18.2642,17.3323
1688391303,275.804694,-74.08574743,0.021760801,,18.7988,18.011801
1688362238,276.563114,-74.33928724,0.118414,,18.868099,17.9097
1688353588,275.7832922,-74.80762307,0.1937,,19.062901,18.0765
1688303636,276.617118,-75.99894275,0.0272242,,19.172899,18.1688
1688305151,276.4911159,-75.8068723,0.0025867501,,19.2181,18.2868
1688326345,275.7069078,-75.57870322,-0.0289707,,19.782301,18.8307
1688326830,275.7715733,-75.58657983,0.236507,,18.9634,18.020399
1688353211,275.7616283,-74.87882037,0.41273499,,19.545799,18.5798
1688304812,276.559446,-75.89169781,0.229362,,19.927999,19.045601
1688305153,276.51919,-75.80141546,0.100434,,20.021,19.036501
1688305154,276.5090701,-75.79996121,-0.099291302,,20.7055,19.7425
1688331807,276.521219,-75.2454583,-0.00170625,,19.410299,18.6469
1688333338,276.4302736,-75.08083379,-0.0542228,,20.318701,19.3641
1688362658,276.5105461,-74.24382983,-0.0564586,,20.006901,19.1586
1688392478,276.4922751,-74.00355753,-0.221806,,19.2423,18.4513
292753356,275.1099448,-74.2129237,1.26148,,11.819,11.0713
292751847,275.1436145,-75.86518678,0.32357299,,15.6376,14.8285
292751755,275.1723779,-75.96434723,1.06006,,14.1186,13.1623
292751891,275.3722272,-75.82066296,0.684277,,15.6587,14.7539
292752212,275.4072401,-75.44728282,0.68519801,,15.3217,14.3539
292752261,275.3664428,-75.37151356,1.48058,,13.9619,13.0628
292752309,275.4401367,-75.31669151,0.42419201,,15.6718,14.6916
292752343,275.3748624,-75.27865514,0.50379902,,15.1223,14.2279
292752920,275.4496576,-74.65098932,0.562644,,14.0345,13.1959
292752966,275.403699,-74.6172193,3.5338199,,10.9846,10.3492
292752907,275.2350601,-74.66149282,0.24616,,17.4888,16.524799
292751933,275.2314883,-75.764478,0.366795,,16.9499,15.9394
292753340,275.1343457,-74.2297904,0.32430699,,16.819201,15.8633
292751920,275.1907742,-75.78223398,0.337378,,16.6842,15.6925
292751922,275.2828008,-75.78012543,0.28676799,,16.986,15.9981
292752658,275.3120128,-74.90115104,-0.0263109,,16.5464,15.6769
292752968,275.363501,-74.61314784,0.60784698,,16.790199,15.8205
292753354,275.2136421,-74.21542247,0.64185798,,15.7533,14.8679
292753540,275.3967064,-74.01052027,0.38249999,,16.8132,15.8433
292752081,275.2933832,-75.58446262,0.346365,,16.663099,15.6321
292751978,275.4445204,-75.71017627,0.26214299,,17.117399,16.090099
292751750,275.1328009,-75.9709287,0.333262,,17.8605,16.885401
292753308,275.3240631,-74.26131386,-0.019969,,18.582199,17.643999
292752629,275.1164976,-74.93247552,0.34415901,,17.023399,16.106001
292752922,275.195481,-74.64870913,0.335087,,17.2299,16.254
292753229,275.4120411,-74.34423699,0.43476099,,16.924601,16.038799
292751897,275.3941146,-75.81046659,0.32156801,,18.027,17.042101
292751939,275.1220589,-75.75262367,-0.070441902,,18.5875,17.6807
292751977,275.1942909,-75.71032968,0.227459,,18.583599,17.57
292752380,275.1142512,-75.24481435,0.28276801,,18.4534,17.474899
292752406,275.4049029,-75.20551757,0.222307,,18.370399,17.4195
292752519,275.3793919,-75.07938276,0.35315099,,18.047199,17.049999
292751954,275.1637299,-75.740567,0.32604101,,17.5669,16.605499
292752209,275.4402083,-75.45106544,-0.103422,,18.088499,17.1271
292752347,275.2080164,-75.27203345,0.087446801,,17.7922,16.8368
292752651,275.4241782,-74.9126182,0.459236,,17.3769,16.449699
292752756,275.3307204,-74.79845156,0.264218,,18.3937,17.416599
292752828,275.2652981,-74.73152917,0.25711,,17.909599,16.991199
292752833,275.1371771,-74.72409842,0.41911101,,17.499701,16.544901
292753309,275.2231843,-74.257687,0.25176501,,17.869101,16.9258
292752158,275.1952727,-75.50255219,0.58106899,,18.332001,17.3001
292752963,275.3967875,-74.61927332,0.23001,,17.714199,16.7591
292753210,275.109357,-74.36181605,0.57404703,,19.124901,18.142401
1688330674,275.4533135,-75.55334052,0.073305599,,18.7278,17.7397
1688353547,275.4666041,-74.83662926,0.0095535703,,18.7183,17.878599
1688359746,275.4013752,-74.54749705,0.028475899,,18.507999,17.524
1688359747,275.3479727,-74.5652768,0.099412702,,18.7244,17.796
1688389422,275.4466009,-74.36073009,0.271685,,18.3503,17.4625
1688351575,275.7762688,-75.04596103,0.180849,,18.3211,17.381701
1688358903,276.3553502,-74.46323451,0.072820097,,18.4799,17.5889
1688332665,275.5084019,-75.1849613,0.157175,,18.8559,17.8939
1688358163,275.4736327,-74.73738417,0.031913798,,18.865801,17.9795
1688358651,275.40429,-74.62721901,-0.112504,,18.717199,17.9529
1688359742,275.5600866,-74.54720632,0.16384,,18.708,17.7222
1688359868,275.4947879,-74.48131615,0.1187,,19.011299,18.036699
1688360157,275.3629764,-74.47815071,-0.0444053,,18.8267,17.9307
1688331396,276.3468705,-75.36448904,-0.260685,,19.2015,18.216999
1688326332,275.4864994,-75.61353386,-0.0186438,,18.8978,17.905199
1688331061,275.5430605,-75.41642296,-0.063214101,,18.9825,18.065701
1688331062,275.5783435,-75.40487232,-0.15164,,19.228901,18.2239
1688358686,275.497929,-74.58946683,-0.181455,,19.072399,18.1693
1688304615,276.1133067,-75.94915759,-0.023968199,,19.069799,18.0613
1688324845,275.4200461,-75.7965488,0.053734701,,19.124201,18.1425
1688304416,275.528987,-75.97482477,-1.73915,,20.671301,19.8197
1688304419,275.5714979,-75.97191936,-0.35349199,,20.2108,19.3542
1688324388,275.3376288,-75.93776147,0.088749997,,19.0986,18.4835
1688324475,275.5428357,-75.87951156,-0.093499899,,19.982,18.9706
1688324484,275.4247475,-75.88287642,0.21890999,,20.096201,19.1509
1688324487,275.5357704,-75.86855028,0.21887,,19.0485,18.084299
1688324740,275.4282633,-75.86506822,-0.0495358,,19.098301,18.457701
1688324745,275.4372145,-75.8498271,-0.42931601,,19.817301,18.920401
1688326061,275.6284426,-75.64568913,-0.32539999,,19.871599,18.9956
1688326334,275.5333812,-75.60922399,-0.047070298,,19.889299,19.0168
1688326434,275.4342145,-75.58440341,0.50834501,,20.0259,19.014601
1688330696,275.4789792,-75.52471232,-0.27605101,,20.158001,19.2108
1688330756,275.4935279,-75.50491135,0.168341,,19.2474,18.3139
1688330757,275.5190296,-75.49722133,0.496766,,18.584,17.617001
1688330761,275.4851097,-75.49551511,-0.071771502,,19.4503,18.475201
1688331043,275.4414855,-75.43638631,-0.177212,,19.689699,18.861
1688331046,275.5072529,-75.43097949,-0.097858198,,19.5674,18.6304
1688333207,275.6489454,-75.16137811,0.29574201,,19.3943,18.48
1688350945,275.4617424,-75.16889575,0.094402,,19.5103,18.6143
1688350947,275.5236461,-75.15517964,0.038755301,,19.0329,18.1359
1688350950,275.4207401,-75.16139475,-0.139117,,19.522499,18.6719
1688351871,275.6022885,-75.02479615,0.38645801,,18.919201,18.013
1688351965,275.5437255,-74.98428304,0.042860299,,19.825899,18.9499
1688351973,275.5869917,-74.96195291,-0.228029,,20.060301,19.1469
1688351979,275.6560578,-74.96090487,0.035786599,,19.569099,18.7124
1688351980,275.6553947,-74.95592659,-0.58709401,,19.778099,18.939501
1688353131,275.6583106,-74.93532298,-0.300201,,19.782,18.8965
1688353271,275.4943012,-74.87596109,0.24816599,,19.7656,18.9035
1688353526,275.5697397,-74.85563165,0.451363,,18.4645,17.492701
1688353527,275.544464,-74.85227597,0.56816101,,18.705999,17.768499
1688358563,275.449323,-74.64786952,0.45708501,,19.686701,18.716101
1688358564,275.4336775,-74.64663472,0.56004798,,19.237301,18.254499
1688358663,275.5420606,-74.5969731,0.47867599,,18.9631,18.000601
1688359849,275.3885443,-74.52314783,-0.169375,,20.042,19.237301
1688360316,275.6771175,-74.37018052,0.184677,,19.426701,18.504299
1688389425,275.4831359,-74.35425741,0.155405,,19.0597,18.199301
1688358748,275.7658305,-74.53125326,0.26741701,,19.2869,18.332001
1688389845,275.6167066,-74.24677299,0.247491,,19.952101,19.1311
1688389963,275.6519358,-74.19006045,-0.030871401,,19.616899,18.7675
1688390051,275.9345787,-74.17194638,0.31812301,,19.8414,18.941
1688327108,276.3415103,-75.45860934,0.327665,,18.830601,17.875601
1688331735,276.3295578,-75.31500293,0.247655,,19.712,18.775499
1688333429,276.1576278,-75.06004972,0.33596101,,18.566299,17.737499
1688333433,276.3094746,-75.04117397,0.456718,,18.5646,17.5986
343945156,276.5540675,-75.99851853,0.67453402,,15.1866,14.2158
343946285,276.33337,-74.4849581,1.48587,,13.2039,12.3861
343951289,276.8647075,-74.74298144,0.88360399,,15.1541,14.1987
343946188,276.2841764,-74.6070599,0.0760184,,17.3521,16.502399
343951101,276.6733975,-74.49946911,0.246931,,17.053699,16.0721
343946245,276.5841545,-74.53851015,0.83659899,,15.3667,14.4417
343946562,276.474961,-74.16651605,0.45362201,,16.2861,15.3187
343946567,276.3195105,-74.1587478,0.66643798,,16.2054,15.2995
343951293,276.8268457,-74.74547303,0.36342499,,15.5906,14.7317
343945729,276.5519016,-75.23353231,0.53701699,,17.100201,16.1782
343945734,276.5724237,-75.22499386,0.361729,,16.8568,15.9201
343946244,276.6286258,-74.53853238,0.322099,,18.065701,17.1108
343946277,276.6123293,-74.49671364,0.29788101,,17.875999,16.9524
343946569,276.5540393,-74.15540568,0.17438801,,18.2411,17.305599
343951298,276.6422393,-74.74843499,0.107396,,17.604799,16.6273
343951292,276.6506066,-74.74505972,0.13617399,,18.1028,17.1975
343945512,276.6224558,-75.5177096,0.31276101,,17.742901,16.7785
343945815,276.3662843,-75.11992943,0.382709,,17.8969,16.9758
343951065,276.9937932,-74.46689635,0.310096,,17.588301,16.5996
343945728,276.5239259,-75.23359508,0.13935301,,18.4482,17.491899
343951993,276.7948822,-75.6590131,0.25402701,,17.74,16.778601
1688360061,276.0721625,-74.40716783,-0.05872,,18.880301,17.9021
1688390193,276.009839,-74.11236384,0.30344301,,18.3577,17.4594
1688390214,276.0960588,-74.07929937,0.15911099,,18.8013,17.8901
1688351623,275.9249634,-75.0265018,-0.209171,,18.8591,17.9025
1688325046,276.0648171,-75.78830298,0.065359697,,19.247999,18.269699
343945817,276.2011895,-75.11802149,0.33590901,,18.639601,17.679199
1688358800,276.2233927,-74.53278786,0.049747702,,19.554001,18.584999
467904684,275.5570922,-74.53820302,0.29932201,,17.157801,16.195499
467904736,275.6882284,-74.46074475,0.46625599,,16.9016,15.9358
467905082,275.7706011,-74.01834198,0.55577803,,16.2586,15.2936
467905087,275.7512618,-74.01461887,0.930852,,14.7665,13.9677
467903874,275.7613109,-75.74994782,0.15002,,17.9457,17.0336
467904871,275.7358358,-74.29143427,0.180902,,17.865499,16.9547
467905079,275.6157617,-74.02978915,-0.0626885,,16.9133,16.4266
467905080,275.4855803,-74.02824546,0.172994,,17.5271,16.555401
343951273,277.0233432,-74.72038514,-0.083379298,,18.229099,17.2523
343997988,277.1184221,-74.22538394,0.163665,,18.304399,17.3346
343887212,276.0414165,-75.32525934,1.02203,,14.8252,13.9505
343887414,276.1542249,-75.57338162,0.226257,,17.487101,16.544001
1688317794,274.5351198,-75.73631713,0.115111,,18.0632,17.097799
1688322373,274.5365378,-75.61617698,0.17983399,,18.233,17.256701
1688332433,274.5841876,-75.33845474,0.16277801,,18.2188,17.2208
1688352395,274.5994322,-75.06678263,0.20310301,,18.440901,17.4965
1688352742,274.5820094,-75.00971784,-0.038415201,,18.748699,17.9132
1688357723,274.4950009,-74.84588181,0.158448,,18.4133,17.538799
1688357740,274.5836715,-74.82326593,0.067607597,,18.1371,17.2759
1688357766,274.5359416,-74.80915352,0.14804199,,18.2642,17.526899
1688358964,274.5167796,-74.71972891,0.28356501,,18.6766,17.767
1688359043,274.3316707,-74.7159623,0.123158,,18.4119,17.573299
1688359347,274.4130306,-74.64360265,0.32474601,,18.0173,17.100599
1688388623,274.4066808,-74.55046763,-0.0033465601,,18.442301,17.553699
1688388712,274.4332587,-74.50922369,0.245502,,18.4447,17.507099
1688389068,274.5589072,-74.41032063,0.099602699,,18.600401,17.730801
1688351093,274.6272878,-75.21563675,0.158087,,18.7349,17.754601
1688352305,274.4511495,-75.11480408,0.0087324297,,18.9121,18.051701
1688352414,274.4946223,-75.06062791,-0.46982199,,18.995899,18.117001
1688388763,274.6084926,-74.44788881,-0.0561698,,18.8864,17.979099
1688322518,274.5201483,-75.55179794,-0.00035469799,,19.1637,18.2153
1688358959,274.3772159,-74.74327038,0.0073897098,,19.0863,18.1647
1688317703,274.5035295,-75.78382715,-0.14515699,,19.451799,18.485001
1688316106,274.6546314,-75.96111602,0.054560199,,19.9431,19.004299
1688316184,274.6107278,-75.92857912,0.00067010301,,19.379299,18.385099
1688316189,274.6758377,-75.92204943,0.184475,,19.072201,18.367201
1688317217,274.4315768,-75.92752557,0.098204903,,18.404699,17.75
1688317337,274.5485843,-75.8534352,0.24959099,,18.992201,18.0536
1688317698,274.6048333,-75.77439709,0.254329,,18.750799,17.8179
1688317708,274.6250462,-75.75862439,0.18935899,,20.365601,19.4247
1688317775,274.5991835,-75.75898975,-0.58361202,,19.7174,18.8123
1688317779,274.6025675,-75.74127908,-0.52221,,20.343,19.443001
1688317780,274.5550898,-75.74399644,0.016677501,,19.605101,18.6716
1688317800,274.5169876,-75.73623635,0.28257099,,19.577801,18.731501
1688322009,274.5363155,-75.68586745,-0.068334296,,20.1926,19.2414
1688322084,274.5007073,-75.66330604,-0.069338202,,19.826599,18.8617
1688322088,274.5830844,-75.64939681,0.366189,,18.995501,18.0082
1688322106,274.5348771,-75.63573315,0.060192801,,19.422199,18.452299
1688322523,274.4644215,-75.55002549,0.38496801,,19.0268,18.062401
1688323767,274.477461,-75.44791836,-0.144309,,20.608101,19.658001
1688351094,274.7287762,-75.19884603,0.243761,,19.109699,18.1378
1688351200,274.711121,-75.13558368,0.029275,,19.1437,18.287901
1688352301,274.4975192,-75.1160717,-0.60047197,,20.1462,19.176901
1688352275,274.4763397,-75.13643579,0.300322,,19.202801,18.2784
1688352293,274.6806254,-75.10770847,0.259197,,19.655899,18.704599
1688352423,274.6622915,-75.04027152,0.109032,,20.124901,19.174299
1688352826,274.5121081,-74.96720321,0.30227101,,19.9778,19.108101
1688352830,274.4001819,-74.97343382,-0.61279798,,20.082001,19.2083
1688357272,274.4301748,-74.95417471,0.358612,,20.183901,19.250299
1688352854,274.5685099,-74.95258114,-0.518161,,20.330799,19.410299
1688352860,274.6858965,-74.95635387,-0.053457499,,20.065001,19.157301
1688357299,274.55163,-74.92925742,0.47554499,,18.5434,17.760201
1688357421,274.4169075,-74.88703741,-0.25242299,,19.779301,19.064501
1688357769,274.5928274,-74.79599942,0.264911,,19.481899,18.532499
1688357767,274.5384892,-74.80470747,-0.059875999,,19.468201,18.582001
1688357850,274.5129267,-74.78289987,0.54465902,,19.8673,18.9692
1688357873,274.5470178,-74.76035222,-0.026896199,,19.694201,18.741501
1688357877,274.6438017,-74.77262674,0.23173399,,19.2442,18.281099
1688358961,274.4280482,-74.73418996,0.102086,,20.384701,19.4256
1688358967,274.5586558,-74.72057735,0.22087801,,19.359699,18.500299
1688388627,274.5259768,-74.53288525,-0.10174,,19.8354,18.957701
1688388718,274.4708544,-74.50607612,-0.257635,,19.215401,18.3293
1688388768,274.7238813,-74.43896748,0.104437,,19.616301,18.683599
1688389072,274.5918553,-74.40468035,-0.25928,,19.752199,18.839399
1688390419,274.5687384,-74.27458011,0.69398999,,19.7153,18.7721
1688390429,274.6380088,-74.26017686,-0.300816,,19.868799,18.946899
1688390416,274.5133123,-74.28866673,0.41097999,,19.3186,18.3258
1688390681,274.4184552,-74.24095985,0.455073,,19.154699,18.3379
1688390714,274.4537124,-74.24804197,-0.118422,,19.6073,18.6166
1688390790,274.4837092,-74.20951328,0.614842,,19.073601,18.147499
1688390791,274.5197874,-74.20446824,-0.023704501,,19.8029,18.8591
1688390800,274.6359623,-74.17969666,-0.216381,,19.2946,18.5261
1688390821,274.5939621,-74.17507214,0.41006699,,19.522301,18.6173
1688390823,274.6741675,-74.16633853,0.52769399,,19.803801,18.854401
1688395490,274.531514,-74.13278997,0.36832401,,19.221001,18.2959
1688395572,274.4260633,-74.12367403,0.33495599,,18.759899,17.8151
1688325713,274.7280197,-75.86204153,-0.212585,,19.182301,18.234301
1688325829,274.9309604,-75.79569753,0.13046101,,18.585699,17.6588
1688326084,274.9071537,-75.75603354,-0.038984299,,19.107599,18.1325
1688326111,274.8152998,-75.73312725,-0.052696802,,18.6506,17.683599
1688326178,274.7826774,-75.72934459,-0.16131,,19.4683,18.475401
1688330509,274.9249093,-75.62227209,-0.33298999,,19.313101,18.368
1688324238,274.9981909,-75.99051043,-0.024332499,,19.6882,18.706699
1688324312,274.8256599,-75.97265967,0.31103101,,20.150801,19.226801
1688324579,274.7954763,-75.93072379,-0.20045801,,19.1005,18.2703
1688324662,274.8379747,-75.89997414,-0.108792,,19.2673,18.363501
1688325710,274.782147,-75.86543844,0.58057499,,18.974701,18.016899
1688325732,274.7950648,-75.83787354,0.387003,,19.8955,18.909901
1688326086,274.9041339,-75.75471823,-0.160363,,20.114401,19.1373
1688326089,274.8755025,-75.74700032,-0.063950799,,19.887199,19.0291
1688326212,274.9614438,-75.68925178,0.21333,,19.4793,18.5536
1688330484,274.820015,-75.62775736,0.0220655,,19.980101,18.987
1688330569,274.8030112,-75.59589512,0.23837499,,19.0907,18.087601
1688330576,274.7556839,-75.59743286,-0.016107701,,19.976101,18.9939
1688330824,274.8292776,-75.56275878,-0.21055099,,19.198601,18.344801
1688351146,274.8332028,-75.17311421,-0.181252,,19.633801,18.6492
343886372,276.0911551,-74.3888948,0.87899297,,13.3046,12.6193
343886817,276.1667522,-74.88270848,1.78584,,12.3327,11.4111
343887316,276.1643316,-75.4532428,1.75738,,13.0385,12.2228
343887436,275.9711669,-75.59859015,1.95092,,12.3677,11.499
343886112,276.0536601,-74.10452142,1.23641,,13.822,13.0209
343886693,276.2277614,-74.75340154,0.81596601,,15.2399,14.2525
343886963,275.9869406,-75.04808319,0.62589401,,13.9992,13.0661
343886966,276.0410387,-75.04901298,0.79484099,,15.425,14.4518
343887265,275.8805499,-75.3992939,0.68517601,,15.6436,14.7252
343886031,276.1756694,-74.0263593,0.571055,,16.8722,15.915
343886313,275.9835156,-74.32358315,0.169976,,16.4128,15.8719
467904394,275.6222654,-74.9807742,0.75506002,,15.4056,14.4158
343886571,276.2425161,-74.61603706,1.00023,,14.5954,13.6486
343887660,275.852334,-75.90569413,0.65150702,,15.1668,14.2386
343887461,276.1900347,-75.62451176,0.435967,,16.644699,15.6473
343886014,275.8797096,-74.01052054,0.74301702,,15.2596,14.3333
343886269,275.9485349,-74.27691681,0.34320799,,16.589701,15.7057
343886387,275.8731179,-74.40144716,0.81988198,,14.9229,14.0031
343886890,275.9159489,-74.96923158,1.0178601,,15.3681,14.4144
467904117,275.5977879,-75.38512639,0.598445,,16.2686,15.2833
343886764,275.9028576,-74.82436147,0.50054801,,17.7756,16.922899
343886195,276.0498421,-74.20104295,0.352669,,16.8002,15.8468
343886198,276.1876302,-74.20529942,-0.133283,,18.031401,17.1947
343887205,275.8866604,-75.31724203,0.270044,,18.402901,17.473499
343887239,276.1604452,-75.36205775,0.0234302,,18.5261,17.5527
343887307,275.9094041,-75.44502759,0.31945401,,17.244801,16.255199
467903815,275.688725,-75.82965825,0.231612,,17.6745,16.732901
467904118,275.8109499,-75.38358157,0.37801099,,17.4186,16.450199
467905032,275.7970012,-74.08985191,0.225061,,17.900499,16.964001
467905034,275.8183995,-74.08870545,0.36394399,,17.812599,16.8643
343886030,275.8856582,-74.02453216,0.25132999,,18.053499,17.1896
343886138,275.9374544,-74.13786194,0.32861799,,17.819,16.8629
343886171,276.2395796,-74.17409875,0.21204101,,18.246401,17.3405
343886172,276.2319589,-74.17536553,0.31643799,,17.9203,16.9666
343886196,276.1825459,-74.20165869,0.195867,,18.2106,17.300501
343886273,276.0396617,-74.27935078,0.28778601,,17.4849,16.645
343886548,275.8789311,-74.58201217,0.161824,,18.1838,17.191
343886672,276.1236583,-74.72887057,0.230295,,18.0215,17.2304
343886852,276.1218874,-74.92345744,0.15352,,18.1654,17.181999
343887066,276.207906,-75.166162,0.50437498,,17.2365,16.3468
343887425,276.0355938,-75.58582146,0.073079802,,18.088699,17.118
343887562,275.8735652,-75.75570428,0.278135,,18.457001,17.425501
343886275,276.1790756,-74.28039886,0.28377101,,17.055099,16.102699
343886429,276.1721874,-74.44417256,0.38835201,,18.333599,17.361401
343887313,276.0855564,-75.45193998,0.103633,,17.875401,16.912201
343886376,276.089065,-74.39241206,0.069624797,,18.3407,17.546301
343886656,276.1552619,-74.71289293,0.30691901,,17.942699,16.997801
343887646,275.8773089,-75.88188539,0.40701899,,18.4543,17.4461
343887717,275.9182138,-75.96172212,0.133523,,17.994801,17.0711
343886169,275.9785597,-74.1728757,0.095886603,,18.3314,17.3675
343886960,276.0266722,-75.04747424,0.378425,,17.919399,16.9718
1688359976,276.0117803,-74.43447665,0.501064,,19.8578,18.8855
1688360500,276.1444894,-74.29145927,0.65753698,,19.1579,18.2313
1688389740,276.1065594,-74.20724536,-1.1535,,20.0429,19.0886
343886873,276.096365,-74.94760769,0.816064,,15.4396,14.4929
343886022,276.2217652,-74.01611761,0.34682301,,17.07,16.229099
343886870,276.0194227,-74.94569955,0.43187001,,16.7869,15.8148
343886872,276.0646835,-74.94714427,0.58336902,,16.762501,15.8101
343887076,276.2030942,-75.17576992,0.408656,,17.491501,16.556101
1688304395,275.824416,-75.94760912,-0.119863,,19.049601,18.0439
1688325326,275.8467585,-75.79143237,-0.060066599,,19.4706,18.440701
1688324418,275.7167475,-75.89439574,-0.229693,,20.7665,19.792999
1688325426,275.9131223,-75.71379717,0.35323501,,19.4676,18.5819
1688325427,275.9300028,-75.72374556,0.10618,,19.874901,18.9377
1688324944,275.8546441,-75.85894631,0.66004401,,19.714199,18.7211
467905090,275.5540694,-74.01092024,0.31156099,,17.759899,16.788401
467905091,275.6436198,-74.01009925,0.305621,,17.266399,16.401899
467905089,275.5856843,-74.01355628,0.18001799,,17.6761,16.799299
292752290,275.0598408,-75.33224587,0.44060799,,18.649599,17.7064
1688315828,274.6914006,-75.99180383,-0.21154,,19.638399,18.6756
1688316077,274.5917281,-75.99512887,-0.24776199,,19.518,18.6194
1688317236,274.6553491,-75.8903961,-0.0250974,,19.0807,18.3008
1688317238,274.5379574,-75.90267481,0.339607,,19.375,18.423201
1688317325,274.4924559,-75.86201999,0.19598199,,19.254,18.424299
1688330564,274.6847216,-75.60733425,0.0377529,,20.2127,19.358801
1688325819,274.7661902,-75.81473736,0.28248799,,18.809401,17.8843
1688326101,274.8259893,-75.74419716,-0.0162281,,20.2847,19.3958
1688326197,274.6306226,-75.70702107,0.0130765,,19.400801,18.4247
1688330537,274.6495959,-75.63790399,0.59244001,,19.624901,18.6507
1688330539,274.7011588,-75.62613415,0.218483,,19.0371,18.1586
1688330898,274.6240168,-75.53196909,0.394061,,19.0786,18.0711
1688331944,274.7565651,-75.48542435,0.22461601,,19.247801,18.252199
1688332062,274.6976512,-75.41506521,0.43174201,,19.059401,18.069099
1688332065,274.838483,-75.42780392,-0.257826,,19.710501,18.7936
1688350815,274.5996085,-75.2460515,0.091783799,,19.313601,18.4454
1688351187,274.5697361,-75.17694234,0.42676499,,19.8197,18.878599
1688351133,274.7084354,-75.16220177,-0.121323,,19.5776,18.674101
1688351135,274.699417,-75.16506477,-0.49882299,,19.599001,18.7208
1688352267,274.5506913,-75.13265894,0.57525301,,18.3339,17.4849
1688352269,274.5267702,-75.1314988,0.431806,,18.767799,17.832399
1688352283,274.5421939,-75.12108489,-0.11482,,20.0933,19.1374
1688352287,274.6100507,-75.12590421,0.138441,,19.292999,18.3333
1688352319,274.6074169,-75.0911934,0.083978303,,20.134001,19.208099
1688352388,274.6030934,-75.06927787,-0.82152498,,20.331301,19.4104
1688352816,274.6255801,-74.95608476,0.094544001,,20.2841,19.381201
1688352909,274.800366,-74.90320516,0.37390101,,19.260599,18.3971
1688357337,274.7574446,-74.90633122,-0.43054399,,19.9412,19.069
1688357408,274.613809,-74.8752658,-0.28227699,,20.0905,19.185301
1688357763,274.4906814,-74.82115249,0.18028601,,20.242701,19.308001
1688357918,274.7127798,-74.72469376,-0.067424402,,20.541901,19.6007
1688359072,274.6710628,-74.66953637,0.35988101,,19.809601,18.8594
1688359373,274.6567493,-74.61720388,0.0057638399,,20.1359,19.310801
1688388660,274.7691654,-74.51374322,0.050374702,,19.922701,19.0436
1688389060,274.5087038,-74.43791966,-0.019590801,,19.290899,18.356701
1688389138,274.5135764,-74.39631934,-0.061755501,,19.2745,18.464001
1688389177,274.6266631,-74.36745299,-0.30203101,,19.5751,18.702
1688390289,274.6265963,-74.34391381,0.21551301,,19.473301,18.612499
1688390392,274.5732981,-74.29830194,0.399367,,19.1989,18.2778
1688390442,274.7587544,-74.32235214,-0.17958599,,19.423,18.431601
1688390712,274.6954401,-74.21451292,-0.275249,,19.714399,18.782801
1688395466,274.4349812,-74.17064732,0.43259001,,19.179199,18.2663
1688395472,274.649579,-74.14621255,0.0116145,,18.068501,17.641001
1688395591,274.6320416,-74.08999337,0.31803599,,18.713499,17.820101
1688395914,274.609441,-74.02496471,-0.109926,,20.111601,19.1873
292752996,275.459035,-74.58293253,0.49819401,,16.2876,15.3175
343946302,276.6157874,-74.4692368,0.703049,,15.3978,14.4528
343946305,276.4289643,-74.46272368,1.24168,,14.6774,13.7029
343946509,276.4849386,-74.23376302,0.313205,,16.839899,15.872
343946683,276.5173206,-74.00708606,0.38566399,,16.989599,16.175301
292753475,275.1408303,-74.08213333,0.48576099,,17.6509,16.7271
292752761,275.0983511,-74.79308956,0.60585397,,15.9449,14.9862
292752867,275.2773934,-74.70224904,0.53910702,,15.2221,14.3063
292753047,275.3729621,-74.53159049,1.16469,,15.0572,14.0895
292753107,275.170344,-74.46414992,0.82819998,,15.2378,14.3336
292753150,275.293904,-74.42060444,0.45930499,,15.9812,15.0525
292753192,275.3812666,-74.37844428,0.67184198,,15.8938,14.9422
292705821,274.9211995,-74.07753585,0.439567,,16.4132,15.5909
292706132,275.0477347,-74.35622516,0.67969698,,15.7821,14.9547
292752286,275.0754991,-75.3382888,0.52421802,,16.6001,15.5849
292752590,275.1601135,-74.97568723,0.342051,,16.6294,15.6766
292752692,275.1307836,-74.86208406,0.53802699,,16.040001,15.136
292753050,275.2078669,-74.52300062,0.413268,,17.005199,16.0751
292753302,275.3873025,-74.26951543,0.520015,,15.7007,14.7601
343946511,276.4203585,-74.22957196,0.6559,,16.049601,15.0835
292753105,275.3803275,-74.46509941,0.41944101,,16.9247,15.9364
292753478,275.3844032,-74.07786607,0.55571097,,16.304199,15.3463
292753116,275.2267702,-74.45752977,0.19654401,,18.1777,17.194201
292752915,275.2977025,-74.65372181,0.40149501,,17.1654,16.2318
292752997,275.1982949,-74.58247903,0.43351099,,17.272499,16.3337
292753142,275.1409211,-74.4259731,0.44684601,,17.129299,16.1726
292751983,275.2110352,-75.70516127,-0.068164401,,18.7407,17.7251
292751859,275.5135538,-75.84918392,-0.16273101,,18.381001,17.416
292752016,275.3267528,-75.66812412,0.28524399,,18.2414,17.3473
292752688,275.093647,-74.86694964,0.074400596,,18.463301,17.5956
292705818,274.9653355,-74.07536391,0.244949,,17.5464,16.5777
292748019,275.0686391,-75.23414191,0.562922,,17.8286,16.8146
292751736,275.233705,-75.99493554,0.165309,,18.1516,17.1583
292751830,275.0797995,-75.88365557,0.189006,,17.167299,16.207001
292751866,275.2830745,-75.84325795,0.23500501,,17.803101,16.838499
292752117,275.4461662,-75.55076778,0.34245199,,17.5989,16.607
292752176,275.4150144,-75.4864181,-0.110949,,18.194799,17.1961
292752450,275.1359007,-75.15506749,0.234367,,18.212099,17.2493
292752911,275.3863085,-74.6585721,0.26899999,,17.374599,16.4389
292752990,275.2919027,-74.59087651,0.32389399,,18.206499,17.240101
343887613,276.2113651,-75.82345024,0.0081446301,,18.1742,17.2213
343946359,276.6325357,-74.41067467,0.115177,,18.085899,17.282499
292705923,274.7241379,-74.17047438,0.48015699,,17.818001,16.8507
292752770,275.1025715,-74.78392705,0.34802699,,18.0336,17.080299
292752863,275.1181461,-74.70755678,0.247224,,17.2542,16.321699
292751964,275.2386119,-75.73315696,0.43971401,,17.8321,16.837299
292753106,275.1062664,-74.46436803,0.25296199,,18.0471,17.087
343946505,276.5986758,-74.23858814,0.306151,,18.1964,17.239799
292753140,275.3274424,-74.42967771,0.207919,,18.1089,17.1422
1688317664,274.5525283,-75.81125981,0.39931899,,18.2985,17.336
1688317665,274.5915037,-75.80701229,0.097857401,,18.4974,17.6537
1688350818,274.5696026,-75.25478503,0.115757,,18.1665,17.178801
1688359489,274.7203761,-74.57281805,0.22212,,18.389799,17.4764
1688395509,274.5836122,-74.12186361,1.0698299,,14.4766,13.5227
1688395593,274.6214529,-74.08774027,-0.229946,,18.6033,17.6367
1688357788,274.8597583,-74.78598565,0.125331,,18.9328,18.037901
1688357917,274.7105234,-74.72188643,0.0559633,,18.832199,17.9823
1688395652,274.8935699,-74.07569725,-0.13815001,,19.184299,18.227501
1688316082,274.6074503,-75.98706243,-0.42145601,,19.0938,18.2106
1688352750,274.6628033,-74.99430208,-0.67418897,,19.4298,18.5079
292753196,275.3543923,-74.37450235,8.2481203,,8.6920004,8.0810003
292752912,275.2434311,-74.65618271,1.59127,,11.7909,10.9794
292753301,275.0795306,-74.26966136,1.53023,,13.5845,12.6192
292747829,274.6761807,-75.07000395,2.88888,,10.9325,10.1899
292751865,275.3169979,-75.84340639,0.19866499,,17.037001,16.285299
292752546,275.0881812,-75.0320281,0.189318,,17.2999,16.3482
292751970,275.3510382,-75.72406548,0.24010199,,16.8908,15.9657
292752431,275.4432234,-75.17686841,0.33300301,,16.555799,15.5628
292747678,275.0400114,-74.90557808,0.38877901,,16.4559,15.6349
292747938,274.7697345,-75.15940212,0.814165,,14.2928,13.3991
292748021,274.8993395,-75.23598268,0.50049001,,15.5075,14.6274
292748198,274.674043,-75.40386383,0.77856201,,15.5464,14.6002
292751963,275.2615805,-75.73367508,0.34317699,,15.5225,14.5525
292752634,275.0780984,-74.92717096,0.71341699,,15.1196,14.2197
343879429,274.5164856,-75.85898908,0.965563,,13.5971,12.8048
343837712,274.3007489,-75.74858004,0.31867301,,16.5809,15.7632
343837707,274.5971681,-75.73242491,0.43627301,,16.3491,15.3782
343879523,274.3611123,-75.93080792,0.54882002,,15.6237,14.767
343837718,274.3035353,-75.75375394,0.39225999,,17.4282,16.482201
343837541,274.410088,-75.47862253,0.046882,,18.1464,17.148199
343837603,274.2957258,-75.57034181,0.34979299,,18.0732,17.235901
343837719,274.5102825,-75.75488707,0.26804301,,18.184099,17.218201
343887326,275.7894903,-75.46854663,0.0573988,,18.0096,17.0364
1688324099,274.1395746,-75.44466901,0.26741299,,18.333401,17.412901
1688341212,274.0205983,-75.4129357,0.349783,,18.211201,17.304701
1688341254,273.9669258,-75.39582434,0.089849196,,18.909401,18.017799
1688341755,274.0881264,-75.24704454,0.19917201,,18.6348,17.6583
1688343032,273.8957685,-75.16499994,0.34039801,,17.853001,16.894699
1688343430,274.0190888,-75.0641095,0.057765499,,18.895,17.930401
1688348324,273.8921334,-75.01027685,0.0230735,,18.659599,17.7897
1688348817,274.0244788,-74.88654417,0.068124004,,18.8169,17.9452
1688348862,274.05112,-74.85677102,0.079438798,,18.330999,17.431999
1688379088,274.2428374,-74.48042578,-0.0365506,,18.621599,17.681801
1688380884,273.9932084,-74.33334257,-0.047810599,,18.563999,17.6891
1688341628,274.0358758,-75.31530304,0.066907696,,19.097601,18.1917
1688343317,273.9332903,-75.13597108,0.036124598,,18.978201,18.019199
1688350102,274.1141043,-74.81432542,0.0044774199,,19.151899,18.203199
1688379083,274.0107212,-74.51045847,0.037392799,,19.0828,18.1509
1688317447,274.0743703,-75.87437688,0.20564499,,19.126801,18.205
1688317450,274.0390481,-75.88567684,-0.31898001,,19.702999,18.8389
1688317562,273.8055398,-75.84921157,-0.036189198,,19.6383,18.686701
1688321776,274.0506586,-75.79360916,0.25952199,,19.438299,18.481501
1688322047,274.1435975,-75.6977758,0.0585449,,19.9216,18.9935
1688322177,273.9357743,-75.7135555,-0.67180699,,20.2036,19.249701
1688322183,273.782462,-75.71634062,0.58858502,,19.3239,18.3304
1688322323,274.1448393,-75.66570109,-0.35567999,,20.6996,19.732
1688322429,274.1206028,-75.62956487,0.35894999,,19.9182,18.996901
1688323712,274.2303216,-75.50280324,-0.227865,,19.7043,18.806499
1688324134,274.0116528,-75.43601782,0.309165,,18.787001,17.857
1688324141,274.1939706,-75.41022086,0.31948301,,19.5298,18.645
1688341214,274.0912531,-75.40002124,0.190718,,19.9095,19.078199
1688341325,273.9476629,-75.36740796,0.069066301,,19.004299,18.1705
1688341327,274.065127,-75.34648613,-0.17783201,,20.9226,19.962
1688341627,274.0625191,-75.30881672,0.308541,,19.445,18.5077
1688341632,273.9450324,-75.32092534,0.448138,,19.3589,18.532499
1688341737,273.9361143,-75.27722156,0.0563379,,19.6642,18.696699
1688341747,274.0005857,-75.25975717,0.32426,,19.736099,18.889099
1688341757,274.1725622,-75.23717011,0.22188801,,19.8916,18.9548
1688342907,273.9225135,-75.23422479,-0.31666899,,19.774599,18.900999
1688342909,273.9332093,-75.22291342,0.135564,,19.2817,18.410601
1688343029,273.9352733,-75.16187535,0.088190302,,19.912901,18.9478
1688343033,273.9007328,-75.15953059,0.423219,,19.107401,18.207199
1688343042,274.1134042,-75.1260985,-0.105453,,19.6425,18.873699
1688343359,274.2328258,-75.07433939,0.18852501,,20.0867,19.263399
1688348728,274.0450987,-74.89425916,0.29911801,,19.663601,18.797501
1688348871,274.1403523,-74.86652346,-0.49991101,,20.3769,19.4307
1688350152,273.9836431,-74.79493898,0.46388999,,18.798401,17.9252
1688350153,273.9354684,-74.80425249,-0.36564401,,20.3204,19.450701
1688350209,274.2475645,-74.73558998,0.46964201,,19.2157,18.313299
1688350492,273.9951542,-74.73021884,0.43394601,,19.108101,18.1721
1688350565,274.1664489,-74.67666847,0.0292027,,18.890499,18.1276
1688350633,273.9485267,-74.66455252,0.029120401,,20.1549,19.285601
1688350676,274.1099806,-74.64802025,0.17290799,,18.927999,18.027
1688378631,273.9648537,-74.60230448,-0.28488901,,19.6264,18.7222
1688378668,274.0039387,-74.5707552,0.48399201,,18.7801,17.869301
1688378702,274.1318389,-74.55664119,-0.088547803,,19.742701,18.7722
1688379197,274.036423,-74.46710661,-0.0036676,,18.5623,18.1126
1688380419,274.0689813,-74.43359811,0.00264192,,19.4846,18.6108
1688380441,273.9992498,-74.42275133,-0.020463999,,19.7892,18.928101
1688380524,274.0096204,-74.39054771,-0.22739699,,20.207199,19.268999
1688380891,273.9530719,-74.33533905,0.38584101,,18.715799,17.748899
1688380900,274.1586644,-74.31161812,-0.0307051,,19.405701,18.5602
1688386136,274.0190724,-74.2538701,-0.134754,,19.173201,18.296499
1688386163,274.0294033,-74.22641469,0.44017899,,19.3262,18.413
1688386260,274.0264496,-74.18230808,0.14849199,,19.314501,18.380301
343879605,274.6138631,-75.99344387,0.54442197,,18.3295,17.339899
1688316148,274.2063795,-75.99089415,-0.0071260701,,19.4195,18.4331
1688316151,274.1727705,-75.9784541,0.49822399,,19.173,18.178699
1688317178,274.3231172,-75.9477079,0.111872,,19.6936,18.820999
1688317273,274.1562818,-75.92639893,0.511581,,19.0839,18.1348
1688317277,274.1577678,-75.90812878,0.31955099,,19.980499,19.072599
1688317292,274.3364725,-75.88852053,0.580351,,18.8822,17.9669
1688317295,274.3566837,-75.88065131,-0.30263999,,19.989901,19.1392
1688317613,274.1389131,-75.85000383,0.30346701,,19.989,19.0856
1688317629,274.2566544,-75.83221273,-0.087753899,,19.4513,18.5231
1688321926,274.1179401,-75.75657815,0.37164199,,19.820499,18.8717
1688322055,274.2152899,-75.68470389,-0.072572902,,19.2848,18.3992
1688322056,274.1876638,-75.68552607,0.026744001,,19.8482,18.8846
1688322438,274.1648766,-75.62713695,0.37153399,,20.101101,19.113701
1688322439,274.1661584,-75.61649644,0.070744701,,19.024599,18.1782
1688323655,274.3760903,-75.51150027,0.66565502,,19.357599,18.445299
1688323691,274.2521578,-75.52124485,-0.194663,,20.0145,19.068001
1688324179,274.4765199,-75.36285996,0.58387297,,19.8214,18.881399
1688341313,274.4210558,-75.31765188,0.10391,,19.354601,18.4177
1688341716,274.3596899,-75.24114225,0.032531202,,19.803101,18.985901
1688342950,274.1995881,-75.18117664,0.17720599,,19.6057,18.729099
1688342957,274.2864965,-75.16334777,0.68637401,,19.0718,18.157
1688343068,274.2319067,-75.12084983,0.086501002,,19.364401,18.4429
1688343520,274.3862164,-74.98095799,0.221781,,19.625099,18.831699
1688348285,274.3394252,-74.97415873,-0.41407099,,19.9886,19.1402
1688348320,274.3218747,-74.94414667,-0.20271,,19.098101,18.3088
1688348387,274.1199514,-74.95450094,0.479987,,18.996,18.0847
1688348889,274.2237564,-74.84270144,0.39252999,,20.2239,19.3269
1688350141,274.2964479,-74.75459719,0.23442,,18.8983,17.985701
1688350234,274.2717088,-74.71241691,0.0281296,,19.702299,18.7876
1688350545,274.2937367,-74.67965076,0.35905999,,20.026199,19.079901
1688350659,274.1902326,-74.65737017,0.274059,,18.941601,17.9974
1688350669,274.1898452,-74.65523494,0.48702499,,18.7012,17.834801
1688378571,274.1635717,-74.61310698,0.019688699,,19.775801,18.898199
1688378572,274.1884587,-74.5995313,0.126064,,19.0753,18.2715
1688378594,274.231359,-74.58273605,0.6627,,19.644899,18.678499
343836363,274.6465942,-74.05409302,0.495729,,17.159201,16.2019
343837409,274.4094529,-75.301172,0.35795301,,17.4599,16.5478
343837574,274.5225452,-75.53170028,0.224996,,17.1691,16.158001
343836521,274.6178861,-74.23074475,0.79157197,,14.6216,13.6582
343836635,274.4899862,-74.34860433,1.0638601,,14.6021,13.6353
343836711,274.6128133,-74.43586551,1.16659,,14.1161,13.2221
343836716,274.5045267,-74.44120136,0.52435702,,15.7133,14.8102
343836464,274.6361681,-74.17443103,0.96738702,,14.8265,13.8595
343836556,274.6026361,-74.257515,0.83835799,,15.0816,14.113
343836587,274.3020205,-74.28739067,0.497814,,16.518999,15.5773
343836669,274.4654331,-74.39040258,0.161713,,15.9564,15.3965
343836712,274.2807997,-74.43724883,0.94018698,,14.7309,13.7834
343836860,274.3208704,-74.59587116,0.405936,,15.9643,15.0706
343836863,274.6420184,-74.60258624,0.72589201,,15.1781,14.26
343836615,274.545118,-74.32122499,0.38613701,,17.8248,16.9606
343837521,274.6577287,-75.45691388,0.206314,,17.9645,16.946501
343837561,274.5391118,-75.51387835,0.475124,,17.5518,16.559401
343837137,274.3670811,-74.9310288,0.0300359,,16.937799,16.531401
343837215,274.4460404,-75.03145731,0.148735,,17.1861,16.2859
343837302,274.5993312,-75.15160061,0.49002999,,16.873199,16.0035
343837507,274.3514033,-75.44181864,0.13214,,17.292299,16.334101
343837338,274.5173039,-75.20239016,0.051401898,,18.2633,17.311701
292748372,274.9236444,-75.59575469,0.282134,,18.4834,17.4846
343836407,274.6290068,-74.1095332,0.026329299,,17.801001,16.9627
343836438,274.3977594,-74.14829517,0.27762699,,17.684999,16.717501
343836462,274.4290804,-74.16931828,0.457315,,17.822901,16.883301
343836627,274.3714759,-74.33459403,0.38341001,,17.1661,16.251801
343836710,274.3970223,-74.43476966,0.281279,,17.886999,16.9893
343836843,274.2922556,-74.58157234,0.32205799,,17.3729,16.408001
343836855,274.6546682,-74.59174107,0.185635,,17.909901,16.955799
343836980,274.3331569,-74.73095631,0.126408,,17.810499,16.898899
343837016,274.6545412,-74.7796532,0.147782,,18.2078,17.2964
343837035,274.3600183,-74.79838559,0.114121,,17.9888,17.0294
343837045,274.4078199,-74.80863261,0.245309,,17.776199,17.0308
343837084,274.5480461,-74.86339738,0.183009,,18.162201,17.2509
343837305,274.6579852,-75.15811269,0.40214601,,17.514799,16.531601
343837695,274.4210452,-75.70386595,0.320629,,17.9168,16.9501
343836461,274.5929982,-74.16769048,0.32899001,,16.7391,15.7759
343836928,274.3346597,-74.68311448,0.429456,,16.690001,15.7273
343837136,274.5565127,-74.92769356,0.25653401,,17.195999,16.373199
343837044,274.370982,-74.80649427,-0.115919,,18.117001,17.2134
343837703,274.4850026,-75.72656235,0.241345,,17.5788,16.6022
1688348415,274.1214623,-74.92999667,0.271308,,18.3596,17.407
1688389474,275.7196029,-74.30981,0.28518701,,17.903999,17.1651
1688389478,275.7074377,-74.30501565,0.10559,,18.7234,17.768299
1688317275,274.19517,-75.9238327,-0.045866001,,18.704201,17.7904
1688317593,274.180107,-75.86228742,0.092230901,,18.8351,17.941299
1688321920,274.261346,-75.76661203,-0.034656499,,18.8304,17.959101
1688323574,274.2445811,-75.5740922,0.083829299,,19.0739,18.1175
1688343051,274.4257839,-75.10080206,0.0083780196,,18.927401,18.093399
1688341312,274.3607558,-75.32079784,-0.124386,,19.179501,18.246
1688343521,274.3410823,-74.99255357,0.0600053,,18.7747,17.834801
1688348301,274.2130965,-74.96940396,0.0136385,,19.128401,18.182899
343836543,274.3917147,-74.24747988,2.0366299,,12.8471,11.97
343837684,274.4851935,-75.6881384,1.72465,,13.3764,12.5191
343837086,274.4482055,-74.86391088,2.2522199,,12.2721,11.4096
343837445,274.3053527,-75.36326805,1.26197,,12.7384,11.8587
343837522,274.4715045,-75.45775596,1.49062,,12.3749,11.5251
343837689,274.3616973,-75.69910317,0.24069799,,17.082899,16.300301
343837762,274.3912314,-75.80072389,0.42169699,,16.365499,15.4248
292748493,275.0152358,-75.71765083,0.48749799,,16.229099,15.3086
343837308,274.5404419,-75.16369079,0.378957,,16.585899,15.6109
343837380,274.6207752,-75.24956551,0.405316,,16.541401,15.634
343837765,274.3175074,-75.80227498,0.69148499,,15.8458,14.8662
343837083,274.2829504,-74.86201202,0.31896999,,15.8026,14.9991
343837046,274.3756883,-74.80934024,0.85109502,,15.1306,14.1907
343837082,274.4029443,-74.86081914,0.551525,,15.8371,14.9125
343837231,274.3621014,-75.04649726,1.19089,,14.0901,13.1842
343837468,274.3438734,-75.39500911,0.56677401,,16.0112,15.154
343837628,274.36099,-75.60851175,0.58275098,,15.2364,14.2885
343837701,274.3447021,-75.72322806,0.51269102,,15.5928,14.743
292748379,274.6790448,-75.60136881,0.53504801,,15.3759,14.4231
292748492,274.6902479,-75.71610082,0.76767302,,14.2278,13.4136
1688352446,274.7831698,-75.03496471,0.120298,,18.472099,17.532801
1688352767,274.6993837,-75.00187625,0.169539,,18.843599,17.9067
1688357362,274.66882,-74.89107426,-0.059436001,,18.6255,17.817801
1688357780,274.6290302,-74.81449725,0.0126601,,18.5807,17.6206
1688357782,274.6231794,-74.81155514,0.081656799,,18.8335,17.9928
1688357896,274.7729005,-74.74245526,0.102125,,18.670601,17.775801
1688359388,274.7928036,-74.58970521,0.168883,,18.68,17.7659
1688388770,274.6532762,-74.44129779,-0.0204581,,18.924999,18.0198
1688389190,274.8122521,-74.40085696,-0.119755,,18.7635,17.925301
1688395623,274.7882663,-74.10556751,-0.055815101,,18.9212,17.9841
1688395624,274.7887539,-74.09959117,0.0621709,,19.0151,18.044201
1688395748,274.8878104,-74.01972587,0.401472,,18.3808,17.441999
1688352365,274.7772685,-75.05894382,0.33740699,,19.207701,18.3463
1688352458,274.7201707,-75.02343222,0.248826,,19.4475,18.666401
1688352441,274.7193434,-75.04314642,0.497006,,19.6133,18.7826
1688352442,274.748475,-75.03390571,-0.184533,,20.086201,19.1924
1688352447,274.8694196,-75.03310497,0.197733,,18.960699,18.1341
1688352451,274.8209289,-75.01993455,0.45050699,,18.8081,17.8426
1688352765,274.6879833,-75.00363212,-0.310516,,20.349199,19.4811
1688352792,274.8451511,-74.9457959,0.16096701,,19.3169,18.516399
1688357376,274.7442838,-74.86646955,0.0618666,,19.8158,18.913401
1688357385,274.8912788,-74.83683693,0.236883,,19.1381,18.2435
1688357471,274.8275831,-74.83220638,0.29321399,,18.650999,17.8092
1688357803,274.615122,-74.80655896,0.43057799,,19.752399,18.862301
1688357808,274.7289162,-74.78878242,-0.57841098,,20.075701,19.192301
1688357906,274.6527999,-74.75420012,-0.48067099,,20.2579,19.3283
1688359407,274.7331313,-74.58243422,-0.0058206799,,19.040899,18.1901
1688359523,274.730336,-74.53035257,0.35010901,,19.222601,18.3269
1688388687,274.7184896,-74.48680518,-0.83501601,,19.469101,18.6408
1688388904,274.8794778,-74.40487586,0.073797897,,19.7549,18.7831
1688389055,274.6604005,-74.41580584,0.70841199,,19.0382,18.093901
1688389056,274.7448994,-74.40252436,0.093646199,,19.7143,18.9363
1688390314,274.6740782,-74.30986324,0.072005302,,19.817801,18.8253
1688390323,274.6728796,-74.29781525,0.43205199,,19.7353,18.8298
1688390404,274.6935857,-74.27528253,0.53829199,,19.9149,18.9883
1688390978,274.763221,-74.13882423,0.33970901,,18.3566,17.608101
1688390887,274.8979768,-74.16881624,-0.70048499,,20.5646,19.616699
1688390889,274.8598393,-74.16045275,0.65364403,,18.9986,18.052299
1688395616,274.7318907,-74.13140998,-0.13383,,19.344801,18.427099
1688395619,274.7761815,-74.11859102,0.58267498,,19.445299,18.497101
1688395620,274.6849015,-74.11797969,0.324536,,18.851299,18.0131
1688395632,274.9137876,-74.0975795,0.14568099,,19.413601,18.5947
1688396083,274.7209677,-74.00041845,0.36004299,,18.9909,18.0317
1688379063,274.2291347,-74.50968711,0.30564699,,18.661501,17.711
1688379067,274.1530837,-74.50961514,0.38489699,,18.3969,17.4373
1688395512,274.1821835,-74.17702926,0.150794,,18.512501,17.619499
1688395957,274.1636427,-74.04533578,0.081251502,,18.622601,17.6495
1688397217,274.2888159,-74.01163644,0.134929,,18.865499,17.9538
1688359236,274.9675915,-74.61559933,0.071311697,,18.531601,17.6229
1688388886,274.995511,-74.41573772,0.29359099,,18.537001,17.5555
1688389303,274.8383774,-74.33919312,-0.079149403,,18.051399,17.4723
1688391008,275.1216089,-74.09793067,0.15520801,,18.3762,17.589399
1688352470,274.937942,-74.99618984,0.0766389,,18.7395,17.9041
1688357979,275.0215257,-74.71385649,0.0262571,,18.8099,17.840099
1688390929,275.0429714,-74.12536522,0.097699299,,18.9729,18.079399
1688390933,275.1015683,-74.13199298,0.106568,,19.0354,18.1
1688395813,274.1704336,-74.13499686,-0.174784,,18.9601,18.056
1688397200,274.1837596,-74.03643861,0.036784101,,19.216499,18.2721
1688379070,274.2020221,-74.49864732,0.52275699,,18.886801,17.955799
1688388619,274.3487755,-74.54468961,0.402511,,19.591499,18.6612
1688390234,274.3967927,-74.3811425,0.020148899,,19.351801,18.4363
1688390666,274.2409628,-74.27444757,0.0245187,,19.0921,18.178499
1688395427,274.2689646,-74.20076198,-0.32636601,,19.6793,18.714199
1688395437,274.3716151,-74.17805519,0.436627,,18.581499,17.695299
1688395814,274.2146999,-74.12802624,0.33723399,,19.0833,18.1513
1688395819,274.2658526,-74.11799452,-0.0261185,,19.9634,19.0158
1688395538,274.2020938,-74.15512902,0.15282799,,19.815001,18.878201
1688395959,274.2262733,-74.04374854,0.60731798,,19.115999,18.1756
1688395939,274.2991514,-74.05670017,-0.021598101,,19.6959,18.792299
1688395943,274.2714687,-74.05798898,0.218045,,19.799601,18.870899
1688395972,274.2999913,-74.02692825,0.335702,,20.1411,19.1717
1688352797,274.9145362,-74.93018513,-0.36836201,,20.196501,19.4077
1688353050,274.9672515,-74.88086315,-0.54060602,,19.7544,19.0728
1688353061,275.1391664,-74.8559123,0.34280401,,18.8997,17.958401
1688357940,274.9621951,-74.74921414,0.44401199,,19.2563,18.294701
1688357970,274.9406582,-74.73306018,-0.063266903,,19.2773,18.4056
1688359126,274.8953097,-74.68272186,0.321156,,19.3505,18.377899
1688388794,274.83078,-74.47531276,-0.132378,,19.3381,18.5145
1688388884,274.9199674,-74.43670645,0.30167499,,19.323299,18.427099
1688389301,274.8205331,-74.34488612,0.207155,,19.456301,18.496099
1688390529,275.1555285,-74.21704602,0.122106,,19.2736,18.4681
1688390551,274.908935,-74.24238333,0.464044,,19.863501,18.927999
1688390575,274.8388174,-74.22601603,-0.52469498,,19.8895,18.911501
1688390858,274.837293,-74.21043794,-0.42758101,,19.9132,19.0765
1688390890,274.8326867,-74.16562431,-1.53985,,20.432199,19.568399
1688390926,275.0065204,-74.14556163,-0.191751,,19.734501,18.8083
1688390927,275.0150966,-74.14894541,0.31722701,,18.942699,17.960501
1688390985,274.8682927,-74.1263291,0.38075799,,19.666901,18.7423
1688391014,275.1434828,-74.09947259,0.55780202,,18.513399,17.555599
1688395638,274.8976327,-74.08389259,-0.218135,,19.700199,18.8825
292752395,275.3048389,-75.21822646,1.9828,,13.8131,12.8456
292752196,275.4345577,-75.46939928,0.647973,,16.0378,15.0566
292752165,275.2493571,-75.49431503,0.66026598,,15.0103,14.0326
292752296,275.217956,-75.32619338,0.91537702,,14.9379,13.9579
292752535,275.1016721,-75.05885315,0.611,,15.7216,14.8191
292752798,275.3750161,-74.7635836,0.66580302,,14.8678,14.0025
292753164,275.1141723,-74.4061385,2.2376699,,12.0659,11.3256
292753316,275.2673749,-74.25038088,1.53956,,12.7978,11.9448
292752462,275.1543337,-75.14126755,0.479251,,16.216801,15.3174
292753349,275.2343328,-74.22145716,0.49334401,,15.4131,14.5428
292753437,275.4019089,-74.11733644,0.370792,,17.299801,16.316799
292752708,275.3997272,-74.84829877,0.398684,,15.9191,14.9691
292752945,275.2601187,-74.63005819,0.50371897,,15.5697,14.6373
292753143,275.2277521,-74.42516303,0.25379699,,15.6717,15.0801
292753247,275.312874,-74.32763672,0.743056,,15.2396,14.2914
292753438,275.3249851,-74.11705396,0.46183601,,17.124599,16.157101
292752796,275.3662293,-74.76376881,0.58139199,,16.7139,15.7457
292752025,275.2578441,-75.65566844,0.29049399,,18.4692,17.540501
292752586,275.3899446,-74.97811173,0.34083599,,18.371201,17.377899
292753347,275.1472985,-74.22283477,0.33990499,,16.6017,15.6864
292751876,275.3794005,-75.83382096,-0.23560201,,18.023399,17.1639
292752566,275.4847213,-74.99711168,0.41755801,,18.377501,17.406099
292752747,275.3017037,-74.80753731,0.22095899,,18.3881,17.4366
292752801,275.3223415,-74.75667113,0.26262,,18.3039,17.380199
292752199,275.4096709,-75.4688209,0.41046199,,17.883699,16.946899
292752246,275.2677537,-75.40345261,0.334259,,17.2913,16.2815
292752435,275.4460396,-75.17130857,0.320856,,17.5138,16.511499
292752608,275.2823907,-74.95608842,0.020153999,,18.080799,17.1327
292752707,275.0920242,-74.84829611,0.32309201,,17.886801,16.9352
292752719,275.3548975,-74.83853692,0.203225,,17.750799,16.898399
292752766,275.320924,-74.79103928,0.089653,,17.5585,16.6313
292753169,275.2308558,-74.39967298,0.338018,,17.6579,16.7544
292753350,275.3908547,-74.22101378,0.212097,,17.815901,16.8925
292753378,275.3657014,-74.1859295,0.242292,,18.1359,17.2218
292753363,275.2080003,-74.20490499,0.45420301,,18.496401,17.5441
292752168,275.2426832,-75.49207337,0.18057901,,17.315399,16.295401
292752169,275.2362124,-75.49187429,0.38626799,,17.982201,17.0236
292753322,275.3036771,-74.24735321,0.062502101,,17.9758,17.0333
1688325904,275.2583609,-75.77456691,-0.069828503,,18.622101,17.6129
1688326405,275.367562,-75.58775909,0.110765,,18.7637,17.7488
1688324392,275.3998979,-75.92167455,-0.0154824,,19.2054,18.242701
1688304432,275.5168264,-75.96271798,-0.315891,,19.4009,18.540501
1688324751,275.4962212,-75.83782131,-0.37132901,,20.1133,19.104099
1688324771,275.4832474,-75.8198366,-0.290021,,19.356001,18.492399
1688324860,275.2423326,-75.81064354,0.29766399,,19.141199,18.254999
1688324864,275.3624273,-75.7793257,-0.151393,,19.4307,18.526899
1688324872,275.4998261,-75.77822801,-0.43135101,,20.1558,19.170099
1688325896,275.2346117,-75.78813074,0.40682,,18.7733,17.814699
1688326406,275.4283836,-75.57576914,0.041670501,,19.924601,19.0697
1688326407,275.4539696,-75.60906592,0.0703573,,19.510799,18.767099
1688330645,275.420042,-75.5677248,0.0697072,,19.3074,18.336901
467905068,275.8053337,-74.04013864,1.51955,,13.2069,12.394
467904444,275.8153712,-74.89333027,0.95289302,,14.9656,14.0363
467904762,275.7341804,-74.42973266,0.030784801,,17.246599,16.5432
467905064,275.5929005,-74.04823663,0.38074899,,16.881001,15.9429
467904943,275.7517612,-74.1905297,0.32648399,,16.4811,15.6018
467904761,275.6391332,-74.42976316,0.41882399,,16.989901,16.007
467904228,275.4941975,-75.2071179,0.174191,,17.818199,16.818399
467904668,275.6393384,-74.56931836,0.170632,,18.2735,17.3004
467904360,275.5289065,-75.02908328,0.243625,,17.893499,16.9063
1688388696,274.2814299,-74.53252067,0.044398502,,18.4802,17.5397
1688395950,274.3686794,-74.03344789,0.193928,,18.5672,17.6443
1688395951,274.3810374,-74.032164,0.18046901,,18.3165,17.3479
1688388729,274.3240378,-74.50050875,-0.18163501,,18.922501,18.009399
1688390763,274.2643375,-74.23372314,0.069590002,,18.900101,17.961
1688390333,274.291071,-74.33681832,-0.0165825,,18.861799,17.978399
1688358933,274.4499536,-74.76487949,0.21000899,,19.2992,18.342501
1688359019,274.3593375,-74.73005259,-0.166283,,20.153999,19.2568
1688359419,274.3877713,-74.63031102,0.50136602,,20.063101,19.125601
1688388606,274.3100657,-74.56928714,-0.54314899,,20.0305,19.1285
1688388726,274.3151344,-74.52387082,0.219789,,19.0362,18.261499
1688388734,274.4976887,-74.49138603,-0.41171101,,19.4841,18.5735
1688388707,274.4178225,-74.52879188,0.41521999,,19.5954,18.6497
1688388987,274.273343,-74.49263998,-0.29591399,,19.406099,18.504801
1688388991,274.3407674,-74.47310435,0.121106,,18.891399,18.077999
1688389119,274.3470341,-74.40545366,-0.24405999,,19.741899,18.841299
1688389120,274.3379168,-74.40438475,0.155893,,19.489201,18.5492
1688390362,274.3128762,-74.33084233,-0.035907701,,18.8874,18.143
1688390631,274.2505025,-74.31222427,0.336413,,20.1439,19.192499
1688395529,274.3769968,-74.14076432,-0.17126,,20.085199,19.2677
1688395531,274.3409507,-74.13905882,0.39017001,,19.9076,18.9519
1688395842,274.1900586,-74.10713031,-0.356222,,19.732599,18.7614
1688395966,274.3301224,-74.03598817,-0.53376597,,20.0821,19.241301
292751909,275.1862542,-75.79994915,0.98366499,,11.6496,10.9661
292751788,275.2703697,-75.9310643,3.6407299,,11.3992,10.6958
292753294,275.4126776,-74.27458856,0.95701402,,12.679,12.0606
292753399,275.2531241,-74.15486778,1.33433,,13.4351,12.5242
292753444,275.178706,-74.1105014,1.2796299,,13.5118,12.673
292751943,275.1550021,-75.7485801,0.35938999,,17.551399,16.5744
292751913,275.2869589,-75.79918225,0.55176198,,16.063,15.1636
292752151,275.3986668,-75.51548154,0.59147602,,16.511499,15.5181
292752440,275.1636107,-75.16407844,0.241006,,16.212299,15.3949
292751875,275.4410366,-75.83666221,0.940292,,14.7054,13.8374
292751916,275.0871089,-75.78956449,0.86116201,,15.8506,14.8716
292752339,275.1668934,-75.2845957,1.28276,,13.8905,12.9591
292752643,275.1083212,-74.91785372,0.65383202,,15.0468,14.0905
292752849,275.2579815,-74.71451955,2.1486599,,12.3325,11.4892
292752890,275.3487385,-74.67832143,2.4290199,,12.6988,11.8618
292753203,275.178834,-74.36985502,1.60921,,12.7953,11.9124
292752443,275.199097,-75.16085357,0.281149,,16.9002,15.9999
292751904,275.177805,-75.80301643,0.97067797,,14.8462,13.8554
292752846,275.2789073,-74.71543077,1.0456899,,14.4374,13.4659
292753158,275.0803854,-74.41069462,0.81823403,,14.614,13.6987
292753172,275.4222523,-74.39800988,1.06159,,13.6947,12.9388
292753262,275.4622198,-74.31636072,0.82519901,,14.8634,13.917
292753390,275.213309,-74.16504553,1.33727,,14.8554,13.9106
292753428,275.1486581,-74.12807523,1.13508,,14.2017,13.2976
292753265,275.3673625,-74.30773974,0.269124,,16.756399,15.969
292752714,275.1169613,-74.84051364,0.43477401,,16.7253,15.7727
292753096,275.2095928,-74.47286389,0.559223,,15.6862,14.7932
292753293,275.2524275,-74.27562659,0.42480999,,16.420099,15.4495
292753406,275.093893,-74.14242753,0.58678699,,15.4391,14.4819
292751779,275.1039912,-75.93666989,0.215137,,18.3307,17.420799
292751868,275.5259185,-75.84205702,-0.088721201,,18.587799,17.589899
292751950,275.1580274,-75.74358835,-0.060671199,,18.476801,17.533001
292751952,275.0785179,-75.74116212,0.212862,,17.4491,16.4545
292752066,275.1578862,-75.5993829,0.28773099,,17.1819,16.147699
292752072,275.4015603,-75.59346782,0.43005899,,17.294901,16.2693
292752186,275.3254796,-75.47991707,0.38902199,,18.5107,17.5068
292752303,275.1450262,-75.3205991,0.154479,,17.2962,16.5954
292752336,275.3737976,-75.28729973,0.041206501,,17.178499,16.3027
292752401,275.3902664,-75.21091493,0.27782199,,17.229099,16.2239
292752465,275.2006675,-75.13834738,0.26770401,,18.3815,17.503401
292752740,275.1358041,-74.81549737,0.14026999,,17.113001,16.4925
292752856,275.1976455,-74.71179978,0.47317401,,17.207199,16.233101
292752884,275.3126118,-74.68294759,0.113006,,17.2831,16.7367
292753037,275.1026492,-74.54150244,0.25904,,17.108,16.1555
292753123,275.1770542,-74.44927593,0.287664,,18.2729,17.300699
292753341,275.108207,-74.22880413,0.372881,,18.2582,17.3477
292753395,275.3004092,-74.1595229,0.28747299,,17.0404,16.102501
292753398,275.4345085,-74.15521093,0.21377601,,18.375401,17.535801
292751743,275.2753667,-75.97982088,0.49189401,,18.102301,17.1099
292751874,275.292884,-75.8403974,0.15198,,17.592899,16.6437
292752283,275.1145285,-75.33956296,0.124809,,17.600201,16.584499
292752284,275.1292962,-75.33876834,0.41347,,18.168699,17.155899
292752467,275.2403725,-75.13749382,0.301016,,17.8328,16.8347
292752484,275.14418,-75.11453895,0.190722,,17.8897,17.028
292752880,275.1728412,-74.68762301,0.032693598,,18.139799,17.181499
292753033,275.2386431,-74.54482327,0.12801,,17.596001,16.639099
292753069,275.3164336,-74.50591075,0.13337199,,18.3769,17.497999
292753131,275.2628324,-74.44491915,0.122801,,17.7607,16.794201
292753162,275.5113243,-74.4084512,0.25422499,,18.302401,17.3843
292753201,275.4235912,-74.37236029,0.185489,,17.7738,16.821899
292753344,275.1715729,-74.22561526,0.255613,,17.7337,16.776199
292753442,275.1132315,-74.11264944,0.208905,,18.360001,17.385
292752447,275.1054118,-75.15651728,0.35338601,,17.67,16.682199
292752530,275.243586,-75.0644356,0.33581001,,18.051701,17.096399
292752898,275.3075724,-74.67152973,0.398105,,17.229799,16.2826
292751782,275.3465671,-75.93510603,0.063894801,,18.062401,17.1259
292751783,275.2539322,-75.93430897,-0.035357401,,17.704399,16.8601
292752191,275.5069778,-75.4766603,0.28584301,,18.5741,17.5697
292752715,275.1261951,-74.84030114,0.136914,,18.3123,17.3575
292753163,275.4088124,-74.40641236,0.19093899,,18.0688,17.098301
1688350506,273.9610154,-74.7336624,0.128648,,18.9454,18.0287
1688350634,273.9689066,-74.67079789,-0.01016,,18.945,18.042
1688378640,273.9607758,-74.59642039,0.0069399099,,18.570801,17.694901
1688379164,273.8924679,-74.49025322,-0.122185,,18.903099,17.991199
1688386629,274.087484,-74.12866599,0.045205299,,18.652599,17.7869
1688388047,274.034304,-74.0371164,-0.0123135,,18.906099,18.0439
1688351249,274.922427,-75.10696314,0.155275,,18.5376,17.5578
1688352780,274.7145753,-74.97764669,0.048187502,,19.163401,18.240299
1688352917,274.8779841,-74.89410607,-0.133074,,18.706699,17.8276
1688357354,274.8748254,-74.87722555,0.103133,,18.776199,17.8162
1688357356,274.8956637,-74.87205873,-0.448183,,19.500099,18.554701
1688389236,275.0667647,-74.35128884,0.158729,,18.935801,17.9522
1688389316,274.9527108,-74.31265464,0.0534564,,18.568199,17.6024
1688390842,274.7142081,-74.22836925,0.066971198,,18.7416,17.831301
1688390845,274.7561397,-74.21414239,0.13603,,18.5783,17.6682
1688390991,274.8480279,-74.11650328,-0.0887281,,18.856501,17.8829
292752195,275.3639107,-75.47035091,0.19651701,,18.060101,17.388901
292752617,275.3789701,-74.94402341,0.37538299,,18.156799,17.302401
292752790,275.1176364,-74.77026243,0.36557499,,18.4972,17.5777
292752980,275.4515658,-74.60189608,0.45556301,,18.555201,17.6021
292753532,275.2284052,-74.01972412,0.66136003,,18.8479,17.884399
1688378515,273.8146874,-74.65383303,0.26299399,,18.602501,17.735201
1688378539,273.9632383,-74.62642406,-0.079971001,,19.701,18.831301
1688378681,274.1124944,-74.57713563,-0.0150654,,19.2153,18.345301
1688379009,273.8977146,-74.5560817,0.57547498,,19.834,18.8981
1688380378,273.9768176,-74.44802778,0.059503701,,18.4881,17.765301
1688380826,273.8510516,-74.38641198,-0.154333,,19.4037,18.4834
1688380855,273.997189,-74.35618594,0.78388202,,19.384001,18.452999
1688380858,274.0568387,-74.34615307,0.76305503,,19.7626,18.8223
1688380933,273.824774,-74.32768766,0.0087034898,,19.298,18.379801
1688386083,273.8872591,-74.2790224,0.185644,,19.618299,18.6945
1688386228,273.8141098,-74.20974512,-0.19250999,,20.217699,19.341499
1688386246,273.997228,-74.20801574,0.32466799,,20.024099,19.1525
1688386271,274.0010362,-74.17960687,0.15131301,,19.181601,18.2974
1688388044,273.9201518,-74.04353572,0.72577399,,20.024,19.052099
1688388101,273.8797923,-74.03859483,-1.0987,,19.750401,18.8885
1688352337,274.7517409,-75.08154532,-0.75897801,,20.1537,19.2178
1688352476,274.8727709,-74.99380343,-0.21741299,,19.799601,18.8316
1688352776,274.8923811,-74.97125248,0.140055,,19.787901,19.016899
1688352777,274.8251453,-74.9790619,0.0373981,,19.586,18.618401
1688357633,274.9223406,-74.78946931,-0.041159902,,19.700899,18.7323
1688358060,274.910608,-74.70133029,0.225033,,19.055599,18.0917
1688359152,274.9342181,-74.63743378,0.38419399,,19.4624,18.5079
1688359153,275.0073113,-74.6361717,0.429151,,19.8246,18.929501
1688359156,275.0314295,-74.62794123,0.113751,,19.3547,18.4632
1688359534,274.9326313,-74.58165798,0.30929899,,18.911699,17.9485
1688359645,274.8821959,-74.50612326,0.486635,,19.283199,18.420401
1688389219,274.8538323,-74.37509376,0.122031,,19.619101,18.670601
1688390466,274.7398439,-74.29074521,0.037957199,,20.284,19.369801
1688390568,274.7475371,-74.22860399,0.268718,,19.361401,18.461599
1688390561,274.9596619,-74.22271104,0.065597802,,18.8276,17.9953
1688390970,274.757149,-74.14642022,0.205079,,19.3734,18.4224
1688390997,274.912567,-74.10911242,0.043044101,,19.1348,18.3349
1688395758,274.9355388,-74.03569352,-0.176615,,20.001699,19.1446
343761923,273.7771521,-74.07191803,1.57379,,12.6587,11.8328
343762629,273.562687,-74.87599798,2.5945101,,12.872,11.9832
343761929,273.720653,-74.07701018,0.60500199,,16.1831,15.2231
343762973,273.686426,-75.34636184,0.437498,,16.453199,15.4985
343761987,273.7508436,-74.13848517,0.66885698,,14.276,13.4385
343762593,273.7393258,-74.83080656,0.565844,,15.5061,14.5894
343762611,273.7506705,-74.85743331,1.35905,,13.9248,13.0081
343762784,273.6342705,-75.069404,1.0932,,14.2142,13.2561
343762802,273.742845,-75.10523289,0.88305598,,14.7957,13.8538
343762821,273.7935776,-75.13910834,0.33682799,,15.1975,14.4869
343762934,273.8511185,-75.2943822,0.78445899,,14.596,13.8361
343762969,273.8632442,-75.33858442,0.69365299,,15.9301,14.971
343762067,273.6952268,-74.20561585,2.02246,,13.3089,12.4181
343762227,273.7751515,-74.38912409,1.47655,,13.1782,12.3239
467905086,275.7862694,-74.01544945,0.13180999,,17.408701,16.7181
292705759,274.8739947,-74.02395566,0.41175601,,16.9028,16.0987
343762037,273.8332209,-74.17590618,0.83287901,,14.0192,13.0622
343762293,273.7091154,-74.46868141,0.66083902,,14.6172,13.7468
292705737,274.9002786,-74.00453052,0.68492103,,14.6923,13.7848
343761984,273.5451831,-74.13641392,0.134122,,16.9485,16.3407
343762360,273.5994143,-74.54803275,0.29053199,,17.098301,16.154499
343762228,273.7270931,-74.38998655,0.14606901,,16.6791,15.8925
343761886,273.860383,-74.01344752,0.32438999,,16.6045,15.6743
343762242,273.7791408,-74.41574907,0.76519102,,16.2222,15.2652
343762302,273.6915318,-74.47984545,1.0125099,,14.88,13.9435
343762553,273.5305949,-74.78403366,0.128754,,17.7631,16.8043
343762465,273.8366005,-74.66452103,0.336086,,16.580799,15.6446
343762055,273.7329205,-74.19418304,0.113365,,18.117399,17.243601
343762103,273.5985332,-74.24405014,0.066201001,,18.065599,17.132299
343762286,273.587506,-74.4597982,0.47981301,,17.8766,16.9363
343762584,273.7242319,-74.816526,0.221019,,17.9638,17.0109
343762937,273.7761982,-75.30074163,0.32782099,,17.557699,16.745199
343762955,273.5705694,-75.32054547,0.34650901,,17.405899,16.441099
292705779,274.7543356,-74.03858083,0.105366,,17.7526,16.805599
292705784,274.7547846,-74.0419568,0.358585,,17.8582,16.8925
343761883,273.8618692,-74.00952081,0.0948378,,17.3013,16.3468
343762144,273.5126383,-74.30468566,0.30756399,,17.824699,17.013201
343762218,273.7472298,-74.38411256,0.076656297,,18.0842,17.1248
292706145,274.9898589,-74.36550912,4.7654901,,10.0077,9.37607
343836833,274.4599739,-74.57536531,2.46892,,10.8284,10.3396
292747868,274.8925024,-75.0979931,2.1064,,11.3516,10.7885
343879413,274.4005097,-75.84281201,1.17076,,13.1847,12.394
292705762,274.7375657,-74.02594721,0.218538,,18.039101,17.159901
343762047,273.5687197,-74.18048276,0.18138701,,18.193001,17.4058
1688322128,273.6573414,-75.75586886,-0.047377098,,18.892799,18.051399
343879451,274.6338015,-75.87817388,0.71638501,,12.6335,12.0216
343836579,274.629643,-74.28036256,3.1095901,,12.4201,11.5766
1688323346,273.6156502,-75.67219526,0.0596378,,19.1231,18.197599
1688323371,273.5820088,-75.65156778,0.28781399,,18.5525,17.5783
1688323451,273.4676338,-75.64524328,0.248468,,18.975599,17.979
1688323779,273.6205612,-75.57938069,0.124436,,18.8526,17.877199
1688323780,273.6431238,-75.57649917,0.28158,,18.334499,17.4263
1688323874,273.4294863,-75.55671574,0.232747,,18.434,17.554501
1688323899,273.6128191,-75.51732175,0.101999,,18.576401,17.678801
1688340980,273.4555617,-75.49950205,0.0591686,,18.473499,17.483601
343837058,274.2908443,-74.82846453,0.38481501,,17.511101,16.5616
343879569,274.5052945,-75.96167484,0.32467401,,16.4846,15.7137
1688343218,273.5184561,-75.13960161,0.091843098,,18.709499,17.744301
1688348010,273.4760836,-75.12282515,0.125599,,18.655899,17.793699
1688348620,273.5381458,-74.94560907,0.20262501,,18.9578,17.980499
292747854,275.0580623,-75.08339315,1.2879699,,14.5543,13.6275
343830683,274.215903,-75.49783448,0.76442498,,14.2305,13.312
1688350452,273.5439463,-74.73946156,0.178399,,18.5033,17.565599
1688378338,273.572287,-74.73001969,0.199867,,18.357401,17.444201
343830619,274.2460326,-75.5866578,1.28642,,14.3104,13.4183
343830782,274.1820017,-75.38328689,0.73777598,,14.1401,13.2819
343837367,274.5018737,-75.2388162,0.70169002,,15.5237,14.6078
343837168,274.2871106,-74.97232651,0.987234,,14.4526,13.5465
343837578,274.3556182,-75.53537351,1.06071,,14.8302,13.8456
292747477,274.8845457,-74.71633259,1.75344,,14.1522,13.2011
343831036,274.1313672,-75.07157035,0.47984299,,16.491301,15.5368
343830431,274.1407699,-75.79245865,0.80963999,,15.5002,14.5325
1688385936,273.6509076,-74.3002379,0.016309001,,18.4436,17.562401
1688386008,273.6041357,-74.28405045,0.020299699,,18.528999,17.688299
1688386503,273.6129177,-74.17317839,0.189264,,17.882099,17.0306
343830725,274.103791,-75.4496028,1.15968,,14.7705,13.8041
343830779,273.9860414,-75.38503007,0.70284402,,16.0755,15.1293
343837193,274.3955661,-75.00736694,0.87820899,,15.5947,14.6718
343837365,274.4329806,-75.23625358,0.59241498,,16.2624,15.4146
1688388241,273.3998313,-74.06382893,0.080383196,,18.446301,17.5054
343837624,274.5531537,-75.60243555,0.408187,,16.2145,15.2297
343837625,274.4596633,-75.60288603,1.01264,,15.2234,14.2691
343879617,274.3665242,-75.99934562,0.75594801,,15.5153,14.5686
343837029,274.3495706,-74.79523854,0.29986101,,15.078,14.4578
343837289,274.4305281,-75.13700122,0.99330801,,13.9672,13.1096
343837394,274.2969411,-75.27501118,1.03769,,14.7954,13.8587
292747512,274.7655113,-74.7473962,0.51450998,,15.4561,14.6336
292747542,274.9677185,-74.78148568,0.94191599,,15.4973,14.5451
292747543,275.0054821,-74.7826948,0.66565597,,16.158199,15.2674
292747546,274.7185372,-74.78945805,0.78740001,,15.2911,14.4463
292748064,274.9847437,-75.27900316,0.70795602,,15.4366,14.5723
1688321823,273.6039126,-75.81587364,-0.47395101,,19.1397,18.168699
1688378479,273.6513133,-74.63929552,-0.092372,,19.147699,18.266701
1688386005,273.4963424,-74.30030815,-0.115573,,18.9785,18.0271
1688343219,273.5895853,-75.13408059,-0.46691799,,19.429199,18.469999
1688342810,273.5277763,-75.25084474,-0.69199598,,19.552999,18.6437
343831374,273.9322348,-74.71130078,0.96499503,,13.3045,12.4967
343836901,274.5199339,-74.65414403,1.81378,,13.5684,12.7157
343830445,274.2685973,-75.78088434,0.298004,,17.039,16.1245
343879409,274.4153176,-75.83946878,0.32956299,,17.3472,16.365601
343837325,274.5680333,-75.18733143,0.14055499,,17.5588,16.5998
343830997,274.094169,-75.11497326,0.169559,,16.8407,16.156799
343837031,274.5319175,-74.79670614,0.0296664,,16.1873,15.738
343837115,274.5928624,-74.90544808,0.0176581,,17.8032,16.902599
343837490,274.4852378,-75.41983158,0.321428,,17.004801,16.003201
292706050,274.837367,-74.27716976,0.39330399,,16.9844,16.019899
343831983,274.0491934,-74.08061798,0.80927902,,14.3894,13.5062
343836489,274.3945829,-74.20110605,0.89076,,15.0248,14.0464
292705886,275.0558794,-74.13543275,0.89009702,,15.2623,14.3075
343831680,274.0084515,-74.38080404,0.706541,,16.5425,15.7553
292747651,274.9641204,-74.88204201,0.58147401,,17.0467,16.1234
292747960,274.945489,-75.1832336,0.25172099,,17.2124,16.2304
1688316834,273.4790776,-75.98271912,0.20709699,,19.6492,18.8319
1688316840,273.4768368,-75.97689163,0.34812701,,19.145901,18.173901
343831275,274.2695757,-74.81506369,0.57342798,,16.313499,15.3692
343831352,274.2039577,-74.73049341,0.69683999,,15.0954,14.1652
343831438,274.2374966,-74.63256631,0.357335,,15.9106,15.0068
343831656,273.9914661,-74.41522703,0.403083,,15.8025,15.1461
343831681,274.121411,-74.37881591,0.467372,,16.8225,15.8539
343831686,274.0484854,-74.37375207,0.66591501,,15.3433,14.4322
343831767,274.0653015,-74.28557074,0.611687,,15.7594,14.785
343831795,274.0670054,-74.26515757,0.543643,,15.7501,14.7723
343831977,274.1857594,-74.08584151,0.47486401,,14.923,14.1014
343831982,274.2683133,-74.08216532,0.83265299,,15.8723,15.0163
1688322133,273.4949166,-75.77167456,0.00583342,,19.7192,18.776501
1688322120,273.590635,-75.76726049,0.147305,,19.2073,18.313601
343836377,274.6590179,-74.06890661,0.43035799,,16.221201,15.2846
343836380,274.4523424,-74.07401776,0.74780899,,15.5121,14.5569
343836417,274.299818,-74.12890203,0.70683801,,15.2872,14.3431
1688322142,273.5041717,-75.7543831,0.316358,,18.900499,17.920799
1688323341,273.4847423,-75.69084817,0.179059,,19.527,18.565201
1688323478,273.5657692,-75.59641669,0.237583,,20.138599,19.1766
1688323927,273.5858341,-75.50285643,0.122842,,19.6136,18.6542
1688340986,273.5863364,-75.48669219,0.052629299,,19.3258,18.4517
343836670,274.2779932,-74.39060715,0.47910199,,16.146299,15.1704
343836813,274.4431205,-74.54854091,0.62050402,,15.1374,14.2452
343836848,274.3376384,-74.58631312,0.56713903,,15.5219,14.5919
343836948,274.3513847,-74.70108004,0.96686798,,15.2796,14.3619
343836925,274.6622492,-74.67969523,0.46530101,,16.6276,15.6825
343836972,274.5014841,-74.72521185,0.53693902,,16.063299,15.1657
1688341000,273.560272,-75.48885749,0.35564199,,20.1586,19.2106
1688341092,273.5133024,-75.4590766,-0.37311399,,19.6201,18.677099
343837127,274.4030265,-74.92178862,0.37318701,,16.526699,15.5648
292705816,274.7098347,-74.07395708,0.48569101,,16.1133,15.1709
1688341410,273.5427096,-75.3968822,-0.399986,,20.0077,19.120001
1688341148,273.704082,-75.42262753,0.35819599,,18.881201,17.9673
292706022,274.8464276,-74.25013118,0.34380299,,16.152,15.1646
292706077,275.0493281,-74.30359237,0.59924698,,16.245899,15.2983
292706167,274.79562,-74.38115578,0.76830602,,14.5787,13.7845
1688341549,273.5948141,-75.33245467,-0.049452301,,19.8773,18.9328
1688343188,273.4169207,-75.17946865,0.090641499,,19.4739,18.5662
1688343127,273.5241869,-75.18319474,0.248622,,19.223301,18.2279
292747383,274.8855482,-74.61397196,0.56795502,,15.2068,14.4385
292747428,274.8438427,-74.66390516,0.79962897,,15.7336,14.7748
1688348039,273.5280565,-75.07676434,0.077354103,,19.4624,18.5189
1688348120,273.5230399,-75.06585852,0.324808,,19.868099,18.8708
1688348137,273.4978129,-75.04245834,0.35170299,,18.5387,17.7022
1688349838,273.5296749,-74.91107495,0.60491198,,19.515301,18.592899
1688349841,273.4930411,-74.92459167,0.396014,,19.8785,18.9275
1688349871,273.4851497,-74.89748859,0.52188402,,19.245899,18.326
1688349893,273.7665701,-74.8848703,0.12188,,19.938,18.9804
1688350253,273.4341924,-74.84492838,0.0448578,,19.3577,18.5203
1688350290,273.5512955,-74.814286,0.096557498,,19.276699,18.4874
292747268,274.8524909,-74.49212162,0.60559797,,16.7045,15.7434
1688378382,273.6454917,-74.68967707,0.390073,,19.0459,18.1031
1688378790,273.4919121,-74.63903551,0.137044,,19.1929,18.2407
1688378808,273.6844708,-74.60392563,0.60130501,,19.7896,18.834499
1688378925,273.480142,-74.58114643,-0.96632802,,20.3365,19.4755
1688380189,273.4974164,-74.526418,0.592125,,19.0644,18.2166
1688380318,273.5636344,-74.46313136,0.0265665,,20.0058,19.0777
1688380740,273.4900255,-74.4042175,0.62888098,,18.6861,17.7309
1688380748,273.5432065,-74.38450486,0.459613,,20.190901,19.266899
1688380758,273.6891663,-74.36235358,0.27266601,,19.435301,18.5641
1688385877,273.4858486,-74.34613039,0.22067,,19.4632,18.5762
1688385907,273.4782216,-74.33611317,0.074971899,,19.9097,19.0119
1688385908,273.4728359,-74.33334153,0.55406499,,19.306499,18.3866
1688385929,273.587395,-74.31747699,-0.156573,,19.6355,18.7164
1688385931,273.6052574,-74.30889746,0.30047801,,18.7341,17.7995
1688386046,273.5139208,-74.26649037,-0.094330996,,19.7451,18.8654
1688386060,273.6082975,-74.25199245,0.331545,,18.740299,17.789
1688386373,273.6142946,-74.24329729,0.146018,,18.951799,18.0858
1688386505,273.4294428,-74.19359887,-0.26753899,,20.0249,19.1485
1688386506,273.4475944,-74.19180462,0.18836699,,19.5107,18.563499
1688386502,273.6271175,-74.17321772,0.111925,,19.5431,18.731701
1688387780,273.4479327,-74.15754751,0.53782803,,19.932699,19.011999
1688387805,273.478611,-74.14084159,0.21506,,19.013599,18.1775
1688387933,273.4423312,-74.0904567,0.42201599,,18.2145,17.410801
1688388242,273.4155286,-74.05860623,0.392575,,19.3127,18.3508
292748716,274.904952,-75.98501803,1.32549,,13.5882,12.6673
343830534,273.935456,-75.67218791,0.47435099,,17.0135,16.024401
343830992,273.9173299,-75.12281846,-0.236261,,18.674101,17.783001
343831254,274.0330831,-74.84086892,0.204849,,16.9405,16.212099
292748657,275.0713954,-75.9048353,0.137895,,17.281401,16.2945
292748672,274.8874486,-75.92226682,0.3748,,16.492399,15.8272
343831466,274.1929914,-74.61191127,0.33953199,,17.3654,16.399099
292705904,275.0346658,-74.15186655,0.94863403,,14.4072,13.6512
292747741,274.7741708,-74.97146628,0.463397,,16.0935,15.1278
292748423,274.8723684,-75.65274685,1.40151,,14.3232,13.4039
343879567,274.641569,-75.96006233,0.30078399,,17.1903,16.207399
292748503,274.8543032,-75.72963341,0.61296397,,15.9019,15.0075
292705774,274.859715,-74.03487421,2.0211799,,10.8178,9.8916702
292705835,274.6827414,-74.09286796,1.57266,,12.6498,11.8415
292747396,274.7017106,-74.62996022,1.93831,,13.3931,12.4945
343836748,274.3151645,-74.48444066,0.0061143101,,17.3641,16.4186
292706138,274.8436934,-74.36032876,0.65515298,,15.7637,14.818
292705875,274.8897943,-74.12338494,0.82547098,,13.9725,13.0293
292747988,274.9657836,-75.21322378,0.71787798,,15.8345,14.8208
292705906,274.9615056,-74.15336776,0.13574199,,17.8407,16.9018
292747297,275.0198194,-74.53191068,0.46880999,,17.0242,16.077801
292748505,274.8749043,-75.73049161,0.378932,,16.7335,15.7978
292705998,275.0176964,-74.23166155,0.497105,,16.109699,15.2374
343830554,273.942113,-75.65264895,0.079007201,,18.2859,17.302
292747325,274.9223379,-74.56087346,1.09299,,13.9864,13.1471
292747431,274.9868293,-74.66515091,0.599231,,15.3006,14.3399
292747432,275.0056705,-74.6659699,0.71131098,,15.4134,14.5214
292747562,274.9110307,-74.80403858,0.38952801,,16.1516,15.2668
292747619,274.741218,-74.85490637,0.52283299,,16.0697,15.1456
343887159,276.0674481,-75.27076859,0.25593901,,17.7934,16.8395
343837116,274.5572563,-74.90575344,0.096534997,,18.334299,17.385
292705826,274.7404157,-74.08603119,0.23105,,18.597401,17.6534
292747195,274.8976678,-74.43814984,0.312249,,18.333401,17.365
292747351,274.8313272,-74.57921753,0.203935,,18.330601,17.3794
292747422,274.8954454,-74.65749572,0.14119101,,18.504101,17.535299
292705900,274.8652185,-74.14586214,0.38242799,,17.039801,16.129
343830277,274.0360927,-75.96812377,0.41299099,,16.753799,15.7721
343831273,274.1962456,-74.8181114,0.268794,,16.730499,15.8018
343831328,274.0511754,-74.76490148,0.49408901,,16.7423,15.8217
343836787,274.3165486,-74.52576877,0.56711203,,16.624701,15.6632
343836376,274.3892612,-74.06537829,0.364117,,16.8097,15.8681
292747798,274.8745444,-75.03563508,0.22697,,17.3009,16.4398
292747923,275.0262462,-75.14610947,0.386242,,17.1311,16.1434
292747514,274.7658703,-74.74984776,0.0560656,,16.884899,16.0009
292748431,274.9984795,-75.66480876,0.29682001,,17.2824,16.285801
343830330,274.261516,-75.90257091,0.32585901,,17.637899,16.6597
343830471,274.1722672,-75.75624041,0.463918,,17.6507,16.7854
292706033,275.0603173,-74.2643323,0.152468,,18.2771,17.320999
292706162,274.7685907,-74.37610923,0.088623598,,18.500299,17.5256
292706207,274.7762449,-74.41263972,0.159988,,18.1842,17.398701
292706210,274.9067614,-74.41469006,0.28428501,,18.314699,17.3575
343830484,274.2656295,-75.73352149,0.27938399,,17.556499,16.7125
343830600,274.1854246,-75.60872707,0.248318,,17.6402,16.677601
292747372,274.7093823,-74.60248292,0.041037999,,18.2619,17.317301
343830991,274.2642857,-75.12307434,0.25474399,,17.6127,16.714001
343831064,273.9416784,-75.04062138,0.055987101,,17.7847,16.952101
343831272,274.2737711,-74.8214066,0.17802,,18.005301,17.043301
343831274,274.1525886,-74.81506866,0.243752,,18.132799,17.219999
292748333,274.8062679,-75.55487984,0.035208602,,18.3146,17.439899
292748434,274.9614954,-75.66852695,-0.025846399,,18.3466,17.481001
343831401,273.8967418,-74.67635407,0.48432299,,17.4086,16.500999
343831436,274.1141306,-74.63356468,0.351803,,17.4377,16.4846
292705838,274.8966911,-74.09752719,0.29332301,,18.2073,17.270599
292705933,274.6932969,-74.18288452,0.064145602,,18.2763,17.301399
292705967,274.7882926,-74.21227794,0.22849999,,17.448299,16.484699
292706105,274.8765141,-74.33627265,-0.104155,,18.2068,17.2157
292706134,274.6656581,-74.35801257,0.26786801,,17.8692,17.0693
292706212,274.7150365,-74.41665757,0.145908,,17.205601,16.3769
292747189,274.9355336,-74.43021379,0.28217599,,17.447901,16.4886
343831882,274.0792389,-74.1872252,0.33491999,,18.052099,17.120399
343831984,274.190202,-74.08035074,0.37972099,,18.089701,17.1306
292747329,274.8541721,-74.56526757,0.14394601,,18.334801,17.369101
292747382,274.8573577,-74.6109477,0.120183,,18.4111,17.4508
343836894,274.4750649,-74.6445521,0.30803001,,17.302401,16.344801
343837503,274.6102413,-75.43438187,0.27931201,,17.9834,17.117001
343831340,274.0314066,-74.7501702,0.216308,,17.843901,16.8839
292747433,274.6934212,-74.66765495,0.29039001,,18.152599,17.195601
343836474,274.5318747,-74.18774159,0.222177,,17.679501,16.702
292747575,275.0294382,-74.81772581,0.138568,,17.746599,16.8032
343836646,274.6499793,-74.36369316,0.396126,,17.445299,16.582701
343836648,274.6679035,-74.36427847,0.29670301,,17.8687,16.9051
343836649,274.5783004,-74.36460276,0.26088601,,17.745399,16.7747
343836671,274.3688657,-74.39224384,0.110641,,17.675699,16.837799
292747914,274.7998359,-75.14036157,0.32635501,,17.365,16.3785
292747918,274.9563507,-75.14232459,0.113629,,18.1807,17.372801
292748051,274.9785512,-75.26646284,0.503766,,17.6283,16.618401
343836697,274.3162117,-74.42134327,0.216849,,17.9608,17.0581
292748150,274.7983504,-75.36744012,0.45898199,,17.6681,16.717199
343836944,274.2992853,-74.69609817,0.16576301,,18.142,17.241699
343836970,274.486807,-74.72331895,0.207003,,18.1199,17.2085
343836975,274.5413446,-74.72688249,0.242686,,17.6173,16.6998
343836977,274.2940122,-74.72975619,0.29917601,,17.411699,16.5089
292748335,274.9470599,-75.55926053,0.158494,,17.7945,16.8424
343837027,274.3097393,-74.79281202,0.259909,,18.057199,17.1082
292748340,274.9621438,-75.56468126,0.26467699,,18.2467,17.2649
292748427,274.8207752,-75.66157649,0.101865,,18.179899,17.177
292748433,274.8936974,-75.66810761,0.36284301,,17.919201,17.024799
292748542,274.7399681,-75.76938,0.436941,,17.9023,16.9112
343837157,274.5810921,-74.95917798,0.45796001,,17.407801,16.507601
292748726,274.8834278,-75.99901587,0.42846099,,18.0588,17.143999
343837397,274.5282469,-75.2796268,0.52482003,,17.6763,16.724701
343837433,274.4627506,-75.34548234,0.29847199,,18.085199,17.097601
343837459,274.3839819,-75.38706551,0.29669699,,18.166,17.1831
292705812,275.0426632,-74.07070894,0.349509,,18.002501,17.047501
292705880,274.8123382,-74.13027491,0.51978099,,17.590599,16.6912
292705887,275.0194849,-74.1355262,0.31118599,,17.9291,16.983299
292705916,275.0694236,-74.16437861,0.27589101,,17.6665,16.8624
292705937,274.9122004,-74.18595154,0.20012,,17.504499,16.547899
292706026,274.8241727,-74.25736024,-0.054942001,,18.3402,17.375999
292706171,275.0179868,-74.38555377,0.306977,,18.161301,17.268299
292747232,274.7119658,-74.46196401,0.23330399,,17.6584,16.7132
292747233,274.8668885,-74.46205072,0.187148,,18.128401,17.154301
292747654,274.9350315,-74.88427603,0.32812199,,18.2076,17.341
292747437,275.1081192,-74.67439745,0.249662,,18.5287,17.5546
292747558,274.7791237,-74.79900332,0.073065199,,18.4566,17.4909
292747713,274.8825644,-74.9437494,0.294072,,17.506901,16.570499
292747736,274.95072,-74.96441868,0.3378,,18.079,17.1392
292747814,274.9310977,-75.05241868,0.205853,,17.709101,16.8309
292747869,275.0745216,-75.09938272,0.38346401,,18.014,17.065399
292747953,274.9120786,-75.17525105,0.0320515,,18.3463,17.361799
292748033,275.0401091,-75.24882824,0.31198299,,17.830601,16.852301
292748082,274.8049231,-75.29359375,0.178922,,17.927,16.9039
292747614,274.6850859,-74.85001714,0.25404999,,18.0994,17.1413
292747800,274.8537315,-75.03766033,0.25376901,,17.7784,16.9785
292747193,274.6270942,-74.43716597,0.34567401,,18.291201,17.3531
292747228,275.0417508,-74.46049186,0.101867,,18.398199,17.4182
1688330610,274.9000371,-75.57486565,-0.163922,,19.253599,18.3134
1688332069,274.8684904,-75.40924462,-0.19414701,,18.853701,17.874399
1688350760,274.9766123,-75.24784562,-0.204942,,19.0427,18.1203
343830434,274.1631498,-75.79067347,0.0802233,,17.740999,16.8039
343831116,274.2753198,-74.98754206,0.122075,,18.1523,17.212601
343837501,274.2886299,-75.4326156,0.36869499,,17.583401,16.5863
292748154,275.002382,-75.36997902,0.39084899,,18.2677,17.4158
343836753,274.5786626,-74.49187462,0.37460601,,17.535801,16.5665
343837293,274.4092999,-75.14231349,0.124874,,17.651501,16.702499
292747766,274.8811,-74.99999599,0.33716699,,18.3888,17.567101
1688330586,274.9022583,-75.60167278,-0.30903,,20.1738,19.1667
1688330589,274.9670468,-75.59069625,-0.48095801,,20.009899,18.9827
1688330592,274.8772162,-75.59811394,0.693766,,18.9356,17.959
1688330847,274.8589574,-75.55410368,0.204383,,19.3827,18.4025
292706168,275.0607949,-74.38145184,0.0269417,,18.0982,17.245399
292706172,274.8474078,-74.38583953,0.103803,,18.4156,17.4748
292747250,274.9825507,-74.47360117,0.21482,,17.7827,16.8853
1688330874,275.1140331,-75.49111636,-0.589019,,19.685801,18.688999
1688330952,274.947957,-75.47517794,0.51876801,,19.743,18.800699
292747468,274.8547049,-74.7096312,0.170533,,17.683201,16.837299
292747545,274.7114163,-74.78678499,0.24404299,,17.379101,16.5105
1688332074,274.9658514,-75.39835538,-0.193966,,19.6637,18.7131
292748061,274.9893216,-75.2773267,0.32363999,,18.444099,17.434401
343837057,274.3485734,-74.82719404,0.347056,,17.208,16.269501
1688332368,274.9877098,-75.33640455,0.49966899,,19.8473,18.827499
