2026012352,334.3841911,-74.42976958,-0.034302901,,18.7812,17.943501
271577429,319.268682,-74.97821609,0.39503801,,15.5325,14.6626
1987951295,311.7048523,-75.88351061,0.033892799,,18.8347,17.9849
1987875490,304.9789818,-75.8779748,-0.14023601,,19.125401,18.237301
1987875497,304.9151571,-75.86439304,-0.026005199,,19.059099,18.200001
1987875539,304.8868519,-75.84253843,-0.198616,,18.963301,18.1605
340791762,292.3180796,-74.5809533,0.49952301,,18.150999,17.399099
1988030383,309.594862,-74.21772407,-0.093888998,,19.009001,18.2829
1988031807,309.5892052,-74.10591571,0.45921999,,19.199301,18.3643
404240470,307.79834,-75.67333521,0.32611701,,18.324301,17.497
311460778,317.3226082,-74.14884296,0.16812199,,14.2663,13.5698
1922145605,296.228449,-75.07854299,-0.234367,,19.4744,18.893999
1922177823,296.0402377,-74.14236072,0.062896602,,19.5844,18.860901
1922177769,296.4294464,-74.16170585,-0.088213198,,19.495501,18.680099
1987881702,300.5212101,-75.89334796,0.065521203,,19.350599,18.5056
1988023260,305.6778132,-75.00118468,0.00488025,,19.737101,18.954
469878611,317.0047631,-74.21298094,0.84256601,,14.7843,13.9791
396211380,300.2676923,-75.2062727,0.60834098,,14.1228,13.3238
1987963591,309.650395,-75.52442955,-0.035313599,,19.675501,18.870501
265371202,315.7176529,-74.32868071,0.264368,,13.7733,13.0412
1987937441,317.0982181,-75.89875521,-0.071642697,,18.708099,17.853701
396212108,300.6140125,-74.06642306,0.741745,,18.7488,17.9177
401569749,310.2178514,-74.61942377,0.431485,,18.209499,17.3489
401569886,310.2777845,-74.36196947,0.41420501,,18.4016,17.561701
327727432,311.8980469,-74.65768072,0.23316,,16.6413,15.8083
311460949,317.4548084,-74.55536724,0.43608299,,16.6504,15.8494
327726880,311.7246652,-75.74506199,0.291545,,16.7089,15.8155
327727013,311.6096699,-75.4643662,0.28228,,16.644699,15.7652
327727490,311.8508701,-74.5360266,0.29146799,,16.6919,15.8445
2026012376,334.2046393,-74.39447052,-0.0069295401,,18.5805,17.807699
2026012505,334.073141,-74.31877017,0.0532098,,18.550501,17.8032
2026012735,334.0361639,-74.22470514,0.215508,,17.891399,17.1863
352543352,325.4539934,-74.9986303,0.31721601,,17.314699,16.433901
352543381,325.4640434,-74.92602214,0.304151,,16.8146,16.088499
1987973665,309.1746406,-74.54822275,-0.080617502,,18.638,17.7544
1988031291,309.1824505,-74.04451311,-0.043464199,,18.4554,17.7784
265370752,315.8334452,-75.36284795,3.83496,,10.8789,10.2309
1987886945,304.8354658,-75.15314899,-0.0099339001,,19.058599,18.1924
1987957175,314.4783621,-75.37141915,0.218161,,18.1761,17.404301
1987976913,314.6329922,-74.92093711,0.240548,,18.510099,17.630899
1987979555,314.6928509,-74.69354392,-0.032259699,,18.3304,17.4858
2026012618,334.6505087,-74.29096309,0.135837,,18.5236,17.667101
2026012660,334.4274923,-74.21170077,0.126582,,18.3241,17.5112
1987979643,314.695691,-74.62800499,0.176066,,18.445299,17.5676
1987981036,314.6034461,-74.42166318,0.143297,,18.437201,17.5875
1987981579,314.5691197,-74.31542921,-0.11774,,18.635599,17.844999
1987981626,314.4372738,-74.28902151,0.0260187,,18.4848,17.6257
1987972798,309.2989638,-74.72673866,-0.345714,,19.500299,18.8162
1922137297,292.9864978,-75.91854514,0.291879,,19.2997,18.4692
1922124124,296.158808,-75.61960602,0.31849599,,19.7267,18.8416
331682106,307.2105468,-75.49928361,0.65947098,,16.215,15.349
331682181,306.9575778,-75.33093562,0.47958499,,15.6799,14.9663
404343710,318.8983132,-75.18160786,0.40410399,,16.787001,15.941
352543495,325.3975987,-74.63650577,0.28596401,,17.0065,16.157101
352543599,325.3227012,-74.35278269,-0.0137851,,17.609501,16.8857
1987981872,314.5225967,-74.16698641,0.220145,,18.2069,17.461399
1987982168,314.7094591,-74.07162855,0.16208801,,18.2922,17.5163
398464284,299.6022713,-74.91017064,0.93941897,,17.483601,16.549101
327784442,312.7532783,-74.51362863,0.26043701,,16.7096,15.8765
273224170,314.0935586,-75.25151119,0.44087601,,16.6294,15.7811
1987938858,318.7923846,-75.59092678,0.20182,,18.371901,17.5716
1987944136,318.8119419,-75.02651924,0.109932,,18.187401,17.394899
404292996,313.2767264,-75.99446942,1.41773,,11.5429,10.8434
404287708,309.7233806,-74.56345863,1.5276901,,12.5398,11.7747
404287289,310.0311556,-75.43728653,0.92656797,,13.286,12.584
404287400,310.007484,-75.17791757,1.45836,,13.4089,12.5295
331722178,307.1785882,-74.56850408,0.29761899,,15.6576,14.865
331722267,306.9453501,-74.37113035,0.68875599,,14.776,14.0644
331722450,307.2622061,-74.02319728,1.03824,,14.298,13.4554
1922144397,296.3371336,-75.30634663,0.070664003,,19.101999,18.301901
1922169583,296.2464114,-74.87820568,0.268298,,19.324499,18.5133
2026012678,334.2126711,-74.3235332,0.39072499,,17.8981,17.035601
2026012692,334.140022,-74.28712068,0.147273,,18.6506,17.802
396211780,300.3072564,-74.5506113,0.30958301,,18.285801,17.4713
404287538,309.7187327,-74.89735073,1.31555,,11.8816,11.0832
404287660,309.9868561,-74.63245804,1.43312,,13.1328,12.4112
404287711,309.8441127,-74.56027587,2.0132,,12.4924,11.7117
2026012762,334.0193561,-74.17743529,-0.0403843,,18.6598,17.937201
325252291,318.3280551,-74.26591032,0.33145401,,17.0812,16.2064
404287907,309.8474863,-74.20429124,2.1805201,,13.0013,12.158
404290437,311.439053,-74.24309168,1.45113,,13.2436,12.4527
404290528,311.3116224,-74.42700084,1.7060699,,13.1557,12.362
404293150,313.4377575,-75.67773902,1.0901099,,13.1373,12.5024
404284731,309.4311191,-74.69087217,0.86681998,,15.011,14.1639
1922162676,292.561844,-74.39053564,0.070939802,,20.1486,19.279699
2054619333,342.1794052,-75.37987213,-0.237875,,18.8908,18.1035
2054668002,342.8523555,-75.50226442,0.1813,,18.028799,17.193001
325251841,318.4263734,-75.23449578,0.196326,,18.3992,17.538601
265370576,315.8474583,-75.76881229,0.78213602,,13.8101,12.9383
265370799,315.584884,-75.25784818,1.3317699,,13.0159,12.1935
265371278,315.5968182,-74.1799222,1.4503,,13.5766,12.8213
1922176890,296.4429716,-74.27801292,-0.075787999,,19.3081,18.4709
1987901234,301.1231364,-74.16471807,0.049621198,,19.437099,18.5362
1987897972,300.6167716,-74.52857497,0.11544,,19.079599,18.2185
1922195351,292.3958277,-74.38015527,-0.593997,,20.3885,19.519899
466695602,296.8778178,-75.80245434,0.46215799,,18.2645,17.3442
398464094,299.5843945,-75.25646639,0.46911901,,18.041901,17.159201
401603135,313.6804651,-75.25550654,0.50547701,,15.5473,14.8391
311425550,314.9813971,-75.47632837,0.439724,,16.291901,15.407
311426787,314.9928582,-74.0955495,0.30690101,,16.1388,15.355
469811790,299.9617682,-74.11942948,0.726197,,15.3601,14.4829
469812112,299.8595199,-74.79952111,0.57125598,,16.3818,15.5341
273223853,314.0246756,-74.52688005,0.19932599,,17.020399,16.2705
273223945,314.2717334,-74.73996598,0.188557,,17.218901,16.408701
273224475,314.2598219,-75.99524487,0.39784601,,16.938299,16.073299
311421809,314.371251,-74.55396394,0.288187,,16.7798,15.9063
311461014,317.2174398,-74.70403561,1.2142299,,12.8458,12.2232
311461327,317.444868,-75.46946004,1.30233,,12.7668,12.0607
331753947,321.9302198,-74.02012636,1.86526,,13.0886,12.3261
1987972026,311.856045,-74.5771113,0.052452002,,18.9062,18.069099
1988022654,305.9609007,-75.05775115,0.045583699,,19.3367,18.475201
1987972785,309.2636045,-74.74139931,-0.021524001,,19.388399,18.5972
469878161,316.7453057,-75.14819815,0.574296,,14.8291,13.9979
469878376,316.7051262,-74.66197871,0.38210401,,15.1078,14.4914
331721998,306.9385093,-74.94000615,0.66541499,,15.5509,14.6889
325249572,318.0145386,-75.17701192,0.077345803,,17.5513,16.763399
331722360,307.2427015,-74.20425755,0.47769099,,15.8486,14.9959
404285295,309.5002149,-75.88352773,0.81216103,,15.5296,14.6388
404287184,309.8255457,-75.6681956,0.55251998,,15.494,14.6508
404287931,309.8525374,-74.13677559,0.65060502,,15.8848,15.0456
311425450,314.8132615,-75.56766917,0.60975099,,15.5485,14.7024
311425676,314.8569211,-75.36320803,0.68272799,,15.3118,14.4426
271577412,319.1809017,-75.02775675,0.51513398,,15.7974,14.933
271577562,319.2400264,-74.60091773,0.47701201,,15.625,14.7991
1922195785,292.6508782,-74.16755655,0.235192,,18.6847,17.8748
1922195845,292.5354148,-74.12420489,0.34626901,,18.7047,17.804701
1987877105,305.2138973,-75.69893444,-0.080831699,,18.639099,17.8603
2054668129,342.7085002,-75.32804355,-0.0124399,,18.133801,17.4716
404240104,307.6334979,-74.89422809,0.33102199,,18.4312,17.5776
327784206,312.6106274,-74.00690223,0.45680001,,16.792601,16.0194
327784338,312.5147605,-74.32505533,0.35162699,,17.0193,16.1544
273223727,314.0831188,-74.20761873,0.19408999,,17.132401,16.2906
273223816,314.0663654,-74.44568988,0.27973899,,16.4797,15.6697
311422002,314.3612527,-74.99940498,0.31523299,,16.9265,16.0662
311422314,314.5590312,-75.7088503,0.49761599,,16.6567,15.7877
325249495,318.256109,-75.00991002,0.45757601,,16.613199,15.7774
331730651,320.9226042,-74.30467263,0.32974899,,17.1924,16.3125
261458659,304.7623914,-75.26915945,1.02753,,15.1665,14.2997
261458810,304.5403036,-75.57804959,0.748604,,15.3491,14.5184
331681875,307.1257329,-75.99040498,0.77287698,,14.6657,13.7728
273223997,313.9691476,-74.87140785,0.30913299,,17.583099,16.756599
311421756,314.6390102,-74.44818258,0.27007401,,17.5819,16.7826
2054668199,342.0590379,-75.30423445,0.18090799,,18.4261,17.612301
331730767,320.7577477,-74.61560955,0.46065301,,17.010401,16.131201
331730940,320.7448063,-75.06624384,0.336781,,17.18,16.3274
352479640,324.1005584,-74.62803301,0.32598099,,17.3069,16.4335
352479671,323.8948052,-74.52371098,0.211179,,17.2526,16.381901
352479727,324.0953062,-74.37709425,0.40069401,,17.2059,16.3573
331682100,307.2397221,-75.51408917,0.67505699,,14.915,14.0355
331721843,306.9416634,-75.24960433,0.57113802,,14.724,13.9086
331721908,307.2323505,-75.130674,0.80372602,,15.3146,14.4634
331722041,306.8768927,-74.841258,0.65176803,,15.1186,14.2241
331679373,306.6845034,-74.28031799,0.0295812,,17.659901,16.8064
1988030352,309.4774135,-74.2697896,-0.067999102,,19.2299,18.478201
1988030371,309.5821238,-74.23166953,-0.014126,,19.426201,18.6591
2054762536,341.2511617,-74.04081041,0.25282499,,18.3689,17.537701
273224128,314.0105027,-75.17480561,0.13335299,,18.112301,17.224899
273223972,314.2232782,-74.81198741,0.203832,,18.1341,17.2827
404343682,318.8906851,-75.11985343,0.225678,,16.899401,16.0261
1922139580,291.7978892,-75.82102371,-0.0085315304,,19.7756,19.021601
1988026225,304.8502813,-74.79230218,-0.082464203,,18.893999,18.003799
1988027270,305.1189881,-74.50965297,-0.119936,,19.0077,18.129601
1988037054,304.692895,-74.4762813,-0.084458597,,18.8111,17.921499
311461065,317.4490371,-74.84041223,0.65075803,,16.325001,15.4657
1988027759,305.6771886,-74.33300268,-0.113553,,18.727699,17.884701
1987958508,312.0244914,-75.50198462,0.137825,,18.8125,17.928301
1922174327,299.8145911,-74.17040809,0.0225362,,19.9237,19.0735
1922174562,299.7067619,-74.06461097,-0.43385401,,20.1446,19.2745
404284921,309.4601111,-75.05323967,1.14036,,14.4171,13.5593
404285047,309.4333194,-75.31270946,0.233694,,15.6835,14.9873
404285082,309.4645927,-75.40891419,0.70199901,,15.1298,14.2312
273224186,314.1247162,-75.2900484,0.346178,,17.0986,16.235701
325251532,318.4020579,-75.94722161,0.33216199,,16.875999,16.0354
311461150,317.3564095,-75.06281392,0.40100601,,16.539301,15.6859
311461236,317.4060283,-75.25260583,0.43025199,,16.538401,15.6829
404343531,318.725149,-74.78862575,0.42239001,,16.231199,15.37
404343751,318.9663202,-75.25662192,0.31416899,,16.418501,15.6488
404343739,318.6906174,-75.24399049,0.39796701,,16.089701,15.2571
325252255,318.3003562,-74.3566251,0.30435601,,17.034,16.215599
404343338,318.9125475,-74.37644372,0.33085299,,16.8081,15.9419
1922140783,291.6032306,-75.62443067,0.376468,,18.7864,17.8804
1987959044,311.9504986,-75.38526898,-0.105412,,18.624201,17.814199
1987936608,319.2501232,-75.61875774,-0.0085585797,,18.750401,17.882299
1987936648,318.9927757,-75.61060918,0.072972603,,18.76,17.9163
311421639,314.658801,-74.16500674,0.39833599,,17.764601,16.894899
311422196,314.5586867,-75.45661512,0.112868,,17.4783,16.792299
404343424,318.6955308,-74.55431976,0.480106,,16.777901,16.014999
1987882577,301.0290752,-75.6819641,-0.37435099,,20.2176,19.3009
1922140870,291.6355876,-75.5448657,0.21062,,19.5117,18.663799
404343470,318.9166529,-74.65234926,0.26618901,,16.764299,15.9339
404285345,309.4704653,-75.97419774,0.56130898,,15.6108,14.7386
352479722,323.8376824,-74.38450602,0.45175701,,16.916901,16.0529
352543323,325.5717058,-75.07900465,0.74161202,,16.909599,16.028099
352543343,325.661831,-75.02213898,0.25057,,16.879,15.987
1922120256,297.5359201,-75.74587288,0.0731702,,20.09,19.2437
1922129679,297.5168702,-75.57078992,-0.0163112,,20.1796,19.3752
1987939265,319.2770578,-75.3052806,0.033709802,,18.8223,17.9835
1987943636,319.0509346,-75.18043111,0.100566,,18.879999,18.0061
311422254,314.5319694,-75.58313315,0.252958,,17.9755,17.195801
325249623,318.1701972,-75.27488815,0.287536,,17.6994,16.819401
1987900952,301.1357962,-74.27654907,0.30900499,,20.4566,19.5553
1922130428,297.4345017,-75.48855399,0.080868497,,19.692801,18.9111
1922151602,291.6601373,-75.47666709,-0.052343599,,19.5016,18.615299
1922151662,291.6159521,-75.43473461,0.206255,,19.422001,18.6122
1922151954,291.7789334,-75.31138951,0.098271497,,19.1807,18.281
352543136,325.3710078,-75.55335504,0.31488299,,18.2269,17.307199
1987886314,304.6954802,-75.38114992,0.2472,,18.476601,17.6283
401603170,313.7988338,-75.21506668,0.953363,,15.1147,14.248
311425228,315.0726522,-75.83950689,0.62219101,,15.4654,14.5853
1987882205,301.265383,-75.72851838,-0.107988,,20.041,19.2838
1987883076,301.5052452,-75.49725598,-0.43848601,,20.7477,19.8433
469878582,317.0214346,-74.27419961,0.46778101,,15.2245,14.3911
2054678241,348.2048082,-74.32067283,0.067989998,,17.923,17.123699
1922152739,291.6439602,-75.25626781,-0.038119499,,19.340599,18.508801
1922153193,291.6269346,-75.1171117,0.16740701,,19.1654,18.3794
1987897340,301.2616508,-74.64886914,0.28085101,,19.798401,18.952999
1987898207,301.2458593,-74.43183779,0.36567801,,18.421499,17.610701
469811753,299.9845579,-74.07474883,0.85297602,,15.4455,14.5524
1922130840,297.5691875,-75.2799102,-0.411257,,20.329901,19.427099
1922165385,297.6546812,-75.13599802,0.25603601,,18.5364,17.710899
325251752,318.6218983,-75.44692447,0.156642,,18.185301,17.389601
1987889984,304.7486642,-74.85730063,0.0024375999,,18.503099,17.761
1988026226,304.8880755,-74.79031816,-0.150282,,18.7216,18.033501
1988026251,305.0502933,-74.75298723,-0.0196517,,18.665899,17.792299
1988026936,304.6021534,-74.72316811,0.19676501,,18.5107,17.7423
1988026931,304.927533,-74.65830236,0.24687999,,18.598499,17.7183
2054678611,348.0688291,-74.09371965,-0.139575,,18.2661,17.5774
2054678491,348.3497989,-74.12230089,0.11774,,18.318199,17.6213
1922153282,291.6463942,-75.04598109,0.367443,,18.955,18.085699
1922122083,294.8348311,-75.96776522,0.319635,,18.812401,17.8829
325249446,318.2500059,-74.90531191,0.120639,,18.1493,17.440201
469877985,317.0245216,-75.53461563,1.31339,,13.8151,13.0426
1922165440,297.6096859,-75.12249117,-0.105753,,20.045099,19.2612
1987891199,300.0915677,-75.49369295,0.27959001,,18.701799,17.9832
325251551,318.2979388,-75.89699253,0.176893,,18.5825,17.757
1987892488,300.1002529,-75.02430926,0.019261001,,20.208,19.3358
1987900492,300.1754383,-74.48765504,0.00416141,,20.1094,19.278799
1987900765,300.0675476,-74.32621093,0.39579201,,20.143499,19.2428
1987876055,305.4163778,-75.95118133,-0.0168825,,20.114599,19.292801
271577368,319.2856465,-75.1417602,0.452418,,16.493401,15.6337
469878328,316.8445939,-74.79662953,1.11324,,14.4416,13.5985
469878353,316.9963218,-74.73212423,1.238,,13.8142,12.9878
1988027059,304.9370103,-74.5936041,-0.085438102,,18.7771,17.9349
1988027333,304.9144355,-74.4728866,0.124172,,18.648399,17.7997
1988037466,304.887017,-74.3569338,0.23590299,,18.4037,17.582899
1987956172,312.2131977,-75.60483437,0.0286895,,18.389601,17.6147
331730706,320.6693947,-74.44852913,0.59996003,,16.146601,15.2994
1987893820,301.1996518,-75.0881583,0.20254201,,18.885099,18.004499
1987893907,301.2320789,-75.01107112,-0.33086601,,19.8137,18.921499
1922142131,294.9357328,-75.72995531,0.0080329999,,19.294701,18.417601
1987898211,301.4298404,-74.49093455,-2.40802,,20.3165,19.413
1987875294,303.8869587,-75.96043391,-0.425125,,20.1905,19.402901
1987875302,303.9550379,-75.94036614,-0.19214199,,19.924,19.0473
273224000,314.16139,-74.88179223,0.14725,,18.258699,17.4023
261428243,304.5394111,-74.98959594,0.701047,,14.0639,13.2352
261458586,304.7050819,-75.12734204,0.88064098,,14.5816,13.8229
2054678550,348.5098668,-74.06839006,0.0025092601,,18.865,18.037701
2054678573,348.3231655,-74.08095974,0.27067801,,17.485901,16.6756
2054678671,348.1335252,-74.00552677,0.096544102,,18.392,17.580799
352479308,324.1243719,-75.46095111,0.116046,,18.591,17.719299
261458891,304.5877747,-75.69884674,1.03549,,15.0193,14.1525
331681920,307.0297776,-75.90580318,0.98359501,,14.5665,13.6577
1987959035,311.8704105,-75.40428145,0.272744,,18.3002,17.4753
1987950686,312.1091347,-75.94810154,0.0051430301,,18.3386,17.7498
1987955885,312.0370197,-75.7988441,0.093618199,,18.3641,17.4827
1987956120,311.7375983,-75.66875126,0.0317863,,18.570601,17.7215
1922142327,294.820715,-75.68664914,0.102525,,19.9228,19.034401
1922142328,294.8086872,-75.681234,0.076121099,,19.2164,18.313801
331721842,306.9142024,-75.25227946,0.75432199,,14.7911,13.9512
331721887,307.1200309,-75.15975464,1.25346,,14.8891,14.0675
352543493,325.2884062,-74.6406541,0.042774498,,18.443199,17.6024
331731036,320.9628119,-75.34823828,0.600851,,15.9818,15.1194
262021327,323.7247375,-74.21836437,0.27596301,,16.7299,15.864
1987970911,311.8783425,-74.8029131,0.089282498,,18.4102,17.7279
352545814,325.7391243,-74.92357343,0.0220594,,18.4056,17.5403
1987883958,303.702375,-75.79615794,0.35314101,,20.1961,19.2785
1988023377,305.9950413,-74.88324468,0.41232699,,18.401199,17.538
1988023684,306.212943,-74.89549185,-1.28778,,20.398001,19.596399
1922142449,295.022586,-75.53975894,0.172381,,20.0303,19.119301
1988026573,305.9855445,-74.63278105,0.389503,,18.221901,17.401899
325249701,317.9657686,-75.43848456,0.215552,,18.1418,17.2847
331721890,307.1853319,-75.15125842,1.27009,,14.3901,13.5411
331721909,307.2137349,-75.12980656,1.1546201,,14.4512,13.5619
331721915,307.0006501,-75.12178229,0.74432701,,14.8039,14.0182
331722044,307.1546222,-74.83519085,1.21051,,14.2836,13.4258
404343561,318.7361407,-74.83876935,0.53290999,,17.3239,16.466299
1988026767,306.0218831,-74.55258245,0.413908,,18.496599,17.6036
1988028848,305.9654025,-74.33329011,-0.32679099,,20.253599,19.434799
1987972033,311.8902367,-74.54765234,0.082177296,,18.206301,17.4832
1987936598,319.0504518,-75.6381137,0.122989,,18.7479,17.8557
1987939233,319.0612557,-75.37094005,-0.12946799,,18.1702,17.3615
1987944154,319.2491297,-75.02410916,-0.125715,,18.5403,17.739901
325251961,318.2996669,-74.9892143,0.190635,,17.858601,16.997801
331722108,306.9751703,-74.68680338,0.90778899,,14.9504,14.0612
331722137,307.0965736,-74.63417429,0.82887602,,14.5946,13.7932
331722247,306.9482501,-74.42772815,0.62777001,,14.8135,14.1056
331722262,307.1811532,-74.39187026,1.13448,,13.9348,13.1543
331722292,307.2577537,-74.31776512,0.95079601,,14.7887,13.938
1922142439,294.9114483,-75.57435826,0.450506,,19.969999,19.074301
1922143169,294.6069442,-75.56234038,-0.060654402,,19.356001,18.6098
1922143172,294.5740373,-75.55097869,0.190254,,19.2166,18.474899
404284550,309.3309363,-74.34367399,1.16873,,13.8862,13.1228
404284789,309.3057499,-74.77856669,0.47973701,,14.7164,13.9287
404284904,309.5545935,-75.02362565,1.07691,,13.7527,13.0163
2054681163,348.652732,-74.02407132,0.26171499,,18.138901,17.368601
404344055,318.8122229,-75.99340413,0.22278699,,18.001301,17.1066
1987884170,303.861881,-75.69860686,-0.78548902,,20.2887,19.364799
1987884215,303.8087671,-75.68761879,0.26403201,,18.910999,17.992701
404285029,309.4390656,-75.27760362,1.1381201,,14.242,13.4238
404285061,309.3415806,-75.34737273,1.59761,,13.9616,13.1241
404285203,309.5128597,-75.6775316,0.76442099,,14.7876,14.0137
331730605,320.8287615,-74.18532469,0.16674,,17.7194,16.847
331730912,320.8399988,-74.98058341,-0.10561,,18.255199,17.4408
2054659512,346.697795,-75.96711023,0.29622501,,18.167101,17.374399
327727332,311.7867153,-74.87250571,0.167704,,17.6586,16.8412
352479204,323.8353566,-75.72541026,0.23731899,,17.664101,16.807199
404285217,309.508116,-75.70530774,0.43281901,,14.3589,13.7024
404285327,309.5934433,-75.93450939,1.27864,,14.4641,13.61
404287124,309.8177968,-75.80255165,0.91344702,,14.6689,13.8002
1922143228,294.9089655,-75.44697113,0.029921001,,19.4855,18.6493
1987884293,303.9185369,-75.63995835,0.017746599,,19.7672,18.944401
1987884300,304.0538315,-75.60380804,0.337374,,18.8039,18.070499
1988038969,306.1232928,-74.05103803,0.28663501,,18.721201,17.9293
352479760,323.8321712,-74.29008751,0.051518202,,18.052401,17.237
404287616,309.7997098,-74.71738523,0.781923,,13.9043,13.2124
404287696,310.0225155,-74.58056069,0.81426102,,14.558,13.8754
404287871,309.9407554,-74.26760107,1.04645,,14.6334,13.8465
1922147954,295.0357595,-75.2640587,0.41214401,,19.771601,18.8738
469824535,301.7500947,-74.36808865,1.05778,,15.0065,14.0941
2054659578,346.7595825,-75.84751894,0.268558,,18.146099,17.274401
331730956,320.9091146,-75.10399163,0.44352299,,16.8078,15.9176
404284605,309.3729908,-74.42540335,0.82716,,14.4141,13.6481
352543584,325.6679081,-74.39065844,0.43370301,,17.9526,17.085899
262021240,323.4155355,-74.0259264,0.153822,,17.5851,16.8951
404343425,318.9408375,-74.5545274,0.215727,,17.190201,16.3412
404343519,318.9223877,-74.74990681,0.17891601,,16.975,16.212
325252274,318.5975561,-74.31656786,0.44962099,,17.282,16.455799
325252426,318.4176529,-74.01392109,0.29981601,,17.5021,16.6457
404343995,319.0210641,-75.84325179,0.192444,,17.349199,16.6131
331730584,320.8203719,-74.13814549,0.147727,,17.4433,16.561701
352479270,323.791815,-75.56918769,0.360796,,17.300699,16.3745
352479362,324.1311397,-75.27274986,0.382927,,17.159,16.273199
352479651,323.8440819,-74.5885854,0.23933899,,17.673401,16.8622
352479780,324.1029291,-74.23450965,0.39067599,,17.047899,16.2423
352543397,325.6200294,-74.88110548,0.33400801,,17.3561,16.547199
352543570,325.6395069,-74.43078434,0.064263403,,17.3874,16.5235
404343337,319.0890292,-74.3749494,0.234054,,18.192101,17.324699
1987885023,303.671469,-75.54349616,-1.0008399,,20.0783,19.2194
1987885052,303.850801,-75.4814748,0.45800599,,18.693701,17.844801
1987885219,303.7558997,-75.42401186,0.22046,,19.9492,19.1486
404343571,318.7203647,-74.84669984,-0.0559645,,17.896,17.1674
404343573,318.7364964,-74.85584489,0.16252699,,17.8423,17.041201
404343601,318.9658448,-74.92205615,0.059403799,,18.0436,17.1758
325249605,318.266019,-75.23555753,0.15368301,,18.016399,17.1387
325251774,318.3790218,-75.39025601,0.213118,,17.7633,16.9193
325252127,318.5656462,-74.58440602,0.141193,,17.8253,16.957399
325252315,318.494497,-74.22639798,-0.043067999,,18.0762,17.195999
404343395,318.9427926,-74.50242259,0.076959901,,18.0889,17.216801
404343802,318.9267362,-75.39310796,0.216086,,18.0865,17.241301
404343925,319.0840943,-75.70069295,0.303884,,18.360001,17.4818
1987962608,307.5077875,-75.84949203,-0.76664603,,20.9083,20.004999
331730738,320.8633135,-74.54253191,0.159022,,17.881701,17.033899
1987962821,307.3155415,-75.75179225,-0.83122599,,19.9821,19.1607
1922148442,295.0352292,-75.03811644,-0.109142,,18.847401,18.123301
1922149215,295.0071608,-75.0040129,0.0283114,,19.9359,19.168501
352479215,324.0274236,-75.69828672,0.033138901,,17.955,17.0653
2054660290,346.7025114,-75.77521602,0.096859403,,18.0338,17.212299
2054660450,346.3932438,-75.65823311,-0.070124999,,18.5504,17.801201
352479321,323.8450771,-75.40777177,0.143419,,18.1854,17.2812
311425543,314.9960779,-75.48207117,0.338907,,16.724701,15.8772
469877789,317.0415167,-75.9716725,0.30956301,,16.494301,15.6565
404284924,309.4481553,-75.06078316,0.501818,,16.677099,15.8198
265370756,315.5739248,-75.34635572,0.96575201,,13.9629,13.1473
273223661,314.164496,-74.05210088,0.168769,,17.355801,16.5935
273224103,313.9657472,-75.10109828,0.28954399,,16.9814,16.207199
1922149320,295.0706577,-74.9406998,0.28378001,,19.4739,18.6201
2054660458,346.2340436,-75.65812038,0.047738001,,17.882299,17.187901
331721845,306.917129,-75.2492231,0.59783697,,15.9353,15.07
404287954,309.7607988,-74.08866584,0.28288901,,16.9519,16.0994
327727359,311.8486687,-74.81294267,0.344942,,17.0478,16.2013
404343569,318.7476265,-74.84475027,0.073709503,,17.9251,17.2479
404343726,318.8853614,-75.21449139,0.27059701,,17.886999,17.056299
404343851,318.9838263,-75.51066163,0.196642,,17.8638,17.011101
325249687,317.9014184,-75.41854411,0.134692,,17.868401,17.180599
325252060,318.5995368,-74.76227602,0.108388,,17.6472,16.830799
325251613,318.2958178,-75.77096607,0.25356999,,17.8004,17.0002
325251758,318.6493714,-75.43257924,0.322209,,17.5714,16.712299
325251899,318.514806,-75.1402169,0.30599999,,17.6572,16.8417
404293140,313.2775348,-75.69920684,0.17690501,,17.111799,16.229601
404293208,313.337259,-75.53908434,0.45526999,,16.7183,15.8734
265370562,315.7585982,-75.79052995,0.58587998,,15.583,14.8068
265370836,315.6724216,-75.17104726,0.41455999,,17.0805,16.2195
325252011,318.413242,-74.87157731,0.27467901,,17.3571,16.536501
325252078,318.3073004,-74.71816625,0.199451,,17.3972,16.6556
325252108,318.3610751,-74.64628826,0.12863,,17.3951,16.5851
469811795,299.9314234,-74.13630313,0.54782701,,15.4501,14.6108
1922149618,294.8275041,-74.83693111,-0.74729401,,20.2628,19.4135
1922149621,294.7858388,-74.8396448,0.26431,,19.1908,18.367201
1922150026,295.0461644,-74.78447184,0.21862601,,19.666401,18.818899
325252387,318.6067103,-74.08600381,0.34533,,17.6143,16.7777
404343732,319.0351696,-75.22784413,0.196696,,17.479799,16.6528
404343893,318.9297221,-75.61000788,0.31378999,,17.4046,16.5702
404343998,318.9977213,-75.84941513,0.20644499,,17.9093,17.019699
311460933,317.1183755,-74.51469943,0.41826901,,16.635099,15.7875
265371159,315.7930242,-74.42731826,0.345186,,15.9322,15.2945
469812477,300.1888269,-75.59241968,0.57937801,,15.9413,14.9991
469821646,300.9693756,-74.35578897,0.34746799,,16.0809,15.3356
469877854,316.7276788,-75.82045151,0.86908197,,15.2981,14.4268
331730578,320.9468273,-74.12794799,0.443636,,17.778999,16.932501
331731068,320.7001702,-75.42871289,-0.016155699,,17.7113,16.871099
331731121,320.6771178,-75.59698243,0.161423,,17.562901,16.720301
352479341,324.0163449,-75.33565352,0.0133286,,17.629101,16.8132
352479405,323.9312851,-75.17024536,0.144188,,18.011999,17.139
1987886429,304.1343312,-75.38406019,0.27120301,,18.7178,17.8792
1987886430,304.1436294,-75.37596034,0.33037001,,18.323799,17.542101
404287752,310.0325961,-74.48706105,0.40954301,,16.038401,15.1952
404287924,309.7967436,-74.15027631,0.39199799,,15.8164,15.1407
404293171,313.1737599,-75.63066986,1.05549,,15.9466,15.1084
311461038,317.4245285,-74.77278337,0.46923599,,16.322901,15.4821
352479642,323.8442791,-74.62066294,0.32448101,,17.4972,16.6674
352479682,323.9225137,-74.50349509,0.31490201,,17.775101,16.9021
469824619,301.6552544,-74.52137578,0.36602899,,16.428699,15.5936
331722109,306.9632709,-74.685189,0.56515998,,16.3454,15.5158
1922158757,294.9605099,-74.74445517,0.26269001,,18.592199,17.7197
1922158806,294.8915513,-74.7314272,0.185793,,19.0762,18.2297
1922158824,294.8448644,-74.69166176,0.063890196,,19.329201,18.434601
1922158834,294.9666757,-74.65952843,-0.139458,,19.697201,18.988501
352479710,323.9850077,-74.42540198,0.25344199,,17.7022,16.822201
352479728,324.0464205,-74.37548688,0.18437099,,17.664,16.817801
352479846,323.8906016,-74.1113082,0.205575,,17.8176,17.018101
352543156,325.4150701,-75.50720221,0.11676,,17.9851,17.142599
1987965668,307.2455465,-75.39277101,0.44177601,,19.9422,19.062799
1987965806,307.5456182,-75.43686419,0.0729803,,17.632799,17.264999
404284425,309.42712,-74.09522714,0.76341897,,16.352699,15.5078
404285020,309.6286107,-75.25802108,0.46872801,,16.312799,15.4255
1987889125,304.0104382,-75.27071703,-0.63569301,,20.0867,19.2642
352543236,325.6594696,-75.27625232,0.42603499,,17.5203,16.6924
352543331,325.4147542,-75.05662665,0.28662699,,17.835699,16.9758
401575135,313.8947257,-75.86063703,0.438889,,16.4359,15.6024
401603216,313.7738083,-75.12360112,0.46212,,16.629101,15.7812
404287904,309.9468948,-74.20910539,0.62439001,,16.1982,15.3679
404293130,313.4149675,-75.71761605,0.37680501,,16.1429,15.2951
404293136,313.4641268,-75.70558759,0.526577,,15.911,15.05
265371303,315.6327861,-74.12762115,0.500278,,16.177,15.3527
265371316,315.6881784,-74.10056192,0.48661599,,16.054199,15.274
352543503,325.6631457,-74.6090373,0.23360001,,17.619101,16.8043
352543649,325.4862133,-74.22017375,0.12866201,,17.638901,16.931601
352543696,325.4800682,-74.10907914,0.229653,,17.673901,16.815201
352543723,325.3570085,-74.04927817,0.21557701,,17.555,16.7799
311460909,317.0713153,-74.45226696,0.47447801,,17.254,16.4219
311460925,317.3310771,-74.49105347,0.225032,,17.4079,16.556499
1922159056,295.0950132,-74.57678719,-0.082937799,,20.322399,19.4452
1922159124,294.9057146,-74.55549518,0.139753,,19.0315,18.1605
2054663870,346.7938821,-75.24398018,0.248257,,18.475901,17.6444
311460741,317.247371,-74.04916304,0.41513199,,15.7059,14.8759
325249816,318.1832854,-75.70652481,0.28670701,,17.105301,16.264299
311425734,315.109081,-75.30061392,0.360699,,15.8403,15.1405
2054664058,346.8175128,-75.10566591,0.151345,,18.5739,17.7479
331679446,306.8696896,-74.42352753,0.49047199,,16.921801,16.079201
273224058,314.2867196,-75.01265029,0.423554,,17.0534,16.184
273224094,314.0317947,-75.07511591,0.49650699,,16.937401,16.115499
1922159125,294.9131208,-74.55052286,0.066308402,,20.0779,19.301701
1987889410,303.6309899,-75.12324744,0.33249301,,18.198999,17.4517
325249147,318.1075628,-74.2334688,0.342132,,17.019501,16.1682
331679608,306.5591664,-74.73431658,0.32291201,,17.2402,16.4391
311425736,315.0978227,-75.29916096,0.56614,,16.313999,15.4285
469877831,316.8329767,-75.87315681,0.39942101,,16.147301,15.3348
273224156,314.2162757,-75.22196828,0.284318,,17.2113,16.349501
325249051,318.0526917,-74.01966037,0.248181,,17.1766,16.3414
404287353,309.6485243,-75.31099863,0.97686499,,14.6498,13.7662
404287434,309.730636,-75.10299316,1.2007,,14.4606,13.6244
404287678,309.8372638,-74.60848266,0.84603798,,14.2309,13.4217
404287810,309.6733286,-74.3786757,1.19331,,14.4849,13.6147
404287877,309.7430225,-74.26025409,1.32421,,14.4004,13.5591
469878222,316.9401458,-75.03535692,0.46242401,,16.470301,15.6091
1987966682,307.3310598,-75.24956018,0.36878401,,18.3494,17.4746
1922160120,294.9945553,-74.40083587,-0.32871199,,20.3794,19.5256
1922163639,295.0977609,-74.23893591,0.33637699,,20.070299,19.216999
325251792,318.4816612,-75.33211898,0.33789399,,17.190701,16.439301
1987889517,304.0575012,-75.02904483,-0.75669301,,19.668501,18.8787
404343675,318.9530616,-75.11021387,0.28995001,,17.357201,16.519199
1987966791,307.6872661,-75.18206431,-0.259354,,19.944401,19.1765
404287996,309.7384744,-74.01113169,0.79240298,,14.9779,14.1132
404290340,311.2621027,-74.06319541,0.91712302,,14.5078,13.7186
352479257,323.8729426,-75.59350441,0.301844,,17.779301,16.880199
311422334,314.5360529,-75.75098844,0.51977199,,15.9124,15.0282
469877853,316.7417856,-75.82165677,0.47737399,,16.2393,15.3989
401603053,313.8290406,-75.43723987,0.218741,,16.875099,16.0256
404290597,311.3941047,-74.55537267,0.99863702,,14.8079,13.931
401572430,312.1942063,-74.14493915,0.89609802,,14.08,13.2797
401572497,312.1430469,-74.26789284,1.10807,,13.8581,13.003
404293012,313.2746452,-75.96967658,0.94330901,,14.3912,13.5328
325249507,318.321045,-75.04051007,0.15205,,18.424601,17.6015
1987890237,303.6327579,-74.99969083,0.47574601,,18.3465,17.505899
1987890215,303.963784,-74.96396999,-0.25833699,,19.7635,19.035999
1987951128,310.9323744,-75.9278461,0.256024,,18.624901,17.8564
469878141,316.8999411,-75.1882168,0.21329799,,17.110201,16.3661
469812606,299.9513428,-75.87731528,0.20727199,,17.254499,16.292601
469812444,299.9647945,-75.50306618,0.32616001,,17.1383,16.224501
469878183,316.7416986,-75.11341404,0.40516701,,17.158501,16.300699
469878315,316.9522879,-74.84036346,0.153447,,17.356899,16.5277
404343259,318.9005107,-74.18788258,0.31769601,,18.3701,17.503401
1987890288,303.8059044,-74.88383644,-0.0542657,,19.4347,18.595301
1987890462,303.6314401,-74.87019426,-0.418529,,20.3755,19.548599
469878477,316.7269244,-74.43944004,0.167337,,16.322001,15.8095
469878503,316.73594,-74.40550097,0.117301,,17.6793,16.863001
261458993,304.8904844,-75.89861211,0.38597599,,16.642599,15.7734
468145614,305.1933322,-74.0079599,0.159638,,17.212,16.463499
331681881,306.907851,-75.97463911,0.33039799,,17.5571,16.681299
331682174,306.9707722,-75.35449061,0.450378,,17.111601,16.231899
2054665507,345.7025487,-75.83979348,-0.076287001,,18.4324,17.5863
2054665571,345.9708169,-75.70849801,-0.084704898,,18.3701,17.719101
1987953930,310.6149992,-75.78053658,0.36199301,,20.120701,19.2223
1922163707,294.8983352,-74.21614323,-0.84975398,,20.559299,19.7764
1922163709,294.8463657,-74.21949081,0.0841332,,19.313999,18.4748
1922180961,295.0513882,-74.0533411,0.552293,,19.531099,18.732599
1922180881,295.1271045,-74.09480502,0.31387699,,18.545601,17.814501
352479528,324.021278,-74.87952402,0.45468199,,17.708,16.8529
352479560,323.8095348,-74.80421982,0.092473403,,17.915199,17.0903
352543405,325.6961582,-74.85468091,0.087818801,,17.806299,16.9324
331722293,307.2629913,-74.31769652,0.67111099,,16.174,15.3064
404284660,309.6075975,-74.53511621,0.240521,,16.9235,16.111799
404285031,309.2551919,-75.27883262,0.216932,,16.8363,15.9513
404285342,309.3517687,-75.96465875,0.215268,,16.9422,16.339399
404293142,313.2635597,-75.69806835,0.73720998,,14.4815,13.6549
1987890593,304.0306118,-74.89408544,0.17294601,,19.9403,19.138
1987890754,303.9043841,-74.81823339,0.16873799,,18.932501,18.129601
1987890840,303.9533543,-74.72718773,0.35273501,,18.884501,18.146099
1987895269,303.7286793,-74.70113288,0.188357,,18.442801,17.701799
1922181809,294.8971815,-74.00293841,0.17932899,,18.962799,18.253
311425193,314.9661356,-75.89391557,0.47329,,16.537001,15.7111
404284652,309.4242006,-74.50546226,0.31128499,,16.7167,15.8801
1987954085,310.8722292,-75.64522413,0.368352,,18.4576,17.627501
331679281,306.6775065,-74.12998329,0.25056201,,16.9508,16.141001
331679656,306.5292552,-74.81666677,0.27385899,,16.940599,16.087099
331679699,306.7568039,-74.90652224,0.266947,,17.1458,16.2724
327784377,312.5177421,-74.40196702,0.17027999,,16.3916,15.654
271577432,319.2922542,-74.96315703,0.32525799,,17.366501,16.504
1987873503,306.948197,-75.94943235,0.061658502,,18.744301,17.973499
1987895277,303.8453014,-74.6770728,0.248275,,19.769199,18.9074
1987895373,304.0944905,-74.62735728,-0.450275,,19.8738,19.1534
2026029628,320.8775824,-75.80498467,0.303031,,18.1457,17.256599
469878278,316.98617,-74.91312576,0.39085501,,16.522699,15.7423
469812339,299.8997621,-75.27295308,0.302955,,16.775101,15.8657
469821647,300.5818966,-74.35214751,0.362497,,16.7341,15.864
261458768,304.5780703,-75.47707712,0.27138799,,16.7864,15.9949
404284455,309.3669962,-74.16611352,0.376991,,16.571699,15.7044
1987881457,301.0895728,-75.95254271,0.636392,,18.9445,18.065201
1987881546,301.1597955,-75.92368536,-0.26653799,,19.2223,18.478701
1987881552,301.2692186,-75.92349619,-0.23281001,,20.2293,19.315399
1987954699,310.7919446,-75.54662296,-0.98825097,,20.638399,19.7363
1987959291,310.8685064,-75.47182337,-0.37811199,,20.428101,19.5427
1987881590,301.2146971,-75.89032926,0.54977,,18.768101,17.8505
1987881593,301.0448746,-75.90608406,-0.28160101,,19.6073,18.8218
1987882878,301.1643259,-75.64806966,0.202177,,19.710899,18.8608
2026032900,320.8008707,-75.6914554,0.112857,,17.9842,17.213301
2026033067,320.8979704,-75.49308113,0.34880501,,17.2463,16.458599
404285081,309.4984051,-75.40794402,0.35716999,,16.9146,16.0133
404287942,309.7605073,-74.10469514,0.37307,,16.6658,15.8801
311425330,314.8426014,-75.71566802,0.39476699,,16.501801,15.6699
469878178,316.9066159,-75.11505725,0.320113,,16.7204,15.8494
1987875908,305.5572524,-75.93936177,-0.277531,,19.9471,19.0583
1987965416,307.2541651,-75.54555489,-0.370581,,19.920401,19.115801
1987966674,307.3890759,-75.26100965,0.0094259996,,19.945299,19.153299
1987896009,302.5217708,-74.58776747,-0.30406699,,19.565001,18.7342
1987896035,302.2357072,-74.58860627,0.40093401,,18.682699,17.7747
1987896045,302.4173698,-74.59646868,-0.31537601,,19.7885,18.9802
331731166,320.8814996,-75.73244539,0.150151,,17.004299,16.289301
1988027635,305.4354776,-74.40509981,-0.266673,,19.6768,18.951401
1988027702,305.1932508,-74.38008453,0.343422,,18.5623,17.808901
1988027792,305.4975245,-74.31703947,-0.219675,,19.665001,18.7836
1987953448,310.6961841,-75.88527967,0.0565692,,19.919001,19.1444
1922162671,292.5041724,-74.40355248,-0.54054803,,20.0424,19.184299
1987898132,301.2191042,-74.51148416,0.47956899,,19.7953,18.865499
1988022647,306.0792558,-75.05076779,-0.049507499,,19.917601,19.0653
2026035046,320.9649368,-75.09650009,-0.097221099,,18.500099,17.6723
2026035107,321.2558759,-75.01238829,0.101984,,18.8822,17.989599
1988037545,305.3313452,-74.29162881,0.265901,,18.750799,18.117599
1988037569,305.3077273,-74.25265007,0.114545,,18.833,18.0679
331722452,306.9240117,-74.01863363,0.452829,,17.120399,16.273899
2054669918,346.0025242,-75.1651554,0.180023,,18.5823,17.744101
2054669992,346.1524015,-75.06780272,0.0296905,,18.3078,17.572201
2054670082,346.2937987,-75.0659377,0.115342,,18.504299,17.719601
262021413,323.7080837,-74.42511259,0.309499,,18.324499,17.4722
327727054,311.8142223,-75.39540514,0.124787,,17.0266,16.192499
311422178,314.4611792,-75.42864354,0.36167699,,16.874701,16.046301
311422317,314.6446606,-75.71728732,0.40240899,,16.854799,16.0576
325249087,318.065841,-74.11707927,0.37649101,,17.2192,16.368
331679555,306.6349163,-74.62263278,0.40416101,,16.8925,16.027201
273224398,314.2458969,-75.80161358,0.443299,,16.858601,16.054701
265371114,315.5552366,-74.52082845,1.53098,,14.2946,13.4737
271577508,319.2119918,-74.77196172,0.48515701,,16.9459,16.107401
2026038177,324.005419,-74.84680447,0.192275,,18.5117,17.618999
311460819,317.2684572,-74.23401181,0.12419,,17.098801,16.2712
325249153,318.0907902,-74.25156319,0.37043101,,16.676701,15.8617
327784352,312.5577732,-74.35563633,0.42072499,,16.779499,15.9307
469812307,300.1520413,-75.18617616,0.32762301,,17.685301,16.761999
1988037607,305.110392,-74.24554224,-0.152648,,20.107901,19.271099
1988037642,305.304063,-74.16957856,0.45823601,,18.729799,17.991301
2054670126,346.6236568,-74.98911778,0.28065801,,18.0916,17.299299
331730749,320.887486,-74.57501428,0.229582,,17.1814,16.319599
327727073,311.8996707,-75.37039105,0.34850201,,16.721201,15.864
1987896058,302.5245933,-74.55783444,0.139092,,19.4247,18.529699
1987896062,302.5229392,-74.56116134,0.227213,,19.3011,18.4121
1987898582,302.1292884,-74.58514631,0.141233,,19.7854,18.881901
1988024080,306.4237327,-74.67395946,0.35730499,,19.9363,19.1084
1988026428,306.0907375,-74.69920061,-0.93593299,,20.056299,19.295601
2026042284,323.603071,-74.06051502,0.307982,,18.2707,17.4436
331679311,306.7280051,-74.18338859,0.104895,,18.2985,17.4568
1988037647,305.3543181,-74.16588766,-0.14044601,,19.9352,19.191401
2025949278,323.1897652,-75.87111308,0.099916197,,18.6448,17.7679
2026031617,323.3913641,-75.54760011,-0.129785,,18.927099,18.0895
327784394,312.6777243,-74.43915283,0.081609003,,18.430901,17.568899
404285168,309.4668789,-75.5736229,0.162837,,16.839701,16.4002
404285173,309.5989539,-75.5933298,0.28528401,,17.6954,16.8883
404287342,309.9297685,-75.32559209,0.069749102,,17.5396,16.904301
2026032026,323.2047775,-75.33681448,-0.077375397,,18.760599,17.9065
2026032028,323.272591,-75.32844948,0.075805001,,18.894899,17.9744
1922195374,292.5481616,-74.3389662,0.510997,,18.625601,17.752199
1922168088,299.7905241,-74.6462084,0.42430601,,18.722601,17.818399
1922173932,299.7114432,-74.40953039,0.54319102,,18.6124,17.7925
1987898609,302.320592,-74.54069655,-0.40335,,19.591101,18.7992
1987898644,302.0137776,-74.53604043,0.349159,,18.7661,18.035601
2026032652,323.2815189,-75.17628678,0.042343501,,18.588301,17.6919
1987898638,302.3456886,-74.49108382,0.22850101,,19.1567,18.2929
1987898639,302.3507888,-74.48686612,-0.010268,,19.6752,18.844
1987898674,302.1778764,-74.48958444,0.090286598,,17.8661,17.429199
1987898707,302.5807322,-74.46223516,-0.0699718,,19.861,19.0007
2026037738,323.2855358,-75.11042941,0.267537,,18.436899,17.526501
1988039779,305.1754459,-74.04067354,0.244468,,18.843901,18.0781
1988039138,305.3309551,-74.01558303,-0.138438,,20.245001,19.385
1987898708,302.5733926,-74.4601221,0.39382201,,19.430099,18.636
1987898778,302.5033181,-74.39910107,-0.078869097,,19.788,18.9956
1987898947,302.2441729,-74.3863287,0.48056799,,19.628901,18.812401
2026040154,323.0177672,-74.73773465,0.155619,,18.6385,17.816999
1988028974,306.1360605,-74.24533342,0.175659,,18.804199,18.057899
1988028993,306.4773911,-74.19493742,0.055747598,,19.733801,18.8981
1988029010,306.4044241,-74.16832418,0.154,,18.649,17.856701
2026040260,323.2390856,-74.60547769,0.27106199,,18.0422,17.202
325249281,317.9344224,-74.53338071,-0.046835601,,18.4049,17.6306
2026041314,323.2461344,-74.49756844,0.216388,,18.5056,17.641001
2026041415,323.3491136,-74.36563008,-0.24258,,18.070601,17.5483
1922174280,299.642053,-74.18999254,0.22885901,,18.915501,18.070499
1987900951,301.133981,-74.28718593,0.378077,,18.990299,18.0746
1987903007,301.0773122,-74.0130826,0.234888,,18.993099,18.152201
1987875916,305.619825,-75.92313507,0.0596123,,18.9177,18.0823
1987875904,305.672338,-75.92870019,0.388924,,19.0228,18.122499
2026042210,323.4802244,-74.16637039,0.0275214,,18.565901,17.8048
1987898996,302.2491378,-74.35443308,0.135727,,19.707001,18.9517
1987898971,302.5311453,-74.35247912,-0.762734,,20.674999,19.771299
1988029182,306.023068,-74.16938066,-0.202784,,19.0541,18.478001
1988029221,306.1672609,-74.10428574,-0.375011,,20.3564,19.521601
404287203,309.6703586,-75.62910476,0.54193902,,16.0193,15.1717
404287290,309.7305472,-75.43337379,0.85913098,,14.944,14.043
404287325,309.7784755,-75.35557924,0.73893797,,16.089001,15.1919
1988029240,306.1732211,-74.08665113,-0.078647301,,18.929199,18.151501
404287748,309.6707831,-74.49044144,0.370801,,15.1772,14.5082
404287773,310.0265856,-74.45186344,0.432403,,15.9906,15.1393
404287794,309.7068134,-74.4095177,1.28301,,14.4831,13.6478
1987962684,307.5902824,-75.75691161,0.20933001,,18.6057,17.7899
1987962712,307.8622106,-75.73935284,0.41894001,,18.639799,17.749399
273223660,313.9588053,-74.05047529,0.073397703,,17.9139,17.151699
2054670937,346.4261346,-74.8333615,-0.088832803,,18.3426,17.6838
327727076,311.8198457,-75.35872081,0.177154,,16.953199,16.121401
327727161,311.8533447,-75.20405719,0.18702,,17.1542,16.313
327727199,311.7827926,-75.12785955,0.35636199,,17.1374,16.281799
469811845,300.1361999,-74.23426459,0.276941,,17.2829,16.384199
469812085,299.9192811,-74.74427415,0.37446201,,16.7675,15.8679
1987899039,302.3393645,-74.28234595,0.0195166,,19.7258,18.979401
1987899046,302.4405804,-74.26057892,0.39714399,,18.5662,17.6775
325249852,318.2329043,-75.78629492,0.29172701,,18.1327,17.243799
404287921,309.7513907,-74.16067953,0.64403802,,15.1575,14.3149
404287998,309.65751,-74.0100621,0.62298399,,15.913,15.075
404290396,311.2660037,-74.16230539,0.67439801,,15.8376,14.9953
1987953445,310.719986,-75.88614713,0.374486,,18.8859,17.9804
1987893102,301.3851388,-75.17585441,-0.59882498,,19.8006,18.9112
1987962980,307.3584962,-75.64890658,0.33185899,,19.972,19.108999
311460852,317.3963897,-74.31837677,0.41842201,,16.7593,15.8993
1987873400,306.0372161,-75.96194252,-0.080581903,,20.025299,19.2327
1987873433,306.2293104,-75.92091828,0.24385899,,18.620899,17.829901
1922196661,292.4220978,-74.07166064,-0.190165,,19.777599,18.900999
1988022589,306.1511693,-75.11551733,0.0963725,,18.8764,18.2194
1988023360,306.0689068,-74.91506368,0.021694301,,19.647699,18.9597
1988026545,306.3543416,-74.61941986,0.62054402,,19.6625,18.8027
271577466,319.13657,-74.88689143,0.53052098,,16.637199,15.7973
1987875968,306.1020846,-75.89367613,0.308305,,20.014299,19.129299
1987876283,306.2940898,-75.87302718,0.15283699,,18.8456,18.098101
469821231,300.7560013,-75.19204841,0.33775401,,17.1842,16.2467
1987876343,306.0590708,-75.79104258,0.269885,,18.6649,17.802999
469821650,300.6187893,-74.34904342,0.395823,,17.253,16.341499
1987899670,302.322422,-74.23373144,0.206705,,18.739901,18.0599
1987900233,302.3375481,-74.07718559,0.0112169,,19.6703,18.7651
1987900085,302.4831219,-74.09310007,-0.00192572,,19.594299,18.8025
1987900238,302.3482981,-74.06162897,0.47255501,,19.374201,18.6026
469877907,316.8938078,-75.6966039,0.316897,,17.1028,16.264799
469877986,316.8666218,-75.53212214,0.0840379,,18.6028,17.7756
1987962903,307.329963,-75.64873172,-0.361056,,19.4916,18.599899
1987965419,307.2963156,-75.53441327,0.632909,,19.590099,18.7026
1987951410,310.9499763,-75.88519208,0.20639101,,19.8629,19.026699
1987953725,310.9762304,-75.85131824,0.239755,,19.675501,18.8549
1987953937,310.726168,-75.75073821,0.0019544601,,19.625299,18.7444
404290582,311.2319118,-74.53013292,0.51376599,,15.503,14.7272
404290681,311.2787926,-74.72522327,0.75611103,,15.4615,14.5856
401572406,312.0793494,-74.10621893,0.230077,,15.7174,14.9491
469878162,316.7045127,-75.14818089,0.197761,,17.1343,16.3197
1987959296,310.8598279,-75.45846806,0.091356501,,19.7686,19.0383
1987959328,311.10879,-75.39863166,0.0545302,,19.581301,18.7157
1988026521,306.1862535,-74.64877632,0.0141259,,19.887501,19.087799
1988028159,306.1358155,-74.40803098,0.056956999,,19.505699,18.6513
401572508,312.1576476,-74.28132293,0.59838098,,15.4751,14.6496
404293093,313.5220179,-75.79234862,0.981933,,14.5409,13.6641
404293126,313.5316367,-75.72843992,0.64399397,,15.5758,14.7343
265370488,315.719862,-75.97371887,0.55709898,,15.6939,14.8613
1987900319,302.2839313,-74.0030608,0.184433,,18.908899,18.0403
1987900304,302.3521232,-74.0089137,0.15023001,,19.6465,18.738899
1987900306,302.4309155,-74.01196419,-0.74057603,,20.197399,19.3302
1987875283,303.7460956,-75.9634166,-0.28999001,,19.745899,18.9139
331679252,306.8213815,-74.07448712,0.048553899,,17.191,16.350599
331679296,306.8626001,-74.15477029,0.293345,,17.3641,16.4925
271577234,319.1958638,-75.48784847,0.45267701,,16.902399,16.052999
331679314,306.6088063,-74.19188979,0.28863099,,17.293501,16.4098
469878211,316.9793777,-75.05476744,0.195581,,16.9564,16.1173
331679464,306.4934748,-74.45784644,0.062924497,,17.907101,17.0875
331679530,306.4985414,-74.56762784,0.329081,,16.967501,16.0788
331679483,306.7734756,-74.49566591,0.26337901,,16.8839,16.0492
327784430,312.5117235,-74.50001419,0.0112665,,17.954,17.073601
265370480,315.8518318,-75.98803508,1.18012,,14.8367,13.9631
265370690,315.6182982,-75.49494388,0.54092598,,15.8273,14.9942
1987875286,303.8413648,-75.9789007,0.55575502,,19.9102,19.009701
1987883404,303.4714307,-75.97553178,0.26866499,,18.662901,17.777201
327784436,312.5554864,-74.50776584,0.102645,,17.1479,16.4697
327784525,312.4528627,-74.68956639,0.270601,,17.289499,16.4524
469878553,316.9920663,-74.32631538,0.27800599,,17.118999,16.3957
273223702,314.2182747,-74.14330043,0.257875,,17.2456,16.4076
273223880,313.9998971,-74.58254284,0.42824799,,17.3123,16.503901
331731052,320.8302023,-75.38498524,0.295614,,16.890499,16.007
273224174,314.2065454,-75.25956954,0.307906,,17.5956,16.8692
273224178,314.2746184,-75.26787617,0.220727,,17.498699,16.656601
265370831,315.5375944,-75.18282748,0.40865201,,14.7356,13.9941
265370838,315.8963239,-75.16866547,0.85680902,,14.5742,13.6991
273223903,314.2568401,-74.65088688,0.48171601,,17.376301,16.5133
273223952,314.193455,-74.75282036,0.086340502,,18.0149,17.131901
1987876511,306.0637782,-75.74158137,0.031477299,,18.3466,17.8064
1987876553,305.8733773,-75.72383205,-0.303054,,20.117901,19.349701
1987876556,305.8952165,-75.71767368,-0.69181901,,20.0767,19.1919
1987883485,303.5961749,-75.95706724,0.16825999,,19.366199,18.606001
1987883498,303.6233619,-75.91509523,0.0147706,,19.681601,18.8062
1987883499,303.6388751,-75.91469974,0.46335,,19.874901,18.9564
311421700,314.3471222,-74.29981227,0.19727001,,17.310101,16.552401
311421877,314.6261097,-74.72768901,0.259065,,17.6038,16.792601
311421949,314.6058272,-74.88400862,0.41242501,,18.046,17.1756
265371018,315.6190276,-74.76179877,0.94817001,,15.4633,14.6056
265371079,315.7937064,-74.59766593,0.44758999,,16.1611,15.3445
265371189,315.5663858,-74.36889165,1.27785,,14.5468,13.6997
265371227,315.6789789,-74.27496452,0.71766001,,14.9503,14.2507
325249088,318.0899132,-74.1189374,0.24955299,,17.191299,16.3857
325249220,318.140783,-74.40665905,0.386935,,17.4671,16.709999
325249334,318.2353865,-74.64928856,0.161651,,17.308201,16.593201
265371239,315.7113394,-74.25614471,0.57123202,,15.3261,14.4884
311460855,317.2160468,-74.32811826,0.571908,,14.5281,13.8246
325249608,318.2056512,-75.23879553,0.119487,,18.006901,17.1632
325249777,318.1211168,-75.61954108,0.30320901,,18.2973,17.437599
325249802,317.9548923,-75.67808815,0.36713201,,18.1716,17.289499
325249847,318.2457265,-75.77258839,0.32394999,,17.8612,17.059299
325249897,318.2348324,-75.91184749,0.20848601,,17.389299,16.591999
1987953808,310.9933158,-75.7323987,0.330486,,19.618099,18.802
331679257,306.4877639,-74.08435396,0.41470301,,18.0791,17.225201
1922195790,292.5701084,-74.15987496,0.47193199,,19.578199,18.7372
1922174006,299.6152002,-74.38523395,0.59427398,,19.097799,18.2752
1987902319,301.2045069,-74.01882272,0.475099,,19.4182,18.5165
1987902322,301.3632915,-74.02093237,0.45831299,,19.525299,18.6192
404344036,318.6864936,-75.93248957,0.26239601,,18.293699,17.419201
331679536,306.5611857,-74.58633196,0.20189001,,17.639299,16.791201
311461113,317.4555668,-74.96471114,0.58074999,,15.7022,14.8355
327784353,312.7070617,-74.35713076,-0.00100429,,18.1047,17.231199
327784383,312.3761338,-74.41277388,0.221982,,17.6731,16.8321
327784417,312.3929652,-74.47580028,0.138183,,18.1299,17.434799
1987876605,306.4115505,-75.6818006,-0.27998,,19.649401,18.954201
273223707,313.9886405,-74.15286413,0.27017599,,17.650999,16.783001
273223769,314.075484,-74.32076968,0.23795301,,17.8813,17.008101
273223989,314.1100113,-74.86039996,0.121927,,17.4359,16.657
273224081,314.1358779,-75.06359024,0.124486,,17.781601,16.941299
1987894210,301.292972,-74.86062268,0.219677,,19.183001,18.306
1987898471,301.3257071,-74.36312239,0.276288,,19.4034,18.5376
1987898478,301.3550224,-74.34982602,0.125993,,19.271799,18.481501
1987875868,305.5394058,-75.98811019,0.207462,,19.364201,18.470501
1988023951,305.9791114,-74.7599532,-0.12115,,19.245701,18.4566
1987883568,303.5802831,-75.86811101,0.081337899,,19.310101,18.4482
1987883570,303.6149427,-75.86679255,0.0043708701,,19.9153,19.1521
1987883575,303.6568188,-75.84932793,-0.011705,,18.996401,18.2341
273224477,314.2380168,-75.99569647,0.185234,,17.9081,17.0366
311421680,314.475745,-74.25360471,0.122465,,17.960699,17.170799
311425476,314.7204331,-75.53917568,1.62062,,,
311425606,315.0190954,-75.42969929,1.3961999,,,
311426082,315.0984421,-74.89827747,1.13573,,,
1987883773,303.4565888,-75.82378227,0.27002999,,18.9652,18.054899
1987883781,303.6204561,-75.80690426,0.44908401,,18.2332,17.369699
1987962609,307.4475216,-75.85293759,0.0137342,,19.105301,18.2223
1987962686,307.5397706,-75.75618028,0.31447801,,19.2055,18.322901
262021306,323.4219166,-74.19124351,0.348667,,18.121799,17.2362
311461438,317.4145211,-75.73218231,0.59427601,,15.5741,14.7184
331753797,321.904519,-74.38250235,0.56691301,,15.3077,14.4158
331753799,322.1762784,-74.38030116,0.68035799,,15.1766,14.356
331753873,321.8856582,-74.21041242,0.69558102,,15.3213,14.4676
325249040,318.0182234,-74.00355495,0.202328,,18.0292,17.191299
325249116,318.0047435,-74.17424511,0.227015,,17.958,17.120501
325249341,318.1417899,-74.665671,0.097263798,,17.593201,16.7342
325249571,318.0558649,-75.17596396,0.211703,,17.7897,16.992001
325249797,317.9142715,-75.6643505,0.222791,,17.9069,17.0331
325249799,318.1722642,-75.66748458,-0.0351387,,18.101,17.2703
404240275,307.8035067,-75.25989129,3.8206799,,8.7630997,8.3162003
311425934,315.0655199,-75.06879041,1.16628,,12.6118,11.8704
261427841,304.5677564,-74.27647575,1.61497,,13.6557,12.8897
271577667,319.0452147,-74.36035791,1.7222,,13.3364,12.4627
1987961732,308.1609628,-75.98014748,-0.176967,,19.098301,18.291401
1987951102,310.6018319,-75.98530597,0.165654,,18.9319,18.194401
1987953763,310.7447501,-75.81495885,0.0690521,,19.0168,18.217199
1987953971,310.7757621,-75.70779958,0.38027301,,19.181101,18.3391
331679482,306.6519222,-74.49450073,0.346587,,17.5763,16.773001
1987883844,303.4960245,-75.75906742,0.50755799,,19.3391,18.506399
1987883849,303.3694868,-75.76917413,-0.13932601,,20.295401,19.377399
271577797,319.1565792,-74.06892802,1.5976599,,13.4346,12.5831
327784421,312.652223,-74.48358704,0.230783,,17.2167,16.3706
273223771,314.0657118,-74.3271545,0.15346999,,17.8109,16.991301
273223882,314.0896647,-74.58573293,0.25499499,,17.5627,16.7139
273223890,314.286265,-74.60418407,0.26863801,,17.2313,16.370701
273223865,314.2570811,-74.56251631,0.35054001,,17.493601,16.6565
273223848,314.1130923,-74.50681447,0.034549899,,17.666401,16.844999
273223925,314.278619,-74.69278498,0.343696,,17.5247,16.8267
273223817,314.1041517,-74.44655001,0.48310801,,17.600599,16.7365
273223976,314.1072271,-74.81908951,0.31427899,,17.807699,17.059299
273224167,314.154553,-75.24839363,0.318196,,17.2488,16.3992
273224189,314.1279311,-75.29976596,0.34598899,,17.4998,16.674299
273224198,314.0519435,-75.33006603,0.150591,,17.906601,17.049999
273224308,314.0153345,-75.59336993,0.12921,,17.6047,16.729601
311421699,314.6172885,-74.29702916,0.198136,,17.773899,16.960199
311421753,314.5364391,-74.44269614,0.117418,,17.2955,16.561899
311422000,314.3354086,-74.99009816,0.363976,,17.410299,16.593
311422020,314.4163161,-75.04506634,0.25723201,,17.7673,17.030899
311422043,314.4275087,-75.0822464,0.16321,,17.5079,16.7575
404287338,310.0236101,-75.33113824,0.52518302,,16.4757,15.5807
1922195350,292.416676,-74.37016134,0.63298798,,19.0483,18.176201
1922196726,292.3940523,-74.01626181,0.40759999,,19.1504,18.260401
1922174328,299.8756338,-74.18155555,0.101918,,18.913401,18.185499
1987882571,301.0086968,-75.70798177,0.23366299,,19.019501,18.1553
1987882576,300.971748,-75.68666567,0.046471901,,18.923401,18.1628
311422275,314.7082109,-75.63233299,0.25959399,,17.1716,16.2883
311422297,314.4855718,-75.67102508,0.55366898,,17.255699,16.400299
311422386,314.338178,-75.86625518,0.197327,,17.421499,16.68
325249118,318.1728154,-74.17895329,0.021327401,,17.770399,17.0075
325249346,318.1154681,-74.67311989,0.306851,,17.4907,16.627399
325249464,317.9264895,-74.95463066,0.31163999,,17.1712,16.3314
1987898165,301.0870948,-74.4999138,0.215168,,19.1996,18.3417
1988023873,305.9705914,-74.8290635,0.038730599,,19.131701,18.245701
1988023632,306.1481841,-74.91829983,-0.401191,,18.9949,18.2691
1988026427,306.0332546,-74.7100769,0.30570701,,19.1675,18.2766
1988026605,306.2956393,-74.56224441,0.37785801,,18.8221,17.9543
325249715,317.9942025,-75.46550654,0.245307,,17.834101,16.9576
325249735,317.9009542,-75.50720844,0.21833099,,17.8594,17.0049
325249856,318.0797637,-75.79761029,0.168962,,17.6686,16.779699
331722289,307.0333392,-74.32490901,0.331864,,16.967199,16.108601
404284961,309.3516479,-75.14891353,0.35256499,,16.8216,15.9942
404287639,309.8009955,-74.67694859,0.32743001,,17.086599,16.2966
1987877377,306.0471014,-75.58295453,-0.37557399,,20.063601,19.184601
1988026790,306.0306159,-74.52560025,0.0806785,,19.119499,18.3104
1988026860,306.0422825,-74.46555376,0.13085499,,18.916599,18.0417
1988029190,306.0324297,-74.14970271,0.42336899,,19.063999,18.200701
1987962710,307.8138589,-75.75745319,0.14593101,,19.0921,18.2094
1987965426,307.4898346,-75.54754045,0.084597602,,18.914101,18.143999
331679622,306.7694743,-74.75482336,0.42956999,,16.731199,15.8481
327784351,312.7149382,-74.35351775,0.195476,,17.8487,16.981701
327784434,312.5606522,-74.50566298,0.188318,,17.790701,17.0408
331682153,307.0777763,-75.38861744,0.36641699,,17.3286,16.486799
331722221,306.9437833,-74.47995351,0.280435,,17.419399,16.531401
404284485,309.4271712,-74.23004212,0.041900299,,16.778799,16.158899
404284678,309.5847361,-74.56730842,0.42135599,,17.174299,16.332001
1987884135,303.6829065,-75.74262376,-0.031963401,,20.1359,19.245399
265371110,315.5213338,-74.53027565,0.54295403,,16.257999,15.3995
396211278,300.2639474,-75.37282568,0.247482,,18.4471,17.5306
1987966066,307.5241155,-75.30721237,0.19644099,,19.0968,18.269899
1987966077,307.327313,-75.30563952,0.41860399,,18.932301,18.0396
1987953796,310.9935623,-75.76924363,0.495143,,18.7397,17.990601
1987959464,310.7781026,-75.39059087,0.29872,,18.8585,18.053801
311422279,314.5947096,-75.63526427,0.141528,,17.658001,16.780001
1987902315,301.1535725,-74.04302843,0.275718,,19.194599,18.3801
364115301,289.5013184,-75.04656513,0.33250201,,17.752701,17.077801
1987898205,301.1950486,-74.44612886,-0.41150299,,19.296801,18.580601
1988023872,305.9661396,-74.82745607,-0.0358431,,19.5823,18.928101
327727743,311.9656165,-74.04085878,0.25234601,,18.2806,17.4839
311422335,314.7532663,-75.75144393,0.190889,,18.4109,17.6112
404269402,309.0868654,-75.08543152,-0.0174578,,15.9993,15.3054
404269636,309.0023605,-74.62467357,0.0874395,,15.0224,14.1331
1988026585,306.1193454,-74.59569426,-0.199424,,19.454201,18.6292
1988026603,306.2416781,-74.57637977,0.115582,,19.494699,18.602501
1987962877,307.0444477,-75.72506654,-0.231608,,19.527599,18.746901
404239818,307.6883009,-74.34019809,0.42822501,,16.916401,16.0627
404239650,308.0513657,-74.03227163,0.361213,,15.824,15.2442
325249111,318.1309882,-74.17149764,0.27589199,,17.981899,17.1672
404284552,309.4891175,-74.34460587,0.43620899,,16.899599,16.051399
1987954761,310.7354726,-75.44452888,0.17898899,,19.4788,18.668301
1922174208,299.7540585,-74.22417571,-0.16757099,,19.5124,18.747299
404287370,309.8358279,-75.27112747,0.24801201,,16.689501,15.7904
404239873,307.9251565,-74.44933939,0.47507301,,16.312201,15.4596
271577791,319.4236638,-74.07676393,0.69876498,,16.0811,15.1977
404239653,307.7580034,-74.03786923,0.476309,,16.427999,15.5712
1987884238,303.830846,-75.63480764,0.72626197,,19.181601,18.294201
273224086,314.3006849,-75.06776619,0.154102,,17.8557,17.006399
273224181,314.318175,-75.2840485,0.154351,,18.239799,17.366699
1987884859,303.5341598,-75.66151583,-0.12801,,19.958099,19.0352
404284606,309.4272058,-74.42778955,0.397928,,16.972601,16.166401
404287760,309.9735132,-74.47741458,0.243275,,17.0665,16.241899
396211045,300.4287524,-75.68663185,0.131614,,17.4198,16.5816
404287993,309.8391281,-74.01713166,0.46040899,,16.6056,15.7371
1987877609,306.0955256,-75.46218271,0.238892,,18.7834,18.1187
1987951458,311.6174307,-75.85170279,0.154485,,18.734699,17.8943
261458623,304.6553805,-75.19833704,0.463617,,17.003401,16.1481
265370485,315.8068344,-75.97607975,0.219785,,15.8933,15.1337
265371305,315.6762187,-74.12257696,0.38150001,,16.511101,15.6448
331722095,307.0696548,-74.72065322,0.310702,,17.340799,16.474001
404239869,307.6904639,-74.44499805,0.29658401,,16.361601,15.4919
404240539,307.731643,-75.79641707,0.205157,,16.317801,15.6363
404240632,307.6761286,-75.965641,0.369203,,16.264,15.3619
1987932516,315.3993733,-75.72254292,0.22183201,,18.4328,17.557899
331753772,322.0664365,-74.46965707,0.505795,,16.135599,15.2397
331753800,322.0590762,-74.37820068,0.55783898,,16.261801,15.4075
1988022296,306.1784351,-75.18628425,-0.76069099,,19.7082,18.9646
311426007,314.9434248,-74.96066409,0.35682499,,16.8992,16.0979
404284457,309.3524955,-74.16954084,0.195751,,17.034901,16.233299
404284830,309.6344086,-74.85221774,0.26919699,,17.2656,16.414801
265370915,315.5754801,-74.99083603,1.19657,,14.957,14.0854
404287238,309.8727273,-75.55931317,0.316071,,17.463499,16.6171
404287661,309.8168406,-74.63222923,0.334158,,16.641701,15.7831
1988030956,307.9777566,-74.23307473,0.25602201,,19.4596,18.740999
1987897433,301.3483808,-74.54395492,0.104776,,19.685699,18.827499
1987932551,315.0968122,-75.69627138,0.12262,,18.793301,17.9237
404290353,311.331495,-74.08782713,0.339569,,17.028099,16.2976
404290595,311.4563599,-74.55471094,0.416394,,16.837799,15.9702
404293018,313.3935682,-75.95720172,0.29533601,,16.865999,16.0037
1988033375,307.5354869,-74.17561284,-0.45183,,19.9786,19.202
311426105,315.1070495,-74.87787098,0.21205901,,17.1366,16.3169
265371072,315.6070915,-74.61131454,0.35138401,,16.459999,15.8106
265371161,315.7687853,-74.42472059,0.236137,,17.2523,16.4151
265371190,315.7043817,-74.36767244,0.22042599,,16.709,15.8532
265371298,315.5868555,-74.1437901,0.271038,,16.871099,16.021601
1988033536,307.5121106,-74.12293714,0.326226,,18.7076,17.843
1988033499,307.8035327,-74.05120563,-0.173565,,20.178301,19.371099
311461044,317.2282515,-74.79650481,0.43536401,,17.453699,16.7005
311461082,317.0956571,-74.88675248,0.22133499,,16.9776,16.1873
404343813,318.7338096,-75.43288354,0.194399,,18.217699,17.4044
331753900,321.9566489,-74.15207678,0.42435101,,16.743999,15.8625
331753931,322.1174735,-74.06240414,0.50437301,,17.3948,16.5965
404287427,309.7482141,-75.1230544,-0.238139,,17.919701,17.240801
404287190,309.9693731,-75.65236514,0.34728101,,16.9314,16.0805
404287543,309.8652771,-74.88255183,0.298011,,17.1306,16.254499
1988033778,308.3124413,-74.02927402,0.44977501,,18.7722,18.072201
364114703,289.4256342,-75.88081183,0.38623199,,18.148001,17.378
331753766,321.8747418,-74.47929257,0.335035,,17.2645,16.3857
364115295,289.2668286,-75.05532308,0.47106701,,18.296801,17.454399
407885691,290.3443535,-75.29313354,0.44864601,,17.6138,16.8937
407920648,290.0872791,-75.73436562,0.305843,,17.983801,17.2665
1987941347,315.383879,-75.28413301,0.215206,,18.389999,17.573999
466684514,295.5503027,-75.09794679,0.522237,,17.7687,16.9405
466687871,295.9255112,-74.06119004,0.32755601,,18.127501,17.3522
466687964,296.0149672,-74.19856393,0.60587698,,18.1213,17.253401
265370688,315.7545756,-75.49582698,0.13887399,,18.132401,17.262501
265370893,315.8762461,-75.03904109,0.27456599,,17.2645,16.482201
311460967,317.4313535,-74.6145092,0.114797,,17.494801,16.647499
311425125,315.1123601,-75.96274507,0.56172597,,15.5175,14.6713
261427701,304.7394988,-74.03469753,0.94087201,,14.7673,13.9302
1987961987,307.5111838,-75.88808093,0.177799,,18.615101,17.8284
1987976061,315.1325117,-75.16047466,0.107504,,18.333599,17.4527
1987976091,315.1986021,-75.12584103,0.24127901,,18.493299,17.621099
1987976257,315.0483122,-75.07210289,0.156812,,18.43,17.5938
1988026800,306.1526911,-74.49713161,0.047436599,,19.4119,18.6362
1988026802,306.0024105,-74.53041933,-0.285456,,19.381201,18.6891
1988029065,305.9667817,-74.19915131,0.109182,,19.5142,18.7141
1988029148,306.1721936,-74.15169859,-0.34792101,,19.5026,18.757999
398447650,297.9480273,-74.54555944,0.44797501,,18.5474,17.672701
398447819,297.955696,-74.30590623,0.32429001,,18.511,17.628799
261427774,304.5546655,-74.17013327,1.26875,,13.7897,12.9491
1987884927,303.3254096,-75.6146984,-0.47465599,,20.292101,19.5002
1987962670,307.2603873,-75.78878489,-0.348028,,19.6085,18.696301
1987962705,307.7056725,-75.78506083,0.58274102,,19.638901,18.777901
1987962929,307.4178798,-75.66772922,-0.029541399,,19.6553,18.799101
1987966001,307.3829151,-75.3680318,0.056056,,19.315201,18.4977
1987953933,310.7508806,-75.75680128,0.287929,,19.4146,18.597
1987954021,310.5861154,-75.67746678,-0.33127499,,19.678499,18.8955
404287686,310.0093155,-74.60018976,0.510557,,17.2834,16.493999
404287949,309.8618668,-74.09649062,0.278018,,17.283501,16.5487
1987976372,315.6477253,-75.0108696,-0.048794899,,18.947901,18.087099
1987976501,315.3485396,-75.03023635,0.153834,,18.6185,17.764099
466690980,296.3615901,-75.63598582,1.48919,,12.7571,12.0149
327787176,313.0557153,-75.31279726,3.5152299,,9.1414099,8.7481899
340791579,292.6019358,-74.87331899,0.103862,,19.011801,18.1614
469811894,300.1195011,-74.32903571,0.490547,,18.1609,17.2549
404269236,308.9963249,-75.42741959,2.8522201,,10.8777,10.3555
401538229,310.1517372,-75.46862732,2.2695,,12.1555,11.3978
401573349,312.1754395,-75.95635561,1.2771699,,13.5281,12.6528
404269024,309.0884756,-75.86325012,3.8461001,,10.969,10.2947
327787865,313.0154408,-74.06095795,2.27214,,11.5753,10.8439
404269191,309.1127567,-75.53621304,2.1293001,,11.5188,10.9275
311425122,314.8697619,-75.964565,1.06507,,14.3457,13.4807
311426627,314.7595942,-74.29256122,1.0244499,,14.6802,13.8996
404285344,309.355854,-75.97030412,0.424573,,16.8792,16.0042
1987976535,315.4303422,-74.95213924,0.163011,,17.9907,17.264799
1987962695,307.4577094,-75.74765558,-0.232952,,19.886101,19.0411
466688659,296.2450044,-75.46858479,0.171883,,17.6126,16.7815
404269249,309.188066,-75.39290735,1.99143,,11.4724,10.7997
404269609,309.131682,-74.6761794,2.4337201,,12.2543,11.3993
401538212,310.4140896,-75.52460463,0.92459899,,13.1366,12.552
404287929,309.9600709,-74.13988456,0.39374101,,16.946199,16.1063
311426340,314.9435901,-74.59269421,0.26233599,,16.586399,15.7298
404284442,309.2642983,-74.14241162,0.429681,,16.902,16.055599
311426792,314.7666109,-74.09481769,0.218482,,17.047899,16.2085
466694907,296.7453312,-74.5697734,1.49369,,13.6512,12.8415
404269709,309.0755121,-74.49850253,1.18909,,13.5475,12.7333
1922173983,299.7060464,-74.40017468,0.093073003,,19.0749,18.2931
1987900945,301.0851033,-74.2952806,-0.047399301,,19.293699,18.4911
1987880436,301.316692,-75.98605983,0.104124,,19.428699,18.6043
265371017,315.6821852,-74.76337447,0.12047,,17.1985,16.368
401538295,310.2782778,-75.33127257,1.55485,,13.2783,12.5264
401569843,310.0674614,-74.44881078,1.49861,,12.9308,12.2451
327787763,312.9994802,-74.23607046,1.33042,,13.4429,12.6111
466695278,296.6622884,-75.18889213,1.31899,,13.5665,12.6868
404269119,308.8856201,-75.6632955,1.02223,,13.9174,13.0692
311460743,317.3177163,-74.05407977,0.084609002,,17.307699,16.511801
311460806,317.1331358,-74.2083787,0.41672701,,16.999901,16.2057
1922137017,292.1375814,-75.98235365,-0.0150955,,19.5378,18.621401
1922137023,292.2822386,-75.95914219,-0.028136,,19.842699,19.0161
1987965786,307.4966569,-75.4687521,-0.818802,,20.5145,19.6528
271577795,319.0657743,-74.071052,0.324949,,16.8025,15.9358
327787267,313.1194574,-75.13900408,1.235,,14.1387,13.2682
327787204,312.878965,-75.25454093,0.038081702,,16.3876,15.714
398447794,298.103964,-74.33610018,0.18087099,,16.0362,15.5262
404269551,309.1364048,-74.77069433,0.053958301,,15.8774,15.5306
401569590,310.3890759,-74.97670535,0.97288197,,14.7315,13.9261
1922137104,292.1741963,-75.91638743,0.29947799,,18.7257,17.873501
1922139295,292.0264597,-75.89111871,0.25069299,,18.8528,18.215
404287802,309.6719779,-74.39944782,0.46209899,,16.9168,16.103399
404293209,313.3080804,-75.53796057,0.27817699,,17.053801,16.196199
1987885017,303.7934647,-75.51453461,0.43475899,,19.8416,18.944401
1987965822,307.6045008,-75.4153078,-0.33717099,,19.7878,19.053101
466691528,296.6232498,-74.58739803,0.023290601,,16.7432,16.218901
404268959,309.1223628,-75.97979622,0.167906,,16.962099,16.0723
265370481,315.7664165,-75.98489289,0.353273,,17.148199,16.282101
265370721,315.7649326,-75.43265759,0.288138,,17.315599,16.450899
261427721,304.5518102,-74.06587153,0.358917,,16.539301,15.676
265371282,315.5304953,-74.17368498,0.17385501,,17.028999,16.241699
327787450,313.0945512,-74.80459331,0.196262,,16.5474,15.9277
327787789,312.8651152,-74.19441275,0.42712399,,16.3911,15.5816
404269557,309.1715994,-74.75398866,0.389126,,16.3571,15.4943
327786875,312.7706581,-75.9536105,0.39552599,,16.070999,15.1932
401538160,310.3998567,-75.63513512,0.115661,,15.0592,14.651
1987880393,301.4611733,-75.98817334,-0.130624,,19.457199,18.5375
1987883301,301.3038253,-75.45997306,-0.115228,,19.7328,18.832899
1987893922,301.6348942,-75.01356789,0.41602501,,19.3832,18.462099
1987875913,305.5552928,-75.93376283,0.25299701,,19.443399,18.5658
404287341,309.7895846,-75.327129,0.35025799,,17.3829,16.495501
404287542,309.9371754,-74.88432823,0.324164,,17.0858,16.243999
404285153,309.2759415,-75.54195877,0.42409,,16.939899,16.0357
1987966024,307.4987145,-75.35008788,-0.52490401,,19.549299,18.9412
1987966164,307.4848452,-75.24259605,-0.29654199,,19.619801,18.7251
1988026869,306.0157961,-74.43781122,0.061014902,,19.400999,18.684
1987965442,307.4062251,-75.51403224,-0.423345,,19.4349,18.744101
1987965991,307.4682371,-75.37759492,0.011742,,19.3769,18.591101
404293035,313.3202604,-75.91294937,0.210785,,17.0226,16.282301
1922139300,292.0576114,-75.88527782,0.14491899,,19.5023,18.662001
398447563,298.1211368,-74.7053708,0.45169699,,15.8505,15.0033
398447996,298.223164,-74.03445708,0.49274299,,16.2356,15.3396
1987966756,307.4653213,-75.23246715,-0.0366625,,18.6194,17.997299
1987966762,307.4700509,-75.21242629,-0.13570701,,19.7938,18.952299
265370850,315.6494392,-75.15006327,0.36107299,,17.388201,16.5154
265370873,315.7052705,-75.09485944,0.245306,,17.1451,16.2806
265370972,315.5096911,-74.85129339,0.34793499,,17.1651,16.358601
404269192,309.1894025,-75.5324773,0.094988503,,15.8489,15.1905
265371261,315.5583183,-74.22051081,0.21340901,,17.190399,16.3797
311461188,317.1869224,-75.15428268,0.234961,,17.176701,16.316601
1987966821,307.6217404,-75.12709271,0.22855601,,18.6105,17.8356
1987966823,307.6489506,-75.12518929,0.157244,,18.870001,18.085699
396211625,300.2329633,-74.82434984,0.45328099,,17.1595,16.2456
1922139686,292.2916995,-75.85444395,-0.14902601,,19.548,18.641199
1922139688,292.3816792,-75.85579181,0.136703,,18.960899,18.1702
1922140885,292.0064672,-75.68711325,0.28758299,,19.268801,18.386999
331722260,306.9201986,-74.39360995,0.246474,,16.944401,16.0674
404284427,309.4125949,-74.098881,0.26690301,,16.902599,16.0296
396211037,300.4011181,-75.69285357,-0.221605,,18.017401,17.221701
1922140889,291.9367627,-75.67612569,0.016283801,,18.9807,18.130199
1922140890,291.9617956,-75.67969627,0.322346,,18.717501,17.9002
1922140920,292.1460848,-75.66082997,-0.195801,,19.870501,19.1651
1922140980,292.004904,-75.62575334,-0.52000397,,20.245701,19.352301
1922140985,292.0312977,-75.59720306,0.19745199,,19.212,18.377701
1922141000,291.9753579,-75.57912067,-0.020735901,,19.4433,18.6084
1987967035,307.4416701,-75.06299358,-0.53868198,,20.4086,19.600901
404269641,309.096177,-74.61112041,0.50345498,,16.1719,15.2896
404269711,308.8642751,-74.49639548,0.37740499,,16.421801,15.5979
404269917,308.936543,-74.0830365,0.401503,,16.4342,15.6062
401538019,310.2166332,-75.94215608,0.543872,,16.242001,15.334
404290435,311.4828092,-74.24030167,0.54213101,,16.8592,15.9916
1922141221,291.9997847,-75.54839657,0.45505399,,19.350201,18.5084
1922141228,292.2056664,-75.52656553,0.033405799,,19.900101,19.0861
401573356,312.2438052,-75.97801512,0.55523503,,16.1523,15.266
327786866,312.8675565,-75.97859721,0.35513699,,16.5571,15.7257
327787085,312.8637437,-75.48967593,0.35053301,,16.5054,15.6424
1987954022,310.6351244,-75.66667584,0.26354501,,19.269899,18.3701
1987959295,310.9272524,-75.45397175,0.079630896,,19.364599,18.6994
1987959311,310.8904642,-75.43213089,0.45358399,,19.5224,18.7432
1987959318,310.9410381,-75.40346121,0.160208,,19.429899,18.5623
401603111,313.7045048,-75.32473346,0.33203,,17.8818,17.016199
1987968355,307.5715107,-74.9932342,-0.069339797,,20.182699,19.3188
327787490,313.0600746,-74.7289882,0.72998297,,15.6111,14.7292
327787597,313.0042941,-74.54313302,0.38608199,,16.184799,15.3482
327787618,313.071088,-74.49937947,0.41094899,,16.1017,15.3263
327787667,312.8972686,-74.41216337,0.399831,,15.4617,14.595
1987945812,318.6665585,-74.54888649,-0.0122701,,18.5355,17.7232
1987968421,307.5802738,-74.92582026,0.20195,,18.629101,17.956499
1987968428,307.6382654,-74.90544018,-0.38876,,20.4181,19.5599
469877981,316.9708943,-75.56229001,0.16032299,,17.939501,17.062599
1922151718,292.1213903,-75.422742,0.244509,,19.3762,18.490801
1922152002,291.984726,-75.29618808,-0.0056745401,,19.3673,18.5357
265371184,315.5415487,-74.37429533,0.426047,,16.733,15.8624
469878608,316.775672,-74.21860872,0.12408,,18.538099,17.6789
1987947469,318.7821131,-74.36291351,0.100251,,18.5259,17.767
1922152114,292.1101235,-75.18699283,0.116969,,18.8887,18.1789
466691487,296.6559454,-74.67133435,0.66117901,,14.6514,13.952
1922152881,291.9369737,-75.16278114,-0.12556501,,19.3144,18.461399
1922152882,292.034577,-75.18623427,0.37151,,19.743,18.937201
1922152987,292.1033036,-75.11850019,-0.167752,,19.206699,18.3426
1922153014,292.0596335,-75.07629171,0.300881,,20.4224,19.530399
1922153015,292.0476945,-75.08476931,-0.257375,,19.2535,18.487801
401575157,313.9428276,-75.79150844,-0.0081385998,,18.099701,17.3652
396211561,300.2941999,-74.92981327,0.291787,,17.2787,16.3668
398447320,297.9390574,-75.09758733,0.53863001,,13.5721,13.0452
404269014,309.0418283,-75.88562252,0.758277,,15.0543,14.1608
311425778,315.087788,-75.26591751,0.00194738,,17.1245,16.358101
271577729,319.4191078,-74.21643182,0.20562901,,17.037001,16.2204
1922153244,291.9715134,-75.044051,-0.022761101,,20.182301,19.4011
1922157386,292.1685456,-74.94671793,0.0656306,,20.006201,19.1439
1922157366,292.1383688,-74.9815734,0.20222101,,19.497801,18.6133
404269888,309.198798,-74.13618245,0.78137302,,15.2639,14.4267
401569764,310.2833024,-74.59150686,0.70047402,,15.2955,14.4327
401569720,310.0946589,-74.67319655,0.549501,,15.0435,14.2418
261427730,304.5718385,-74.07956548,0.379471,,16.753099,15.9066
404287240,309.7989718,-75.54998574,0.25354499,,17.2099,16.361401
404287504,310.0261948,-74.96435995,0.23694,,16.9121,16.042601
404287617,309.953778,-74.71463349,0.34120399,,16.939699,16.131201
1987890737,303.8800139,-74.85139848,0.191967,,19.8391,19.030399
1987885264,303.7631015,-75.40641004,0.16570599,,18.923,18.1031
1987885268,303.7596856,-75.39219667,0.095931202,,19.492599,18.709999
327786911,312.8317618,-75.86019536,0.83772999,,15.1893,14.2974
327787289,313.0387111,-75.08411777,0.79483002,,14.564,13.8586
469878033,317.0673898,-75.43936713,0.26107201,,17.916599,17.0371
469878655,316.6476817,-74.13917273,0.26712701,,18.156601,17.3465
1987887821,303.2953606,-75.35092498,-0.32320401,,19.621401,18.709299
1987887796,303.6942595,-75.33404661,0.212102,,18.7318,17.9732
1987887803,303.5489999,-75.33051994,0.257451,,18.714701,17.9121
1987963007,307.4778828,-75.5651735,0.22014999,,19.742901,18.868299
261427798,304.6020115,-74.2153756,0.309962,,18.2929,17.4587
261427719,304.5159588,-74.05736437,0.26548299,,18.3599,17.553499
404240444,307.8068082,-75.61868874,0.21345,,18.3078,17.5142
401575222,313.6485388,-75.64460703,0.275424,,18.3244,17.4928
398447020,298.1466565,-75.54097757,0.73530602,,15.3038,14.3715
398447752,297.9532815,-74.40146598,0.58507597,,15.1659,14.3333
1988024169,307.394023,-74.87720208,-0.36289799,,19.582899,18.7206
1987875275,303.6981462,-75.96384128,0.27226299,,19.0938,18.246201
311426705,315.0544704,-74.19118931,0.31448901,,17.0776,16.3993
404268993,309.0069407,-75.92549351,0.68462998,,15.9038,15.0003
401575216,313.6045108,-75.65571846,0.32611001,,17.4468,16.584299
404269319,309.202093,-75.24152246,0.46360999,,15.6877,14.8329
404269916,309.1824317,-74.08372172,0.95750898,,15.6348,14.8121
401538158,310.1235154,-75.6428674,0.54673898,,15.6983,14.8019
1922160586,291.8912384,-74.87961633,0.0996617,,19.997101,19.104099
1988027452,305.4006815,-74.49010992,0.222032,,19.1782,18.381599
1988027622,305.205813,-74.41961676,0.122143,,19.0737,18.2071
1988027748,305.54745,-74.33720483,0.33429301,,18.8766,18.0394
1988037572,305.4562245,-74.2430747,-0.25298101,,19.150999,18.338301
401538243,310.0795007,-75.44696583,0.69195098,,15.7129,14.8111
261427770,304.5918402,-74.15439117,0.15130299,,17.302099,16.428499
261427773,304.8156733,-74.16387061,0.27403,,17.134501,16.290001
261427836,304.5829233,-74.2687658,0.16709299,,17.317101,16.469299
404240051,307.6974769,-74.79453784,0.34539801,,17.306101,16.4725
271577045,319.3039191,-75.99904335,0.032546598,,18.4561,17.5742
271577263,319.0752235,-75.39086114,-0.089704499,,18.1703,17.320601
271577506,319.1646974,-74.77772357,0.024351699,,18.2589,17.387199
327787641,312.8479809,-74.4493609,0.29914799,,15.0019,14.4322
404240137,307.9653601,-74.97425869,0.33915499,,17.469299,16.5959
404240629,308.0292726,-75.95462967,0.166251,,17.607401,16.731001
271577709,319.3743231,-74.2673687,0.31414399,,17.2558,16.517799
261427835,304.8965188,-74.26577223,0.137954,,17.734699,16.861
404240133,307.9147987,-74.97212861,0.32083699,,17.754,16.8946
261427787,304.8344857,-74.19862856,0.26122999,,18.032,17.188101
261427788,304.8184171,-74.19955427,0.187411,,18.1798,17.3521
404240045,307.7239669,-74.78182217,0.243237,,18.0742,17.197599
271577665,319.4240942,-74.36496425,0.36683401,,18.308201,17.427401
271577711,319.260129,-74.26464751,0.247813,,17.701599,16.9198
261427738,304.7148686,-74.09852122,0.36395401,,17.734301,16.8687
398447860,298.1269584,-74.22759897,0.97196198,,14.7863,13.9194
404269222,309.046338,-75.46277674,0.60744399,,15.02,14.1483
1987876698,306.266008,-75.59112869,0.58794397,,19.0749,18.232901
1987877588,305.8506257,-75.46982732,0.0035957701,,19.002001,18.2085
1988022393,306.368314,-75.15327755,0.53593099,,18.893,18.1457
1988030911,308.0235752,-74.28134366,-0.0680006,,19.099001,18.3074
311422228,314.6402146,-75.52327616,0.214691,,18.1684,17.449699
404269234,308.9800632,-75.43398244,0.61519498,,14.7654,13.867
404269670,308.8922173,-74.56346223,1.09799,,14.7142,13.8262
401538144,310.4116878,-75.67409535,1.08348,,14.395,13.5752
311426773,315.0346789,-74.12330501,0.33641699,,17.6224,16.7512
261427731,304.5585825,-74.07984327,0.14688399,,18.0513,17.2523
1987962974,307.3770482,-75.652573,0.090941302,,18.8752,18.180599
1987963019,307.5911865,-75.52610509,0.14868601,,19.1745,18.388901
1987963320,307.8977888,-75.51550851,-0.0272437,,19.339399,18.558001
1987968354,307.5533264,-74.99463578,0.213613,,19.098301,18.2363
1922165336,297.3913829,-75.20554905,-0.30895501,,19.6329,18.754801
404240083,308.010398,-74.85109054,0.106841,,17.7766,16.9242
404240174,308.0022606,-75.05717487,0.24342699,,17.953199,17.114599
271577706,319.1586386,-74.27920293,0.16549,,17.6649,16.813499
271577809,319.2934415,-74.04345872,0.121565,,17.953899,17.100201
261427704,304.6892178,-74.03861914,0.35929701,,17.5289,16.665001
311425311,315.0443827,-75.73942519,0.402291,,17.478201,16.608101
327787625,313.0382704,-74.48743249,1.03019,,14.6266,13.801
466691444,296.3987145,-74.73694651,0.55373102,,15.5237,14.7046
261427765,304.8702787,-74.1509556,0.16144601,,17.761801,17.0422
401575221,313.7580805,-75.64602389,0.17069601,,18.058001,17.240801
404348897,321.1938352,-74.73398214,2.77966,,12.1896,11.3907
401573333,312.043252,-75.92948043,2.6681399,,10.9563,10.3854
404349163,321.0871175,-75.37000855,3.79056,,11.6929,10.848
265370595,315.7357534,-75.71289938,0.177305,,17.0711,16.209999
265370635,315.5156484,-75.58318059,0.361828,,16.501499,15.807
265370840,315.6756575,-75.16432088,0.37259799,,17.093,16.230801
265370896,315.5339183,-75.02920494,0.32360101,,17.068501,16.214001
401569999,310.3207736,-74.19299982,1.25231,,14.8053,13.9551
271577811,319.1413455,-74.03850191,0.25468999,,18.4436,17.6031
1987892245,300.2182334,-75.15879251,0.0143585,,19.727699,18.7827
1987889192,303.871275,-75.18974812,-0.14897899,,19.7141,18.8349
265371164,315.8333765,-74.41635454,0.26372001,,16.924,16.0525
265371245,315.5833373,-74.24587271,0.340682,,17.0026,16.1245
404287205,310.0177104,-75.62039105,0.35391301,,16.9163,16.0762
265370487,315.795916,-75.97393859,0.28764001,,16.870001,16.123301
1987876903,305.6307671,-75.71909798,-0.018976601,,18.0508,17.2234
331636377,305.8803612,-74.28136434,1.886,,12.9985,12.1636
331636418,306.0683064,-74.34420894,1.86783,,13.3062,12.4564
331730873,320.8876761,-74.85912798,0.95052701,,12.974,12.1318
404348834,321.1959548,-74.56057096,1.10411,,13.711,12.911
404348904,321.3067688,-74.75222459,1.57607,,12.89,12.0499
1922160783,291.9742667,-74.83466085,-0.74978799,,20.400101,19.5853
327787671,313.1285539,-74.40310364,0.83897603,,15.7156,14.8542
1987895434,304.0866449,-74.54043041,0.18846001,,19.525101,18.7097
1988039066,305.3451836,-74.08798869,0.61609399,,19.708099,18.8356
1988039117,305.3478777,-74.05174864,0.46589601,,19.7187,18.882099
1988039155,305.3801447,-74.00399373,-0.493604,,19.627399,18.756001
466694709,296.7948643,-74.2536278,1.00245,,14.1242,13.2584
398446828,298.0484893,-75.89822652,0.81729001,,14.7364,13.7574
398446985,297.9045192,-75.60626921,1.43995,,14.3703,13.4235
1922160834,292.1286239,-74.7829797,0.189298,,19.136999,18.326099
1922161748,292.0333765,-74.68557263,0.116745,,19.6507,18.7987
265371008,315.8019873,-74.77766787,0.29354399,,16.768801,15.9715
398447215,298.1416312,-75.24625732,0.482656,,15.9892,15.0721
398447511,298.2502398,-74.78420398,0.51169503,,14.7888,14.0768
398447786,298.2591622,-74.34958786,0.94723499,,14.5266,13.6229
396215092,301.133037,-75.34875093,1.87112,,13.8788,13.0168
1988029159,306.3837244,-74.13366581,-0.207776,,19.394199,18.5446
1987877389,306.1459053,-75.5387444,0.0053445799,,19.7332,18.8706
1987966465,306.0484259,-75.34977236,0.442599,,19.527201,18.716
1988022299,305.987793,-75.21047256,0.095594898,,19.3016,18.547501
1987872892,307.5549717,-75.97906969,0.31783599,,19.698999,18.8214
1987961979,307.5878074,-75.89577624,0.110345,,19.7785,18.8873
404269263,308.9917041,-75.36083065,0.611561,,15.1971,14.3052
1922161771,292.0080792,-74.65958503,-0.042057,,19.044201,18.2542
1922161948,292.1947507,-74.57899388,0.277419,,19.3613,18.590599
1922161949,292.1475824,-74.58520374,-0.090081699,,19.474701,18.568399
404269403,309.1902789,-75.08289344,1.18864,,14.0238,13.1339
404287588,309.6850767,-74.77158504,0.219064,,17.819799,17.0895
404269608,309.0223406,-74.67659254,0.76084298,,13.9487,13.2405
404269633,308.8865596,-74.63062275,1.23472,,13.7998,13.0826
404269873,309.0993538,-74.15711613,1.07902,,13.8487,13.0821
1922162211,291.9757641,-74.48694363,-0.28267401,,19.306999,18.532801
1922194917,292.0823051,-74.43650479,-0.121786,,19.185101,18.278799
401569591,310.2350848,-74.97169389,0.612104,,15.1517,14.3721
401569851,310.4080305,-74.43855463,0.86869699,,15.1231,14.2439
401569804,310.0560297,-74.51445428,1.07511,,14.0011,13.1647
401570010,310.3394176,-74.16521183,1.29418,,14.23,13.3857
1988023429,305.5474754,-74.94902732,0.157455,,17.7903,16.970699
1988023430,305.587792,-74.93778415,-0.128892,,18.435101,17.557699
327787531,312.9512475,-74.64223605,0.74983603,,14.8693,13.9918
327787794,312.8625581,-74.18395808,1.05593,,14.6813,13.8283
327726964,311.5834089,-75.52827144,0.184752,,18.137501,17.291401
1987963012,307.6369571,-75.55074053,-0.062118299,,19.813101,18.974001
1987883894,303.9726215,-75.80894942,0.119894,,19.383499,18.6541
1987883985,303.8971927,-75.76008624,0.240729,,19.476101,18.565599
327787843,313.137023,-74.10008649,0.873999,,15.2601,14.3947
327787734,312.8891564,-74.28533657,1.38766,,12.635,11.8482
404287598,309.930381,-74.74827637,0.226496,,18.0422,17.2521
311421720,314.6897709,-74.345098,0.127177,,18.1381,17.300501
1987889191,303.8406099,-75.20436329,0.045196,,19.4527,18.624201
1987889292,303.9460303,-75.1611914,-0.239272,,19.3979,18.6439
1922195241,292.0594664,-74.30749721,0.205084,,18.355,17.6483
1922195313,291.8424687,-74.29187094,-0.122666,,18.9527,18.1675
1922195671,292.0596619,-74.26862038,-1.0794801,,20.567499,19.674101
1922195673,292.1052562,-74.26159506,0.187318,,19.217501,18.366501
469877834,316.8863111,-75.86812133,0.29081401,,17.957001,17.0779
311461414,317.2543916,-75.69305033,0.230489,,18.322399,17.4937
331681963,307.1591396,-75.83110239,0.104914,,18.1987,17.3242
331682111,306.9530583,-75.47240314,0.15570299,,18.037901,17.184
331721975,307.1061803,-74.9945442,0.260223,,17.9186,17.055599
1922196601,292.1096905,-74.13622978,-0.82161403,,19.865,19.1215
1922196605,292.2353673,-74.10864869,-0.116889,,19.0875,18.4902
331722235,306.9675335,-74.45070022,0.096699901,,17.8384,17.063601
404284698,309.5612343,-74.61185709,-0.043572798,,17.8176,17.104
1988039785,305.2619295,-74.01160995,0.33518901,,19.450399,18.5632
1987873379,306.0546652,-75.99436857,-0.244194,,19.415701,18.6936
1987876040,305.9864702,-75.84078211,-0.208414,,19.6849,18.8647
1987876549,306.206527,-75.68011478,0.27034801,,19.239599,18.4249
1988022222,305.947374,-75.29357292,0.056840599,,19.304001,18.5222
1988033413,307.7456907,-74.08713355,0.0760317,,19.4433,18.7334
1922196905,292.0694506,-74.01430349,0.124263,,19.6679,18.9328
1922196906,292.0892436,-74.01172196,0.074459597,,19.2358,18.4841
404284779,309.3311077,-74.76230133,0.21874499,,17.6894,16.8328
404285236,309.5142446,-75.74816235,0.0511459,,18.116501,17.217199
404285310,309.2803483,-75.91336613,0.155148,,17.968599,17.080099
404287110,309.8167774,-75.84140755,0.189804,,17.9457,17.0481
404287348,309.8404846,-75.3211129,0.39225999,,18.2216,17.321501
404287514,309.8998777,-74.94121071,0.36783901,,17.856501,17.034201
1988027731,305.5659505,-74.3590979,-0.045903299,,18.179899,17.2925
1922140171,292.6926763,-75.64638768,-0.16856299,,20.5366,19.6628
1922146088,292.7975357,-75.53289558,0.130954,,19.2384,18.3866
469812107,299.9242027,-74.78405755,0.33691201,,17.6383,16.865499
261458624,304.5772276,-75.20372112,0.29333499,,17.3337,16.4772
261458680,304.6149911,-75.30770326,0.172855,,17.449301,16.665899
331682038,306.934987,-75.65120339,0.205676,,17.5555,16.6612
331722098,307.0535762,-74.71388984,0.055695999,,17.692801,16.9235
331722220,307.0016372,-74.4809029,0.25236499,,17.351299,16.4907
1922146093,292.9275533,-75.50334821,0.121412,,18.9618,18.1959
1922146071,292.8988719,-75.54264473,0.14983501,,19.1954,18.559099
1922146072,292.8897335,-75.53953213,0.31493399,,20.268999,19.3738
1922146075,293.004809,-75.53031086,-0.97041202,,20.5112,19.6057
1922146079,293.022209,-75.50550761,0.24233501,,19.7917,18.8939
331722249,307.0933477,-74.42692687,0.39275801,,17.385201,16.5679
331722332,307.140668,-74.2514285,0.403218,,17.0317,16.159
331722341,307.0630233,-74.23936605,0.199867,,17.521299,16.6688
331722377,307.0118123,-74.17195604,0.45915601,,17.331499,16.540001
331722396,306.9781546,-74.13354493,0.0846086,,17.3706,16.5968
1987962637,307.7105765,-75.79844252,0.154071,,19.2586,18.5128
1987963028,308.2016969,-75.66374871,0.12695999,,19.4144,18.504601
1987966147,307.5316165,-75.27014344,0.30991,,19.2948,18.4641
1987892853,300.0010845,-74.63743673,0.22307999,,19.450399,18.5441
404284661,309.3124796,-74.53652125,0.33545399,,17.6444,16.830799
404287969,309.8314577,-74.06640477,0.178693,,17.5294,16.811001
401575089,313.9293357,-75.94839187,0.27639699,,17.1415,16.383301
311425197,314.8401191,-75.89212186,0.28025201,,17.105499,16.3668
311425503,315.0240214,-75.51405035,0.442316,,17.447201,16.587
311426735,314.7403291,-74.15737417,0.242643,,17.2871,16.475
469878241,316.7932905,-74.99858148,0.34772801,,17.0201,16.2092
469878522,316.6871649,-74.37234027,0.30593699,,17.4639,16.633499
469821229,300.7329468,-75.19539515,0.24781699,,17.355,16.444799
261458700,304.7762207,-75.34210999,0.166936,,17.402,16.5394
469877832,316.7770532,-75.87257759,0.314235,,17.025,16.155199
469877984,316.9780703,-75.54114657,0.22109599,,17.2474,16.411699
469878130,316.9653498,-75.21084475,0.24995001,,17.099199,16.3585
469878516,316.9657362,-74.38687875,0.29512301,,17.2215,16.4279
469878545,316.8658016,-74.34085414,0.30759799,,17.3627,16.5406
469878557,316.8335075,-74.32201265,0.034609798,,17.273399,16.419901
469878593,317.0107225,-74.25038903,0.102124,,17.441601,16.6269
469811843,300.0145986,-74.23005602,0.063190199,,17.8951,17.016199
469812016,299.9087317,-74.56886084,0.32074499,,18.008301,17.0966
469812414,299.8298207,-75.42543426,0.293226,,17.745001,16.913601
404287189,309.6673327,-75.65847021,0.206514,,18.297701,17.3993
469878469,317.0941939,-74.45777962,0.24854399,,18.2232,17.358
1987883897,304.089731,-75.83080217,0.0141017,,19.2775,18.3936
1987884209,303.6503069,-75.68044021,0.38768801,,19.3738,18.548401
1987889354,303.698607,-75.17337273,0.66131198,,19.318399,18.439699
1987890274,303.755427,-74.92193164,0.19456901,,19.0987,18.2353
261428227,304.5473179,-74.95700799,0.31122801,,17.801701,17.031799
261458598,304.9241865,-75.14656285,0.30391899,,18.2145,17.353201
261458830,304.5810608,-75.61410035,0.229487,,17.976801,17.1292
1922146886,292.8411143,-75.39698237,-0.34822199,,19.6775,18.805401
1922147095,292.7649519,-75.37794004,0.30130899,,18.9051,18.0583
1922147108,292.8078433,-75.35826272,0.018610399,,20.251499,19.384199
331681955,307.0899253,-75.84704289,0.16959199,,17.835501,16.9533
331681968,307.1463393,-75.81331516,0.304757,,17.7218,16.8255
404287267,309.8425804,-75.48897652,0.30177999,,17.914,17.013599
404287263,309.9529558,-75.4961549,0.390531,,17.274799,16.3869
404287274,309.8822376,-75.47926414,0.133017,,18.0825,17.1991
331721844,307.1101475,-75.24969226,0.037828099,,18.1098,17.2665
404287298,309.6457104,-75.41220572,0.175759,,17.975599,17.0958
261427945,304.5504615,-74.43251582,0.27263701,,16.7635,15.9303
1922155872,292.7932211,-75.2603086,0.498124,,18.3771,17.535601
1922155876,292.8667038,-75.2528339,-0.088148698,,19.6299,18.773899
1922155881,292.8672872,-75.23594138,0.32995901,,18.9111,17.9986
404287453,309.8497575,-75.0694847,0.382052,,17.018499,16.2889
1922155904,292.8457339,-75.23065175,0.26839399,,18.5322,17.714199
1922155905,292.8580484,-75.21809049,0.156018,,18.618799,17.909201
1922155962,292.7395609,-75.195931,-0.0301366,,19.400801,18.626499
404287575,309.7542909,-74.79988606,0.29889601,,17.8353,16.9783
404287625,309.7365137,-74.69983345,0.117195,,18.003599,17.163601
331722251,306.8546754,-74.42641017,0.27369401,,17.8972,17.225401
1922156076,292.8768306,-75.15737361,0.546826,,18.563801,17.656401
1922156077,292.8940776,-75.15119223,0.59045202,,18.77,17.917801
1922156079,292.9529427,-75.13673944,0.194607,,18.5669,17.787201
1922156319,292.9360825,-75.10705015,0.407325,,19.1539,18.278099
1922157146,292.7218214,-75.02725494,-0.50806099,,19.991501,19.166599
1922157148,292.7404829,-75.01796959,0.38017499,,19.104601,18.191299
331722376,306.9810469,-74.17794135,0.043604799,,17.844,16.9984
404284644,309.5517755,-74.4882397,0.12861501,,18.209101,17.443199
404284867,309.574748,-74.91843074,0.12798101,,17.658501,16.8071
404284902,309.5337207,-75.01847705,0.32100099,,17.5797,16.698299
404284937,309.5708505,-75.08606226,0.27496701,,17.7624,16.9167
404287483,309.9616285,-75.01216659,0.320503,,17.559401,16.713499
404287758,310.0024564,-74.48258373,0.22388899,,17.6726,16.8262
401603238,313.7391853,-75.07536572,0.025064699,,18.0217,17.172001
1922157253,292.7682616,-74.9557682,0.26165801,,20.1985,19.3473
261427962,304.5876932,-74.46508829,0.395872,,16.838301,15.9677
261427892,304.8775038,-74.34292316,0.31132501,,16.4009,15.5803
261427984,304.7550597,-74.4983404,0.46043101,,16.4161,15.586
404290338,311.5229742,-74.05788983,0.302156,,16.9487,16.081499
404290395,311.3270104,-74.15939379,0.268931,,17.472601,16.7626
404290415,311.3099472,-74.19617501,0.065450303,,18.004299,17.233
1922157483,292.8658938,-74.86044887,0.44321701,,19.3241,18.559401
1922157558,292.7076424,-74.83374158,0.33668,,18.7208,17.8659
1922157986,292.9387274,-74.77502223,-0.31951901,,19.514799,18.633301
404349003,321.3717314,-74.98285895,0.66074401,,14.9583,14.1421
1922161109,292.7827749,-74.75138872,0.075012103,,19.241899,18.555799
1922161187,292.8546325,-74.67722337,0.245665,,18.7428,17.9245
1987890591,303.9248983,-74.88895604,-0.34028,,19.5457,18.686899
1987895409,303.8194595,-74.59564354,0.23862401,,19.4846,18.611099
1987895428,304.102685,-74.55277828,-0.0141011,,19.094601,18.444
1988027641,305.2621476,-74.43698512,0.381868,,19.1315,18.2677
469811744,299.8943829,-74.05746954,0.30531001,,17.783899,16.965599
469812303,300.0525609,-75.18028601,0.30768099,,17.888599,16.9384
469812605,300.1351236,-75.87508916,0.132598,,17.6485,16.7393
469812365,300.0926527,-75.32608331,0.18790799,,17.82,16.9627
1922161450,292.7799293,-74.60187982,0.188425,,18.7712,17.943001
1922161507,292.7719502,-74.58863489,-0.025746901,,18.843201,18.0571
1922162309,292.7832566,-74.51632502,0.24554799,,19.262899,18.513201
1922162311,292.8175121,-74.50715413,-0.172543,,19.986601,19.156601
1922162432,292.9328329,-74.4520643,0.33714601,,19.009899,18.256701
404293037,313.3153991,-75.91013368,0.25205299,,18.070601,17.1936
404293089,313.2314723,-75.81721572,0.30125701,,18.0606,17.2143
469812614,300.0262018,-75.88990112,0.36985201,,17.619699,16.6709
469877943,316.7482496,-75.61628671,0.22537901,,17.8981,17.177799
469878016,316.7964802,-75.48933896,0.30971101,,18.157499,17.288401
261427947,304.7889931,-74.43519898,0.51542902,,15.7874,14.9252
331636237,305.9696576,-74.02174418,0.58313298,,15.288,14.5401
404293111,313.2495646,-75.76579322,0.28686401,,18.017799,17.212299
404293137,313.3048502,-75.70095065,0.185552,,17.219801,16.396099
1922162489,292.861625,-74.43945568,0.154623,,19.215401,18.3836
1922119733,296.5953199,-75.9706893,0.24675301,,19.7209,18.771299
1922122792,296.8096191,-75.87661338,-1.14069,,20.4792,19.6896
1922122840,296.6744829,-75.866658,-0.284787,,20.4925,19.5509
469878128,316.8800732,-75.21625208,0.131929,,17.704,16.8524
469878218,316.7284109,-75.04497679,0.21832,,17.5245,16.7269
469878229,316.7631903,-75.02370007,0.407002,,17.451599,16.583099
265370837,315.7047036,-75.16884886,0.330917,,18.189199,17.3395
1988027747,305.5207281,-74.33872294,0.026425401,,19.065599,18.314501
1988027837,305.5070333,-74.26714557,0.354554,,19.096399,18.2104
1988037592,305.1791591,-74.25922672,0.64430499,,19.0338,18.2572
1988039143,305.408554,-74.02179547,-0.28268099,,19.3069,18.5695
1988028913,306.260924,-74.28612404,0.191705,,18.8589,18.030001
1987959417,311.2841312,-75.33715127,0.12659501,,17.531401,16.6488
1987959588,311.226643,-75.22808674,0.43227801,,16.2418,15.4175
469878504,317.0619567,-74.40416439,0.412806,,17.8939,17.0355
331636262,305.977582,-74.06848065,0.585706,,15.1137,14.351
331636380,305.8378355,-74.28834324,0.65264398,,15.2037,14.3434
331636431,305.8819873,-74.36105796,0.69928998,,15.4103,14.6027
1922123425,296.8141104,-75.73598879,-0.48207399,,20.151899,19.266001
265370913,315.7475131,-74.99156698,0.358013,,17.4312,16.733601
1922124240,296.6949373,-75.64294532,0.346264,,19.980801,19.107401
265371013,315.5825,-74.77273308,0.219367,,17.4709,16.639099
265371060,315.669412,-74.64601965,0.093068503,,17.4006,16.575701
261458748,304.6727346,-75.44116925,0.25715101,,17.6033,16.7397
261458752,304.8410403,-75.44922939,0.32304099,,17.8859,17.0121
261458894,304.5742308,-75.70526282,0.37609801,,17.617001,16.7097
261459005,304.5539289,-75.91945185,0.149966,,17.659401,16.769899
331681899,307.0861204,-75.94435963,0.097630098,,17.833799,16.9303
265371158,315.8849098,-74.42884378,0.210742,,18.1735,17.360701
1922124544,296.6435388,-75.53286246,-0.157497,,19.6668,18.9039
1922124549,296.703963,-75.5318069,0.126619,,19.3451,18.4762
1922124626,296.6092086,-75.47089209,-0.085818499,,19.716101,18.898199
331682046,307.0992947,-75.63012527,0.17227399,,18.068399,17.2199
331682141,306.9267615,-75.41904959,0.110507,,17.6397,16.8354
331721882,307.0929701,-75.17045978,0.32819501,,17.509001,16.639799
331722192,307.0078988,-74.53191534,0.49638501,,17.771999,16.910601
331722195,306.8980068,-74.52853481,0.075756602,,17.934401,17.0758
331722263,307.2064874,-74.37855334,0.114522,,17.7384,16.879601
331722338,306.9618647,-74.24402456,0.15138599,,17.8657,17.0009
265371319,315.8301956,-74.09166812,0.4005,,17.5856,16.706301
311460840,317.0904474,-74.29754791,0.0841377,,17.604,16.7731
1922144200,296.6975852,-75.40123096,-0.50823402,,19.841801,18.9475
331722402,306.9664238,-74.12179855,0.128755,,18.078899,17.2703
404284551,309.5283321,-74.34433329,0.0265554,,18.026699,17.2211
404284575,309.5046152,-74.38011489,0.31955999,,17.698601,16.8613
404284655,309.5793365,-74.51828963,0.0340041,,17.771,17.0312
404284659,309.3899633,-74.53334446,0.096950002,,17.715799,17.0142
404284674,309.3550566,-74.56072206,0.302571,,17.6532,16.774099
404284794,309.366265,-74.79480642,0.34599701,,17.891199,17.024
404285021,309.4552871,-75.26511105,0.432019,,17.7008,16.8109
404285068,309.2788607,-75.37511662,0.40213799,,17.546801,16.667801
404285169,309.5607977,-75.58228238,0.269658,,18.026501,17.153
404285170,309.2761285,-75.58503386,0.107223,,17.5576,16.7936
404285238,309.2489979,-75.75408874,0.247137,,17.4261,16.5212
404285257,309.5874898,-75.80341051,0.51606601,,17.273399,16.365299
1922144523,296.6464948,-75.24287065,0.42214501,,19.3818,18.5404
1922166344,296.7043851,-75.0718091,0.55194402,,18.8601,17.991301
1922166350,296.7474961,-75.06723464,-0.050318599,,19.094,18.2558
311461323,317.341237,-75.45776004,0.494084,,17.295099,16.4986
404287273,309.9432898,-75.48075378,0.38240799,,17.6145,16.7218
404285328,309.450704,-75.93586807,0.26815099,,17.567699,16.808399
404287512,309.8519963,-74.94410963,0.30219999,,17.4786,16.634501
404287935,309.8209384,-74.12075924,0.232398,,17.8967,17.0788
401603112,313.7918792,-75.32078211,0.217944,,17.675699,16.8375
401603213,313.9440002,-75.12906168,0.43103501,,17.861401,17.020901
401603214,313.6643364,-75.12622446,0.35216901,,17.555201,16.686001
311425999,314.7883905,-74.97005233,0.32509401,,17.982901,17.1558
311426231,314.9992587,-74.75145261,0.0417578,,17.579,16.7969
311426312,314.7585333,-74.63797137,-0.0140704,,17.5578,16.698299
311426637,314.7846107,-74.28169528,0.115262,,17.4286,16.692101
404287324,309.8072699,-75.35569255,0.30460101,,17.7852,16.9575
404287508,310.005308,-74.95625555,0.246388,,18.061501,17.202
404287681,309.6668667,-74.60415307,0.364292,,17.8396,16.9879
1922166342,296.6087275,-75.08521674,-0.108139,,19.235201,18.4272
1922166567,296.6753014,-75.00784669,-0.44440001,,19.828699,19.034599
404240437,307.7366099,-75.59814765,1.7878799,,12.7369,11.8401
404242408,308.4422989,-75.77934699,2.1319101,,12.3623,11.5684
404290829,311.4189189,-75.01403679,3.71626,,11.0139,10.2781
404291251,311.2577878,-75.89901792,3.04563,,12.8539,12.0334
404284986,309.5370686,-75.19100106,4.9014902,,11.9288,11.1454
1988029341,306.5363144,-74.13661501,0.079702899,,19.309999,18.5912
1988029507,306.4088735,-74.08839207,-0.075591899,,19.0734,18.300301
1987873399,306.0207093,-75.96571324,0.057525001,,19.119699,18.3015
311426643,314.8146503,-74.26794696,0.11245,,18.085501,17.273899
396211281,300.4672435,-75.37146156,0.246318,,17.475201,16.570999
469821499,300.7838537,-74.61879971,0.30475399,,17.1042,16.1873
331682039,307.1916599,-75.64913359,0.151494,,17.482901,16.613701
1922166652,296.5506587,-74.98429761,-0.83035803,,20.7187,19.849199
1922166657,296.5404447,-74.96351829,0.50904602,,18.790199,18.0343
1922166658,296.5308616,-74.96124643,0.280505,,19.183001,18.439899
331722364,307.2369217,-74.19838548,0.224071,,17.630301,16.815901
404284747,309.453523,-74.70895951,0.18362001,,17.5881,16.7015
404284900,309.3834485,-75.01567954,0.223713,,17.7479,16.871599
331636451,305.864969,-74.40373444,0.80574203,,14.947,14.084
404287918,309.6461497,-74.16190453,0.171524,,18.189301,17.3372
404287925,309.8791425,-74.14793105,0.430244,,17.6122,16.743299
404287951,309.8063613,-74.09331407,0.125239,,17.965599,17.088499
1922166706,296.6695145,-74.91206688,-0.057321101,,19.296801,18.5049
398447117,297.9577892,-75.38840669,0.435568,,16.247801,15.3502
265370619,315.547588,-75.6536446,0.096440099,,17.832399,17.055099
1987877400,306.4168593,-75.51932184,0.088499397,,19.316299,18.519899
1988033322,307.7064207,-74.21796165,0.37262601,,19.451799,18.646099
1922169726,296.5960563,-74.79892303,0.43495399,,19.271,18.485399
404290673,311.5118043,-74.71163452,1.9443901,,11.6613,10.9517
404291261,311.3202958,-75.92032854,5.3398399,,11.3604,10.5602
404242336,308.2924646,-75.95224739,1.0407,,13.165,12.6636
404290553,311.2968988,-74.48127209,2.2430899,,12.6088,11.8183
398447992,297.984745,-74.04047235,0.31415901,,17.2204,16.349001
398447998,298.1474822,-74.03254393,0.29002601,,17.030701,16.3496
404269404,308.8815533,-75.07705556,0.367551,,16.8092,15.9817
404269584,309.050184,-74.71438029,0.23428001,,17.359301,16.497801
404269713,309.1764525,-74.49554427,0.28181499,,17.1604,16.3153
271577172,319.4171966,-75.65535436,0.22887,,17.810499,17.0194
331636253,305.9151846,-74.0535,0.78698802,,15.1253,14.2868
331636401,306.0832169,-74.31886029,1.12185,,14.1156,13.3079
404290707,311.2198116,-74.77689448,1.8878,,12.7761,12.0597
311461079,317.2558185,-74.88222511,0.17371801,,17.706301,16.857599
311461269,317.3288011,-75.33947482,0.265084,,18.1091,17.268801
331753763,322.0828012,-74.4847406,0.190712,,17.877199,17.073099
469878132,316.9628725,-75.21018903,0.351363,,17.4098,16.551901
1922169739,296.6902894,-74.77758812,-0.034766998,,19.3591,18.576401
1922169970,296.6763204,-74.73983964,-0.131044,,19.878799,19.128401
1987960454,312.5895389,-75.07863843,0.180889,,18.2789,17.4669
469878219,316.9109986,-75.04424909,0.204069,,17.452101,16.5921
1922169984,296.6092218,-74.72508311,-0.195224,,18.821899,18.261999
1922169986,296.5981434,-74.7277141,-0.165295,,20.2605,19.3752
327787551,312.8444585,-74.60974598,0.30674699,,17.1875,16.3957
404269253,309.0436347,-75.3804583,0.177062,,17.3013,16.4056
401570009,310.3441873,-74.16532074,0.38729301,,16.2883,15.4377
1922170835,296.4472862,-74.63123972,0.20981801,,19.0959,18.2377
331753801,322.0694261,-74.3761055,0.356635,,17.866301,16.9785
331753877,322.0758734,-74.19687553,0.3396,,17.3409,16.4991
327787694,312.8038843,-74.35727188,0.38404101,,16.523899,15.8844
327787881,312.8419215,-74.01890275,0.262743,,16.575001,16.1612
466691709,296.3958959,-74.30031231,0.37988999,,16.8323,15.941
396211300,300.5026531,-75.35121719,0.196063,,18.126101,17.197001
261458867,304.8726905,-75.66372928,0.50188297,,17.659,16.763201
404269308,309.1191289,-75.26421459,0.35652101,,16.571899,15.816
1922171524,296.6333145,-74.46800372,0.101179,,19.4986,18.698099
331637150,306.0647756,-75.90550494,2.53198,,12.9603,12.1462
404290588,311.3658307,-74.53819361,1.79723,,13.1096,12.3983
404287554,309.9271689,-74.85995478,0.248146,,17.458,16.6483
404287607,309.9213921,-74.73040547,0.037624501,,16.9858,16.113899
404287701,309.7530137,-74.57736649,0.33377501,,17.421499,16.537399
404287749,309.9290003,-74.49011858,0.39890301,,17.342199,16.5312
331722002,307.1395551,-74.93767217,0.318804,,17.705799,16.817801
1922177095,296.5650719,-74.15719161,0.493938,,18.9119,18.0359
1922177103,296.5894183,-74.13912466,0.035084501,,19.0515,18.3374
1922177105,296.609332,-74.12945592,0.123654,,18.684799,17.8885
404287803,309.7724565,-74.39800363,0.202374,,17.768101,16.892599
1922177882,296.6259923,-74.08996901,-0.136696,,20.2421,19.4436
1922177887,296.6818754,-74.07644024,-0.17590301,,19.3547,18.466101
331722189,306.8849671,-74.54100413,0.077723801,,17.516399,16.6546
331722443,307.2295658,-74.03385472,0.35947901,,16.6852,15.9129
404269680,309.0481011,-74.55022952,0.35678101,,16.7761,15.9131
327787081,312.9546132,-75.49225558,0.154622,,17.2211,16.360701
404290463,311.6200707,-74.28857947,0.22217301,,17.560499,16.68
1922119769,296.9062589,-75.91758339,0.41622299,,18.6346,17.753799
1922123149,296.987121,-75.84771078,0.46152499,,20.0653,19.115601
265370587,315.5663404,-75.74070681,1.18023,,13.6135,12.7253
404293021,313.166756,-75.94417864,0.168862,,17.735201,16.844999
404293144,313.2613521,-75.68690186,0.396997,,17.120899,16.239901
404287406,309.7637092,-75.16416216,0.202344,,17.3972,16.523701
1922123443,297.0695797,-75.70352658,0.30363101,,20.429501,19.515301
265371033,315.6286881,-74.71719237,0.409603,,17.8249,17.022699
265371037,315.6983908,-74.70074642,-0.020928901,,17.9142,17.1208
265371057,315.71421,-74.65462122,0.25181401,,17.526699,16.762899
311460742,317.1817528,-74.05287654,0.20635299,,17.6929,16.8612
1922123549,296.9573315,-75.62889574,0.0032536199,,19.1052,18.303699
327787762,312.9631542,-74.23618939,0.347709,,16.707199,15.8655
404269743,308.9059354,-74.44591691,0.54109401,,16.070999,15.2348
404348952,321.1597276,-74.84794101,0.96067202,,14.9823,14.0772
404349114,321.3869933,-75.26349313,1.70776,,14.2153,13.3568
1987988732,312.5591417,-74.42117657,0.000501731,,17.946699,17.183399
401569953,310.272563,-74.25981327,0.99856299,,14.9309,14.0537
327787692,312.8013705,-74.36070821,0.68832803,,15.5904,14.7454
404349304,321.2358151,-75.67420695,1.13,,14.4468,13.6562
331730988,320.6625552,-75.206902,0.80634397,,15.4136,14.5353
469878048,316.9599016,-75.41130817,0.25264499,,18.0856,17.308599
1922124721,296.7838285,-75.45495166,0.169199,,19.722099,18.9088
311461244,317.2094652,-75.27841696,0.35319799,,17.498899,16.6266
311461491,317.3390527,-75.87402172,0.48269501,,17.2171,16.361799
311461531,317.1827775,-75.9843564,0.28349999,,17.2752,16.4312
401538290,310.1131322,-75.33742477,0.41084999,,16.422199,15.5348
396211295,300.1730226,-75.35365608,0.2123,,18.6903,17.810101
327787206,313.0347725,-75.25314814,0.469845,,16.500799,15.6368
1987872709,307.6428539,-75.98699204,0.188979,,19.259001,18.4382
1987962617,307.3872725,-75.85790876,0.134424,,19.434,18.610901
1987883118,300.9462551,-75.60990227,0.179772,,19.5044,18.609301
1922124764,296.9156139,-75.40747322,0.0108192,,20.0061,19.1768
1987881259,300.3847025,-75.96235591,0.041270401,,19.317301,18.421101
401569605,310.1082227,-74.93941914,0.46644199,,16.395599,15.5268
327787253,312.9434998,-75.16730385,0.31617999,,16.724501,15.8816
404287670,310.015881,-74.62229271,0.13446701,,17.801201,16.940399
404287712,309.9852612,-74.55933204,-0.020483701,,18.077,17.2929
404287905,309.8784982,-74.20559209,0.227373,,17.697701,16.891399
404287922,309.7329208,-74.15611709,0.40436801,,17.6411,16.7666
1987881261,300.3459713,-75.95023232,-0.090528503,,19.257601,18.331699
1987881264,300.4006367,-75.94322057,0.43262899,,18.802601,17.8766
396211271,300.2080573,-75.383386,0.081596002,,18.149401,17.301901
404293174,313.5185009,-75.61726768,0.154485,,17.7146,16.982599
265370515,315.6648661,-75.89581363,0.215692,,17.5355,16.771999
265370878,315.5169555,-75.07581119,0.30157301,,17.7852,16.949301
265370909,315.8220433,-74.99487546,0.18317699,,17.808901,16.9384
265370991,315.8412994,-74.80737227,0.16046,,17.5394,16.758699
331721947,306.9020655,-75.06504064,0.15191001,,18.105101,17.3092
1987891314,300.4360868,-75.37481283,0.404991,,19.020901,18.1346
1987891315,300.4040242,-75.37340026,0.37917101,,19.412001,18.527
1987891321,300.2062406,-75.38728751,-0.0224365,,19.7115,19.005501
1987892213,300.2796978,-75.16277829,0.0556214,,19.3783,18.457199
404269148,309.0852999,-75.61783518,0.406057,,16.001699,15.1151
311460779,317.4604251,-74.15292023,0.349246,,17.569799,16.74
311461054,317.4013831,-74.81864014,0.38560599,,17.674,16.810499
311461159,317.1922465,-75.08666324,0.194888,,17.599501,16.7276
311461350,317.2551133,-75.529899,0.36202601,,17.872601,17.0618
404285063,309.5506055,-75.35075757,0.26469299,,17.6975,16.868099
404285204,309.5458081,-75.67758333,0.36068499,,17.8071,16.9657
327787425,312.9368164,-74.85205724,0.97789198,,15.324,14.5382
404287234,309.948073,-75.56328834,0.40864399,,18.2152,17.313299
404349207,321.1522979,-75.4646503,0.29814699,,16.786301,15.9
404349202,321.2944403,-75.45854609,0.68933702,,15.9019,15.0153
404349089,321.1259913,-75.20202518,0.67968601,,15.4288,14.5611
404349242,321.0104992,-75.53473444,0.67347902,,15.5064,14.6279
1987892448,300.3454793,-75.06452429,0.148055,,19.687,18.8484
1987892450,300.2381387,-75.06616349,-0.31679499,,20.095501,19.183701
265370577,315.8324944,-75.76854886,0.299858,,17.6919,16.813299
265370599,315.890123,-75.70534429,0.20369001,,17.6539,16.884399
404287407,309.7047758,-75.16363041,0.148931,,17.945601,17.165501
311461139,317.4215143,-75.02173871,0.44104201,,17.2307,16.363701
404349271,321.3250086,-75.60584976,0.52063501,,16.189699,15.3135
261427949,304.7800247,-74.43577805,0.64676201,,16.4764,15.5998
261427967,304.7409007,-74.4705107,0.48008099,,16.179399,15.3706
466694824,296.7489576,-74.42302724,0.37258601,,16.3832,15.4959
404287230,309.8787976,-75.56983614,0.342834,,17.8423,16.962799
404287368,309.711394,-75.27391732,0.242567,,18.0492,17.147699
404287548,309.9674879,-74.87417154,0.104014,,17.9102,17.0319
396215492,301.2438452,-74.68633201,0.27955499,,16.538099,15.6182
404287622,310.0279372,-74.70617988,0.102357,,18.0415,17.2041
404287850,309.9783024,-74.30497022,0.2265,,17.632099,16.7911
404269683,308.9117299,-74.54874788,0.30041099,,16.2446,15.3825
401570058,310.2761819,-74.04695216,0.29385999,,16.4139,15.5645
1987896381,303.5354027,-74.43909953,0.501302,,16.9188,16.0198
404293076,313.5376968,-75.83993852,0.27674699,,18.0739,17.2001
404293122,313.2812191,-75.73503728,0.35768101,,18.124701,17.315201
265371243,315.584399,-74.24864436,0.17018899,,17.7388,16.914301
265371330,315.5446054,-74.0614929,0.32643399,,17.178699,16.4515
1987900594,300.2471842,-74.42111442,-0.18928701,,19.5737,18.810699
1987881475,300.7940171,-75.97765816,0.24966601,,19.3447,18.5133
1987881478,300.6511344,-75.9926427,0.1569,,19.8675,18.9701
1987882628,300.8118356,-75.68321079,0.25095001,,18.687,17.817301
1987882635,300.965118,-75.63400298,0.197419,,19.640499,18.7243
1987891674,300.6261254,-75.28822702,0.068843998,,18.796801,17.9786
1987891676,300.7172064,-75.27932977,0.38266999,,18.8762,18.020399
327787266,313.0995405,-75.14154521,0.37395701,,16.2945,15.4225
327787506,313.1583399,-74.69280918,0.274654,,16.4324,15.5938
1987892091,300.7762666,-75.18594333,-0.0110836,,18.508301,18.0527
1987896666,300.7320734,-74.91400193,0.32043499,,19.582399,18.6686
1987897785,300.7209435,-74.56268865,0.34224001,,19.538401,18.7246
1987898000,300.7372637,-74.51445629,0.31646001,,19.865999,18.9863
1987898401,300.7247421,-74.42005243,0.069518499,,19.1912,18.2883
1987901110,300.7236762,-74.22765542,0.43946099,,19.2274,18.3993
1987901111,300.6317771,-74.22898112,0.18050601,,20.5151,19.612801
1987932699,314.5833002,-75.78966458,0.054321799,,18.360201,17.546301
1987932746,314.5303415,-75.74954964,0.182817,,18.345699,17.473
1987932824,314.5096784,-75.70680554,-0.18533701,,18.8918,18.040501
404269909,308.8619853,-74.09230111,0.33433601,,17.4942,16.688601
1987932904,314.3524926,-75.6923583,-0.24726699,,18.8634,18.0051
331636371,305.8258924,-74.27211693,0.59227997,,16.453899,15.615
401572611,312.3197468,-74.47972681,0.42560101,,16.301201,15.4445
1987903976,300.00562,-74.04396685,0.15821999,,20.009501,19.147699
1987933051,314.4311668,-75.59980871,0.225703,,18.427999,17.552999
1987886282,304.2761013,-75.37362556,-0.0058552502,,17.1681,16.4205
1987957090,314.4174847,-75.44641595,0.0013397801,,18.225599,17.361
1987957100,314.6571377,-75.41540198,0.067556098,,18.139,17.409401
1987957313,314.351022,-75.32435292,-0.038013499,,19.098301,18.211399
1987957425,314.2591269,-75.2685686,0.317545,,18.0625,17.299801
1987875298,303.791544,-75.9589002,-0.070273198,,19.328899,18.421801
1987885271,303.6523632,-75.38528027,-0.136663,,19.505199,18.716999
401538132,310.2388872,-75.69720639,0.123365,,17.5977,16.8717
401569857,310.2814548,-74.41954472,0.35567501,,16.8783,16.0333
1988022534,305.7463619,-75.17223726,-0.0097320797,,19.089899,18.2292
404349225,321.3496359,-75.50224624,0.32668099,,16.465099,15.6237
1987976782,314.2261219,-75.07242193,0.110038,,18.431499,17.608
1987976950,314.395615,-74.96839161,0.17360701,,18.5294,17.7197
466694821,296.6694718,-74.42242536,0.387963,,17.2514,16.4252
1988036980,304.5192948,-74.51962402,1.25727,,14.1688,13.352
2026029376,320.8786318,-75.95929799,-0.094528504,,18.9112,18.0235
401573114,312.2757808,-75.49414433,0.47019601,,16.8965,16.011999
1988037995,304.4024344,-74.26408236,0.136528,,18.1231,17.421801
331637076,305.7965304,-75.7436209,,,12.6215,11.792
404269614,308.9168153,-74.6705489,0.270008,,17.105301,16.283701
1987876048,305.3254323,-75.96455846,-0.15036,,19.0334,18.1996
331730904,320.6607707,-74.96379444,0.42812499,,16.8764,15.9965
404349288,321.132302,-75.64026776,0.39029601,,16.8944,16.0404
261427876,304.585873,-74.32143299,0.46534401,,17.2178,16.440901
1988026674,305.7133135,-74.58796871,-0.108948,,18.946699,18.1301
1987958787,311.6324662,-75.40039739,-0.39769101,,19.106501,18.295099
1987955334,312.6647745,-75.79925189,0.0429231,,18.653601,17.763399
466691428,296.3514175,-74.76922261,0.38695201,,17.235001,16.3596
401569663,310.3295572,-74.8150037,0.39828101,,17.4841,16.6057
327726934,311.7699343,-75.62288778,0.15616401,,16.999201,16.144899
327727127,311.9023676,-75.26265415,0.104275,,17.7216,17.0741
327727191,311.8637492,-75.13966927,0.227339,,17.183201,16.4189
327727231,311.6907911,-75.06722294,0.347137,,17.6283,16.7687
1987877501,305.8022502,-75.53529311,0.20414899,,18.3083,17.4429
466695420,296.7137749,-75.44822829,0.19942801,,13.5037,13.0419
1987877549,305.5306927,-75.49122834,0.14725,,18.351801,17.600901
1987885777,305.5949667,-75.44124199,0.24979299,,18.4834,17.622601
1987885914,305.5145852,-75.34225964,0.169112,,18.417601,17.678301
1987886073,305.5305944,-75.28302558,0.346504,,18.285101,17.4091
327727546,311.8639339,-74.44772243,0.13823301,,17.572399,16.7855
311460761,317.2173628,-74.10885207,0.19134299,,17.640699,16.772301
311460823,317.3998362,-74.23970749,0.246273,,17.288,16.564899
311460830,317.1934951,-74.27182231,0.46800801,,17.507,16.681299
311460915,317.1116221,-74.47102503,0.16547599,,17.6469,16.8106
311460964,317.2913547,-74.60073259,0.40281901,,17.364599,16.5683
404343514,318.7266046,-74.73942936,0.25150099,,17.1709,16.354601
404343941,318.9922705,-75.72826607,0.35214999,,17.7332,16.852699
404343966,318.9722051,-75.78326226,0.087407798,,17.212099,16.377701
271577465,319.1324792,-74.89037824,0.43333,,17.030701,16.2903
271577109,319.3059246,-75.81770637,0.425823,,17.482,16.628201
1988026311,305.3360641,-74.70762765,-0.13752501,,18.639999,17.917601
1988026646,305.5922843,-74.6478345,0.14378101,,18.659401,17.8641
1988027538,305.675305,-74.39848203,0.113317,,18.779699,17.957701
404268988,308.9275163,-75.93041,0.150821,,17.450899,16.571899
1987959585,311.1807359,-75.24524183,0.066495404,,18.448799,17.594999
1987959587,311.2440933,-75.23155862,0.31273699,,18.3596,17.5186
1987956237,312.7793255,-75.67723263,0.122881,,18.5291,17.644699
1987884103,304.4425359,-75.63759129,-0.236347,,19.1514,18.294201
1987889902,304.386683,-74.93066458,-0.244904,,19.0737,18.1952
1987956583,312.6810406,-75.44013825,-0.252078,,18.3605,17.5259
1987960324,312.7105962,-75.14259382,0.117826,,18.4541,17.6467
1987960378,312.4542967,-75.11593264,0.22897001,,18.2908,17.446501
404348873,321.1349859,-74.65466092,0.29624799,,18.4007,17.5177
1988041751,303.0549725,-74.02178935,-0.31107101,,18.899,18.1812
1987961522,312.8254079,-74.78820286,0.14042801,,18.448799,17.6175
1987971277,312.6725454,-74.65290634,0.169248,,18.594601,17.7397
1987971366,312.5593386,-74.53807971,-0.104239,,18.4389,17.646299
1987988764,312.623919,-74.38564784,0.065564401,,18.1231,17.4867
398447408,298.1248895,-74.96028462,0.191852,,17.3494,16.534201
404269772,309.1132302,-74.39150053,0.19201601,,17.320801,16.475401
2026029891,320.4173678,-75.65032604,-0.13924199,,18.6145,17.7778
2026033245,320.6685361,-75.38386641,0.27790099,,18.347099,17.4662
1987886360,304.4825803,-75.30337063,0.033393402,,18.9011,18.030199
1987890913,304.041496,-74.70995312,-0.15802801,,18.886299,18.102301
1987895378,304.2064894,-74.60586699,-0.0243355,,19.0404,18.225901
331636972,305.856885,-75.5073254,0.174357,,14.1276,13.2341
1988038972,305.9991008,-74.05973348,-0.167961,,18.7082,17.9779
1988039025,306.0171765,-74.01095856,-0.090033501,,18.8489,18.0536
1987896384,303.5436301,-74.41465672,0.0056958599,,18.4902,17.6528
1987896387,303.416446,-74.42920098,0.070298798,,18.880699,18.0019
1988026466,305.7693243,-74.66703223,0.050818399,,18.739201,17.910601
1988027408,305.5856478,-74.49548971,0.0177537,,18.7381,17.9368
1987953841,311.3458988,-75.72794157,0.019112,,18.8284,17.9762
404349289,321.2887571,-75.64181915,0.024302799,,18.375299,17.5184
404349416,321.3100849,-75.91429575,0.070859201,,18.149799,17.371099
1987885632,304.5577837,-75.49697573,0.0041473801,,18.335199,17.591299
1987890916,304.1988275,-74.69882925,0.151778,,18.589899,17.784401
1988037026,304.397051,-74.48784796,0.146624,,18.1768,17.457899
404269039,309.2009256,-75.83375105,0.24177299,,18.187901,17.3029
1987959365,311.37395,-75.36839678,-0.19373199,,18.393499,17.802601
1987959384,311.5453411,-75.3365572,0.0291005,,18.962099,18.1092
1987959442,311.4278295,-75.29368024,-0.17583901,,18.714001,17.8526
1988037275,304.2392339,-74.35320786,0.117031,,18.4226,17.590599
1988037355,304.2699299,-74.31135987,0.103444,,18.4993,17.614
1988037970,304.2655276,-74.30593858,0.107219,,18.419201,17.5879
1988038252,304.2574529,-74.12994758,0.228397,,18.571501,17.733299
1988038836,305.7767212,-74.14062918,-0.060058001,,18.677299,17.8573
1987961087,312.5488142,-74.8997077,0.053713799,,18.7778,17.9895
1987988733,312.511644,-74.41375004,0.15703601,,18.686501,17.841999
1987989662,312.5961602,-74.13003528,-0.287698,,18.7185,18.01
1987896272,303.4791119,-74.4858859,0.049902398,,18.733101,17.847099
1988041096,303.2867564,-74.0391419,0.18239801,,18.5364,17.658001
327787640,313.0046946,-74.45113372,0.15002599,,18.388399,17.5495
1987896626,303.5180247,-74.2857141,-0.099010102,,18.698999,17.827
1988041079,303.4930859,-74.02077228,-0.114897,,18.9228,18.1008
466690807,296.4637326,-75.99162588,0.265028,,17.2313,16.2855
401569628,310.1368206,-74.90169857,0.354615,,17.3183,16.4265
404269147,308.9686842,-75.61806498,0.221323,,17.2446,16.3731
404269254,309.2222437,-75.37721905,0.28838599,,16.9231,16.066601
331636810,305.8432566,-75.13653333,4.8526602,,10.0492,9.3805199
331636990,305.7944162,-75.55223674,11.6265,,8.5858803,7.8601699
1987889313,304.1692192,-75.10141516,0.025603199,,18.831301,18.0196
1987889540,304.4955665,-75.12277351,0.0071110702,,18.6129,17.7386
331730894,320.7139633,-74.9469888,0.305278,,17.48,16.6141
331731090,320.7320008,-75.50900512,0.44216001,,17.5774,16.7334
262021515,323.4726202,-74.64237367,0.25656301,,17.288401,16.3993
401569766,310.2381215,-74.58711094,0.35474199,,17.252899,16.377399
1987889829,304.3924314,-75.00266857,0.218335,,18.6553,17.785
1987885273,303.5914375,-75.38909874,0.243174,,19.4807,18.742901
1987889478,304.1542165,-75.0718402,-0.140479,,19.1283,18.388399
1987890282,303.8514406,-74.89683564,0.060249601,,19.403999,18.539301
1987895271,303.7674052,-74.68418988,0.050074201,,19.395901,18.710699
1987895618,303.9547501,-74.52391158,-0.064491697,,19.3358,18.447599
466695003,296.9495082,-74.75157171,0.30818501,,17.0278,16.2505
1988038612,304.2333956,-74.08753317,-0.069063798,,19.1332,18.2789
1988038824,305.7817523,-74.17039549,-0.016914601,,18.887199,18.093901
1988038878,305.5675163,-74.12672547,-0.186708,,18.8501,18.0327
404269477,309.069246,-74.93455488,0.43804201,,17.2363,16.373501
404269503,309.170534,-74.87419034,0.31411001,,17.2409,16.3913
404269526,308.8756335,-74.82855756,0.160716,,16.9126,16.1595
404269945,308.9733358,-74.03811753,0.271097,,17.2708,16.408899
404242751,308.3471795,-75.06169731,8.3429899,,9.6003304,8.8520699
404242927,308.1923075,-74.70737808,8.6097202,,10.0809,9.2870598
331636610,305.7717248,-74.7325925,2.8489799,,11.4423,10.7208
331637028,305.7722582,-75.64248921,4.9841599,,11.6598,10.8342
404242861,308.3051203,-74.8273384,1.7554801,,11.1956,10.5033
466695292,296.8141511,-75.21474725,1.4573801,,12.3834,11.5871
396215633,301.0024912,-74.4713572,0.67545199,,12.5826,11.964
396251496,302.8617731,-74.41352529,1.80896,,12.4963,11.6171
396251638,302.7982027,-74.2160245,1.1808701,,11.3543,10.8702
261422051,303.8793471,-75.74047715,2.28708,,12.2612,11.403
401570056,310.0814815,-74.05034262,0.398047,,17.156099,16.329
327787829,313.0380987,-74.13434819,0.302802,,17.032801,16.1961
1987979904,314.409543,-74.4441907,-0.73972398,,19.2082,18.334101
261427928,304.6688364,-74.39867086,0.446156,,17.293301,16.408899
401573210,311.9944053,-75.69497017,0.159355,,17.0193,16.2194
327727108,311.6866727,-75.29269021,-0.0029265799,,18.0882,17.2349
311460727,317.3680081,-74.02184083,0.34728801,,17.811001,16.9631
404349186,321.3222683,-75.42667462,0.34369299,,16.7264,15.8865
331636670,305.9985057,-74.85448763,2.21188,,12.1427,11.4656
331636721,305.9450015,-74.94849292,2.4379301,,11.9095,11.1925
331636364,305.6988972,-74.25820797,1.9489599,,12.7382,12.0019
331637157,306.0651963,-75.91596464,2.3636999,,11.0847,10.5192
331676721,306.1500571,-74.4829842,1.8476501,,12.7511,12.0391
331722152,307.0808147,-74.61214046,1.79899,,12.223,11.4992
401572868,311.9787579,-74.96330307,0.15773,,17.3067,16.4596
404349420,321.196296,-75.92546649,0.158631,,18.2283,17.396799
404242603,308.388487,-75.34612338,4.43887,,11.3723,10.5666
331681928,306.9372493,-75.89160729,1.55273,,13.3231,12.5262
404242428,308.4177982,-75.72736423,1.92871,,12.9868,12.2158
404221923,307.3958447,-75.30504373,3.3185501,,11.5473,10.7176
331636474,305.8586411,-74.44181851,2.15626,,13.0188,12.2074
1987980462,314.3040002,-74.42085467,-0.13770901,,18.589001,17.809299
1988027609,305.2616576,-74.4442738,0.18523499,,19.4387,18.688101
1988027625,305.3714624,-74.44283846,0.45774099,,19.503201,18.6943
1988028995,306.47174,-74.18256787,0.22570001,,19.2948,18.4596
1988028997,306.3416203,-74.20293152,0.191936,,19.2729,18.5056
1987873423,306.1249781,-75.94658417,-0.407271,,19.5238,18.7346
404269490,308.8895409,-74.8977137,0.316358,,17.044201,16.1747
331636298,305.9111785,-74.1324768,0.0601849,,18.173,17.322701
331636354,305.786063,-74.2395447,0.24149799,,18.102301,17.2136
404243031,308.1861419,-74.47604255,1.92467,,13.7051,12.827
331636442,306.0547983,-74.37907606,0.0059458502,,18.1092,17.2822
311460872,317.4966278,-74.37767037,0.301222,,18.3368,17.493299
396289909,302.7162928,-74.04136501,1.43414,,13.0434,12.2486
1987876604,306.3826638,-75.69119823,-0.68354702,,19.6495,18.848301
1987877460,306.2875921,-75.47987374,0.28817701,,19.273399,18.537901
1987966435,306.4659856,-75.36645806,0.43522701,,19.723499,18.9328
404269003,308.8697774,-75.90878875,0.35214999,,16.989201,16.121901
404269491,308.9165289,-74.89656467,0.43503699,,16.845699,15.962
404242948,308.4201026,-74.66929057,1.33531,,12.9472,12.3122
404269302,308.9392548,-75.27494651,1.67565,,13.4197,12.65
1987872893,307.5396625,-75.99101418,-0.26581299,,19.4874,18.719601
1987966070,307.4572544,-75.29947799,0.186088,,19.1423,18.400299
1987966812,307.5622993,-75.14205634,-0.054941598,,19.4216,18.5996
1988024150,307.4716851,-74.90131113,-0.040697001,,19.345699,18.5632
311461066,317.2508092,-74.84077823,0.25630301,,17.7012,16.869101
311461073,317.4305784,-74.86091961,0.384027,,17.8731,17.016701
311461201,317.3882823,-75.18764787,0.29224199,,18.031601,17.1577
401569759,310.0443975,-74.60752153,0.47781399,,16.902901,16.018499
331636528,306.0789436,-74.54134298,1.95516,,13.2617,12.3892
1987980515,314.2517961,-74.36632271,-0.032048602,,18.8298,17.981701
1987981736,314.2256577,-74.31261186,0.123346,,18.0266,17.2603
331636944,305.7342605,-75.44632571,1.899,,12.8182,12.0707
331636834,305.8555292,-75.18904222,1.29931,,12.9589,12.2422
331676548,306.1209598,-74.82052307,1.68546,,12.8749,12.0214
331682162,306.8865069,-75.37401034,3.23616,,12.3148,11.4922
404343784,318.7283912,-75.33940604,0.0551342,,17.846399,16.9827
331636291,305.7437183,-74.12347452,0.328706,,17.479099,16.6672
331636350,305.7837439,-74.23466561,0.048818398,,17.2857,16.631701
331636415,305.8797784,-74.33932424,0.492549,,17.172701,16.3899
1987981639,314.4648212,-74.2477073,0.119894,,18.629601,17.7603
404269783,308.9734608,-74.35630488,0.92544198,,13.6647,12.8129
271580396,319.7601663,-75.78050915,2.2957001,,13.2369,12.3627
401569424,310.339832,-75.29499972,0.18111999,,18.3465,17.5389
401569822,310.1885087,-74.49190893,0.070389599,,18.473,17.594999
331722425,306.9384636,-74.06838376,1.9099,,13.7454,12.8883
404222151,307.4091392,-74.87485407,1.21492,,13.595,12.7087
331636446,305.9396638,-74.38605971,0.50697702,,17.2754,16.509701
404349139,321.3831482,-75.3304823,0.10924,,17.4639,16.6078
404349451,321.2517474,-75.98508401,0.270376,,17.165899,16.4447
1987981907,314.24672,-74.14597275,-0.0371859,,18.4021,17.6633
398447224,298.1604403,-75.2314461,-0.030954,,18.266399,17.358999
404242759,308.222136,-75.04525002,1.71501,,12.8802,12.0019
404242480,308.2082477,-75.59798691,1.24744,,14.1642,13.3071
404221568,307.6515615,-75.99536272,0.122663,,17.111601,16.2255
327786882,313.1004966,-75.94055362,0.017574999,,18.240299,17.438299
331636427,305.7402993,-74.35680293,0.11758,,17.9953,17.239799
331636447,305.9941345,-74.3865709,0.159834,,17.638,16.808201
396214786,301.0129314,-75.84922516,0.253043,,18.075001,17.153601
404343920,318.734223,-75.68443599,0.380375,,17.8678,17.011801
404343953,318.6779675,-75.74354502,0.087779,,18.087299,17.245199
261427878,304.6734031,-74.32234393,0.188081,,17.6849,16.8503
331636646,305.9295143,-74.80421143,0.39142901,,16.380199,15.5822
331637035,305.784577,-75.6601818,0.38940701,,17.096901,16.208099
404242915,308.2361401,-74.72680433,0.41212201,,16.531799,15.6739
331636286,306.0721945,-74.11778475,0.31426501,,16.629299,15.7679
331637187,305.7057161,-75.97643434,0.138895,,17.5679,16.6745
1987990242,314.1473211,-74.11494817,0.18293899,,18.7132,17.8431
331636332,306.0063094,-74.19348346,0.26442099,,17.4774,16.5889
331636353,305.8930767,-74.23859646,0.30158499,,17.2848,16.406099
331636413,305.6923128,-74.337826,0.21830399,,17.6432,16.850401
401572606,311.98234,-74.47108102,0.202317,,17.5147,16.7139
327787060,313.1199755,-75.52468437,0.076022103,,18.1385,17.33
398447295,297.9426183,-75.13768087,0.14997201,,18.295,17.3703
261422098,304.045808,-75.83727263,0.279733,,17.7861,16.8958
331636477,305.7527202,-74.44820664,0.409778,,17.0895,16.261499
331636895,305.78663,-75.32313683,0.49621499,,16.756901,15.8748
331730990,320.6280622,-75.21460974,0.17979901,,17.4772,16.632401
404348806,321.1237923,-74.47785904,0.35905001,,17.718901,16.8592
404348968,321.2883398,-74.88094011,0.30902299,,17.447599,16.549101
331636997,305.8292989,-75.5685907,0.248018,,16.664101,15.9382
331637030,306.0082634,-75.6492836,0.33675799,,16.831699,15.9508
331637044,305.9020239,-75.6685002,0.40135401,,16.890499,16.009001
2026030096,322.0607591,-75.95385018,-0.00144519,,18.290501,17.438499
2026030116,321.9949309,-75.91817716,0.1106,,18.257401,17.402
404349284,321.2437342,-75.63722241,0.34568799,,17.7227,16.8564
331636370,305.9531413,-74.27077546,0.36490801,,17.9792,17.106501
404349317,321.0284957,-75.69462982,0.14785799,,17.726999,16.972799
404349406,321.3369065,-75.88173805,0.11368,,17.739799,16.868099
327787884,312.9545044,-74.01660312,-0.140782,,18.568701,17.8377
404348870,321.2491976,-74.64994123,0.32974899,,17.862301,17.009899
331637103,306.0561567,-75.80057494,0.358316,,16.8948,16.008801
2026030591,322.1266463,-75.7538685,0.35361499,,18.1413,17.281799
2026031166,321.9429191,-75.61829367,-0.0129524,,18.7052,17.820499
331676367,306.3695971,-75.20528047,0.67744601,,15.1108,14.2423
331676450,306.3089336,-75.04154671,0.26505899,,16.687099,15.8776
404349322,321.41007,-75.70905097,-0.0321736,,18.5233,17.703899
2026034354,321.9119172,-75.20875983,0.052190602,,18.759701,17.9032
398447427,297.9552743,-74.93108187,0.214855,,18.115,17.221901
404221656,307.5722353,-75.8292448,0.35038999,,17.3689,16.4998
404221786,307.2999419,-75.57696268,0.099445902,,17.2339,16.362499
404222029,307.5118567,-75.08705771,-0.046020702,,16.603201,16.2293
2026034694,321.9389925,-75.07374273,0.34225199,,18.169901,17.3146
2026034647,322.2318043,-75.0960362,0.082689598,,18.0233,17.168501
404242505,308.101769,-75.55420075,0.51944298,,16.8536,15.9668
404242659,308.2556653,-75.25587838,-0.025612099,,16.3603,15.6291
404242844,308.3565281,-74.85561673,0.44550401,,16.557699,15.7502
404242955,308.3946849,-74.63948678,1.31082,,14.5849,13.7424
2026034964,322.0581194,-74.87637506,0.28367999,,17.511999,16.6513
2026034946,322.1978787,-74.89157585,0.30200601,,18.5436,17.640699
404243092,308.2856531,-74.32796708,0.31754699,,16.556601,15.7502
404243093,308.3187451,-74.32785371,0.40684101,,16.9263,16.0776
404221725,307.4277577,-75.7018285,0.078481503,,16.078699,15.3295
404243085,308.1404744,-74.34834866,0.74516499,,15.3806,14.5056
331637018,305.9855738,-75.61939302,0.42918101,,16.659201,15.7797
2026040467,321.9826748,-74.75167421,0.00491708,,18.4356,17.6724
401569992,310.1727181,-74.20452933,0.26870999,,17.8957,17.053699
331636987,305.8317675,-75.54752571,0.97386003,,14.7617,13.8662
331637123,306.0300036,-75.83710686,0.52768499,,16.210501,15.3329
331676654,306.2691599,-74.60797325,0.379273,,15.8197,14.9776
331681930,307.0806213,-75.88727202,0.51399899,,16.3281,15.4567
2026040550,322.2632377,-74.65753115,-0.0122326,,18.688101,17.8484
404242932,308.2623136,-74.69563632,0.106269,,15.9365,15.2709
2026048642,322.0003787,-74.31769437,0.23781601,,18.200199,17.323799
404242358,308.233643,-75.90573931,1.5713201,,13.9306,13.0564
396215169,301.3417017,-75.21531272,0.568407,,16.3964,15.483
331636513,305.8956956,-74.51386157,0.45487499,,16.1833,15.3163
271577104,319.2385874,-75.83370075,0.284262,,18.1007,17.203199
271577340,319.2141375,-75.18721028,0.294153,,17.954399,17.1157
271577386,319.1979242,-75.10713425,0.29004601,,17.716,16.8589
331636697,305.8216285,-74.90930626,0.67861003,,16.1141,15.2408
404290953,311.3190084,-75.2569874,1.3382699,,14.3624,13.5694
404242411,308.352391,-75.77357519,0.31110999,,17.122499,16.2733
404269141,309.0995022,-75.62458591,0.0113564,,18.066299,17.2603
404269398,309.2185642,-75.09499248,0.211484,,17.8699,17.028099
404240597,307.8367403,-75.89392209,0.44510901,,16.8908,16.0012
404242495,308.2402167,-75.57144648,0.230051,,16.9881,16.079201
404242621,308.1511485,-75.31666231,0.289597,,17.4907,16.6024
404242681,308.306464,-75.19961949,0.21961901,,17.3393,16.452801
404290957,311.5437468,-75.26168741,0.388753,,16.6369,15.8513
331636594,305.8170565,-74.68582368,0.447056,,15.9732,15.1777
331636704,306.0097716,-74.91802505,0.48583901,,16.231001,15.3566
331637142,305.8088388,-75.87972795,0.400821,,16.1535,15.3059
404240399,307.9292722,-75.5304692,0.41713199,,16.6889,15.8038
331636739,305.72384,-74.98777379,0.47968099,,16.405399,15.5541
331636791,305.8231346,-75.10375128,0.550924,,15.949,15.2037
331636806,305.9040254,-75.13031187,0.35205901,,16.521099,15.7383
331636949,305.978426,-75.44960864,0.26950201,,16.0611,15.4155
331636993,306.0405771,-75.56580911,0.38330099,,15.7927,15.0762
331637054,305.7609303,-75.68241571,0.42811701,,16.2479,15.3589
401538035,310.1098709,-75.9012987,0.24936201,,18.197001,17.3435
327786936,313.0263945,-75.81142028,0.113528,,18.102301,17.264799
331676399,306.4412821,-75.13979985,0.72862798,,15.9025,15.0123
331676523,306.4365037,-74.89539184,0.364824,,16.4156,15.6272
331676570,306.3085312,-74.77931034,0.42016101,,16.236601,15.3655
331682094,306.9294091,-75.52469435,0.269254,,16.442301,15.5794
404269394,308.9809849,-75.10564732,0.347186,,16.8729,15.9952
404269482,308.9053154,-74.91056864,0.34931901,,16.4722,15.7902
404269539,309.1989075,-74.80631365,0.75351101,,15.3742,14.5481
404291233,311.3924514,-75.84797293,0.51246798,,16.0142,15.0996
331637129,306.0651794,-75.84630853,0.389943,,16.4786,15.5953
331637130,305.7930046,-75.85143884,0.24529199,,16.2453,15.5435
331722200,307.0726844,-74.50948282,0.57494003,,16.286301,15.4151
466691115,296.6815592,-75.36658372,0.042810999,,17.245899,16.6026
466691401,296.5232054,-74.82256453,0.25521201,,17.5147,16.6581
466694912,296.853968,-74.57729724,0.18984801,,17.4128,16.5242
466695548,296.6682823,-75.69312993,0.27349499,,17.4226,16.5588
404242329,308.1654904,-75.97757359,0.31722,,16.239901,15.4357
404242359,308.1397797,-75.90558713,0.47644201,,16.116899,15.229
404242383,308.4083204,-75.82501338,0.30675,,16.0536,15.1733
404242385,308.3292067,-75.81780387,0.51969498,,16.282101,15.4006
1987964861,309.2221992,-75.27224959,0.060050901,,17.867599,17.110201
331637165,305.7764556,-75.92723876,0.57494003,,16.532301,15.6972
404284973,309.5072491,-75.17129794,0.757231,,14.8296,14.0652
404290643,311.4358149,-74.6441337,0.478048,,16.1325,15.2961
404290882,311.4720302,-75.10627788,0.49366,,16.339701,15.4668
404242658,308.42487,-75.25617675,0.41968799,,16.187,15.2984
404242858,308.1164949,-74.83178522,0.44539401,,16.383301,15.5086
404242987,308.0725573,-74.58384369,0.49979201,,16.4695,15.5762
404243105,308.3051189,-74.30399285,0.441396,,16.2952,15.4307
331730702,320.7253467,-74.44645409,0.25168699,,18.1418,17.330999
1987965140,309.4863119,-75.12217188,0.164362,,18.148399,17.427401
404243221,308.2477001,-74.05808369,0.45324299,,16.437201,15.5855
331676690,306.1116561,-74.53424172,0.404201,,16.542999,15.6486
331722224,307.0373907,-74.47496549,0.33011001,,16.4077,15.5824
404221833,307.304549,-75.48349522,0.40474799,,16.648899,15.7695
404240407,307.7054695,-75.54452728,1.07467,,14.5079,13.6458
404269356,309.1591301,-75.18493688,0.56367999,,15.489,14.7026
404269583,309.1163378,-74.71457085,0.37841201,,17.579,16.737499
401569488,310.3305383,-75.17931139,0.37818599,,17.1481,16.278799
401570046,310.2449897,-74.07453752,0.145588,,17.394501,16.594999
327787248,312.8643753,-75.17938298,0.305105,,17.386801,16.5445
327787359,313.1322955,-74.96693109,0.28258801,,17.251301,16.3734
404269016,309.1123744,-75.87858705,0.24508099,,17.4615,16.579399
404269029,309.0738974,-75.85599903,0.323928,,17.258699,16.356199
331636841,305.7592866,-75.20562592,0.60826999,,15.0605,14.3325
404291073,311.3182204,-75.50673328,0.939538,,14.3223,13.5754
404269160,308.8757318,-75.59333873,0.228192,,17.127001,16.2598
404269800,308.8685069,-74.31724345,0.226384,,17.3634,16.540501
401570002,310.3618855,-74.17964358,0.27601799,,17.2766,16.409201
466695020,297.0384362,-74.78133186,1.35817,,13.9793,13.0981
466695067,296.9778441,-74.8459351,1.21074,,14.1293,13.3067
404242572,308.2709704,-75.39838584,0.69618702,,14.5324,13.7359
404284989,309.3748066,-75.19917284,0.85137898,,14.373,13.6767
466695375,296.8242372,-75.38077408,0.48737699,,14.3546,13.6199
396214748,301.3301941,-75.90357165,1.64333,,14.0763,13.2008
396215167,301.2708563,-75.2167575,0.726713,,15.3109,14.4307
404269570,309.0624487,-74.73359192,0.58085102,,15.3076,14.541
404269620,309.1919657,-74.66071352,1.26474,,14.8166,13.9353
404269622,308.9198206,-74.65875707,0.71393299,,15.5572,14.706
396251497,302.9038716,-74.41260612,1.05773,,14.2894,13.4201
331636492,306.0353553,-74.47398046,0.932832,,14.9231,14.0363
331636698,305.867435,-74.91365969,0.91206598,,14.4084,13.5368
331636756,305.7920517,-75.03382996,1.34444,,13.9593,13.1649
404269139,309.0233998,-75.62764567,0.14744399,,18.167299,17.293301
404269385,309.0733901,-75.12710667,0.131731,,17.993999,17.2384
331636961,305.9247087,-75.49031185,0.68663597,,14.3578,13.5111
331637041,306.0110955,-75.66594207,1.03506,,13.8204,13.0822
404285074,309.462489,-75.38444666,0.75898898,,14.5036,13.6694
404285133,309.5957809,-75.51391694,0.98085099,,14.7189,13.8687
404285248,309.476205,-75.7784094,0.65072399,,15.5373,14.6506
331636693,305.9784734,-74.90028628,1.42263,,13.9956,13.1114
327726800,311.9105976,-75.910032,0.18033899,,17.923599,17.0446
327726887,311.8996673,-75.74063783,0.165821,,17.8451,17.0865
327726983,311.722872,-75.49906176,0.224112,,17.4891,16.598499
327727451,311.8604804,-74.61759647,0.33330801,,17.6779,16.8468
327727489,311.8731575,-74.53801948,0.0058133798,,17.6621,16.8617
401569587,310.2017427,-74.97972797,0.29994401,,17.937599,17.136299
1987964930,309.6947296,-75.1735556,-0.114696,,17.932199,17.3839
404290312,311.5793847,-74.01102921,1.1610399,,13.8322,12.9711
404290512,311.5291205,-74.38418545,0.76983702,,14.5699,13.8097
404290559,311.3804717,-74.49862523,0.877738,,13.8534,13.1296
331636935,306.0044431,-75.42555289,0.86030698,,14.5408,13.655
271580025,319.8174466,-74.83849157,0.370581,,15.0821,14.3923
311460848,317.1894068,-74.31180446,0.363094,,17.6152,16.758301
327787215,313.1470008,-75.2325508,0.30125901,,18.301901,17.4182
404290533,311.4044658,-74.43626525,1.52765,,13.9304,13.0942
404290783,311.2089661,-74.91782815,0.722965,,14.3461,13.5145
404290798,311.2861613,-74.94742345,0.84231597,,14.4648,13.6058
404290852,311.4775726,-75.04093336,1.05443,,14.3525,13.5115
404290951,311.4270214,-75.24891703,1.15346,,13.9804,13.2493
404291112,311.5196188,-75.61003045,0.95287597,,14.6167,13.7813
331721986,307.2133863,-74.97428693,0.94146198,,13.4517,12.9467
404221865,307.5790404,-75.41977422,0.63098502,,14.7673,14.0067
265370861,315.5917065,-75.11829144,0.61761397,,15.2705,14.5103
1987972641,309.6774236,-74.76067587,0.097346403,,18.1147,17.304001
404242499,308.2045119,-75.56555312,0.98823601,,14.8155,13.936
404269344,309.1707439,-75.20591498,0.288293,,17.729401,16.9013
331637177,305.74799,-75.96649701,0.96074098,,14.7773,13.8781
331637178,306.061735,-75.96779489,0.38449001,,16.111,15.2137
331637166,305.8558903,-75.93374697,1.14608,,14.426,13.5888
311460951,317.4316864,-74.56658985,0.13123301,,17.8636,17.0277
311461003,317.3692288,-74.6791191,0.30535501,,18.0294,17.176399
311461121,317.1893647,-74.99265709,0.222196,,17.9196,17.0574
404242740,308.1824703,-75.0877809,1.2069401,,14.3298,13.5334
404269392,308.8931918,-75.11142997,1.21655,,14.4143,13.579
1987973816,309.906365,-74.50940998,0.235294,,17.9998,17.1663
404242819,308.2518371,-74.91431601,0.48495501,,14.9871,14.442
404242947,308.0625046,-74.66953123,0.69784701,,14.724,13.9251
466695004,296.7157153,-74.75204352,0.215186,,18.1516,17.276199
404269012,308.9561586,-75.89144495,-0.00269793,,18.152399,17.247299
404243042,308.2364795,-74.45720482,0.84979701,,14.9594,14.2089
404243059,308.1381148,-74.41855498,1.18662,,13.7682,13.016
404243114,308.164406,-74.28268091,0.87567401,,14.6969,13.8608
404243163,308.1603698,-74.16051727,0.43477699,,15.7276,14.8498
404243173,308.329661,-74.15395275,0.93576401,,13.9549,13.2195
404242555,308.3013375,-75.42716455,0.60518301,,16.0392,15.1373
404242618,308.3224356,-75.32246583,0.860138,,14.7183,13.8253
404269164,309.1841777,-75.5907532,0.14858399,,17.9566,17.072399
404269547,308.9726748,-74.79168019,0.250139,,17.917,17.115801
404269760,309.048134,-74.41532284,-0.124777,,18.126301,17.291901
401538156,309.9633336,-75.64353788,0.160211,,18.042299,17.2365
401569758,310.0716604,-74.60838203,0.218703,,17.9312,17.064501
401569537,310.3763496,-75.08325698,0.037376098,,17.902901,17.0968
401569707,310.2892934,-74.70284371,0.25005499,,17.976801,17.252199
327787115,313.018853,-75.42496173,0.15972599,,17.880699,16.991899
327787605,313.0571978,-74.52973798,0.232609,,18.0779,17.2859
404343695,319.0156605,-75.16084573,0.15268099,,17.567801,16.7197
327787832,312.9681071,-74.13200134,0.25555399,,18.2556,17.389
327787888,313.1719896,-74.01393375,0.210052,,18.089399,17.319799
1988031591,309.6988863,-74.19211909,0.34452799,,18.1752,17.2971
1988031996,310.3868023,-74.02167743,0.0509196,,18.421499,17.7668
466691486,296.4917113,-74.67430291,0.067715503,,17.856899,17.0846
1987939315,318.8074582,-75.34868164,0.090509102,,18.3736,17.5121
398447508,298.0057025,-74.78878349,0.166806,,17.787399,16.8766
271580092,319.6205021,-75.00822172,1.31076,,13.8531,13.1087
271580169,319.6377806,-75.17684644,1.24615,,13.9765,13.1925
466694973,296.7946453,-74.67992635,0.74073201,,15.3549,14.4899
331636769,305.9598665,-75.06434167,0.58708298,,15.9241,15.0724
331636881,305.9591811,-75.29313585,1.05097,,14.4356,13.6425
331636542,305.6924245,-74.57610906,0.224626,,15.9548,15.2195
331636713,305.905366,-74.9320355,0.28134301,,16.026699,15.2557
404269084,308.9427336,-75.75008437,0.26988101,,17.674101,16.8794
404269118,308.9301655,-75.66412611,0.200323,,17.8794,17.063601
404269137,309.1994273,-75.62969229,0.098656103,,18.031601,17.152599
331637085,306.0349658,-75.75315426,0.67636198,,14.5835,13.838
331639058,306.4108653,-75.70495134,0.89184803,,14.7076,13.8995
404269138,308.8875898,-75.62870811,0.167721,,17.945601,17.121
404269353,308.8696303,-75.18890137,0.226348,,17.7775,17.0627
404269812,308.953605,-74.2856862,0.38485101,,17.9126,17.1073
401538245,310.1895117,-75.44063107,0.294507,,17.809401,16.925301
331681902,306.9658414,-75.94267261,0.411037,,15.4307,14.8816
401538297,310.3510504,-75.3309656,0.38288099,,17.4835,16.6525
401569555,310.2553557,-75.061858,0.112979,,17.392599,16.5637
327787189,312.8167835,-75.28024279,0.219538,,17.6423,16.757401
327787285,312.8444292,-75.09467922,0.19281501,,17.416,16.5842
327787304,312.8613364,-75.05721099,0.0915493,,18.0189,17.3034
327787470,312.7905692,-74.76724114,0.405541,,17.442101,16.601101
327787649,313.0002592,-74.43159479,0.067571297,,17.890699,17.056
404290397,311.3655524,-74.16634474,1.04075,,14.4963,13.6821
404290487,311.506118,-74.33131104,1.09758,,15.0312,14.1751
327787862,312.7712222,-74.0628731,0.30718899,,17.8957,17.0205
466695395,296.8152057,-75.40904333,0.34488499,,17.907,17.013599
404269414,308.8650343,-75.05944598,0.32763499,,16.5201,15.7541
404242929,308.3596827,-74.70637232,0.86358601,,15.0716,14.2155
404242951,308.2212686,-74.65692298,0.732647,,15.9764,15.0902
404269041,309.0715052,-75.83040945,0.33738199,,17.566601,16.667
404269295,309.069532,-75.2852546,0.27468199,,17.728001,16.8473
404269449,309.1511777,-74.98563615,0.248171,,17.308901,16.4184
2026031293,321.9088943,-75.5103041,0.226358,,18.0912,17.1989
271579882,319.6973137,-74.4741726,0.65111297,,16.712,15.8322
404269690,309.2209064,-74.53868235,0.40251401,,16.568899,15.742
466695341,297.0397704,-75.30926394,1.25655,,14.7147,13.8273
327787628,312.8982024,-74.48206449,0.188657,,17.5401,16.6922
401538293,310.2824811,-75.33293232,0.40945601,,17.0569,16.214899
466691558,296.3823465,-74.54188047,-0.243571,,18.342501,17.4599
466691560,296.492805,-74.53751457,0.38446701,,17.455299,16.5938
261422097,303.8858315,-75.83725204,0.426272,,15.0065,14.3636
331636947,305.9575465,-75.44897417,0.585922,,15.8014,14.925
331636566,305.8437118,-74.6267016,0.57556802,,15.5438,14.682
331636821,305.9066912,-75.15678188,0.61545599,,15.2536,14.4029
331636877,306.0125367,-75.2784973,0.647021,,15.5918,14.7988
331637185,306.0325724,-75.97585202,0.82192802,,15.4492,14.5862
271577065,319.2691906,-75.93771665,0.432749,,17.6443,16.781799
271577080,319.2258819,-75.90049956,0.051002301,,17.7701,16.898701
404269804,308.857023,-74.30836941,0.479009,,16.6737,15.8608
404269833,309.2187337,-74.23782719,0.35197899,,17.09,16.2729
331639206,306.3645914,-75.40828527,0.82707101,,15.739,14.8419
331722151,306.9017769,-74.61317897,0.552109,,16.0562,15.1726
404290616,311.5198203,-74.58724917,0.926489,,14.6002,13.7367
404290901,311.5590362,-75.14792386,0.474549,,15.1632,14.4927
404290973,311.5668953,-75.32104543,0.58699799,,15.5805,14.8019
404291013,311.2701445,-75.38601868,0.88948101,,14.819,13.9379
404242785,308.0882706,-75.00300606,0.80968702,,15.568,14.7095
404243034,308.3484818,-74.47536293,0.658957,,15.825,14.9676
404243091,308.1620527,-74.32917999,0.37079901,,15.7464,14.9684
404291169,311.492762,-75.71746998,0.66246903,,15.5364,14.7368
404291203,311.208728,-75.77687775,0.416006,,15.0808,14.4363
404269087,309.0256926,-75.74727648,0.37826699,,17.5208,16.770201
466694916,296.9761489,-74.58798104,0.67799598,,14.8624,14.0397
466695073,297.0288914,-74.85076219,0.77015698,,14.2339,13.4191
466695214,296.7839398,-75.07540006,0.52178901,,15.0524,14.3166
401538189,310.1350082,-75.57125506,0.22374099,,17.901899,16.994101
265370623,315.6212892,-75.63608343,0.67813998,,15.4939,14.6535
265370647,315.6866858,-75.56133618,0.53375697,,15.1894,14.3829
265370665,315.5949017,-75.52362539,0.228283,,15.5122,14.8273
265370666,315.7389559,-75.52352676,0.68870997,,15.8919,15.0482
396214893,301.1820642,-75.68034942,0.71228498,,14.8638,13.9696
396215128,300.999384,-75.27521264,0.434367,,15.5372,14.6057
396251626,302.7701387,-74.23050854,0.78908801,,15.3911,14.5225
331636601,305.7567647,-74.71297926,0.31154999,,15.3472,14.6102
265370884,315.7328828,-75.06229485,0.67597198,,15.3782,14.5163
331636664,305.7875008,-74.84432953,0.53039497,,15.2552,14.4034
331636836,305.7600245,-75.19296051,0.44558901,,14.5326,13.9903
331636934,305.8787909,-75.42375001,0.95232201,,14.9318,14.0447
331676446,306.0902844,-75.05213793,0.76212502,,15.4929,14.6153
331676474,306.2371158,-74.9970665,0.87946302,,15.0523,14.2459
331676574,306.4019139,-74.77732587,0.65831,,15.4368,14.6119
331682092,307.0438773,-75.52560691,0.646272,,15.4113,14.5122
331682132,307.1840794,-75.43428932,0.660025,,15.1556,14.3111
404242412,308.2123724,-75.77355253,0.13165,,15.7853,15.1902
331682171,307.2368253,-75.35842191,0.71145099,,15.4334,14.594
331721990,307.1161047,-74.96169508,0.71163899,,15.2552,14.3648
331722113,306.8934403,-74.67773214,0.58630902,,15.6877,14.8309
271577437,319.2847569,-74.95210589,0.179893,,17.5765,16.734301
271577448,319.4183382,-74.92183901,0.36942801,,17.564199,16.6903
271577453,319.4217297,-74.91874623,0.15615401,,17.700399,17.0902
404221707,307.3424311,-75.73136427,0.57431799,,15.3668,14.4704
404222189,307.3675401,-74.78631669,0.88685602,,15.0262,14.2367
404242330,308.3052867,-75.97729433,0.69130898,,15.2108,14.3409
396215494,300.9912416,-74.68491435,0.211151,,18.1749,17.393101
404269266,308.8918461,-75.35753273,0.286295,,17.6127,16.772699
404269352,309.1267727,-75.19258312,0.13687,,17.231001,16.5518
404291034,311.2370896,-75.43036075,0.49585399,,15.8149,14.9499
404242563,308.0985359,-75.41488774,0.75165302,,15.5055,14.6281
265370900,315.8657748,-75.0167131,0.71992999,,15.2838,14.4274
404242576,308.3289202,-75.39558828,0.55959499,,16.357201,15.4529
404240595,307.9765579,-75.89209168,1.11841,,14.857,14.0043
404269573,309.0135063,-74.72925399,0.200743,,18.175699,17.371599
404269655,309.1407754,-74.59496572,0.25003499,,18.185801,17.317499
1987970165,309.8393865,-74.97149239,-0.26864299,,19.1094,18.227501
271580301,319.8322053,-75.4939957,0.212966,,18.2134,17.332199
404242949,308.4171877,-74.66481617,1.53843,,13.2281,12.4117
404242449,308.379049,-75.68149624,1.99725,,12.6573,11.9271
327787147,313.0479254,-75.37134465,0.096887,,18.249599,17.4422
396215187,300.9986363,-75.18364948,3.75335,,12.3169,11.4508
271577647,319.421932,-74.41114142,0.24899299,,17.8869,17.080601
331730663,320.7424606,-74.3393665,0.175346,,17.6388,16.805799
1987945152,318.4974546,-74.86974049,-0.30847099,,18.951799,18.1469
364115287,289.5206966,-75.06926723,1.22377,,13.0964,12.2585
364115505,289.2980476,-74.77389674,1.12264,,13.0774,12.4435
396214837,301.1709014,-75.76648203,0.167486,,18.4797,17.559601
404268960,309.1191992,-75.978192,0.25971201,,18.329599,17.461201
404290558,311.3627938,-74.49701208,0.60882097,,15.5704,14.7275
396215248,301.1599536,-75.09233667,1.8413301,,12.7916,11.9554
407885620,290.2821649,-75.18372359,2.0266299,,11.5421,10.9814
364114704,289.2772656,-75.88013122,1.68413,,11.3411,10.9163
1922152083,292.1620516,-75.22401576,0.29372799,,18.309601,17.433399
407920565,290.1190502,-75.58078263,1.43665,,12.5354,11.6332
469811891,299.9031389,-74.31807495,1.9547499,,13.4269,12.5589
1922170164,297.1301841,-74.71627597,0.208298,,18.07,17.191999
407885070,290.2672555,-74.38695044,1.5149601,,13.1381,12.3256
407885611,290.2284873,-75.1713941,2.27213,,13.1268,12.2562
404291011,311.2800784,-75.38408202,0.42399001,,16.670401,15.8305
331730763,320.6617122,-74.60793221,0.26088101,,17.9058,17.0173
331730888,320.7664039,-74.91951296,0.154717,,18.068001,17.169399
466684693,295.7578927,-74.79469794,1.34372,,12.823,12.1688
466688330,296.1540574,-74.80851597,2.22842,,11.8649,11.0583
404285136,309.6022201,-75.5162119,0.33512801,,16.683399,15.8291
404290486,311.5612746,-74.3308335,0.39614099,,16.8645,16.035299
404290777,311.4269379,-74.90816841,0.30428299,,16.9879,16.2062
466688447,295.9476122,-75.05229397,0.96239603,,13.2287,12.577
466688602,296.1475551,-75.34136686,1.3678499,,13.7188,12.8879
466688695,296.2685629,-75.53420698,1.2555701,,13.4165,12.6877
1987938920,318.7369505,-75.4669578,-0.077462599,,18.8976,18.054001
423263585,297.8526151,-74.28212075,3.80284,,11.6874,10.9288
396215657,301.2232829,-74.42710471,1.72656,,13.0269,12.2292
331730978,320.8778151,-75.16525544,0.396705,,17.4093,16.5564
331731037,320.9813898,-75.3542446,0.272021,,17.7838,16.9984
364115944,289.5359834,-74.17921726,0.946845,,14.0472,13.2587
407885432,290.2056777,-74.91443734,1.27065,,13.8392,13.0562
466687963,296.2648247,-74.19461399,0.14497299,,16.497299,15.7889
404291036,311.4819636,-75.43343362,0.21752299,,16.666599,15.9171
404240337,308.0163565,-75.38838477,0.30513501,,17.057699,16.171499
404240359,307.8007608,-75.42109939,0.27598801,,16.846001,16.000401
404242623,308.1054771,-75.3128738,0.1532,,17.0422,16.1549
398446854,297.8760802,-75.85308797,0.0412759,,17.227699,16.446301
331731045,320.7990306,-75.36712472,0.204266,,17.804001,17.053101
331731082,320.705212,-75.475902,0.313925,,17.375099,16.6301
1988028594,306.7721402,-74.25161486,0.0272329,,18.4389,17.5616
1988029281,306.7877717,-74.18236356,0.221365,,18.269199,17.414101
1988033492,307.9598592,-74.0460447,-0.0027304001,,18.638,17.796499
1987953059,309.5586886,-75.83994638,0.018225901,,18.515301,17.670601
1987953228,309.3969989,-75.78230867,0.137897,,18.3738,17.575399
1987954418,309.2845472,-75.7211372,0.13470399,,18.5443,17.7017
1987963836,309.4847322,-75.40517848,0.14120799,,18.527599,17.6418
1987965137,309.425404,-75.12991413,0.21020301,,18.5315,17.669399
1987953565,309.9907771,-75.88334533,-0.27768701,,18.846701,18.0291
404290705,311.4509432,-74.77439202,0.236847,,17.9489,17.087999
404291099,311.443463,-75.5787106,0.34244201,,17.2579,16.382299
404291201,311.289978,-75.76697218,0.201823,,17.5282,16.674801
404269387,309.0953504,-75.12601147,0.18358301,,17.6224,16.752399
262021458,323.7265204,-74.50095677,0.271074,,17.8528,16.974899
1987954838,310.036949,-75.51351387,0.24104799,,18.465799,17.566601
404242706,308.4228131,-75.15529856,0.340599,,17.1325,16.3034
407920530,290.3140738,-75.52481974,0.741714,,14.3366,13.4576
466684030,295.8296629,-75.9656888,0.47828001,,14.0795,13.386
1987964324,309.9736082,-75.16802841,0.29429799,,18.429199,17.558399
1987972619,310.0069179,-74.76242917,0.191699,,18.452999,17.6637
1987972649,309.8168071,-74.76608132,-0.023875801,,18.707701,17.885799
1987973195,309.7975953,-74.599833,0.16462199,,18.349501,17.589399
1987974133,309.9054437,-74.35239946,0.321652,,18.3512,17.4949
404284968,309.5862711,-75.15869671,0.236035,,17.5123,16.630899
396215413,301.0448845,-74.82027222,0.448906,,16.476801,15.5752
271579818,319.4490333,-74.28668459,0.26644099,,17.4522,16.6535
404269507,308.8893347,-74.86706289,0.13042299,,17.8095,16.9258
1988031903,309.90063,-74.02646297,-0.48605901,,18.6031,17.8783
1987938901,318.5706328,-75.5343459,-0.109609,,18.2777,17.4778
469812550,300.1212132,-75.76252018,0.99597597,,13.9289,13.0641
364114635,289.3092213,-75.98078617,0.92034298,,14.3413,13.5501
364115074,289.593567,-75.34327292,0.54626399,,14.664,13.8201
364115558,289.4772205,-74.6900067,0.50995398,,15.3468,14.5188
364115604,289.3089627,-74.63729343,0.60297501,,15.4758,14.6064
407885426,290.016916,-74.90525633,0.54791802,,14.3493,13.6085
1987940180,318.4907855,-75.0555939,0.094757199,,18.400101,17.6458
1987947520,318.585083,-74.31934209,0.100765,,18.515301,17.7714
2026031324,321.6421945,-75.59698172,0.18646801,,18.5849,17.7349
340790828,292.5436893,-75.96492845,0.76771998,,15.2896,14.4316
340790882,292.3757833,-75.89253069,0.58900201,,15.1856,14.3354
340791055,292.5384637,-75.63820396,1.35051,,13.8197,13.0234
340791099,292.352478,-75.57409834,1.03983,,14.0301,13.2078
340791382,292.6441186,-75.16321684,0.59164798,,14.8396,14.0329
340791733,292.4146938,-74.61322855,1.0924,,14.2797,13.459
1987890440,303.5276623,-74.89042641,0.67721301,,15.6957,14.893
1987963831,309.475336,-75.41731438,-0.107153,,18.713499,17.876101
1987954482,310.0481752,-75.62405919,-0.017741701,,18.8641,18.0611
1987895666,303.6250957,-74.51767002,0.153741,,17.7507,16.942801
404269564,309.0518398,-74.74067504,0.31273499,,17.884701,17.043501
404269568,308.9615102,-74.73549209,0.35666901,,17.900299,17.0254
404269937,308.9304361,-74.04295423,0.37967601,,17.9499,17.0968
327727227,311.5849034,-75.07292262,0.23687799,,18.367201,17.556
1987875897,305.6173203,-75.9513479,0.0509841,,18.4552,17.650101
1987875898,305.7150892,-75.94450362,-0.0185961,,18.2335,17.348
466685001,295.8099905,-74.25957139,0.62771201,,15.2673,14.3838
466685050,295.8663478,-74.17307232,0.86219901,,14.0462,13.2137
466687856,295.8860095,-74.04535982,0.74450999,,15.1623,14.2673
1988023489,305.3990896,-74.90052484,-0.0050776401,,18.1747,17.2883
1988026304,305.4114012,-74.7094546,0.25520399,,17.7444,16.966499
1988026717,305.4863621,-74.59891325,0.22892401,,17.8976,17.1145
1987966969,306.7909493,-75.12775562,0.25920999,,18.247299,17.3909
423263434,297.8314697,-74.00777904,0.96454698,,15.0644,14.1841
1988028030,306.7249011,-74.42732407,0.24349999,,18.156401,17.4037
327727742,311.6015883,-74.04193968,0.14933901,,17.9132,17.2071
311460814,317.3320557,-74.22674559,0.20195,,17.5184,16.810801
311461198,317.3553671,-75.18151916,0.16994201,,17.1262,16.2696
396247839,302.1457118,-74.39146331,1.13203,,14.7763,14.3311
404269506,308.9240438,-74.86863837,0.249222,,17.523701,16.6667
404269720,309.1143596,-74.48341256,0.10101,,18.1814,17.3339
404269870,309.1082946,-74.1633867,0.33994901,,17.8046,16.9447
271579983,319.7503524,-74.73945021,0.23167001,,17.822001,17.002701
364115114,289.4566838,-75.29639767,0.54124099,,15.4349,14.6891
364115165,289.2885104,-75.22732466,0.453563,,15.4128,14.581
364115512,289.5626806,-74.76353724,0.43780699,,15.661,14.8811
271580304,319.5084296,-75.49777522,0.22340199,,17.769199,16.8948
271580472,319.6845668,-75.96655564,0.20876101,,17.808599,17.083401
404269510,308.8779793,-74.86024384,0.089062698,,18.1108,17.245001
404269591,308.8978889,-74.7089176,0.38214999,,17.242599,16.3799
311461232,317.3659691,-75.23763368,0.172019,,17.9436,17.067499
404343985,318.9078608,-75.82738123,-0.0189192,,18.082399,17.3353
271577614,319.2709678,-74.46619946,0.31887299,,17.5758,16.783001
407884804,290.1788114,-74.02416032,0.49174401,,15.9598,15.0982
404291136,311.4884088,-75.66111352,0.42223299,,16.9464,16.1479
407884795,290.2697803,-74.0082264,0.51167601,,15.6696,14.9596
407885005,290.0088618,-74.29074427,0.64584303,,15.31,14.5108
407885083,290.221491,-74.408922,0.541659,,15.1129,14.3222
265370470,315.8597201,-75.99934259,0.36483899,,17.3381,16.4895
404242678,308.273247,-75.20192778,0.61270899,,17.095301,16.1952
404290608,311.4015878,-74.57482233,0.31203899,,17.257601,16.4062
407885152,290.1233409,-74.48970955,0.61925,,15.3685,14.4738
407885298,290.0315911,-74.70474465,0.69225198,,15.6566,14.7712
404269871,309.1200417,-74.16198613,0.28615001,,18.113701,17.2985
404269899,308.9346881,-74.11302881,0.156553,,18.108299,17.293301
340845490,293.1174181,-74.49881896,0.388578,,18.289101,17.4359
331730786,320.8073577,-74.66486879,0.37102801,,18.063999,17.1866
331730862,320.8148485,-74.83525809,0.25714901,,17.712601,16.816799
340791048,292.3590563,-75.64973963,0.29412001,,15.3988,14.7111
331730935,320.9072963,-75.05317485,0.29913101,,17.8151,16.954399
331730983,320.9565731,-75.18270782,0.31516999,,18.0532,17.2339
404291090,311.45778,-75.56376004,0.38696799,,16.9503,16.068899
340791754,292.3861476,-74.58865872,0.489151,,15.9717,15.1662
340791772,292.6612408,-74.56690175,0.52903098,,15.3275,14.4785
340791855,292.6375446,-74.46263214,0.686849,,15.4311,14.5712
1987953112,308.9274343,-75.9064504,0.111008,,18.603901,17.738701
265370801,315.8978451,-75.25420263,0.48260099,,16.891399,16.0151
404285178,309.5183916,-75.60331745,0.51497197,,16.553101,15.648
404290491,311.1908457,-74.33988038,0.184366,,17.294701,16.4471
265370568,315.8702331,-75.78465578,0.192156,,17.152,16.2806
265370589,315.5622519,-75.73108674,0.40186599,,16.905399,16.0686
265370860,315.7983532,-75.12642943,0.23979799,,16.8417,16.1231
265370862,315.5334919,-75.11783145,0.198193,,16.751499,15.9894
340791873,292.6546744,-74.43820712,0.67084098,,15.4208,14.5599
340792163,292.4265951,-74.0168555,0.94046003,,15.0941,14.2508
466684045,295.733059,-75.94217547,0.53012502,,15.6863,14.8139
466684164,295.8348327,-75.7207042,0.59155899,,13.8337,13.25
262021456,323.4462191,-74.49946164,0.180428,,17.209101,16.332399
1987953239,309.0053386,-75.81571445,0.19033401,,18.7796,17.900299
1987953248,309.1319879,-75.8157875,0.157609,,18.620701,17.8151
2026031458,321.8299743,-75.42424511,0.240648,,18.141199,17.242399
2026031498,321.8479413,-75.38800164,0.0956145,,18.523701,17.7439
2026032406,321.8923926,-75.334923,0.117017,,18.619499,17.7146
1987962197,308.746793,-75.81132183,0.13191999,,18.139,17.3431
2026034331,321.6426368,-75.19987277,0.142759,,18.5123,17.6506
2026034344,321.9399871,-75.21718813,0.232219,,18.527599,17.637199
466685000,295.8672109,-74.26166003,0.79581499,,15.2434,14.3602
466687845,296.0475564,-74.03147724,0.79999799,,15.2019,14.3309
265370945,315.8627462,-74.91099047,0.33437401,,17.268299,16.448999
466687886,296.1589434,-74.09476843,0.54935402,,15.5936,14.8339
466687970,295.9505239,-74.20557802,0.54010302,,15.4438,14.5676
466688214,296.1580238,-74.60893214,0.97299403,,15.3247,14.4536
2026037392,323.8283867,-74.98972078,-0.236625,,18.728701,17.8974
1987964329,308.7268398,-75.50015861,0.12684999,,18.492701,17.7488
1987963680,309.0223996,-75.55714013,-0.072994798,,18.945999,18.033501
466688449,296.2458222,-75.05280121,0.61077797,,15.318,14.6771
466688521,296.0945276,-75.19307715,0.62291503,,15.5723,14.7925
404290443,311.2343307,-74.25037261,-0.018921301,,18.3836,17.5282
1987963777,308.9752348,-75.4588143,0.051255099,,18.788401,17.9359
331636281,305.7524845,-74.10338236,0.35891801,,16.933599,16.1938
331637090,305.9993697,-75.76661597,0.29156199,,17.166599,16.284401
331639008,306.1198244,-75.81538248,0.145816,,17.052299,16.309799
404243168,308.3681568,-74.15848249,0.33972201,,16.841499,16.0263
331636985,306.01137,-75.53772722,0.180785,,17.086901,16.201401
466695270,296.8257928,-75.17526606,0.32857299,,16.615101,15.7348
261422132,303.9632218,-75.89383398,0.501701,,16.6481,15.8061
466688693,295.9272126,-75.53027375,0.902354,,14.7353,13.8732
466688888,295.947384,-75.89559768,0.65042198,,15.588,14.6803
331637136,305.8341886,-75.86803844,0.46169001,,17.015499,16.145599
404242788,308.3826175,-74.99755206,0.45489699,,16.865499,15.9862
2026038249,323.8132572,-74.73635274,0.070247702,,18.3946,17.569099
1987964606,308.5733234,-75.3483797,0.145697,,18.728001,17.886999
404290781,311.3595574,-74.91153527,0.103283,,17.996401,17.2679
404291030,311.3631329,-75.42439294,0.100593,,18.2756,17.432699
396289876,302.9286574,-74.07686403,0.42506099,,16.742399,15.8656
331636482,306.0711278,-74.45500616,0.21507201,,16.778601,15.9285
423263867,297.5882888,-74.83268584,0.73930597,,14.7086,13.8818
423264036,297.6908082,-75.17228916,0.78378999,,15.5143,14.6645
396214816,301.1019961,-75.79931557,1.0534199,,14.9712,14.0742
331676496,306.0966973,-74.93736838,0.37907901,,16.911301,16.0515
331676653,306.103812,-74.61232083,0.34233299,,16.7192,15.8662
404221599,307.2948638,-75.94241886,0.31400001,,17.062901,16.166599
404222084,307.4955535,-74.99512358,0.307576,,16.9041,16.0123
404242544,308.1820073,-75.45838767,0.42060101,,16.8113,15.9496
396215907,301.2863638,-74.06338436,1.13573,,14.7703,13.8526
1987964709,309.1062854,-75.2526971,0.235387,,17.7843,17.0222
404240405,307.921862,-75.54251733,0.211004,,18.196899,17.369801
1987964783,308.8693149,-75.19705957,0.044498399,,18.602699,17.833
466695454,296.7535689,-75.51641549,0.36509499,,16.3304,15.46
404242401,308.4279992,-75.78378887,0.62348402,,14.789,13.9493
396289869,302.820287,-74.09217862,0.220833,,16.501101,15.6462
466695325,296.6605796,-75.27880811,0.55258799,,16.0271,15.1382
1987886806,305.3815451,-75.18617593,-0.127822,,19.0226,18.2411
1987964797,308.8675583,-75.17718054,0.00029444299,,18.5317,17.724701
1987967285,308.6090722,-75.17389182,0.17502899,,18.009701,17.220699
404284976,309.3733248,-75.17451937,0.065047599,,18.266199,17.4107
466695415,297.0574673,-75.43988731,0.77053797,,15.4002,14.5006
1987967301,308.6544176,-75.16619253,0.23801801,,17.5896,16.762899
1987967731,308.8546832,-75.04150523,0.142456,,18.366699,17.5054
1922140949,292.1040203,-75.62462439,-0.102467,,18.5982,17.705999
1922152125,292.1872773,-75.16664479,0.25483099,,18.3699,17.502701
1922158953,295.2527009,-74.60310412,0.126872,,18.5103,17.726
407885351,290.3970381,-74.77875254,1.51209,,12.875,12.2622
1922171413,297.0934007,-74.4673437,-0.064799801,,18.479401,17.851999
1922171417,297.1735999,-74.44388983,0.137493,,18.448601,17.642401
1922171409,297.1259173,-74.47084156,0.18079001,,18.426901,17.5765
404285072,309.5415361,-75.38415224,0.057132099,,18.0982,17.248899
2026039290,323.9490964,-74.59499304,0.125337,,18.812,17.957899
2026039347,324.071911,-74.53323943,0.027695,,18.408501,17.527201
396215884,301.1795178,-74.09617551,0.62843001,,15.7978,14.9217
396215890,301.1683814,-74.08677693,1.30334,,14.5352,13.6561
396215891,301.0212399,-74.086339,0.56321502,,16.299101,15.3852
2026039399,324.0476779,-74.48010477,0.0674624,,17.503201,16.751301
1922171700,297.1645435,-74.32276786,0.0042590699,,18.181499,17.4566
1922178368,297.1723347,-74.15323718,0.192782,,18.508101,17.630501
1922178636,297.0860938,-74.05367895,-0.14571799,,18.261299,17.5709
396251389,302.8908867,-74.584129,0.820149,,15.5622,14.6606
396251669,302.5942273,-74.18114416,0.39845899,,15.4223,14.6225
1922171887,298.1263315,-74.45730263,0.088071302,,18.477699,17.619801
1922173606,298.1508239,-74.07223354,-0.113799,,18.4163,17.558201
1922173595,298.1993466,-74.08832716,0.088642098,,18.4821,17.6817
1987901195,300.8806675,-74.21230859,-0.113414,,18.5595,17.6817
331638933,306.445433,-75.93998638,0.55943102,,15.7292,14.8667
1987967661,308.942963,-75.10117572,-0.2113,,18.9853,18.176201
404243195,308.1866862,-74.0984391,0.80368698,,15.6662,14.7877
331636854,305.7527102,-75.22581252,0.85229999,,15.777,14.8942
1987967768,309.2108952,-75.03969149,-0.063481197,,18.576,17.7068
1987890045,303.30955,-75.13583889,0.210366,,18.565001,17.674999
1987895236,303.6234178,-74.74129212,0.067136496,,18.570499,17.677799
1988038218,304.0280149,-74.2095296,0.224272,,18.6327,17.7609
1988038278,304.0430152,-74.14468831,0.16122501,,18.6252,17.8095
1988040903,303.8705063,-74.11338655,0.137565,,18.307699,17.4715
1987874815,305.1070849,-75.97371412,0.21903101,,18.564501,17.6714
1987876106,305.1882007,-75.88848521,0.20058601,,18.7729,17.870199
1987876060,305.4113133,-75.92147968,0.25691101,,18.2997,17.4417
1987876850,305.0742015,-75.76171303,0.0797325,,18.429399,17.5569
1987968779,308.8027066,-74.70746402,-0.032728601,,18.8155,18.02
1987886090,305.4880532,-75.2550158,-0.094765,,18.7159,17.9748
1988023413,305.5881363,-74.97659814,0.090194702,,18.3964,17.582199
1988025969,305.4008508,-74.86726911,0.046068799,,17.8466,17.4214
1988026332,305.1275393,-74.72293447,0.145861,,18.531,17.706499
1987973431,309.1555265,-74.64013362,-0.0506313,,18.884001,18.138901
404290959,311.453563,-75.27013524,0.0223037,,18.060301,17.266899
1988022713,306.6630857,-75.08160386,-0.035516899,,18.5952,17.846201
1988023783,306.6791157,-74.80078481,0.16910499,,18.58,17.798401
1988025048,307.0011755,-74.70952324,-0.0155695,,18.6252,17.7843
1988029772,308.7054751,-74.50585961,0.140287,,18.579,17.739201
1988029764,308.7481199,-74.51333658,-0.278218,,18.9317,18.050301
396289873,302.6115098,-74.08478587,0.226693,,16.4487,15.6323
1988029872,309.1437171,-74.42431069,0.0927983,,18.7981,17.987499
1988030953,307.9722993,-74.23865803,-0.235855,,18.3312,17.7495
1988031034,308.2465009,-74.18268051,0.067192301,,18.2269,17.3965
1988031103,308.1076703,-74.10552505,-0.108879,,18.7411,17.937599
1922127847,298.0995813,-75.85838938,0.129706,,18.8111,17.8505
340899553,294.0321829,-75.0355141,0.64178401,,17.5751,16.736601
1987895691,303.8458422,-74.4717038,-0.072351404,,18.6124,17.715599
1988038215,304.079866,-74.21119285,0.021589899,,18.7547,17.869301
1988040930,303.9732351,-74.06846667,0.101895,,18.632401,17.7505
1988023467,305.4217558,-74.96479967,0.212556,,18.729799,17.853901
261458817,304.7658345,-75.59102818,0.54108697,,17.452999,16.6689
1922178394,297.1618262,-74.12445548,-0.0113015,,19.006701,18.164801
1988030116,308.6477991,-74.34657389,0.090049699,,18.4541,17.5735
1988030123,308.8297138,-74.35151592,0.021335401,,18.4744,17.6119
396251425,302.6929344,-74.52990381,0.283564,,16.025299,15.3522
1987897641,300.401692,-74.70328108,0.058793299,,18.975901,18.0793
1987895565,303.5473244,-74.53252632,-0.16260999,,19.243299,18.3601
396251645,302.8548436,-74.20278569,0.42421901,,16.4727,15.6433
261422130,303.8296728,-75.8919827,0.37629801,,16.0254,15.2891
1988025380,306.9722007,-74.54784906,-0.107625,,19.0434,18.1882
1922140901,292.0544203,-75.65527007,0.136538,,18.7232,17.8687
1922152905,292.0061728,-75.17250809,0.151869,,18.7987,17.9198
1922170526,297.3386372,-74.56899424,-0.026040001,,18.753099,17.9123
1922171703,297.2420673,-74.31318495,-0.0458715,,18.6168,17.875
331637149,305.8485262,-75.90548552,0.16011301,,17.260599,16.435499
331637181,306.0098938,-75.97175446,0.299357,,17.5758,16.6845
404242704,308.2354697,-75.15958614,0.271005,,17.139799,16.295099
404290408,311.2020588,-74.17934573,0.38707301,,17.479099,16.627199
1987895234,303.7374608,-74.73604599,-0.103215,,19.063101,18.2425
1988038143,303.8893871,-74.2123322,-0.15564699,,18.940201,18.166
331637058,305.8242127,-75.68863178,0.49359101,,16.194799,15.336
331722385,307.1582026,-74.14836795,0.49566999,,16.229099,15.3572
404290727,311.4284238,-74.81180926,0.137532,,17.4708,16.6159
404290739,311.2597736,-74.8406104,0.175788,,17.2328,16.4048
404290794,311.2646128,-74.94282839,0.000060644299,,17.390499,16.690201
404290795,311.5166793,-74.94579347,0.31493601,,17.3915,16.542101
265370548,315.6187833,-75.82127374,0.42780799,,17.4326,16.6486
1987876107,305.1826893,-75.8881795,-0.225888,,18.989901,18.148701
1987885841,305.3743233,-75.36911027,-0.037371598,,18.652,17.792299
261422080,303.7273735,-75.80163224,0.146744,,18.8613,17.9408
331637082,305.838173,-75.75072478,0.21560401,,17.799801,16.9363
331637095,305.9579029,-75.78461701,0.19746,,17.568899,16.7031
1988031172,308.9607766,-74.12201688,0.16566899,,17.6476,17.0469
1988031173,308.8091852,-74.15586408,-0.17526799,,19.24,18.3599
1988023116,306.7857283,-74.81695691,0.076059401,,18.9646,18.0984
1988031325,308.8771261,-74.05479479,-0.052134201,,18.993401,18.128099
404290780,311.4484979,-74.90958388,0.114848,,18.0539,17.1761
404291064,311.2235396,-75.48783809,0.094462402,,17.828899,17.000999
261458835,304.5982399,-75.62372751,0.433615,,18.295601,17.4175
1987975431,310.4321358,-74.14652388,-0.067076698,,18.5767,17.7633
1987975708,310.6312723,-74.06328768,-0.077741198,,18.6884,17.856199
1815705943,289.908999,-74.71845481,-0.42633,,19.794901,19.091499
265370903,315.5223849,-75.01132914,0.29284099,,17.907,17.0319
396211446,300.4814517,-75.10684125,4.8330698,,10.2902,9.5051298
404242645,308.1923284,-75.28263665,0.18421701,,17.7281,16.8249
404242677,308.2585799,-75.20460956,0.248625,,17.9729,17.183901
404242721,308.3985281,-75.12901462,-0.126911,,18.121401,17.264601
404285022,309.2912024,-75.26692249,0.31776801,,17.8594,17.0287
1815705949,289.911257,-74.71215898,0.099636003,,18.767401,18.107
1815705953,289.9947871,-74.72937104,0.095649198,,19.1367,18.430201
1987975769,310.3654739,-74.04783639,-0.38784501,,19.212799,18.347401
1987975792,310.5146841,-74.01287935,0.039599501,,18.2488,17.6024
331636472,305.7014454,-74.44040672,0.276793,,17.109501,16.2131
404285024,309.4230486,-75.27180902,0.242119,,18.136299,17.289801
404285227,309.448858,-75.7328497,0.247043,,17.9872,17.180799
404285268,309.2187942,-75.82897623,0.158778,,18.060801,17.2736
404290309,311.1603114,-74.00748267,0.10028,,18.062401,17.2404
1815706147,289.9217703,-74.63430677,0.22432099,,19.096701,18.3326
1815706155,289.9367438,-74.61031864,0.237801,,18.5564,17.782101
1815706156,289.8905056,-74.61290649,0.238465,,18.7976,18.063999
1815706157,289.8807852,-74.61306301,0.282262,,19.166401,18.357
331636369,305.9708692,-74.26931756,0.17459799,,17.6509,16.8682
1987955362,312.6300236,-75.7611123,0.172077,,18.781401,17.9224
404290666,311.569815,-74.7006805,0.14986999,,18.005501,17.1646
404290782,311.2040269,-74.91247606,0.157208,,18.2024,17.367399
265370857,315.5173836,-75.13443129,0.091009699,,18.1015,17.325001
331637183,305.8457917,-75.97284108,0.210839,,17.503599,16.700001
331722276,307.2454988,-74.35795813,0.144473,,17.694201,16.8204
1987956257,312.9217048,-75.62267127,0.105472,,18.2603,17.3741
396247143,302.1432419,-75.53786799,0.37867501,,18.6591,17.7519
1815706409,289.9283822,-74.47318003,-0.019594001,,19.3939,18.5494
404242338,308.2077128,-75.94728505,0.261044,,17.395599,16.4828
404242376,308.2468005,-75.84278579,0.282269,,17.558399,16.6803
404242478,308.1509474,-75.60357572,0.158985,,18.112499,17.2663
404242571,308.3830961,-75.4003778,0.222845,,17.9592,17.0574
1987956280,312.5567551,-75.64297773,-0.43707001,,19.115801,18.290501
1815709851,289.923062,-74.25472606,0.044310499,,18.7841,18.049801
1815709853,289.9882875,-74.23536094,0.15716501,,19.512899,18.7152
404242676,308.2915683,-75.21037188,0.26609501,,17.6276,16.760799
404284943,309.2922121,-75.1014306,0.069406897,,17.556,16.677601
404284981,309.2958739,-75.18329444,0.276335,,17.8249,16.937099
404285091,309.449267,-75.42793773,0.101626,,17.9275,17.025299
404285118,309.6073497,-75.48636938,0.43580899,,17.547701,16.655701
396214930,301.1704006,-75.61966833,0.451823,,18.024099,17.187201
1987956539,312.7809347,-75.47221351,-0.0111737,,18.512199,17.690001
1815709864,289.9623633,-74.2215573,0.22974101,,19.3666,18.489401
404290406,311.3354596,-74.17521866,0.19994,,18.0142,17.233299
404290604,311.2177547,-74.56614493,0.31398499,,17.641899,16.879
469825004,301.5611801,-75.20741213,0.336927,,18.1591,17.3776
469827374,302.4632441,-75.63390449,0.30588001,,18.1318,17.4035
1815710644,289.9578694,-74.06753237,-0.219997,,20.0443,19.2805
1815710647,289.9316419,-74.04860501,0.18732201,,20.216801,19.327
407923637,290.7869012,-74.85296091,0.51260197,,17.964701,17.0919
423264079,297.7367558,-75.2612416,0.49919701,,17.9804,17.068899
404290638,311.2841268,-74.63656065,0.46094,,17.897301,17.018499
404290708,311.5052101,-74.78021633,-0.021110101,,17.768999,16.912001
404290699,311.2012683,-74.76707902,0.11925,,17.6929,16.8216
404290818,311.39535,-74.99360904,0.43371001,,17.874201,17.003901
404291156,311.5072127,-75.69077082,0.22200599,,17.614901,16.8531
265370651,315.7766308,-75.55336342,0.351623,,17.639601,16.763
265370684,315.5813755,-75.50488462,0.27875799,,17.815701,17.006399
1922139142,291.4964909,-75.98150564,0.31721899,,19.4074,18.5634
407885008,290.3558126,-74.29777642,0.46030301,,16.2493,15.3655
340791509,292.4668599,-74.97915304,-0.087810099,,16.7999,16.4394
466684899,295.5139409,-74.42093655,0.32118499,,16.7297,15.88
466685114,295.5874037,-74.06999041,0.73960501,,16.4007,15.5424
331636266,305.7421415,-74.07325491,0.0468865,,17.5333,16.7976
396211772,300.3329109,-74.55946824,5.0902801,,10.3711,9.6685495
1987960208,312.9984355,-75.20123479,0.062626801,,18.1667,17.363701
466695398,296.7447209,-75.41344986,0.45572299,,18.153,17.2973
404290767,311.3303175,-74.88361989,0.20553,,17.156601,16.3146
469812626,300.1040456,-75.90944786,1.09612,,13.5846,12.7899
396215041,301.0554322,-75.43928817,4.2563701,,9.8322802,9.2614698
340787520,292.0703906,-74.43359561,1.2322201,,12.4382,11.6119
340788033,292.0582149,-75.19059269,1.25471,,13.681,12.801
398464394,299.7472449,-74.69792421,2.2329199,,11.4133,10.6359
1987960412,312.7411846,-75.09553585,0.043449,,18.934,18.0812
1987960443,312.6437853,-75.08928219,0.0145281,,18.6691,17.934099
1987960438,312.6488737,-75.09603384,-0.0790997,,18.9118,18.0797
331637100,305.8836512,-75.78887507,0.27584499,,17.249701,16.3939
261396690,304.0513364,-75.63131045,0.51045603,,17.8311,16.947701
404242594,308.3528266,-75.36549407,0.229747,,17.5811,16.681999
466688072,295.9208898,-74.385313,0.93845701,,15.1732,14.2777
398448010,297.9143594,-74.01592129,0.303929,,17.003,16.156
423264034,297.7293111,-75.17015087,0.41245401,,16.9119,16.0156
396215414,301.1090378,-74.81575241,0.384074,,17.089001,16.194799
1922139143,291.5553843,-75.97910027,-0.50402999,,20.196301,19.363501
1922139209,291.4355013,-75.95338722,-0.0013801201,,19.000401,18.2183
1922139210,291.4792139,-75.94732842,0.31799099,,18.677299,18.082899
340849381,293.2798719,-74.81044732,0.59882802,,16.6136,15.7
466694754,296.7262594,-74.33402322,2.25876,,12.6315,11.8538
340787444,292.3192385,-74.33863982,3.2690301,,10.5007,9.9537096
466694633,296.7881154,-74.14530229,2.2011299,,11.9848,11.1532
466694873,296.8738024,-74.50877548,1.86101,,12.3423,11.6819
1922139489,291.051122,-75.89514078,0.320366,,18.4084,17.608101
1987961340,312.9723331,-74.84590306,0.051751502,,18.3862,17.6003
1922139231,291.5343898,-75.91748067,-0.41055301,,20.001101,19.078899
1922139441,291.5512436,-75.88394433,0.30599499,,20.211599,19.3323
423264014,297.7733285,-75.11924157,0.356327,,16.744499,15.8476
364115298,289.247706,-75.05055359,0.35275799,,16.935101,16.2087
398464026,299.4877816,-75.37289942,2.77477,,12.1775,11.3925
469812542,299.9685077,-75.73544782,3.4895899,,11.3614,10.4526
265126082,293.8874429,-74.07360992,1.53615,,13.5693,12.7967
404290482,311.2619409,-74.3283879,0.27948299,,17.0142,16.153601
1922139494,291.2087496,-75.87566382,0.32909501,,18.947201,18.1668
1922139473,291.0894816,-75.92316423,-0.248007,,20.170799,19.241199
1922139476,291.2496722,-75.89732299,0.30162099,,19.2603,18.3307
1922139477,291.3107491,-75.89733663,0.36971599,,18.9981,18.1259
1987961386,312.8189747,-74.8078785,0.14790501,,18.431,17.718599
1922140367,291.1223948,-75.8061716,0.25966901,,20.4466,19.5329
1922140371,291.1561938,-75.79203514,-0.30029601,,20.441999,19.5564
466695028,296.698286,-74.7926522,1.3288701,,12.74,11.9125
398464691,299.6243907,-74.22086283,1.3777699,,13.6011,12.8232
398464693,299.5936208,-74.21623738,0.87271702,,13.5855,12.7839
404291212,311.3611747,-75.7911681,0.33756801,,17.586399,16.6738
265370746,315.52938,-75.3787795,0.48318499,,16.2201,15.3514
1922140718,291.1291629,-75.66119249,0.445849,,20.231199,19.3013
1987961591,312.5965575,-74.70750454,0.238636,,18.327801,17.518
1922151175,291.1467753,-75.56175872,-1.29808,,20.0816,19.215799
1922139255,291.8473738,-75.941119,0.38420501,,18.8307,18.022499
1922140454,291.5558132,-75.74131636,0.19491901,,19.7943,18.890301
1922139353,292.0273479,-75.86010213,0.0303993,,19.6938,18.9632
407920567,290.2895777,-75.58436534,0.39376199,,16.6117,15.787
1922139600,291.9526059,-75.80874679,0.58562303,,18.580601,17.713699
1922139671,291.8657252,-75.74529317,-0.26491401,,20.228001,19.336599
1922140083,292.0983571,-75.70022197,0.25617999,,18.244101,17.506201
404222251,307.5915092,-74.65837382,0.25301301,,18.175301,17.436001
404240622,307.9729941,-75.94755556,0.279888,,17.7043,16.8281
1922140787,291.5242717,-75.62205182,0.065893799,,19.255301,18.6406
1922140788,291.5281633,-75.61511648,0.041595802,,19.497101,18.639
1922140791,291.5949416,-75.60138649,0.220192,,19.453199,18.7083
1987961610,312.9844654,-74.71716919,-0.202485,,19.3025,18.434799
1922151248,291.417633,-75.45328322,-0.39405099,,19.7868,19.031601
340787322,292.0587676,-74.18859947,1.0304,,14.0601,13.2996
398461543,299.1488029,-75.36577158,0.31099001,,16.9592,16.058901
1922140897,292.0990064,-75.66211876,-0.28090701,,19.6954,18.815701
1922141220,292.0764159,-75.54926694,0.234809,,18.7316,18.003
1922141301,292.03769,-75.46016214,0.359014,,18.826799,18.083099
1922151617,291.9207437,-75.46555567,0.092261098,,19.870199,19.045799
404242702,308.0885515,-75.1624609,0.27729601,,17.525499,16.669001
396215026,301.2662156,-75.4658496,0.356444,,16.900299,16.018101
407885127,290.0850859,-74.4622244,0.42834601,,16.476101,15.6468
1987961692,312.8499061,-74.62092516,0.136932,,18.6735,17.8353
1987971301,312.6697992,-74.61930943,-0.110416,,18.629499,17.977699
1987988474,312.9562471,-74.55471259,0.111846,,18.316,17.623501
1922151630,291.8378181,-75.44531309,-0.179997,,20.4417,19.6537
1922151694,291.9049158,-75.3822751,-0.400868,,19.751499,18.901501
1922151706,291.8625902,-75.37669265,-0.032832101,,20.528,19.6213
396247557,301.8270162,-74.83905429,0.326287,,18.6478,17.806499
364136601,289.8659392,-75.88604031,0.64420199,,18.272499,17.3573
1987988636,313.0246554,-74.4044078,-0.16017599,,18.7838,18.0576
340790843,292.6644457,-75.93990394,0.489171,,15.6398,14.7344
466688188,295.8463757,-74.56540884,0.394279,,16.6737,15.8111
340846452,292.8831124,-75.8965648,0.37857199,,17.985901,17.245501
1987988856,312.7275575,-74.35737887,0.072648302,,18.5718,17.7946
1922153011,292.0006999,-75.08873636,0.120777,,19.053301,18.1614
1922153234,291.923445,-75.0621582,0.45006299,,18.161699,17.4557
1922152812,291.5921348,-75.21888333,0.081411198,,18.839199,18.0651
401538256,310.0835025,-75.41198711,2.2351799,,,
340848834,293.3901204,-75.76520811,,,12.7104,11.9721
1922160508,291.9619651,-74.91338748,0.28713599,,19.0268,18.162001
1922160510,292.0453779,-74.90013399,0.313079,,19.2255,18.441799
1922160578,292.0460614,-74.86080731,0.115825,,18.900999,18.1434
1987988843,313.0179434,-74.31925287,0.065965503,,18.575399,17.711
1922152847,291.8155911,-75.24010729,0.0172463,,19.6992,18.9855
404285073,309.4703388,-75.38441188,0.19138101,,18.3456,17.488701
396212150,300.4028789,-74.00087648,0.51395398,,16.2869,15.3974
466695032,296.989643,-74.79612906,0.365814,,16.5529,15.6592
469812539,300.0798073,-75.73140243,0.67307502,,16.275299,15.3522
1922160776,291.8719417,-74.8501812,0.430673,,18.846399,18.0292
1922160787,291.9511013,-74.82552067,0.104513,,19.889799,19.048901
1987988897,312.934933,-74.25981082,-0.056032799,,18.8412,18.025499
1922153074,291.6104134,-75.1467511,0.430168,,18.7584,17.9161
1922153145,291.5083048,-75.10461035,0.28537899,,18.6756,17.863701
1922153148,291.5390871,-75.10425384,0.40711299,,20.1367,19.241301
469821254,300.8051875,-75.13670134,0.53629202,,16.133101,15.1816
1922194882,291.8584896,-74.47828938,0.52263701,,18.5804,17.8563
1987989798,312.9985323,-74.10202613,0.13000099,,18.065399,17.3057
1922154214,291.686167,-74.98541587,0.25922501,,19.026899,18.2516
1922154293,291.5172705,-74.94839899,-0.0209009,,19.305401,18.774
1922154296,291.6113515,-74.93659451,0.62874198,,19.926399,19.035299
396247853,302.1789664,-74.37327396,0.31765199,,18.517799,17.6929
396246943,302.0498092,-75.84867568,0.49047899,,18.489599,17.5494
1922195249,291.8911997,-74.32915198,-0.32268199,,19.534401,18.8813
1922195255,291.962157,-74.31020184,0.75001103,,18.9429,18.063601
469821615,300.8743373,-74.4036608,0.94993401,,14.0624,13.1556
340790845,292.718328,-75.93632129,1.88331,,14.1254,13.2272
265126048,293.7282864,-74.1332315,0.67095101,,15.2682,14.4913
404191204,294.8425179,-74.63255578,1.26622,,14.0642,13.2228
340792142,292.5135406,-74.04382007,0.161248,,14.5085,13.7933
1922196158,291.8503727,-74.18187364,0.0611679,,19.8314,19.069401
1922154300,291.7666648,-74.9398135,0.134178,,19.3564,18.5847
1922154575,291.4811951,-74.87278254,0.055167299,,19.957899,19.094801
466695113,296.9762988,-74.91470401,0.56878501,,13.491,13.0022
466695358,296.8474338,-75.3491612,1.1442699,,14.083,13.2025
1987990369,313.6661273,-74.06965259,0.025220601,,17.867399,17.3482
1922155437,291.5468528,-74.7624737,-0.56819302,,20.1681,19.3528
1922155748,291.5484343,-74.69698395,0.178619,,19.311199,18.513399
1922155843,292.5521671,-75.32457877,0.132553,,19.9965,19.188499
364115846,289.348085,-74.31002009,0.32954401,,16.655001,15.7225
398447583,298.0749906,-74.67892688,0.39666301,,16.2796,15.5439
404242365,308.0973013,-75.88083584,0.43963099,,17.0735,16.2024
1922196773,291.8481225,-74.11981322,0.532978,,19.104401,18.318001
1922141678,293.6567151,-75.94640698,-0.29613999,,19.899099,18.954
1988001320,319.9980801,-74.15350149,0.179951,,18.2582,17.4235
1988001321,319.9941594,-74.13560891,0.217086,,18.0438,17.202299
1922162013,291.5726098,-74.63796211,0.33861801,,19.335199,18.6441
1922162017,291.6042525,-74.6260643,0.238474,,19.6117,18.787201
1922194745,291.5964503,-74.55479721,-0.61977899,,19.9732,19.262699
331636656,305.9986872,-74.82267504,0.158657,,17.233299,16.483801
469821708,300.7087704,-74.239789,0.81627202,,14.9113,13.9998
340787323,292.3357671,-74.19031331,0.94466001,,14.6377,13.8307
364115375,289.3752133,-74.95006632,0.64993298,,15.7798,14.9422
407885710,290.1785667,-75.3171252,0.45237201,,15.824,14.9524
1987886116,305.6073896,-75.25423513,-0.40411299,,19.3248,18.472601
261424623,304.2045159,-75.04225124,0.73220098,,18.1387,17.393801
407885738,290.2254846,-75.35054785,0.61528701,,16.0783,15.1961
340787787,292.2972634,-74.85143606,0.81010598,,14.7401,13.9442
466694637,297.0424748,-74.14865404,0.64548898,,15.3445,14.4797
466694564,296.9752518,-74.03547506,0.55190098,,15.7209,14.8218
466694876,296.9738793,-74.51381464,0.99656302,,14.602,13.7205
1987940844,316.9522282,-75.2811628,-0.070648201,,18.7083,17.9417
466695255,296.746676,-75.14629187,0.612441,,15.2502,14.3674
466695354,296.9635658,-75.33545792,0.60055602,,15.9784,15.0911
1922195080,291.6637419,-74.4226282,0.27829301,,19.9293,19.060801
340900068,293.8761944,-74.26108263,0.50451797,,18.354099,17.5704
404191444,294.8565686,-75.09951986,0.52025902,,17.948601,17.069799
396247903,302.1453587,-74.29996738,0.33874899,,18.6626,17.7917
396246910,301.8890127,-75.8970531,0.33976799,,18.0748,17.2836
396247638,302.083724,-74.70121201,0.237683,,18.6019,17.764799
404219461,303.5886035,-75.34668057,0.390156,,18.033501,17.2749
398463837,299.8062776,-75.72134504,0.87195498,,15.5248,14.5916
398463789,299.4934558,-75.81695325,0.58024198,,15.7712,14.8348
398464116,299.7326508,-75.21105824,0.52916801,,15.9652,15.055
1922142866,293.6012199,-75.66160377,0.15934201,,19.009199,18.244699
1922196423,291.4137416,-74.16847655,0.45334801,,19.3829,18.635401
1922196388,291.5888185,-74.14376907,-0.52688402,,20.099501,19.367399
261424269,304.2458205,-75.67477021,0.50150299,,18.5154,17.6458
398464333,299.6114291,-74.79912197,0.97500199,,15.0234,14.1297
398464335,299.7995567,-74.79633789,0.75485998,,14.7598,13.991
396211164,300.1963091,-75.5385925,0.386457,,16.151501,15.2072
1922196489,291.5947287,-74.08235465,0.085847303,,19.635599,18.7356
466684785,295.4959025,-74.62620304,0.59690899,,15.1607,14.3074
466687875,296.1366562,-74.06501781,0.33642599,,16.213301,15.4119
1987942755,316.968682,-74.98527659,0.0983404,,18.3536,17.575399
466688811,296.2610534,-75.7500339,0.45430899,,16.293301,15.3571
396211354,300.2777408,-75.25936029,0.62300801,,15.7869,14.881
396211477,300.3900093,-75.05329158,0.63540202,,15.3274,14.3682
1922199669,291.6438366,-74.0604447,0.12326,,19.818199,18.9685
1922199755,291.647205,-74.00349258,-0.0215443,,19.139,18.4296
1922121128,295.8618657,-75.99746387,0.50267899,,19.6178,18.680599
1922121345,295.8359952,-75.96142651,0.194657,,19.251801,18.360901
1922145988,293.7103195,-75.45009016,-0.095669404,,20.398399,19.512199
1922145990,293.7752305,-75.44480123,-0.60774201,,20.532499,19.705999
1922146278,293.9186427,-75.50826927,-0.82087398,,20.6273,19.7099
1922121414,295.7139213,-75.89469992,0.70243502,,18.9489,18.0105
1922147365,293.652443,-75.31276034,-0.244234,,20.2082,19.3955
1922147366,293.6499348,-75.30698832,-0.121355,,19.9492,19.178499
1987943306,317.2096696,-74.74423671,-0.23508801,,18.691601,17.947599
1987943314,317.0969357,-74.74621711,0.42817199,,16.4167,15.6376
340790978,292.5224739,-75.76367349,0.33261499,,16.8473,15.9461
1922122975,295.8608626,-75.86883522,-0.16852599,,19.148399,18.488899
1922147704,293.8074055,-75.12101678,-0.68900001,,19.690399,18.9219
364115303,289.3194689,-75.04508961,0.46684101,,16.198099,15.3418
407884821,290.0321263,-74.04372763,0.507285,,16.4732,15.5803
331636643,305.7386247,-74.79854233,0.28266001,,16.865801,16.0403
1987982432,316.9747233,-74.5111108,-0.033774201,,18.459101,17.741699
1922156888,293.6835978,-74.8939261,0.0240307,,20.0383,19.148199
1922157766,293.6998178,-74.79355137,-0.15359899,,19.742399,18.907801
1922157785,293.6316878,-74.78276242,0.246884,,19.0158,18.1861
1922128676,298.7717841,-75.51351351,0.25592199,,18.5177,17.6651
1922130003,298.7076849,-75.39381098,0.17126399,,19.9587,19.145599
407885473,290.1410838,-74.97366856,0.740444,,15.2705,14.3944
1922143717,295.8353999,-75.52967542,0.30018699,,18.912399,18.0114
1922143732,295.7750485,-75.51028865,0.248996,,19.5734,18.6745
1922159586,293.8060925,-74.67195558,-0.173024,,19.292101,18.4146
1922159686,293.6119709,-74.62038074,0.19073001,,19.7731,18.954399
331676651,306.4700603,-74.61774297,0.45252499,,16.796101,16.012199
404242368,308.3282432,-75.87469009,0.39638299,,16.993,16.1185
261422143,304.1209416,-75.91882471,0.363033,,17.4638,16.5436
1922144015,295.628316,-75.43703067,-0.076228,,20.3829,19.494801
1922144764,295.6972177,-75.36096521,0.56314999,,19.602501,18.6991
340790872,292.730175,-75.90431563,0.32568201,,16.274,15.3668
1922162989,293.643517,-74.46900856,-0.126424,,18.871099,18.122499
1922130202,298.636254,-75.34598449,0.26610401,,19.082701,18.2127
1922131149,298.7338428,-75.15242888,0.57125503,,19.532101,18.625299
1922131160,298.807394,-75.12921053,-0.088297002,,19.477301,18.7048
466695048,296.8736302,-74.81636267,0.21292999,,17.3482,16.480101
1987980146,313.3204218,-74.60714596,0.0544983,,18.4184,17.555
1922145178,295.5490131,-75.16415421,0.44085899,,18.9823,18.207701
1922145472,295.7166115,-75.20368408,0.379868,,19.080299,18.211901
1922145515,295.6527839,-75.18762571,0.14515901,,18.944099,18.1646
331636666,305.8316776,-74.84597953,0.28612199,,17.2085,16.3204
1922145537,295.6947161,-75.140502,-0.63368601,,20.226999,19.4275
1922148545,295.7384449,-75.05211008,0.471903,,19.546499,18.6724
1922132510,298.6104531,-74.96883253,0.11048,,19.045799,18.2521
1922132490,298.6437617,-75.01071495,0.51255,,19.396999,18.563
466688143,296.1890688,-74.47869625,0.29708999,,16.1035,15.3173
466688645,295.9506664,-75.44619134,0.42763299,,16.4084,15.5159
466688889,295.9093931,-75.89757999,0.569004,,16.007,15.0614
423264095,297.6817578,-75.30329829,0.58753902,,16.4708,15.5522
396215627,301.3381674,-74.48082397,0.24519999,,16.3246,15.4769
331637033,306.0484852,-75.65120265,0.199513,,17.244801,16.4205
331676648,306.127057,-74.62533146,0.241272,,17.1696,16.345699
340849137,293.4488478,-75.25308847,6.0299301,,8.6694899,7.9920301
401569865,310.3407176,-74.4059958,3.55164,,10.1067,9.5501099
396215131,301.123139,-75.27245938,2.49296,,11.1311,10.4344
340778067,291.6942902,-74.84741322,2.61303,,12.1035,11.3733
1987983025,317.2152962,-74.20053669,-0.73767698,,19.4494,18.634001
1987983320,316.9633063,-74.21360232,-0.28951901,,18.4389,17.7785
1922167444,298.5683108,-74.93290149,0.396633,,19.681,18.8083
1922167476,298.5731162,-74.90399824,0.32762101,,19.905399,18.9851
1922167483,298.7136336,-74.89966795,0.16827101,,19.805901,18.960899
1922167484,298.7668258,-74.89232355,-0.42838699,,19.938601,18.9881
1922167551,298.6939335,-74.8386731,-0.016960699,,19.8605,18.942801
1922148824,295.6946774,-74.98651471,0.49391201,,20.0753,19.202
1922148833,295.6959101,-74.96545863,0.150914,,18.7321,18.030199
404242414,308.349272,-75.77147533,0.33159199,,17.190701,16.330799
404242508,308.110513,-75.54785855,0.302885,,17.343901,16.4321
364114648,289.2248845,-75.95966834,0.29160401,,16.585501,15.7005
364115246,289.2880799,-75.1183278,0.29374999,,16.659201,15.778
340778197,291.8534637,-74.65021805,0.86245698,,13.3307,12.5391
340787202,292.2128634,-74.03595029,1.02121,,12.9027,12.1126
340787631,291.9705902,-74.60232567,0.90085,,13.8064,12.9364
1987983630,316.9606673,-74.09199335,0.0421874,,18.725201,17.9468
1922167575,298.582073,-74.84159417,0.18262599,,19.417299,18.535999
404243223,308.10008,-74.05543571,0.48034799,,17.423901,16.576
1922148999,295.7795494,-74.90509836,-0.31408799,,20.311399,19.5539
401538163,310.3175609,-75.62970341,2.2556901,,12.55,11.6646
401538175,310.151493,-75.60381983,1.77484,,13.5938,12.7612
401538257,310.1796741,-75.40988542,1.83079,,12.4578,11.7112
401538262,310.347767,-75.40232853,1.53889,,13.1879,12.427
1987983878,317.1252221,-74.01714033,0.211913,,18.417999,17.556601
1922167917,298.730261,-74.66534065,0.210163,,20.049601,19.1401
1922168636,298.7485294,-74.63735544,-0.57482499,,19.5149,18.642099
331636382,305.9023952,-74.2941384,0.437812,,17.033001,16.165001
331638937,306.4760837,-75.92921032,0.250698,,17.267,16.4037
331676519,306.230584,-74.90265102,0.35282499,,17.1796,16.313299
1922149767,295.7163384,-74.84769525,0.689569,,19.1418,18.3207
1922149769,295.6294784,-74.8603855,0.0781473,,18.850901,18.085899
1922197285,293.6847329,-74.0220081,-0.40612099,,20.4874,19.6206
1922141489,293.9742784,-75.97730377,0.055011202,,19.754601,18.846399
1922141490,294.0630942,-75.96511427,0.53166503,,19.637501,18.7813
1987982837,317.4182562,-74.31455947,-0.049886201,,18.0277,17.4533
1987982976,317.4128898,-74.2705558,0.200113,,18.294399,17.4275
364115515,289.3624181,-74.759811,0.309764,,17.698601,16.826599
1922176089,295.7118988,-74.51205618,0.12674201,,18.819901,17.998301
340846286,292.9702853,-75.65995151,0.902762,,13.1154,12.3779
340849069,293.1680499,-75.3756672,4.9222798,,10.6536,9.9829798
340849118,293.3469354,-75.28760871,1.79608,,11.7193,10.9405
401569931,310.3632825,-74.29769256,1.6583101,,12.4103,11.7189
327785150,312.7181367,-75.9442987,1.55375,,12.7363,11.9913
1922141891,293.8770591,-75.81003911,-0.55385798,,19.6693,18.793501
407885259,290.3881188,-74.63990173,0.33268201,,17.428801,16.596701
340791703,292.4606999,-74.66006493,2.15294,,13.1017,12.2207
401569650,310.0928202,-74.84274043,1.3559,,13.6031,12.748
340849724,293.1600901,-74.23886695,1.2355,,13.6756,12.8105
340849750,293.2159117,-74.20220441,1.13484,,13.3559,12.6443
1922143331,294.0393953,-75.50963702,0.208018,,18.9135,18.068199
1922146295,294.0031596,-75.47058159,-0.165104,,19.462601,18.586201
1922176331,295.8007461,-74.44485869,0.0669479,,19.055,18.223499
1922176333,295.7430463,-74.43688728,-0.0489562,,19.191799,18.3922
1922176334,295.8431265,-74.43660209,0.49595299,,18.739599,17.883801
466695019,296.9044242,-74.78062187,0.27658099,,16.4858,15.6207
1922168681,298.6246747,-74.59535614,-0.34333101,,20.062,19.190001
1922168702,298.6824262,-74.58610821,-0.187372,,19.433201,18.5891
1922168703,298.7138231,-74.57654917,-0.68102598,,19.784401,18.9998
396215188,301.2672127,-75.18363174,-0.087353803,,18.0322,17.122299
401569519,310.3549605,-75.10534982,1.48119,,13.3954,12.6191
401570070,310.3476089,-74.01752029,1.45987,,13.1631,12.3571
466691354,296.3592169,-74.91829275,0.46799299,,18.021099,17.1576
423263482,297.7793506,-74.09648957,4.2549701,,9.3813496,8.7168903
423263998,297.6150225,-75.0838856,7.7277098,,8.8673601,8.2608404
1922176427,295.7032481,-74.35274046,0.119103,,19.861099,19.070801
1922176435,295.9531359,-74.38947901,0.27856699,,19.6119,18.808399
331636846,306.0063117,-75.21785327,0.51804602,,16.5856,15.7298
1922168895,298.5575325,-74.52110275,-0.88650203,,20.253,19.4471
1922169353,298.7553252,-74.40105828,0.43793201,,19.8923,18.9802
364115373,289.4448422,-74.95270261,0.28373,,16.997,16.164101
407884974,290.2597176,-74.24081285,0.194251,,17.4293,16.564199
340849075,293.4374852,-75.36291528,1.56489,,13.7272,12.9162
340849415,293.4801697,-74.75737633,2.97627,,12.6147,11.7376
340849786,293.1309421,-74.14283227,1.83103,,13.507,12.6108
1922146565,294.0090646,-75.37072899,0.092576697,,19.746,18.9804
1922177200,295.5556359,-74.34149086,-0.026351901,,19.099701,18.269199
469827243,302.4733793,-75.87765863,5.67906,,9.8870602,9.1594696
469827825,302.2851455,-74.75761847,2.02019,,12.9953,12.1523
469828125,302.2674128,-74.21956571,13.9109,,7.7515802,7.0545001
370136633,46.62133067,-75.51983714,3.69929,,10.289,9.4432297
1922172610,298.5010577,-74.21695304,-0.33729401,,19.1404,18.380199
407885209,290.038433,-74.56707962,0.165253,,17.224501,16.4617
407885739,290.2691623,-75.35070718,0.34195399,,17.093901,16.215099
340790975,292.3556478,-75.77159894,0.212366,,17.4095,16.521099
1922147598,293.9902451,-75.14175811,0.43526599,,18.7495,17.8592
401569465,310.0664378,-75.22500825,1.72567,,13.5139,12.7318
401569653,310.2359376,-74.83864357,1.4001499,,13.148,12.4278
327784938,312.6615397,-75.47901905,1.56882,,12.9229,12.181
340778380,291.6752335,-74.38191141,1.2359999,,13.9917,13.1638
401538047,310.2829418,-75.86204991,1.26118,,14.0057,13.1917
396215044,301.0315869,-75.43881028,0.75321901,,15.3253,14.4644
469811860,300.1128439,-74.25570503,0.42796901,,16.8414,16.0481
466694872,297.061095,-74.50677045,0.233116,,16.927299,16.0502
398460792,299.4224148,-74.02758455,0.36039901,,17.159,16.274799
1922126193,299.3900172,-75.99570565,0.033135299,,20.205999,19.249901
340903825,294.4605491,-74.46676225,2.8740101,,10.7359,10.0735
327305648,311.1101338,-75.58699218,2.6136301,,10.5669,10.0681
423263508,297.6514934,-74.1386789,3.1617801,,11.2372,10.6063
340791665,292.4339398,-74.72057756,0.37709701,,16.5455,15.8097
396214904,300.9784867,-75.65300871,0.86146402,,14.1386,13.2388
340787633,292.2472124,-74.609283,0.79969102,,15.313,14.4304
340787671,291.9964199,-74.66943574,0.44489801,,15.6031,14.7075
340792097,292.5900506,-74.10780891,0.39732799,,16.429001,15.5455
1922122800,296.3953057,-75.92283773,0.162127,,19.621799,18.6833
327408905,310.8913903,-75.07923112,1.39809,,13.2282,12.3946
340927746,294.5732799,-75.58135621,2.06493,,11.063,10.3146
1922126632,299.4747072,-75.96679514,-0.107833,,19.715,18.7897
1922126644,299.4119722,-75.93310228,-0.70266098,,20.1425,19.372601
1922158552,294.0558227,-74.77666554,-0.209131,,20.523399,19.599501
1922159370,293.8084872,-74.72045896,0.111668,,18.9893,18.107599
396211442,300.6182462,-75.11090292,0.215611,,17.195499,16.341999
466695233,296.8746415,-75.09838867,0.046168599,,16.4293,15.6359
340927259,294.6977045,-74.79884366,2.0090599,,12.5594,11.6898
423263754,297.6916969,-74.61088701,2.6514001,,11.802,11.0206
469827320,302.4317714,-75.70738979,1.59816,,11.7806,10.9403
469827641,302.4154086,-75.11622148,5.1654401,,11.6917,10.8548
469827963,302.3711479,-74.49564257,3.1849699,,12.3169,11.4601
469821158,300.7080482,-75.35449726,0.31821999,,15.0119,14.3041
401569731,310.1539184,-74.6559647,0.288441,,16.742701,15.9077
401538241,310.3221458,-75.44991688,0.448883,,17.1388,16.243
1922127343,299.362351,-75.84815617,-0.068242401,,20.195801,19.379299
469827996,302.4982835,-74.44336633,1.44612,,13.091,12.3476
1922144110,296.5024553,-75.43838636,-0.051871199,,19.8596,18.9956
1922159435,293.9926708,-74.63605039,0.342843,,19.5707,18.7703
1922159646,293.8696854,-74.60919492,0.17745499,,19.771099,18.9384
401569639,310.3824979,-74.87800547,0.38397801,,17.061399,16.1838
401569668,310.095345,-74.80275336,-0.102087,,17.0205,16.3053
401569677,310.3203556,-74.77853026,0.38717401,,16.854,15.9818
401569871,310.3705922,-74.39267446,0.19268499,,16.8391,16.035101
327784917,312.4890888,-75.44046453,0.50593698,,16.9939,16.1092
404221637,307.4066017,-75.88647416,0.31182101,,16.725901,15.9155
340927261,294.6991757,-74.80267943,1.24362,,13.6894,12.8451
469827545,302.4278831,-75.31153259,1.32669,,13.4533,12.5543
469827698,302.1667825,-74.99252674,1.6443599,,13.6763,12.851
340849473,293.5081724,-74.6757879,0.336943,,16.3249,15.4495
340849846,293.2587585,-74.05439129,0.28740999,,16.5501,15.725
469811906,300.1082716,-74.35859102,0.60715097,,15.9713,15.0907
396210888,300.4578553,-75.93444478,0.45914701,,16.813,15.8692
340903614,294.6592962,-74.17926034,1.24376,,13.0335,12.2535
340903710,294.3926936,-74.30269403,1.36326,,12.6738,12.0523
340927397,294.6663175,-75.01226342,1.38577,,12.8505,12.1005
423264111,297.5101466,-75.33509583,0.818735,,13.5867,12.9067
396250691,302.7974442,-75.74213029,0.65277302,,13.805,12.8913
1922144130,296.4956583,-75.40476566,0.114543,,19.2344,18.367901
1922144131,296.1494934,-75.45685578,0.035855401,,19.6418,18.8034
1922129168,299.4558285,-75.40428915,0.271808,,20.127399,19.2278
1922129170,299.551395,-75.39059288,0.128161,,18.704201,17.915001
331636831,305.8659493,-75.18311642,0.28533199,,16.919399,16.067301
261458627,304.9006241,-75.21023401,1.3853101,,13.6402,12.8679
265368016,315.4205005,-74.25764639,1.07873,,13.2396,12.4606
265368653,315.438815,-75.68204755,2.10432,,12.0603,11.4069
265368779,315.5062417,-75.98159443,1.1967601,,13.1919,12.3276
396250757,302.7403335,-75.58811019,0.50318098,,17.125999,16.223
265368584,315.3022578,-75.52114907,0.290041,,16.547199,15.871
469827395,302.3953433,-75.59683491,0.238556,,15.871,15.3901
469827405,302.3868428,-75.58645084,0.42092001,,16.644199,15.7319
1987947886,319.3533872,-74.13124132,-0.63470298,,19.2029,18.400101
469827824,302.3861628,-74.75796902,0.98705602,,14.8797,14.0095
396251126,302.8749075,-74.98779835,0.48965299,,17.0259,16.116301
401569858,310.2434192,-74.41843635,0.25749999,,16.624599,15.7773
340849772,293.3483367,-74.16047696,0.65754497,,15.872,14.9829
401569713,310.2273362,-74.68325759,0.094537802,,15.825,15.0454
340778042,291.8264453,-74.8874842,0.441093,,16.273001,15.4569
469812229,299.8740224,-75.04930362,0.44259599,,17.0123,16.1334
469812417,300.0226846,-75.42881578,0.329202,,16.714001,15.7871
469812552,299.9706329,-75.76686928,0.243155,,17.194401,16.217899
265125547,293.5337866,-74.8361813,0.39136201,,18.251301,17.389999
1987877296,305.7053319,-75.64533722,-0.16042601,,18.9988,18.1654
340778622,291.9030938,-74.00229107,0.56086802,,16.576799,15.6801
340845337,292.8201475,-74.29131333,0.50358897,,16.071699,15.1678
340849614,293.1611524,-74.40730772,0.54685301,,15.2081,14.4765
340849847,293.3724566,-74.05219884,0.701657,,15.8706,15.0039
1922163112,293.9809739,-74.40990529,0.65122497,,18.915001,18.031601
404221945,307.6257125,-75.2718433,0.247269,,17.0499,16.1581
1922129285,299.6116834,-75.30725453,0.456907,,20.117599,19.1917
423263852,297.6523567,-74.78447562,0.43020001,,16.9615,16.1035
469827483,302.3407365,-75.44482416,0.38680601,,16.6633,15.821
396250871,302.6757219,-75.3890238,0.27009699,,17.039,16.1339
396250921,302.7211828,-75.29537576,0.44428,,16.508101,15.7218
396251111,302.7368056,-75.00718425,0.51560098,,17.1159,16.267599
261428201,304.5303694,-74.90165893,0.298372,,16.8787,16.002199
404266769,308.5377246,-74.87778883,0.59856403,,15.739,14.9068
265124881,293.969284,-75.93172322,0.442709,,18.4753,17.669701
1987877337,305.9346691,-75.57332223,-0.0089515802,,18.9387,18.1036
1922163332,293.8103973,-74.38698243,0.306227,,18.443199,17.6597
396214898,301.290165,-75.65985398,0.31321999,,17.244801,16.3626
396289908,302.5487442,-74.04325854,0.29354599,,16.9737,16.0945
331636609,306.07264,-74.7284307,0.297674,,17.098801,16.245399
1922163384,294.067956,-74.29921249,0.106984,,19.826799,18.9354
1922163418,294.0131138,-74.30736303,0.028245,,18.9401,18.1572
1922164188,293.7267428,-74.26035051,0.38743499,,18.6436,17.793501
468145190,304.874497,-74.80582306,0.212099,,16.8584,16.0697
401538220,310.0663648,-75.50704959,0.59012699,,15.7554,14.9038
401569429,310.0473455,-75.28445822,0.52020001,,16.238199,15.3514
1987960730,313.0928998,-74.97092347,-0.24886701,,19.039801,18.2551
1987961407,313.2474155,-74.81058674,-0.0072272602,,18.7936,18.029699
1987988827,313.0105836,-74.33248887,-0.145558,,19.025499,18.1903
340787581,292.2716072,-74.52534631,0.88651103,,14.8818,14.0563
1922145633,296.2979567,-75.05662876,-0.0305073,,19.317101,18.5399
1922166672,296.663202,-74.96038137,0.098434299,,19.310499,18.6406
1922164214,294.0246542,-74.2111823,0.31033999,,19.198601,18.3498
1922164217,293.9705858,-74.19664567,0.464003,,20.3939,19.4984
1922132341,299.4250589,-74.96243589,0.336301,,19.179001,18.49
1922132347,299.5555068,-74.94759987,0.33557099,,18.6621,17.748199
1922132391,299.513363,-74.92499948,0.070005499,,19.2096,18.3617
401569770,310.1940497,-74.57410238,0.36469999,,15.693,14.9505
401569916,310.2868303,-74.31725933,0.32171401,,16.524799,15.6438
423263447,297.6387271,-74.02465073,0.91855901,,14.213,13.3464
396211967,300.253146,-74.27011122,0.54476303,,15.7256,14.8123
469828128,302.369882,-74.2176996,0.49605501,,13.3639,12.9542
1922150308,290.3321543,-75.75741578,0.125149,,20.094101,19.2647
1922169556,296.4978441,-74.87529591,0.26574999,,19.773199,18.8888
340903559,294.4395584,-74.11384658,0.495013,,16.3277,15.4312
340927713,294.417489,-75.51336396,0.51938802,,15.3321,14.4274
1922132699,299.6208824,-74.94174144,0.127691,,18.998699,18.177601
1922132911,299.3854219,-74.83839331,0.40045601,,19.4762,18.606501
1922132919,299.5508165,-74.80234256,-0.120176,,20.493,19.5735
401570015,310.1191328,-74.14263162,0.38521999,,16.379601,15.5246
327784742,312.6736886,-75.11072613,0.48746499,,16.2369,15.3822
340778433,291.5790051,-74.29249778,0.35296401,,16.718399,15.8304
1922164933,294.1453015,-74.0782287,-0.00373044,,19.783199,18.9494
1922165001,293.8804205,-74.03038712,0.228725,,20.4513,19.5914
1922169595,296.4509555,-74.86835749,0.32562801,,18.906799,18.025101
1922169616,296.3947248,-74.83434571,0.48063001,,19.5529,18.791201
1922169625,296.5619052,-74.81716242,-0.115419,,19.888399,19.199301
1922150326,290.5731265,-75.74293166,0.362333,,19.011999,18.1126
1922150715,290.331727,-75.53858861,0.0361454,,19.8106,18.9863
1922169864,296.437397,-74.77216079,0.30728301,,19.919901,19.1285
1922168040,299.3382419,-74.67072609,0.161164,,19.549999,18.6873
396211322,300.3833068,-75.31375848,0.36275101,,16.574301,15.6386
396215219,301.2256147,-75.13694256,0.40324199,,16.408001,15.4914
396215220,301.118297,-75.13661942,0.72947401,,15.3088,14.3713
396251017,302.6480465,-75.15933164,0.29499999,,15.5445,14.9221
261428034,304.7519881,-74.57087775,1.26683,,14.7179,13.8299
398460944,299.1666239,-74.31411402,0.75525999,,14.6884,13.8212
1922197674,293.9219468,-74.00681368,0.28983101,,19.9575,19.200899
1987892380,300.6165017,-75.05290324,-0.688393,,20.261499,19.514601
1987897910,300.2888739,-74.57431207,-0.00155745,,19.873699,19.038401
1987900719,300.4749771,-74.31222888,0.473685,,18.6982,17.895901
1987900722,300.300944,-74.34066477,0.46767399,,19.275801,18.372299
1922150726,290.4418812,-75.51865008,0.0112205,,19.1173,18.2847
1922150813,290.4026086,-75.47375572,0.24946301,,18.6961,17.8402
1922170816,296.5348727,-74.65109744,0.0346094,,20.2409,19.4326
1922170872,296.3707601,-74.63397888,0.27982301,,19.0506,18.4065
261428067,304.8057891,-74.63426003,0.51863599,,16.3022,15.5111
261428182,304.5819702,-74.86992881,0.63750899,,15.8936,15.0205
261428219,304.5199827,-74.94709891,0.48636499,,16.0557,15.1928
469812274,300.0836359,-75.12219737,0.51332802,,16.5371,15.5848
1987877676,305.9081768,-75.39936082,0.22085001,,18.301701,17.535
1987956384,312.9018512,-75.54559593,0.043343201,,18.468901,17.6441
1987881708,300.5998795,-75.86112042,0.15578599,,20.1479,19.242701
1987882602,300.6614233,-75.70212183,0.36817899,,18.5861,17.663099
1987882603,300.7491797,-75.69631701,0.21934,,18.7973,17.9069
1922171164,296.6103256,-74.51496523,0.23550101,,19.9119,19.1141
340848847,293.1316322,-75.73551099,0.71145701,,14.7675,13.8451
340848911,293.3272025,-75.61455568,0.925336,,14.1476,13.3402
340787239,292.0057347,-74.08657383,0.57446098,,14.6127,13.9056
1922169143,299.5142124,-74.44665535,0.230589,,19.8957,18.990299
1922169172,299.4388935,-74.41352725,-1.47779,,20.1082,19.298201
1922169183,299.217225,-74.46007798,-0.050979301,,19.8929,19.009399
1987960204,313.1081977,-75.18626544,0.23248699,,18.565701,17.688601
1987960286,312.9828934,-75.10134713,0.0415975,,18.653601,17.8479
1987960482,312.7468427,-74.999299,0.27215299,,18.5788,17.7185
1987961622,313.0639242,-74.68736189,0.056568202,,18.505899,17.721201
1987980185,313.0312581,-74.60318187,0.028948501,,18.548901,17.6756
327305726,310.814561,-75.42633114,0.52593702,,16.019501,15.1446
1987896993,300.6849384,-74.7302282,0.62346298,,19.6744,18.7698
1922153438,290.3112507,-75.29987334,0.34033599,,19.6294,18.823601
1922153443,290.3429886,-75.29377594,0.34341899,,19.887699,18.9928
1922174250,299.332155,-74.23040858,0.048319299,,19.165501,18.2796
469811969,300.0682318,-74.45859613,0.39623001,,16.374701,15.4946
469820928,300.6070042,-75.78445984,0.39301401,,15.9288,15.0741
469827223,302.1509411,-75.92331208,0.440548,,16.2078,15.4438
469827760,302.1528641,-74.88308895,0.32790801,,16.446301,15.5505
261428087,304.8349855,-74.6812807,0.35879999,,16.8375,15.9622
468145105,304.9311471,-74.95083482,0.357627,,16.691,15.8371
1987989821,313.2312318,-74.08151976,0.18105599,,18.4368,17.5711
1987982836,317.4500607,-74.31648775,0.1211,,18.648399,17.8619
1987937027,319.3300751,-75.42622572,0.084403001,,18.473499,17.6306
1987900876,300.7714413,-74.32387213,0.27953899,,19.853399,19.0814
1922153550,290.4170557,-75.20579232,0.154018,,19.013599,18.3321
1922177781,296.4148359,-74.14585923,0.32673699,,19.649599,18.858999
1922153863,290.3073096,-75.11598935,0.441632,,18.3116,17.4249
1922153963,290.6074975,-75.07231083,-0.89761603,,19.928499,19.0942
1922174231,299.4545739,-74.26067723,-0.59865099,,19.879601,18.9618
1922174234,299.4117332,-74.24027886,0.46116099,,19.4797,18.657801
1987943803,319.4118185,-75.01434116,0.048316699,,18.216299,17.4792
1987946894,319.4596075,-74.38923284,-0.0604968,,18.5439,17.6656
2026030231,321.7345072,-75.88885665,0.080900297,,18.4154,17.5373
1987877477,305.6458202,-75.56718884,0.036821298,,18.743401,17.9587
340791604,292.5215968,-74.84085233,0.63709497,,15.2277,14.3909
1987881791,301.2111496,-75.81189326,0.454061,,19.038099,18.217501
1922177789,296.3463733,-74.15259342,-0.50367999,,19.9251,19.0502
1922177878,296.5847582,-74.09995354,0.229615,,19.254499,18.5676
1922177880,296.6410612,-74.09963027,0.25371799,,19.239201,18.3361
468145225,305.1719345,-74.75763789,0.39938301,,16.585899,15.722
396250938,302.8955081,-75.27529094,1.34514,,14.2313,13.3561
261458642,304.6438636,-75.24122835,0.77119702,,14.2274,13.3749
340903489,294.4807361,-74.0355682,1.18909,,14.4446,13.6154
340903561,294.5880642,-74.1162695,0.72524899,,14.8437,13.9422
1922154811,290.4149697,-75.01185524,-0.096237198,,19.8319,18.9394
1922155061,290.2658279,-74.92558804,0.20141201,,20.1595,19.2908
1922174400,299.3593114,-74.21721211,-0.384166,,20.1346,19.232901
1922174502,299.487018,-74.10493325,-0.0342579,,20.4575,19.5534
1987955645,313.0005081,-75.70415728,0.19954,,18.5728,17.7297
1987955735,313.3046541,-75.64585081,-0.054160401,,18.5532,17.7826
1987955737,313.2565971,-75.63787797,-0.0110496,,18.517401,17.7068
1987882564,300.9785107,-75.71379215,0.29266,,18.6064,17.7295
340849804,293.1823797,-74.12050512,1.0251499,,14.0786,13.1873
396215356,301.0866916,-74.9117705,0.84371197,,14.8582,13.9491
1922177961,296.3960191,-74.05719098,-0.097540803,,19.1752,18.351999
1922174798,299.4851831,-74.00242796,0.36577001,,20.0123,19.1045
1987960487,313.366914,-75.14379925,-0.0122127,,18.7495,17.920401
1987897876,300.0867498,-74.64280666,0.42925599,,19.302999,18.389299
1922191906,290.4278447,-74.75394837,-0.352332,,19.802,19.172899
1922191916,290.4822492,-74.73664094,0.142746,,19.190399,18.3503
469812181,300.0811634,-74.95935278,0.39714399,,16.4298,15.512
1987893825,301.1356979,-75.08918159,-0.033245001,,20.316999,19.4361
1987898185,301.1601297,-74.50939445,-0.0205967,,18.814199,18.039101
398463930,299.5877516,-75.56005372,0.28172901,,17.8454,16.9305
396214901,301.1150432,-75.65454151,0.336564,,18.3328,17.4174
401569583,310.3735642,-74.98592431,0.55424201,,15.1842,14.324
401569613,310.3550316,-74.92951122,0.492506,,14.9428,14.0737
401569861,310.3419317,-74.41584359,1.0062,,14.7595,13.9237
407885046,290.1486755,-74.35688119,0.49623001,,17.258801,16.3818
1922192544,290.4439599,-74.58635131,-0.38802099,,20.3309,19.4858
1922192547,290.4877864,-74.59401196,0.017505201,,19.6982,18.948999
1922192528,290.5332075,-74.62109013,-0.86528403,,20.4823,19.641001
423263559,297.6330119,-74.22775854,0.80392897,,15.2269,14.3546
423263605,297.7051838,-74.3230821,0.72374398,,14.7685,13.9265
396215947,301.2301239,-74.00931992,0.0146017,,14.8264,14.1335
1987901293,301.046873,-74.10959897,0.110396,,20.150999,19.3032
1987882919,301.0440294,-75.64543437,-0.57346201,,20.1021,19.274599
1987982571,317.4113258,-74.34564308,-0.115355,,18.8025,18.0229
1987983000,317.4033879,-74.23756914,-0.032421999,,18.724501,17.866501
1987893941,301.7691897,-74.98663457,0.34178799,,19.4258,18.5322
327785050,312.4885896,-75.74834281,0.77038598,,15.3061,14.4917
340791297,292.4338688,-75.29967685,0.93531901,,14.7364,13.9929
265126140,293.6241114,-74.00345727,0.28231099,,17.293501,16.5469
398461799,299.3479015,-75.88192442,0.18716601,,18.3256,17.3585
1922123178,297.2514744,-75.79865877,-0.17062999,,19.934601,18.991199
1987883233,301.1027726,-75.46081067,0.166034,,18.707399,18.0082
1987883236,301.0622165,-75.4633668,-0.33694899,,20.0329,19.244301
1987880515,302.3312753,-75.98666362,-0.123761,,19.9167,19.054701
396250611,302.751051,-75.86352102,0.90104699,,15.0891,14.1896
396250934,302.5943891,-75.27928659,0.71677703,,15.2644,14.4613
261428009,304.5235396,-74.53296975,0.67306203,,15.2811,14.41
1987894244,301.9330029,-74.93277016,0.32826999,,19.7106,18.8906
1987894266,302.1184292,-74.89074269,-0.033045799,,19.390301,18.5093
1987944166,319.2317667,-74.98736131,0.171204,,18.6465,17.8304
1987944981,319.575946,-74.54405837,-0.099496499,,18.794701,18.056101
340849172,293.1821257,-75.19440764,0.734936,,15.1724,14.3233
331722352,307.1200803,-74.21701753,0.121884,,17.0994,16.282301
1922193330,290.4978901,-74.45212693,0.235843,,18.750099,18.0364
1922123258,297.085743,-75.72986213,-0.20567399,,20.4904,19.5718
1922123552,297.1591408,-75.69491025,-0.23551901,,20.224701,19.322701
1987894272,302.0653409,-74.88112922,0.407938,,19.0916,18.181601
1987880605,302.3967782,-75.90773167,-0.017989101,,20.0037,19.1019
340849631,293.4800156,-74.390883,0.71337497,,15.3834,14.4751
469821138,300.8078872,-75.39698652,0.58980501,,15.5656,14.6638
1922193641,290.3381298,-74.35552157,0.161062,,18.877399,18.1367
404242379,308.1656872,-75.83103003,0.47435901,,17.1381,16.295
469812377,299.950638,-75.34363411,0.61715901,,15.5802,14.6863
469821654,300.6758275,-74.34336728,0.28686401,,14.6161,13.9237
469821504,300.837472,-74.61456591,0.93749702,,14.432,13.6332
1987886410,303.939391,-75.39364893,0.049348701,,19.9979,19.2381
1987886453,304.1878776,-75.33184662,-1.03493,,20.528601,19.696699
1987880673,302.4441049,-75.86745697,0.253351,,19.8634,19.0418
1987880692,302.4907199,-75.84168813,0.03458,,19.576599,18.789499
469811968,300.138825,-74.45544909,0.14698,,18.099899,17.3407
469811970,300.1836354,-74.45860391,0.216869,,17.0259,16.117201
469821212,300.7469412,-75.22381761,0.0755748,,15.9126,15.0807
469821535,300.9389127,-74.5384481,0.56416202,,15.5219,14.6267
340778358,291.6620526,-74.42763181,0.771164,,15.7445,14.891
469827494,302.2512395,-75.41785796,0.79870403,,15.0939,14.2139
469827599,302.4860703,-75.17662778,0.704207,,15.2885,14.4042
1922124497,297.0761913,-75.47565802,0.27049601,,20.0212,19.151501
1922124499,297.0044854,-75.47399792,0.140902,,19.447399,18.629601
1922193757,290.4094933,-74.25109124,0.13673,,19.594601,18.811399
1922194097,290.2793212,-74.15030077,0.107754,,19.450001,18.593
469827647,302.4645979,-75.09730451,1.1825,,14.799,13.9441
469827623,302.2405136,-75.13891808,1.1518199,,14.305,13.5475
469820868,300.9540809,-75.89596691,0.35236901,,17.4904,16.6471
1987880850,302.0964881,-75.85301526,0.33745199,,18.7733,17.859501
1987880870,302.3168233,-75.80060249,0.148577,,19.1621,18.2721
340787701,292.1497416,-74.71664287,0.481877,,15.5763,14.8131
340791439,292.5023375,-75.06891804,0.27247101,,15.9103,15.0665
340791946,292.393431,-74.34386472,0.70616502,,15.2597,14.4153
364115078,289.3046278,-75.33886149,0.16482399,,17.4464,16.561399
331636888,305.9934965,-75.31001488,0.28458101,,18.1383,17.3048
331681935,307.2882422,-75.88184721,0.14928401,,18.7437,17.8475
340903814,294.5429375,-74.45054347,0.54023498,,15.479,14.5702
1922130777,297.3351704,-75.32414508,-0.36464101,,20.2992,19.440201
1922165240,296.9446169,-75.27198426,0.38554201,,18.8654,18.025
1987887144,302.4331707,-75.66647041,0.36460301,,18.1605,17.3375
1987886606,304.1933008,-75.24212821,0.083502203,,19.878201,19.092899
1987889211,304.0738447,-75.23270662,-0.18969201,,19.604799,18.917101
1987889280,304.0167957,-75.16405524,-0.373467,,19.834,18.981899
340845475,292.9795302,-74.47929037,0.44847399,,15.9177,15.1512
340849016,293.23805,-75.46813117,0.53777099,,15.9024,15.0317
340849437,293.4551976,-74.73065743,0.64204502,,15.9957,15.0983
1922194191,290.4799366,-74.13118359,0.13334,,20.460899,19.572001
1922194148,290.7036335,-74.1620263,0.249148,,19.052401,18.214199
396215739,301.2091707,-74.29220737,0.997679,,15.2113,14.3606
469827598,302.1654371,-75.18304287,0.330971,,15.927,15.0247
469827736,302.2353391,-74.92558844,0.77243602,,15.609,14.6765
1922165316,297.1665626,-75.18288161,0.498427,,19.4618,18.671301
1987887180,302.4580974,-75.62421396,-0.398092,,20.232401,19.4296
1987887381,302.1003685,-75.58217484,0.22946499,,19.1987,18.443899
1987887243,302.3880511,-75.55654215,0.113643,,20.3347,19.4506
1987887254,302.7296133,-75.59642932,0.053961001,,19.7554,18.964701
469828223,302.1841986,-74.0416397,0.80683303,,15.1253,14.4117
1922194195,290.4025982,-74.14214122,0.351239,,18.796499,18.0133
1922194351,290.3374403,-74.11456403,-0.186491,,19.2309,18.466
1922194352,290.3304211,-74.11268293,0.041420601,,19.4876,18.7222
340849579,293.4444982,-74.47666941,0.86495399,,15.5626,14.6584
340849864,293.1633511,-74.0279325,0.56628501,,15.813,14.9191
1922194391,290.4916291,-74.07174646,0.117756,,19.3365,18.476101
1922194424,290.4972685,-74.03600132,0.44558799,,19.9851,19.1453
1922194430,290.5866173,-74.03740591,0.394898,,18.1029,17.320801
1987889233,304.1855163,-75.17259121,0.11221,,20.1178,19.2276
331636968,306.0196439,-75.49595988,0.00226873,,18.4769,17.606001
1922165497,297.0999146,-75.17967834,0.32278499,,18.9217,18.034
1922165499,297.0425843,-75.17596971,0.036207799,,20.4212,19.537399
469812248,300.1289883,-75.07934403,0.45552501,,16.1577,15.2393
469821736,300.7715385,-74.18721105,0.331406,,16.9312,16.136101
1987887440,302.3116374,-75.50143751,0.14792299,,19.1178,18.355301
1987887415,302.318507,-75.53790548,0.16571601,,19.131399,18.2302
1987892111,301.00302,-75.15525316,0.101538,,19.4118,18.5839
1987893870,301.1185886,-75.05457244,-0.31739801,,20.230499,19.309999
1987896849,301.2228071,-74.75847633,0.55317301,,18.8176,18.0212
1987897403,301.2256597,-74.59568633,0.179663,,19.834499,19.0509
469812269,300.0366657,-75.11130499,0.32383999,,17.365101,16.4135
469812624,299.9333168,-75.90858173,-0.0240939,,17.646999,16.7262
469811910,299.9783714,-74.36203307,0.160092,,18.0494,17.1462
1922138547,290.5101237,-75.97415603,0.163938,,19.200001,18.3335
1922138566,290.4544914,-75.95418831,0.43863899,,19.3141,18.391701
1922138570,290.4779869,-75.95662402,-0.363754,,20.517401,19.599701
469812381,300.1729604,-75.35114021,0.410685,,16.050501,15.1768
469827505,302.1877351,-75.3934005,0.563775,,15.9243,15.0353
340899548,294.2905484,-75.04249463,1.2757601,,14.3833,13.4982
331682133,306.8392121,-75.42981525,-0.049005199,,17.8475,17.055599
1987898197,301.1574569,-74.46940052,0.117651,,19.8293,19.021099
1987887574,302.3491882,-75.44287627,0.381412,,18.804399,17.997
1987887593,302.5382333,-75.41184351,-0.13594,,20.1175,19.3729
1987889490,303.7600024,-75.08231706,0.26759499,,19.864799,18.979
1922138642,290.4803944,-75.91175023,0.342179,,19.3951,18.4786
1922138644,290.4469906,-75.90137733,0.28049499,,18.9744,18.048201
1922138646,290.6082682,-75.97053294,0.43447101,,18.798901,17.937
1922138671,290.591486,-75.93614325,-0.46925399,,20.220301,19.340599
1922138987,290.897316,-75.79680648,0.161026,,20.1194,19.190901
1922139044,290.6600765,-75.78035373,0.40745601,,19.9615,19.0744
404242806,308.3371843,-74.95511719,0.25789401,,18.259899,17.471001
404243132,308.3457192,-74.22907466,0.206568,,18.038099,17.213499
1987888222,302.2685827,-75.41825792,-1.15947,,20.6332,19.801399
1987888227,302.2676086,-75.41346413,0.162687,,19.1448,18.251801
1987880504,302.0495869,-75.99443224,0.289289,,19.436899,18.620399
1987880711,301.8041319,-75.96098761,0.095821097,,19.0938,18.318899
1987889869,304.1361957,-74.98135107,0.0195411,,19.365299,18.5126
1987889889,304.2765582,-74.96228183,0.33869699,,18.747601,18.0357
401538201,310.2538899,-75.5509722,0.65231001,,15.616,14.7133
401569809,310.1524529,-74.50804904,0.67699498,,16.258499,15.417
469821739,300.8475902,-74.18526335,0.205718,,17.920601,17.0667
1922150427,290.5461682,-75.67203841,0.58250201,,18.902399,18.0548
1987880767,302.0605686,-75.86358016,0.479128,,19.5723,18.6369
401569978,310.3973388,-74.21745951,0.63973701,,16.1189,15.2618
401570078,310.4105141,-74.00793018,0.61800897,,16.2736,15.401
327784745,312.5754009,-75.11699747,0.98804402,,14.7206,13.8557
364115018,289.5126535,-75.41906871,0.30174199,,17.233801,16.335899
396250638,302.5810511,-75.82253444,0.93546599,,15.3789,14.4858
1987888330,302.3177478,-75.30110378,-0.833332,,20.348101,19.570801
1987888351,302.3880154,-75.27253785,-0.218583,,19.766001,18.9849
1987888353,302.413622,-75.25127856,-0.00988934,,18.9673,18.263201
1987890540,304.0174531,-74.91478296,0.479554,,19.196501,18.347
1987890530,304.1588453,-74.9350886,0.19246,,19.2812,18.395201
1987890532,304.1101294,-74.9275189,-0.087681398,,19.121599,18.341801
1987880805,301.8827911,-75.86888865,0.44780999,,18.8542,18.075701
1987880818,301.7870482,-75.86217109,-0.0595203,,19.9074,19.127001
404221767,307.2167579,-75.60525543,0.078773901,,18.521299,17.673901
1987888539,302.2545509,-75.2363548,0.55108398,,18.679899,17.808599
1987888602,302.2077802,-75.19150803,-0.069772497,,18.8951,18.181499
364115076,289.5685274,-75.34166574,0.18548401,,17.779499,16.9123
364115283,289.2481052,-75.07396805,0.17051201,,18.052601,17.252199
1987890598,303.9016483,-74.87181576,0.51860899,,18.599001,17.760201
1987890608,304.1349038,-74.86420626,-0.0415943,,19.914301,19.065201
364115536,289.553382,-74.72943281,0.31439,,17.9058,17.0506
364115572,289.5829684,-74.68080183,0.24799401,,17.5301,16.6672
364115665,289.3337998,-74.56715797,0.3369,,17.882099,16.985701
396250941,302.8424334,-75.27115965,0.46570101,,15.8596,14.9815
261458572,304.795288,-75.10208615,1.24696,,14.7982,13.9513
1922150431,290.6795969,-75.6538194,-0.45186001,,20.1052,19.243999
1922152146,290.555368,-75.46774654,-0.114347,,19.0812,18.364
469821076,300.7764219,-75.50197939,0.78829002,,14.5286,13.7313
340778182,291.9495841,-74.66493182,0.91875798,,14.9035,14.0068
340791301,292.4872385,-75.29108283,0.94291699,,14.2481,13.3595
340791302,292.425183,-75.29039367,1.00653,,14.1058,13.3506
1987888922,302.4716757,-75.14554294,0.467224,,18.928301,18.085899
1987890636,304.3678165,-74.87036233,0.60996503,,19.8106,18.939501
364116038,289.4999778,-74.06152947,0.20125,,18.249001,17.464899
407885125,290.2718563,-74.45717158,0.18748599,,17.989,17.1269
1922151358,290.7554808,-75.51963852,-0.017764401,,19.4755,18.580299
340848849,293.3995028,-75.73386758,0.78943801,,13.8866,13.1814
340848897,293.237528,-75.63742967,0.63854599,,15.4587,14.6319
340849116,293.2004215,-75.28850585,0.94208997,,14.2346,13.3637
1987881923,301.8878222,-75.8061263,0.0885631,,20.1429,19.298901
340849592,293.3034516,-74.45682261,0.91697699,,14.0241,13.1768
340849848,293.2255717,-74.05107472,0.92527002,,14.0955,13.3575
340849350,293.4494378,-74.86857084,0.81366497,,15.0422,14.1935
396214900,301.2847438,-75.65656754,0.41379499,,18.0203,17.118099
1987881995,301.747965,-75.74595387,-0.247969,,19.559401,18.8561
1987890786,303.7837584,-74.80728668,0.120792,,19.0695,18.2859
1987890865,304.0934785,-74.75002822,-0.0495314,,19.2829,18.4016
1987890882,304.4060979,-74.7130991,0.35393801,,19.1098,18.258699
407885472,290.052139,-74.97140519,0.326536,,17.5457,16.664801
396211006,300.6243243,-75.75122441,0.048644599,,18.5175,17.5835
396211533,300.4683682,-74.97165113,0.253593,,17.2691,16.322201
469827216,302.2104644,-75.95763481,1.17461,,14.4535,13.5137
469827249,302.4344463,-75.86589361,1.33109,,14.3341,13.4563
396214854,301.2871388,-75.74979178,0.70064402,,14.975,14.1484
1987893380,302.2816647,-75.06601371,0.216222,,19.056601,18.172899
1987893421,302.227649,-75.01927836,0.306532,,19.0667,18.2092
1987893432,302.6286062,-75.03547477,-0.138679,,20.247499,19.335199
1987890920,304.1216062,-74.69280897,-0.169772,,19.7442,19.011999
407920488,290.2882513,-75.44600127,0.36852801,,17.3752,16.492599
407920545,290.1531437,-75.54604938,0.40389299,,17.5135,16.677
1922153547,290.3784148,-75.21221254,-0.30586299,,20.1008,19.235201
1922153542,290.5510751,-75.2061572,-0.053077199,,19.9062,19.120001
1922153546,290.555295,-75.20314016,0.35957399,,18.456301,17.6549
1922200703,290.8064893,-74.01976313,-0.184683,,19.968399,19.110901
340791187,292.610552,-75.43391047,0.29226401,,18.2279,17.336901
466684227,295.827444,-75.6234179,0.26559001,,17.483299,16.6737
469827276,302.1621122,-75.80674949,0.40953201,,15.0862,14.6221
469827499,302.3886091,-75.41443663,1.17769,,14.2332,13.3863
469827547,302.286936,-75.30449457,0.78513098,,15.4308,14.5508
401538195,310.0588377,-75.56052937,1.42339,,14.6694,13.7741
401538215,310.2737288,-75.52280708,1.17562,,14.4278,13.5982
401569438,310.3472735,-75.26953138,0.804313,,14.9876,14.1202
1987893504,302.5670945,-74.97393659,-0.033175599,,18.969801,18.179701
1987893581,302.2549601,-74.99137616,-0.0019476101,,19.503599,18.6306
331636757,306.0987757,-75.03536814,0.27845401,,18.313,17.4802
1987890940,304.2612885,-74.65351207,-0.068674102,,19.449699,18.6562
1987895366,304.0152956,-74.61688573,0.342233,,18.791901,17.9639
469827259,302.3924407,-75.84695772,1.37243,,14.1402,13.2637
1987893670,302.4010222,-74.93217291,0.46487999,,19.081499,18.1677
1987893739,302.3284453,-74.90562531,0.22279599,,18.671,17.821899
469827687,302.2401282,-75.02153161,1.41747,,13.8986,12.978
340903611,294.6705935,-74.17118941,1.3528301,,14.389,13.4905
466695029,296.9655415,-74.79309003,0.41146201,,17.310499,16.459801
1987882024,302.0678064,-75.74479885,-0.407691,,20.2138,19.268101
401569447,310.2925005,-75.2526544,0.66399401,,14.5178,13.6429
401569464,310.3126929,-75.22582435,0.58143401,,14.9475,14.0761
401569578,310.1285825,-75.01146679,1.49204,,14.1736,13.3171
401569640,310.0657315,-74.87785728,0.73540598,,15.2629,14.4337
466684914,295.8289071,-74.39105992,-0.037879098,,17.8787,17.0021
1922162079,291.5827417,-74.5727693,0.16038799,,18.651199,17.8979
340927593,294.5993944,-75.33100847,1.38614,,13.9016,13.0808
340927869,294.5065144,-75.78638669,0.66946602,,15.2817,14.3373
1987894381,302.2649539,-74.81175499,-0.28127801,,19.839399,18.955
1987894385,302.3498212,-74.82614875,0.218527,,18.911301,18.115601
1987894387,302.4130768,-74.8123169,0.371746,,18.9508,18.067499
1987882277,301.8601455,-75.66634779,0.41466901,,18.9417,18.0298
1987895404,303.8127939,-74.60785321,0.199358,,19.5245,18.695
1987895417,303.9005577,-74.57776127,-0.205881,,19.580799,18.7973
401569775,310.2074668,-74.5665928,0.441948,,16.0222,15.1686
401569898,310.3866111,-74.33990759,1.0706199,,14.4104,13.5915
1922194779,291.6559699,-74.52352815,0.428451,,18.823601,17.991899
1922194863,291.5210785,-74.47355036,0.23267999,,19.5119,18.768101
423263613,297.6913257,-74.33679752,0.69231403,,14.9601,14.1468
423264184,297.4955914,-75.49783886,0.88983703,,13.8261,13.0002
423264232,297.7460475,-75.5945211,1.11062,,13.8951,13.0237
423264385,297.6956852,-75.95430412,1.13644,,13.9558,13.0134
1987894413,302.4704072,-74.76764775,0.36473301,,18.777201,17.864
1987894414,302.4669248,-74.7637439,-0.228202,,19.851299,19.056
1987894472,302.1985011,-74.73333477,-0.30094501,,20.008301,19.124001
1987894467,302.3214327,-74.74907831,-0.125376,,18.973801,18.325399
1987895626,304.043216,-74.49340349,-0.177219,,19.426399,18.7528
466688885,296.0569943,-75.88989103,0.094433002,,17.841299,16.8979
1922194856,291.7133299,-74.45516509,0.259011,,19.820801,18.999201
396214882,300.9832202,-75.70109205,1.1957,,13.8825,12.9944
396250639,302.633135,-75.82106426,0.82415497,,14.4214,13.5165
396250677,302.8936206,-75.76265993,0.79073101,,14.3533,13.4235
396250693,302.7003869,-75.73540518,1.1827101,,14.8277,13.923
1987882368,301.7656325,-75.58152364,0.089653499,,19.4974,18.6306
1987882371,301.8389323,-75.56422104,0.33428201,,18.685301,17.879999
1988037191,304.3326364,-74.42291603,0.25101301,,19.393,18.528099
1987894482,302.3265418,-74.70977328,0.280467,,18.741699,17.8971
1987894483,302.3252106,-74.69839113,-0.130125,,19.764099,18.8729
1987894644,302.1060342,-74.71124923,0.44836801,,18.6406,17.7195
1987894645,302.171158,-74.69281883,0.269429,,19.618099,18.793699
1987894651,302.2664479,-74.67321495,0.36345899,,19.264601,18.486099
1922195287,291.7154938,-74.31141913,-0.15720899,,19.062901,18.307301
396215705,301.3956307,-74.35090583,0.11613,,18.387501,17.4974
396215711,301.2993001,-74.34484926,0.37507501,,18.0543,17.1661
1922196061,291.6854316,-74.26197344,0.031557702,,20.1472,19.2481
1922196133,291.6165155,-74.21354746,-0.057190102,,19.4403,18.6315
261428085,304.7048818,-74.67723726,1.08127,,14.4193,13.5688
364114634,289.5346185,-75.98434038,0.160311,,17.6411,16.8358
364115247,289.3166725,-75.11820989,0.13094901,,17.843599,17.0352
404240379,308.0282871,-75.48949882,,,14.163,13.2137
1987888358,301.7265179,-75.41092916,0.52413499,,19.759199,18.8881
1922196466,291.681853,-74.114637,-0.037076902,,19.8507,18.9541
261428096,304.8574885,-74.70702863,0.61869502,,15.4669,14.598
261458575,304.5815998,-75.10640218,0.44359601,,15.9876,15.1051
340790937,292.66982,-75.83013951,0.10293,,17.695499,16.878599
340791729,292.5464698,-74.62245332,0.16706701,,18.0448,17.2365
1987888117,301.9210436,-75.49218783,0.22569899,,18.828199,18.091299
404240526,307.7900841,-75.77699347,1.55453,,,
1988037283,304.2287044,-74.33945254,0.49827999,,19.330799,18.498301
261458588,304.541517,-75.13277005,1.19568,,14.0412,13.181
1922199759,291.5732558,-74.0053505,0.45124599,,18.7152,18.0137
1922199764,291.4744009,-74.00290706,0.27089,,19.178101,18.2976
340792018,292.4657088,-74.23991963,0.25014201,,17.866199,17.0791
466684113,295.5800892,-75.82753245,0.315202,,17.527599,16.6127
466684212,295.8811482,-75.6405287,0.146152,,17.8846,17.0124
466684895,295.6706451,-74.42545649,0.0099642696,,17.729401,16.9652
466684998,295.8441852,-74.26471412,0.34720299,,17.585699,16.6898
1987888356,301.7134356,-75.41628131,-0.0545207,,19.7806,18.9687
1988037885,303.8869709,-74.35388137,0.39190301,,18.6395,17.975599
370136635,46.8266957,-75.51848951,0.76453102,,14.6077,13.7576
327305494,311.1171637,-75.91810076,0.53349,,14.8492,13.9874
1922139734,292.6022088,-75.77967215,-0.147972,,19.7833,19.005899
466684031,295.7612774,-75.96563744,0.229715,,17.6478,16.728001
466687872,296.188078,-74.06135199,0.225382,,17.6143,16.780199
466688220,296.0700666,-74.62686318,0.147337,,17.544201,16.711
466688399,296.0976989,-74.96077613,0.27329499,,17.374201,16.487
1987888402,301.8969933,-75.33889134,-0.74380499,,20.0082,19.257999
331721936,307.2236333,-75.08954924,0.188646,,17.997299,17.122299
1987873729,306.5538285,-75.89701234,-0.40676501,,19.916401,19.056
1987873736,306.6694047,-75.87199131,0.35588899,,18.333099,17.498199
1987873773,306.5571531,-75.84995149,0.45654601,,19.2631,18.522301
396215418,301.2148309,-74.8099464,0.399912,,17.8964,16.997
1987880553,301.9621876,-75.94526876,-0.369726,,19.0369,18.372499
1922139923,292.7159876,-75.7116111,0.211895,,20.400101,19.534599
1922139866,292.794438,-75.73816278,-0.35174099,,19.047199,18.3645
1988037956,303.8805856,-74.28985191,-0.38417199,,19.6868,18.9391
1988038026,304.1336687,-74.24514622,0.29842401,,18.6103,17.733999
404221746,307.5448327,-75.64503291,0.196413,,18.280701,17.4093
1987873805,306.8294502,-75.86508136,-0.038843799,,20.0884,19.1952
1987873865,306.6638776,-75.82652063,-0.233426,,19.2376,18.449699
404239954,307.8798825,-74.60618105,0.060693599,,14.3988,13.8321
340791875,292.4198227,-74.43573514,0.057521202,,16.809099,16.093599
469827923,302.2025443,-74.57861742,1.18527,,13.2542,12.5171
1922140142,292.6207201,-75.66540481,0.170453,,19.038799,18.247499
1988038055,304.2947881,-74.20943119,0.26791599,,19.032,18.214701
1988038058,304.3701972,-74.19650217,0.36213201,,18.4923,17.614799
1987880586,302.3998074,-75.9556075,-0.076870903,,19.5215,18.617599
1987880759,301.9227345,-75.89590713,0.075755402,,18.905199,18.108299
1987880752,301.9087822,-75.91078327,0.50987703,,19.222401,18.398199
466688262,295.9009713,-74.68168319,0.341259,,16.983999,16.1346
466688813,295.9950276,-75.751286,0.41505101,,17.1437,16.241301
1922140249,292.7627168,-75.58509624,0.18292201,,19.0443,18.316601
1922140271,292.6590908,-75.5552314,-0.282343,,19.854,19.1749
1988038224,304.0965706,-74.17529421,-0.53328401,,20.1423,19.2985
1988038261,304.1981617,-74.11234295,0.30079401,,19.2899,18.561701
1987876485,306.5793492,-75.65296622,-0.439567,,20.4025,19.5175
1987880754,301.9110361,-75.89924706,0.29748401,,18.819799,18.1092
1987880813,302.0281868,-75.84494774,0.27327701,,18.534599,17.7854
1987880910,302.0624896,-75.77639626,0.087772802,,18.930401,17.990999
398464330,299.4464608,-74.80460022,0.29765999,,16.954599,16.045799
364114629,289.5952174,-75.99895725,0.25343901,,17.459499,16.5513
1988038330,304.0434059,-74.09048618,-0.0595087,,19.3318,18.6026
1987966204,306.5061816,-75.48327954,-0.0552903,,20.1439,19.279499
1987965589,306.6005276,-75.52191007,0.32246301,,18.986799,18.1604
1987882027,301.8864845,-75.76320997,0.44080099,,18.9979,18.111799
340787434,292.143962,-74.33226267,0.31088999,,17.3272,16.567801
1988038628,304.3394097,-74.04253,0.054055899,,19.2467,18.389601
1988040939,304.1044403,-74.04789889,-0.046158299,,20.2959,19.482599
1988040941,304.0385107,-74.0482824,0.159905,,19.1754,18.34
1987965570,306.6382848,-75.53718504,0.196144,,18.5403,17.7491
1987882089,301.9019135,-75.71341345,0.036115199,,19.816,18.894501
407920615,290.0009286,-75.67166379,0.42784199,,17.136801,16.2372
1922156197,292.6702064,-75.15882631,-0.75016803,,20.3647,19.650801
1988040947,304.0796248,-74.03173122,-0.066040598,,19.627701,18.822901
1988041262,304.1983369,-74.01529086,0.016359899,,19.958099,19.1064
1987886227,304.3576752,-75.43103706,0.051014099,,19.6418,18.8925
1987965572,306.6890118,-75.53222721,0.200578,,18.799299,18.055099
1987965575,306.6440399,-75.52455726,0.32916,,18.7714,17.9112
1987965602,306.7744761,-75.48614411,-0.097360797,,20.131701,19.302299
1987965603,306.7552357,-75.4855119,0.28052601,,20.219,19.3624
1987882304,302.0021459,-75.63032373,0.164915,,19.041599,18.1499
1987882307,301.9856598,-75.62819725,0.051642101,,19.563999,18.810301
1987882309,301.8926241,-75.62896291,0.138128,,19.3561,18.517099
1987887468,301.9876348,-75.51031633,-0.0444935,,19.007601,18.3134
1922156397,292.6984246,-75.08151024,0.0481713,,19.140499,18.276199
466695185,296.8015328,-75.02262013,0.220249,,17.282301,16.4767
398460998,299.26557,-74.40313898,0.43904299,,17.1392,16.3183
331636629,305.9395673,-74.77039138,0.31270701,,18.1933,17.3183
1922160569,292.0256946,-74.88278839,0.028065,,19.6486,18.809799
1987887214,302.2076659,-75.59456561,-0.191274,,19.594299,18.722
466687870,296.2529085,-74.06069265,0.35752299,,17.3969,16.5455
1922157225,292.5482867,-74.98532304,0.118118,,19.511101,18.697201
1922157244,292.7293194,-74.94861162,0.56105202,,18.412901,17.511999
1987886320,304.720542,-75.34974621,0.124956,,19.377701,18.6371
1987886321,304.7732815,-75.35687191,0.106763,,19.155701,18.3552
1922145886,293.8293441,-75.52949989,0.315478,,19.7505,18.9063
1922147494,293.8824277,-75.18199891,-0.17681301,,19.608801,18.8048
1922147762,293.5733374,-75.11877796,0.46979699,,19.565201,18.6516
1987887383,302.1873,-75.58665981,0.45970401,,19.872,18.979601
1987887385,302.2305914,-75.58190585,0.231552,,18.8076,17.942101
1987887408,302.3334093,-75.5478589,0.29343,,18.637699,17.871799
1922157245,292.6866511,-74.95378948,0.159389,,19.6621,18.837099
1922157521,292.5640526,-74.89563848,0.28902999,,18.864799,17.968201
1922157523,292.6047897,-74.87380383,0.105809,,19.188999,18.4706
404221940,307.5510082,-75.28451608,0.053142399,,17.6849,16.785601
404221941,307.5582061,-75.28038782,0.41692701,,17.746599,16.9447
404242416,308.4291799,-75.7609712,0.0652439,,18.112301,17.222601
1922156582,293.7670494,-75.03011117,0.146723,,19.622801,18.836399
1987881707,300.6075465,-75.86927094,0.61446899,,19.6674,18.7477
1987888130,301.8782313,-75.48950474,0.29378,,19.042601,18.188299
1922160742,292.6503626,-74.74375551,-0.30248499,,19.814699,19.037201
1987900567,300.5279212,-74.40882655,0.151895,,19.615499,18.810101
1987900871,300.7011473,-74.34123174,0.194832,,19.6936,18.8757
364114768,289.2758755,-75.78624042,0.27088299,,17.756701,16.8496
364114802,289.3012427,-75.73123954,0.337313,,17.3452,16.554701
1987886580,304.5501885,-75.23759167,0.39036599,,19.066601,18.1991
466695018,296.7089165,-74.77558634,0.171793,,17.359501,16.488501
396215472,301.2780439,-74.71724975,0.38116801,,17.345301,16.4993
396215477,301.1458044,-74.70810019,0.41007301,,17.2358,16.3258
396251408,302.9177635,-74.55688067,-0.122919,,17.5175,17.1527
1987888151,302.1936998,-75.43295075,-0.53400701,,20.087999,19.177601
1922160751,292.5380975,-74.73729647,0.30693299,,18.404301,17.590099
1922161402,292.6451382,-74.65826425,0.0510819,,19.2806,18.4384
1987873696,306.5489704,-75.91730289,0.246626,,19.5851,18.7659
1922140724,291.1707122,-75.64333718,0.49290299,,19.5236,18.7026
1922140726,291.1339662,-75.64553349,0.00201245,,19.560699,18.746901
340845826,293.018776,-74.98165432,6.4427199,,9.0634298,8.5040998
331636783,305.7281539,-75.08743134,0.19518501,,16.9188,16.4289
331636306,306.0246546,-74.14706393,0.28576499,,17.353001,16.4786
331636595,305.7797292,-74.69158913,0.38064399,,17.317101,16.4585
331682089,306.9856154,-75.53237468,0.335908,,17.368,16.4946
331721893,306.9844821,-75.14722708,0.290176,,17.325899,16.508499
1922140912,292.0783659,-75.6456059,-0.035406802,,19.243099,18.4886
1922141208,291.8874594,-75.5442132,-0.065964997,,19.3748,18.524401
1922196808,291.9483199,-74.06119786,-0.46530801,,19.444599,18.660999
407885403,290.2037239,-74.87093784,0.53282499,,17.3298,16.443899
1987888300,302.1915699,-75.33718023,0.352539,,19.365,18.489201
1987888306,302.1244967,-75.32934588,-0.32319999,,20.5497,19.6611
396210891,300.320117,-75.92789984,0.32135701,,17.899099,16.962
331722347,307.1296327,-74.2285323,0.352081,,16.896799,16.053301
331722380,306.9727908,-74.16333764,0.31240401,,17.218201,16.337299
404221567,307.5079404,-75.99651701,0.36159199,,17.2747,16.4158
404221762,307.6120452,-75.61069744,0.308447,,17.385799,16.5881
404221823,307.3208093,-75.49586984,0.32531101,,17.2682,16.374701
404240376,307.9344344,-75.48200541,1.85268,,13.306,12.5008
340845446,293.1122688,-74.43581291,3.42609,,12.3191,11.4754
340846233,292.915858,-75.59238522,2.4879401,,11.7921,10.959
468144742,305.0501954,-75.70298682,2.40832,,12.9127,12.0995
1922157786,293.6531382,-74.78262878,0.69180602,,19.184,18.337099
1987886995,304.7878771,-75.12716822,0.13118801,,19.980499,19.1917
1987887024,305.0731133,-75.12088826,-0.096693702,,19.217899,18.4466
1922162602,292.6848416,-74.43668645,-0.186002,,19.162901,18.378799
466694595,296.6806004,-74.09826293,0.152951,,17.653099,16.817101
1987897983,300.7332039,-74.52376486,0.125312,,19.125601,18.372801
1987898178,301.0496282,-74.48635169,-0.0274498,,19.616899,18.802999
1987887151,302.2766217,-75.66411412,0.43527099,,19.4765,18.684401
1987889550,304.388529,-75.11762686,-0.196095,,19.982,19.25
1987889597,304.3385957,-75.08240667,-0.062043801,,19.385,18.626301
1987889567,304.6131826,-75.08859945,-0.33987099,,19.677099,18.868099
1987889568,304.5731423,-75.08984858,0.217934,,19.155199,18.322901
404222060,307.2854478,-75.03329187,0.21634801,,17.6427,16.758801
404222135,307.4814731,-74.9175311,0.36930999,,17.808001,17.0516
404242832,308.171092,-74.88356361,0.359543,,17.259501,16.3839
404243111,308.3881922,-74.29316205,0.19563299,,17.405001,16.6266
404243170,308.4360168,-74.15720072,0.058547299,,17.405399,16.612101
404242767,308.1598405,-75.03007168,0.231098,,17.1745,16.3981
404242875,308.1074342,-74.80932903,0.38131499,,17.076401,16.2798
1987888328,302.4865871,-75.29277487,0.194116,,19.381599,18.605499
1987888395,301.9538986,-75.34889507,0.336207,,18.8204,18.022699
340845284,292.9287926,-74.21590755,1.44217,,11.9795,11.273
331679917,306.784164,-75.38423861,0.88747501,,13.5991,12.8304
340791363,292.5112575,-75.19313989,0.31686601,,17.5063,16.634501
1987888593,302.231315,-75.20062981,-0.34566799,,19.606501,18.7565
1922162695,292.4816546,-74.37942222,0.094898,,18.784599,17.98
1922162692,292.6405129,-74.3577183,0.077303998,,18.9858,18.095501
398463929,299.525662,-75.56022961,0.33581901,,17.311399,16.373199
1987889636,304.5792045,-75.02201906,0.242993,,19.2013,18.386499
1987888501,302.0104629,-75.30366974,0.071761802,,19.577101,18.6889
340791892,292.4386426,-74.4113051,0.025891799,,17.864401,16.960899
340846111,292.7827808,-75.38665025,0.89231998,,13.698,12.9085
1987873867,306.7220695,-75.80362774,0.25347301,,19.5301,18.781601
1987965529,306.7765156,-75.54671383,-0.13811,,19.473801,18.691
404240026,307.8264941,-74.75033849,1.62472,,13.4333,12.6591
404240594,307.9806452,-75.88985231,1.13925,,12.7208,12.0692
331679953,306.8567562,-75.47779693,0.22702099,,17.035801,16.2174
404239663,307.7121144,-74.05764127,1.45895,,13.8266,13.0313
1922195537,292.5827367,-74.24091627,0.370316,,19.8234,18.9238
1922195541,292.5839243,-74.22421306,-0.140049,,20.060301,19.263
398464742,299.748316,-74.11989681,0.305549,,17.565001,16.685699
396210860,300.3581905,-75.98679222,0.185959,,17.7868,16.860201
1987889638,304.6027738,-75.0031759,0.210208,,18.8992,18.060101
1987889648,304.5719215,-75.00972592,-0.55356401,,20.147499,19.278601
331636725,305.7798185,-74.95469607,0.1224,,18.1378,17.2603
466684791,295.6241891,-74.61742284,0.279358,,17.0653,16.3479
1922150981,291.1921437,-75.61392729,0.022071799,,19.4499,18.5513
1922151640,291.9767994,-75.4047646,-0.053507399,,19.370701,18.6019
1922153003,292.0576226,-75.09993979,-0.161902,,19.3568,18.5541
1922161738,291.8953411,-74.72314822,-0.40185899,,19.5737,18.7118
1922194911,292.0155976,-74.44422891,0.1577,,19.6031,18.775101
404239695,307.8306842,-74.10212782,0.38497099,,17.237499,16.379999
404240602,307.797416,-75.90091615,0.36469901,,16.922199,16.005899
468144743,305.0064833,-75.69229935,0.370278,,17.1733,16.3088
468144853,304.9156391,-75.46076881,0.315043,,16.728399,15.8405
1922195531,292.6705254,-74.22963724,-0.081114396,,18.388,17.8522
1987889942,304.4974877,-74.93430554,0.25126499,,19.988199,19.100901
331636925,305.6546416,-75.39007495,0.068169899,,18.262501,17.388201
396211531,300.5441542,-74.97323077,0.23126601,,17.8981,16.971399
265126060,293.7333534,-74.11684051,0.33655801,,17.414301,16.6828
1922196087,291.9039328,-74.22907467,0.34345001,,19.3183,18.6
1922196090,291.778228,-74.24484089,0.23069499,,19.375099,18.670401
1922195869,292.8045948,-74.09458021,0.101018,,19.0079,18.254999
1922195870,292.8001794,-74.09240971,0.42432299,,18.4484,17.563499
331636672,305.8912018,-74.85715074,0.22369701,,18.160999,17.372601
331680050,306.4851128,-75.70964104,0.668145,,16.713499,15.8308
404239751,307.8334155,-74.20867995,0.427852,,16.7509,15.8753
404239771,307.7960854,-74.23315543,0.167521,,17.3936,16.6008
1987889969,304.6954267,-74.88679239,0.226054,,20.074699,19.184
1987890021,304.7008761,-74.85257189,-0.205228,,19.383101,18.603201
1922146646,294.0456211,-75.29361871,-0.0061109099,,19.442801,18.6252
1922156704,293.8393358,-74.92523285,-0.27891901,,19.302,18.502001
1922162921,293.8378563,-74.5097116,0.017758099,,19.111,18.3006
1922163101,293.8545693,-74.42899164,-0.0126344,,18.9713,18.216
340788030,292.277138,-75.18601746,0.292294,,18.531601,17.631001
1922197094,293.0534298,-74.21999168,0.160456,,20.024099,19.2474
1922141507,293.6290558,-75.9843177,0.213366,,19.2656,18.4123
1987896942,300.5521495,-74.78327384,0.432717,,19.2721,18.336201
1987897991,300.8430404,-74.5167371,0.212109,,19.276899,18.437099
404240323,307.7836208,-75.3624182,0.297988,,17.028999,16.1719
404240418,307.8503307,-75.56049009,0.32164899,,16.6751,15.8551
404240641,307.9322302,-75.98572017,0.185948,,17.4249,16.502001
340845781,292.7454813,-74.91433648,0.34915301,,16.2974,15.4074
468144603,305.0687149,-75.98049729,0.89592397,,14.85,13.9581
1987890666,304.5020765,-74.81244147,0.096473098,,19.324699,18.438
1987890722,304.5571324,-74.74854337,0.084747903,,19.6264,18.7437
1987890723,304.4820629,-74.7388214,0.19008701,,19.615801,18.9417
340787681,292.1777476,-74.68499534,0.13819601,,17.7173,16.8396
398464093,299.4382297,-75.257151,0.252193,,17.5956,16.7073
1922142509,293.561772,-75.82230849,0.135207,,18.736,17.9807
1988026898,304.8739539,-74.73243951,-0.059931699,,19.2472,18.393299
1988026908,304.9377839,-74.70282228,0.36512399,,19.223801,18.386499
1988026950,304.6982783,-74.69633173,0.278786,,19.836,19.049
1988026952,304.6994427,-74.68427132,0.39756101,,19.307199,18.4258
1988026955,304.5471511,-74.69147215,-0.0083427699,,18.9865,18.5159
340845237,293.1287652,-74.15626309,0.10369,,15.4294,14.8794
404239813,307.8643612,-74.33122039,0.56398302,,15.0074,14.1935
404240569,307.6778095,-75.84114368,0.725887,,16.6478,15.7476
404239698,307.7029744,-74.10484553,0.39855599,,16.7537,15.8873
404240058,307.8525007,-74.80235394,0.48078299,,16.4025,15.5374
1922142558,293.5347362,-75.77687866,0.041859899,,19.986799,19.191999
1922142774,293.5476708,-75.70900362,-0.59292001,,20.308399,19.468599
1987893324,302.4759722,-75.08729566,0.074610896,,19.4228,18.5515
1987876200,305.7894465,-75.81712875,-0.112289,,19.437,18.608299
1988026963,304.6387064,-74.66994151,-0.0260495,,19.563999,18.800501
1988027118,304.441715,-74.65847957,-0.59614003,,19.5763,18.802
340845577,292.8579164,-74.62360559,0.56576401,,15.66,14.79
340846353,293.1073442,-75.76404124,0.68790901,,15.5379,14.6196
364115075,289.5182266,-75.34206437,0.193819,,16.642799,15.7865
466695306,296.7214371,-75.24585122,0.22328299,,17.5474,16.791201
1922142775,293.5729955,-75.70767931,-0.10342,,20.452101,19.5298
404221917,307.6232211,-75.31355066,0.34216699,,18.170099,17.2668
468144602,305.1512988,-75.98346863,0.17699701,,16.3479,15.5459
468144604,305.0394176,-75.9803955,0.65319997,,14.84,14.1728
468144758,305.1313412,-75.65314475,0.319269,,15.5745,14.8298
1922139373,291.935408,-75.84213214,0.240155,,19.3398,18.4883
1922152008,292.1047333,-75.26867135,-0.231277,,19.511101,18.697701
1922146201,293.5324619,-75.43807434,-0.42801401,,20.2318,19.3487
1922146186,293.7440863,-75.42894525,0.68200201,,19.036301,18.159901
404242430,308.2812551,-75.72429323,0.0141057,,17.854099,16.994699
331679796,306.4818592,-75.12055658,0.66736299,,16.2164,15.3725
1988027208,304.5446818,-74.55439853,0.087745801,,20.357901,19.500099
1988036943,304.2665953,-74.59308898,-0.058283102,,18.876101,18.1429
1988027288,304.778618,-74.53904451,0.00316295,,19.125,18.2904
1988027317,304.6888025,-74.50759854,0.32921299,,19.491699,18.7353
396215651,301.1480345,-74.44379229,0.45885399,,16.8901,15.9673
1922146193,293.6892624,-75.42411989,-0.21044099,,20.7043,19.8043
1922147431,293.5878279,-75.26873704,0.47065601,,19.095301,18.357
396211090,300.511451,-75.63628831,0.27591601,,18.471201,17.5357
466695155,296.6618411,-74.97196202,0.173595,,17.7651,16.9429
466695236,296.6987461,-75.10718402,0.050493099,,18.4179,17.5453
1988037102,304.5316995,-74.4518677,-0.35513499,,19.515699,18.752199
1922160919,291.9127011,-74.74614481,0.168294,,19.2258,18.374201
1922161814,291.8072788,-74.67682834,0.34834599,,19.3841,18.4818
1922145989,293.7834243,-75.44488935,0.28136399,,19.3181,18.530001
1922156600,293.7470046,-75.00201454,0.148926,,19.474001,18.5674
331680167,306.650901,-75.95024915,0.532938,,16.2099,15.3443
404239688,307.939295,-74.09810965,0.45176899,,15.9918,15.215
1922147463,293.7776592,-75.24305056,-0.120329,,19.931,19.056
398461419,299.4265982,-75.13166376,0.107433,,17.99,17.071301
398463833,299.5894095,-75.72656723,0.056029599,,18.3365,17.384899
404243064,308.2053277,-74.39957113,0.179488,,18.0488,17.2106
404243205,308.1354759,-74.08377994,-0.00400999,,18.4618,17.6336
396215640,301.0274659,-74.45932174,-0.0366515,,18.129299,17.356899
396251281,302.66402,-74.7649528,0.341317,,17.835899,16.9291
396251499,302.6444582,-74.41155884,0.218128,,18.1675,17.435499
1988037090,304.8253712,-74.40016095,0.2378,,18.426399,17.6754
1922157767,293.7632423,-74.80631946,-0.101135,,19.0795,18.264
1922142674,293.8704276,-75.69943702,0.420901,,18.946199,18.037701
1922147395,293.8208037,-75.27785333,0.0113728,,19.2159,18.360001
1922156703,293.8979286,-74.91979875,0.41643,,19.294701,18.476999
404239958,307.6796471,-74.61118736,0.43742099,,16.235201,15.3796
398464099,299.6627864,-75.24682275,0.092702597,,17.8207,17.013599
398464689,299.8683358,-74.22697784,0.244976,,18.182699,17.365601
396211928,300.4191352,-74.34554099,0.056763101,,18.031799,17.284401
1922147680,293.8767959,-75.15578537,0.265365,,19.511999,18.805901
1922147681,293.8341486,-75.15756844,-0.19319201,,19.6728,18.9529
466694936,297.0593777,-74.60959112,0.185442,,18.0646,17.1891
261422050,303.8775604,-75.73477875,0.193143,,18.198799,17.297199
331636510,306.0684844,-74.50855357,0.22229999,,17.7579,16.872
331636722,305.7792623,-74.95066104,0.37340701,,18.1203,17.2771
1922147771,293.7437231,-75.0652173,0.46867201,,18.806,17.933399
1922147773,293.9103026,-75.14984153,-1.05996,,20.205799,19.4224
1922147774,293.8780604,-75.13585984,-0.70531899,,19.778601,19.1201
1922156496,293.5225363,-75.07955082,0.063199103,,19.4813,18.569599
1922158543,293.9818078,-74.79934192,0.17017999,,19.3766,18.558201
1987892504,300.5013391,-75.01370774,0.00225449,,19.283899,18.6035
1987882618,301.0165647,-75.66966299,-0.22114301,,19.330099,18.559099
1987887374,302.1639729,-75.594318,-0.172194,,19.223101,18.378401
1987887499,302.2794004,-75.45479702,0.0811271,,19.295099,18.4018
1987888285,302.1510916,-75.36725244,0.207912,,19.461399,18.6241
1987893760,302.4789254,-74.86102779,0.48608401,,19.027901,18.1984
1987893792,302.5003239,-74.81115181,0.542642,,19.0926,18.2218
1987894384,302.2621865,-74.79566159,0.34913701,,19.3221,18.499201
1987894464,302.3320851,-74.74968752,0.48098099,,19.2003,18.2969
1987873510,306.7075113,-75.98487382,0.18138,,19.2477,18.3995
331636560,305.7500319,-74.61668427,0.233556,,17.9704,17.1094
331636718,306.0401927,-74.94384523,-0.018040599,,18.0839,17.3216
1922156692,293.9437228,-74.95172842,-0.35589501,,20.149099,19.2882
1922156881,293.6141559,-74.91454429,0.230884,,18.519199,17.738199
396215900,301.2763907,-74.07749118,0.32448301,,17.0734,16.1679
1922156873,293.6275025,-74.92670678,0.30338699,,20.2922,19.3869
1922157755,293.6580917,-74.82928815,0.17884301,,19.660601,18.862499
1922157760,293.6593496,-74.80277491,-0.42723101,,19.4181,18.672501
1922157794,293.7307355,-74.78336929,0.470195,,19.997299,19.0674
340845905,293.0965787,-75.10893218,0.53977603,,15.4068,14.5548
1987965579,306.663913,-75.51329313,0.13135301,,19.201599,18.309999
398464102,299.4954722,-75.24013958,-0.00024904401,,17.908899,17.0012
1922157864,293.6010283,-74.72356148,-0.043186199,,19.9375,19.115801
364115372,289.552298,-74.95272437,0.284704,,16.878,16.0044
331682163,307.2163914,-75.37191418,0.31457299,,17.93,17.065201
340791053,292.5986511,-75.64477762,0.239241,,16.815399,15.9917
396211528,300.5719059,-74.97489738,0.182787,,18.2269,17.2899
396211120,300.4318561,-75.59139242,0.37196401,,18.1096,17.1346
423238857,297.288601,-75.70251823,0.922813,,14.4873,13.6388
423238934,297.3223067,-75.5515019,0.66363299,,15.3771,14.4405
1922142198,294.3691963,-75.78554176,0.18475699,,19.675501,18.8195
1922142208,294.5683379,-75.75294344,0.12740999,,19.054501,18.2778
1922142022,294.4621929,-75.78893787,0.492374,,19.9245,18.992001
468144986,305.2500399,-75.17305286,0.55333501,,15.1838,14.3524
468145041,305.2241194,-75.0698297,0.68586898,,14.7637,13.9755
468145073,305.0562162,-75.02253674,0.97526401,,15.0608,14.2161
468145134,305.0500421,-74.9093275,0.52739102,,16.361099,15.5016
469811967,300.1033241,-74.44665353,0.228423,,17.157301,16.5306
466695115,296.8187678,-74.91543684,0.32894999,,17.870399,17.045401
1922142312,294.5954409,-75.65423647,0.33202699,,19.2279,18.416201
1922143012,294.5541679,-75.59437127,0.34364799,,18.812799,18.0315
1922142994,294.64,-75.61409573,0.19723099,,19.1455,18.227301
398461356,299.0606582,-75.00218931,0.21956199,,18.119101,17.253099
398463735,299.7389129,-75.93285742,0.189816,,18.039101,17.1971
1922143000,294.4356806,-75.61874032,0.179103,,19.019199,18.114599
1922143051,294.4896889,-75.58777675,0.211611,,19.5665,18.734501
404242550,308.3770492,-75.43719712,0.399416,,18.017099,17.1194
1922143447,294.5330757,-75.43715352,-0.28637201,,19.618999,18.9242
1922146414,294.316958,-75.38662255,-0.41292399,,19.848,19.0037
340778261,291.8471291,-74.55394259,0.37105799,,17.4849,16.6392
469821741,300.9395538,-74.18015996,0.42917401,,17.1516,16.281401
340787324,292.0646548,-74.19192785,0.46538201,,17.543501,16.676701
364115666,289.5835514,-74.56584978,0.46988401,,16.5683,15.8069
1922149411,294.5276288,-74.9553014,-0.45857799,,20.3745,19.4928
404242830,308.5140787,-74.88666992,0.209516,,18.291201,17.429701
404242871,308.1125863,-74.81820022,0.32014501,,17.9282,17.091499
340848792,293.3281749,-75.83182548,0.28495699,,16.8377,15.9125
401538106,310.3816719,-75.75032393,0.255436,,17.7498,16.907301
401538213,310.1418109,-75.52444638,0.46618801,,16.4576,15.6603
327784939,312.4313597,-75.47926731,0.34211501,,17.164,16.305901
340777994,291.7251195,-74.95600168,0.409915,,16.9156,16.0427
404239729,307.7000354,-74.1568558,0.423446,,15.9187,15.0423
404239792,307.8250782,-74.28515309,0.44932899,,15.7434,14.8648
340791137,292.5789136,-75.51119313,0.228342,,17.1863,16.334999
1922149416,294.5413195,-74.95136807,0.19978499,,18.684401,17.951599
1922149458,294.4586486,-74.95044757,0.15304799,,19.9007,19.0144
340778074,291.8538016,-74.83451045,0.26764399,,16.441299,15.8845
340845336,292.7657927,-74.28977266,0.26486099,,16.809099,15.9156
466695374,296.9243998,-75.38014034,0.17116199,,17.4422,16.5408
396215124,301.2380555,-75.27804665,0.26050001,,17.991199,17.152201
404240354,307.8278701,-75.41142816,0.70648199,,14.8958,13.9808
1922158612,294.3854061,-74.74711163,-0.178361,,19.7237,18.8113
1922158614,294.3779434,-74.742752,0.51358402,,18.532801,17.6406
396251208,302.6837754,-74.86627615,0.19712301,,17.6394,16.7318
396251434,302.6744528,-74.51511987,0.26274699,,17.7845,16.877701
396251336,302.6196418,-74.67792313,0.16167,,17.8916,17.073601
396251622,302.5693282,-74.23389041,0.38653299,,17.7971,16.936399
396251642,302.6850466,-74.20853107,0.213369,,17.796,17.0369
396211775,300.5452729,-74.55829789,0.34580001,,17.4056,16.668501
401538273,310.4160236,-75.36967465,0.56777799,,16.819799,15.9538
340791491,292.5610952,-74.99902906,0.25404301,,16.9835,16.141001
404240431,307.9585018,-75.58391211,0.57490301,,15.2794,14.4312
404240564,307.7232235,-75.83401514,0.898009,,15.3667,14.4693
401569546,310.419357,-75.07471979,0.252022,,16.910801,16.034
331636538,305.7048716,-74.56793454,0.31935501,,17.568199,16.724701
331636586,306.0200713,-74.67114172,0.213046,,17.790899,16.936501
1922159506,294.4398118,-74.58824498,0.080365904,,19.084299,18.198
404240590,307.8508495,-75.88057367,0.68001598,,15.2255,14.3775
364114673,289.3803934,-75.92665304,0.204413,,17.8832,17.005501
364115370,289.4790662,-74.95518699,0.096602596,,17.9783,17.150299
364115597,289.5460998,-74.64640429,0.40529501,,17.659401,16.818501
331636787,306.046053,-75.09332495,0.31338999,,17.4788,16.6217
331636958,306.0567099,-75.48527277,0.044980701,,17.603399,16.891399
331636309,305.8190147,-74.16465123,0.29223701,,17.7624,16.9491
331636543,306.0752117,-74.57648419,0.339775,,17.364901,16.4776
331636716,306.0605301,-74.94332517,0.23649199,,17.5117,16.643
331636802,305.8655862,-75.12090585,0.147521,,17.819099,16.982599
331636902,305.7544977,-75.33238577,0.26808199,,17.873699,16.991199
401570017,310.1612633,-74.13826946,0.44663599,,16.3598,15.4889
340849333,293.4703829,-74.89305155,0.69556499,,14.8385,13.9434
1922159563,294.3269728,-74.57168804,-0.134773,,19.975901,19.223
1922159565,294.3727643,-74.56298776,0.169907,,19.114599,18.256701
340791384,292.6956675,-75.16189437,0.32370499,,17.942101,17.113001
340791399,292.6513813,-75.12237378,0.260389,,17.952,17.080099
340845892,292.8235113,-75.07413376,0.75844997,,14.8968,14.1279
340846247,293.019117,-75.60988499,0.77458,,14.6452,13.8053
1922159121,294.8812977,-74.56870139,0.097792,,18.362801,17.542299
1922160415,294.8768433,-74.32753139,-0.035578199,,18.3358,17.5495
331636926,305.7971141,-75.39087518,0.356682,,17.7799,16.9076
331637137,305.8033894,-75.86886416,0.204753,,17.767,17.040899
331638939,306.1561999,-75.92792959,0.178354,,17.836,16.9552
340848996,293.3268391,-75.49438635,1.22971,,13.9766,13.1931
340849281,293.156932,-74.97668118,0.67838502,,14.3828,13.5887
469821079,300.8835209,-75.48947674,0.77857298,,13.9541,13.1618
469821538,300.8606575,-74.53023746,0.87990397,,14.6867,13.7654
331639014,306.1600626,-75.80135595,0.30692899,,17.3936,16.533199
331639210,306.222709,-75.40021473,0.246896,,17.778099,16.940001
331681925,306.9483592,-75.9016004,0.165943,,18.118799,17.2083
340791803,292.7109964,-74.53157368,0.31289199,,17.993601,17.1628
466685118,295.586464,-74.05574045,0.143719,,18.030701,17.178301
1922159885,294.706414,-74.57462819,0.48915601,,18.759899,17.919001
1922159886,294.7191877,-74.57412429,0.33533999,,18.6273,17.7306
1922163638,295.0482345,-74.23689292,0.183007,,17.186001,16.351101
1987895787,302.4617251,-74.70642725,0.40714699,,18.1595,17.2801
1987895986,302.43038,-74.62529294,0.151896,,17.891199,17.1525
469821790,300.58705,-74.10150805,0.67381102,,15.8835,14.9889
331722112,307.1530167,-74.67822057,0.25084001,,17.799999,16.948601
404221836,307.411604,-75.47168474,0.111105,,18.02,17.302799
331679935,306.8273477,-75.42561479,0.98294699,,14.0253,13.2588
404222005,307.4709913,-75.14385874,0.31645501,,17.6689,16.814899
404242427,308.3572853,-75.73217118,0.35879299,,17.3466,16.4806
466687844,296.0171677,-74.03115728,0.188225,,17.902599,17.010201
466688432,296.18976,-75.01896542,0.38133699,,17.6682,16.7805
1987898945,302.4165578,-74.37723884,0.144756,,17.288401,16.9356
340791190,292.4568873,-75.43119155,0.31460401,,16.5271,15.8113
340791261,292.4928886,-75.35705636,0.41784999,,16.5522,15.6599
1922122853,296.7702716,-75.83404341,-0.72177303,,20.085501,19.137699
1987900287,302.2704774,-74.03214266,0.28180701,,18.1968,17.324499
404242989,308.3244539,-74.57016795,0.0803321,,17.7099,16.9163
404243010,308.1238528,-74.5205534,0.0557153,,17.794399,17.113701
340777992,291.9415546,-74.96003963,0.88736898,,14.7327,13.9016
398447580,297.8534777,-74.68422884,0.26217401,,18.044201,17.171101
423263655,297.6877189,-74.42667022,0.28330901,,17.6029,16.7425
404239931,307.8832743,-74.54541032,0.70715898,,14.1221,13.4431
404239963,307.7227124,-74.62158297,0.74977899,,15.0631,14.2243
1922123484,296.6509735,-75.72166035,0.35756999,,19.856001,18.975401
404240004,307.8736369,-74.71821544,1.2294101,,14.6151,13.7612
404240124,307.9618362,-74.94535896,1.22561,,14.5745,13.7114
404240248,307.6763129,-75.20966222,0.685794,,14.6914,13.8333
404243145,308.2580197,-74.19852344,0.19011401,,17.810101,16.999901
404243239,308.2261792,-74.03495808,0.382678,,17.811899,16.9837
396214984,300.904671,-75.53097666,0.061170802,,18.053699,17.2253
340777688,291.8572241,-75.42838352,0.35264099,,16.193001,15.3535
1922123474,296.6676269,-75.73905128,-0.249037,,19.666599,18.8353
404240464,307.7133345,-75.66119291,0.67462498,,15.2287,14.4396
331636473,305.9228363,-74.44110791,0.35484499,,17.424299,16.631901
331636749,306.0788288,-75.00739035,0.37856901,,17.2512,16.378201
331637126,305.8076159,-75.83980696,0.25392601,,17.551001,16.682199
469812554,300.1121998,-75.76968151,0.350968,,17.9715,17.0553
331639010,306.2154916,-75.81034534,0.172444,,17.6061,16.724001
331676553,306.1854187,-74.80678487,0.119305,,17.6702,16.8053
1922124269,296.7915941,-75.63206007,-0.248753,,19.673901,18.7624
1922124271,296.8702425,-75.63063624,0.0040967902,,19.539801,18.6408
340791473,292.6212407,-75.01385656,0.15668,,17.720501,16.809999
404221602,307.2869001,-75.93882404,0.362459,,17.666401,16.7519
404221986,307.50165,-75.17144765,0.336712,,17.502199,16.637199
404242397,308.3916557,-75.78968557,0.374111,,17.469801,16.600201
404242793,308.396016,-74.98534512,0.36162901,,17.517099,16.6341
1922124350,296.7649359,-75.5912684,0.31108901,,18.5483,17.7187
340849228,293.4882437,-75.07513147,0.49006999,,15.8762,15.0449
423263651,297.5800374,-74.41670547,0.294862,,16.657499,15.8901
364115549,289.3829214,-74.70569434,0.143938,,17.8575,17.0429
1922124645,296.8033835,-75.51343152,0.40678799,,18.6504,17.7868
404243007,308.1074543,-74.53148891,0.38986799,,17.907101,17.0161
407884865,290.1747227,-74.10681385,0.33894101,,17.9632,17.073799
407884977,290.1192324,-74.24197803,0.17669199,,17.8221,17.019899
407885433,290.1084559,-74.91445304,0.33975801,,17.9286,17.1236
396212023,300.3843887,-74.19482543,0.252882,,15.4445,14.8826
469812212,300.136938,-75.01766251,0.35400301,,17.063101,16.107599
1922124672,296.7546504,-75.47598406,0.37257999,,19.102699,18.224899
1922144237,296.9587196,-75.34795383,0.3637,,18.685101,17.850201
1922144238,296.9551964,-75.34641268,0.0212992,,18.8568,18.049601
466695118,296.750137,-74.91596554,0.26503199,,16.4524,15.7476
340791576,292.7108732,-74.87692907,0.174349,,18.082701,17.1766
466684344,295.5210561,-75.4201089,0.22237401,,18.0548,17.1458
469820963,300.8432384,-75.72180867,0.352294,,16.731899,15.9428
469827422,302.2539679,-75.5583702,0.131778,,16.4506,15.9949
469827822,302.1574305,-74.76003263,0.327472,,17.3598,16.477301
469828001,302.4201028,-74.43138366,0.387297,,16.6653,15.9757
469828127,302.2375366,-74.21766665,1.06273,,15.1635,14.3493
469821692,300.8623013,-74.26511099,0.52171397,,15.2747,14.508
396251605,302.7704982,-74.26128367,0.17602301,,17.558901,16.8755
396251454,302.7760267,-74.47191119,0.21134099,,17.631201,16.7903
331636435,306.066061,-74.36874184,0.47825101,,17.2304,16.433599
331636936,305.9000258,-75.43132937,0.25582799,,17.6607,16.844299
331636992,305.769608,-75.56583025,0.50783199,,17.4025,16.5506
1922165538,296.9207901,-75.15871162,0.053114299,,19.2992,18.546499
1922166330,296.8328069,-75.06618992,0.0257413,,19.7265,18.910299
469827521,302.3973715,-75.36555391,0.32053801,,17.055901,16.169399
340927978,294.5210465,-75.96749641,0.381686,,16.943199,16.1285
423263474,297.484699,-74.07974591,0.50856799,,16.9168,16.115299
340778540,291.7755219,-74.14836766,0.31697801,,16.1297,15.2393
340791498,292.3641399,-74.99126341,0.42975101,,16.364599,15.4996
364115171,289.5362861,-75.22257299,0.138824,,17.9046,17.0184
331639027,306.1575506,-75.76763326,0.28547299,,17.767,16.885
1922166520,296.978599,-74.95710856,-0.203805,,19.9408,19.213301
1922166751,297.1315748,-74.90494308,0.30235001,,18.505199,17.7904
331722149,307.0701053,-74.61512453,0.208609,,17.4151,16.5501
340846151,292.990743,-75.45648163,0.39308301,,16.031401,15.1563
340846433,292.9464956,-75.86906052,0.42113799,,16.405899,15.4901
407885435,290.1204887,-74.91491123,0.20028301,,17.519199,16.666599
1922169650,296.8224833,-74.83188288,-0.125269,,19.213699,18.440599
340848757,293.1979777,-75.88380139,0.31462499,,16.005501,15.3006
340849345,293.1351752,-74.87883674,0.36302,,16.488899,15.5737
423263871,297.6619371,-74.84265627,0.35027501,,16.709999,15.9074
327305739,310.9146741,-75.40028107,0.123578,,17.3857,16.594299
340899549,294.0540641,-75.03962701,0.134663,,17.017599,16.0993
340927381,294.5957726,-74.98535975,0.345806,,16.792299,15.8782
423264112,297.701033,-75.33547639,0.13598301,,16.757601,15.8791
340791451,292.6966498,-75.05110448,0.022240801,,17.893499,16.990801
340849865,293.1945749,-74.02604697,0.57582098,,16.2761,15.3853
396215945,301.0952349,-74.01380282,0.44923699,,16.107,15.2429
1922169792,296.9437527,-74.69882555,-0.11913,,20.036699,19.214199
404242874,308.3188054,-74.81456143,0.163507,,17.285299,16.423201
404242881,308.4082393,-74.79545174,0.33524701,,17.510099,16.6493
404243046,308.0884277,-74.44789279,0.23957001,,18.1063,17.2365
469827318,302.3663521,-75.70788261,0.460282,,17.0207,16.065701
1922170468,296.9759065,-74.59332784,0.078730002,,19.3351,18.630699
466695098,296.7414046,-74.88559967,0.38652399,,17.625,16.758801
401569788,310.1366529,-74.54923694,0.236046,,16.5273,15.6555
340787407,292.1795594,-74.2982369,0.32189101,,16.456301,15.5914
340787533,292.310937,-74.4464838,0.38415799,,16.7237,15.8333
340849845,293.383755,-74.05798918,0.379774,,16.607,15.7105
1922171722,297.0465868,-74.34070729,-0.42344099,,19.963499,19.0891
1922176764,297.0629651,-74.2614914,-0.26691699,,19.683901,18.9119
469828033,302.158561,-74.37663544,0.406427,,16.365999,15.5154
469827743,302.4565706,-74.90556707,0.38555801,,16.854799,15.962
469827723,302.3590084,-74.94637708,0.347348,,16.488701,15.7622
469827992,302.3597808,-74.45025214,0.34534499,,16.752701,15.8409
469828034,302.3196078,-74.37484004,0.30543399,,16.9589,16.0583
469828190,302.3921447,-74.10648824,0.401795,,16.7736,15.9026
396250768,302.7847747,-75.5698897,0.35286799,,16.541401,15.7902
468145319,304.9552646,-74.57420345,0.285023,,16.4785,15.8149
364114979,289.2444076,-75.48044432,0.38809001,,18.134001,17.2854
1922176855,297.0294889,-74.17308855,0.37839401,,18.6238,17.7766
1922176858,297.0534997,-74.17142008,-0.62812698,,20.058701,19.403099
1922176861,297.0142143,-74.16369914,-1.14689,,20.4212,19.6521
1922176862,297.0172623,-74.16106864,0.0098271798,,19.0912,18.267401
1922176845,296.9143433,-74.2006829,0.386581,,18.5326,17.764
331637049,305.7212104,-75.67409856,0.18795399,,17.383699,16.6422
331636240,306.10816,-74.02945315,0.38076401,,18.2024,17.324301
340791760,292.409666,-74.58383605,0.22321799,,17.888901,17.019199
327305482,310.8377939,-75.94570126,0.25977001,,16.858299,15.9765
396215171,300.9802203,-75.21326728,0.375756,,16.3773,15.4379
331676476,306.1949845,-74.99567377,0.059786301,,18.295,17.4163
340927710,294.6552354,-75.50788931,0.51743299,,16.326799,15.4307
1922129894,298.0032728,-75.38802428,0.15045901,,19.7127,18.7775
1922131233,297.9896162,-75.22320189,0.033658698,,19.443701,18.6506
1922131234,297.9204451,-75.22645436,0.023217799,,20.162001,19.318399
466684468,295.8040949,-75.19844526,0.084739998,,17.9613,17.190599
423263986,297.8046774,-75.05981756,0.13071901,,17.0501,16.3419
340787555,292.1188886,-74.47262524,0.28145599,,17.739,16.9667
404242564,308.3422735,-75.41486307,0.30224699,,18.010201,17.095699
1922151608,291.7104598,-75.4711453,0.095687002,,18.316299,17.612101
1922152744,291.7253869,-75.24578662,0.080080099,,18.3109,17.483801
1922165786,298.0602615,-75.07997776,-0.54915601,,20.545,19.626699
1922165795,298.1301062,-75.04854269,-0.53723502,,19.816999,18.9793
1922166172,298.0051041,-74.93332631,-0.11107,,19.1994,18.3969
364114912,289.2681083,-75.55221993,0.124959,,18.518801,17.6728
396215404,301.1012396,-74.84228404,0.130308,,18.0686,17.182199
364115713,289.3239608,-74.49535892,0.244803,,18.0432,17.273001
469828021,302.2608565,-74.39237258,1.19759,,14.0278,13.1734
396215584,301.3393734,-74.55988675,0.21428099,,18.3564,17.4485
1922147990,295.0439158,-75.21271207,0.2466,,18.4638,17.5667
1922166278,298.1170687,-74.82003732,-0.0204884,,19.7591,18.896999
261428128,304.7111076,-74.76164161,0.82758099,,14.4016,13.536
331721934,307.198282,-75.09124311,0.283099,,17.887199,17.0991
404242500,308.2103676,-75.56530894,0.042878799,,18.2747,17.3587
340849689,293.2591717,-74.30074095,0.135858,,17.480301,16.5772
396215539,301.2253834,-74.62292488,0.116583,,18.0198,17.171499
401538254,310.100499,-75.41889314,0.312985,,18.1789,17.365499
401569669,310.0766619,-74.80103954,0.207653,,18.176001,17.438299
466684901,295.8351557,-74.42067258,0.256051,,18.151501,17.309799
466684036,295.7488253,-75.958525,0.333471,,18.288799,17.3437
327784844,312.7359735,-75.31347136,0.30295601,,17.476601,16.620899
404242713,308.1979029,-75.14664431,0.191375,,17.5606,16.931999
404242780,308.3973162,-75.00913887,0.188265,,18.2425,17.427099
404243165,308.3784999,-74.15957565,0.20035601,,18.2589,17.3869
1922149617,294.8328152,-74.84369857,0.16862001,,18.561501,17.694799
1922160452,295.1621061,-74.28554017,-0.102045,,18.508801,17.616199
407884937,290.0862959,-74.19198737,0.045539699,,17.7882,17.0324
1922180970,294.8950854,-74.04102765,0.066187702,,18.768299,17.964701
1987895956,302.3108386,-74.68138799,-0.045607399,,18.8272,17.9144
1987895979,302.3226375,-74.64506734,0.140627,,18.5445,17.6528
1922167046,298.0659595,-74.79234057,-0.30358201,,19.795,18.9564
1922167118,298.0553347,-74.75063352,0.270307,,18.8915,18.0205
1987883586,303.5813147,-75.83871164,0.0497908,,18.292299,17.5263
1987884138,303.7481076,-75.73835453,0.0153054,,18.407301,17.5926
1987884866,303.4004379,-75.66699656,0.30952999,,18.481501,17.568501
1987885243,303.6185603,-75.41416379,0.216098,,18.4095,17.5711
1987887869,303.4691932,-75.29702436,0.161579,,18.6507,17.843599
1922139642,291.5823766,-75.80414469,-0.16808499,,19.2628,18.357599
1922151610,291.7524124,-75.45521617,0.021369601,,19.1199,18.2306
469821795,300.8090889,-74.08989453,0.072178297,,17.395201,16.5933
340791367,292.3767227,-75.18684718,0.048939701,,17.851,17.0119
1922123514,296.8529311,-75.69211215,0.135178,,18.2078,17.363001
1922123526,296.8987582,-75.66888091,0.2123,,18.2815,17.3941
407920609,290.001182,-75.65938275,0.049734101,,18.231899,17.3661
466684902,295.700876,-74.41856353,-0.132659,,18.469299,17.580999
1922153279,291.7661763,-75.03934933,-0.26942199,,19.233999,18.327
1922149620,294.7722062,-74.84130828,-0.021735501,,18.9245,18.0151
340927520,294.5508046,-75.20822234,1.06752,,14.8806,13.9682
340927615,294.3742293,-75.36379514,0.73030299,,15.7025,14.8298
340927861,294.6256235,-75.76684196,0.67904198,,15.7317,14.8586
466688429,296.0595318,-75.01397429,0.14221001,,18.0919,17.3095
466688497,296.1968172,-75.13732768,-0.066113703,,17.960899,17.153999
466688891,295.8079041,-75.89854284,0.39822599,,17.9086,17.0488
1922172265,298.2169519,-74.27541353,-0.029538499,,19.458,18.7012
423263769,297.7525419,-74.63339879,0.15031099,,17.952299,17.0896
401569415,310.1637162,-75.30668594,0.19963001,,17.4533,16.565599
364115103,289.2577972,-75.31336652,0.15623,,18.540199,17.7558
407885513,290.1254618,-75.03139128,0.27898899,,17.870501,17.103399
1987898761,302.4081967,-74.44421533,0.041916199,,19.117901,18.226601
1922173015,298.0840523,-74.18271378,-0.27764499,,19.740601,18.939899
1987902254,301.2883094,-74.07672903,0.072871,,18.3186,17.558901
327305478,311.0413783,-75.96258773,0.63248003,,15.4055,14.525
469811957,300.1346787,-74.43254575,0.672409,,14.95,14.1655
364115024,289.5465844,-75.40903149,0.26000401,,18.2757,17.4513
407885201,290.1871975,-74.55996414,0.48891801,,17.733,16.864
1922173644,298.0527072,-74.0599619,0.152454,,19.9177,19.130199
1922173666,298.0282532,-74.03144478,0.36335501,,18.552799,17.781
1922173667,298.0438288,-74.02572273,0.0275409,,19.2075,18.402201
1922173669,298.0828923,-74.01895163,-0.40849701,,18.8286,18.226601
1922173670,298.0894963,-74.0109373,0.116635,,19.624701,18.758301
469827630,302.4284123,-75.12730896,1.24523,,14.9062,14.0016
469827721,302.2401989,-74.9476252,0.496528,,16.1996,15.3042
407885569,290.4017798,-75.11262285,0.0155452,,17.3934,16.7679
340791630,292.6899768,-74.78766948,0.042303201,,18.094999,17.223301
401569817,310.0848305,-74.4956791,0.38339299,,17.460899,16.6299
340792102,292.6628388,-74.10161116,0.031302001,,18.0641,17.427999
1922127128,298.5740044,-75.88694583,-0.124148,,19.626301,18.7117
1922127129,298.5769514,-75.88282628,0.18423501,,18.604601,17.8188
1922127134,298.4106636,-75.88465856,-0.62496901,,20.5434,19.610201
1922127292,298.5285256,-75.78718233,0.159069,,19.4177,18.5798
327784700,312.464876,-75.0223808,0.15159,,17.086399,16.26
1922140786,291.5110141,-75.62492,0.154291,,18.7174,17.871
1922151864,291.504352,-75.39935993,-0.100675,,18.965099,18.0723
469827979,302.4387641,-74.46799765,0.79847097,,14.7172,13.808
469828108,302.2475852,-74.23437757,0.83671403,,15.2287,14.3191
1922127971,298.5738089,-75.76132812,0.185349,,19.3244,18.5047
1922154187,291.6360735,-75.03253641,-0.074036002,,18.920099,18.0902
1922154188,291.652935,-75.02726486,0.0233368,,18.9559,18.132099
1922142445,295.0785234,-75.54991983,0.173472,,18.9196,17.996201
1922147953,295.0170135,-75.26764355,0.11809,,18.590599,17.729601
1922128309,298.4632972,-75.58635497,0.144233,,18.9911,18.095501
1922128311,298.5427493,-75.57303264,0.176717,,19.2579,18.411501
1922129936,298.5738135,-75.43850252,-0.93674803,,20.6759,19.729799
1922129939,298.7395814,-75.46053331,0.186048,,19.5114,18.6117
1922129941,298.6677074,-75.45231304,-0.0523468,,20.091499,19.1712
1922160113,294.9636263,-74.42706609,0.201388,,18.746,17.850401
423264011,297.8184883,-75.11783927,0.412738,,17.1,16.1919
364114824,289.2065744,-75.70138547,0.104181,,17.6952,16.914499
340903490,294.4611722,-74.03820212,0.44646099,,16.548201,15.732
1987898949,302.2477559,-74.37788982,0.0335011,,18.9408,18.1203
1987899679,302.2973211,-74.2220026,-0.081917197,,18.756599,17.926001
1922130297,298.4752276,-75.28144718,0.258504,,20.2167,19.312901
1987888043,303.4361024,-75.2135667,0.25622901,,18.1996,17.318199
364115061,289.4130702,-75.35905684,0.343227,,17.3955,16.5277
469821199,300.768274,-75.25729687,0.27923799,,17.391199,16.494801
1922131230,298.7289172,-75.07600282,-0.0082392804,,19.313801,18.424
1987890309,303.0865205,-75.00428623,0.168558,,18.250999,17.409201
407885200,290.0108809,-74.55808832,0.25700799,,17.429199,16.569901
469821534,300.6357439,-74.54324948,0.34688601,,17.227301,16.382299
469821074,300.7547996,-75.50447829,0.37241301,,16.4867,15.5744
469821624,300.5814384,-74.38401969,0.41607401,,16.4139,15.5252
469827705,302.3543457,-74.97324543,0.50432301,,16.3382,15.4139
469827961,302.510464,-74.49629359,0.42592901,,16.4307,15.5399
1987890502,303.6390297,-74.84561456,0.23339801,,18.278099,17.504101
1987894921,303.4931649,-74.75489722,0.20114601,,18.217501,17.348101
407885709,290.3584303,-75.31615281,0.190696,,16.9575,16.139999
423238799,297.3163057,-75.81526321,0.415005,,16.623699,15.6707
468144744,305.1653827,-75.69013489,0.42797601,,17.586201,16.694401
340846373,292.93686,-75.7938986,0.302201,,17.7479,16.825199
1922131415,298.5824272,-75.03572795,0.0069869002,,19.6569,18.758801
1922131471,298.4290376,-75.0223801,0.293125,,19.0145,18.082701
1922165907,298.3791121,-74.9924798,0.278552,,19.2474,18.3204
469828072,302.3257944,-74.31206732,0.31616101,,16.315701,15.4465
469828203,302.3314959,-74.08554662,0.50862199,,15.8627,14.9627
469828233,302.4660089,-74.02770948,0.273325,,16.4167,15.6365
340791954,292.5716843,-74.32901513,0.0090651596,,17.7913,16.933701
331680140,306.6488609,-75.89709351,0.367282,,16.8778,16.0354
404239690,307.9383814,-74.09956939,0.28483501,,16.9238,16.1618
404239996,307.8146962,-74.70857304,0.488289,,16.8494,15.9987
340845798,292.9953455,-74.93227617,0.62028801,,16.939199,16.0364
468145204,305.1589164,-74.79041208,0.44806799,,16.6731,15.9317
331679795,306.4884428,-75.12028153,0.53317899,,16.621099,15.7497
469827944,302.4116493,-74.53197896,0.53904301,,16.1388,15.2684
1922167714,298.39548,-74.86312594,0.246482,,18.7495,17.924299
1922167577,298.597003,-74.82550946,0.149892,,18.872499,18.019699
1922168902,298.5935478,-74.49621093,0.49622601,,19.223101,18.4077
340845825,292.8059811,-74.98147471,0.62694699,,15.9736,15.0682
1988023804,306.4396272,-74.8099113,0.182475,,18.287701,17.413099
466684033,295.9534659,-75.95984043,0.054534301,,18.1012,17.2166
466688259,296.1294139,-74.68066364,0.32022199,,17.157101,16.3069
466688501,295.9443377,-75.14555858,0.0474783,,16.7796,16.298401
469821590,300.6986957,-74.43899788,0.426258,,16.3549,15.4773
469827949,302.3662,-74.52048641,0.30672899,,16.318899,15.4839
1922168954,298.5088628,-74.47151868,0.262667,,18.5529,17.763901
340845144,292.9816103,-74.03325981,0.47479799,,16.3668,15.5033
396215417,301.1956309,-74.81243465,0.108579,,18.2628,17.343201
261458629,304.7315325,-75.2111132,0.29008001,,16.4592,15.6636
468145103,304.9813271,-74.95706294,0.35592401,,16.4911,15.6257
423238861,297.2222938,-75.69723021,0.58417398,,16.444099,15.5217
396215542,301.3257396,-74.61886239,-0.30913001,,18.7101,17.844801
1922171959,298.4609582,-74.41177938,-0.23910201,,19.903299,19.017599
1922137035,291.9156176,-75.99919828,0.40803099,,17.6528,16.747999
1922172582,298.4465333,-74.23309571,-0.055523399,,19.296801,18.502199
1922172626,298.4985454,-74.19468525,-0.387135,,20.000099,19.207399
1922152108,292.1310762,-75.20373109,0.174693,,18.1388,17.2619
1922157368,292.2167869,-74.97302774,0.115153,,18.194099,17.379
1922160828,292.0679284,-74.79839259,0.185994,,18.179001,17.315599
404239692,307.7552695,-74.10033075,0.385068,,16.4172,15.5902
1922161919,292.0577332,-74.62869369,0.51720703,,15.4109,14.5499
1922194924,292.174658,-74.42852753,-0.195628,,18.0984,17.348
1922173541,298.6989362,-74.03622477,-0.085738897,,20.4974,19.6423
1922173545,298.7644252,-74.02843257,0.117853,,19.7341,18.8391
469828015,302.5113712,-74.40309518,0.061496101,,18.064301,17.1903
1922126401,298.9956843,-75.99274608,0.27715901,,18.935801,17.9881
1922126422,298.9946305,-75.97278981,-0.021396801,,19.6078,18.728701
1922126978,298.897426,-75.90337881,-0.241616,,20.109501,19.2012
1922127076,298.9118179,-75.85653186,-0.36414799,,19.9648,19.1555
1922127257,298.8140203,-75.81821424,-0.15094,,19.6113,18.7236
404240105,307.8656376,-74.89459095,-0.0097138798,,18.182899,17.3048
404240152,308.0512672,-75.0075437,0.141405,,17.434299,16.5627
401570038,310.2612532,-74.10163121,0.42053601,,17.0905,16.2346
340778068,291.8223213,-74.84646828,0.50845897,,17.0875,16.1917
340849432,293.2890722,-74.7353515,0.422883,,17.2155,16.368799
1922157970,292.9459995,-74.80152129,0.187875,,18.448299,17.638901
261428127,304.6083473,-74.75982338,0.41073501,,16.7945,15.9394
1922128360,298.8591613,-75.64374329,0.049832899,,18.410801,18.021601
1922128793,299.0537608,-75.43575107,-0.210951,,20.137899,19.26
1922130030,298.9454049,-75.40456909,-1.37595,,20.863899,19.934099
468145486,305.1232477,-74.25451462,-0.00040841501,,18.148001,17.283501
1922124229,296.5765732,-75.69636688,-0.0133018,,18.327,17.485701
1922130412,298.8317236,-75.17096927,0.349022,,17.8645,17.122
1922144595,296.6674221,-75.1883067,0.19463,,17.921,17.118601
1987938548,317.4100976,-75.49128248,0.080000401,,18.2743,17.542299
404239946,307.9997359,-74.59358741,0.31353199,,17.253401,16.4758
396214770,301.0433113,-75.87301063,0.138134,,18.3246,17.3979
469812064,299.9523615,-74.68151061,0.34889701,,17.044399,16.1812
1922132246,298.8919405,-75.04929068,0.14483599,,20.0177,19.0998
340791652,292.5581576,-74.74770513,0.34502801,,18.3661,17.4944
1922167588,298.9210872,-74.85394639,0.31229299,,19.299601,18.453199
1922167606,299.0508355,-74.81569073,0.17731,,19.598,18.6754
1922167659,298.8222612,-74.81263932,-0.16741499,,19.7045,18.765499
1922124445,296.8511822,-75.55075789,0.184304,,17.9097,17.009199
1922124703,296.9452568,-75.43661311,0.0862239,,18.276199,17.461599
1922167673,298.8154374,-74.78817748,0.26547,,18.5562,17.7656
1922167675,298.8336226,-74.77433781,0.019243101,,19.8109,19.021999
1922167708,298.9832729,-74.73442157,0.47683999,,18.6,17.848499
1922167860,298.899403,-74.72411199,0.34296399,,18.5144,17.621099
1922167881,298.9816591,-74.69200972,-0.481426,,19.7924,18.863501
1922167925,298.8456759,-74.66490154,0.58816701,,19.7999,18.905701
1922167942,298.8454758,-74.63150273,0.0199717,,19.155199,18.3004
401569516,310.1156629,-75.10781775,0.135148,,18.338499,17.4564
327784842,312.4437526,-75.31010849,-0.069856003,,18.270201,17.455999
1922169069,299.0934709,-74.49092853,-0.310545,,19.8365,19.063801
401538301,310.0802501,-75.324701,0.339937,,17.0109,16.122601
1987895200,303.2162318,-74.65226949,-0.62460601,,18.847601,18.1936
401569966,310.183394,-74.24513129,0.49309701,,17.209801,16.367399
340778078,291.6762278,-74.8267583,0.425621,,16.941999,16.2251
340778504,291.9128162,-74.19252571,0.31473401,,17.4104,16.5243
469827347,302.524979,-75.67803109,0.20246699,,16.9786,16.083401
1922169360,298.863865,-74.40329067,0.69915199,,19.136499,18.2486
1922172406,298.9645906,-74.27604285,0.228321,,19.3923,18.506399
1922172401,298.9430007,-74.29279548,-0.118374,,19.618,18.975201
469827390,302.1586851,-75.6080843,0.27483401,,16.979601,16.097401
340787553,292.0036257,-74.46993493,0.32686999,,17.3715,16.508499
1922172751,298.9086595,-74.10298645,-1.633,,20.665199,19.771601
469827456,302.4091496,-75.47784433,0.228192,,17.4636,16.592501
469827470,302.3774664,-75.46322302,0.196659,,17.4123,16.544201
469827493,302.4478088,-75.41854538,0.50853902,,17.1402,16.2341
469827495,302.3312938,-75.4158851,0.51200598,,16.751101,15.9076
1987938769,317.1861786,-75.38160533,-0.45271701,,19.231701,18.364
469827573,302.4678002,-75.24931028,0.29465801,,17.1668,16.377199
469827600,302.2669528,-75.17572852,0.159722,,16.9021,16.0347
469827738,302.2018543,-74.9188265,0.20864201,,17.1087,16.2358
1922173485,298.7682134,-74.05689852,0.45678601,,19.1523,18.4118
1987882653,300.194184,-75.76432467,0.47165,,19.586901,18.6325
1987882711,300.0745379,-75.69330501,0.187995,,19.360001,18.3958
1987891052,300.1742815,-75.54719429,-0.28420299,,20.275801,19.4501
469827993,302.2431825,-74.44985411,0.40939501,,16.5434,15.6781
469828022,302.3473315,-74.38882859,0.224622,,17.3545,16.478001
1987900748,300.2336616,-74.32644218,0.224695,,18.5175,17.801201
469828047,302.4506876,-74.34868756,0.32221499,,16.9762,16.0825
469828077,302.2741349,-74.3020395,0.24090099,,17.285801,16.380501
469828069,302.2074546,-74.31539295,0.37975299,,17.3459,16.4674
1987901751,300.1035295,-74.09503598,-0.0128854,,19.7129,18.8381
1987881484,300.6669959,-75.98392025,-0.61189997,,20.108299,19.2446
1987881485,300.673399,-75.97245542,-0.221452,,19.781401,18.8528
469828198,302.4134219,-74.0943228,0.35115501,,17.318199,16.427999
401569826,310.0574477,-74.48200485,0.283052,,17.2682,16.405199
1987882510,300.5457344,-75.71911298,-0.157598,,19.542999,18.5924
1987882683,300.3274023,-75.70823712,0.54320598,,18.8277,17.8873
1987891156,300.6171904,-75.48722031,0.59794998,,19.9049,18.9666
469828220,302.2378202,-74.04546691,0.401885,,17.170601,16.2939
1987887994,303.1755229,-75.28243774,0.136988,,18.664499,17.844101
468145361,305.0245503,-74.48263285,0.50217497,,17.035601,16.212601
404240614,308.0009063,-75.93676969,0.39317101,,17.123501,16.2062
340845511,292.7940694,-74.52526929,0.389651,,17.1031,16.355
340846266,293.1129601,-75.63042944,0.203215,,16.858299,16.351801
469827487,302.3811314,-75.4335427,0.277724,,17.034401,16.1859
1987891417,300.7730674,-75.40250217,-0.0874478,,19.255301,18.441299
1987891418,300.6813626,-75.41632695,0.247839,,18.4277,17.6057
1987897618,300.6368167,-74.68204423,-0.64830399,,19.9676,19.0802
1987900833,300.7917658,-74.35935065,0.58500302,,18.2083,17.4781
423238916,297.1412518,-75.59122987,0.364384,,17.2854,16.365299
468145518,304.9956175,-74.19138167,0.23504999,,17.308001,16.4473
404240043,307.7881163,-74.7800062,0.295609,,17.0282,16.191
1987901182,300.6159426,-74.17883718,-0.28568399,,19.8391,19.0135
1987882424,300.7267267,-75.81096441,-0.142195,,19.243401,18.303801
469827758,302.2574627,-74.8858608,0.30414101,,17.1605,16.2735
340848818,293.2206928,-75.78519747,0.312354,,17.051901,16.129
401538226,310.1122292,-75.47925961,0.60611498,,16.754801,15.8746
1987880431,301.4137767,-75.98154779,0.21827701,,18.7719,17.8592
1987881809,301.2315632,-75.76464444,0.51704901,,19.5742,18.655701
1987882260,301.4298479,-75.64878564,0.25972801,,18.9548,18.1115
1922137103,292.1667451,-75.92448279,0.11069,,18.615801,17.695299
1922157367,292.1845917,-74.9761437,0.110449,,18.507401,17.7188
1987881619,301.297904,-75.83539619,0.00219503,,19.112499,18.204599
1987883183,300.9396142,-75.53681725,0.0608203,,19.1989,18.491301
1922162115,291.9758072,-74.59254968,0.092553802,,18.2957,17.5669
1922194921,292.0623592,-74.42993134,-0.151186,,18.689301,17.804501
1922194923,292.1696012,-74.42949107,-0.038613599,,18.716299,17.889799
331680154,306.6136165,-75.92948221,0.335408,,16.7603,15.8603
1987894164,301.5899413,-74.88669195,-0.549546,,20.002001,19.1961
1987898482,301.4199929,-74.36905235,0.048927501,,19.7733,18.951099
1922146089,292.8432764,-75.51347237,-0.22373299,,18.5585,17.7404
1922157266,292.8017912,-74.93280918,0.20038299,,18.5128,17.627199
1922157964,292.8487762,-74.80502233,0.047706202,,18.391701,17.5277
1922161104,292.9620179,-74.73883223,0.14976101,,18.370001,17.555401
1987875245,303.8543508,-75.98577666,0.0073546502,,19.0436,18.303499
1922166686,296.7479917,-74.93353242,0.32886401,,18.3162,17.4858
1987875613,304.0955022,-75.90986779,0.574224,,19.3692,18.446501
423263815,297.7242599,-74.71464043,0.216378,,17.533899,16.671301
340846067,292.9504343,-75.31827745,0.43726501,,16.819599,15.9082
331679883,306.6892185,-75.30785041,0.36488399,,16.535101,15.6379
340845424,293.1142789,-74.40912155,-0.056425098,,16.970699,16.0875
1922177087,296.5915776,-74.16259895,-0.118324,,18.4778,17.6168
1922177936,296.5309411,-74.06491269,0.09454,,18.270201,17.372101
340849226,293.48477,-75.08506636,0.36862299,,16.805099,15.8849
340849526,293.1472756,-74.55447981,0.178799,,16.577,15.7597
1987875622,304.00979,-75.89574286,0.31998399,,19.0464,18.214899
1987875623,303.9433561,-75.89353956,-0.18478,,19.6605,18.796301
1987875631,304.0423034,-75.86372797,-0.27047899,,19.0252,18.2726
1922119768,296.8672731,-75.92459598,0.114447,,18.348,17.435101
1922123447,297.0536678,-75.69622391,0.142718,,18.5469,17.619801
340846371,293.0264653,-75.78965475,0.47138399,,17.123301,16.213699
404240377,307.9874608,-75.48548218,0.38387999,,16.9561,16.075899
1987883908,304.1452129,-75.79309792,0.14643499,,18.619101,17.8477
340848966,293.4250901,-75.53623669,0.29329601,,17.1917,16.2803
401569437,310.0916903,-75.27371854,0.462926,,16.9946,16.110399
327785170,312.534784,-75.97402363,0.208685,,16.8755,15.9632
1987947793,318.7109769,-74.12450762,-0.382943,,19.378,18.527
1987884018,304.215178,-75.77300397,-0.080453299,,19.3731,18.6278
340845371,292.8404748,-74.33590989,0.50192302,,16.9879,16.0945
340846352,292.76193,-75.76340727,0.44917399,,16.8923,16.0103
340846357,293.1204383,-75.77176717,0.37274399,,17.296801,16.378799
340778427,291.7079383,-74.30295163,0.484207,,16.834101,15.9417
331679713,306.5473218,-74.9411368,0.285696,,16.696199,15.8162
1987884255,304.0379802,-75.65842797,-0.0287754,,19.642,18.800699
1987884260,304.1340712,-75.63943381,0.182408,,19.870501,19.066099
1987884264,304.1011839,-75.63294866,0.231438,,19.7896,19.0144
340849878,293.3901426,-74.01317292,0.368305,,16.9881,16.1639
396211702,300.3090477,-74.68341073,0.28949901,,17.000799,16.114201
401570055,310.2821093,-74.05167307,0.18673301,,16.4849,15.7792
1988040992,303.9515199,-74.02772805,-0.26438001,,19.127399,18.3346
340845182,292.8244907,-74.08263311,0.46911001,,17.0516,16.144699
1922166351,296.7221753,-75.0643988,0.120674,,18.805099,17.927299
1987885044,304.0207096,-75.4761283,0.174639,,19.666599,18.8493
423263456,297.7535233,-74.04349319,0.172718,,17.0924,16.222099
340903512,294.5238083,-74.05513815,0.27637601,,16.8773,16.2693
1987881473,300.7652662,-75.99557958,-0.0182989,,19.052401,18.160101
1987885063,304.007781,-75.45419585,0.179314,,19.039801,18.1541
1987885285,304.6047324,-75.6905907,0.14714301,,19.0595,18.236799
1987875372,304.5038359,-75.98237766,-0.0971113,,20.317301,19.492399
340849474,293.1719141,-74.67433719,0.438324,,16.9189,16.019501
1987875373,304.5185063,-75.98104986,0.14653499,,18.9121,18.1115
1987875377,304.5624486,-75.98261495,0.287597,,18.896299,18.179899
1987884489,303.3740733,-75.70314457,-0.095359899,,19.052799,18.116699
1987890051,303.4388686,-75.09952224,0.069291003,,18.9174,18.054001
1987875434,304.5060101,-75.90649621,-0.55634499,,19.7206,19.002899
1987875436,304.5039218,-75.90510905,-0.046731502,,19.9589,19.115999
1987875454,304.6792142,-75.94993978,0.036887702,,19.003,18.262199
423264002,297.4525544,-75.10013793,0.275994,,18.124701,17.2507
1987890064,303.2766734,-75.09954455,-0.0302395,,18.7766,17.898899
1922195702,292.1567255,-74.22156948,-0.296244,,19.152,18.313999
340849284,293.1319036,-74.97194574,0.29304701,,18.034901,17.190201
468145160,305.2735045,-74.85998847,0.225508,,17.146799,16.280899
1987875513,304.7090872,-75.88222259,-1.81856,,20.785999,19.8922
1987875516,304.5581403,-75.88259516,-0.42719299,,19.8563,18.990801
1922171603,296.6629233,-74.38909727,-0.12157,,18.9779,18.108601
1922124704,296.9790167,-75.42982702,-0.22608501,,19.2328,18.3703
423264030,297.8537358,-75.1572888,0.25749901,,16.7932,16.035601
423264157,297.7469474,-75.44014135,0.227037,,17.107901,16.156
261428070,304.6055383,-74.64406454,0.339432,,17.225599,16.3398
261428081,304.5163183,-74.67025254,0.28352401,,17.053499,16.2362
261458556,304.7787491,-75.07076675,0.242908,,17.379601,16.566799
401569975,310.2028021,-74.22227075,0.306725,,18.059601,17.191099
1987897788,300.8181416,-74.58727462,-0.38031301,,18.993,18.126699
1922123411,296.7110181,-75.76438297,0.169102,,18.771299,17.853201
1922124281,296.8800323,-75.61598458,0.147735,,18.814501,17.9044
327784940,312.410643,-75.48115021,0.043311398,,18.2092,17.333
1987875683,304.3935317,-75.8519377,0.29439801,,18.752399,17.8822
1987875691,304.5946152,-75.82663759,0.103117,,19.0242,18.1651
1922124453,296.9977819,-75.52747368,0.087800398,,18.611799,17.7782
1922124651,296.8210281,-75.48801602,-0.0685049,,18.8283,18.011999
1922169011,299.1520469,-74.52958862,0.278458,,18.246901,17.327101
1922169399,299.0726687,-74.363631,0.25774801,,18.336599,17.4583
1922147227,293.1536606,-75.31372651,-0.28956899,,19.1329,18.274099
1922156084,292.9915037,-75.12463401,0.1727,,18.737,17.816401
1922170045,296.4727871,-74.70867387,-0.0260836,,18.8029,18.0329
1922120103,296.906657,-75.88861999,0.025203399,,18.8438,18.0182
423238932,297.3109474,-75.55757002,0.27622899,,17.4021,16.5672
1987892923,301.5272713,-75.23340398,0.059581298,,18.732901,17.855101
1987893986,301.405449,-74.95586971,0.23519599,,18.630699,17.7204
1987875679,304.5718309,-75.83957224,-0.160437,,20.435499,19.5688
1987875736,304.4509542,-75.8080502,0.243994,,18.7311,17.8675
1987875744,304.3002819,-75.81146388,-0.190697,,18.983801,18.253099
1922123442,297.0721657,-75.70268762,-0.0476675,,19.086,18.1765
1987892579,300.5121424,-74.93427981,-0.33908001,,18.959299,18.105
1987892089,300.82643,-75.17831115,0.0124792,,18.7173,17.8876
1987896558,303.4872655,-74.35290008,0.00296403,,18.7187,17.9771
1988040872,303.5371336,-74.13027721,0.202326,,18.472401,17.6136
468145512,304.989543,-74.20185135,0.18215001,,17.774099,17.031401
340927508,294.7056674,-75.1901368,0.29235101,,17.072001,16.1731
340787469,291.9931852,-74.36855509,0.171215,,18.226801,17.323999
340927745,294.4592229,-75.58133902,0.213488,,17.2374,16.3053
1988041137,303.3138579,-74.00961679,-0.028757,,18.6252,17.7729
1987883433,303.0994836,-75.982867,0.153529,,18.284401,17.537399
1987883554,303.399579,-75.88965602,-0.0054839998,,18.3883,17.5872
1987883737,303.4683051,-75.85100573,0.168198,,18.2826,17.3878
1987884877,303.7155123,-75.63760293,-0.0069819698,,18.920099,18.0522
1987875745,304.2932606,-75.81127266,0.234027,,19.897699,19.052799
1987875750,304.2992592,-75.80332722,-0.471679,,19.9986,19.297701
1987875761,304.5542531,-75.7847973,-0.212531,,19.702299,18.867001
1987875763,304.5965114,-75.76587504,0.40466499,,18.787201,17.9207
340778605,291.836797,-74.03990534,0.1716,,17.3731,16.4767
340791438,292.4487232,-75.07126668,0.14552499,,17.3708,16.531601
331679731,306.5610561,-74.98514755,0.0494432,,17.6513,16.9506
1987885102,303.3716372,-75.522258,-0.126136,,18.866199,17.9902
1987890121,303.1847441,-75.07865843,0.23988,,18.4568,17.5623
1987875765,304.5450969,-75.76590292,0.29040399,,18.911699,18.0133
1987875768,304.6867717,-75.76410552,0.124551,,18.934999,18.1024
1987875784,304.5184758,-75.74938548,0.129712,,18.9461,18.119301
1987877041,304.7478502,-75.73624661,-0.00181896,,19.3207,18.4909
1987877044,304.7685461,-75.73875631,-0.39225799,,20.1348,19.392401
1987895132,303.3686639,-74.70643836,-0.0274258,,18.871,18.031799
1988022939,306.3852412,-75.02181663,0.0107216,,18.523899,17.6915
1988023746,306.6312881,-74.8175274,0.212366,,18.386,17.560301
404239968,307.6804731,-74.63262761,0.237464,,17.144199,16.3188
1988024044,306.5105128,-74.67364821,0.22446901,,18.226801,17.4454
1988025299,306.4944264,-74.62649464,0.169347,,18.575199,17.686899
1987965391,307.0215707,-75.52738563,0.247067,,18.5012,17.597099
1987885306,304.6742226,-75.64941098,0.055549301,,20.1108,19.3328
1987885308,304.7000135,-75.63147959,-0.497973,,19.6952,18.9599
401569544,310.0558038,-75.0750736,-0.056030501,,18.206699,17.3619
1987969503,311.3626653,-75.05398079,0.0331196,,18.3517,17.496
1987969582,311.4944927,-75.00369473,0.224887,,18.0741,17.3174
1987969603,311.6398647,-74.9773531,0.195401,,18.253901,17.422199
1987969912,311.2500017,-74.81536875,0.242998,,18.546301,17.7013
1987971596,311.3115411,-74.72910029,0.20404799,,18.3622,17.534599
1987885398,304.6668772,-75.56439734,-0.24198499,,20.4466,19.6434
340927620,294.7127472,-75.37678149,0.207487,,18.212799,17.3067
1987974875,311.5802792,-74.2151439,0.041046299,,18.7243,17.8652
1987975035,311.3125508,-74.13822305,0.137275,,18.4489,17.568701
1987992044,311.5507072,-74.03481705,0.190762,,18.277599,17.434401
1987880639,302.5644489,-75.86449839,0.19722299,,18.8622,17.936899
404240329,307.9274618,-75.3713318,0.239563,,17.430599,16.558399
1987885656,304.708927,-75.49454347,0.71759403,,18.725901,17.9307
1922153862,290.3373377,-75.10129563,0.30357701,,19.227501,18.354
1922191919,290.3358995,-74.75338014,0.29861999,,19.4263,18.545799
469828018,302.3993292,-74.39543335,0.208928,,17.176201,16.337
340845211,292.7988635,-74.11819562,0.076924503,,18.051901,17.145201
1922192966,290.3811042,-74.56041142,-0.166871,,19.401899,18.569901
1922193642,290.4076048,-74.33935752,-0.118384,,19.2215,18.533001
1922194188,290.4681793,-74.14577623,0.078154102,,19.346201,18.5989
1922152543,290.6178545,-75.27046898,0.38159099,,19.3461,18.5616
1987888264,302.5945136,-75.33717559,0.078590401,,18.7955,17.9664
1988038176,303.6484046,-74.20717882,-0.185049,,18.677099,18.0201
1988041136,303.3016145,-74.01541575,0.226974,,18.611601,17.7313
1987883760,303.342304,-75.81884451,-0.16126101,,18.723,17.8235
340845969,292.7881514,-75.19953862,0.318885,,17.658501,16.7474
1922200704,290.843048,-74.00889534,0.50725597,,19.3416,18.5114
1922154526,291.6861232,-74.89351902,0.097835198,,19.4524,18.7092
1922195288,291.6993675,-74.31681111,0.36432999,,19.456301,18.6992
1987894933,303.1669863,-74.78299794,-0.0201053,,18.855,18.058001
1987966528,306.5204601,-75.30203711,0.033964001,,18.780701,17.9284
1922155923,292.5605826,-75.25012121,0.116879,,19.618799,18.737301
1922161489,292.5771047,-74.61523396,0.019442501,,19.5994,18.816401
1922161486,292.7477355,-74.59022152,0.240688,,19.5373,18.6738
1922141466,293.8031204,-75.99130819,0.22347,,19.361099,18.4639
1922141791,293.709145,-75.84087315,0.324249,,19.314699,18.3671
468144830,305.1744395,-75.50174164,0.26164499,,17.8022,16.9238
331680072,306.4915916,-75.74949283,0.238484,,17.5219,16.648701
1987966634,306.631866,-75.1781183,-0.246749,,19.017,18.1397
1988023769,306.690016,-74.82615492,0.042367999,,18.8867,18.0508
1922142308,294.4724767,-75.66438073,0.212539,,19.672501,18.7873
1922143052,294.4767627,-75.58782196,-0.0153535,,19.6544,18.748199
1922149422,294.2955699,-74.99136216,0.35135001,,19.543301,18.7043
396251096,302.6168185,-75.02347996,0.056217901,,18.4252,17.516701
469812069,299.9469143,-74.69087808,0.18841401,,17.050301,16.174101
1988025276,306.8085653,-74.6221492,0.163397,,18.746401,17.8972
1987876420,306.8169617,-75.71506667,-0.232869,,18.7752,17.902901
1922165589,297.0087036,-75.09795772,0.37157899,,19.2679,18.434299
1922170009,296.886011,-74.68342202,-0.18072,,19.517,18.782499
1922177066,296.8137176,-74.1420491,0.26206601,,19.278999,18.482401
1987965695,306.9516786,-75.41138612,-0.073243797,,19.0952,18.252501
1987965702,307.0909118,-75.41900933,-0.265057,,18.544701,17.822599
340791766,292.7415988,-74.57453941,-0.0144318,,18.4631,17.569599
396250678,302.7485951,-75.75775607,0.21273001,,18.499701,17.683901
404240185,307.8758512,-75.08725471,0.29768699,,17.353701,16.469601
404240252,307.8048562,-75.21414592,0.098405696,,17.588301,16.7001
1922128016,298.7725099,-75.67934919,0.411688,,19.5019,18.6287
1922128265,298.5968954,-75.58759721,0.38181099,,19.551201,18.6584
1987959921,311.251235,-75.19737636,0.13812999,,18.7458,17.895901
1987969634,311.3456757,-74.97045519,-0.038071699,,18.666201,17.903
1987969862,311.3039327,-74.87062649,-0.109277,,18.8412,18.0396
469827323,302.2975234,-75.70546266,0.206907,,18.1252,17.212
1987937609,317.2637357,-75.7613804,0.110099,,18.5947,17.725
340845141,292.7888075,-74.02956031,0.32808301,,17.556299,16.687099
1922130345,298.836604,-75.25788681,0.68630201,,19.548599,18.633101
1922132174,298.8707273,-75.12595665,0.0102614,,19.163601,18.318199
1922132156,298.9588771,-75.12699898,0.018064801,,19.3393,18.4139
340845450,292.7575442,-74.43792053,0.28677899,,17.879601,16.982401
340845427,293.029573,-74.41528821,0.105037,,17.8067,17.100901
1922132251,298.8390343,-75.03633647,0.31331,,19.385799,18.499001
1922172422,299.0430284,-74.24588026,0.084610596,,19.1945,18.2969
1987891162,300.5650079,-75.47584291,0.1044,,19.5455,18.633801
1987898145,301.2681758,-74.4934397,-0.076856002,,19.3013,18.389299
1987875403,304.1785268,-75.97329176,0.48843801,,19.237801,18.4125
1987884085,304.3692753,-75.69304629,0.305695,,19.0795,18.284
1987884302,303.8610689,-75.62907014,0.33881199,,19.443399,18.573099
340846376,293.0790154,-75.79564435,0.21590699,,17.7267,16.855301
468144852,305.2141362,-75.46088489,0.264393,,17.753201,16.8694
396214884,301.3147452,-75.70001509,0.146455,,18.506399,17.619301
396250769,302.9696298,-75.56767261,-0.053770501,,18.4645,17.6152
340791169,292.6887886,-75.46522901,0.339412,,18.2425,17.364
1987875771,304.7013068,-75.74882822,-0.33506101,,19.2724,18.4685
1922150323,290.4904002,-75.72432482,-0.219228,,19.6437,18.828199
1922194187,290.4970897,-74.14824503,0.34444201,,19.500799,18.701
1922200702,290.8335641,-74.01463081,0.052304,,19.641001,18.846201
404240037,307.7475884,-74.76486349,0.175119,,17.420099,16.5417
404240146,307.8034781,-74.99829518,0.127207,,17.8276,16.956499
1922162078,291.579068,-74.57851143,-0.175706,,19.472799,18.7339
1922196126,291.5169389,-74.24912965,0.45565,,19.5548,18.720301
1922140192,292.7916268,-75.61127462,-0.272753,,19.8092,18.961901
404240259,307.6971546,-75.22455042,0.146404,,17.719801,16.8323
404240371,307.8490024,-75.45972813,0.226448,,17.633301,16.729
340848823,293.4878208,-75.77911092,0.42916,,18.2024,17.2733
1922157509,292.5227149,-74.90165387,0.11538,,19.6084,18.7684
1922162269,292.6617268,-74.55881229,0.359568,,19.670799,18.8209
1922162375,292.632618,-74.49124877,0.042851299,,19.520599,18.6474
1922195864,292.7227445,-74.11285318,0.130372,,19.726601,18.886
1922146192,293.7173231,-75.42087725,0.147036,,19.679399,18.813499
1922157863,293.5863131,-74.72493241,0.0246806,,19.474899,18.6905
340845833,292.8493501,-74.99576233,0.314913,,18.002399,17.1005
331679674,306.5069942,-74.85396253,0.303128,,17.698,16.814699
1922166304,296.8673295,-75.09300833,0.48859501,,19.3915,18.6017
1922166807,296.8259923,-74.88867778,-0.095761903,,19.582399,18.8752
1922166809,296.8110748,-74.88246598,-0.250981,,19.604799,18.933701
1922169745,296.7112518,-74.75401193,-0.326689,,19.6826,19.0054
1922171671,297.0664133,-74.35074576,0.036170799,,19.4634,18.6451
423238936,297.1909433,-75.54603582,0.192205,,17.521799,16.9762
1922167523,298.5976615,-74.88455995,0.185909,,19.882401,19.005899
1922168903,298.5776966,-74.49459714,-0.144876,,19.752701,18.8542
1922172580,298.4380745,-74.2544745,-0.189081,,19.514099,18.624599
340899199,294.2908572,-75.6108911,0.309652,,13.7037,12.8579
1987880430,301.3809907,-75.99698514,0.32655299,,19.514601,18.5851
340927256,294.5216329,-74.79507241,-0.038903601,,18.365299,17.4568
1987883330,301.4222112,-75.39841686,-0.148463,,19.726601,18.961201
1987898483,301.4266315,-74.36723153,-0.50351101,,19.5299,18.8899
468145332,305.0455002,-74.54881288,0.34258699,,17.992001,17.099701
404239678,307.9132271,-74.08516048,0.174252,,17.6208,16.8279
404239927,307.7356976,-74.53946216,0.213195,,17.445299,16.742001
396251015,302.6799601,-75.16389963,0.163321,,18.2651,17.3636
340845240,292.9944605,-74.16064555,0.225555,,17.4125,16.5513
468144661,305.1144613,-75.86762491,0.085901402,,17.368299,16.5165
340849611,293.0968494,-74.40943923,0.12953299,,18.1658,17.330799
340848720,293.3201721,-75.93736008,0.15177099,,18.120001,17.214001
327305540,311.1767826,-75.82604635,0.25071001,,18.139999,17.249599
468145379,305.0023325,-74.45524277,-0.0298678,,18.157101,17.347099
468145420,305.2984754,-74.39341423,-0.001626,,18.1887,17.2962
469821214,300.9705015,-75.2215009,0.114267,,17.2078,16.615
404240318,308.0154538,-75.35761665,0.091423497,,17.8426,17.111
469821635,300.655331,-74.3721322,0.246903,,16.801201,16.2435
340778593,291.5982629,-74.0575217,0.29358101,,17.652901,16.7787
340787403,291.9628874,-74.29557927,0.246488,,17.832399,16.970501
340791541,292.7335154,-74.93675733,0.29857901,,17.154301,16.261
340845474,292.913772,-74.4764731,0.141644,,17.5846,16.692499
340845688,293.1103147,-74.78994847,0.34910399,,17.417999,16.556
340846210,292.9861829,-75.54524842,0.25097901,,17.2418,16.349001
340848853,293.278274,-75.71799034,0.23323201,,17.3456,16.768499
340848909,293.2276651,-75.61509151,0.184788,,17.0961,16.308201
340849690,293.2882395,-74.29881662,0.30380899,,17.4328,16.605801
340849869,293.4637869,-74.01926724,0.251811,,17.7624,16.897301
340845830,293.1352904,-74.98636346,0.14179499,,18.6486,17.725599
340846236,292.8719239,-75.59773981,0.066974699,,18.273001,17.427799
469827399,302.2582633,-75.59110521,-0.053603299,,18.200899,17.3265
340849875,293.1877475,-74.0146021,0.48609599,,17.541599,16.650299
401538169,310.4086534,-75.62294368,0.28796801,,17.196199,16.4524
401569443,310.3621871,-75.261754,0.304533,,17.023399,16.191799
401569615,310.2842782,-74.92753225,0.31987101,,17.161301,16.3988
340846459,292.988903,-75.907766,0.308891,,18.0609,17.183201
331679819,306.8042388,-75.15684631,0.176723,,18.3827,17.553801
404239769,307.8676233,-74.2296229,0.104648,,17.977301,17.148001
401569881,310.2350502,-74.37128684,0.436185,,17.660299,16.831301
340778246,291.7128379,-74.58503409,0.12429,,18.2355,17.4338
340778595,291.7352398,-74.05384463,0.23689499,,18.1113,17.2369
340787361,291.9754346,-74.23790413,0.33574101,,17.9715,17.0865
469828053,302.2087213,-74.34066659,0.061270099,,18.036699,17.204901
469828137,302.2563954,-74.20231808,0.103602,,18.2777,17.389999
404240095,308.0370457,-74.87913446,0.075419798,,17.935301,17.1422
404240150,307.8270326,-75.00369174,0.211273,,18.1012,17.2327
340849115,293.4011468,-75.28879177,0.0637035,,18.127899,17.2997
404240267,307.6615961,-75.24926178,0.231378,,18.174,17.407801
340927423,294.4373193,-75.04820309,0.154383,,17.750999,16.8367
340927424,294.5353067,-75.05330721,0.27139899,,17.4191,16.5494
423263475,297.7478826,-74.08112471,0.0446591,,17.473801,16.7017
423263479,297.8156238,-74.09023171,0.02104,,17.577101,16.856199
396212072,300.5730348,-74.10566007,0.112552,,18.303699,17.489
396214766,301.060042,-75.87769914,0.107742,,17.930901,17.0058
423264066,297.5882938,-75.24238823,0.30930001,,17.6464,16.776899
469827816,302.4944585,-74.77034482,0.41254601,,17.2101,16.3174
469828097,302.3573893,-74.27432552,0.0085497703,,17.684099,16.9312
469828138,302.5213725,-74.19894505,0.169761,,17.532101,16.702
469827943,302.3016482,-74.53321164,0.386895,,17.6381,16.783501
261428061,304.7549319,-74.62588067,0.0206868,,17.681801,16.8372
340845179,292.7009343,-74.07877712,0.28353301,,18.281601,17.4527
340845359,292.9935264,-74.32204694,0.17605101,,18.241199,17.361
340845426,293.1014884,-74.41491748,0.31009099,,18.1868,17.3169
261428148,304.7802512,-74.79665149,0.236555,,17.454599,16.5828
265368209,315.400947,-74.71671985,0.15414201,,17.3915,16.7698
469827707,302.2773425,-74.97046961,0.22446901,,17.336201,16.413401
469827912,302.3296093,-74.59419121,0.073385,,17.2897,16.405001
396251058,302.6295294,-75.09587594,0.050887398,,16.8983,16.013399
261428203,304.5597831,-74.90432687,0.075822502,,17.419399,16.598101
327305525,311.1805464,-75.8621284,0.41463,,17.2071,16.320101
265368723,315.2229193,-75.8306774,0.25954399,,17.274099,16.5623
469820934,300.7856503,-75.7775717,0.066323698,,17.9744,17.076
423238919,297.3465192,-75.58899607,0.35404101,,18.1092,17.186199
469821228,300.8954501,-75.19584709,0.125946,,18.0807,17.138399
469827679,302.260426,-75.04024522,0.159849,,18.066799,17.143499
469827860,302.2311305,-74.68580999,0.126885,,18.110201,17.2439
327785145,312.6243112,-75.93712982,0.171161,,17.3398,16.4408
469821533,300.7028655,-74.54361819,-0.011354,,17.760401,16.8659
340778159,291.6825477,-74.69883814,0.28240901,,17.7827,16.879801
340778224,291.6380393,-74.61540605,-0.0278829,,18.056601,17.1754
340778362,291.6822424,-74.42033756,-0.0286723,,18.083,17.2099
469827974,302.3181389,-74.47210765,0.34296101,,18.162399,17.2735
340787317,292.3083284,-74.18352555,0.240785,,17.9403,17.088301
340791151,292.3582311,-75.48383207,0.291857,,18.041599,17.178101
404239681,308.0946598,-74.08632547,-0.0049855998,,18.307301,17.503599
396247700,301.927061,-74.5836331,3.67009,,,
340903586,294.3624342,-74.14474085,0.174619,,18.058701,17.1898
340791583,292.4878234,-74.86282964,0.34560001,,17.6845,16.8778
340791666,292.6621286,-74.72038238,-0.062491301,,18.1409,17.291901
404239704,308.0169126,-74.11577233,0.088138796,,17.9909,17.1106
404240183,308.0099985,-75.08174753,0.29398501,,17.818501,16.9543
340927870,294.4123135,-75.79316187,0.19509199,,18.1444,17.223301
340791943,292.382207,-74.34543324,0.135966,,18.0203,17.118
404240357,308.0223522,-75.41801503,0.203775,,17.9484,17.0588
404240513,307.9688867,-75.75093593,0.377646,,18.0884,17.210899
340849593,293.4948732,-74.45557893,0.190456,,17.8379,17.035101
340899383,293.9987743,-75.29970389,2.1194999,,13.2956,12.4756
404191526,294.9449083,-75.2424051,3.9563601,,10.0162,9.5033503
396247913,302.0367865,-74.29068562,6.0682201,,10.3089,9.5871496
404219695,303.5130415,-75.8678635,6.24541,,8.4777002,8.0620203
404219710,303.4277307,-75.91413203,2.26531,,11.6547,10.9656
340848831,293.275021,-75.7687473,0.068201199,,18.2029,17.2722
340849686,293.1798275,-74.31089655,0.0161881,,17.9076,17.1189
396250725,302.7261225,-75.65444547,0.35896,,17.808599,16.873899
396247002,301.7968327,-75.75012875,3.4135699,,11.1946,10.5383
364135526,289.8074382,-74.32191841,1.3264101,,13.0807,12.2042
340845494,293.0634185,-74.50067178,1.7435499,,12.2523,11.4935
398447123,298.2531601,-75.38285281,2.1029999,,11.3307,10.6083
396247388,301.8343577,-75.12798463,2.12081,,12.276,11.5336
261396053,304.0698817,-74.45496536,4.0086699,,12.0803,11.2536
261396492,304.0261279,-75.2813193,3.9586999,,11.7904,10.9898
261396645,303.802221,-75.56052957,1.87791,,11.4748,11.0025
404190850,294.8001593,-74.06718265,1.4985501,,12.3354,11.5424
261458818,304.6050805,-75.59217448,2.9333301,,9.9314699,9.4965696
340900080,293.9609008,-74.24845462,2.68822,,10.6278,9.9584303
466690841,296.2995329,-75.93830608,2.4828999,,11.82,10.9645
261458796,304.8182233,-75.55453747,2.75828,,11.0162,10.4534
396215087,301.0482345,-75.3520942,0.0963168,,18.1136,17.202999
404266620,308.7600214,-74.56767341,0.0450055,,18.323,17.4657
404240075,307.8627274,-74.83360941,0.161415,,17.665701,16.864201
398461296,299.0771102,-74.88533628,4.0278502,,12.4638,11.5674
469820969,300.8179486,-75.71413796,0.192459,,18.109501,17.2577
404191584,294.8236984,-75.31977412,2.58165,,11.8813,11.1967
396246997,301.9863261,-75.75622961,1.76278,,12.2779,11.4753
396247492,302.0433393,-74.95963525,3.2665401,,11.9568,11.1086
404219110,303.6734859,-74.68760208,2.30601,,11.6501,11.0526
404219279,303.6460149,-74.98030318,1.50824,,12.3505,11.7081
469824921,301.5675354,-75.06102755,1.44292,,13.5913,12.7263
469825023,301.6394518,-75.24567269,1.6734,,13.7609,12.9158
469825062,301.4168104,-75.34032076,1.62367,,12.544,11.8023
469825096,301.4739543,-75.40292711,1.3552001,,13.701,12.8364
340899343,294.0888287,-75.36683798,2.4123299,,12.7605,11.939
340899402,294.2042951,-75.27018964,1.54559,,13.6514,12.7991
340899613,294.2318383,-74.92529786,1.50888,,12.7786,12.0673
340899661,293.9591193,-74.85515242,1.75843,,13.4259,12.5295
340899769,294.0748918,-74.70671399,1.25837,,13.8218,12.9281
340900078,294.0665849,-74.25257835,0.95017803,,13.034,12.2955
340845911,292.7578356,-75.11512912,0.16909599,,18.3482,17.4529
340845893,292.9959432,-75.07698667,0.27448401,,18.0492,17.2911
469827548,302.5124926,-75.30372455,0.134168,,18.096901,17.219999
404219357,303.5848391,-75.12202044,2.3111899,,12.5528,11.6957
404219518,303.3330065,-75.46986305,1.57134,,11.5167,11.1286
261396465,303.9678075,-75.23201768,3.49547,,12.1591,11.3321
261396510,303.9770543,-75.30806239,0.91815501,,12.5563,11.8643
404219630,303.6336021,-75.73068121,1.6586699,,13.443,12.6564
423266567,299.0415548,-74.8539188,2.6419899,,12.9381,12.0252
398461345,299.3502759,-74.98228598,1.23998,,13.6163,12.7858
398461500,299.1356972,-75.27669027,1.49669,,12.8493,12.0373
469824984,301.7468512,-75.17309598,0.247931,,16.3811,15.6172
261424720,304.2901208,-74.8889602,2.2474,,12.9281,12.104
364136496,289.740886,-75.73287467,1.90285,,12.6319,11.8175
469827812,302.3526503,-74.77598516,0.13428099,,17.918301,17.0313
469827802,302.4437404,-74.79777064,0.030877501,,18.198999,17.3207
469828186,302.1816187,-74.11154493,0.316367,,18.2609,17.392799
340845295,292.8404739,-74.2422182,0.36436599,,17.385,16.528799
469825225,301.4457858,-75.6514301,0.482941,,16.4275,15.5428
327784741,312.6511551,-75.10998349,0.317184,,18.0187,17.1486
327784918,312.4472679,-75.44070419,0.37445,,17.604,16.8531
396247543,301.8577425,-74.86342236,2.22645,,11.8573,11.2124
396247544,301.9250751,-74.8619991,1.46156,,13.5491,12.6684
396247791,302.1408832,-74.45051823,1.60033,,13.3457,12.5178
469828230,302.2153338,-74.03324647,0.119768,,18.3543,17.5763
469828235,302.3949313,-74.0249755,0.112782,,17.8976,17.0021
469821555,300.8512985,-74.50648839,0.0893832,,17.7061,16.817699
340845431,292.9673467,-74.42114871,0.33532801,,17.548901,16.6745
340900176,293.994413,-74.1437832,0.471131,,16.056601,15.2204
398461386,299.061897,-75.05495805,0.62201297,,16.1849,15.2511
469828238,302.4593005,-74.02171277,0.31510001,,18.007601,17.092501
340778057,291.5594567,-74.86141849,-0.0182188,,17.7703,16.903099
340778059,291.6776244,-74.85994826,0.35442299,,17.953899,17.062099
340778297,291.9218636,-74.51040708,0.33333799,,17.721001,16.8372
340777685,291.8844911,-75.43047585,0.239169,,17.509899,16.6192
364136498,289.899059,-75.73912727,1.9807,,12.9752,12.0761
340898997,294.0712421,-75.92291841,1.33067,,13.8362,12.8924
404190814,295.0482779,-74.01062897,1.4724,,13.663,12.8333
261458772,304.6708687,-75.49272488,0.39211801,,16.239,15.4103
469825218,301.6776698,-75.62782653,0.708278,,15.7211,14.844
404191033,294.7973213,-74.32924266,1.52803,,12.5207,11.8574
404191231,295.0937523,-74.68598951,1.49134,,13.1989,12.3408
404193962,298.6430136,-75.80252783,1.67238,,13.5857,12.7442
404193963,298.5343669,-75.80165283,1.45652,,13.7165,12.8965
469821294,300.6357093,-75.0293455,1.66096,,12.9939,12.0788
261458821,304.5606048,-75.59481592,0.28564799,,16.495501,15.597
340899121,294.0428051,-75.70256498,0.58538401,,15.1666,14.32
340927322,294.499731,-74.8913513,0.168469,,18.109301,17.2096
340927500,294.4348251,-75.17198694,0.15101799,,18.251801,17.326099
396246926,302.0009145,-75.87826563,1.3818001,,13.3521,12.4287
396247518,301.9688126,-74.92404663,0.94186002,,13.734,12.8684
340899272,294.261144,-75.47393434,0.33182999,,15.2292,14.5082
340899466,293.9721236,-75.16640586,0.61708701,,15.56,14.6675
340899864,294.0696779,-74.59286288,0.54502499,,15.7009,14.8291
466691096,296.3162821,-75.4138671,0.50269401,,15.3731,14.4802
466691542,296.4299733,-74.56952239,0.66983902,,15.3391,14.5533
261458739,304.7135409,-75.41931538,0.822465,,15.7505,14.8771
404219281,303.5928021,-74.9806353,2.0613899,,13.3059,12.5256
404219415,303.3820319,-75.24410678,1.7882299,,13.6067,12.7341
404219632,303.4088151,-75.73614518,1.22756,,13.4815,12.5845
261396164,304.0884152,-74.68054724,1.80643,,13.1801,12.3577
261396292,303.8057783,-74.91054542,1.38337,,13.2422,12.4229
469824939,301.7046939,-75.09696028,0.88939297,,14.8841,14.0047
261396683,304.0507959,-75.62811396,1.62129,,13.1347,12.3841
261424159,304.1351597,-75.86596029,1.5338,,13.4429,12.5913
261424771,304.3465474,-74.80676499,1.36306,,12.8276,12.0615
469825113,301.4372122,-75.43917674,0.79518199,,14.7584,13.9677
469825154,301.6449765,-75.50272266,0.70470798,,15.0963,14.2466
468145482,305.0534265,-74.25623539,0.30295399,,17.4757,16.650999
331680152,306.5735826,-75.92352563,0.219448,,17.4867,16.7623
340787608,291.994707,-74.57337256,0.068577103,,17.9384,17.0534
340791172,292.7096919,-75.46023707,0.137519,,17.820499,16.953699
340791256,292.5586224,-75.36018918,0.15851,,17.274099,16.408701
469825155,301.379803,-75.50602052,0.48376799,,16.2941,15.4138
469825175,301.6498075,-75.53950428,0.51789498,,15.5573,14.719
469825204,301.6009311,-75.59824803,0.71199298,,15.0253,14.1524
469825043,301.7132672,-75.29517183,0.95934403,,14.7144,13.8985
364136148,289.8187041,-75.15283793,1.37848,,14.0997,13.2981
364135439,289.9446926,-74.20560185,0.60661399,,16.2894,15.4154
340791646,292.3540592,-74.75895316,0.122441,,17.681999,16.8209
340792044,292.4190463,-74.19052813,0.065775096,,17.559299,16.8002
340792126,292.5034199,-74.06896113,0.37398401,,17.7376,16.895
396210992,300.1821898,-75.7734501,0.37901601,,17.897699,16.953699
469825135,301.420212,-75.47036814,0.94812,,14.1052,13.334
469825220,301.4721838,-75.63105362,1.3191,,13.7228,12.9652
469825334,301.7502271,-75.89265032,0.579723,,15.1202,14.2565
396247086,301.8872776,-75.64266252,0.71438998,,15.946,15.0398
404219755,303.4434124,-75.99147344,0.39119601,,16.7866,15.9646
404240381,308.0394723,-75.49225914,0.214765,,17.628401,16.766399
340899048,294.263684,-75.84399825,0.665667,,14.6222,13.7172
340899268,293.94451,-75.48374478,0.87387103,,15.2265,14.3485
340899313,294.1957577,-75.40887,1.08859,,14.1608,13.2445
340845256,292.952788,-74.18024137,0.26436701,,17.341999,16.438
340846429,292.7674165,-75.8631846,0.23844101,,17.8832,17.0264
261396179,304.0661059,-74.70157579,0.325313,,16.1968,15.4846
261396505,303.7617044,-75.30285986,0.26616099,,16.620501,15.8834
261396530,304.0978505,-75.3480157,0.289711,,16.667101,15.799
261424267,304.1379223,-75.6780801,0.038451701,,16.746201,16.336901
340899464,293.9035057,-75.16791884,0.66358799,,14.6851,13.7976
340899554,294.0106621,-75.03339118,1.04206,,13.9979,13.1503
340899761,293.9761742,-74.71374594,0.758232,,14.8527,13.9892
261424792,304.1312586,-74.76887658,0.197504,,16.9648,16.219101
469821029,300.811804,-75.59064151,0.49278399,,16.9874,16.1091
404219182,303.6656834,-74.80671855,0.395704,,16.7768,15.9178
261396344,304.0609955,-75.02062548,0.14323699,,17.825899,16.9461
261396512,304.074298,-75.30997695,0.135939,,16.8374,16.1807
396250828,302.8152314,-75.47563101,0.209389,,18.183901,17.309401
340849074,293.4531902,-75.36437383,0.184025,,17.993299,17.2176
340849049,293.1884636,-75.40505733,0.34159499,,17.790899,16.8978
340900046,294.1126639,-74.29787458,0.61948502,,14.5925,13.7477
466691210,296.4578064,-75.20516595,1.28566,,14.0143,13.197
404193920,298.4105543,-75.90962934,0.84107602,,15.1506,14.298
404193939,298.5535975,-75.86618637,0.35108599,,16.111401,15.1895
404240610,307.7355295,-75.92905798,0.217907,,16.7185,16.2668
261396647,303.876313,-75.5617272,0.154153,,17.2381,16.345301
261424086,304.5487921,-75.98245267,0.0244011,,18.3477,17.466999
261424201,304.2855463,-75.79543013,0.25171199,,16.740499,15.8928
404191037,294.800446,-74.33364762,0.90027702,,15.1522,14.3274
340849056,293.1603948,-75.39679542,0.234707,,17.4139,16.5228
396251157,302.6476093,-74.93939696,0.201663,,17.845699,16.954399
261428131,304.6322073,-74.76723649,0.046102699,,17.913099,17.1924
261428166,304.8146654,-74.83886233,0.35089901,,17.9622,17.0996
261396660,303.7514243,-75.57830272,0.73514199,,15.4843,14.5656
364135924,289.9138046,-74.85360022,0.51182503,,16.0194,15.2589
261458595,304.7034977,-75.14344765,0.112367,,18.0392,17.1646
340849747,293.1394455,-74.20485094,0.449359,,18.049,17.166401
396212028,300.5758807,-74.18579807,0.204109,,17.729099,16.991199
396212114,300.4226529,-74.05840427,0.198778,,17.6668,16.818199
396215778,301.0915121,-74.24208218,0.32597801,,17.841101,17.018801
404266766,308.521005,-74.86984413,0.464203,,17.700899,16.886101
396247253,301.9645558,-75.32969311,0.45797899,,16.697399,15.8334
396247094,302.0889965,-75.63031986,0.34833401,,16.6665,15.7791
469812215,300.1051751,-75.02055656,0.13565999,,17.6607,16.7386
401538264,310.2966354,-75.39616436,0.420145,,17.358999,16.5327
401538277,310.258985,-75.36327539,0.221324,,17.4317,16.6586
469827400,302.3192025,-75.59056512,0.30812401,,17.459299,16.5746
340900026,294.013469,-74.33105329,0.69434202,,15.6594,14.7605
364135493,289.8791621,-74.27269267,0.50216597,,15.7907,14.9204
401569593,310.3718905,-74.96373157,0.28732201,,17.7782,16.8974
401569730,310.1277027,-74.65736394,0.32889101,,17.719299,16.8463
401569832,310.3086131,-74.46541971,0.30441001,,17.5571,16.7106
469827490,302.3720206,-75.42615576,0.109654,,17.734301,16.8703
469827842,302.3164231,-74.72725039,0.23104601,,17.7549,16.955
469827864,302.3543582,-74.68109884,0.12235,,17.735701,16.9256
340845313,293.0621544,-74.2614901,0.65480202,,15.8297,14.9355
340845460,293.0516542,-74.45833546,0.42721301,,16.0158,15.1121
340845619,292.9521119,-74.68476282,0.488148,,15.7308,14.8475
340846469,292.8326033,-75.92375236,0.383196,,16.4021,15.528
340899475,293.98693,-75.14997539,0.42613101,,15.8632,14.9439
327785169,312.7095545,-75.97346115,0.459512,,17.4277,16.6234
340778134,291.7675467,-74.72985682,0.127271,,17.7829,16.8983
469827960,302.5182754,-74.50054461,0.104284,,17.951799,17.105301
469827962,302.3999753,-74.49591214,0.41538101,,17.2652,16.3762
340899898,293.9479071,-74.53399158,0.652237,,15.9085,15.0008
404190843,294.956033,-74.05375997,0.38108101,,16.371599,15.5238
404190976,294.8802801,-74.24152922,0.38426301,,16.1805,15.366
398447895,298.1715834,-74.18160481,0.40400001,,16.285801,15.4279
340791306,292.5138041,-75.28562686,0.43401399,,17.2349,16.3715
340845257,292.9007678,-74.18142944,0.27588901,,17.5951,16.707701
1987889301,304.0106348,-75.1315868,0.070406497,,18.230499,17.3654
396289840,302.6463394,-74.1329967,,,12.5242,11.7438
396289884,302.8019746,-74.06592733,,,11.8878,11.0006
469828210,302.3240949,-74.0771416,0.336335,,17.5877,16.706301
340899552,294.1908115,-75.03694472,0.25470299,,17.890301,16.997601
398447919,298.1936439,-74.13371384,0.52980602,,15.4918,14.6402
396247023,301.7774124,-75.72437427,0.58524102,,16.0553,15.1351
396247132,301.8336901,-75.56973226,0.54777497,,16.641701,15.7332
340848737,293.2034486,-75.90188416,0.35689399,,17.6101,16.7201
340849108,293.2473779,-75.29570616,0.216822,,17.490999,16.591499
340927392,294.5782859,-75.00025217,0.133449,,17.8855,17.0436
340927393,294.4014475,-75.00218683,0.172342,,17.6472,16.8407
396246868,301.9004408,-75.95951419,0.61179101,,16.270201,15.3313
396247274,301.9671506,-75.30507708,0.381975,,16.5861,15.703
401538012,310.3361583,-75.95317552,0.14507,,17.424999,16.5868
423263477,297.8484322,-74.08691303,0.331691,,17.847401,16.975201
401570080,310.3026161,-74.00504054,0.0144182,,17.805201,16.935301
469821537,300.733816,-74.53179018,-0.0048653302,,17.804899,16.888
469821540,300.8269509,-74.52352535,0.36934701,,17.698299,16.7883
469821689,300.713132,-74.27165515,0.234052,,17.810101,16.9093
469828153,302.2475719,-74.17305965,0.047697499,,15.669,14.9528
407923636,290.6407106,-74.853845,0.032947201,,15.0541,14.3644
423263695,297.5101272,-74.50633763,0.243818,,17.9328,17.0912
423263820,297.6486379,-74.71865664,0.165281,,17.429399,16.666
469821460,300.9562041,-74.69964019,0.18771,,17.878799,16.9928
396247517,302.0179346,-74.92836966,0.590092,,15.8465,14.975
396247583,302.1209669,-74.79242156,0.61330903,,16.0746,15.2039
396247771,301.8821471,-74.47309968,0.381473,,16.4949,15.6471
404219238,303.4325609,-74.9120592,0.56588101,,16.225901,15.3336
1988037812,305.2604667,-74.10546722,0.275581,,18.2999,17.484301
1988039123,305.1961318,-74.05378508,0.21141399,,18.067499,17.309401
423263853,297.5199696,-74.78900254,0.27947301,,18.0683,17.239201
423263888,297.67297,-74.88657065,0.19723199,,17.6159,16.8638
404219589,303.5888303,-75.63193675,0.64468199,,16.147301,15.2558
404219622,303.4129269,-75.71075101,0.58829999,,15.6918,14.8415
261396392,303.9089846,-75.12043769,0.65838099,,15.9736,15.1227
340778135,291.5865584,-74.72926077,0.274064,,17.461599,16.579
423264277,297.5148545,-75.69719087,-0.117012,,17.844101,16.962
1988028927,306.3744432,-74.24472087,0.027385799,,18.2288,17.3778
261396681,303.9727953,-75.62119834,0.28799099,,16.510099,15.6079
1988029224,306.2274365,-74.11338931,0.292743,,18.053499,17.1877
1987873401,306.0006233,-75.96991302,0.33586299,,17.5797,16.729099
261424118,304.4372376,-75.92845204,0.164489,,16.2931,15.6068
261424158,304.3887625,-75.86840919,0.46315801,,16.5926,15.6789
261424319,304.4862051,-75.58331254,0.205514,,16.1359,15.3512
261424591,304.2703401,-75.09163788,0.48544401,,16.1539,15.2962
340787551,292.2332404,-74.46855139,0.371434,,16.939699,16.0427
340787677,291.989005,-74.67817159,0.31988901,,17.0812,16.2407
364136423,289.7219421,-75.60885378,0.467347,,16.2213,15.3261
261396217,303.8496871,-74.76256654,0.36416101,,16.296301,15.4595
396250617,302.7615677,-75.84887483,0.314605,,17.546499,16.691999
396250872,302.7291634,-75.38433542,0.35808599,,17.1516,16.2645
396250881,302.6500487,-75.36729353,0.26754001,,17.749399,17.016199
469821299,300.648463,-75.02045967,0.31222901,,16.325701,15.4556
364135759,289.8343304,-74.62736188,0.512927,,16.217699,15.335
396246953,302.1444388,-75.83409791,0.182228,,16.576,15.6367
396247248,301.8972343,-75.34399949,0.382002,,16.6952,15.8329
396250947,302.5933523,-75.26550035,0.242762,,17.9942,17.1194
396250974,302.5805792,-75.22331957,-0.103161,,17.8445,16.9797
396251077,302.5465623,-75.06583195,0.27292201,,17.598,16.7927
340845687,292.7417111,-74.7892722,0.31026101,,17.3715,16.5348
340846146,292.963695,-75.44009002,0.24159101,,17.516001,16.613501
396251155,302.7400569,-74.9413997,0.47196499,,17.5634,16.6483
396251158,302.8024544,-74.93653003,0.220898,,17.532,16.6894
261428019,304.722725,-74.55100782,0.218015,,17.6353,16.769199
261428107,304.5411823,-74.72328758,0.20291901,,17.784599,16.9058
340848824,293.2477973,-75.77913926,0.32861501,,17.6008,16.7129
364135764,289.9017081,-74.63103995,0.98551899,,14.2984,13.4327
340899226,294.0746129,-75.5619705,0.34226301,,16.7332,15.8438
469824911,301.4000836,-75.04257869,0.50283301,,16.4065,15.4858
261458538,304.5726626,-75.05388424,0.263827,,18.038401,17.1922
261458560,304.6989963,-75.08518226,0.037574999,,17.8447,16.9779
261458573,304.8337907,-75.10195183,0.059969999,,18.0394,17.196899
261458591,304.6748221,-75.13733788,0.21038599,,17.6499,16.775299
327305646,310.7372939,-75.59531358,0.25420401,,17.9333,17.053101
396212064,300.4180706,-74.12093165,0.26065901,,17.716,17.0662
469824993,301.7355906,-75.19011552,0.37637201,,17.465099,16.5811
469825284,301.5209471,-75.78136932,0.337134,,17.618401,16.6873
423266696,298.9009851,-74.60909808,0.31776899,,16.579,15.6837
327305647,311.0273299,-75.58989011,0.082583301,,17.5329,16.7969
327305763,311.0869121,-75.35331224,0.36740199,,17.707199,16.847
265367996,315.3884335,-74.21581254,0.31903499,,17.757099,16.9552
265367997,315.452918,-74.21559791,0.28248501,,17.693001,16.818399
401538218,310.2776975,-75.5205217,0.340967,,17.138599,16.247
469825370,301.4541914,-75.97026089,0.25714099,,16.9869,16.0975
423266691,299.0075956,-74.6148715,0.77376997,,14.7212,13.9447
340899373,293.9087095,-75.31718796,0.43380401,,16.9214,16.0159
364136311,289.6835774,-75.41077813,1.00493,,14.2732,13.4619
364136500,289.8315184,-75.74150291,1.05855,,14.4399,13.5824
364136502,289.7021162,-75.74334567,1.50849,,14.0824,13.2087
340845356,292.868646,-74.32127736,1.06585,,13.8338,12.9879
340899525,294.2312171,-75.07145905,0.297521,,16.6334,15.8915
265368319,315.2989925,-74.92735052,0.085213602,,17.858999,17.103701
265368722,315.1994179,-75.83022355,0.19655401,,17.7775,16.985901
340927573,294.5531626,-75.2984859,0.228181,,17.531799,16.6434
340927894,294.4888225,-75.82802582,0.3436,,17.7686,16.8827
469827361,302.5004814,-75.65532724,0.312718,,17.3958,16.627001
401569545,310.1785019,-75.07475432,0.0191612,,18.151199,17.259001
404193922,298.6196977,-75.90861594,0.43318301,,16.9298,16.115
466691795,296.286108,-74.16012226,0.58398902,,16.2791,15.4253
469827764,302.5174972,-74.87933851,0.25118199,,17.331301,16.4641
469827785,302.3931935,-74.83272669,0.22057,,17.6213,16.706699
469828052,302.2585911,-74.34144921,0.237414,,17.7757,16.9168
469828078,302.1978383,-74.30022743,0.23026501,,17.5958,16.691401
340899348,294.0918888,-75.35684439,0.71565002,,15.4817,14.5634
469825315,301.7533084,-75.8456207,0.33143499,,16.5485,15.6571
340846134,293.0098516,-75.42117736,1.1754,,13.804,12.997
396289898,302.7310988,-74.04986564,0.169597,,18.2323,17.402
261396364,304.0160081,-75.05872644,0.247142,,18.291901,17.4013
466694963,296.9487871,-74.66032675,0.25885701,,16.4114,15.6948
401569965,310.3211312,-74.24517813,0.37853399,,16.8745,16.004101
469827444,302.1711983,-75.50519793,0.32114199,,17.486401,16.6266
