256096738,267.0425932,-75.14897218,0.234732,,17.8445,16.951799
256097105,267.1734119,-74.79749961,0.21432699,,17.803499,16.950399
1508892534,267.4101419,-75.25523466,-1.47364,,20.310499,19.555201
256097802,267.0706602,-74.14633624,-0.0605256,,17.7603,16.947001
256096587,267.1555497,-75.29950939,0.0611034,,18.3986,17.569401
343339482,267.5555535,-74.05176731,0.134321,,17.572399,16.7388
343340256,267.2209222,-74.85297472,0.235552,,18.4021,17.507999
1508893991,267.442559,-74.91251559,-0.0482415,,20.2108,19.3634
1508893992,267.4566613,-74.91235182,0.207322,,18.958099,18.0993
1508966259,267.4926044,-74.8936967,0.049062401,,19.658199,18.7516
1508875931,267.5187035,-75.97786104,0.155074,,20.246,19.2675
1508889061,267.4981493,-75.47803719,0.36578,,20.1432,19.2311
1508892764,267.5331651,-75.12053619,-0.36687699,,19.707399,18.9289
343340324,267.4298249,-74.93934873,0.120508,,17.9536,17.0849
1508966531,267.6277113,-74.76285332,0.575737,,19.712799,18.836599
1508967628,267.4930292,-74.62320698,0.174619,,20.103901,19.236601
1508967713,267.5295348,-74.55736229,0.64978498,,19.3438,18.464899
1508972402,267.50795,-74.19126895,0.151241,,20.2328,19.370899
1508985124,267.6060376,-74.0487511,0.267638,,19.608299,18.825899
1508985125,267.5926062,-74.04095441,-0.216323,,19.704901,18.8703
1508882315,268.2975581,-75.63964196,-0.28501499,,19.349001,18.4793
1508886308,268.3586274,-75.30294894,0.247242,,19.5431,18.6696
1508886659,268.2504578,-75.28488505,0.157821,,18.810699,17.9834
1508887085,268.3286258,-75.21435133,-0.28787899,,20.1493,19.2796
1508959550,268.8834357,-75.06138776,-0.442938,,20.521,19.642401
1508959876,268.2223729,-75.00886584,0.531739,,20.0821,19.204599
1508964392,268.3093914,-74.65179284,-1.49111,,20.7523,19.896799
1508964627,268.302622,-74.58328037,0.29830599,,19.468,18.5681
1508965822,268.3150372,-74.38991076,0.12770499,,19.002399,18.1539
1508965824,268.3390186,-74.38436318,0.358964,,20.1359,19.246599
1508978721,268.3655726,-74.14094296,0.36210799,,18.5016,17.6842
343297688,265.7481703,-75.82182394,1.66935,,13.7264,12.7733
343290352,265.3318056,-75.31745547,0.43669501,,16.7111,15.8032
343291154,265.5390303,-74.34633917,0.23292799,,17.2481,16.3953
343297034,265.8010752,-75.0875497,0.204184,,17.0354,16.1362
343290026,265.3663646,-75.72654409,0.41490501,,16.0168,15.2138
343290027,265.4607111,-75.72472995,0.57157201,,15.1473,14.2574
343290087,265.4823647,-75.66916572,0.819152,,15.7568,14.8195
343290107,265.5236356,-75.63803266,0.85087901,,15.6479,14.6988
343290211,265.5619954,-75.50113614,0.96925402,,14.7176,13.7859
343291169,265.4757643,-74.3253673,0.34854999,,15.6562,14.9621
343291172,265.4062766,-74.32291009,0.44926,,16.126699,15.2494
343296557,265.8555958,-74.61727015,0.316304,,16.1845,15.2869
343290101,265.4753545,-75.65120341,0.53378701,,16.251801,15.3263
343290209,265.4909441,-75.50233836,0.328574,,17.534901,16.6929
343290105,265.5180876,-75.64459784,0.121595,,17.945801,16.990999
343289992,265.472194,-75.79292022,0.37632599,,17.2376,16.2556
343290120,265.3326142,-75.62163245,0.120201,,17.6738,16.813601
343290703,265.2703118,-74.87992839,0.167151,,17.7054,16.849501
343290705,265.3231457,-74.8768235,0.25986201,,17.094,16.215599
343290709,265.3466388,-74.87144205,0.363965,,18.080999,17.1686
343297037,265.9224864,-75.09007531,-0.0298512,,18.1898,17.313499
343290348,265.2919757,-75.32200294,0.333076,,17.9027,17.0121
1508972946,266.8941103,-74.14031337,-0.053458702,,19.1124,18.2411
1508973074,266.8001684,-74.41106559,0.203548,,18.9489,18.065901
1508889334,267.7163556,-75.38547008,0.061603699,,18.5604,17.644501
1508893878,267.5864553,-74.96552605,-0.0212304,,19.067301,18.215799
1508970761,267.6038864,-74.52168684,0.25864401,,18.759899,17.874399
1508972655,266.9358719,-74.20713854,0.0159811,,19.540899,18.767799
1508972656,266.9486894,-74.21233363,-0.32152101,,20.490601,19.6961
1508972659,266.883541,-74.21456417,0.25908801,,19.2062,18.454599
1508985435,266.8993503,-74.04455688,-0.238269,,19.9785,19.177999
1508987050,266.8683003,-74.04054201,0.0104607,,19.646299,18.850901
1508987051,266.8719663,-74.03461772,-0.41424599,,20.5676,19.7176
1508985450,266.9435604,-74.02807044,-0.58729398,,20.272301,19.4391
1508872102,267.740437,-75.77347917,0.25418901,,19.354,18.399599
1508893867,267.6441582,-74.97250771,-0.0136026,,20.0469,19.2066
1508893875,267.5599825,-74.96921933,-0.085651502,,19.492201,18.6563
1508966455,267.5600777,-74.80554706,-0.029608101,,20.078199,19.176001
1508970765,267.8045236,-74.54120581,0.25486299,,19.524,18.829599
1508972334,267.5308485,-74.21942199,-0.31928799,,19.9097,19.15
1508984815,267.5626572,-74.13712617,-0.15501,,19.189199,18.496201
1508970740,267.7144336,-74.53918215,0.046277702,,20.025299,19.194599
1508971982,267.7415109,-74.30396717,-0.46769699,,19.7934,18.9475
343344217,267.8612967,-75.59009995,1.66589,,13.4755,12.5102
343399886,267.9038224,-75.04734924,3.57477,,11.1597,10.3869
343399634,267.92605,-75.30597501,1.02698,,13.672,12.7585
343450728,268.3998348,-74.56900343,1.19133,,13.6384,12.922
256096916,266.8199844,-74.96892993,0.113173,,17.146799,16.265499
343405016,268.0475517,-74.21536046,-0.0202385,,15.7989,15.4485
343404846,268.027816,-74.01164086,0.82936299,,14.3421,13.5423
256096702,267.1859765,-75.18508665,0.536102,,15.9358,15.013
256097337,267.175363,-74.55133163,0.99454898,,14.5869,13.812
256097339,267.161388,-74.55057701,0.462854,,16.388,15.5026
343344283,267.6305392,-75.50165836,1.46357,,14.3846,13.4905
343399870,267.7047243,-75.06176457,0.446309,,15.8242,14.9932
343400270,267.952799,-74.60658704,0.55679202,,16.1432,15.3249
343406159,268.3389165,-75.69874909,0.24493501,,15.946,14.9563
343404930,268.0392634,-74.10599539,0.93239999,,14.7058,13.8419
343406353,268.2658555,-75.95613487,0.17963199,,15.6564,15.0489
343343903,267.9446248,-75.9996729,0.47411999,,16.4398,15.408
343405506,268.3237976,-74.84443203,0.60310698,,15.0899,14.2004
343405914,268.0377085,-75.38463243,0.64169502,,16.377701,15.4798
343343908,267.9848197,-75.98754888,0.54939997,,16.4818,15.4834
343400454,267.6927138,-74.42187591,0.240246,,16.9266,16.0881
343405632,268.1393207,-75.00683176,0.194267,,17.005899,16.319599
256097684,267.1029106,-74.25847039,0.29485399,,17.537201,16.682699
343406326,268.2035093,-75.90554699,0.34628201,,18.0159,17.030199
256096701,267.1433257,-75.18635698,-0.0379497,,18.247,17.356199
256096917,267.0463408,-74.96880022,0.18782701,,16.8937,15.9963
256096923,267.0622039,-74.96352425,0.132533,,17.220699,16.360001
343344280,267.7470256,-75.50410192,0.17389201,,17.853201,16.921101
343344282,267.813328,-75.50182171,0.42262501,,17.232,16.313299
343399554,267.7793592,-75.40026258,0.29272801,,17.1961,16.3018
343400311,267.7853175,-74.56826047,0.16062699,,17.1609,16.2747
343400459,267.6838216,-74.41279003,0.171381,,17.5825,16.7409
343405629,268.2877763,-75.00514476,0.123214,,17.243,16.385799
343406292,268.0088217,-75.87004849,0.380151,,17.667801,16.688299
256096700,267.1205656,-75.18722397,0.071897998,,17.447201,16.524799
343400268,267.9005027,-74.61019748,0.26165399,,17.791201,16.968599
343404933,268.2623226,-74.11059562,0.29692599,,17.477699,16.6467
343450730,268.6005723,-74.5668939,0.21541899,,18.0313,17.195
343405720,268.3952849,-75.1361888,0.151971,,17.638599,16.7355
343405722,268.2884029,-75.13904732,0.281528,,17.7327,16.8843
256097686,267.2013977,-74.25747345,0.29170299,,17.2624,16.400299
343404847,268.1532674,-74.0115709,0.243273,,17.852699,17.1117
1508876603,266.958053,-75.78015759,0.063703597,,19.1301,18.1012
1508877308,267.0255594,-75.69565625,0.337084,,18.307301,17.4195
1508877334,266.8582274,-75.68880192,0.064075902,,19.1532,18.1485
1508877338,266.885666,-75.67917744,0.077212498,,19.063999,18.1411
1508877561,266.8288008,-75.65051209,-0.20390201,,19.120399,18.115499
1508888629,266.8898257,-75.51655348,0.140735,,18.327299,17.5501
1508888872,266.899714,-75.42764452,0.208635,,17.5837,16.694
1508888886,266.9405858,-75.40483316,-0.420077,,19.263,18.328501
1508889602,266.9298497,-75.37889983,0.29741099,,18.5674,17.671801
1508889624,266.9550985,-75.35217198,-0.122567,,18.494101,17.6071
1508889853,266.9362889,-75.28381007,-0.54269803,,19.525999,18.6357
1508890022,266.9022953,-75.20532503,-0.034048099,,18.9823,18.133801
1508893409,266.9206471,-75.03122093,0.00728556,,18.828699,17.936199
1508893467,267.7409571,-75.13230906,0.0231001,,18.829,17.937799
1508894500,266.9323312,-74.86420501,0.122255,,18.316401,17.421
1508966816,266.8376082,-74.78395263,-0.00609751,,18.9573,18.086599
1508967162,266.8371652,-74.65561269,-0.113558,,18.855499,18.0769
1508967132,266.9714856,-74.6753386,0.161498,,18.794201,17.947399
1508968210,266.8940661,-74.51782002,-0.028579401,,18.788,17.9534
1508971514,266.9138556,-74.3575345,0.30572999,,18.238199,17.453699
1508971738,266.965707,-74.32187001,-0.0572205,,18.759899,17.9716
1508971758,267.0803861,-74.31997691,0.209962,,18.1054,17.359501
1508971801,266.9097307,-74.27775189,0.15222099,,18.251499,17.4104
1508883615,268.2418824,-75.43095166,-0.385299,,19.3356,18.436399
1508961086,268.250489,-74.84168975,-0.197743,,18.4289,17.5511
1508961087,268.2385439,-74.83805889,0.242419,,18.632999,17.772499
1508964684,268.2188712,-74.53290795,0.036200099,,18.1597,17.3134
1508961479,268.2775175,-74.7174237,-0.103018,,18.924101,18.1763
1508961483,268.2487989,-74.70380258,0.053223401,,18.964001,18.134399
1508961531,268.156598,-74.67692998,0.22451399,,18.5138,17.7428
1508873783,266.9975529,-75.97681519,0.102144,,20.0229,19.002899
1508873801,266.8747895,-75.96143665,0.13699301,,19.5282,18.4561
1508876562,266.8076413,-75.83834463,-0.418908,,20.061501,19.0532
1508876575,266.8672519,-75.82751852,-0.096747898,,20.560699,19.593
1508876582,267.0210075,-75.83635317,0.22738799,,20.028999,19.115801
1508877259,266.935747,-75.77478054,0.158272,,19.7876,18.752701
1508877321,266.8509343,-75.6916642,0.233501,,19.6945,18.6359
1508877339,266.882333,-75.67475377,-0.057800099,,19.890699,19.0166
1508877487,266.9784915,-75.64862819,0.045972399,,20.025101,19.0196
1508877563,266.8347113,-75.65653189,0.46446401,,18.665199,17.774
1508888579,266.8655921,-75.53667703,0.33224499,,19.683399,18.788799
1508888627,266.9108924,-75.5238121,-0.40394801,,19.8901,19.024401
1508889698,266.8813141,-75.36830679,-0.37049901,,19.5742,18.835199
1508889700,266.8284612,-75.36831643,0.25232199,,20.259399,19.3531
1508889625,266.9444682,-75.34805041,0.70578498,,19.5198,18.584801
1508889672,266.9335879,-75.33189769,-0.226799,,20.167101,19.2892
1508889771,266.8306171,-75.30147889,-0.232815,,19.933599,19.134701
1508890008,266.8146594,-75.22103852,-0.042006802,,19.7754,18.8797
1508893048,266.8150055,-75.17743747,0.082586803,,19.683901,18.898199
1508892967,266.9572277,-75.16668522,0.113783,,19.393,18.495701
1508892968,267.1790685,-75.19273629,-0.48639899,,20.0882,19.197901
1508893034,266.9631205,-75.13383962,0.21819501,,18.861799,17.9466
1508893065,266.8997318,-75.15822532,-0.062737599,,19.867399,19.004601
1508893067,266.8735773,-75.16323647,0.20342501,,19.1495,18.2694
1508893330,266.9085544,-75.08522489,0.28949001,,18.8827,18.008499
1508893412,266.9408625,-75.02014408,0.27467099,,19.5161,18.615999
1508893462,266.7390031,-74.97871079,0.385057,,18.268299,17.442101
1508894444,266.9139877,-74.91262727,0.199224,,19.001499,18.1611
1508966815,266.8438329,-74.79217673,0.30175599,,19.993099,19.1584
1508966806,266.9457778,-74.78000637,-0.117702,,19.3431,18.445299
1508967969,266.8498043,-74.58233771,0.32079601,,18.939301,18.2939
1508967971,266.8062423,-74.57963892,0.41697201,,19.898001,19.004499
1508968020,266.8948216,-74.57385438,0.25623399,,19.221201,18.375099
1508968021,266.9229699,-74.5581165,0.119698,,20.249599,19.369499
1508968023,266.8574371,-74.5609575,0.26981899,,19.1947,18.4582
1508967996,267.0468213,-74.57285579,-0.108996,,20.34,19.526699
1508967997,267.0145843,-74.5678846,0.0187377,,18.6427,18.038099
1508968045,266.8482063,-74.52343336,0.0238664,,19.664,18.9638
1508968049,266.8273908,-74.51767312,0.105699,,19.138599,18.435801
1508968305,266.9249584,-74.4463904,0.55997199,,19.371,18.541401
1508971454,266.8395429,-74.38611553,0.274398,,19.070801,18.1884
1508971730,266.902103,-74.31489803,-0.104054,,19.7721,18.930599
1508971719,266.9255371,-74.32439504,0.31316701,,19.5063,18.6642
1508971742,266.9108896,-74.30821277,0.300414,,19.5191,18.7929
1508871342,268.4975075,-75.96341283,0.206148,,18.985901,18.0914
1508959964,268.2780122,-74.97030423,-0.89801598,,20.789101,19.891899
1508978431,268.2961831,-74.24028438,-0.210186,,19.5392,18.8276
1508978433,268.2878205,-74.23554885,0.270953,,18.952499,18.1852
1508871998,268.1427822,-75.79441247,-0.42754799,,19.7903,18.8715
1508965587,268.2501105,-74.44915187,-0.62092501,,20.091299,19.341299
1508965588,268.2508807,-74.44289957,0.424905,,19.419201,18.576599
1508965916,268.2292501,-74.33054636,0.26877901,,19.067801,18.1866
256053714,266.1311226,-74.8725316,0.25370201,,17.1127,16.229799
256053963,266.2400529,-74.63011505,0.28372499,,16.9963,16.1094
343340989,267.3765834,-75.7180455,0.225657,,17.367399,16.6357
256053983,266.3497792,-74.60385265,0.84755403,,15.2745,14.4427
343340041,267.4500651,-74.63632485,0.54217398,,15.8785,15.0038
343340388,267.29436,-75.00781226,0.83718598,,14.2483,13.5472
343340993,267.2916922,-75.71929769,0.74181402,,14.9975,14.0086
1508895824,266.5384878,-74.85374013,1.10132,,13.6271,12.8665
343340038,267.487808,-74.62887854,0.75592297,,14.6895,13.8286
256053987,266.1365685,-74.60145063,0.16510201,,17.4995,16.691
1508875622,265.6860787,-75.85517413,0.168117,,18.8755,17.928699
1508875620,265.7630763,-75.84799482,-0.082704403,,18.9233,17.8944
1508876462,266.5121461,-75.86043032,0.0513907,,19.0611,17.9849
1508877388,266.6448525,-75.70118727,0.155013,,18.896799,17.906
1508877453,267.0432031,-75.69358479,-0.23712599,,19.3969,18.3521
1508890066,266.549497,-75.50184751,0.376564,,18.337299,17.395599
1508890154,266.4881768,-75.44038871,0.093656197,,18.318701,17.5247
1508890169,266.5101285,-75.42759,0.116184,,18.343399,17.487
1508890425,266.5439817,-75.36569428,-0.124223,,19.260599,18.364901
1508894950,266.5335852,-74.97133101,-0.0559754,,18.4876,17.7215
1508895723,266.5430562,-74.93696007,0.181105,,18.104601,17.2299
1508895799,266.4818439,-74.87866614,-0.459425,,18.978901,18.2693
1508895809,266.555571,-74.8726343,-0.127278,,18.786699,17.9333
1508895792,266.5855059,-74.88563603,-0.0024909801,,18.931101,18.0604
1508969658,266.5020904,-74.53034107,-0.52273798,,19.522499,18.632601
1508969854,266.6653996,-74.44960037,-0.328105,,18.9494,18.2365
1508969856,266.6270407,-74.44051224,0.232682,,18.6173,17.7384
1508969654,266.504762,-74.54619629,0.27547401,,18.189199,17.322399
1508969845,266.5806785,-74.44824951,0.0107912,,18.1625,17.379101
1508969864,266.5927177,-74.43861766,0.033607502,,19.2358,18.360201
1508974349,266.6183457,-74.15989836,-0.114942,,18.985701,18.1269
1508974415,266.6958493,-74.13578367,0.15998501,,17.690001,17.0355
1508889665,267.0428075,-75.34870355,0.25599501,,18.7222,17.809099
1508889666,267.0151226,-75.33861866,-0.038609698,,18.6241,17.7339
1508972996,267.107442,-74.10977842,0.241956,,18.346201,17.516701
1508876036,267.2510791,-75.95477582,0.060791802,,18.5159,17.570801
1508894098,267.1188795,-74.9924231,-0.037567899,,18.790199,18.009501
1508967854,267.2519659,-74.59739545,0.198909,,18.326599,17.4494
1508967858,267.229626,-74.589691,0.063053399,,18.6604,17.8304
1508972544,267.3468572,-74.24741907,0.24138901,,18.604099,17.74
1508967783,267.2091913,-74.65193847,0.13303401,,18.954901,18.0714
1508874696,265.6973075,-75.99757332,0.32813501,,20.048401,18.9666
1508874693,265.8003625,-75.97967455,-0.291686,,19.709801,18.6994
1508875432,265.7575377,-75.8802402,0.0113635,,19.2988,18.375
1508875635,265.6549625,-75.82697827,-0.560709,,19.692301,18.719601
1508873850,266.5897188,-75.98042407,-0.191773,,19.678499,18.6444
1508873853,266.5584784,-75.9650364,-0.348701,,20.242399,19.164499
1508873914,266.573456,-75.90991329,0.130484,,19.5879,18.5749
1508873917,266.5064557,-75.91269525,-0.103901,,19.698099,18.77
1508877984,266.4148633,-75.73159446,-0.196761,,20.176399,19.2022
1508879118,266.4414437,-75.54712327,0.0857068,,19.632299,18.933599
1508879116,266.503668,-75.55001233,0.0795191,,19.8293,18.8547
1508890077,266.5388503,-75.47111407,-0.158002,,19.7068,18.777
1508890148,266.4866232,-75.45759672,0.24420901,,19.954,19.1194
1508890379,266.4230466,-75.39575186,0.101169,,19.6311,18.7714
1508890388,266.3648567,-75.38891559,0.452797,,19.420099,18.4972
1508890426,266.533325,-75.35195965,0.247613,,19.917601,19.0439
1508890451,266.4359986,-75.34416784,0.01363,,20.1506,19.2216
1508890442,266.5437087,-75.33543298,-0.36249799,,20.3265,19.473
1508891237,266.4902283,-75.30530169,0.250539,,18.6513,17.812799
1508891316,266.4693456,-75.25556144,0.0223583,,20.241899,19.379499
1508891293,266.6022209,-75.25791506,0.48605299,,18.8734,17.9529
1508891307,266.5298145,-75.24615153,0.38141501,,18.7962,17.8906
1508891599,266.4937629,-75.15359905,-0.21381301,,19.5271,18.6605
1508894591,266.5011702,-75.11158242,0.51961398,,19.5348,18.7092
1508894579,266.5687437,-75.10020444,0.21311501,,19.8957,19.130501
1508894625,266.6082095,-75.07716129,0.27876601,,19.065599,18.2724
1508895724,266.516457,-74.91495291,0.407314,,19.41,18.6457
1508895797,266.5075188,-74.88302171,0.28979,,19.2892,18.396
1508895818,266.5885962,-74.87139285,-3.0738101,,20.8862,20.0474
1508895822,266.5339123,-74.85564853,0.281416,,18.689699,17.8384
1508896029,266.5295023,-74.82696238,0.38776401,,18.6623,17.858999
1508896030,266.5028594,-74.82692452,-0.60781997,,19.936199,19.050699
1508896049,266.5118928,-74.81041458,0.34676999,,18.375999,17.605499
1508896118,266.5571457,-74.75457982,0.11109,,18.7831,18.0163
1508968379,266.5203513,-74.7222317,0.045967098,,19.837099,18.952101
1508968694,266.7319069,-74.62738166,-0.105331,,20.2103,19.361401
1508968745,266.5405589,-74.58448947,0.145785,,19.064501,18.168501
1508969926,266.6749505,-74.40831903,0.17736299,,18.9664,18.187099
1508969964,266.5364462,-74.41644099,0.26862001,,19.7467,18.870701
1508973164,266.6326161,-74.34000152,0.043495301,,19.861401,19.2115
1508973165,266.6022151,-74.33292309,-0.175119,,19.332399,18.5203
1508969837,266.5996536,-74.4628933,0.361536,,20.123501,19.274
1508969841,266.5898327,-74.47080905,-0.21208601,,20.4445,19.5982
1508969867,266.5961131,-74.43783716,0.71720701,,19.257,18.370199
1508969869,266.5890434,-74.43172088,-0.062899999,,20.146601,19.302799
1508969871,266.7769579,-74.44811501,-0.256172,,19.811199,18.942101
1508973124,266.6729801,-74.3731809,0.27553701,,19.447901,18.5853
1508973153,266.6857587,-74.34866243,0.24641,,20.237499,19.3766
1508973218,266.6235619,-74.31504338,0.25017399,,18.568399,17.841801
1508973210,266.6251147,-74.33224889,0.40728801,,19.396799,18.641701
1508973225,266.6704029,-74.3147112,0.101927,,19.1782,18.3944
1508973448,266.6033288,-74.26076659,0.31465399,,19.445499,18.5816
1508973537,266.5811533,-74.27756853,0.17566501,,19.436899,18.599701
1508974332,266.615677,-74.16752601,-0.25137299,,20.220699,19.3983
1508974417,266.6645514,-74.14534849,0.216001,,19.6394,18.933901
1508974552,266.5538937,-74.12008561,-0.120303,,20.167,19.3113
1508974565,266.5955377,-74.10305457,0.123427,,19.2407,18.410999
1508974568,266.5700179,-74.09760164,-0.099447899,,20.715099,19.8318
1508974764,266.5396804,-74.06543248,-0.56804597,,20.2549,19.3787
1508974757,266.5852315,-74.06944247,0.229628,,20.016001,19.163799
1508974669,266.7111963,-74.07236729,-0.29596901,,20.2922,19.5131
1508974779,266.5133588,-74.05040503,-0.00122929,,20.234501,19.409599
1508876977,267.1802986,-75.73241104,0.29726401,,20.1714,19.136
1508876978,267.1280595,-75.73006584,0.082365602,,19.482401,18.4858
1508877157,267.2443706,-75.69781,-0.388201,,19.7633,18.837099
1508889635,267.1280375,-75.37265205,0.021043601,,20.5268,19.6355
1508889668,266.9133684,-75.33319782,-0.114892,,19.856701,18.9701
1508893265,267.1826988,-75.08341615,0.25200799,,19.9436,19.133101
1508967901,267.1202973,-74.57523689,0.54902601,,20.205,19.3223
1508967902,267.1027735,-74.57418387,0.28063601,,19.063101,18.2085
1508967903,267.0840297,-74.56789017,-0.189721,,20.270399,19.4631
1508967905,267.1064456,-74.5681144,0.452611,,18.470699,17.6458
1508985407,267.1064086,-74.06017483,0.23293801,,19.136,18.275299
1508876283,267.1931079,-75.81854622,0.23345099,,19.463699,18.4436
1508889221,267.1953052,-75.40122027,0.32723001,,19.3382,18.407499
1508889223,267.4303213,-75.42331043,-0.58481902,,20.2267,19.3671
1508889224,267.4156467,-75.41983883,-0.0418838,,19.487499,18.590099
1508892829,267.3192855,-75.1329264,-0.128684,,20.176701,19.331499
1508894020,267.3177583,-74.89120459,0.253847,,20.4126,19.5186
1508894092,267.2258779,-75.00405834,0.137529,,19.668501,18.810301
1508967859,267.2296262,-74.5888536,0.49550799,,19.5765,18.7146
1508985375,267.2539612,-74.02510231,0.377321,,19.5781,18.7038
1508876002,267.2289128,-75.98298156,0.34539899,,19.1257,18.0644
1508889236,267.3557723,-75.39657114,0.37944299,,19.123199,18.177601
1508985322,267.3460619,-74.06683561,0.41260901,,18.8447,18.0536
256053201,266.0731525,-75.43526264,0.392912,,17.148701,16.218
256054000,266.0438684,-74.58272314,0.338963,,16.444599,15.6621
256091398,266.7353503,-74.13400735,0.30121899,,16.891001,16.111601
256091772,266.7300241,-74.54994851,0.47034201,,16.5963,15.7415
256053219,266.2091445,-75.41275181,0.659778,,16.206699,15.2967
256053220,266.3049442,-75.41245613,0.85952401,,14.6608,13.816
256053438,266.0525584,-75.16485332,0.39707699,,14.8983,14.4285
256053923,266.3903791,-74.66416808,0.96439302,,14.8541,13.9591
256054065,266.265948,-74.53165254,0.580194,,16.4547,15.5737
256054220,266.1163479,-74.36124629,0.60787898,,16.1178,15.2563
256092040,266.5908296,-74.82638364,0.805125,,14.9964,14.2134
256092312,266.5976075,-75.16989851,0.71905297,,15.3436,14.4828
256092310,266.4394773,-75.16862841,0.39394,,16.6504,15.7608
256053223,266.2734291,-75.41091029,0.213633,,17.7852,16.8909
256054047,266.3820957,-74.54633103,0.439547,,17.5492,16.6733
256053205,266.1747453,-75.43151149,0.303069,,17.841299,16.9412
256053206,266.1527885,-75.43094374,0.26192501,,17.0534,16.122
256053726,266.2422134,-74.86086902,0.168494,,17.8708,17.067499
256091391,266.5848816,-74.1316079,0.33805999,,17.652599,16.835501
256092439,266.3975005,-75.29604572,0.040727802,,18.2873,17.4146
256097360,266.9390044,-74.53341788,0.58915299,,15.2823,14.4412
256097603,267.1138931,-74.32972594,0.34023601,,15.5437,14.8131
343339505,267.3808436,-74.07377654,0.46487501,,16.955799,16.1021
343341082,267.3233846,-75.85891932,0.45448399,,16.004999,15.0712
256096054,267.1571648,-75.92588659,0.88583201,,14.3216,13.3795
256096414,267.0587683,-75.51596449,0.56225199,,14.6856,13.7368
256096631,267.0552693,-75.2481923,0.81711,,14.2711,13.4497
256096827,266.905285,-75.06349223,0.44561201,,16.399599,15.5311
256096948,266.9155317,-74.94042867,0.41122499,,15.8617,15.0805
256097060,266.9180089,-74.83597081,0.41558501,,16.235701,15.3313
256097493,267.2156008,-74.42204486,0.88980597,,15.1299,14.32
343339506,267.5561485,-74.07394507,0.723773,,15.2034,14.3505
343339838,267.49137,-74.41453389,0.62634897,,14.5505,13.7645
343341089,267.4585318,-75.86919818,0.57377702,,16.232599,15.2426
343450429,268.4863069,-74.93760137,0.60412902,,16.507,15.6209
343451136,268.6984115,-74.11456952,0.63605601,,14.3051,13.512
256097190,266.8923587,-74.71311051,2.75611,,11.5548,10.8306
256096186,267.1922994,-75.78154391,0.94129902,,13.2855,12.4463
256097540,267.1060172,-74.38136202,1.03706,,12.5051,11.8477
343450430,268.6919375,-74.93703764,1.77984,,11.3755,10.8536
256097600,267.0137065,-74.33158404,0.60287398,,16.1877,15.3295
256096721,266.9725982,-75.16546842,0.34138501,,17.013,16.113899
256096958,267.1476774,-74.92646648,0.59003901,,16.744301,15.8412
256097810,267.180106,-74.13975556,0.26126799,,16.600201,15.8841
343340173,267.2275974,-74.7742033,0.45393801,,16.7176,15.8193
343340513,267.4244105,-75.14358952,0.305677,,16.5569,15.6532
343341086,267.2582039,-75.86468561,0.38473201,,17.173901,16.1276
343341081,267.3274165,-75.85844384,0.46064001,,16.761,15.8044
256097116,266.9181223,-74.78653811,0.211679,,16.976801,16.1915
256097131,267.1750085,-74.76505413,0.336393,,18.055799,17.179001
256097273,266.978571,-74.6245386,0.381421,,17.8526,16.958599
343339510,267.2585167,-74.07867105,0.37594101,,17.093599,16.2672
343340177,267.4623359,-74.77830347,0.24293999,,17.247101,16.429199
343340511,267.3795552,-75.14112685,0.210033,,17.573299,16.6695
343341085,267.2710293,-75.86420894,0.28801399,,17.849001,16.826
256096946,266.9899379,-74.9425037,0.29802701,,17.436701,16.5287
343339509,267.464927,-74.07801851,0.20609,,17.198299,16.354401
343339774,267.2790285,-74.35240901,0.331058,,16.9424,16.0902
256096906,266.8360523,-74.97939736,0.292137,,16.9436,16.0431
343339839,267.5499029,-74.41602856,0.352299,,17.045799,16.1537
256096828,266.9684388,-75.06340809,0.043132901,,17.761499,16.9589
256097167,267.0740265,-74.73693761,0.36832601,,17.8547,16.9818
256096144,266.880195,-75.82659107,0.43272701,,17.7708,16.7012
256096753,266.9149997,-75.13092196,-0.0210722,,18.3146,17.448601
256097129,267.0110343,-74.76640703,0.33413801,,18.054501,17.1835
256097130,267.0704618,-74.76492935,0.1945,,17.564199,16.7054
343339772,267.5575286,-74.34915096,0.137638,,17.9541,17.1415
343340796,267.2441474,-75.47054042,0.15131,,17.767099,16.867001
343451137,268.4374381,-74.11411317,0.242089,,17.4244,16.5382
256096407,267.0580444,-75.51921185,0.227571,,17.280199,16.318399
256096408,266.968652,-75.51901481,0.45031801,,17.4911,16.551201
256097113,267.0782411,-74.78953483,0.48774001,,16.877001,15.9875
256097544,266.9900613,-74.37958106,0.403339,,18.0145,17.173901
343340515,267.4322595,-75.14387606,0.240328,,17.8074,16.896299
256097311,266.8855363,-74.59021614,-0.12825499,,18.1579,17.336599
343451039,268.6738756,-74.23414168,0.57056898,,16.7719,15.8758
256096410,266.9570515,-75.51745002,0.195344,,18.304399,17.3958
256097354,267.019129,-74.54067532,0.10329,,17.645,16.7679
256096454,266.7586849,-75.47126889,0.27998099,,18.1504,17.2127
256097111,266.7900422,-74.7938621,0.18431599,,18.264999,17.391199
1508892844,267.4372461,-75.14030312,0.15592501,,18.313999,17.4522
1508877119,267.2843619,-75.72873416,0.0296815,,18.679199,17.7593
1508888396,267.4263742,-75.52942238,0.0036388601,,18.5305,17.5753
1508888398,267.40084,-75.52321016,-0.30089399,,19.2362,18.3626
1508892903,267.3671019,-75.09192651,0.269389,,18.441299,17.6166
1508887686,267.8382113,-75.09700679,0.28546599,,18.593,17.723499
1508960062,267.9363795,-74.96720518,0.15523601,,18.596901,17.785601
1508960459,267.8709531,-74.79859953,0.16725899,,17.809601,17.0061
1508961594,267.9236131,-74.66322318,0.32242399,,18.5042,17.6313
1508871960,268.0863905,-75.82560464,-0.021128399,,18.901699,18.0483
1508961250,268.0468457,-74.78737639,-0.278292,,18.8939,18.006201
1508965775,268.0679701,-74.36266132,-0.065004699,,18.606899,17.8426
1508882954,268.3644604,-75.61204802,0.123828,,18.344,17.4186
1508882956,268.3489268,-75.62472299,0.11841,,18.9897,18.009001
256096567,266.804763,-75.32309071,0.377615,,18.5718,17.6695
1508876902,267.1300587,-75.78447418,0.32053301,,19.7994,18.740999
1508876911,267.2174717,-75.78073969,-0.0224055,,19.664301,18.655899
1508888592,267.1347689,-75.55530101,0.063130997,,19.990299,19.153999
1508888594,267.1283288,-75.54929725,-0.34219,,20.071699,19.180099
1508893284,267.2257067,-75.07011824,-0.213245,,20.259701,19.3866
1508972496,267.1885761,-74.27015396,0.29825899,,19.336201,18.496201
1508972914,267.0763437,-74.1419063,0.200195,,20.094999,19.2743
1508985391,267.1059101,-74.0824481,-0.308249,,20.439501,19.6696
1508876955,267.229291,-75.76623612,-0.143033,,19.5937,18.779301
1508892626,267.3094197,-75.19081123,0.215773,,19.1366,18.364
1508966661,267.2511922,-74.86381876,-0.154331,,19.5431,18.6737
1508967751,267.4132537,-74.53192424,0.149424,,19.528999,18.6887
1508971181,267.3671385,-74.39467473,0.198182,,19.873501,19.0779
1508876185,267.2913655,-75.9277492,0.49261299,,19.542999,18.5054
1508877117,267.2973115,-75.73736185,0.23170701,,19.3118,18.3022
1508877181,267.2992677,-75.68688416,0.026432401,,19.8277,18.907301
1508888393,267.3795465,-75.527684,0.18237799,,19.420099,18.499201
1508888400,267.3456196,-75.53338528,0.123987,,20.2549,19.417299
1508892541,267.3753096,-75.2420417,0.51591599,,19.3356,18.482901
1508966596,267.3061758,-74.74552023,-0.16396099,,19.367599,18.5348
1508971624,267.3192994,-74.32456337,0.161651,,20.184999,19.3438
1508972467,267.2859876,-74.28505909,0.212209,,19.528,18.753401
1508985275,267.3404363,-74.08523176,-0.054838698,,19.635201,18.899401
1508883447,267.7793376,-75.50942822,-0.0707561,,19.606001,18.747999
1508887692,267.8714716,-75.0953808,0.237544,,20.455099,19.566
1508887694,267.8769838,-75.09358976,0.30721,,20.184799,19.3148
1508961680,269.9732824,-74.95581989,-0.46752,,19.633801,18.732401
1508871955,268.0797087,-75.84295784,0.39223999,,19.015499,18.061199
1508871957,268.0946218,-75.83475058,-0.0502434,,20.5632,19.6052
1508871959,268.0903342,-75.82724269,0.462832,,20.0896,19.128
1508961257,268.0122716,-74.78550044,-0.101268,,19.437,18.5973
1508965681,268.0234729,-74.43402179,0.032028701,,19.1555,18.3132
1508965769,268.0528999,-74.37434347,0.115648,,19.6136,18.785999
1508978838,268.0023742,-74.13256989,0.106984,,18.815201,18.135799
1508887158,268.360978,-75.17251379,-0.19578101,,20.187201,19.415701
1508964453,268.3170634,-74.60549459,0.33411399,,19.166599,18.3319
343340933,267.4443452,-75.63976474,0.42220899,,18.402901,17.444401
256097596,267.1839501,-74.33376897,0.36302799,,18.4503,17.5837
1508973269,266.4769861,-74.30892037,-0.296422,,19.473499,18.673599
1508973318,266.5407779,-74.30320666,-0.0000070185602,,19.940901,19.204201
1508973351,266.4000846,-74.28743358,0.30877501,,19.508101,18.689501
1508973355,266.4311378,-74.28322237,-0.74546498,,20.386999,19.500099
1508973558,266.4843996,-74.24941806,-0.0299167,,19.5193,18.639999
1508974467,266.5140618,-74.16603712,0.35857201,,19.8274,18.9925
1508974576,266.5055267,-74.08500935,0.42009899,,18.276199,17.4564
1508974791,266.4989817,-74.05764126,0.179254,,19.7356,19.0376
1508873892,266.6506847,-75.92411781,-0.59004003,,20.133101,19.225
1508873924,266.5312235,-75.90391436,0.129342,,19.437,18.4048
1508876439,266.7043406,-75.88676742,0.33370501,,19.9804,18.928699
1508876495,266.5810101,-75.83869742,0.204522,,19.4865,18.4564
1508876502,266.5272201,-75.83048299,0.377951,,19.5494,18.582199
1508876476,266.7283744,-75.85439979,-1.54168,,20.684999,19.782801
1508876479,266.7504131,-75.85100817,0.772892,,19.977301,18.9056
1508876480,266.7731578,-75.84988764,-0.0046508,,19.4673,18.472601
1508876520,267.0355638,-75.87718286,0.230473,,19.733299,18.7141
1508876744,267.5914475,-75.87933348,-0.043001201,,19.5839,18.5751
1508877367,266.6917805,-75.70914166,0.186571,,19.9214,18.873699
1508877437,266.6335113,-75.64282926,-0.061809599,,19.751101,18.7836
1508877445,266.6060778,-75.62866002,0.32821101,,18.3792,17.511499
1508877616,266.6215313,-75.5923588,-0.382222,,19.7904,18.931999
1508877667,266.6229509,-75.57636414,0.392959,,19.440701,18.6399
1508877671,266.6042592,-75.55428755,-0.66148698,,19.9007,18.929701
1508877679,266.6081995,-75.5451862,0.208878,,19.708099,18.851299
1508888237,267.2157484,-75.55608034,0.088534497,,19.6388,18.8766
1508888238,267.1668607,-75.54973086,0.29942,,18.9632,18.026501
1508888386,267.3138292,-75.54099087,-0.016336599,,19.826799,18.878201
1508888422,267.230544,-75.51908999,-0.087166801,,19.5109,18.709999
1508894313,267.2051113,-74.92872445,0.365556,,19.561199,18.851101
1508894317,267.2498511,-74.933546,-0.94386601,,20.683901,19.838699
1508966913,267.2151352,-74.7722989,0.217242,,19.4811,18.716999
1508971269,267.3130213,-74.4700206,-0.66245502,,19.9809,19.1152
1508971374,267.1835707,-74.40734476,0.28545099,,18.969601,18.133499
1508985355,267.2280039,-74.04010083,-0.272232,,20.441999,19.604099
256052970,266.4235015,-75.70319068,0.83166897,,15.694,14.7606
256054178,266.325933,-74.406856,0.26382101,,16.023199,15.1757
256052963,266.4123111,-75.70756979,0.401427,,16.4764,15.4785
343340183,267.233976,-74.78103791,0.675623,,15.3135,14.4663
256097530,267.1136486,-74.38892356,0.41056299,,15.8271,14.9608
256096794,266.9178041,-75.09986253,0.24220701,,17.095301,16.188101
256097247,267.1944615,-74.65814434,0.49232301,,16.630199,15.7607
256097771,266.919527,-74.17406635,0.42797601,,15.9439,15.094
256097875,266.8370464,-74.07808309,0.37021399,,16.475599,15.6572
256096301,266.8895447,-75.64538004,0.46404499,,16.6411,15.6178
256096706,266.8969995,-75.18102433,0.390248,,16.248501,15.3253
256097595,266.8728164,-74.3339648,0.36816901,,15.9707,15.1832
256097726,266.8552245,-74.22167097,0.32532701,,16.5026,15.6387
256097855,267.0978696,-74.09779932,0.42788199,,15.9027,15.135
256052968,266.1947132,-75.70452422,0.70331001,,17.326099,16.313801
256054177,266.338677,-74.40705575,0.145667,,17.7251,16.842699
256096616,267.1868037,-75.26853199,0.35038701,,17.319599,16.413601
256096621,267.2081794,-75.2661178,0.36393499,,17.434299,16.609699
343340873,267.3192695,-75.56062434,0.13669799,,17.9534,17.021299
256052961,266.1231959,-75.71135895,0.12071,,18.013599,17.257
256053517,266.2165993,-75.06938454,0.32721001,,17.8675,16.9604
343339503,267.5288449,-74.07220157,0.33327001,,17.6985,16.983801
343339595,267.4788061,-74.17314298,0.272636,,17.7314,16.880301
256096729,266.936741,-75.16105655,0.247021,,17.559601,16.677799
256096075,266.930428,-75.90004652,0.15143199,,17.4342,16.3678
256096123,266.9332167,-75.84825002,0.53124499,,17.0902,16.0252
256053522,266.1343152,-75.06422033,0.048880599,,18.205299,17.317101
256096305,267.1402187,-75.64148442,-0.032354798,,18.1689,17.2995
256096322,267.193064,-75.61505358,0.33721,,17.085501,16.1008
256096397,266.82737,-75.52744541,0.34327099,,18.057199,17.1325
256096445,266.9357875,-75.47989538,0.032251701,,17.5618,16.9867
256096481,266.9905021,-75.4325298,0.49011901,,17.2502,16.316799
256096538,267.1341261,-75.35747763,0.057868399,,17.797701,16.892
256096594,267.0201533,-75.29342995,0.27631801,,17.3906,16.533701
1508877713,266.3388273,-75.85082868,-0.37990099,,19.322001,18.2654
1508877959,266.37521,-75.74009209,0.13796499,,18.632299,17.6092
256096595,267.1157662,-75.29339028,0.287662,,17.479099,16.546101
256096681,266.9074466,-75.20158642,0.151353,,17.5224,16.593599
1508891362,266.2996905,-75.25493662,0.140668,,19.1208,18.1987
1508968575,266.3377824,-74.65842972,0.0089737996,,19.0515,18.1877
1508974538,266.3872535,-74.12011597,-0.035754699,,18.312201,17.491199
256096858,267.0401709,-75.03011293,0.46772701,,17.7218,16.8515
256096940,266.9129927,-74.94916221,0.0881337,,17.520599,16.682501
256097011,267.118927,-74.8802109,0.24499901,,18.1474,17.2404
256097099,266.9168165,-74.80365618,0.336514,,16.6675,15.8145
256097296,266.8348838,-74.60752889,0.37376401,,17.238701,16.359301
256097330,266.8290121,-74.5680451,0.329267,,17.4084,16.5632
256097332,267.1806662,-74.563292,0.42034,,17.348,16.4573
256097385,267.1961891,-74.5124051,0.29846701,,17.3274,16.468
256097368,267.1594484,-74.52694169,0.207746,,17.1945,16.334299
256097370,267.1711894,-74.52399951,0.34419799,,16.6824,15.8033
256097533,267.080988,-74.38763742,0.25530699,,17.816799,16.9704
256097561,267.2059959,-74.36758845,0.30958501,,17.7682,16.890699
256097632,267.062374,-74.30325437,-0.040136099,,17.842199,16.966101
256097660,267.0702382,-74.27835409,0.21247301,,18.1066,17.2264
256097725,267.0993561,-74.2221703,0.24742,,17.393101,16.5739
256097727,267.1970315,-74.22146632,0.20352601,,17.6021,16.858801
256097774,266.9552277,-74.17245964,0.19281401,,17.1901,16.318199
256097853,266.9217815,-74.09986606,0.35949999,,17.245501,16.4044
256097878,267.1435757,-74.07675137,0.334497,,17.6105,16.754499
1508877764,266.3019134,-75.81061082,0.57380098,,19.1915,18.159599
256097898,267.1718574,-74.05894306,0.50065798,,17.3528,16.499701
256097899,267.0809832,-74.0589265,-0.28568801,,18.2973,17.494301
1508877955,266.3360635,-75.73659914,-0.056329399,,20.1866,19.3095
1508890418,266.5743264,-75.37969096,-0.0481565,,19.8283,18.913401
1508968578,266.3385564,-74.65403363,-0.60244697,,20.1444,19.252399
1508973367,266.4048687,-74.27039128,-0.186308,,19.695601,18.880301
343339937,267.5906616,-74.53714687,0.239953,,17.9424,17.0825
1508974545,266.6107581,-74.13089467,-0.241423,,19.73,18.893499
1508974978,266.3722756,-74.08036599,-0.051807702,,19.574699,18.7698
256097439,266.9029989,-74.46865362,0.198626,,17.643999,16.7757
256097246,266.7625844,-74.66214572,0.112057,,18.0009,17.211599
256097722,266.8692084,-74.2233556,0.24434701,,17.847799,17.007299
343340084,267.4674495,-74.67378079,0.25736001,,17.958099,17.0844
256097153,267.1170841,-74.74784169,0.106985,,17.985399,17.236401
256097255,266.8548925,-74.64801066,0.099647202,,18.1733,17.320299
256096868,266.9405926,-75.0238054,0.30852899,,17.6681,16.7621
256096592,267.0277053,-75.29569219,0.36425,,17.9993,17.059401
256096733,267.082728,-75.15547597,0.251376,,17.3563,16.4972
1508973322,266.4775582,-74.30084971,0.17673799,,18.2337,17.430799
1508973621,266.5196259,-74.20167849,-0.089406602,,18.6007,17.728201
1508974486,266.5288775,-74.14423401,0.070089698,,18.5228,17.667
1508974786,266.5353879,-74.04261187,0.091286898,,18.404699,17.532301
1508974863,266.4547411,-74.00634197,-0.045868099,,18.437401,17.559601
1508873823,266.7189332,-75.99024312,0.22371,,18.740499,17.7148
1508876456,266.5292479,-75.87165553,0.179951,,18.8741,17.8643
1508876743,267.6513867,-75.86813578,-0.171322,,19.1464,18.1525
1508877371,266.7123667,-75.69792671,0.127611,,19.0783,18.0282
1508877431,266.6154582,-75.66896539,0.076470502,,18.309099,17.34
1508877608,266.5703554,-75.59949468,0.062417898,,18.5186,17.5277
1508888424,267.1668854,-75.52602827,-0.75696898,,19.604799,18.6504
1508894312,267.2034762,-74.93284929,-0.097714797,,18.232,17.3521
1508968081,267.2049974,-74.54181131,0.035943098,,18.829,18.045799
1508971619,267.3118744,-74.33917479,0.26208699,,18.1821,17.299
1508985279,267.2225978,-74.10094785,0.116609,,18.539801,17.676001
256096074,266.8783031,-75.9030985,2.18524,,12.2467,11.3981
256096081,266.9302438,-75.89532608,1.2721699,,13.0809,12.1791
256096396,267.0605421,-75.52904699,1.1447001,,13.3958,12.6594
256097510,267.1474591,-74.40590451,1.21243,,12.6569,11.9943
256097578,266.945628,-74.34993527,3.3129101,,10.8022,10.2192
256097556,266.996472,-74.37248351,2.8510101,,12.3952,11.5923
256097712,267.1716021,-74.23346306,2.45755,,12.3113,11.5065
256097699,267.0655917,-74.24818548,2.11712,,11.7228,11.0658
256097879,267.2089263,-74.07434111,1.0653501,,13.1629,12.5098
256097900,267.0022423,-74.05830692,1.94942,,11.9333,11.3075
256096275,267.1092885,-75.67656609,0.592776,,16.153299,15.1657
256096860,267.017353,-75.0270551,0.405332,,16.9883,16.141701
256097441,266.8601143,-74.46761871,0.037883598,,15.903,15.4935
256096367,266.8542447,-75.56401335,0.208387,,16.106199,15.4612
256096440,267.060227,-75.48675368,0.84978199,,15.6147,14.6703
256096477,266.8208186,-75.44201628,0.56123298,,14.706,13.8273
256096656,266.9850249,-75.22560692,0.578435,,15.9592,15.0385
256096680,266.8384146,-75.20604819,0.68322098,,15.6632,14.8365
256096711,266.9191408,-75.17827766,0.93432999,,14.3337,13.4994
256096727,266.8653841,-75.16127892,0.80496001,,14.2025,13.4522
256096789,266.8531936,-75.10396932,0.29583099,,16.414499,15.5787
256096911,267.1466176,-74.97580537,0.59152001,,15.2568,14.4213
256096973,266.959955,-74.91570772,0.77992803,,14.8529,14.03
256097042,266.8807514,-74.85308736,0.66648602,,15.1119,14.236
256097089,266.9783967,-74.81235103,0.46323901,,16.238001,15.3773
256097241,267.1340595,-74.6642436,0.54315901,,16.191401,15.3181
256097532,267.045642,-74.38828743,0.83466101,,15.7632,14.9765
256097557,267.1187799,-74.37105021,0.44200999,,16.224701,15.3354
256097594,266.9973648,-74.33437141,0.85241902,,13.7435,13.077
256097639,267.1333151,-74.29854217,0.56537002,,15.8801,15.026
256097659,266.8480921,-74.27860121,0.74286002,,15.0092,14.1615
256097697,267.1677056,-74.25122779,0.33870199,,16.4447,15.573
256097758,266.934914,-74.19022171,0.49083099,,15.8295,15.084
256097779,267.171097,-74.16828123,0.891617,,15.2574,14.4462
256097826,266.8977468,-74.12003484,0.422557,,16.1101,15.2313
256097896,266.8741713,-74.06164224,0.99145699,,14.757,13.8947
256096368,266.9468732,-75.56224256,0.40996999,,13.0405,12.0601
256053026,266.1546376,-75.64667237,1.52763,,12.5246,11.7546
256053400,266.3701798,-75.2093036,1.7737499,,12.2002,11.4296
256054261,266.1282937,-74.32527685,0.98774701,,11.7952,11.2777
256053024,266.222821,-75.64883608,0.850815,,13.8327,12.8665
256053768,266.0466976,-74.81226247,2.9272101,,12.6792,11.8323
256053903,266.4223321,-74.68445127,1.9453599,,11.7342,11.145
256054420,266.3406392,-74.16576575,1.61922,,13.3352,12.5804
256053908,266.247148,-74.67914557,0.493301,,16.5252,15.6497
256053605,266.379058,-74.97436616,0.401894,,16.025101,15.2052
256053968,266.3362691,-74.61655421,0.424815,,16.092899,15.2118
256053972,266.280654,-74.61201963,0.60541999,,15.6842,14.814
256053402,266.1699703,-75.20367477,0.29258901,,15.4839,14.7777
256052950,266.2768056,-75.72322168,0.297968,,17.0126,16.0797
256052944,266.4104932,-75.72695505,0.234052,,17.4795,16.4335
256052948,266.1814439,-75.72477626,0.34674901,,17.5755,16.5956
256053401,266.3647427,-75.20740483,0.055282,,17.388901,16.7633
256054122,266.423316,-74.46847831,0.25200599,,17.976299,17.102501
256054256,266.1156157,-74.32861709,0.342962,,16.4872,15.5949
256052796,266.3553695,-75.90258238,0.41367599,,17.038099,16.001699
256053769,266.0873059,-74.8115619,0.17288201,,17.489901,16.7623
256054476,266.1074607,-74.11019394,0.057367198,,17.8454,16.9622
256054482,266.1572302,-74.10634484,-0.044158898,,17.820299,16.959801
1508974986,266.2588739,-74.05541662,-0.037736502,,18.8419,18.055
1508974988,266.2614313,-74.06254955,-0.054746602,,18.6901,17.8792
1508974989,266.2958171,-74.06121868,0.086504802,,18.1199,17.251699
1508970093,266.2311548,-74.50285782,0.47334701,,18.3307,17.518101
1508970087,266.2630407,-74.50151179,-0.21214201,,19.5376,18.667101
1508974987,266.2540538,-74.05319232,-0.27240399,,20.0389,19.165001
1508975271,266.2039998,-74.01526932,-0.24192201,,20.011801,19.129101
256053019,266.2325141,-75.65552122,1.22952,,13.7031,12.8877
256091838,266.4668626,-74.61957437,1.4826,,13.0022,12.3058
256053694,266.3814684,-74.8947025,0.88322902,,14.3387,13.5076
256053696,266.3152497,-74.88873305,0.77690798,,15.0196,14.2404
256091592,266.7435739,-74.36053838,1.025,,14.1024,13.3431
256091279,266.7466971,-74.03493718,0.326168,,16.548901,15.6764
256091839,266.5707087,-74.62253102,0.239871,,17.454399,16.5686
256091896,266.7336194,-74.67452413,0.478412,,16.072901,15.1696
256096523,266.8799431,-75.37789605,1.0525399,,14.0584,13.2882
256097766,266.8486302,-74.18105713,1.38529,,14.0079,13.17
343340465,267.4053679,-75.09213761,0.80896801,,15.4365,14.5616
343340774,267.5070856,-75.44456455,0.43815199,,16.3743,15.4848
343341119,267.3744001,-75.90980317,0.51710802,,15.6217,14.6941
256091276,266.6838097,-74.033802,0.51689798,,15.8218,15.002
343340466,267.2666251,-75.09267111,0.76600999,,15.697,14.7992
256053020,266.1950365,-75.6549256,0.269566,,18.2281,17.3153
256052865,266.2111975,-75.82838143,0.346093,,17.5238,16.455799
256053656,266.2210425,-74.9281459,0.28850701,,18.030701,17.143999
256091601,266.7532182,-74.36930844,0.0109394,,18.2922,17.4098
256092452,266.4557752,-75.31032656,0.15342601,,18.288,17.410801
256096520,267.2216307,-75.38059695,0.147138,,17.8745,17.0734
256097158,267.0802782,-74.74544433,0.28294101,,17.747999,16.98
256053812,266.1524179,-74.77928005,0.240171,,17.7481,16.8508
256091303,266.4776082,-74.06664562,0.22834399,,17.9499,17.0877
256092204,266.7180102,-75.03345284,0.090682499,,17.8228,17.0215
343340770,267.3762179,-75.44132209,0.33078599,,17.7925,16.8487
256052871,266.1411256,-75.81776212,0.26926801,,18.128799,17.1845
1508891248,266.4019924,-75.30028619,-0.029227899,,19.137501,18.217699
1508968548,266.4332,-74.66404918,0.202398,,18.7719,17.9216
1508968771,266.3971142,-74.60732418,-0.168814,,19.0895,18.188
1508969693,266.3574062,-74.52203996,0.199444,,18.7547,17.8839
1508969696,266.3431621,-74.5060606,0.219016,,18.456699,17.6064
1508973325,266.5066307,-74.31015222,0.0070467601,,18.7558,17.9095
1508974506,266.4537046,-74.14325594,-0.12853301,,18.9561,18.116301
1508878830,266.5091825,-75.63322778,0.189762,,19.685801,18.883301
1508878835,266.4196787,-75.63845486,0.455576,,18.737499,17.746901
1508890177,266.4242398,-75.43756367,-0.188288,,19.2391,18.4603
1508890397,266.3567732,-75.36785254,0.22686701,,18.716999,17.9298
1508890400,266.4250092,-75.3715191,0.186582,,19.593,18.6574
1508894602,266.5249788,-75.10068548,0.149994,,19.068399,18.176399
1508896144,266.350451,-74.79732989,0.52442098,,19.4485,18.5466
1508968468,266.4832907,-74.7086097,-0.45100799,,20.4468,19.5938
1508968541,266.3949942,-74.67091125,-1.07833,,20.1814,19.499599
1508968873,266.4856817,-74.56112707,0.086801298,,19.952299,19.1105
1508974503,266.4803455,-74.15146276,0.302394,,18.8895,18.021099
256091491,266.5206687,-74.25501663,8.7275696,,9.8983803,9.1995897
343290835,265.3409423,-74.73233901,1.8743,,11.9547,11.1233
343290952,265.5673284,-74.59504537,2.6907599,,12.2559,11.4928
256091530,266.597134,-74.29336899,1.17205,,13.5419,12.8656
256092008,266.7775053,-74.79874584,2.1109099,,11.5975,10.835
256091883,266.8198858,-74.66482614,0.26621899,,15.9508,15.5072
256091247,266.7403278,-74.01032533,0.378178,,16.613899,15.7298
256091550,266.7575109,-74.31725808,0.25050601,,16.530399,15.7178
256091612,266.6798856,-74.38196589,0.26365501,,16.843399,16.0844
256091809,266.8054668,-74.59198783,0.375478,,17.4245,16.5443
256091617,266.7896742,-74.38776739,0.94340402,,14.7366,13.8718
256092011,266.6268792,-74.80226145,1.4731899,,13.9952,13.1196
256092109,266.428499,-74.91461961,0.795425,,13.7685,13.0614
343291404,265.4623231,-74.06326899,0.46536401,,15.8199,14.9464
256091242,266.5203651,-74.00885111,0.48780799,,16.134701,15.2909
256091263,266.4736712,-74.02163621,0.74689698,,15.5848,14.703
256091285,266.7825744,-74.04676774,0.33785301,,16.3288,15.4599
256091347,266.7456878,-74.09793302,0.46292201,,15.7572,14.8772
256091385,266.5734533,-74.12906725,0.98939902,,15.0042,14.1222
256091553,266.7051162,-74.32092175,0.46201101,,15.3418,14.4978
256091889,266.6046192,-74.66991314,0.52099699,,15.6255,14.7651
256091912,266.6019075,-74.69014608,1.1131099,,14.9501,14.0802
256091999,266.6305417,-74.7891684,0.609294,,15.6177,14.7928
256092010,266.6830994,-74.80143469,0.51524198,,15.6358,14.8896
256092075,266.6956484,-74.86169384,0.34472701,,14.8775,14.2258
256092434,266.7485448,-75.28855607,0.26583701,,16.4715,15.5928
256091284,266.7140253,-74.04554551,0.38842499,,16.927299,16.0453
256091505,266.6648399,-74.26645055,0.34857899,,17.111601,16.2826
256091244,266.7744485,-74.00982376,0.34728399,,16.7526,15.9061
256091565,266.617103,-74.33393529,0.41825399,,15.8477,14.9972
256091272,266.6982346,-74.03122758,0.63226199,,15.8689,15.005
343290226,265.6156474,-75.47599312,0.37591499,,17.4519,16.5303
256091619,266.7416974,-74.38914625,0.39774099,,17.7651,16.935101
256091940,266.7180272,-74.71981212,0.29159501,,17.219,16.3419
256092024,266.5226395,-74.81246281,0.264303,,17.654699,16.818199
256092030,266.6231303,-74.81564786,0.103302,,18.296,17.4167
256092146,266.8095604,-74.95513519,0.17833,,17.7514,16.852501
256092211,266.6178548,-75.04004601,0.39651099,,17.1772,16.339199
256092214,266.5089634,-75.0415696,0.28202301,,17.011499,16.120701
256092432,266.6289857,-75.28759503,0.49742901,,17.761,16.8349
256091615,266.7437707,-74.38497517,0.16825999,,17.337,16.5137
256091806,266.4889913,-74.58669611,0.085242897,,17.0627,16.4221
256092147,266.67564,-74.95594101,0.257429,,17.1264,16.288401
256091832,266.6451101,-74.61167583,0.476612,,16.6353,15.7611
256091472,266.7364818,-74.23450251,0.158834,,17.7771,16.949301
256092212,266.5975275,-75.04095724,-0.0275185,,18.077299,17.2892
256092301,266.6944743,-75.15998283,0.439293,,18.0392,17.1175
256091243,266.5364775,-74.00977657,-0.174007,,17.7731,16.9027
256091270,266.7164198,-74.02761788,0.090466499,,17.6001,16.7334
256091341,266.4759463,-74.09022009,0.174199,,17.971701,17.1404
256091745,266.5191384,-74.5188989,0.279971,,17.4429,16.576799
256091785,266.654778,-74.56135649,0.286084,,17.212,16.3811
256091843,266.6637755,-74.62526092,0.25843701,,18.111799,17.2568
256091885,266.6598301,-74.66709191,0.34940201,,17.618401,16.805401
256092231,266.5091439,-75.06710517,0.26998401,,17.869801,17.0091
256091241,266.7008913,-74.00887318,0.157552,,17.5839,16.6992
256091714,266.5468468,-74.48920287,0.059467599,,17.8071,16.977699
256092061,266.569165,-74.84889494,0.114789,,17.610399,16.7272
343290950,265.6762599,-74.59838218,0.33443901,,18.2216,17.336599
1508891646,266.2601678,-75.16326649,-0.202291,,18.8447,18.0257
1508973725,266.1834119,-74.28767491,-0.045901898,,18.4881,17.623501
1508875199,266.2881854,-75.86443306,0.162138,,18.681299,17.714001
1508878906,266.1596813,-75.62412151,0.27968499,,17.947201,16.978001
1508891756,266.1987334,-75.0857262,0.118615,,18.643101,17.809401
1508968344,266.5586623,-74.7525512,0.074641898,,18.312,17.5002
1508968369,266.5948686,-74.72239911,-0.71061701,,19.6371,18.733
256091653,266.6387092,-74.42085223,0.401113,,18.487499,17.600901
1508877739,266.4672547,-75.83302751,0.262851,,19.094999,18.058701
1508878023,266.3971327,-75.69302716,0.48590499,,19.606001,18.6364
1508878026,266.3767642,-75.68454667,0.40498701,,19.104799,18.241501
1508890521,266.172423,-75.35608828,0.33287299,,19.180799,18.27
1508890585,266.2783014,-75.30534592,0.55722201,,19.630899,18.808399
1508890593,266.1716853,-75.31083927,0.43308699,,19.1565,18.443899
1508891645,266.2664924,-75.16896017,0.18794499,,18.969,18.0816
1508896193,266.4684988,-74.78505193,0.299557,,19.769699,18.946699
1508968817,266.2821535,-74.59019236,0.041866101,,19.2672,18.378401
1508969714,266.3656999,-74.49720662,-0.35900199,,20.3281,19.5865
1508969722,266.2875663,-74.4888949,0.184513,,18.975201,18.142
1508970421,266.1444782,-74.38192748,0.25984001,,18.711,17.909401
1508875193,266.3344901,-75.88723371,0.18806,,19.7826,18.703899
1508875198,266.3225922,-75.86621408,0.117082,,19.6399,18.6632
1508878902,266.200508,-75.63626491,0.20090701,,20.3074,19.362301
1508891707,266.2723298,-75.1342682,0.53498101,,18.222099,17.3843
1508891755,266.247933,-75.08717265,0.00570512,,19.138901,18.323799
1508895893,266.4094338,-74.86923423,-0.0134874,,18.940701,18.1301
1508896333,266.2029005,-74.78851996,0.70195502,,19.2936,18.4594
1508968589,266.2811236,-74.641719,0.0050202198,,20.170099,19.3092
1508970472,266.2583525,-74.33932689,0.64314699,,20.045601,19.170401
1508968343,266.5667278,-74.75430627,-0.456884,,19.693001,18.8015
1508968354,266.5219057,-74.73915015,0.255927,,18.8507,18.0203
1508968429,266.5671963,-74.68528071,-0.26811799,,19.554399,18.684401
1508968451,266.5077738,-74.66433855,-0.016349699,,19.948799,19.149599
1508968631,266.7456169,-74.65385598,-0.0122756,,19.742001,18.8612
1508968672,266.6073422,-74.62106135,0.032223701,,19.254999,18.401899
1508968740,266.5689592,-74.59752765,0.53248799,,18.655399,17.7841
1508968743,266.5401779,-74.59115233,-0.368229,,20.351601,19.4503
1508968734,266.616355,-74.60405574,0.360246,,19.101101,18.294901
343290726,265.2903559,-74.84749662,4.4918599,,9.9273396,9.3035002
343291317,265.5693639,-74.16221518,7.2522898,,10.1743,9.4131899
343290690,265.5629567,-74.90240117,1.46276,,11.615,11.1239
343290442,265.4641163,-75.18963177,1.24781,,13.1559,12.4085
343290689,265.3999358,-74.90265905,1.06971,,13.2179,12.5047
343290844,265.4529862,-74.72370889,1.68077,,13.5023,12.718
343291446,265.4227571,-74.02108091,1.35419,,13.5767,12.704
343290916,265.2528755,-74.64413166,1.18071,,14.3052,13.4577
343290997,265.6225303,-74.53632923,0.29914099,,15.8794,14.9877
343290987,265.5563557,-74.54387835,0.51108003,,16.564899,15.7065
343291046,265.5424432,-74.47561762,0.29967701,,16.8727,16.001801
343291411,265.4890675,-74.05601055,0.41774699,,16.592501,15.7131
256053490,266.2230716,-75.09855464,0.108804,,17.255501,16.413401
256091662,266.5556426,-74.43153249,0.26914501,,17.1943,16.3393
343290169,265.595408,-75.56653289,0.34849501,,16.021601,15.1259
343290480,265.517411,-75.14375987,1.32829,,13.9256,13.0753
343290757,265.4533135,-74.79784135,0.920111,,14.6638,13.8068
343290242,265.5593807,-75.45240751,0.96534997,,14.4057,13.5766
343290526,265.3195389,-75.09668373,0.50971699,,16.4291,15.5107
343290599,265.3311106,-75.01862081,0.370094,,16.3337,15.4873
343291004,265.529633,-74.52898262,0.46121201,,15.2837,14.4748
343291041,265.357186,-74.47793044,0.75999397,,15.0632,14.1923
343291081,265.6472976,-74.44258865,0.46383199,,15.9811,15.1193
343291119,265.5977143,-74.39160951,0.667835,,14.2708,13.5978
343291236,265.4632238,-74.2562565,0.19418301,,15.7449,15.0659
343291243,265.635606,-74.248076,0.51766098,,15.6554,14.7918
343291343,265.4042095,-74.13005547,0.50875902,,16.319901,15.4407
343291447,265.4438484,-74.01597644,0.60230303,,15.1844,14.3087
256096555,266.8313494,-75.34424131,0.69155103,,15.4426,14.5361
256097401,267.0436761,-74.498597,0.694655,,14.3214,13.6391
343290292,265.2854815,-75.38132017,0.88227397,,15.4997,14.6086
256097278,266.8390795,-74.62160527,1.50315,,13.6824,12.8451
343290953,265.3469821,-74.59456967,0.069298401,,17.713499,16.823
343290985,265.5113856,-74.54565401,0.37503201,,16.7318,15.9147
343291043,265.580822,-74.4765511,0.243999,,16.598301,15.8511
343290595,265.4540808,-75.02633751,0.83344001,,15.1622,14.3051
343291431,265.3540986,-74.03691321,0.53876603,,15.504,14.6497
343290602,265.4786722,-75.01288552,0.476221,,16.5305,15.643
256097918,266.8393006,-74.03891166,0.41808701,,16.216499,15.3396
343291427,265.2956559,-74.03923945,0.19096699,,17.854,16.974199
343290435,265.5539033,-75.19782036,0.34105301,,16.9925,16.111401
256053487,266.0511686,-75.10797489,0.31428301,,17.679399,16.7726
343290601,265.6365544,-75.01565233,0.28327,,17.487,16.636801
343290940,265.6050589,-74.61217104,0.153009,,17.319901,16.492201
343290947,265.6158504,-74.60294819,0.35266,,17.246,16.3599
343291014,265.4905853,-74.51646373,0.21975,,17.425699,16.5515
343291382,265.4063022,-74.08753071,0.39924699,,16.7959,15.9901
343291430,265.2785852,-74.0376709,0.145008,,17.422899,16.604799
256054369,266.355183,-74.21609432,0.29650301,,17.2201,16.3405
343290317,265.3702964,-75.35755704,0.34673199,,18.3332,17.427799
343290450,265.5889185,-75.18183052,0.400731,,17.438299,16.583099
343290761,265.3445812,-74.79311085,0.275576,,18.0856,17.183001
343290800,265.3409936,-74.76070573,0.205117,,17.9606,17.055799
343291078,265.3898699,-74.44882069,0.28302199,,17.7973,16.9284
343291239,265.5707801,-74.25177822,0.0062174802,,17.3419,16.509501
343291261,265.2815403,-74.23232081,0.245649,,16.9268,16.1639
343291319,265.6022857,-74.15858318,0.28365299,,17.597,16.868
343291350,265.5059801,-74.12062645,0.34280801,,17.113501,16.251301
343297824,265.7560322,-75.97835256,-0.045887999,,18.4823,17.386999
256097916,266.9649809,-74.03961165,0.185305,,18.104099,17.362301
343290801,265.5365288,-74.75894906,0.27124101,,16.608801,15.7212
256097915,267.1713273,-74.03966905,0.19851799,,17.014601,16.166201
256053493,266.2747681,-75.09573596,0.37598899,,17.6957,16.7908
1508878039,266.3061363,-75.67185516,-0.217076,,19.237101,18.3333
1508894787,266.2443838,-75.03124807,0.077475399,,18.5916,17.701599
1508876593,267.028309,-75.81390626,0.075975798,,19.160601,18.133801
1508888641,266.9352974,-75.51236041,0.179957,,18.765699,17.818001
1508968274,266.9969894,-74.45622883,0.12265,,18.5163,17.651699
1508971695,267.084388,-74.32786853,-0.52784503,,19.473101,18.584801
1508972634,266.9903301,-74.23462413,0.194368,,18.453899,17.57
1508972935,266.9427293,-74.1528283,-0.137289,,18.2645,17.4055
1508973057,267.0114721,-74.07865105,0.0547483,,18.871401,18.002199
1508985458,266.9190138,-74.01181851,-0.018962599,,18.553101,17.692101
1508878882,266.3512223,-75.60122556,-0.205079,,20.200701,19.2572
1508878887,266.2856258,-75.59100609,-0.76224399,,20.295099,19.573099
1508890518,266.2284192,-75.32349084,0.22451501,,20.5142,19.588499
1508968486,266.3980055,-74.67848261,-0.112062,,19.6716,18.7715
1508968553,266.5026033,-74.66770319,0.0135302,,20.1992,19.3323
1508968555,266.4449364,-74.65289985,0.18899199,,19.7237,18.9132
1508968557,266.4580192,-74.64906415,0.0142754,,19.4293,18.550301
1508896002,266.7196127,-74.83836762,0.58874398,,19.0301,18.187
1508896097,266.5629581,-74.78345669,-0.215111,,19.725,19.115299
1508876304,266.948078,-75.94511248,-0.14097001,,20.4813,19.4863
1508876310,267.045447,-75.94416685,0.45377901,,19.987301,18.9473
1508876588,266.9681473,-75.82676058,0.29552901,,19.1663,18.118099
1508877244,267.0573456,-75.74858955,0.26800799,,19.7819,18.771799
1508877285,267.0462164,-75.74428055,0.118388,,19.4594,18.451799
1508888813,266.9660198,-75.47825959,0.38904101,,18.858,17.9431
1508888870,266.9393219,-75.43635101,-0.0223835,,20.0259,19.081699
1508893020,267.0726421,-75.15016758,-0.46902099,,20.551001,19.7045
1508894140,266.9982549,-74.94579345,-0.00371983,,19.7288,18.918501
1508894356,267.2137341,-74.9018794,-0.82431298,,20.5777,19.734301
1508967921,267.028961,-74.62213915,-0.0789866,,20.1982,19.3692
1508968009,266.9603558,-74.54031559,-0.39608699,,20.4084,19.5296
1508968190,266.9389365,-74.52289437,0.269833,,18.9799,18.1924
1508968239,267.0533635,-74.49761253,-1.1358,,20.629999,19.751101
1508971396,266.987299,-74.42766855,0.123947,,19.999701,19.1633
1508972667,267.0916614,-74.22567283,0.486049,,18.9209,18.065901
1508972674,267.040122,-74.20817478,-0.134343,,19.688801,18.846399
1508973035,266.9032055,-74.09046244,0.172379,,19.248501,18.396601
1508973059,266.9727454,-74.0759091,0.184552,,19.2244,18.4771
1508973060,266.9879807,-74.07162809,0.037433799,,19.8057,19.0977
1508985845,267.9046391,-74.03176197,0.32787099,,18.993299,18.142
343296851,265.8380378,-74.92448726,6.5221801,,10.6383,9.8318596
343296296,265.6641177,-74.35534876,1.08382,,12.8857,12.1335
343296462,265.7673737,-74.51934878,2.66905,,12.3447,11.547
343296497,265.7088285,-74.55064511,0.97311002,,13.622,12.9158
343296017,265.7085669,-74.07201312,0.0904423,,17.357,16.5254
343296524,265.9168129,-74.58282973,0.44208899,,16.627001,15.7606
343296791,266.0375435,-74.85938796,0.30203,,16.8531,15.945
343296850,265.7904492,-74.92241809,0.15363701,,16.241301,15.7556
343297019,265.7863323,-75.07966322,0.228339,,17.097601,16.185101
343297351,265.7071893,-75.43087885,0.26021701,,16.535999,16.0317
343297448,265.8165804,-75.54520364,0.34151801,,17.060699,16.1287
343297392,265.7144773,-75.47980715,0.31786701,,16.5187,15.6365
343296020,265.9251805,-74.07314708,0.893911,,14.3,13.4858
343296043,265.8000042,-74.09488391,0.61759001,,15.4277,14.6455
343296254,266.0230562,-74.31364399,0.60715598,,15.5249,14.6935
343296349,265.8878675,-74.41162014,1.20173,,13.8448,12.9837
343296605,265.7583689,-74.65358432,0.65341902,,16.0137,15.1162
343296727,265.7101383,-74.78703983,0.37140399,,16.6278,15.7428
343296758,266.0286028,-74.81755991,0.51829499,,15.8249,15.0134
343296885,265.820667,-74.95502489,0.75010198,,15.3922,14.4949
343296926,266.0158526,-75.00134154,0.63476902,,15.0023,14.1227
343297055,265.6954376,-75.11196899,0.45217001,,15.8737,14.9744
343297096,266.0070321,-75.15759379,0.71254998,,14.5477,13.7394
343297121,265.9434421,-75.18709088,0.55438602,,15.2076,14.3847
343297168,265.8858026,-75.22868008,0.340909,,16.4307,15.5824
343297225,265.6963077,-75.28576113,0.81866997,,14.8444,13.9659
343297239,265.8067292,-75.30233205,0.822173,,14.1895,13.5494
343297299,265.8901828,-75.37545737,0.802751,,15.0843,14.1706
343297303,265.8957171,-75.38391706,0.566787,,16.0121,15.1461
343297352,266.0243323,-75.43140859,0.79245198,,15.1059,14.3106
343297446,265.8663231,-75.54123305,0.317983,,16.6019,15.6577
343297530,266.0161199,-75.63537253,0.81041998,,13.8665,13.1457
343297551,265.8190415,-75.64785904,0.81743097,,14.5838,13.741
343297737,265.8295848,-75.88609668,0.50337702,,15.6384,14.7415
343297822,265.7254308,-75.9756479,0.57441801,,15.8911,14.8787
343297371,265.9476426,-75.44992275,0.35901099,,16.618,15.7007
343297628,265.9799963,-75.76350906,0.76450098,,15.4964,14.4954
343296184,265.6704237,-74.23765852,0.297941,,16.9091,16.041201
343297370,265.7671036,-75.4499189,0.353129,,16.7071,15.7821
343297471,265.7913283,-75.57394766,0.300367,,16.562201,15.6125
343296499,265.8596747,-74.55124543,0.13006601,,16.689899,15.9026
343296559,265.7634862,-74.61782099,0.0460913,,17.537701,16.649
343296638,265.8773591,-74.6901235,0.19623099,,17.393801,16.5795
343296887,265.9881477,-74.95823108,0.225254,,17.484501,16.7743
343296927,265.7312511,-75.00121135,0.037901901,,18.101,17.2139
343297045,265.8944381,-75.10120819,0.34215099,,17.2948,16.386499
343297087,265.7970484,-75.14737191,0.31395599,,17.177999,16.2987
343297233,265.9613401,-75.29391622,0.29225999,,16.965599,16.064899
343297379,265.9613688,-75.46546345,0.198681,,17.9592,17.016001
343297442,265.7185238,-75.53639855,0.35795999,,17.095699,16.203501
343297445,265.7909722,-75.539088,0.394683,,17.1803,16.242901
343297712,266.0312371,-75.85768708,0.203949,,17.4538,16.396099
343297780,265.8355704,-75.93627311,0.275354,,18.412201,17.465401
343297783,265.6334795,-75.93983703,0.094372399,,18.2442,17.1782
343297821,265.7048767,-75.97504269,0.30917001,,17.7439,16.6549
343295995,265.8055106,-74.04569471,0.29925701,,17.4608,16.592899
343296463,265.8667558,-74.5210784,0.233927,,17.498899,16.7068
343296466,265.8203293,-74.52462172,0.33126199,,18.070299,17.1759
343296523,265.7700136,-74.58042716,0.50376898,,17.660101,16.8281
343296680,265.8538645,-74.73754633,0.241025,,17.9657,17.059099
343296890,265.8849363,-74.96061181,0.25512999,,18.0138,17.101801
343297046,265.989153,-75.10213279,0.27543601,,17.5291,16.664801
343297048,265.9224936,-75.10364207,0.27881601,,17.784599,16.952
343297355,265.8804977,-75.43646209,0.17331401,,18.1768,17.2945
343297475,265.682118,-75.57591006,0.34179699,,18.0536,17.1602
343297477,265.8076167,-75.57632472,0.37784001,,17.4849,16.6991
343297553,265.9934479,-75.65127101,0.090195701,,18.733,17.7605
343296432,265.8111002,-74.49866176,0.36081299,,17.1141,16.2272
343296635,265.75743,-74.6863216,0.0308252,,17.6385,16.817101
343296931,265.7995165,-75.0079409,0.114773,,17.6357,16.744801
343296082,265.7276846,-74.1350466,0.339849,,16.589701,16.0476
343296610,265.6884912,-74.65641283,0.41243699,,17.945999,17.056601
1508875344,265.7646974,-75.9503792,0.16276699,,18.862101,17.9196
1508875414,265.7939219,-75.89506688,-0.090659499,,18.9247,17.9622
1508875599,265.8256405,-75.86338937,-0.0352416,,18.5145,17.5567
1508875594,265.8093779,-75.86417952,-0.54265797,,19.7248,18.682899
1508878201,265.9018259,-75.75906829,-0.17904,,19.591499,18.582701
1508878235,265.7710423,-75.73079903,-0.121846,,18.319,17.3983
1508878312,265.7691994,-75.68557626,0.19268,,18.8433,17.8873
1508879354,265.8068239,-75.56244231,-0.0089262798,,18.8022,17.8498
1508879356,265.855603,-75.57362355,-0.0904826,,18.812599,18.0112
1508879358,265.776967,-75.56737808,-0.027264001,,18.274799,17.3494
1508879640,265.8166607,-75.46194704,-0.391729,,19.3654,18.5751
1508879695,265.826717,-75.42921091,0.243516,,18.1129,17.2159
1508879713,265.8697936,-75.42042229,-0.021336799,,19.1903,18.2962
1508890681,265.9041403,-75.39419051,0.28347501,,17.3097,16.43
1508891920,265.8263474,-75.17779564,0.25311401,,18.347099,17.439301
1508891922,265.818752,-75.17322953,-0.0369206,,18.8162,18.0387
1508892131,265.8790446,-75.0743436,0.162918,,18.540899,17.643
1508892293,265.7730747,-75.02749171,-0.196153,,18.824699,18.064899
1508896500,265.7022304,-74.72729023,-0.021150401,,18.9725,18.074301
1508969085,265.8083093,-74.61418316,-0.0479513,,18.744699,17.8673
1508969081,265.8771432,-74.5925722,0.174822,,18.5215,17.628099
1508969413,265.8245215,-74.50866461,0.356581,,16.2827,15.9218
1508970282,265.8377283,-74.41881031,-0.082144797,,18.374201,17.6012
1508970584,265.9051298,-74.32242831,0.147367,,19.0396,18.1486
1508970682,267.8024893,-74.5801091,0.114532,,18.0576,17.2195
1509000019,265.8234259,-74.09500347,-0.113276,,19.170099,18.304501
1509000081,265.7576829,-74.06105826,-0.0522594,,18.509701,17.628099
1509000969,265.7987031,-74.02885803,-0.0058588898,,18.5763,17.700399
1509000997,265.8053415,-74.00176536,0.184738,,18.453699,17.621799
1508878814,266.3415166,-75.64688137,0.18055999,,18.1766,17.2113
1508968845,266.3075433,-74.57172199,0.300082,,18.211599,17.433399
1508968945,266.1541661,-74.64160806,0.052296098,,18.864901,18.039801
1508970187,266.263736,-74.41955097,-0.053088501,,18.790701,17.9009
1508975010,266.2798278,-74.03781474,-0.0206006,,18.652599,17.830999
343297733,265.6866297,-75.88143635,0.67886502,,18.212999,17.176001
1508922298,265.6194815,-74.61438966,0.13030601,,18.537001,17.9809
1508999713,265.6381026,-74.18014664,0.159007,,18.3943,17.718399
1508875346,265.8715277,-75.94795172,-0.181511,,20.193501,19.208599
1508875350,265.8567106,-75.93923375,0.26264501,,19.3997,18.396999
1508875411,265.8492083,-75.88450549,0.35494399,,19.267099,18.474001
1508875601,265.8667127,-75.85689588,-0.41769999,,20.229,19.3034
1508875692,265.7905339,-75.80141846,0.26751199,,20.0823,19.0847
1508875693,265.7751921,-75.79968559,0.22747,,20.046301,19.0368
1508875685,265.7625712,-75.81077082,-0.23489,,20.213499,19.332001
1508875670,265.8944986,-75.80602506,-0.209994,,19.5494,18.6852
1508875671,265.9024904,-75.80505264,0.15553799,,20.076,19.1807
1508875675,265.8537161,-75.80356135,0.100543,,20.062599,19.072901
1508878234,265.7617885,-75.7317403,0.061285701,,20.1607,19.209499
1508878288,265.7881096,-75.71347598,0.32078499,,19.7855,18.9231
1508878308,265.7754612,-75.69412484,0.60716897,,20.0765,19.103901
1508878309,265.7719449,-75.69098742,0.227183,,19.205799,18.303801
1508878314,265.7957541,-75.68401522,0.29817,,19.1429,18.1714
1508878501,265.8138895,-75.67173101,0.101396,,19.7624,18.9168
1508878482,265.8596397,-75.67124232,-0.69322503,,20.5035,19.577801
1508878559,265.7899249,-75.62397978,0.221791,,18.8606,18.0495
1508878550,265.9410028,-75.62997674,0.495561,,18.3482,17.4154
1508878575,265.7955728,-75.60394466,0.13247401,,19.478901,18.576599
1508879350,265.8431288,-75.58249759,-0.50073397,,19.992901,19.0411
1508879411,265.758003,-75.52634222,0.054230601,,20.546101,19.661301
1508879625,265.7907607,-75.46750167,0.48671201,,20.094999,19.1887
1508879635,265.8627632,-75.4619207,-0.033163801,,20.6201,19.6856
1508879621,265.8810291,-75.48395352,-0.0072174598,,19.5294,18.6707
1508879691,265.8342011,-75.42321735,0.348712,,19.7493,18.946501
1508879722,265.786759,-75.40423791,0.32738701,,19.116301,18.372299
1508879717,265.8414359,-75.40874533,-0.410359,,20.3377,19.4277
1508879718,265.8416602,-75.40985741,-0.76260602,,20.7239,19.8248
1508890693,265.7870937,-75.37563975,0.369102,,18.8386,17.929501
1508890754,265.9125748,-75.33818144,-0.146102,,20.367901,19.5203
1508890979,265.817848,-75.26449104,0.45853099,,19.398001,18.500601
1508891834,265.8609661,-75.17922413,0.181361,,19.3843,18.5249
1508891938,265.713022,-75.14504548,-0.0803155,,19.531401,18.6409
1508892001,265.8181357,-75.12077655,0.11262,,19.9116,19.012199
1508892002,265.8419913,-75.12237134,0.092755899,,20.430099,19.5366
1508892209,265.8734006,-75.03819795,0.634709,,19.7006,18.8475
1508895270,265.7531466,-74.98910617,0.100259,,18.837799,18.068701
1508895297,265.730692,-74.98585887,0.29318801,,18.7171,17.8417
1508895360,265.7910537,-74.92474858,0.31665099,,19.3099,18.4895
1508895634,265.8273388,-74.84869273,-0.47803399,,20.379299,19.536699
1508896399,265.8598423,-74.80452196,0.214131,,19.307301,18.511299
1508896726,265.8011889,-74.68668425,0.26976201,,19.9818,19.1462
256053459,266.4093151,-75.14643288,,,11.0996,10.4383
256053269,266.1042251,-75.34826318,1.3398499,,13.6046,12.7315
1508896781,265.8196125,-74.66640629,-0.61603802,,19.9426,19.313999
343290014,265.2704501,-75.7467814,1.26888,,14.3963,13.4594
343291416,265.4629504,-74.0519698,0.582367,,15.8157,14.9317
256052844,266.291467,-75.84623677,0.64789099,,16.0721,15.0453
1508969096,265.8423325,-74.61316845,0.239742,,20.2071,19.3141
256053451,266.1062201,-75.15306638,0.94236201,,14.4222,13.5885
256053732,266.2769983,-74.85447631,0.64900601,,15.9104,15.0243
256054209,266.2915079,-74.37009911,0.74825299,,14.4141,13.5449
1508969122,265.7361038,-74.56249173,0.403451,,19.335899,18.469601
1508969123,265.7363218,-74.56354069,-0.251831,,19.5667,18.755501
1508969177,265.7317977,-74.54547307,0.16339,,20.166401,19.319
1508969187,265.7686464,-74.53656115,-0.75062698,,20.263599,19.451599
1508969416,265.7753739,-74.50945586,-0.088288702,,19.843201,18.981701
1508970290,265.8152357,-74.40753671,-0.170808,,20.034599,19.2782
1508970291,265.8125257,-74.40684666,-0.39822501,,20.6366,19.794201
256053455,266.3421687,-75.14727037,0.74915302,,15.394,14.5314
1508970299,265.8587548,-74.39824794,-0.143057,,19.6696,18.8932
1508970361,265.7906616,-74.35415847,0.498041,,20.249599,19.3923
1508970609,266.0150101,-74.31083665,-0.47633901,,19.9498,19.202299
1508970661,265.9074533,-74.25952127,-0.12264,,19.788601,18.924299
1508973886,265.8944934,-74.21647133,-0.54848301,,19.8281,18.957701
1508973910,266.057566,-74.21426015,0.211481,,19.351299,18.507299
1508974259,265.9686405,-74.07701063,0.44289199,,19.9821,19.1385
1508974262,265.9380346,-74.06516116,-0.47433701,,20.5769,19.6971
1508974263,265.9144737,-74.0822818,-0.588278,,20.2922,19.446199
1508999650,265.782544,-74.22511024,0.214093,,18.951799,18.1112
343290422,265.3023046,-75.2190972,0.27404001,,17.091,16.228901
256054395,266.2081132,-74.18996303,0.39554,,16.776899,15.9073
1508999658,265.7642405,-74.22170505,0.37390301,,18.2896,17.5849
1508999691,265.7029724,-74.18949673,-0.33974299,,19.8687,19.005199
1508999762,265.7226016,-74.15068115,-0.31524199,,19.489,18.659901
1508999992,265.7977893,-74.11865287,-0.77979898,,20.523899,19.7362
1509000968,265.7517409,-74.02907771,0.0991292,,19.325399,18.462299
256054210,266.2993461,-74.36982174,0.65930003,,15.6896,14.8019
343291398,265.601953,-74.07131831,0.662211,,15.9136,15.2247
1509000995,265.7967866,-74.00673007,-1.24353,,20.3876,19.569201
1509000992,265.7950654,-74.00594646,0.31407601,,18.868,18.307301
1508877865,266.1911762,-75.75201037,0.0530173,,19.5446,18.7313
1508877867,266.1862242,-75.75034421,0.51418698,,19.357901,18.3668
1508878810,266.3087418,-75.6564889,-0.64569598,,20.3305,19.5068
1508890319,266.1659665,-75.3872258,0.047312401,,20.42,19.514
256054203,266.1449847,-74.37716696,0.731444,,15.2982,14.5384
256054204,266.1329071,-74.3764452,0.487005,,16.401699,15.5521
256054391,266.2304023,-74.19093907,0.355683,,17.185699,16.330299
1508896529,266.19751,-74.75607327,-0.034205198,,19.738701,19.002701
1508896531,266.2050136,-74.74982361,0.31513301,,19.258699,18.4576
1508896532,266.1928599,-74.74825307,-0.0539391,,19.608999,18.6945
256053549,266.2583268,-75.04689098,0.167307,,17.032,16.291901
1508970170,266.2867621,-74.44796452,-0.068395302,,20.087099,19.2323
256052841,266.2848342,-75.84803223,0.36031699,,16.854099,15.7952
256052843,266.3147285,-75.84625718,0.43323401,,17.130199,16.0693
1508970189,266.2720928,-74.41532872,-0.0102936,,19.4527,18.6595
1508970467,266.2319404,-74.34628415,0.55924702,,18.992399,18.132601
1508973778,266.2508388,-74.24421751,0.32477099,,19.2782,18.4925
1508973780,266.3311797,-74.25399063,0.29712901,,18.7446,17.867399
256053267,266.2791681,-75.34921078,0.27305499,,16.792601,15.8608
1508974910,266.2450074,-74.11073026,0.0095702102,,20.056999,19.202299
1508975007,266.2557604,-74.04060654,-0.078428097,,19.171,18.410299
1508975011,266.2933526,-74.03636193,-0.063578501,,19.1206,18.335699
256054108,266.205461,-74.48139062,0.201452,,17.592199,16.6992
256054394,266.292425,-74.18999543,0.245441,,17.939301,17.059401
1508975017,266.2059669,-74.05219145,0.32312,,18.446899,17.635
256053178,266.2354814,-75.46200916,0.28895801,,17.6194,16.695299
256092929,266.7997946,-75.86822565,0.56454599,,16.6579,15.5849
256054556,266.1797241,-74.02671989,1.1476901,,14.6652,13.9578
256054568,266.3311971,-74.01453009,0.62568903,,15.2985,14.4299
256092930,266.5448584,-75.86992369,1.03606,,16.042,15.0087
256053337,266.3188265,-75.26852788,0.522699,,16.0868,15.1844
256092928,266.6462438,-75.86754124,0.16387901,,18.2199,17.1702
256054570,266.0663798,-74.01332476,0.19536,,17.5107,16.637699
1508875847,265.4428257,-75.71995116,-0.062582202,,17.9247,17.0823
1508916136,265.4016841,-75.21273633,0.25658101,,18.364901,17.451401
1508875496,265.4254122,-75.86374686,0.083285399,,18.430901,17.542101
1508901331,265.3819441,-75.6303179,0.28773099,,18.1675,17.3363
1508917107,265.392378,-75.07755175,0.207976,,18.4457,17.5744
1508917416,265.4643124,-74.95499068,0.18389501,,18.008499,17.112801
1508922372,265.4084812,-74.62642906,0.047077,,17.556999,16.916901
1508994540,265.5200664,-74.55177356,0.053739399,,18.1134,17.2782
1508994623,265.4923903,-74.49177241,0.20740899,,18.745701,17.879499
1508999858,265.5400004,-74.1412691,0.267831,,18.616699,17.775101
1508874844,265.3324399,-75.90368475,-0.244744,,19.2834,18.3195
1508878658,265.6904212,-75.61497561,-0.062215101,,18.879101,17.9695
1508879457,265.6650858,-75.53285039,0.2325,,18.2994,17.377199
1508879461,265.7003299,-75.52272076,-0.048529301,,18.871799,18.146099
1508879784,265.5067323,-75.41582652,0.0119573,,18.3664,17.488199
1508879789,265.5447886,-75.42129278,-0.25386399,,19.2747,18.482201
1508890896,265.5658208,-75.28003824,0.113312,,18.3734,17.534201
1508890897,265.5469101,-75.28680949,-0.225761,,19.2075,18.290001
1508890900,265.6072866,-75.28000223,0.18143,,18.824699,17.9354
1508891985,265.7936294,-75.14798251,-0.45692101,,18.7265,17.9505
1508891987,265.7723168,-75.14348908,0.072809599,,17.8624,17.225201
1508892340,265.6281268,-75.00339568,0.177525,,18.6868,17.780399
1508921934,265.5604618,-74.74745178,0.32698101,,17.484501,16.743799
1508922243,265.6619548,-74.64419392,-0.26719099,,19.1626,18.263399
1508922319,265.6114277,-74.59283963,-0.0353419,,18.125401,17.2582
1508922320,265.5901178,-74.58763013,0.119198,,17.7181,16.8207
1508995792,265.5775066,-74.35468513,-0.11305,,18.561399,17.772499
1508995793,265.5737532,-74.35268264,0.22679099,,18.43,17.538799
1508996193,265.6179934,-74.21618284,-0.164133,,18.676399,17.8654
1508895310,265.6491341,-74.96858191,0.24735799,,18.6642,17.754601
1508895619,265.8888239,-74.87334349,-0.106678,,18.9158,18.0993
1508890280,266.0927987,-75.41170696,0.17559201,,18.6731,17.762899
1508890284,266.2808304,-75.42414968,0.149119,,18.806801,17.9674
1508890933,265.9591079,-75.30339496,-0.137334,,18.9561,18.0399
1508891798,266.0815869,-75.20943248,0.021448299,,18.5798,17.6682
1508891852,266.0024232,-75.18073643,0.040332299,,19.0282,18.1516
1508891854,266.0054507,-75.17270863,-0.025201701,,18.4505,17.5411
1508891856,266.0915144,-75.17245463,0.30067,,18.365299,17.4564
1508892178,265.9509243,-75.05928498,-0.031936299,,18.722,17.878799
1508895216,265.9708554,-74.97691586,-0.00341688,,18.819901,17.920601
1508896287,266.0260397,-74.83109069,-0.096251503,,18.637199,17.7521
1508896311,265.9929787,-74.81950314,-0.199211,,18.786301,17.9688
1508896641,266.0222182,-74.69828291,0.139586,,18.704201,17.8309
1508969026,265.9878021,-74.59348368,0.0198544,,18.9512,18.125799
1508970249,265.9587354,-74.4419998,0.27635401,,18.2593,17.3624
1508970443,266.0687918,-74.34660479,-0.161538,,18.8857,18.1488
1508970634,265.9900029,-74.27189391,-0.37252301,,18.695299,17.835199
1508973919,265.9714879,-74.21221119,0.054876901,,18.1812,17.370899
1508973937,265.9628976,-74.17185431,0.150701,,18.675301,17.833401
1508974164,266.017247,-74.13609189,-0.37608299,,19.1514,18.2787
1508975086,266.112214,-74.05254898,0.355777,,18.239599,17.365999
1508975223,266.3645066,-74.03274944,0.19462401,,18.3002,17.4161
1508890100,266.4190852,-75.48311014,0.0241898,,18.830299,17.940201
1508894957,266.4688209,-74.96980375,0.19104899,,18.5769,17.739599
1508974814,266.4410268,-74.03055862,0.230094,,18.601999,17.770201
1508875553,265.4630253,-75.84893855,0.195068,,18.686899,17.7917
1508902484,265.4292177,-75.46013199,0.245795,,18.845501,18.004801
1508902502,265.387204,-75.43947041,0.359963,,18.1838,17.502001
1508902503,265.3765513,-75.43936915,0.252404,,19.722601,18.9207
1508902506,265.3514261,-75.4316042,0.29004499,,20.1066,19.2208
1508902780,265.4073919,-75.36828826,0.25086799,,19.875401,18.964899
1508917017,265.5316947,-75.12510277,0.52613503,,19.065901,18.153299
1508995982,265.5042487,-74.28210201,-0.43784001,,19.788401,18.9149
1508874772,265.4156436,-75.99975966,-0.048400901,,19.865999,18.902
1508874776,265.3993018,-75.9869317,0.48259801,,19.367399,18.3955
1508902726,265.4022796,-75.37644898,0.184543,,19.5065,18.681
1508915900,265.4869532,-75.28202335,0.198539,,19.003599,18.268299
1508916244,265.490881,-75.1482927,0.54182899,,19.5049,18.658501
1508916247,265.4605305,-75.15804695,0.0364962,,19.9743,19.1959
1508922370,265.3812385,-74.6275819,0.43520999,,18.7649,17.9918
1508994625,265.4896037,-74.49279064,0.12801699,,19.9333,19.0536
1508996328,265.4302454,-74.20126103,0.458042,,20.119801,19.246099
1508999856,265.5158422,-74.15453574,-1.56646,,20.766399,19.9471
1508875589,265.8281605,-75.87640438,0.22179499,,19.4683,18.500401
1508875755,265.5159204,-75.79660191,-0.50954902,,20.528999,19.684401
1508878413,265.5899529,-75.67743377,0.34530199,,20.166599,19.249399
1508878415,265.553855,-75.67440359,0.0994884,,19.994301,19.0301
1508879462,265.6681019,-75.52020468,0.16487899,,19.465599,18.5327
1508879770,265.5517851,-75.43408615,0.35277799,,18.879,18.059601
1508879771,265.5530274,-75.43260671,-0.132706,,19.879299,19.051001
1508879869,265.6092354,-75.38479671,-0.949458,,20.5219,19.6724
1508891131,265.7949281,-75.2354656,0.369259,,18.825199,17.928301
1508891137,265.8015765,-75.22400161,0.25893,,19.7813,18.9238
1508891140,265.7299573,-75.23248727,0.35811001,,20.585899,19.674999
1508891189,265.5553063,-75.17869553,-0.57091498,,20.5819,19.674
1508892334,265.5984787,-75.01283898,0.14545199,,19.4935,18.5854
1508922318,265.6144778,-74.59283214,-0.070549898,,19.523899,18.7127
1508922321,265.5662105,-74.62293558,-0.58860201,,20.2784,19.4958
1508994928,265.569133,-74.41435036,-0.544191,,20.8174,19.9506
1508996084,265.5590977,-74.2836155,-0.486617,,20.464701,19.5884
1508996199,265.5702906,-74.18970171,0.37372899,,18.5324,17.8248
1508875641,265.6858779,-75.81670964,0.23962,,19.945499,18.9951
1508878699,265.5448927,-75.57875811,-0.016719799,,19.7481,18.825399
1508891072,265.697508,-75.25894537,0.232564,,19.7253,18.8449
1508891076,265.7800091,-75.26095769,0.52751499,,18.360901,17.5457
1508891081,265.7605825,-75.24449448,-0.14573701,,20.254101,19.436701
1508895313,265.6503872,-74.96784623,-0.44203499,,19.771,18.977301
1508920741,265.524638,-74.880194,0.0899124,,19.4568,18.6119
1508920965,265.5477777,-74.83354952,-0.295145,,20.32,19.4685
1508922022,265.5702921,-74.67495194,-0.33848599,,20.2075,19.3246
1508994838,265.6573403,-74.44846675,-1.2255599,,20.381201,19.636
1508996079,265.6330782,-74.27408207,0.142298,,18.7999,18.048401
1508999736,265.6153262,-74.1703648,-0.059094999,,19.1532,18.3332
1508890342,266.0697436,-75.35559933,-0.42777401,,20.655399,19.748199
1508890717,265.9652664,-75.36904546,0.239099,,19.4601,18.5385
1508890736,265.9398215,-75.33103718,-0.024723999,,19.752701,18.884501
1508890917,266.0121217,-75.31219137,0.119484,,19.902599,18.979799
1508890922,265.9741859,-75.31603104,0.30926499,,18.307899,17.5518
1508890923,265.9383274,-75.31415519,-0.364411,,20.1255,19.340599
1508890937,266.0123547,-75.29858601,-0.41152599,,20.0404,19.1359
1508891785,265.9842066,-75.21019629,-1.6985199,,20.9076,20.0147
1508891873,265.9508235,-75.15361087,-0.28794,,20.1257,19.3148
1508892095,265.9948911,-75.10975274,0.228966,,19.0187,18.1271
1508892096,265.9988386,-75.10030404,0.11417,,19.7393,18.887899
1508892169,265.9785215,-75.08497868,-0.113213,,19.4107,18.5467
1508895161,266.0106669,-75.00847289,0.15304001,,19.9119,19.062201
1508895240,266.0220791,-74.96515555,0.40095401,,19.3957,18.552401
1508895462,265.9483991,-74.90513393,0.153952,,19.7188,18.8216
1508896341,266.102677,-74.77856726,-0.048885401,,19.002001,18.2124
1508896377,265.9927551,-74.77207475,0.0243934,,20.273899,19.3841
1508896561,265.9551269,-74.73867634,0.474029,,18.622,17.739599
1508896556,265.9837709,-74.74642811,0.0619618,,19.951401,19.1047
1508896658,266.0061309,-74.67591266,-0.48028699,,19.811501,18.9345
1508968964,266.0070256,-74.63740774,0.13943399,,19.108999,18.300301
1508969357,265.9657668,-74.54516759,0.173577,,19.186001,18.4935
1508969252,266.0104306,-74.55437325,0.324754,,19.1966,18.3416
1508969269,266.1237735,-74.53327567,0.409197,,20.3869,19.534401
1508969386,265.9465091,-74.5045889,0.16918699,,19.274799,18.4251
1508969388,265.9617987,-74.50386505,0.45515299,,19.608101,18.760599
1508970152,266.1098376,-74.44351035,0.037916701,,20.4562,19.610001
1508970155,266.0884424,-74.44509255,0.119754,,20.7096,19.820299
1508970237,266.0921377,-74.38632439,0.169001,,19.690201,18.844601
1508970239,266.0622044,-74.38177641,0.53278399,,19.3722,18.478201
1508970263,265.9926696,-74.41722265,0.200101,,19.8386,19.009501
1508970312,266.0222812,-74.41573665,0.43162799,,18.557699,17.716999
1508970332,266.0196587,-74.37706582,-0.83599597,,20.7005,19.837799
1508970438,266.0895832,-74.36059387,0.19385301,,19.4512,18.6371
1508970517,266.1528611,-74.31668365,-0.057606202,,19.774,18.9366
1508973912,266.0489393,-74.2083019,-0.38267499,,19.738701,18.8911
1508974156,266.0633895,-74.14233255,0.29664999,,19.0399,18.1957
1508974160,266.0449095,-74.13668339,0.35513899,,19.490801,18.6569
1508974144,266.0102275,-74.17347339,0.53962201,,19.434401,18.637899
1508974240,265.9353423,-74.09513411,-0.157656,,19.9699,19.1478
1508974225,266.0765544,-74.09171738,-0.133626,,19.9631,19.1322
1508975107,265.979421,-74.05398144,0.090225503,,19.2181,18.5226
1508975090,266.0481742,-74.05865884,0.157021,,19.966999,19.0935
1508975185,265.987348,-74.00583558,-0.19957501,,19.219601,18.568399
1508975516,269.9677306,-74.58347874,0.30821699,,19.802,18.9139
1508879171,266.3493531,-75.49509247,-0.15213899,,19.3981,18.618799
1508879172,266.3246311,-75.48575052,0.118644,,19.841999,18.9265
1508890455,266.41322,-75.34238888,0.56009501,,19.621201,18.7467
1508891547,266.4069664,-75.17208265,-0.083732098,,19.1763,18.3176
1508895005,266.3515786,-74.98026105,0.16518401,,19.0418,18.1742
1508974590,266.393058,-74.08602082,0.21587799,,18.957199,18.1518
1508974592,266.3949714,-74.0823106,0.14147399,,19.6873,18.989
1508974594,266.4913354,-74.0871038,0.385901,,18.048401,17.2791
1508974810,266.4775933,-74.02662891,-0.414437,,20.140301,19.315399
256054059,266.0681131,-74.54078125,1.89082,,12.0206,11.2003
256054347,266.1552364,-74.23591636,1.12964,,13.0444,12.2977
256054061,266.3671692,-74.53617373,0.388116,,17.255301,16.3771
256054310,266.3709287,-74.27398041,0.39456201,,16.7847,15.9362
256054383,266.1128462,-74.20190463,0.45815599,,16.4135,15.5678
256054501,266.3166763,-74.08611113,0.52620602,,16.4198,15.5879
343297646,265.9842114,-75.77298656,0.452822,,16.011,15.037
256054399,266.2729323,-74.18731975,0.457607,,15.9452,15.2311
256054509,266.2539516,-74.07751523,0.75077599,,15.2951,14.5053
256054511,266.0679482,-74.07636134,0.36444399,,16.4055,15.6026
256054525,266.1358885,-74.05699212,0.82284403,,14.5273,13.7751
256054545,266.1869119,-74.0374818,0.59176999,,15.7806,14.9066
256054547,266.124839,-74.03575694,0.58424997,,15.084,14.223
256052890,266.0779902,-75.79537189,0.99181199,,15.3063,14.2809
256052915,266.1795769,-75.75952767,1.13732,,15.4321,14.4291
256053398,266.2828566,-75.20970895,0.56415802,,15.8125,14.9542
256054406,266.156226,-74.18030932,0.411291,,16.8479,16.3393
256052920,266.3735614,-75.7550298,0.109272,,17.087601,16.1674
256054329,266.1182826,-74.26005093,0.442011,,16.5779,15.6911
256054378,266.1784904,-74.2075867,0.50116903,,16.18,15.3813
256052817,266.4033928,-75.87508751,0.110281,,18.329901,17.264999
343297649,265.9996541,-75.77536824,0.21861599,,17.945299,16.9142
256054402,266.262943,-74.1848409,0.082927801,,16.4233,15.7852
256053057,266.3401828,-75.60589595,0.307722,,18.0569,17.105101
256054145,266.323488,-74.4490871,0.116778,,17.3186,16.4715
256054398,266.0272775,-74.18872831,-0.00922505,,18.130301,17.288799
256054404,265.9935381,-74.18345682,-0.032241698,,18.152901,17.2903
256052886,266.1776274,-75.79875768,0.24366,,17.852301,16.8444
256052887,266.011104,-75.79678507,0.20762201,,17.994699,17.0354
256053058,266.3490888,-75.60375546,0.301705,,16.9627,16.160801
256052889,266.2202,-75.79568845,0.49011099,,16.6064,15.5465
256053056,266.0071584,-75.60647077,0.259633,,18.106199,17.143101
1508890302,266.2609247,-75.3979106,0.141331,,18.549999,17.6189
1508891391,266.2216867,-75.25159688,0.30004299,,18.249399,17.342699
1508973987,266.2258034,-74.19058437,0.16873699,,18.853001,17.971399
1508890106,266.3617571,-75.48180929,0.31819099,,18.224001,17.311399
1508895075,266.3727808,-74.92918021,-0.39459699,,18.437201,17.6761
1508878003,266.4619107,-75.71936605,0.34673801,,18.5431,17.521999
1508973673,266.3940448,-74.16788784,0.27996799,,18.172701,17.336201
1508891498,266.5699229,-75.22972694,-0.18692,,19.224899,18.3561
1508894566,266.5691929,-75.1288256,0.0875559,,18.3255,17.438999
1508890305,266.2939745,-75.39045357,0.086698502,,19.243799,18.3811
1508969016,266.1083862,-74.62161806,0.447712,,19.622499,18.7328
1508891421,266.3505113,-75.22828733,-0.48665801,,19.4461,18.725
1508894779,266.3929649,-75.02484432,0.090916403,,19.009899,18.1569
1508895877,266.3029938,-74.8562707,-1.71059,,20.670799,19.851299
1508974923,266.3633702,-74.09617654,0.177196,,19.023399,18.2775
1508975225,266.3358355,-74.01992872,-0.32607499,,19.893299,19.0459
1508891258,266.4404212,-75.27027021,0.43288299,,18.587299,17.740101
1508894977,266.5001801,-74.93922121,0.23173299,,18.6576,17.8141
1508968858,266.4379537,-74.5816482,0.045035802,,20.1894,19.333799
1508968863,266.4096729,-74.56534886,0.235294,,19.1901,18.3265
1508969951,266.4745292,-74.43716771,-0.28674099,,19.795,18.9091
1508969952,266.4686546,-74.42739515,0.163095,,19.546499,18.7603
1508974897,266.3183102,-74.12668138,0.309342,,19.219,18.4027
1508889991,266.6710482,-75.21176073,-0.106266,,19.868299,18.985901
1508891208,266.5281128,-75.31775642,0.37559101,,19.1189,18.209299
1508891212,266.5128218,-75.30420302,0.209197,,19.186001,18.329201
1508891281,266.53429,-75.27238102,0.49520001,,18.9247,17.9944
1508891300,266.595097,-75.24132616,0.38436201,,18.7111,17.8015
1508891583,266.5412738,-75.15289464,-0.138974,,20.019899,19.161501
1508894564,266.5959329,-75.14420188,0.257332,,19.1999,18.308701
1508893096,266.7994066,-75.14563004,-2.51226,,20.6919,19.814301
1508894611,266.4591593,-75.085743,0.086903401,,19.167601,18.356701
1508898208,265.3602427,-75.72598565,-0.53746098,,19.493799,18.7467
1508901267,265.3190185,-75.67581252,0.063213497,,19.1003,18.287901
1508901270,265.2883031,-75.67510572,0.37147,,19.064501,18.0956
1508901271,265.3266911,-75.66989503,-0.18400501,,19.701401,18.9683
1508901284,265.3173105,-75.65050918,-0.031735498,,19.615601,18.781
1508901278,265.360933,-75.65822754,0.293302,,18.933001,18.150299
1508901543,265.4151579,-75.58279631,-0.205503,,19.469299,18.7873
1508901544,265.4212431,-75.58246523,0.193868,,19.991899,19.079
1508901532,265.3200092,-75.59353927,0.330928,,20.354601,19.4259
1508901621,265.3794523,-75.53037033,0.048906099,,19.193701,18.4688
1508901646,265.2575774,-75.53254738,0.39827001,,18.4412,17.5284
1508901639,265.3234459,-75.51490152,-0.0268704,,19.9189,19.157101
1508901640,265.3551327,-75.51043613,0.38194901,,18.545401,17.723499
1508902461,265.22452,-75.4566743,-0.0276863,,19.527399,18.718
1508902462,265.244093,-75.46257344,0.410294,,18.9037,18.099001
1508902464,265.2387293,-75.45083282,0.41010201,,18.535299,17.616301
1508902731,265.2769291,-75.39373563,0.38329101,,19.753401,18.879101
1508902750,265.3185696,-75.37346964,-0.454016,,20.6108,19.688101
1508902753,265.2849282,-75.37040444,0.140984,,19.1231,18.3577
1508902825,265.3331653,-75.31358087,-0.36021799,,20.583,19.690399
1508915864,265.2486687,-75.28633653,0.15787899,,18.904301,18.0737
1508915857,265.3417335,-75.30541481,0.47670299,,19.0376,18.3456
1508915887,265.2583372,-75.25216905,0.336137,,19.430901,18.620001
1508915884,265.2636822,-75.27280397,-0.077962399,,20.353201,19.4715
1508915941,265.3660259,-75.25518715,0.169636,,19.325899,18.6754
1508915942,265.3544202,-75.24477264,0.29458499,,19.9296,19.0921
1508916169,265.384323,-75.21525222,0.098497301,,19.2945,18.527399
1508916170,265.3678103,-75.2076752,0.079792798,,19.315599,18.493401
1508916205,265.3362141,-75.17107634,-0.219023,,20.379,19.4548
1508916196,265.3495254,-75.17290984,0.32753801,,18.8104,18.0072
1508916200,265.3191663,-75.18603612,0.139305,,19.2267,18.378401
1508916278,265.3424881,-75.12008712,0.0153616,,19.3489,18.4405
1508917133,265.3543297,-75.03028299,0.0815401,,19.6015,18.692301
1508917444,265.2998446,-75.00283724,-0.25340199,,20.208,19.4597
1508917445,265.3049846,-75.00284241,-0.38883001,,19.792,18.8801
1508917428,265.3472805,-74.93738506,0.511379,,19.7152,18.878901
1508917434,265.3039469,-75.00789007,0.18228801,,20.3456,19.4704
1508917469,265.2142718,-74.96443901,-0.53821099,,20.1712,19.274401
1508920795,265.3179473,-74.9070165,0.039578401,,19.5954,18.6908
1508920831,265.2375454,-74.85789017,-0.0028559,,20.2085,19.320601
1508921104,265.3705321,-74.82019719,0.338341,,18.752899,17.867599
1508921184,265.3034076,-74.75290181,0.024488701,,19.3547,18.5165
1508921209,265.3299276,-74.75064353,0.289727,,18.397301,17.662901
1508922105,265.2779506,-74.69567676,-0.049881801,,19.5357,18.6376
1508922106,265.2502718,-74.69046364,0.338397,,20.0574,19.2654
1508922091,265.3943386,-74.69934249,-0.0179203,,19.8148,18.964199
1508922153,265.3493217,-74.66129611,0.13444801,,20.5753,19.6758
1508922174,265.3618625,-74.64415377,-0.0144144,,19.8902,19.0296
1508922412,265.2957446,-74.61806847,0.285714,,18.918501,18.0245
1508922488,265.3555486,-74.54117533,-0.55533803,,20.6,19.73
1508922516,265.3090113,-74.54327678,0.35109699,,20.069201,19.3006
1508994710,265.3142323,-74.50382814,0.216976,,19.0485,18.165899
1508994711,265.3122157,-74.49629101,0.48240301,,20.008101,19.108999
1508994688,265.3751515,-74.50646005,-0.127124,,20.048599,19.2185
1508994770,265.3120659,-74.47872492,0.20967799,,19.1712,18.3214
1508995079,265.3076017,-74.37310367,0.25212201,,19.8958,19.1737
1508995097,265.3004162,-74.35045594,0.104442,,19.356501,18.492399
1508996009,265.3283542,-74.27631455,0.225031,,19.757601,18.9505
1508996362,265.2374637,-74.3181325,0.34182999,,20.298,19.4799
1508996273,265.3559745,-74.21079385,0.24762499,,20.416901,19.528601
1508996286,265.5388244,-74.21604601,-0.18045101,,20.016701,19.1873
1508996344,265.3632114,-74.18266345,-0.184284,,19.6141,18.7743
1508996783,265.2147565,-74.17109567,-0.251872,,19.5476,18.783001
1509000301,265.2918616,-74.11582131,0.108328,,19.041,18.210199
1508999972,265.3782082,-74.0848965,0.398004,,18.646,17.8414
1509000622,265.310715,-74.02005927,0.118236,,19.1196,18.415701
1509000632,265.2494991,-74.02154916,-1.26309,,20.4555,19.6402
1508890772,265.7415036,-75.37164495,-0.074683502,,19.212099,18.3916
1508890776,265.7308463,-75.36806189,0.27782601,,20.1728,19.3015
1508890799,265.6874495,-75.33099366,0.153383,,19.8016,19.061199
1508877733,266.2411824,-75.82584345,0.29688901,,18.9023,17.899599
1508890286,266.2781832,-75.41490558,0.12395,,20.1863,19.285101
1508968823,266.3786157,-74.60010292,0.021389499,,19.1115,18.2642
1508970488,266.2043554,-74.31515648,0.45125699,,19.7349,18.863501
343289859,265.5012768,-75.98984208,0.43259001,,17.229401,16.197701
343289899,265.3605718,-75.92925057,0.239996,,16.973499,16.0578
343290050,265.4182914,-75.70373996,0.253212,,17.479799,16.594601
343290051,265.3277376,-75.70293945,0.36833301,,16.9044,16.02
343290053,265.5861949,-75.70048886,0.462102,,18.1068,17.1451
1508898198,265.2603073,-75.73212315,0.31124601,,18.5438,17.5991
1508901265,265.3054496,-75.69425022,0.228681,,18.511,17.584499
1508901277,265.3474005,-75.65994121,0.0186418,,19.089199,18.1245
1508901539,265.3493497,-75.58579982,0.0193971,,19.271,18.3517
1508901563,265.2519796,-75.58630551,0.103641,,18.950399,18.006001
1508902419,265.4533231,-75.4887523,0.318483,,18.444401,17.5763
1508902465,265.2473304,-75.44940086,0.0576954,,18.3981,17.548401
1508902496,265.4646818,-75.44502701,0.00725338,,18.6588,17.779301
1508902527,265.2455488,-75.42411204,0.079185501,,18.2747,17.4032
1508902550,265.2389904,-75.40761467,0.27614301,,18.396601,17.5277
1508902830,265.2768937,-75.31578957,0.27068201,,18.404301,17.581699
1508915965,265.2984578,-75.22674535,-0.0787348,,18.652901,17.8176
1508916177,265.287695,-75.20236582,0.239638,,18.654499,17.748899
1508916203,265.2747871,-75.1766855,-0.025287,,18.1744,17.405899
1508916204,265.3194155,-75.1746781,0.00155404,,18.997499,18.0744
1508917043,265.3402555,-75.10978678,-0.043808099,,19.2048,18.348
1508917119,265.3628203,-75.06996284,0.0599127,,18.486601,17.6178
1508917431,265.3502541,-74.93046731,0.233035,,18.573099,17.6863
1508917540,265.2584447,-74.95488665,0.25175601,,18.306601,17.467699
1508920793,265.2857604,-74.91401846,0.141022,,18.423599,17.5124
1508920802,265.2800193,-74.90312645,0.088295899,,18.9837,18.073
1508922160,265.3273896,-74.66277858,0.380595,,18.0539,17.226299
1508922215,265.1899927,-74.60600033,0.16972101,,17.9736,17.1695
1508922405,265.3356688,-74.60564896,0.174879,,18.4076,17.5448
1508922407,265.3669982,-74.58916961,0.378158,,18.105,17.212999
1508922496,265.2158044,-74.55341092,0.26193199,,18.2453,17.417601
1508922497,265.2386536,-74.55380541,-0.047975201,,18.682699,17.8186
1508995093,265.365825,-74.35502707,-0.107961,,18.172501,17.3368
1508995935,265.3430624,-74.30706799,-0.138173,,19.262699,18.3883
1508996269,265.3726316,-74.20907094,-0.241165,,19.412399,18.541201
1509000197,265.4199146,-74.03048445,-0.16396201,,18.9491,18.0734
1508879751,265.7157248,-75.42904822,-0.0462372,,18.9391,18.006599
1508890858,265.677157,-75.30830458,0.22757301,,18.4049,17.483
1508878879,266.2810982,-75.59817635,0.054302599,,18.665501,17.7978
1508890291,266.2373765,-75.41814451,0.0118874,,18.778999,17.861
1508890508,266.3238016,-75.35296693,0.14072201,,18.6943,17.780399
343289919,265.3269727,-75.90564825,0.657462,,16.0504,15.0153
343289951,265.4749662,-75.85418114,1.27659,,13.8589,12.9662
343290054,265.5219353,-75.6995594,0.93892902,,14.6496,13.6899
343289858,265.3758604,-75.99246137,0.90532202,,16.084299,15.0262
343289888,265.6015892,-75.94945352,0.50651997,,15.9523,14.878
343290005,265.6486329,-75.76486823,0.87299901,,15.6274,14.6771
343296052,265.7029527,-74.10189199,0.26768199,,17.166,16.309099
343296084,265.7538549,-74.13532326,0.680857,,15.2813,14.4236
343295956,265.9007108,-74.00014566,0.129448,,17.756399,16.927601
343296050,265.7694563,-74.10162738,0.071186103,,17.9648,17.0872
343296091,265.9091909,-74.13948109,0.176432,,17.5215,16.656601
343296147,265.9964449,-74.20552467,0.20082299,,17.4702,16.6292
343296090,265.888515,-74.1390984,0.3766,,17.0833,16.2041
343296165,265.711825,-74.22156469,0.211688,,18.1908,17.319901
1508878609,265.5850765,-75.62165625,0.315016,,18.210501,17.2868
1508879887,265.608112,-75.36525803,-0.0130291,,18.8426,18.0874
1508895606,265.7267666,-74.85082469,-0.109471,,18.8613,18.054701
1508920651,265.5611006,-74.9422168,0.064032599,,18.6437,17.722799
1508875721,265.6865469,-75.77421054,0.33707601,,18.7491,17.745001
1508879481,265.5700851,-75.53014024,0.329348,,18.358299,17.429701
1508891949,265.6435024,-75.15695474,0.156188,,18.216101,17.3027
1508891969,265.6496335,-75.12631869,0.203639,,18.1024,17.2206
1508996042,265.7000486,-74.29802517,-0.024572801,,18.5504,17.7061
1508996043,265.6847966,-74.29470374,0.17508,,18.0466,17.4261
1508996046,265.7303056,-74.30009542,0.367338,,18.047199,17.1793
1509000041,265.62266,-74.09918603,0.0205577,,18.4345,17.551901
1508879261,266.2333778,-75.49061335,-0.0079850899,,18.5933,17.695801
1508878800,266.3092281,-75.66809976,0.31879601,,18.4888,17.521601
1508890203,266.3564034,-75.39819062,0.281055,,18.692301,17.7936
1508890210,266.2928659,-75.46471523,0.068654597,,18.9303,17.997999
1508894834,266.6579583,-75.04138201,0.077282898,,18.703699,17.8314
1508895071,266.3889196,-74.93325925,0.13094801,,18.249001,17.394199
1508974934,266.2989821,-74.08578076,0.33453301,,18.117701,17.263
1508878429,265.5776564,-75.66285972,0.24896801,,19.812099,19.028099
1508878435,265.5219917,-75.68078031,0.427367,,19.707899,18.815599
1508878436,265.5072937,-75.68047053,-0.27831599,,19.8141,18.8589
1508878608,265.6909499,-75.61812163,0.26407701,,18.984301,18.1642
1508878610,265.6131629,-75.61511066,-0.99105603,,20.504601,19.5937
1508878692,265.6370435,-75.58178857,0.168869,,19.195499,18.252701
1508879893,265.503272,-75.35956509,0.38343999,,19.2272,18.489401
1508890809,265.5883956,-75.33688268,-0.65895802,,19.9806,19.1763
1508920644,265.5483513,-74.95903125,0.26535201,,19.702299,18.8379
1508921923,265.6231749,-74.76251912,-1.0091799,,20.752501,19.9515
1508874698,265.5930023,-75.9782297,0.0116914,,20.1161,19.0769
1508875795,265.5565538,-75.77961726,0.33634999,,20.0739,19.123501
1508879479,265.5754776,-75.53859671,-0.375837,,19.8498,19.143999
1508879480,265.5253209,-75.52950147,0.315947,,20.2635,19.365601
1508996044,265.7068642,-74.29432966,0.048324801,,19.334801,18.5998
1509000042,265.6293629,-74.09869026,-0.0096692899,,19.2509,18.521601
1508878106,266.1622348,-75.68447974,0.085893802,,19.6973,18.8529
1508878108,266.1397878,-75.67962062,0.242667,,19.323799,18.360901
1508878914,266.2690573,-75.6226407,-0.34375799,,20.507999,19.5921
1508878983,266.1627846,-75.58296258,0.173021,,19.8526,19.031601
1508879259,266.1727734,-75.49877486,0.24655201,,19.775299,18.8204
1508875148,266.2655651,-75.90940579,0.137228,,20.1691,19.154499
1508878009,266.3511853,-75.70982048,0.66042697,,19.741501,18.738899
1508894829,266.6526039,-75.0423329,-1.5138201,,20.5795,19.681299
1508973306,266.3458662,-74.28817353,-0.22970399,,20.657101,19.7754
1508973762,266.3154532,-74.27629101,0.57413501,,18.980801,18.1084
1508974523,266.4543366,-74.1341898,-0.33397901,,19.6719,18.9181
343290825,265.5114014,-74.74071516,0.155167,,14.9736,14.1865
343290612,265.5614516,-75.00186226,0.245712,,17.534201,16.6171
343290826,265.6367954,-74.73791917,0.27795401,,16.6399,15.7319
343290613,265.6293867,-74.99969357,0.16635101,,16.9412,16.071301
256054337,266.1554565,-74.25159548,0.52082199,,14.317,13.5504
256053482,266.1225926,-75.11577042,0.70713198,,15.7368,14.8328
256053871,266.2892827,-74.71683375,0.74221599,,13.8516,13.1785
256053894,266.117884,-74.69249818,0.24138699,,16.511,15.6697
256054276,266.2647639,-74.30714186,0.48833501,,16.456301,15.6213
256054333,266.1411642,-74.2544922,0.20584901,,17.4673,16.6028
256053485,266.3680558,-75.1098401,0.39948601,,17.524599,16.6264
256054332,266.0892092,-74.25605851,0.34301201,,17.5455,16.6924
256053189,266.3027563,-75.44456459,0.23762199,,17.8155,17.028
256053534,266.3193275,-75.05483412,0.101625,,17.9503,17.049999
256053536,266.3064381,-75.05269094,0.17941099,,17.108801,16.343399
256053636,266.2551553,-74.94845543,0.117206,,17.6957,16.800699
1508901609,265.4175171,-75.55227603,0.23651201,,18.43,17.5725
1508915914,265.4311867,-75.25667129,-0.0014356599,,18.3174,17.4056
1508922348,265.541261,-74.58570627,-0.112427,,18.795,17.9044
1508875327,265.8704908,-75.96015789,-0.192578,,19.2791,18.2125
1508875032,266.1317392,-75.95803378,-0.27172601,,19.669399,18.5795
1508891649,266.3843064,-75.16995048,0.142717,,18.6481,17.7925
1508895018,266.2901999,-74.98647887,0.58745199,,16.551399,15.6886
1508878744,265.4594897,-75.5366754,-0.153543,,19.560301,18.7743
1508901522,265.4069297,-75.6036905,-0.29112101,,19.818001,18.901899
1508901523,265.3762652,-75.59598196,0.34023499,,18.8388,18.0175
1508901613,265.3162762,-75.54808051,-0.71834397,,20.5144,19.647699
1508916256,265.3945346,-75.15264675,-0.47388899,,19.930901,19.174101
1508916257,265.3519562,-75.14670062,0.37016201,,19.7178,18.9023
1508917035,265.4060541,-75.11641488,0.101505,,19.273001,18.428801
1508917039,265.3818146,-75.11339977,-0.30196199,,20.304701,19.5287
1508922148,265.3376336,-74.66313485,0.28448501,,18.978399,18.100401
1508922347,265.553277,-74.5985056,-0.0844808,,19.696199,18.8603
1508875017,266.0125924,-75.96122567,0.0252435,,20.131599,19.088699
1508875322,265.8581512,-75.97122295,0.0716286,,19.654699,18.6423
1508877950,266.2519806,-75.73951199,-0.220669,,20.093599,19.1005
1508877953,266.3489087,-75.74715207,0.41197899,,18.9193,17.860701
1508878044,266.1181129,-75.73253742,0.40557501,,20.135401,19.123899
1508879174,266.231374,-75.55720859,0.473957,,18.612801,17.6984
1508891376,266.2768482,-75.24023381,0.389835,,18.721901,17.8703
1508895945,266.287621,-74.83033653,-0.62376302,,19.601299,19.0478
1508896169,266.2596675,-74.7952849,0.431683,,19.8449,19.016199
1508968840,266.319144,-74.57698712,0.53436798,,19.1523,18.301701
312027861,265.2577189,-75.47413146,0.33397201,,18.0495,17.289101
312028772,265.1659886,-74.54119017,0.129932,,17.7661,16.883699
343290333,265.3338182,-75.34268859,0.24313299,,17.7771,16.881701
311961992,264.3001801,-75.22764072,2.1519101,,11.6168,10.9542
343290684,265.3482633,-74.90806999,1.12784,,12.1082,11.5708
343291358,265.2880471,-74.10878304,0.75033998,,12.7989,12.3648
343290485,265.3312335,-75.13938584,0.25043401,,17.691401,16.803801
343290878,265.5488644,-74.68067649,0.50458503,,16.676399,15.7866
343290851,265.5330185,-74.71564283,0.347983,,15.6343,14.9269
343290901,265.4459994,-74.66322479,0.70051998,,14.115,13.4785
343291196,265.6048668,-74.29862887,0.38258401,,16.6008,15.7337
343291250,265.2753167,-74.24269597,0.59193802,,16.2463,15.3704
343291280,265.5302914,-74.20149604,0.155421,,17.2789,16.439199
311962054,264.4243598,-75.14322225,0.82773602,,14.1362,13.3909
343290588,265.2886759,-75.0342137,1.11046,,14.4419,13.5792
343290606,265.5275957,-75.00975981,1.06323,,13.9169,13.1491
311961489,264.3083838,-75.91370326,0.58559299,,16.6353,15.6837
343290486,265.6420743,-75.13939439,0.93373603,,15.3384,14.4718
343290658,265.5114013,-74.94874928,0.511069,,15.1123,14.3073
343290660,265.6097233,-74.94763736,0.38011301,,15.7694,14.8879
343290695,265.555044,-74.89017193,0.93044299,,14.7593,13.8502
343290681,265.5955968,-74.91438101,0.93762702,,14.1579,13.3743
343290787,265.3806718,-74.76810761,0.33484301,,16.2122,15.3574
343290854,265.4145362,-74.71218644,0.62668103,,15.9749,15.0978
343290935,265.4169851,-74.61795385,0.65732402,,15.8262,14.9794
343291071,265.2723895,-74.45547376,0.49796501,,15.6113,14.7746
343291074,265.6256856,-74.45200786,0.48154199,,15.9724,15.0797
343291205,265.5501097,-74.29009386,1.03304,,14.5766,13.7193
311961970,264.392024,-75.26411421,0.38790101,,18.0548,17.2456
311961739,264.2212386,-75.60081581,0.51133603,,18.320101,17.461901
312028997,265.2105535,-74.32592903,0.19657999,,17.8118,16.9676
343290301,265.3853116,-75.36773368,0.52209198,,16.321199,15.4469
407576452,264.035681,-75.54147248,0.43958199,,16.4646,15.5323
343291195,265.461685,-74.30023106,0.96888,,12.0729,11.1904
407576487,264.1847825,-75.46686642,0.46850401,,16.7465,15.8192
343289966,265.4864482,-75.83272425,0.45228299,,16.769199,15.8266
343290017,265.5691274,-75.74073452,0.391101,,16.625799,15.7178
343290252,265.4545697,-75.44030933,0.404098,,16.6576,15.7876
343290332,265.285029,-75.34467901,0.42347401,,17.1,16.1754
343290388,265.3416671,-75.26413055,0.42969599,,16.891399,15.9993
343290495,265.5528894,-75.12859321,0.47544599,,16.5861,15.7982
343291331,265.5460064,-74.14440643,0.86500698,,15.0446,14.2219
343290501,265.6182425,-75.11814192,0.24680699,,17.0994,16.211901
343290574,265.3015592,-75.05354491,0.255707,,16.9317,16.131599
343290605,265.4681201,-75.01036841,0.464439,,16.566099,15.691
343290304,265.4485592,-75.36696066,0.91343701,,14.845,14.0426
343290713,265.3529728,-74.86851634,0.232124,,16.9734,16.1854
343290850,265.4834988,-74.71637803,0.50928003,,16.8533,16.052601
343290696,265.5303629,-74.88443636,0.49294001,,16.540701,15.6496
343290900,265.4514975,-74.66372775,0.25192299,,17.495701,16.6085
343290723,265.6346928,-74.84989624,0.60066801,,15.4436,14.698
343290020,265.3025229,-75.73603087,0.51443601,,14.8773,13.9955
311961696,264.2433753,-75.65860665,0.33766401,,16.389,15.5137
311962028,264.326612,-75.18471324,0.36278501,,16.0942,15.3708
312028065,264.9612399,-75.26937045,0.44705901,,15.8663,14.9832
312028334,264.9217824,-74.99130732,0.36858299,,16.3384,15.4265
343290255,265.567333,-75.43532233,0.141737,,16.3801,15.6035
343291324,265.6004984,-74.15534811,0.37836501,,16.1304,15.3282
343290665,265.5043296,-74.9437983,0.30046499,,16.939301,16.066601
343290720,265.3485138,-74.85196202,0.27852201,,17.437401,16.5453
343291052,265.588408,-74.47369983,0.14854801,,16.9135,16.049
343291164,265.4172566,-74.33133551,0.32466,,17.475401,16.6185
311961615,264.319944,-75.75019303,0.13355,,17.9286,17.057699
311961881,264.2519281,-75.38116748,0.56416202,,16.805099,15.9339
343290970,265.4914543,-74.56963806,0.135243,,16.9226,16.1789
343290505,265.5591494,-75.11491231,0.222331,,17.351299,16.514099
343290580,265.4059312,-75.04556104,0.25614399,,18.071699,17.152
343290896,265.5393392,-74.66820239,0.061586399,,17.953699,17.053301
343290966,265.397088,-74.58021792,0.18614601,,17.7297,16.867701
343291326,265.4429474,-74.1533559,0.305217,,17.6602,16.814699
311961488,264.4308099,-75.91464716,0.213779,,17.7437,16.831699
343290903,265.2902955,-74.66192263,0.161182,,17.331499,16.5026
343290967,265.2396473,-74.57722408,0.105797,,17.8297,17.0007
407576336,264.0476438,-75.89176872,0.122161,,17.427799,16.517
343291215,265.5172815,-74.27670343,0.065284401,,17.6262,16.781
407576340,264.1553032,-75.88539019,0.23039401,,17.435101,16.4795
407576386,264.0140532,-75.7581572,0.46513399,,16.966101,16.0119
407576417,264.1941144,-75.65374233,0.24682701,,16.8855,15.9839
407576423,264.1604965,-75.63715396,0.156211,,17.181,16.242399
407576481,264.1588951,-75.48241064,0.48619199,,16.819,15.8848
407576483,264.0143068,-75.47416955,0.33602399,,16.798599,15.8958
311961744,264.3857777,-75.5905362,0.386648,,17.866501,17.001301
311961877,264.4465046,-75.38452036,0.208524,,18.1308,17.2327
311962046,264.4684794,-75.15455532,0.104473,,17.0151,16.249399
311962154,264.225015,-75.00320923,0.41409001,,17.6528,16.759501
311962198,264.4240384,-74.95383402,0.261994,,16.9268,16.190599
312027538,265.175765,-75.82453278,0.36638501,,17.047199,16.066299
312028907,265.2542606,-74.41129711,0.47451699,,17.755899,16.8696
312028913,264.935218,-74.40350702,0.214324,,17.9231,17.0714
312029311,264.9929536,-74.0364142,0.426723,,16.9925,16.1269
343290135,265.5793558,-75.60336421,0.160621,,17.799801,16.873899
343290160,265.3668512,-75.57177231,0.338348,,17.6304,16.6922
407576402,264.1538731,-75.70654876,0.30267099,,16.694201,15.7768
311961679,264.2523782,-75.678838,0.50184703,,17.021099,16.090799
311961823,264.3499594,-75.46508111,0.334557,,16.9519,16.007099
343289892,265.4254202,-75.94302351,0.54919899,,16.849701,15.8523
1508901411,265.1231015,-75.62032319,-0.0202669,,18.792299,17.8459
1508901677,265.1030936,-75.55557025,-0.13019399,,19.343201,18.400299
1508901780,265.079964,-75.47901845,0.051277701,,18.128599,17.3015
1508902575,265.0736234,-75.45452868,0.276566,,18.4664,17.607
1508902601,265.0987985,-75.42263692,0.14385299,,18.757099,17.8265
1508902602,265.05889,-75.4209117,0.32438099,,18.0341,17.1406
1508902643,265.1694215,-75.40330274,0.16528501,,18.6968,17.7736
343290499,265.4958498,-75.12354434,0.40887001,,17.678301,16.791
407576420,264.1159,-75.64516813,0.267901,,17.01,16.1453
407576453,264.0879017,-75.54102732,0.395805,,17.4083,16.465099
311961694,264.3041324,-75.65958394,0.18984,,18.101101,17.196301
311961724,264.3186192,-75.62035641,0.28178599,,17.814899,16.912201
311961758,264.235109,-75.56862962,0.197106,,17.5466,16.6633
311961933,264.2810695,-75.31536151,0.122499,,18.0175,17.121401
311961972,264.4751814,-75.2607329,0.24402,,18.1367,17.371201
1508902925,265.169419,-75.28450975,0.481599,,14.7714,13.9571
311962165,264.3199426,-74.98825747,0.144968,,18.2479,17.3552
311962194,264.4142083,-74.96173028,0.054368101,,18.1581,17.280199
1508916076,265.0691065,-75.21326526,0.24546801,,18.798599,17.8871
1508916296,265.2678216,-75.17467147,0.208923,,18.304701,17.5352
1508916340,265.0162166,-75.12107046,-0.113374,,19.0243,18.099899
1508916407,265.0549523,-75.10162999,0.029660899,,18.940599,18.084101
1508916425,265.0339936,-75.06512252,0.237463,,18.267,17.4025
1508917166,265.105054,-75.07730749,0.118926,,18.0256,17.180099
1508917254,265.0919424,-74.99590606,0.045918401,,18.8594,17.9923
1508917517,265.1624527,-74.94876254,0.0155668,,18.8958,18.121
1508921151,265.1810706,-74.78183156,0.134041,,19.0098,18.1063
1508922551,265.1004319,-74.6509874,0.19254801,,18.1161,17.348301
1508922563,265.0796232,-74.64748834,0.047708601,,18.990101,18.1012
1508922622,265.0823458,-74.6267301,0.175759,,18.025999,17.150801
311962219,264.3652272,-74.92582052,0.230492,,17.127501,16.2423
312027753,265.1448469,-75.59177812,0.375099,,17.6367,16.7047
312028233,264.9868291,-75.08912448,0.106554,,17.6091,16.8284
1508922869,265.0891139,-74.55149153,-0.049833301,,18.7101,17.9091
343289921,265.6307729,-75.89535593,0.045432098,,17.8815,16.8605
343289925,265.3085708,-75.89482299,0.025285199,,17.7826,16.9284
343289958,265.3475412,-75.84300239,0.201932,,17.726601,16.8862
343290024,265.5900882,-75.72936166,0.30616301,,17.3645,16.500999
343290042,265.3137468,-75.71201134,0.31762299,,17.776501,16.8018
1508922946,265.1285086,-74.52087881,0.079206303,,18.246099,17.361601
1508922952,265.1336811,-74.50857062,-0.043006498,,18.8375,17.9513
343290158,265.5652791,-75.57432265,0.25585201,,17.8204,16.989599
343290260,265.5031907,-75.42957661,0.101309,,18.162701,17.2829
343290250,265.3843772,-75.4417142,0.295634,,17.664301,16.802401
343290329,265.6117374,-75.34708001,0.23395,,17.9303,17.038601
343290394,265.4302653,-75.25866716,0.26893601,,18.2006,17.336201
343290389,265.511461,-75.26391828,0.12504099,,17.8771,17.0145
1508995191,265.0989853,-74.43361751,0.221136,,18.4055,17.5756
1508995214,265.1455561,-74.41665184,0.0703815,,18.9307,18.0585
1508995255,265.069364,-74.39980819,0.095939003,,18.9998,18.1033
1508996410,265.0365683,-74.27046638,0.086617596,,18.635201,17.7493
1509000368,265.180178,-74.08668406,0.18189199,,18.152201,17.3479
311962149,264.4212551,-75.00921859,0.43125999,,17.543699,16.6772
1508897892,265.3199567,-75.85980666,-0.38023201,,18.954599,17.989
1508897895,265.2036962,-75.84358761,-0.154938,,19.3468,18.3482
1508897896,265.2417505,-75.83108449,0.25890699,,18.7974,17.794399
1508897899,265.2215187,-75.83149265,0.27271101,,17.3153,16.348
1508901306,265.2454538,-75.64547617,0.184108,,18.3629,17.589701
1508901360,265.1396219,-75.61408981,0.038492199,,18.1966,17.3022
1508901381,265.1514118,-75.58669551,-0.046209499,,18.8099,17.930099
1508901579,265.2069755,-75.56306783,0.100685,,19.057199,18.1586
1508901587,265.2665985,-75.56550498,0.31123701,,18.1485,17.3596
343289962,265.2841819,-75.83758101,0.38158199,,17.8284,16.809601
1508902455,265.295773,-75.45524765,0.093015298,,19.051901,18.136
1508878319,265.7339432,-75.69510991,-0.170237,,18.7153,17.7589
1508878508,265.7521669,-75.65370682,-0.0042480398,,18.437901,17.472799
1508878568,265.7584668,-75.62372545,0.245483,,18.747601,17.781601
1508879738,265.6906617,-75.45754109,0.108615,,18.197201,17.311701
312029017,265.3132753,-74.31289261,0.186702,,17.9373,17.058901
407576489,264.0690655,-75.4535808,0.193379,,17.7638,16.83
407576492,264.1551905,-75.45053474,0.29730001,,17.6695,16.7598
312027420,265.1683172,-75.96166278,0.121333,,18.339701,17.3018
343290110,265.3810656,-75.6348676,0.39881599,,18.103201,17.195
407576382,264.0150798,-75.76633171,0.337037,,17.921801,17.0604
407576425,264.0641982,-75.63055565,0.294321,,17.495001,16.588301
311961762,264.2234586,-75.56363085,-0.13213301,,18.3995,17.4863
1508901464,265.1001742,-75.59652934,0.327611,,19.2577,18.3291
1508901693,265.1019564,-75.53633003,0.0070215599,,19.366199,18.4527
1508901771,265.1379334,-75.4769673,0.41638401,,19.479401,18.6036
1508901774,265.1600984,-75.48218231,0.33515999,,18.2234,17.461399
1508901781,265.0840318,-75.47403442,0.095374301,,19.4149,18.6922
1508902573,265.0750828,-75.45952878,0.218978,,19.4286,18.572701
1508902570,265.1620139,-75.45443198,-0.297299,,19.855301,19.1821
1508902590,265.0938511,-75.43877965,-0.26089001,,19.813999,18.960501
1508902650,265.172384,-75.38636579,0.19033401,,19.5751,18.665501
1508902864,265.0484859,-75.35678218,-0.77967602,,19.9536,19.202801
1508916007,265.082748,-75.26195747,0.25601,,19.9048,19.109501
1508916008,265.0432589,-75.26137884,-1.2645,,20.042101,19.2792
1508916070,265.1507631,-75.19902606,0.15103699,,19.053699,18.3624
1508916074,265.1499067,-75.18763363,0.37285,,20.0968,19.2295
1508916101,265.0610711,-75.19135056,-0.122775,,19.6607,18.7973
1508916318,265.029959,-75.14672246,0.22686499,,19.2458,18.4277
1508916331,265.1011009,-75.12585668,-0.051779602,,19.8249,18.9174
311961781,264.3918656,-75.53639588,0.029361,,17.790001,16.899
1508916424,265.0333244,-75.07314262,0.59320199,,18.380501,17.4699
1508917178,265.0979049,-75.06692092,-0.50451702,,20.8547,19.9368
1508917182,265.0663051,-75.05785186,-1.44059,,20.4188,19.5182
1508917167,265.0982227,-75.07570254,0.674079,,19.8568,18.9585
1508917172,265.1335211,-75.05854103,0.35786501,,20.1241,19.2267
1508917165,265.1393547,-75.08344754,0.13535599,,20.061899,19.2491
1508917201,265.066291,-75.04099981,0.175706,,19.5912,18.742001
1508917582,265.1540828,-74.9157618,0.248603,,20.0135,19.142099
1508917584,265.1039894,-74.92136226,0.14312901,,19.9883,19.1231
1508917614,265.010628,-75.05444188,-0.105535,,19.4706,18.5762
1508917604,265.1132943,-74.90837015,0.24756201,,19.247601,18.3699
1508920867,265.1484876,-74.84382912,0.0181104,,19.676201,18.9104
1508920913,265.1373348,-74.82820688,0.33757299,,20.060699,19.2127
1508920932,265.1538991,-74.8163807,0.29427999,,18.607201,17.7728
1508921228,265.1414621,-74.72536074,-0.115661,,20.176201,19.2894
1508921708,265.0191754,-74.69080925,-0.043646201,,19.3629,18.495199
1508922552,265.106282,-74.659928,-0.214008,,20.3876,19.6185
312028771,265.2200193,-74.54191512,2.2871101,,10.083,9.4972496
343290307,265.3543827,-75.36488605,2.6319301,,12.7111,11.8914
312028996,265.1386167,-74.33034383,1.5994999,,11.6413,10.9055
1508922624,265.1670816,-74.61703695,-0.302719,,19.8792,19.0847
1508922868,265.0622251,-74.55411039,0.307466,,19.0334,18.295799
1508922859,265.1879608,-74.56242355,0.063014098,,19.932899,19.0432
407576378,264.0200539,-75.78217235,1.63388,,12.8088,12.0333
311961682,264.3869197,-75.67610536,1.45776,,13.6551,12.886
311961727,264.2970306,-75.61724167,1.12822,,13.5934,12.7823
311961785,264.402171,-75.53337368,1.62024,,13.4368,12.6513
311961799,264.4201681,-75.50994733,1.00883,,12.9206,12.121
311961984,264.2742964,-75.2447595,0.88160098,,13.5999,12.7117
1508995181,265.2158739,-74.45409569,-0.056311902,,19.586599,18.733299
1508995225,265.0406544,-74.42389212,0.017660201,,19.5173,18.6707
312028470,264.9573936,-74.85088946,,,11.2825,10.7839
312028584,265.0551727,-74.72951219,,,11.5184,10.6231
311961934,264.3405073,-75.31484713,0.822999,,16.5152,15.6467
1508995208,265.2206768,-74.42041844,-0.248189,,19.920099,19.1861
1508995491,265.0455242,-74.35786253,0.29446301,,18.9806,18.2356
343290156,265.5330054,-75.57532585,0.16463,,17.035999,16.1215
311962098,264.3358063,-75.07064075,0.36415499,,15.6812,14.904
311962135,264.3341399,-75.02426659,0.61615902,,14.1543,13.4329
407576384,264.1450612,-75.75988697,1.00983,,14.6097,13.6952
407576304,264.0123066,-75.96363548,0.58746803,,16.484699,15.5299
407576356,263.9993431,-75.84334536,0.76739901,,15.2424,14.3302
407576426,264.0528211,-75.62997389,0.79894203,,14.9142,14.1258
407576424,264.1218621,-75.63593138,1.2793,,14.6968,13.8067
311961571,264.2986246,-75.81879556,0.650967,,14.1923,13.3134
311961824,264.3560321,-75.45982735,0.99416101,,14.4481,13.5912
311961937,264.3650094,-75.31067605,1.12815,,14.6762,13.7619
343289891,265.4844964,-75.94421682,0.49181801,,14.8796,13.9482
343289967,265.6210015,-75.83111469,1.23864,,14.6728,13.6756
343290131,265.2808422,-75.61059071,0.783041,,14.1899,13.4284
343290492,265.4762674,-75.13369958,1.17308,,14.4686,13.5751
1508996746,265.1045289,-74.18513273,0.61251098,,18.5473,17.7516
1508996767,265.0932721,-74.15720201,-0.140798,,20.3689,19.5105
1508996838,265.1441531,-74.11234873,0.75396597,,19.493099,18.6257
1509000365,265.1817265,-74.08242526,-0.57687801,,20.100901,19.2295
1509000367,265.1589512,-74.0772005,0.042211398,,20.0154,19.1255
1509000369,265.1803653,-74.07763211,-0.087638102,,19.086901,18.252899
1509000357,265.0952588,-74.08214266,-0.29335201,,19.554899,18.7439
311961989,264.2555445,-75.23213513,0.41623399,,15.8007,14.9818
311962147,264.2408122,-75.00991972,0.97092998,,14.6384,13.7613
407576368,264.0180574,-75.81024848,0.90387303,,15.0187,14.176
1509000349,265.1631535,-74.0992269,-0.356767,,19.5818,18.7064
1509000350,265.1512936,-74.08734564,0.42595199,,18.650499,17.8633
1509000373,265.1186813,-74.07157262,-0.00102165,,19.696699,18.8039
1509000434,265.1800793,-74.04737182,-0.51697898,,19.3759,18.6507
407576422,264.1451498,-75.63742559,0.65116298,,15.3506,14.4001
311961551,264.4126325,-75.83769493,1.74172,,14.2402,13.3002
311961761,264.2133007,-75.56643118,0.84185803,,14.5485,13.706
311962057,264.4572819,-75.14009188,0.48118201,,15.7628,14.9038
1509000466,265.0601519,-74.09010195,0.36585701,,19.9016,19.1117
1509000472,265.060423,-74.07601125,0.47681901,,20.057899,19.2026
1508897157,265.2115929,-75.87465685,-0.128419,,19.271299,18.3885
1508897142,265.2918738,-75.90990192,0.153166,,19.849701,18.814199
1508897963,265.1842588,-75.8191144,0.32475501,,19.4487,18.449699
1508897964,265.1505569,-75.81315164,-0.519943,,20.2931,19.3057
1508897966,265.1902555,-75.8113603,0.25202501,,19.6472,18.7295
1508897983,265.171756,-75.78761917,0.038679201,,20.7493,19.7542
1508898166,265.152289,-75.75547383,0.27716801,,19.7346,18.8466
1508898158,265.2549209,-75.75335789,-0.028700801,,19.832399,18.8524
343290390,265.5940009,-75.26268537,1.09348,,14.9056,13.9921
1508898221,265.2612734,-75.69434462,0.33616701,,18.330601,17.5128
1508898222,265.2803745,-75.69348013,-0.53830498,,20.2955,19.480301
1508898225,265.233427,-75.72578891,-0.61664802,,20.7078,19.7341
1508901363,265.1972732,-75.6096477,0.222204,,18.771099,17.9247
1508901569,265.2170287,-75.56722923,0.234855,,19.157499,18.2234
1508901656,265.2945516,-75.52110639,0.074956,,19.3535,18.5795
1508901661,265.2723845,-75.50119483,0.082167,,19.9335,19.080099
1508878227,265.6749864,-75.73495761,-0.24408001,,20.539101,19.586399
1508878321,265.7154616,-75.6802491,0.36046901,,18.7488,17.7848
1508878571,265.76123,-75.60692126,0.102862,,18.8997,18.0886
1508878583,265.7182999,-75.58896793,-0.354435,,19.657801,18.7894
1508879415,265.8619605,-75.52161111,-0.344008,,19.767,18.889
1508879422,265.8434887,-75.50026852,0.023425899,,20.2502,19.303301
1508879510,265.6382763,-75.48779623,0.478517,,18.688499,17.759399
1508879743,265.7020618,-75.43790087,-0.46697599,,20.289801,19.5798
1508879724,265.7701692,-75.40739316,0.41526499,,18.5159,17.694401
1508879734,265.7094617,-75.46217251,-0.52746701,,20.775299,19.9139
343289955,265.3221124,-75.84568594,2.7850399,,12.4181,11.5368
343291277,265.6185755,-74.20395182,2.50647,,12.6379,11.8352
343296425,265.6686245,-74.49512556,2.94432,,11.9319,11.2039
343297427,265.7256016,-75.52365119,1.08284,,13.4411,12.5909
343296010,266.0360149,-74.06191001,0.38687801,,16.8818,16.016399
343296062,265.9786535,-74.11129061,0.384404,,16.942801,16.1425
343296130,265.8917026,-74.1836145,0.256078,,17.0186,16.133101
343296286,265.9634738,-74.34618109,0.287512,,16.584999,15.7803
343296401,265.8152527,-74.46946722,0.31542,,15.8435,15.3998
343297136,265.6635822,-75.19932713,0.38407299,,17.9522,17.0394
343297484,265.807987,-75.58627204,0.35305801,,17.288099,16.380899
343297564,265.6805306,-75.66479065,0.25851101,,16.915001,16.0432
343297542,265.7821097,-75.6437374,0.56679702,,15.3938,14.6375
343289954,265.3523992,-75.84803047,0.770935,,14.8332,13.8092
343296014,265.8315157,-74.0695802,0.63134497,,13.5995,13.1336
343296102,265.6897181,-74.15168351,1.26387,,14.159,13.344
343296111,266.0046313,-74.15770313,0.65427202,,14.3404,13.5533
343296288,265.8024429,-74.34728264,0.328076,,15.8617,14.9888
343296713,265.7956703,-74.77365977,0.89030999,,14.4416,13.6338
343296859,266.0328808,-74.93376918,0.85103601,,15.1159,14.2158
343297184,265.9077204,-75.24836259,1.2425801,,13.8613,13.0935
343297342,265.8715906,-75.41809282,0.86754102,,14.2797,13.5596
343297405,265.6525888,-75.49554685,1.46937,,13.9952,13.1476
343297393,265.7923688,-75.48072145,0.81782901,,14.4768,13.7414
343297545,265.7428175,-75.64544517,0.99672103,,14.1488,13.3866
343297830,265.7362037,-75.99274149,0.50666398,,16.064899,14.9917
343297485,265.987137,-75.58675755,0.56156701,,16.3291,15.4177
343290031,265.3474686,-75.71990257,1.13592,,14.7419,13.8225
343297163,265.8333244,-75.22080121,0.77445501,,14.8209,13.9815
343295960,265.7696632,-74.00498418,0.68472099,,14.541,13.7958
343296040,265.7755696,-74.09206764,0.53822201,,15.6259,14.785
343296101,266.0012049,-74.14920763,1.7761,,14.3581,13.4945
343296287,265.7451628,-74.34706826,0.66415501,,15.6527,14.8287
343296325,265.974988,-74.38649617,0.38463399,,15.928,15.0687
343296379,265.8254095,-74.44724752,0.967067,,14.8905,13.9993
343296445,266.0019097,-74.5095696,0.72802401,,15.632,14.7405
343297071,265.6727325,-75.12893818,0.527776,,16.0977,15.2391
343297180,265.7623547,-75.23834572,0.65358597,,15.0141,14.1112
343297349,265.9258418,-75.42851909,0.53402799,,16.524401,15.5949
343297394,265.8604132,-75.48231831,0.403927,,16.1954,15.3575
343297674,265.9209741,-75.80437023,0.35509101,,16.298401,15.2802
343297804,265.9152501,-75.96163185,0.508618,,14.5498,13.7017
256052929,266.3696141,-75.74520608,0.64620203,,15.8253,14.7911
343296359,265.8781259,-74.42519828,0.28379399,,13.822,13.0314
343297076,265.7367409,-75.13692846,0.35927999,,16.667999,15.7798
343297350,265.8472141,-75.4308676,0.19424599,,16.4146,15.7634
256053164,266.3465854,-75.48421716,0.21222501,,16.740999,16.099899
343297277,265.7875421,-75.34172717,0.35950199,,16.2015,15.2852
343297429,265.8736793,-75.52425523,0.34580499,,16.225201,15.371
343297258,265.7076845,-75.32203605,-0.053647701,,18.513,17.7738
343297078,265.8221834,-75.13982332,0.405534,,17.0152,16.1849
343296131,265.6649513,-74.1860233,0.242311,,17.1052,16.219299
343296505,265.7878815,-74.56025248,0.432616,,17.250999,16.353399
343296714,265.8466371,-74.77503459,0.363318,,17.4555,16.6168
343296778,265.8444668,-74.84704215,0.26155099,,17.3559,16.4739
343296907,265.6853694,-74.97663605,0.20221899,,17.2297,16.313999
343296994,265.870692,-75.06262657,0.247879,,16.932501,16.115101
343296999,266.0188116,-75.06396999,0.21325301,,17.319201,16.418301
343297221,265.7239701,-75.28104744,0.35589799,,17.160801,16.298599
343297223,266.0008686,-75.28224256,0.35601199,,17.110399,16.2437
343297455,265.96824,-75.55825644,0.43498799,,17.4496,16.492201
343297611,265.6707549,-75.74866521,0.087822497,,18.3332,17.3585
343297678,265.7302371,-75.80922522,0.188813,,18.466801,17.4478
343297543,265.8806755,-75.6443112,0.43066001,,16.6528,15.7014
343290673,265.4375493,-74.92994289,0.30500099,,17.406401,16.6178
343297294,266.0282067,-75.36768261,0.215075,,17.7957,17.0051
343296054,265.7301708,-74.10277485,0.28115401,,17.716999,16.8494
343296831,265.6981155,-74.89973033,0.397104,,17.6141,16.7097
343297361,265.7023822,-75.44397302,0.244313,,18.0513,17.1378
343297800,265.7954671,-75.95761672,0.289588,,18.1682,17.149599
343297807,265.7064089,-75.96225727,0.15046901,,18.174999,17.127399
256053611,266.2283087,-74.97048233,0.29019299,,17.1532,16.2397
343290033,265.6472634,-75.71918075,0.13153601,,17.743099,16.8529
343290198,265.5821393,-75.52048728,0.29297999,,17.951099,17.0632
343296008,265.6655753,-74.06050941,0.054230999,,17.7974,17.043301
343296109,265.6857209,-74.15715425,0.284006,,17.5749,16.719299
343296138,265.699848,-74.19322827,0.058835201,,17.5452,16.697001
343295966,265.8656801,-74.01101754,0.42262599,,17.146299,16.2798
343296099,265.6593597,-74.14694809,0.054581098,,18.2318,17.367399
343296285,266.0271188,-74.34594253,0.236214,,17.3958,16.5371
343296356,265.6876518,-74.42360744,0.196925,,17.635799,16.742701
343296376,266.0258494,-74.44305529,-0.182264,,17.8183,16.999701
343296582,265.9858218,-74.63562855,0.195747,,17.767401,16.934601
343296696,265.7053332,-74.76108869,0.23201901,,18.2043,17.3314
343296981,265.7968939,-75.05599196,0.217206,,17.877001,17.076099
343297027,265.8184844,-75.08481319,0.34193999,,17.9932,17.0807
343297395,266.0114194,-75.48228776,0.32831201,,17.7145,16.8452
343297451,266.038272,-75.55516809,0.226292,,18.2784,17.3148
343297565,266.0417409,-75.66554226,0.386565,,17.507601,16.544701
343297609,265.5860377,-75.73863607,0.21559,,17.666,16.9727
256053070,266.2803184,-75.58993991,0.15973599,,18.1947,17.252501
256053074,266.3761859,-75.58330763,0.28719699,,17.9058,16.9734
343290035,265.3119559,-75.71781469,0.130473,,17.9841,17.0019
343297074,265.6964331,-75.13403817,0.116716,,17.8363,16.969
343296164,265.7676649,-74.21746817,0.35554099,,17.477699,16.6444
343297198,265.6864124,-75.26159943,0.141974,,17.381399,16.4881
343297367,265.8313359,-75.44900357,0.29794499,,17.386299,16.474501
343297406,265.9978241,-75.4962874,0.31004399,,17.232,16.319799
343297550,265.916096,-75.64662647,0.33760601,,17.433001,16.457899
343297618,265.9827412,-75.75709758,0.073454201,,18.1021,17.1096
343297623,265.8658422,-75.76068963,0.187003,,17.5702,16.594999
343291275,265.607041,-74.20635021,0.43715501,,17.272699,16.489401
343296243,265.7682765,-74.30508035,0.036226101,,17.7202,16.900801
343296419,265.9937406,-74.4922505,0.12906,,17.7213,16.902901
343297430,265.8821045,-75.52499612,0.276981,,18.0445,17.1448
1508969007,266.2460898,-74.61900057,0.363401,,18.524799,17.618799
1508969280,266.2227962,-74.53839423,0.199389,,17.7971,17.1427
1508969281,266.2092558,-74.5328544,0.29899701,,18.1791,17.2868
1508969283,266.2205102,-74.53765313,0.031277299,,18.9487,18.0741
1508969351,266.0351984,-74.46882708,-0.0116739,,18.8526,17.9821
1508970235,266.0749843,-74.39124083,0.113356,,18.100599,17.224199
1508973744,266.168977,-74.25997433,-0.118129,,18.863199,18.136
1508973821,266.0912399,-74.2202024,0.33053601,,18.465599,17.615801
1508973839,266.1032381,-74.20271701,0.23217,,18.432199,17.5695
1508974137,266.0655251,-74.17008888,0.12461,,18.9998,18.125601
1508974028,266.146898,-74.18973428,-0.0899674,,19.2682,18.3955
1508975046,266.1321655,-74.01949255,0.173998,,18.5791,17.7381
343297065,265.9089991,-75.12458576,0.47864899,,18.096399,17.2988
1508896624,266.0858258,-74.71077801,0.446915,,20.0952,19.193501
1508896617,266.1017699,-74.6875333,0.259675,,19.1299,18.3442
1508968933,266.2051477,-74.66117879,0.51855302,,19.3806,18.4932
1508969245,266.073718,-74.55264589,-0.43470699,,20.4846,19.6315
1508969211,266.1682459,-74.57130493,0.28369999,,19.158501,18.3426
1508969212,266.1413516,-74.56546247,0.00095801603,,20.043301,19.2614
1508969213,266.1669588,-74.56855846,0.099065803,,19.972099,19.192301
1508969322,266.0743365,-74.51001359,0.37868601,,19.176001,18.3859
1508970120,266.2084869,-74.45714915,0.223755,,19.820601,19.039
1508970222,266.1508133,-74.41046046,0.243885,,18.671301,17.9499
1508970229,266.105099,-74.38633323,0.103433,,20.165701,19.273399
1508970230,266.1490928,-74.39787463,-0.99123001,,20.649799,19.774099
1508970397,266.2880997,-74.38080443,-0.73878098,,20.2257,19.431601
1508970425,266.1099392,-74.36882592,-0.153667,,20.1073,19.246799
1508970505,266.0849855,-74.33023435,-0.0293923,,20.267599,19.5098
1508970500,266.1656555,-74.33093923,-0.290337,,19.685301,19.0422
1508970530,266.1045339,-74.30920279,-0.129675,,20.0166,19.150101
1508973740,266.1897291,-74.27073271,0.125762,,20.693399,19.804701
1508973823,266.0825358,-74.21553052,0.53760302,,19.5637,18.743999
1508973812,266.1357751,-74.23698272,-0.44695899,,19.3554,18.605
1508974138,266.0697067,-74.16779685,0.530927,,18.038,17.2966
1508974032,266.1454037,-74.17708634,0.483446,,19.785299,18.997601
1508974034,266.1085592,-74.17858761,-0.46895999,,20.625,19.759001
1508974951,266.1628798,-74.08900968,-0.57908303,,20.146,19.272699
343296217,265.8142423,-74.2820456,1.42478,,16.4904,15.6522
256053449,266.2494734,-75.15614833,2.2969799,,10.6692,10.0625
256053622,266.4078724,-74.96198173,3.5574901,,11.657,10.8543
343296663,266.0204482,-74.71438397,1.74953,,13.7043,12.8433
256053382,266.0732702,-75.22648453,1.15741,,12.3781,11.5599
343296433,265.7988055,-74.49903008,0.80195898,,14.5406,13.7064
343296674,265.7431313,-74.73055436,0.32416099,,16.1577,15.5386
256052959,266.3627703,-75.71187499,0.30004099,,16.312401,15.5841
256053151,266.0531704,-75.49856128,0.428666,,16.8915,16.012501
256054166,266.0768826,-74.42093025,0.197896,,16.926901,16.2328
256054356,266.3116407,-74.22961151,0.17009901,,17.686199,16.914499
343297125,265.7156609,-75.19000396,0.27429801,,16.4326,15.5371
343296223,265.7060948,-74.28717641,0.89854801,,14.3606,13.5942
343296816,265.7647876,-74.88590477,0.94461298,,13.7328,13.0511
343297186,265.8748227,-75.25275092,0.96737999,,14.9149,14.0278
256052851,266.2531286,-75.84066861,0.926925,,14.4884,13.5239
256053016,266.0900789,-75.66116641,1.1805201,,14.3771,13.5493
256054353,266.4091251,-74.23109211,1.0013601,,14.7254,13.9116
343296266,266.0350317,-74.32226688,0.84732199,,14.7193,13.8419
343296742,265.7762681,-74.798689,0.59812999,,16.0478,15.1579
343296941,265.9167731,-75.01703052,0.95159501,,15.1046,14.2715
343297099,265.8759916,-75.1602498,0.81626803,,14.5278,13.6355
343297130,265.9897488,-75.19390483,0.46157801,,16.3713,15.4798
343297189,266.005158,-75.25633527,0.390874,,15.2956,14.534
343297243,265.9423634,-75.30671466,0.41723701,,15.6996,14.8172
343297246,266.0015326,-75.30874898,0.61840397,,14.5776,13.8782
343297381,265.7200022,-75.46901981,0.768906,,14.7805,13.9239
343297416,265.8855905,-75.50906611,0.39917701,,16.1628,15.3242
343297638,265.6806015,-75.76998787,1.14803,,15.1028,14.1203
256052900,266.2519041,-75.77880835,0.681373,,15.887,14.8377
256053385,266.2049514,-75.22229978,0.341607,,16.5408,15.6271
256054376,266.0708229,-74.2080094,0.199687,,15.3892,14.8342
343296815,266.0257629,-74.88528605,0.214361,,17.067699,16.1511
343297387,265.8367015,-75.47504318,0.38555899,,16.775101,15.8392
256053389,266.3805035,-75.21940373,0.38316199,,17.371599,16.4603
256054217,266.3168574,-74.36439838,0.18976501,,16.8375,16.3004
343296365,265.6901463,-74.43433262,0.57174897,,16.023899,15.1862
343297201,265.68518,-75.26492317,0.41400301,,16.127199,15.2093
343297204,265.6673326,-75.26844235,0.66865498,,15.332,14.4267
256053623,266.1009511,-74.96040868,0.366128,,16.287901,15.4023
256054287,266.1486427,-74.29366062,0.43737701,,16.2542,15.4187
256053160,266.3335048,-75.48635905,0.322532,,16.9688,16.0923
343297080,265.838044,-75.14029342,0.58341002,,16.056999,15.1676
1508878363,265.4967907,-75.717599,0.186811,,18.2337,17.27
1508878442,265.4618606,-75.66797895,0.117329,,18.594999,17.646099
1508878455,265.5365458,-75.64358698,0.22493,,18.435301,17.5168
1508878630,265.4418411,-75.599495,0.0517461,,18.6171,17.6828
1508878632,265.5448978,-75.61093834,0.0210908,,18.8057,17.884899
1508879493,265.5834249,-75.50683915,0.35578501,,18.411301,17.475599
1508879540,265.5528328,-75.47306385,0.22469901,,18.382601,17.459299
1508879544,265.514493,-75.48275619,0.169221,,18.6119,17.816
1508879577,265.9841335,-75.51820923,0.0695149,,18.751101,17.8605
1508879792,265.5506407,-75.41877267,0.34139499,,18.4095,17.4849
1508890812,265.5070862,-75.34064447,0.139994,,18.510201,17.6325
1508892033,265.5993255,-75.10585234,-0.31560001,,18.686899,17.8605
1508917005,265.4686222,-75.13511672,0.108379,,18.4725,17.554399
1508917085,265.4422983,-75.08009014,0.112393,,18.6325,17.714399
1508917351,265.5093139,-74.98458233,0.18725701,,18.582001,17.742201
343297101,265.7588108,-75.16598668,0.0075298301,,17.539801,16.641199
256053248,266.1857548,-75.37516547,0.28974301,,17.1409,16.241501
343296392,266.0338002,-74.46263799,0.20611,,17.5035,16.672701
343296658,265.6692949,-74.71191643,0.223193,,18.070999,17.299801
343297123,265.8898671,-75.18870434,0.45504799,,17.068701,16.184799
343297383,265.7460727,-75.46988318,0.200811,,17.069,16.1908
343297491,266.0233981,-75.5947307,0.177504,,17.7889,16.856001
256052908,266.3261065,-75.76772159,0.254352,,18.1362,17.0842
256054219,266.2746155,-74.36161207,0.187849,,16.905701,16.343
1508922029,265.5353532,-74.70729836,0.22213,,18.5797,17.7288
1508922061,265.4380448,-74.66008261,0.18484201,,18.437099,17.547001
1508922055,265.5540992,-74.67428005,0.115011,,18.3057,17.4879
256054374,266.3703571,-74.21039404,0.197385,,18.036501,17.185499
343296346,265.7185112,-74.40693934,0.246021,,17.146,16.272301
343297248,265.7705683,-75.31136863,0.245168,,17.0931,16.277399
343297643,265.7852391,-75.77086885,0.274571,,17.0574,16.1294
1508878361,265.4917402,-75.7269301,0.077589802,,19.4403,18.513599
1508878356,265.5551418,-75.69406578,0.30502599,,20.0299,19.0648
256053064,266.2529939,-75.59577385,0.354002,,16.8225,15.9072
1508878386,265.47802,-75.69127399,0.210509,,18.8596,17.9737
1508878388,265.4831333,-75.68033871,-0.0529796,,18.695601,18.114
1508878422,265.6658777,-75.67447735,-0.116602,,19.935699,19.0562
1508878636,265.5158469,-75.5983861,0.564731,,19.152399,18.247
343296317,265.9042402,-74.37785595,0.31617099,,17.625,16.891199
256053013,266.157489,-75.66250688,0.187953,,18.184299,17.2658
256053063,266.0807769,-75.59630791,0.21527299,,17.941601,17.0137
256053251,266.3585717,-75.3728098,0.234051,,17.8687,16.966
1508878675,265.5722596,-75.57455131,-0.30591699,,20.2654,19.4667
1508878728,265.5101646,-75.54198545,0.37330601,,18.6975,17.8475
1508879496,265.4572794,-75.4974819,0.155609,,19.7435,18.9704
343296435,266.0130534,-74.50042494,0.14320999,,18.0107,17.149
1508879555,265.4924314,-75.46162428,-0.290095,,19.667101,18.924801
1508879545,265.481539,-75.47765653,0.295423,,19.684299,18.882799
1508879542,265.5430969,-75.47653505,0.411901,,19.518999,18.6199
1508879578,265.9868276,-75.51126752,0.53976798,,19.8141,18.945299
343297012,265.9750251,-75.0739356,0.244592,,17.2327,16.493401
343297100,265.6441807,-75.16103143,0.036715198,,18.0084,17.139799
1508879781,265.5364601,-75.43000162,0.196695,,19.253201,18.400499
343297437,265.6770732,-75.53422714,0.074761197,,17.52,16.5858
343297560,265.811697,-75.6616253,0.059548099,,17.908001,16.9662
343297563,265.9771516,-75.66333781,0.20790499,,18.004,17.026199
343297593,265.8332453,-75.70792358,0.168258,,17.634001,16.7649
343297595,265.6791271,-75.71199668,0.207211,,17.607599,16.7141
256053007,266.0040962,-75.66856959,0.131969,,17.952299,17.190001
256053495,265.9844335,-75.09524836,0.0767207,,18.1115,17.260401
256053447,266.278776,-75.15930301,0.127873,,18.0805,17.208599
256053686,266.3343499,-74.90142092,0.15010101,,18.1971,17.2943
256054110,266.3301577,-74.47936593,0.407949,,17.2834,16.415701
256054288,266.1206966,-74.29293053,0.124036,,18.036301,17.243799
256054371,266.3721324,-74.2137757,0.13735101,,17.870899,17.001301
256054357,266.3410747,-74.22792474,0.328098,,17.7008,16.8582
1508890811,265.5556978,-75.34371896,0.0143492,,19.698099,18.839199
1508890835,265.5258001,-75.31643116,0.64298999,,19.194,18.2771
1508890890,265.5536265,-75.29753567,-0.322799,,20.550301,19.7376
1508890911,265.5848077,-75.26421454,0.16734201,,19.7162,18.803499
1508917086,265.4447418,-75.08834292,-0.461725,,20.2997,19.395399
1508917089,265.473935,-75.07490429,-0.238561,,19.4505,18.663799
1508917293,265.392333,-75.02868819,0.0179707,,18.8664,18.0998
256053156,266.1824963,-75.49103181,0.35509899,,16.932899,16.002701
256053952,265.9889839,-74.64056661,0.346728,,18.2819,17.3776
256054291,266.1291573,-74.29058175,0.031890601,,17.4767,16.597601
343297386,265.8865355,-75.47438838,0.185231,,18.070299,17.164801
343296795,265.7704847,-74.86044123,0.23874,,18.0443,17.2281
343297459,266.1193576,-75.55987652,0.28984201,,17.903999,16.952101
1508920725,265.5433011,-74.90864738,0.082735501,,19.933001,19.1719
1508921070,265.4225946,-74.7917369,0.112612,,20.224501,19.319
1508921073,265.4467202,-74.79220572,0.268105,,19.2831,18.525499
1508921042,265.5865468,-74.80644628,0.48005399,,19.2917,18.394199
1508921956,265.4997904,-74.73954178,0.49709001,,19.188299,18.387899
256053318,265.9733764,-75.28699982,0.17055701,,18.1091,17.188101
1508922015,265.5728283,-74.6986375,0.48245499,,19.287001,18.433399
1508922016,265.5836786,-74.69792282,0.31146899,,18.5651,17.871201
343296934,265.9756572,-75.01093486,2.2658899,,12.8071,12.0125
343289867,265.3515652,-75.98356109,0.57599902,,12.0486,11.1319
343290360,265.3762906,-75.30929117,0.42646,,14.8974,14.1622
343295991,265.690301,-74.04073175,0.43432599,,16.251301,15.3895
343297603,265.7851447,-75.7223539,0.95301098,,14.5454,13.6562
343296515,265.910836,-74.56966545,0.43592301,,15.9104,15.0322
343297599,265.7042834,-75.71488765,0.783746,,15.3321,14.4177
343295985,265.6836124,-74.03322303,0.44007099,,16.560699,15.7396
343290365,265.6041864,-75.30402336,0.31992099,,17.219299,16.321301
343295986,265.8940586,-74.03329789,0.22665501,,17.933399,17.0516
343296520,265.8249633,-74.5769589,0.38166299,,18.0432,17.1761
343296939,265.8475295,-75.01562524,0.32238999,,17.416901,16.5147
343297598,265.9131778,-75.71361799,0.43870699,,17.409599,16.452999
1508874801,265.3695015,-75.97278795,0.461018,,18.415701,17.3526
1508875562,265.3836852,-75.83966352,0.295286,,18.6719,17.717199
1508875775,265.4468454,-75.78431949,0.0566907,,18.7794,17.8414
1508897875,265.2831456,-75.87271156,0.36803299,,18.0084,16.964199
1508897877,265.271531,-75.86189044,-0.197108,,18.6199,17.6607
1508897929,265.2411209,-75.82023687,0.155426,,18.624001,17.709299
1508898148,265.3114145,-75.76370252,0.062826701,,18.231001,17.254601
1508877806,266.2215941,-75.80399366,0.048634902,,19.1763,18.115499
1508877857,266.096082,-75.77357214,0.12873299,,18.938499,18.011101
1508878154,266.1150513,-75.67095316,-0.134508,,19.141399,18.276501
1508878118,266.1658141,-75.67132106,0.12703501,,18.5903,17.6406
1508878135,266.1955331,-75.6615751,0.104703,,18.4013,17.466801
1508878136,266.1505181,-75.66446576,0.32744801,,18.8099,17.826
1508878173,266.084199,-75.63366606,0.113518,,19.0807,18.1271
1508878972,266.0456708,-75.58645061,0.139667,,18.250999,17.3522
1508879208,266.1326931,-75.54044467,-0.25584701,,19.3016,18.3626
1508879226,266.1035377,-75.5046747,0.245506,,18.8515,17.951401
1508890616,266.1777806,-75.27630541,-0.246181,,19.100901,18.2342
1508890623,266.1393452,-75.25824248,0.079754397,,19.0767,18.2019
1508891675,266.1518095,-75.14632391,0.211189,,18.522499,17.6287
1508891769,266.1891056,-75.07836143,0.278595,,18.0779,17.3487
1508891770,266.184895,-75.07316662,-0.104396,,18.499001,17.5945
1508894737,266.1797711,-75.05691909,-0.69980001,,19.1915,18.329599
1508895468,266.1657427,-74.92017539,0.087652199,,19.0802,18.165001
1508895488,266.1137942,-74.88792918,0.15423501,,18.5662,17.6691
1508895499,266.0779608,-74.87064756,-0.0128992,,18.4683,17.568899
1508890528,266.1459599,-75.33490619,0.034608699,,18.9009,18.0012
1508890562,266.3429581,-75.32772094,-0.13932601,,19.2805,18.429399
1508894744,266.2718699,-75.04447343,0.182781,,18.660601,17.7631
1508895026,266.1950191,-74.96766549,-0.155239,,19.038099,18.163099
1508895035,266.2957423,-74.9635928,0.056536201,,18.643,17.7367
1508968996,266.238492,-74.62936402,0.378297,,17.9956,17.1133
1508969216,266.1940234,-74.56610358,0.00251396,,18.8535,17.988199
1508874589,265.3664767,-75.99797069,-0.76659602,,20.430799,19.4161
1508874600,265.3487397,-75.99644157,0.104966,,19.6395,18.660601
1508874836,265.3805049,-75.93092866,0.097714998,,19.9508,18.9608
1508875782,265.4335552,-75.78153387,0.286513,,19.7108,18.754601
1508897931,265.2071094,-75.81754477,-0.143585,,19.342199,18.5319
1508897947,265.3075217,-75.7990763,-0.116655,,19.9438,18.999701
1508897948,265.2918934,-75.7956821,0.449541,,18.6889,17.770399
1508898144,265.2543099,-75.77615686,-0.33205301,,20.251101,19.2677
1508875042,266.131892,-75.93208843,-0.27874699,,19.770599,18.761499
1508877816,266.1525522,-75.79351732,-0.59674603,,20.2609,19.2647
1508877858,266.155511,-75.77543788,0.197147,,19.410299,18.4828
1508877876,266.1027753,-75.7375407,0.39736801,,19.4841,18.547501
1508878067,266.1410001,-75.71008839,0.38811401,,18.823999,17.8428
1508878157,266.0609125,-75.65699574,-0.161135,,19.8288,18.8869
1508878144,266.1807939,-75.65742489,-0.026210301,,19.489599,18.6029
1508878149,266.1817779,-75.65630173,0.15997399,,19.5221,18.558599
1508878172,266.0681598,-75.63169773,0.168587,,19.568399,18.601999
1508878979,266.1646021,-75.59856579,0.17845701,,19.785101,18.948999
1508878981,266.1660345,-75.58728769,0.141048,,19.711901,18.7486
1508879021,266.0461159,-75.56636922,0.28339201,,19.332001,18.375401
1508890261,266.0391006,-75.42619823,0.43839601,,20.129999,19.241301
1508890266,266.1246461,-75.41796547,-0.171423,,19.8088,18.8999
1508890278,266.0810123,-75.40866824,0.29399899,,19.143,18.233101
1508890276,266.1385568,-75.41088522,0.40250701,,19.509399,18.619301
1508890347,266.0744975,-75.34942012,0.321951,,19.3281,18.5051
1508890349,266.5491404,-75.42004171,0.41074401,,18.799601,17.8806
1508890353,266.5518259,-75.40215123,0.19502699,,19.2215,18.4468
1508890556,266.0959975,-75.306207,0.46630999,,18.523399,17.5984
1508890617,266.198038,-75.27290758,0.399149,,19.129299,18.321699
1508890619,266.120462,-75.26311746,-0.13464101,,19.7318,18.847099
1508891455,266.214603,-75.21257085,0.23623,,19.5322,18.758499
1508891477,266.2028818,-75.17326054,-0.69655699,,19.882601,18.999901
1508891481,266.1387438,-75.18325119,-0.737432,,20.4715,19.682301
1508891692,266.1809157,-75.13580513,0.23436899,,17.5947,17.211599
1508892084,266.1027492,-75.11860309,0.122591,,19.3624,18.4786
1508894764,266.3812588,-75.04239729,0.040711001,,19.288401,18.3962
1508894819,266.1711782,-74.98624015,-0.127014,,19.565001,18.923901
1508895096,266.178848,-74.92163428,-0.41282901,,20.0026,19.1187
1508895187,266.0940946,-74.99251303,0.268601,,18.9492,18.157101
1508895489,266.1678559,-74.8888419,0.54364502,,18.5235,17.746201
1508896329,266.096803,-74.79438412,-0.109702,,19.127001,18.3582
1508896345,266.1044437,-74.77908031,-0.246685,,19.401199,18.553499
1508896354,266.0522188,-74.79446452,0.27477801,,18.839001,17.9461
1508896355,266.0105974,-74.78395785,0.00026007599,,20.0502,19.237499
1508891466,266.1527061,-75.20531905,0.089660197,,20.4575,19.5396
1508891468,266.1210543,-75.1903524,-0.715361,,20.354099,19.447599
1508894728,266.1984478,-75.06732882,-0.059733901,,20.456301,19.624901
1508968928,266.1182015,-74.67395869,0.313604,,18.915001,18.0511
1508969217,266.2485429,-74.57250096,0.26215199,,20.292801,19.4473
1508970183,266.2833025,-74.43748953,0.53256899,,18.7223,17.8727
1508973760,266.3088657,-74.26578365,0.081542902,,19.7666,18.925501
1508974026,266.1491342,-74.19692623,0.305343,,19.093201,18.213699
1508974948,266.1599621,-74.09320226,0.339295,,19.1532,18.342899
1508975023,266.1226789,-74.04225399,0.0138027,,19.5823,18.708099
1509000957,265.8479026,-74.03943771,0.41545901,,19.508699,18.657301
1508890865,265.7797279,-75.29428896,0.23548999,,18.7705,18.004299
1508891145,265.8046465,-75.22082622,0.412552,,18.5138,17.6998
1508891915,265.7530414,-75.17617187,0.22212499,,20.1395,19.2439
1508891930,265.7886307,-75.1511806,-0.60889298,,20.4242,19.608
1508892252,265.6694773,-75.06369567,0.17178801,,19.1495,18.2381
1508892237,265.8326601,-75.06350201,0.044458602,,19.107201,18.278099
1508895325,265.6749148,-74.94453159,-0.14938299,,19.2855,18.463499
1508895591,265.6437336,-74.8724571,-0.407186,,19.9426,19.122299
1508895669,265.7280078,-74.82402508,-0.074542001,,19.5378,18.7841
1508896729,265.7627405,-74.6731731,0.42998099,,18.9417,18.0919
1508994474,265.692393,-74.58748634,-0.32334501,,19.882401,19.112301
1508969115,265.8327506,-74.5802011,-0.22963201,,20.6838,19.8468
1508969499,265.873783,-74.44864432,0.447377,,18.8563,17.9603
1508994564,265.670382,-74.52432083,-0.175291,,20.091,19.3395
1508994815,265.66212,-74.48561857,0.42142799,,19.996099,19.1304
1508995760,265.6938182,-74.37693739,0.30228499,,19.722401,18.8948
1508995820,265.6949028,-74.34936403,0.231343,,20.2369,19.377701
1508999677,265.7969024,-74.2059866,0.17905299,,19.7554,18.916901
1508999773,265.8344239,-74.14248483,0.257981,,19.371599,18.500401
1508999814,265.657814,-74.12059227,0.228771,,18.6784,17.891199
1509000103,265.7064423,-74.0635551,0.267306,,20.1635,19.3153
1508875258,265.9396327,-75.86186503,0.331256,,18.794201,17.842699
1508875666,265.9298437,-75.82241799,-0.7274,,20.3897,19.371799
1508878190,265.8043927,-75.77023062,-0.24476001,,20.2861,19.440399
1508877845,265.9577405,-75.75845826,0.136934,,19.1308,18.188601
1508877852,266.190808,-75.77353526,0.312695,,19.119801,18.093901
1508878087,266.0550249,-75.69556575,-0.104654,,19.606501,18.8262
1508878269,265.9555336,-75.72471909,0.114684,,19.3904,18.4121
1508878272,265.9293912,-75.71616598,-0.00688018,,19.4333,18.6257
1508878479,265.8546026,-75.67570775,-0.43227699,,20.178801,19.354401
1508879330,265.9589572,-75.57869536,0.177054,,19.273399,18.3871
1508879331,265.9593059,-75.57789716,0.065541297,,19.840401,18.941099
1508879345,265.8931061,-75.56166089,0.25893801,,19.2523,18.3195
1508879388,265.9712693,-75.53655212,0.63905197,,19.3901,18.452999
1508879394,265.9320893,-75.53286587,0.24793901,,19.4242,18.561701
1508879609,265.8978011,-75.46446772,-0.0567367,,20.059,19.175501
1508879606,265.9460371,-75.4859899,0.31085399,,18.509399,17.701599
1508879681,265.9509194,-75.43452337,-0.207018,,20.4224,19.549601
1508890674,265.8789924,-75.39207772,-0.678186,,19.7127,18.982901
1508890749,265.8466885,-75.33919592,0.48668301,,19.9757,19.1043
1508890727,266.0296726,-75.34561973,0.100454,,20.4692,19.5562
1508890728,266.0455108,-75.34321264,-0.47983,,20.677099,19.8111
1508890767,265.8342889,-75.32290578,-0.78515899,,20.643801,19.778299
1508890953,265.9021375,-75.30648377,0.25633201,,20.337099,19.4384
1508891032,265.834779,-75.25314656,0.195641,,19.064199,18.1579
1508891033,265.8684243,-75.24792248,-0.33981299,,19.891701,19.1908
1508891841,266.0683152,-75.18886714,0.45462501,,19.788601,18.9382
1508891850,266.0083532,-75.18676958,-0.067455597,,20.3438,19.441601
1508891887,265.9725155,-75.14805152,0.160206,,19.290501,18.382299
1508892116,265.9071706,-75.09957132,-0.107922,,20.0814,19.242599
1508892124,265.8996528,-75.09442727,-0.29228199,,19.231001,18.475901
1508892216,265.8482268,-75.1017241,0.31237501,,20.3659,19.4849
1508895226,265.9117532,-74.97294175,0.33217201,,19.527599,18.6252
1508895532,265.8776511,-74.91579233,-0.069970697,,19.7612,18.931499
1508895534,265.8696867,-74.91907197,-1.2086,,20.6287,19.7449
1508895449,265.9425632,-74.91629246,0.316378,,19.195101,18.309799
1508896390,265.86498,-74.80751817,0.095921598,,18.278799,17.867399
1508896306,266.0377836,-74.81212225,0.152325,,19.547899,18.6625
1508896365,266.0300706,-74.77260697,0.114275,,19.013399,18.1535
1508896692,265.9532544,-74.70028128,-0.62745303,,20.561501,19.7794
1508969066,265.8577892,-74.61302046,0.174151,,18.859501,18.0982
1508969075,265.859065,-74.59918321,0.455948,,19.707001,18.806101
1508969396,265.8835269,-74.50215502,-0.39866301,,20.190201,19.4991
1508969382,265.9870413,-74.52815589,0.259929,,19.3522,18.4639
1508969383,265.9472652,-74.5166192,0.43099001,,19.6353,18.8248
1508969509,266.7520933,-74.5973529,0.231819,,19.3211,18.465099
1508970257,265.9173671,-74.42709464,0.31557,,18.858101,18.005199
1508970347,265.8644206,-74.38293462,0.36251,,18.6154,17.836
1508970349,265.8511359,-74.37876888,-1.49492,,20.6931,19.82
1508970353,265.8625818,-74.37061392,0.15721799,,19.0037,18.2033
1508970326,265.9973603,-74.38658212,-0.042533599,,19.3986,18.562599
1508970552,266.0147082,-74.34366641,0.115822,,19.072701,18.272301
1508973877,265.8548261,-74.23958817,0.30121401,,19.034201,18.2223
1508974188,265.8731383,-74.11440879,0.383167,,18.658199,17.858999
1508974197,266.0996269,-74.13555554,0.15543599,,18.8598,18.2824
1508974242,265.9258419,-74.09537916,0.411596,,19.278099,18.5333
1508975138,265.8851388,-74.01153174,0.235185,,19.192301,18.3559
343291062,265.5679214,-74.46704339,0.30510101,,16.5886,15.7056
343290272,265.4029105,-75.41390796,0.27191901,,17.1971,16.312799
343291070,265.5092116,-74.45670626,0.106026,,18.4098,17.512899
343290563,265.6104559,-75.06328912,0.32086599,,17.613199,16.723301
343290077,265.5374381,-75.67664666,0.37834501,,17.492399,16.6492
1508891067,265.6938225,-75.27686006,0.233431,,18.594801,17.6765
1508891196,266.5637747,-75.32534453,0.053661101,,18.188999,17.3088
1508895281,265.8610362,-74.97354554,-0.55860502,,19.2652,18.412201
1508895349,265.878797,-74.9419502,-0.150179,,19.217899,18.317101
1508969436,265.7689055,-74.47314006,0.0971504,,17.773199,17.219
1508996047,265.6872322,-74.29497404,0.104948,,17.9855,17.2668
1509000025,265.7739597,-74.08745364,-0.28314301,,18.891399,18.0674
1508875066,265.9640979,-75.93134105,0.332569,,18.6043,17.540001
1508878189,265.8102882,-75.78031249,-0.23913801,,19.1709,18.2183
1508878202,265.8855222,-75.7549272,0.219304,,18.341499,17.362499
1508878268,265.8416882,-75.72502482,0.089338802,,18.1432,17.2101
1508878262,265.8466435,-75.73742659,0.079250097,,18.844101,17.8841
1508878544,265.8759298,-75.63219243,0.241538,,18.6131,17.7757
1508879317,265.8780218,-75.59644595,-0.0184376,,19.059999,18.1891
1508890651,265.9860037,-75.39856273,0.22369,,18.299801,17.419201
1508890977,265.9308729,-75.27729069,0.241735,,18.254299,17.3694
1508891027,265.8845297,-75.25618801,0.045981102,,18.138399,17.234301
1508891000,266.0627107,-75.2610554,-0.39622,,19.618,18.7027
1508891001,266.0228753,-75.25747119,0.143691,,18.388,17.4804
1508891007,266.0234722,-75.26027019,0.0177042,,18.3015,17.445499
1508891050,265.8780284,-75.22840526,-0.54771799,,19.044901,18.1479
1508891839,265.8712584,-75.16801511,0.70076901,,16.098101,15.2154
1508892191,265.9945621,-75.05929919,-0.226676,,18.5177,17.705
1508895169,265.9949892,-75.00110751,-0.0083327396,,18.533701,17.658899
1508896754,265.9191464,-74.66525521,-0.042731199,,18.5532,17.8009
1508969062,265.8527931,-74.62014936,-0.024865,,18.818701,18.042801
1508969399,265.9087849,-74.51359237,0.0131111,,18.3172,17.528
1508969484,265.808513,-74.47282162,-0.198406,,19.393101,18.5173
1508970274,265.9089336,-74.3976218,-0.089579299,,18.631701,17.755899
1508970573,265.8915144,-74.34074876,0.18400399,,18.1409,17.382799
1508970592,265.8722295,-74.29623213,0.0163488,,18.4132,17.570299
1508970652,265.8356476,-74.28186427,-0.110614,,18.6689,17.813801
1508973874,265.8386559,-74.2281025,-0.160164,,19.0184,18.1388
1508973871,265.9254842,-74.24923812,-0.035656098,,18.5807,17.699499
1508974172,265.8509722,-74.14066156,-0.128884,,18.508301,17.6439
1508974273,265.8664464,-74.05686018,-0.571908,,18.882,18.1912
343290565,265.5883576,-75.06030456,2.1338301,,13.0367,12.211
343290079,265.6198166,-75.67409376,0.29869199,,16.9893,16.0968
343290271,265.4991903,-75.41475567,0.43814299,,17.153601,16.2516
343290076,265.5034629,-75.6766436,0.58746397,,14.919,13.9572
343291098,265.4688419,-74.41960333,1.01429,,14.0478,13.1962
343290281,265.3201795,-75.39947466,0.56203997,,15.9226,15.0487
256093008,266.6431543,-75.96212393,3.4501901,,10.8824,10.1507
343297700,265.8513608,-75.84061452,0.56283599,,16.7619,15.7546
343295975,265.798577,-74.01959752,0.355957,,17.051701,16.2269
343297423,265.9605459,-75.51814856,0.41030499,,16.3908,15.5188
256053503,266.1524313,-75.08110225,0.184475,,17.136101,16.240801
343295976,265.7241217,-74.02060344,0.40040901,,14.9174,14.0693
343296006,265.8032527,-74.05765797,0.79691899,,14.2128,13.445
343296910,265.8220699,-74.9821683,0.77444398,,14.2863,13.4946
343296912,265.6929557,-74.98620884,0.675906,,15.62,14.7078
343297496,265.7171055,-75.60114592,0.90244597,,14.6948,13.7498
343297726,265.9372543,-75.87205859,0.509489,,15.7128,14.6777
256091499,266.7433516,-74.26268442,1.1000299,,13.9611,13.1984
256092714,266.4307716,-75.59677601,0.976165,,14.1342,13.3132
343297401,265.9743871,-75.49226424,0.37482601,,16.492701,15.6022
343297424,265.7716366,-75.51861254,0.379953,,16.3608,15.4447
343295977,265.7484566,-74.02067,0.51334202,,16.2668,15.4268
343296625,265.9640102,-74.674765,0.495756,,15.6772,14.8477
343296767,266.0053993,-74.8332358,0.42190301,,16.2526,15.4236
343296772,265.9688123,-74.83954063,0.55327898,,15.5885,14.7007
343296948,265.7975735,-75.02369634,0.67094803,,15.3605,14.5187
343296951,265.8806224,-75.02424816,0.535873,,14.8391,13.9345
343297217,265.7024345,-75.27855854,0.368222,,16.0828,15.2093
343297333,265.9033325,-75.40694248,0.66389602,,14.6055,13.7695
343297338,265.9712472,-75.41654739,0.31483001,,16.490999,15.5915
343297588,265.7264006,-75.69621261,0.59098703,,15.1092,14.248
343297696,266.025598,-75.83569217,0.66210699,,15.4124,14.456
256054087,266.1389138,-74.50371748,0.487055,,15.6998,14.9072
256053329,266.2784027,-75.28006277,0.57931101,,16.024599,15.1066
256053554,266.2879837,-75.04277435,0.35698101,,16.2941,15.4376
256053645,266.2967765,-74.94239534,0.72529799,,15.4346,14.5216
256091497,266.6605023,-74.2617506,0.472839,,16.0728,15.2194
256091793,266.6178157,-74.568989,0.54993701,,15.744,14.8843
256053676,266.305645,-74.90859009,0.64014,,16.4105,15.5282
256053679,266.3312853,-74.90677945,1.32675,,14.0854,13.2703
343296313,265.7524716,-74.37495601,0.342484,,17.106701,16.2442
343296549,265.6878524,-74.60965391,0.196952,,17.1201,16.381701
343297155,265.7318788,-75.21323909,0.262705,,17.020201,16.292299
343296809,265.9324661,-74.87844424,0.43999001,,16.423599,15.5399
256091571,266.6075286,-74.3379131,0.50830001,,16.2794,15.4201
256053558,266.425167,-75.04105158,0.311519,,16.903999,15.9905
343297324,265.876367,-75.4012943,0.155195,,17.508499,16.614901
343296959,265.9239812,-75.0311041,0.47420001,,16.618,15.7264
343296190,265.9207463,-74.24374123,0.209732,,17.733299,16.885599
343296627,266.0103669,-74.6775725,0.113221,,17.6031,16.696199
343297728,265.8978721,-75.8732044,0.19090401,,17.589899,16.540199
256053122,266.3867965,-75.53852662,0.219043,,16.9604,16.067699
256053225,266.3615807,-75.40903576,0.37450701,,17.7201,16.8528
256053506,266.0533229,-75.08042896,0.32541999,,17.193899,16.4792
256092342,266.8050822,-75.19624987,0.46095499,,17.1161,16.324301
256091535,266.448363,-74.29914119,0.46019399,,17.058201,16.1691
343296003,265.8516081,-74.05265932,0.43772101,,17.9711,17.116301
343296120,265.9840531,-74.1734865,0.186333,,17.734301,16.851299
343297115,266.0021615,-75.18413445,0.122082,,17.718599,16.9849
343297403,265.7094161,-75.49311533,0.164848,,17.4884,16.615499
343297539,265.9529132,-75.64247816,0.36839601,,17.9377,16.973801
256053643,266.3563868,-74.94287654,0.48688599,,17.85,16.9664
256091790,266.6642296,-74.56446019,0.34729901,,17.8486,16.954901
256092343,266.7572337,-75.19657084,0.44795901,,17.7159,16.7882
343296879,265.9467666,-74.95141282,0.21814699,,17.9925,17.080099
343295973,265.7417862,-74.01829161,0.332578,,18.0599,17.200199
1508922256,265.5362863,-74.66360603,-0.106369,,18.9631,18.1047
1508922257,265.5358631,-74.65857607,0.0153887,,18.226999,17.345301
1508995832,265.7858015,-74.33631969,-0.103329,,19.180799,18.322901
1508891708,266.2669948,-75.13158686,0.024999101,,18.6994,17.7855
1508891709,266.2896517,-75.12852128,-0.221141,,18.5487,17.641399
1508875182,266.2915094,-75.89080121,0.379944,,18.4254,17.373501
1508896165,266.27506,-74.78914318,0.157406,,18.9788,18.069201
1508968810,266.2855225,-74.60747424,0.32702899,,18.580299,17.6891
1508969764,266.3285752,-74.45490272,0.178707,,18.452101,17.6201
1508973603,266.5378107,-74.22296736,0.29768199,,17.618999,16.729
1508874724,265.6379632,-75.94957169,-0.312049,,19.7089,18.645
1508875365,265.7119477,-75.93654401,0.169246,,19.371201,18.440599
1508875388,265.6597854,-75.90465207,-0.16498899,,19.113701,18.499701
1508922301,265.6849391,-74.61251011,0.151558,,18.842501,18.0553
1508994916,265.6541203,-74.40677793,-0.429272,,20.195999,19.382799
1508878878,266.306695,-75.60698898,0.27762899,,19.9464,18.9615
1508879071,266.382411,-75.57190359,0.482012,,18.307699,17.3881
1508968798,266.426858,-74.59893534,-0.088254102,,19.8948,19.000799
1508968801,266.3301281,-74.60772051,-0.127018,,20.005501,19.157301
1508975257,266.3029541,-74.01086744,-0.179355,,19.143999,18.3624
1508875112,266.376201,-75.92201966,0.062361799,,19.4167,18.3428
1508877767,266.3143473,-75.79383458,0.30695301,,20.2663,19.2829
1508879143,266.375248,-75.52358143,-0.194378,,19.5599,18.6479
1508890143,266.5916862,-75.4666361,0.298978,,19.232201,18.3929
1508895936,266.3414427,-74.82275231,-0.23680399,,19.600599,18.7735
1508896159,266.3452997,-74.77263021,-1.07401,,20.386101,19.544001
1508968831,266.3305973,-74.57676991,0.38703999,,18.3641,17.4993
1508973289,266.3699187,-74.3132752,0.25117901,,19.6245,18.822001
1508973290,266.3208158,-74.31258211,0.45954099,,18.769501,17.9998
1508973610,266.5499263,-74.20324589,0.042403601,,19.1404,18.2663
1508974611,266.8295982,-74.12278459,0.109936,,19.993299,19.196501
1508898185,265.1589073,-75.73375704,0.34248099,,18.638399,17.6731
1508901392,265.1033868,-75.65917875,0.129425,,18.0804,17.306299
1508901393,265.1031061,-75.64557777,0.029134801,,18.826401,18.035299
1508897133,265.2184163,-75.91473269,0.18977199,,19.719601,18.6639
1508897137,265.234511,-75.90431866,0.225198,,19.511,18.6392
1508898189,265.3360008,-75.74369384,0.229182,,19.4816,18.5933
1508898193,265.3461135,-75.73794831,-0.39883801,,20.009701,19.1462
1508898184,265.1428118,-75.73788877,0.43255001,,20.5718,19.6113
1508898246,265.1963294,-75.68395514,-0.83621502,,20.4247,19.4695
1508975149,266.0922678,-74.02272111,0.097085796,,18.7843,18.076799
256053283,266.2452263,-75.32889357,0.54608899,,15.6587,14.8289
256092250,266.6150802,-75.09099834,0.34969401,,16.785801,15.9015
256092253,266.4688557,-75.09410408,0.399073,,17.494801,16.639601
256053279,266.4231916,-75.33510334,0.232842,,17.800699,16.9
1508970407,266.19495,-74.35452813,0.21765999,,18.6469,17.754299
1508891735,266.2225881,-75.11715342,-0.24745101,,19.1553,18.2945
1508968502,266.3612144,-74.69628259,-0.087354898,,18.912399,18.013901
1508968584,266.3026117,-74.65426947,0.114757,,18.799101,17.9713
1508891453,266.2326998,-75.22165744,0.076652601,,19.214001,18.3783
1508895039,266.2868858,-74.95986965,-0.42812899,,19.656,18.7605
1508895047,266.1846442,-74.95222686,-0.320007,,19.383499,18.635
1508968510,266.2535208,-74.68212984,-0.43294299,,19.8323,19.049299
1508968511,266.3386206,-74.68890264,0.200183,,19.187401,18.323999
1508973681,266.2874837,-74.3117559,-0.645235,,20.2262,19.410101
1508974011,266.2696688,-74.18327296,0.35595301,,18.6455,17.8699
1508891720,266.3353167,-75.11481225,0.085905001,,19.675301,18.767
1508896243,266.3394297,-74.72646564,0.42022401,,19.2917,18.4154
1508968507,266.2667647,-74.68732903,0.16493601,,19.8186,19.0397
1508968581,266.3189208,-74.64685441,0.048714198,,20.253401,19.358999
1508968588,266.2860146,-74.6441259,-0.038687799,,20.131201,19.330299
1508969700,266.2894112,-74.5142521,0.14202601,,19.323999,18.4412
1508969706,266.3205419,-74.50623012,-0.056210902,,19.539,18.752199
1508969710,266.2847382,-74.49145392,-0.095912099,,19.304199,18.4727
1508969775,266.3595625,-74.43157121,-0.276012,,20.0737,19.2087
1508973288,266.3476819,-74.314736,-0.43797901,,20.797701,19.9111
312027459,265.1898462,-75.91370508,0.49709901,,15.7653,14.7372
312027575,265.1948085,-75.78407263,0.67114198,,15.8102,14.8048
312027522,265.1891362,-75.84436517,0.30272701,,17.184799,16.1752
312027574,265.1188648,-75.78474513,0.44429699,,17.018,16.077299
312027464,264.932446,-75.90809666,0.180314,,18.450399,17.431499
312027497,265.0482391,-75.86918251,0.28881299,,17.611799,16.6033
1508902810,265.2329081,-75.33897577,0.27513999,,18.3827,17.582399
1508902901,265.168077,-75.31342286,0.26939699,,18.1409,17.2563
1508915977,265.2020532,-75.28470274,0.27300999,,18.364401,17.445101
1508915984,265.1469797,-75.27543622,0.128447,,18.0881,17.2421
1508915955,265.2822477,-75.23124519,0.33545399,,18.368299,17.4464
1508915959,265.3728359,-75.2437345,0.083246298,,18.4454,17.533899
1508917223,265.2284735,-75.02391268,0.073089696,,17.881399,17.121401
1508917462,265.3284019,-74.97471273,0.092045002,,18.461599,17.5616
1508917576,265.1587416,-74.93463994,0.00172192,,18.9998,18.1285
1508917573,265.1662336,-74.93979891,0.0381671,,19.2066,18.3144
1508920906,265.17341,-74.83682368,-0.427953,,19.0203,18.139099
1508920928,265.1835635,-74.82345513,0.111093,,18.9324,18.0527
1508921237,265.215136,-74.71952309,-0.039301001,,18.4084,17.539801
1508922130,265.1877198,-74.67725583,0.132754,,18.339899,17.465
1508874709,265.7250139,-75.97866869,0.13389599,,18.495199,17.489599
1508875376,265.7085307,-75.92420991,0.214981,,18.4237,17.5082
1508875382,265.7232318,-75.92218565,0.232731,,18.688801,17.6793
1508879759,265.637762,-75.42236906,0.069871999,,18.8368,18.0023
1508879251,266.2939886,-75.50111104,-0.13059101,,19.4995,18.5669
1508891718,266.3568524,-75.11808366,0.279668,,18.270901,17.4657
1508895882,266.2390557,-74.86538778,-0.040298801,,19.067301,18.1667
1508969206,266.1857807,-74.58115638,0.0865345,,18.3764,17.494801
1508973695,266.2525855,-74.31361922,0.230481,,18.355801,17.4802
1508975246,266.329896,-74.01255487,-0.021151699,,18.7663,18.017099
1508875168,266.4459287,-75.90133364,0.029301601,,19.003599,17.923201
1508878769,266.5131679,-75.68100001,-0.0426086,,18.5651,17.652901
1508879055,266.5426204,-75.58423623,0.200472,,18.458599,17.5795
1508890477,266.41105,-75.31912063,0.20106199,,18.810699,17.912001
1508895903,266.4105332,-74.85313646,-0.0708533,,18.447701,17.568501
1508896194,266.4138101,-74.76780809,0.176474,,18.6535,17.8377
1508969679,266.4950135,-74.51570206,0.067554303,,18.7724,17.9874
1508902531,265.1956384,-75.41614552,-0.34197801,,20.2698,19.358
1508902538,265.2938395,-75.41946679,0.46610001,,19.193501,18.412399
1508902844,265.1102343,-75.3694379,0.41752401,,18.527599,17.6231
1508902764,265.2480334,-75.36166876,0.125393,,19.316999,18.434099
1508902765,265.2318244,-75.35846144,-0.370078,,20.603901,19.680901
1508902832,265.2726146,-75.31482227,-0.306568,,20.0096,19.2246
1508915948,265.2934283,-75.25282258,0.219482,,18.568001,17.8321
1508915990,265.1872987,-75.25244065,0.0240102,,19.854601,18.960899
1508916006,265.1617995,-75.24066276,0.32140699,,18.2749,17.5072
1508916043,265.1917466,-75.22659263,0.0265678,,19.1336,18.304399
1508916057,265.2447521,-75.23105552,0.37052801,,19.0935,18.2162
1508916268,265.3954799,-75.14845659,0.46922699,,18.684999,17.8685
1508916274,265.4025621,-75.13151878,-0.0968711,,19.398899,18.528299
1508916366,265.2157062,-75.12938463,0.216639,,18.700701,17.871099
1508916356,265.2762003,-75.13429641,0.34201199,,19.817301,18.912001
1508916359,265.2076347,-75.14243901,-0.241762,,19.91,19.0987
1508916378,265.2305804,-75.10009143,0.44010901,,18.9869,18.166
1508917145,265.1866427,-75.07739522,0.197809,,18.732,17.938
1508917148,265.2602976,-75.07971824,0.224903,,19.689301,18.852699
1508917142,265.1915902,-75.09203821,0.0047018002,,19.645599,18.8358
1508917218,265.1863544,-75.02561582,0.15499499,,19.1805,18.2763
1508917226,265.2158184,-75.01833636,0.082108997,,18.8517,18.0679
1508917229,265.2339358,-75.00362572,0.36791801,,19.143,18.349899
1508917448,265.2204859,-74.99022816,-0.91845101,,20.463301,19.545401
1508917575,265.1787248,-74.93516994,0.15735801,,19.4417,18.619801
1508917542,265.2214998,-74.95155851,-0.0046854001,,20.1984,19.2957
1508917544,265.2729799,-74.94099228,0.31249699,,18.596399,17.750799
1508917568,265.2601272,-74.91913683,-0.66948003,,20.3279,19.5802
1508917598,265.1700618,-74.91138393,0.0037129801,,20.1754,19.2679
1508920874,265.3048154,-74.86453915,-0.280711,,20.0714,19.1877
1508920909,265.2192049,-74.83687479,-0.0110975,,19.9242,19.0877
1508920923,265.215136,-74.82810282,0.42072299,,18.1626,17.3328
1508920924,265.1874699,-74.81946139,-0.108709,,20.4702,19.596201
1508920931,265.1711194,-74.81895207,-0.34361699,,19.814899,18.9105
1508922119,265.1853799,-74.68095228,0.470164,,18.4032,17.715099
1508922192,265.1955402,-74.64875446,0.12246,,19.1903,18.3183
1508874703,265.6238199,-75.97762442,-0.14232001,,20.3643,19.382299
1508878400,265.6765981,-75.697412,0.664096,,18.640499,17.697001
1508879444,265.5871844,-75.54250335,-0.33530799,,20.125799,19.2775
1508879760,265.6545356,-75.42127736,0.42267901,,19.2048,18.3207
1508890872,265.6617774,-75.27968657,0.191807,,18.681999,17.9044
1508994601,265.6461384,-74.50162188,-0.26263601,,19.302999,18.512199
1508878991,266.2472282,-75.5770175,0.43531999,,19.7596,18.8827
1508891665,266.255649,-75.14403494,-0.102673,,19.4928,18.727301
1508894813,266.1728694,-74.99182334,-0.94439,,19.975901,19.1325
1508975242,266.3791084,-74.02594844,-0.69050199,,19.607201,18.7827
1508878764,266.4457197,-75.68350404,-0.017109601,,19.336201,18.3887
1508879053,266.429323,-75.57959413,0.0334564,,19.8729,19.060101
1508891344,266.3545546,-75.28673983,0.31408301,,19.305201,18.427601
1508895900,266.4081709,-74.8509012,0.26692101,,19.281799,18.573799
1508973650,266.4451214,-74.18743455,0.26785699,,18.1238,17.518999
343290524,265.5980081,-75.1010134,0.391936,,16.787701,15.9305
343296207,265.7892978,-74.26553955,1.12378,,13.7987,13.0795
343296200,265.6846098,-74.25066756,0.81852698,,15.2464,14.3805
343290522,265.4290833,-75.10334208,0.48089299,,16.2894,15.4503
1508897203,265.0213442,-75.91046081,0.160034,,18.4224,17.400801
1508897284,264.8606517,-75.86232548,-0.20997301,,18.798,17.759199
1508898049,264.8317656,-75.77840835,-0.081255898,,18.671,17.717199
1508898306,264.84619,-75.67191153,-0.38919601,,19.332399,18.4417
1508901446,264.8939858,-75.59944183,-0.0467318,,18.8445,17.928801
1508901505,264.9493419,-75.55536945,0.369766,,18.3585,17.4319
1508902694,264.9460131,-75.35952997,0.0168126,,18.4984,17.609301
1508902898,265.179456,-75.3292301,-0.0944672,,19.087099,18.207199
1508903050,264.8896356,-75.37352215,0.151337,,18.324699,17.438
1508916457,264.9608922,-75.20384391,0.18365499,,18.2917,17.3841
1508916515,264.9004732,-75.17658046,-0.79397601,,19.6731,18.801701
1508916519,264.8938712,-75.18381938,-0.20438001,,18.5061,17.6462
1508916522,264.9928664,-75.16400217,-0.65294302,,19.3519,18.531401
1508916736,264.9127534,-75.09458315,0.27228701,,18.5735,17.6991
1508916724,264.9855908,-75.12801812,-0.020248,,18.738501,17.8379
1508916733,264.9138903,-75.11658389,0.041365899,,18.2661,17.383801
1508916788,264.9347069,-75.09156486,0.050972499,,17.906401,17.0723
1508897210,264.9323188,-75.89537412,-0.098852903,,18.525499,17.635799
1508901795,264.9801281,-75.48044847,0.173067,,18.202499,17.315201
1508901761,265.0429241,-75.48558655,-0.078752898,,18.917,18.038099
1508901813,264.9948487,-75.45442433,0.27179301,,18.254801,17.347799
1508902623,265.0451331,-75.41064491,0.150382,,18.5858,17.6584
1508902587,265.1528501,-75.43296041,0.00452895,,18.840599,17.9454
1508902674,265.056441,-75.39810717,0.192261,,18.4438,17.509899
1508902947,265.0525194,-75.28923603,0.0847404,,18.614201,17.853001
1508916035,265.0693655,-75.2208588,0.68683201,,16.9018,15.9976
1508916408,265.0639138,-75.09867766,0.0125346,,19.184799,18.271099
1508917622,264.9580557,-75.05010263,-0.13348401,,19.1152,18.258301
1508917641,264.9662979,-75.0163672,0.22110701,,18.680599,17.7806
1508918003,264.9923474,-74.87586461,0.125525,,18.028,17.2556
1508921263,265.0054295,-74.84086082,0.086734898,,18.8668,18.070801
1508921269,265.0970707,-74.84915218,-0.0461093,,18.266701,17.3827
1508921359,265.0809872,-74.79297138,0.0085947998,,18.51,17.655001
1508921610,265.0107821,-74.74741221,-0.234227,,18.6474,17.800301
1508922581,264.9135264,-74.64151242,0.021680299,,18.2351,17.4107
1508922638,265.0955303,-74.59216354,-0.098333202,,19.1588,18.297001
1508922640,265.0888686,-74.58890064,0.105471,,19.191799,18.3137
1508922667,264.9302747,-74.58765485,0.298621,,16.6602,16.009399
1508922904,264.9723916,-74.53831349,0.240475,,18.160999,17.313
1508922901,265.0431759,-74.53057559,0.129301,,18.7027,17.824499
1508922965,265.0210726,-74.50562693,0.11557,,18.676201,17.7859
1508923006,264.9795814,-74.4856484,0.312482,,18.0634,17.2022
1508922992,265.0792351,-74.49015513,0.11013,,18.9897,18.121901
1508995231,265.0814867,-74.42436428,0.15886199,,18.476601,17.6397
1508995274,264.9351757,-74.45817413,0.33027199,,18.471701,17.6196
1508995509,265.1642741,-74.34541763,0.25048301,,18.487499,17.6502
1508995571,265.0331259,-74.28855874,-0.0399535,,18.2351,17.3771
1508996499,265.0944803,-74.19835526,-0.080709703,,18.2005,17.343201
1509000489,265.054111,-74.04814253,-0.210463,,19.0487,18.283001
1509000457,265.0973159,-74.02461789,-0.167528,,18.708799,17.854099
1509000499,265.0022193,-74.04616034,0.116516,,18.392099,17.499901
1508896960,264.8810176,-75.99440522,0.172488,,19.234699,18.1882
1508896967,264.9507308,-75.98537696,-0.61229903,,20.1175,19.0457
1508897032,264.9088213,-75.95262941,0.089365102,,19.207001,18.187599
1508898026,264.8647274,-75.79526907,-0.071381897,,19.736,18.7623
1508898012,265.0316231,-75.8003736,0.034044299,,19.318501,18.491699
1508898110,264.8815291,-75.73539368,0.223166,,20.230101,19.304899
1508898341,264.9390301,-75.66685354,0.34508401,,18.762699,17.938299
1508901435,264.8815856,-75.60318191,0.265286,,19.6609,18.736099
1508901500,264.9750892,-75.55759532,-0.50518698,,20.403099,19.478201
1508901712,264.8993844,-75.52602018,0.71171498,,18.775101,17.8729
1508901743,265.1076762,-75.50852908,0.25331199,,19.872,18.942301
1508901733,264.91673,-75.50093742,-0.41337699,,20.323,19.472401
1508901734,264.9267655,-75.49271048,0.123366,,19.7374,19.0256
1508901807,265.0070246,-75.46419523,0.035327699,,19.2271,18.5931
1508901821,264.9487513,-75.45766859,-0.15335999,,19.619499,18.7083
1508902988,264.8328955,-75.40054313,-0.232409,,19.5562,18.745701
1508902989,264.7943681,-75.39930828,0.094169103,,19.9242,19.0137
1508902993,264.9107868,-75.40495206,-0.0931722,,19.958099,19.074301
1508902896,265.0076915,-75.31373141,0.37700999,,19.680599,18.804199
1508902972,265.0092414,-75.26164136,0.094969302,,19.0942,18.2292
1508903054,264.8723875,-75.36191882,-0.077996999,,19.951401,19.141701
1508903264,264.9513373,-75.29442524,0.050475299,,18.936001,18.1553
1508903319,264.8808182,-75.27019595,0.39298201,,18.837799,17.9312
1508903331,264.9641388,-75.25917796,0.368673,,18.956699,18.0781
1508916440,264.8957955,-75.23014705,-0.41894099,,19.9606,19.032301
1508916441,264.8437832,-75.22477158,0.041364599,,19.483299,18.577999
1508916448,264.9218424,-75.20835249,0.345368,,19.398899,18.653999
1508916436,264.9103808,-75.21902707,-0.95397502,,20.584499,19.7047
1508916456,264.9660935,-75.20803644,-0.0260082,,19.453199,18.5488
1508916520,264.9044698,-75.1696538,0.12202,,19.617201,18.722799
1508916740,264.8540761,-75.12439102,0.141243,,19.5522,18.7229
1508916731,264.9817158,-75.10710183,0.090755403,,19.6292,18.8309
1508916732,264.9770269,-75.10509194,-0.259022,,20.519501,19.611
1508916783,264.9760081,-75.08522098,0.29194099,,18.9403,18.0203
1508897199,264.9237263,-75.90839737,-0.0192634,,19.628901,18.661699
1508897976,265.0791928,-75.8008844,0.303949,,19.752199,18.821899
1508897977,265.1070066,-75.79041649,0.064811297,,20.0788,19.0863
1508898069,264.9515093,-75.76194726,0.47421601,,19.5434,18.537701
1508901406,265.0740411,-75.62494887,-0.531744,,20.549601,19.6245
1508901407,265.0637447,-75.62468509,-0.134131,,20.185801,19.318501
1508901420,264.9267616,-75.62378315,0.13057999,,18.698799,17.9548
1508901790,265.0176263,-75.47718674,-0.00264412,,19.3992,18.541201
1508901798,264.9133876,-75.48277369,0.0404936,,19.245199,18.476801
1508901782,265.081314,-75.46661089,-0.84360099,,20.8001,19.923599
1508901808,264.9788506,-75.45905564,-0.49437499,,20.7437,19.8766
1508902605,265.0077448,-75.44934385,-0.25810999,,19.4224,18.6178
1508902607,265.0207283,-75.43752905,0.27483201,,20.2202,19.3685
1508902683,264.9500723,-75.37621215,0.50944602,,19.055201,18.1483
1508902678,264.9583187,-75.39117336,0.41586199,,18.912201,18.012699
1508902692,264.9688804,-75.37003039,0.096845597,,20.0191,19.153999
1508902878,264.9938342,-75.33651283,-0.0039679599,,19.5646,18.7136
1508902873,264.9785373,-75.34408633,0.167586,,19.066601,18.167999
1508916039,265.01093,-75.21522837,-0.76684499,,20.107901,19.342501
1508916349,265.2268542,-75.14658359,0.0142849,,19.973801,19.085501
1508917624,264.9503445,-75.04123293,0.41557199,,19.621599,18.7952
1508917183,265.0924139,-75.05732073,0.214394,,19.615999,18.8652
1508917244,265.1499748,-75.00123561,-0.17682201,,19.7815,18.906799
1508917528,265.3038181,-74.96273739,-0.32041499,,19.358,18.6108
1508917644,264.928629,-75.00673185,0.245536,,19.093901,18.2726
1508917715,264.9607695,-74.97513576,0.0526703,,19.572701,18.812901
1508917716,264.9446881,-74.97361615,0.14998101,,19.243799,18.3414
1508917717,264.967566,-74.97133965,0.30452901,,19.302,18.568199
1508917996,264.9928585,-74.89417313,0.080019496,,18.937799,18.1369
1508917990,265.0621185,-74.90810876,-0.0854102,,19.259001,18.533199
1508921278,265.0995467,-74.83529163,0.29343399,,19.5543,18.7358
1508921351,265.0221803,-74.80325262,0.185899,,20.1145,19.301201
1508921625,265.0266632,-74.74571637,-0.29416201,,19.768101,18.9151
1508921714,264.9582621,-74.70086594,-0.167998,,20.4084,19.596399
1508921703,265.0558064,-74.69126341,-0.0288602,,19.6654,18.7745
1508922639,265.0847045,-74.59021826,0.233814,,19.2819,18.437401
1508922647,265.0116811,-74.60540065,0.27239299,,19.7297,18.9191
1508922672,264.9843212,-74.59057153,0.202437,,19.454201,18.7316
1508922878,265.048497,-74.55786736,-1.21058,,20.5606,19.7026
1508922995,265.0167206,-74.48369488,-0.176137,,20.304899,19.5341
1508995158,264.9920804,-74.4527306,0.163633,,19.981001,19.1369
1508995266,264.9921563,-74.38763557,0.33996201,,19.466101,18.7272
1508995265,264.9859459,-74.38732801,0.41599801,,19.070101,18.184999
1508995477,265.1029869,-74.36253417,0.058919299,,19.560101,18.672899
1508995504,265.206624,-74.35956561,-0.78935099,,20.8403,19.9662
1508995574,265.0617299,-74.29317709,0.016628399,,19.768299,18.892799
1508996509,265.0011482,-74.26104507,0.33667901,,19.0033,18.129801
1508996501,265.0520077,-74.19010605,-0.20491301,,19.5632,18.711
1508996506,265.0029199,-74.27030281,0.494506,,19.360201,18.4816
1508996604,265.000207,-74.21446751,0.28826499,,19.3379,18.4452
1508996610,264.9407341,-74.20928119,0.30821699,,19.666201,18.815001
1508996625,265.0063995,-74.19003271,0.17223001,,20.1791,19.3011
1508996864,264.9530496,-74.14798573,-0.16330101,,19.477301,18.626801
1508996855,265.0009519,-74.15729364,0.28448701,,20.3869,19.502199
1508996935,265.0465541,-74.11352434,-0.35947499,,19.195801,18.408501
1508996939,265.0342264,-74.09755164,0.30722201,,19.9209,19.067699
1508996944,265.0046986,-74.10343063,0.073190302,,19.174299,18.2819
1509000487,265.0465875,-74.05427668,0.48971099,,19.0056,18.201799
1509000549,264.9980325,-74.01171262,0.30761999,,18.7244,17.842199
343291299,265.4257678,-74.182793,0.78457397,,13.4236,12.641
343297501,266.0120371,-75.60801233,0.295645,,17.057501,16.0823
343291304,265.6001932,-74.17485905,0.59513801,,14.976,14.1666
343289856,265.5069887,-75.99296093,0.272109,,17.027201,15.9533
343296069,265.6524982,-74.12277856,0.51373798,,17.0466,16.215
343297500,265.6725295,-75.60561606,-0.018471699,,18.0907,17.1378
256092968,266.7897286,-75.91993211,2.19736,,10.8172,10.234
312027588,265.1571317,-75.76344185,1.2408299,,13.5798,12.7379
312027826,265.1284857,-75.51254361,1.1137201,,13.1583,12.5278
312028160,264.9660185,-75.1762014,1.1018699,,13.026,12.4889
312028511,265.2242625,-74.80902541,1.08733,,13.5251,12.8255
312027998,265.1244671,-75.32628839,0.150782,,16.961599,16.167299
312028467,265.156305,-74.8551537,0.48532,,16.6406,15.7875
312028162,265.1038278,-75.17488912,1.17558,,14.0947,13.1775
312028269,264.9277782,-75.05905345,0.73769498,,14.3673,13.5388
312028277,265.0757273,-75.04810169,1.09745,,14.3246,13.5013
312028303,265.2609915,-75.01736162,0.82133198,,14.414,13.601
312027590,265.0509931,-75.76233908,0.66614097,,15.5588,14.6039
312027791,265.2280102,-75.55012677,1.00177,,14.9641,14.1032
312027795,264.969552,-75.54681828,0.483841,,15.8694,15.0497
312028165,264.9169252,-75.16943217,0.81346202,,15.2493,14.3507
312028206,265.1696321,-75.11193874,0.98615998,,14.7609,13.9515
312028403,265.1549535,-74.92622383,0.55577201,,16.160801,15.3354
256092925,266.5556069,-75.8640383,0.31010801,,16.0991,15.2776
256092991,266.6311633,-75.94484627,0.51813698,,16.627899,15.6847
312027915,265.1759213,-75.40838069,0.29478499,,16.150999,15.3787
312027978,265.0370266,-75.34272223,1.04242,,14.0556,13.2098
312027979,265.0238374,-75.33958821,1.60062,,14.0169,13.1352
312027794,264.9345846,-75.5476205,0.51024503,,16.7414,15.8502
312027999,265.08999,-75.32559934,0.40216899,,17.250401,16.3911
312028112,265.163804,-75.21949362,0.52911401,,16.568701,15.6559
256092947,266.4543549,-75.89135442,0.42377299,,17.030399,15.9652
312027977,265.0765465,-75.34294482,0.36616099,,16.2649,15.3647
312028023,264.9148917,-75.30457757,0.50073397,,16.5639,15.6433
312028104,265.0630554,-75.22547551,0.70118499,,15.752,14.8528
312028517,265.0512762,-74.80265804,0.52340502,,15.2607,14.3625
312027830,265.1380636,-75.50964371,0.170212,,17.7931,16.8598
312027788,265.0275745,-75.55178133,0.079683699,,17.3473,16.5991
312027507,264.9113226,-75.85890641,0.271898,,17.425699,16.3853
312027685,264.988871,-75.65880053,0.43101099,,17.965799,17.0191
312027815,265.0153193,-75.5253399,0.146025,,17.525299,16.6373
312027819,265.1684121,-75.52373456,0.399847,,17.5033,16.600901
312027993,265.2311397,-75.32980996,0.351399,,17.444201,16.5861
343290166,265.56426,-75.56770064,0.68235999,,15.7463,14.8216
312027517,265.056629,-75.84866058,0.180832,,17.982201,16.9569
312027587,265.002603,-75.76573352,0.27713299,,17.706301,16.748899
312027642,265.163129,-75.69874236,0.109578,,16.8491,16.3419
312027824,265.2486976,-75.51498681,0.213339,,17.543501,16.631901
312027831,264.9885384,-75.50957684,0.42346099,,17.7791,16.8874
312028108,265.1936846,-75.22369261,-0.110528,,17.7502,16.9429
312028371,265.0387064,-74.95969862,0.074812599,,17.6052,16.8974
312028441,264.9727107,-74.88475846,-0.0342649,,18.1134,17.232201
312028514,265.12416,-74.80513744,0.37662801,,17.522699,16.683399
312028547,265.0551603,-74.77234086,0.380494,,18.192301,17.2924
312028551,265.14414,-74.76957894,0.32275501,,17.871,16.985399
312027746,265.0187258,-75.59808678,0.35245901,,16.8717,15.9309
312027822,265.1664374,-75.51596164,0.34388301,,16.7132,15.9736
312028308,265.0718806,-75.01524746,0.225209,,16.7791,15.8604
312027690,265.091032,-75.65707265,0.437832,,16.8111,15.8942
312027825,265.1742535,-75.51310308,0.26976001,,16.909201,16.041599
312027827,265.1415232,-75.51241341,0.43321401,,17.978201,17.0609
312028407,264.9489254,-74.92380867,-0.0981232,,18.064899,17.2225
312028444,265.2587953,-74.88120182,0.37528899,,17.847099,16.999201
312027675,265.0211352,-75.66719349,0.36086699,,18.0868,17.1129
1508875481,265.4544816,-75.89642711,0.0972718,,17.204201,16.1845
1508875819,265.4827429,-75.75545473,0.188867,,18.464001,17.563
1508878718,265.4371062,-75.55761174,0.100713,,18.561501,17.712999
1508878727,265.5458282,-75.54437971,0.122701,,18.163,17.2414
1508920695,265.4468637,-74.89893421,0.15549301,,18.200701,17.3689
1508921031,265.5592566,-74.81214558,-0.040926199,,19.215401,18.344101
1508995063,265.4158414,-74.36105802,-0.027757799,,18.189699,17.294701
1508996299,265.4660415,-74.21183095,0.063147403,,18.6234,17.822701
343290163,265.5460757,-75.56999895,0.40141001,,17.944901,17.0301
343290165,265.5815503,-75.56884594,0.206008,,17.9783,17.038099
312027790,265.1391905,-75.55043858,0.85115999,,17.3393,16.403
312028275,265.1654625,-75.04815635,0.42726699,,17.8923,17.1201
312027886,264.9589173,-75.4504866,0.53556103,,18.0445,17.108101
1508874740,265.4690415,-75.99388884,-0.229459,,19.995199,18.9317
1508920779,265.3966072,-74.85500188,0.49715301,,19.2377,18.382099
1508994735,265.4380651,-74.48400848,-0.22936501,,20.517099,19.700001
1508995902,265.449849,-74.33463752,-0.060284201,,19.5243,18.753201
1508878375,265.4562424,-75.70913882,0.239503,,19.4688,18.697599
1508902472,265.4427692,-75.46619703,0.43843499,,18.677299,17.7663
1508902478,265.4543544,-75.45806893,0.133277,,19.6378,18.7955
1508902785,265.4607802,-75.35477234,-0.88042003,,20.820601,19.9317
1508916153,265.4676445,-75.20107972,0.284345,,19.2659,18.5217
1508917027,265.4404249,-75.1074241,0.342161,,19.7826,18.929199
1508922287,265.6670792,-74.63841084,0.141672,,20.6756,19.790501
1508994955,265.4908737,-74.44216161,0.30883801,,19.880699,19.113001
1509000976,265.8292167,-74.01436292,0.51400101,,18.9354,18.2988
343296867,266.0398881,-74.94204436,0.56491798,,16.113701,15.2077
312027953,265.2383101,-75.37205128,0.28191799,,16.781,15.855
312029065,265.0589988,-74.26357622,0.36484599,,17.1658,16.278
312029137,265.0668766,-74.1924835,0.237995,,17.476601,16.6007
343291055,265.4417655,-74.47213894,0.60891998,,15.6656,14.7778
312027909,265.1865037,-75.42114056,0.48486999,,15.3437,14.5342
343290181,265.2640158,-75.54933529,0.74565399,,14.9917,14.1214
343290182,265.4676699,-75.548019,1.36303,,14.0949,13.2557
312027532,265.2234203,-75.83188486,0.30464101,,16.290001,15.3508
343297209,265.777574,-75.27122184,0.59390599,,16.2637,15.409
312027857,265.2142374,-75.47972105,0.63920802,,15.436,14.5289
312027906,265.1135046,-75.42702857,0.603558,,16.0805,15.1691
312027913,265.1821664,-75.4104344,1.17968,,14.5373,13.7418
312028101,265.2075389,-75.22829586,0.74833697,,15.0795,14.2461
312028196,265.1808538,-75.12708503,0.447474,,16.2141,15.3212
312029006,264.980084,-74.31996427,0.81763703,,15.385,14.6621
312029134,264.9821502,-74.19633495,0.81669003,,14.9665,14.1292
343289986,265.5007498,-75.8021513,0.31682101,,16.3239,15.4267
343290090,265.6451629,-75.66227333,0.96321702,,15.2804,14.3801
343290183,265.3994978,-75.54379938,0.65086102,,14.8358,13.9554
343290353,265.2949774,-75.31735887,0.461366,,16.221399,15.3008
343291296,265.4825746,-74.18657986,1.10717,,14.8694,14.0241
343296455,265.7123064,-74.51551594,0.235238,,17.101601,16.2551
343290556,265.3911774,-75.0656781,3.91414,,10.7185,10.0174
312028592,264.9659191,-74.71635277,0.818802,,13.4668,12.7012
343290094,265.6239454,-75.65617337,0.61694098,,13.3297,12.5603
343290460,265.3647278,-75.17552991,4.0840402,,10.8451,10.1445
343297210,265.9653313,-75.27313854,0.42669001,,16.745701,15.8288
1508918115,264.6461585,-74.86255798,0.106442,,18.462999,17.5982
1508919434,264.409727,-74.92133772,0.218979,,18.252001,17.4342
1508923170,264.5163282,-74.75340234,0.079387598,,18.741199,17.8997
1508923243,264.5707883,-74.70234309,-0.180437,,18.528099,17.6548
312027566,265.2359159,-75.78966738,0.410653,,16.707701,15.7271
312027908,265.1239486,-75.42227719,0.170002,,17.1665,16.3286
312027910,265.1077913,-75.42093658,0.32807401,,16.701099,15.7996
312028136,264.9349296,-75.20414632,0.48355699,,15.9463,15.1016
1508923551,264.5435288,-74.61678121,0.17569099,,18.547199,17.7092
1508924393,264.5074291,-74.56546094,0.156957,,18.611099,17.7439
312028670,265.2093775,-74.64272838,0.292584,,17.082701,16.1852
312029059,264.9853357,-74.27546829,0.221385,,16.467699,15.7964
312027945,265.2271787,-75.37914315,0.38780999,,16.097799,15.2071
312028894,264.9956063,-74.42315866,0.69469899,,15.5015,14.6607
1508924725,264.4317813,-74.45326995,0.027352599,,19.266701,18.382099
1508924822,264.4490755,-74.40543828,0.135591,,18.924,18.042801
1508997066,264.465313,-74.35635466,-0.070038602,,18.3584,17.5138
1508997067,264.4859979,-74.35448362,-0.0121488,,18.5254,17.6318
343290672,265.5174202,-74.93184475,-0.109192,,17.854799,16.969299
1508997384,264.5087088,-74.23551931,-0.0246267,,18.745199,17.926701
312028033,265.1942226,-75.29282258,0.202097,,16.8682,16.2467
312027722,265.2383287,-75.627265,0.144279,,17.6984,16.7656
1508998807,264.5589263,-74.07422593,-0.244257,,18.9881,18.132999
1508998829,264.5532116,-74.05842523,0.172737,,18.612,17.749399
312027864,264.9723331,-75.47236503,0.30695599,,17.4142,16.563499
312028148,265.1476524,-75.19209255,0.132173,,17.378901,16.561899
312028323,265.2361185,-75.0057327,0.244867,,17.5329,16.6523
312028931,265.0874458,-74.38179936,0.26936999,,18.056101,17.2134
1508901899,264.5905989,-75.54458272,0.273785,,17.9645,17.1612
312029340,265.1486808,-74.00331447,0.220737,,17.087601,16.236
1508902186,264.6209619,-75.44406833,-0.30451199,,18.7143,17.805201
1508903166,264.63811,-75.33057178,0.0029404301,,18.1422,17.275499
343291390,265.6073294,-74.07731228,0.38778701,,17.480499,16.6572
312027396,265.2373442,-75.99165977,0.197762,,17.6882,16.618799
312027727,265.1189894,-75.62287825,0.146511,,17.492001,16.5408
1508903169,264.6126926,-75.32606613,0.303114,,17.962099,17.118099
1508903195,264.5668006,-75.29967996,0.096111901,,19.024,18.123301
312028672,265.0743946,-74.64236888,0.212661,,17.1695,16.280899
343290098,265.5329903,-75.65355857,0.39090699,,17.251301,16.296101
1508903467,264.6382397,-75.20218976,-0.104109,,18.187099,17.282
1508903476,264.6270953,-75.194616,0.022404,,19.2227,18.3076
343290088,265.2751472,-75.66686383,0.32396099,,16.905701,15.9602
1508916929,264.6357374,-75.01984074,0.20182,,18.6458,17.7635
1508916931,264.7278805,-75.02750728,0.29535401,,18.4771,17.625401
1508916936,264.7612407,-75.02259842,0.021779301,,17.907301,17.110399
1508917806,264.5503532,-74.973805,-0.35148799,,18.9618,18.0672
1508917895,264.6391753,-74.91226445,0.414148,,16.5439,15.6847
312029045,265.2275118,-74.28658356,0.13162,,18.0243,17.1723
1508921486,264.5851446,-74.78872307,0.105506,,18.931601,18.0564
312027553,265.1405237,-75.80628199,0.279111,,18.079201,17.0758
312027868,265.0442504,-75.46805582,0.056560401,,17.9181,17.1551
312027912,265.2185238,-75.4111028,0.42159599,,16.9624,16.1064
312028379,264.989572,-74.95210242,0.37400001,,17.844101,16.9832
312028382,265.254018,-74.94713866,0.080970898,,17.733299,16.9312
312028462,265.051976,-74.85983469,0.151435,,17.725901,16.8389
312028586,264.9085604,-74.72766726,0.27208501,,17.6446,16.746
312028720,264.9533156,-74.59156229,0.131998,,17.172501,16.4072
1508921900,264.7345093,-74.63725103,0.31687999,,18.3304,17.449699
1508922823,264.7812278,-74.55022993,0.195426,,18.5284,17.7269
1508923071,264.74045,-74.48311324,0.0247727,,18.481501,17.7341
1508923074,264.709152,-74.47460587,-0.043407999,,18.261999,17.492901
343290354,265.6477079,-75.31414559,0.18126801,,17.4158,16.585501
1508923560,264.5856089,-74.59302873,0.168226,,19.018801,18.135401
1508923562,264.5784046,-74.60220206,0.18651,,18.777599,17.935101
343290463,265.5897087,-75.1745846,0.44950899,,17.2862,16.374399
1508924428,264.6184034,-74.52913409,-0.054913301,,18.9335,18.102501
1508924769,264.6945794,-74.44222769,-0.120152,,18.9447,18.182199
1508997021,264.6805742,-74.38921823,0.178387,,18.248301,17.379801
1508997023,264.690158,-74.3802758,-0.116084,,18.724701,17.937099
1508997049,264.5671609,-74.39028198,0.26700199,,18.6224,17.7421
1508997031,264.694734,-74.37084534,0.13721199,,18.8736,17.979401
1508997143,264.5598784,-74.34238539,-0.415849,,19.6047,18.7651
1508997140,264.5690455,-74.33892129,0.166041,,18.5383,17.7327
1508997104,264.6136253,-74.34274559,-0.194948,,18.7384,17.980499
1508997354,264.5874932,-74.29630697,0.32727,,18.1078,17.214001
1508997356,264.5739841,-74.28688451,0.25610501,,17.969999,17.1756
1508997328,264.6183278,-74.29167189,0.0626764,,18.9415,18.148899
1508997464,264.6099381,-74.2121885,0.235174,,17.038601,16.258801
1508998387,264.5978414,-74.17650366,0.146423,,18.8125,17.996901
1508924398,264.4886021,-74.55329698,0.21142,,17.923901,17.131599
1508998459,264.6248516,-74.13107486,0.20706099,,18.5588,17.6737
1508924587,264.3941004,-74.49603635,0.047556199,,19.162901,18.2983
1508924609,264.3746205,-74.47020157,0.059532698,,18.2136,17.466299
312028193,265.2284356,-75.12877456,0.25014499,,17.037001,16.1609
343291057,265.438899,-74.47123342,0.33184499,,16.9207,16.0693
312029337,265.0998916,-74.00727582,0.31539801,,17.3041,16.447599
1508998479,264.5830457,-74.11147009,0.28582501,,17.9685,17.1108
312027444,264.9805847,-75.93415905,0.42417401,,17.637501,16.5723
312027728,265.1464082,-75.62182158,0.34168601,,17.6609,16.7416
1508924762,264.6816193,-74.44573083,-0.212662,,19.2672,18.4641
1508924847,264.4013576,-74.45282656,0.261251,,17.4331,16.6555
1508924872,264.433213,-74.4182285,-0.106104,,18.161301,17.288601
312029245,265.0168495,-74.0980338,0.23049,,17.7244,16.8314
1508998699,264.6137471,-74.08008409,-0.092941299,,18.2526,17.3608
1508998773,264.628505,-74.04675741,0.053299099,,18.421801,17.5413
1508997198,264.4506711,-74.33332831,-0.039990298,,18.9212,18.052601
1508997199,264.4460085,-74.33069679,-0.109363,,18.929001,18.050501
1508997200,264.4614555,-74.32755816,-0.26013401,,18.967699,18.0707
343291393,265.6018848,-74.07561876,0.34557199,,17.5219,16.7139
1508998796,264.6395115,-74.01946187,-0.027859,,18.167,17.3452
1508997506,264.4306659,-74.23551351,-0.37551299,,19.0762,18.253901
312028147,264.9569943,-75.19225644,0.086161502,,17.8438,17.010201
1508997597,264.423547,-74.17312835,0.089288503,,18.952999,18.0627
1508998521,264.3592153,-74.1447266,0.028441699,,18.526899,17.828699
312028195,265.04628,-75.12838267,0.228599,,17.816401,16.922501
312028746,265.2440843,-74.56934531,0.39545599,,17.991699,17.119699
312029052,265.292958,-74.27898828,0.25991699,,17.920099,17.094601
1508922037,265.495703,-74.69020675,0.335347,,18.090599,17.242001
1508998848,264.3674261,-74.05646981,0.130466,,18.1702,17.2694
1508998839,264.4149638,-74.06222628,0.108567,,18.6663,17.8253
1508918119,264.6548073,-74.85780611,0.40217599,,19.506599,18.7269
1508918201,264.6473735,-74.81627676,0.358457,,20.1854,19.3113
1508919409,264.4767392,-74.96243023,-0.18152,,19.9491,19.0711
1508919435,264.448272,-74.93583582,-0.514759,,20.378901,19.546
1508919696,264.4854462,-74.86343614,0.36557099,,18.874701,18.0292
1508919703,264.5102915,-74.85272016,0.309535,,19.6134,18.8029
1508919718,264.547064,-74.84137644,0.31570199,,19.241301,18.5168
1508923534,264.6271999,-74.63972668,0.144069,,20.249001,19.389799
1508923617,264.3230014,-74.63927881,0.325546,,19.4468,18.6616
1508919785,264.5567143,-74.78621893,0.209342,,18.789101,17.971001
1508874832,265.4143068,-75.93366601,0.102158,,18.5327,17.5049
1508924486,264.3564545,-74.5405511,0.221218,,18.5881,17.9317
1508924409,264.4643582,-74.54748353,0.110342,,20.1724,19.3916
1508924410,264.4707518,-74.54701584,0.25648901,,18.913601,18.147699
1508923165,264.5747608,-74.77327286,0.122578,,20.1595,19.277599
1508923187,264.489022,-74.74354383,-0.56564701,,19.8067,19.113001
1508923192,264.4319725,-74.75115419,0.28802899,,19.396799,18.5387
1508924415,264.495252,-74.53115194,0.0357401,,20.1803,19.366699
1508924480,264.4269233,-74.48810806,0.45044699,,18.4258,17.596701
1508924508,264.3067383,-74.52198975,0.39081299,,20.0112,19.2111
1508924509,264.3753196,-74.52381499,-0.017268701,,19.539801,18.677799
1508924582,264.3653755,-74.49348958,0.30855101,,19.9317,19.143801
1508875519,265.5905347,-75.86849311,0.11828,,19.0154,17.9793
1508923244,264.5739331,-74.69958552,-0.71632701,,20.097601,19.2745
1508923230,264.4695437,-74.71490162,0.30034199,,19.585699,18.8438
1508923262,264.4539667,-74.71505439,0.45189601,,19.9706,19.120001
1508924853,264.3471386,-74.44660066,0.654769,,19.7964,18.9175
1508874828,265.38946,-75.94551325,0.36629799,,20.3657,19.3613
1508875447,265.5248259,-75.90945689,0.194814,,19.2845,18.421
1508875536,265.5298871,-75.85526738,-0.91910702,,20.484699,19.5755
1508923466,264.4984435,-74.67319032,0.44274101,,19.778999,19.020399
1508924761,264.6861464,-74.44885813,-0.62574798,,20.483601,19.6532
1508924939,264.3679873,-74.38664881,0.57641602,,19.6709,18.8307
1508997193,264.4119889,-74.3287544,-0.026868301,,20.092699,19.207399
1508997174,264.4014125,-74.36135589,0.460796,,20.003599,19.197901
1508924404,264.4507284,-74.5674207,-0.26017499,,19.7969,19.0688
1508924468,264.419576,-74.50766271,0.484925,,19.015499,18.2283
1508875745,265.6266008,-75.81672375,0.080506504,,19.9345,19.0023
1508924721,264.4371144,-74.46503664,0.202103,,19.778799,19.007999
1508997207,264.3763941,-74.33229176,0.124486,,19.812901,18.9988
1508997208,264.3558644,-74.32253589,0.319875,,19.4342,18.5574
1508997511,264.4030634,-74.21527768,0.51527703,,19.535601,18.7022
1508997598,264.4235979,-74.17025336,-0.238428,,19.7848,18.889299
1508998580,264.4544618,-74.09819268,0.079236299,,19.9219,19.0938
1508998584,264.4598384,-74.08645018,0.51787102,,19.318199,18.5688
1508998586,264.4419068,-74.07566967,0.077969499,,19.4911,18.642401
1508924747,264.4467509,-74.42348038,0.053424601,,19.2311,18.479799
1508924740,264.5047346,-74.4342571,-0.73080099,,20.0068,19.2106
1508924806,264.5155578,-74.42397324,0.0251038,,20.143499,19.3069
1508924838,264.4535712,-74.38877468,0.24543799,,19.6824,18.808399
1508997071,264.5807047,-74.36765444,0.19329999,,20.123699,19.3647
1508997362,264.5236084,-74.27062376,-1.0268,,20.6138,19.8232
1508997390,264.723699,-74.27400871,-0.46476701,,19.899401,19.0455
1508997396,264.7147329,-74.25552076,-0.16651,,20.319099,19.4419
1508997399,264.7282571,-74.2629039,0.39748201,,18.445101,17.577101
1508997450,264.6223966,-74.23118036,-0.294067,,20.5896,19.7146
1508998394,264.5609062,-74.16907901,0.070029996,,19.5518,18.6733
1508998399,264.5410555,-74.15251854,-0.075148299,,19.7003,18.9037
1508998452,264.5956831,-74.13313389,-0.18592399,,19.6126,18.7773
1508998562,264.4663667,-74.12779111,0.310633,,19.2526,18.441
1508998706,264.6093253,-74.07301922,0.31534201,,18.710699,17.8745
1508998826,264.5509295,-74.05681778,-0.073223799,,19.7227,18.833099
1508998827,264.5418608,-74.05268375,0.421235,,19.1847,18.3228
1508998898,264.4710639,-74.00877322,0.52107501,,18.5812,17.7006
1508998893,264.4924006,-74.02869745,0.268401,,19.3848,18.5849
1508998897,264.4897609,-74.02006477,0.27522701,,19.5107,18.764601
1508998907,264.5065839,-74.00515285,0.31946,,18.7614,17.875299
1508901880,264.6064478,-75.56334436,0.234722,,19.7012,18.821899
1508901903,264.6284366,-75.53305435,0.26347899,,18.9842,18.0334
1508901962,264.6059685,-75.51549742,0.263055,,18.663601,17.8589
1508901965,264.6642011,-75.51315043,0.301211,,20.399799,19.494801
1508903130,264.5922432,-75.33714139,0.0149332,,19.146,18.3517
1508903104,264.7242173,-75.30829257,-0.207385,,19.591499,18.6768
1508903168,264.6118475,-75.32119065,0.21582399,,19.6549,18.818199
1508903381,264.6532646,-75.26049824,-0.23270001,,19.651501,18.9111
1508903475,264.6309269,-75.19480356,0.224197,,18.905399,18.024599
1508916719,264.8984634,-75.12887554,-0.065364301,,20.086901,19.184099
1508916859,264.7419421,-75.07580891,0.30300999,,19.7514,18.8451
1508916968,264.6252242,-75.03928807,-0.18478499,,20.2353,19.337
1508916952,264.6861663,-75.00978969,0.45523,,18.337999,17.5187
1508917818,264.6471787,-74.9497205,0.22717901,,18.713499,17.8929
1508917831,264.783392,-74.96947481,0.26051399,,19.468201,18.5993
1508917833,264.7657074,-74.96390446,0.161246,,19.4384,18.621099
1508918099,264.5848605,-74.87924332,0.0594404,,19.4753,18.8521
1508918121,264.6479221,-74.85516243,-0.89049101,,20.3493,19.467699
1508918193,264.5926254,-74.83124724,0.148068,,20.0424,19.232201
1508918192,264.6201634,-74.83909563,-0.36472601,,19.597401,18.7687
1508918205,264.5758251,-74.81128989,0.172924,,18.7421,17.948601
1508918210,264.6021116,-74.79949495,0.020013399,,19.792801,18.9625
1508921504,264.6007578,-74.74828239,-0.171388,,19.741501,18.9827
1508921595,265.0620387,-74.76956,0.38818601,,18.9282,18.168501
1508921883,264.6468606,-74.64272014,0.33125901,,19.716299,18.830099
1508921888,264.6620439,-74.65335718,0.19132601,,20.088301,19.264999
1508921919,265.6605444,-74.774522,0.17273299,,20.412001,19.5681
1508922813,264.6937723,-74.56054885,0.0014561201,,19.707899,18.9622
1508923070,264.7009483,-74.4853543,-0.18298601,,20.209,19.438499
1508924374,264.6226251,-74.55203283,0.341382,,19.0818,18.258699
1508924432,264.5582378,-74.52695008,0.249082,,19.354799,18.508699
1508924777,264.5940248,-74.42512247,-0.591672,,20.657301,19.8269
1508997114,264.611289,-74.3387655,-0.122357,,20.041401,19.307199
1508997359,264.5263825,-74.28129118,0.40847799,,19.871799,19.0888
1508997427,264.5982933,-74.24666049,0.37308899,,19.0784,18.2313
1508998411,264.6695754,-74.16312699,0.22113501,,18.9055,18.029499
1508998447,264.543963,-74.13486771,0.36849999,,19.5441,18.814199
1508998792,264.628656,-74.01714186,0.232899,,19.965799,19.1136
1508875768,265.4958374,-75.80283205,0.403171,,19.072901,18.097799
1508875769,265.417314,-75.8066228,-0.15611,,19.4112,18.5319
1508878382,265.4082181,-75.6913228,-0.232411,,20.2605,19.439899
1508878385,265.5006782,-75.6947808,0.50517702,,19.240499,18.321199
1508878710,265.4561733,-75.57301966,0.43018001,,18.254999,17.422701
1508879566,265.5672642,-75.45058317,0.37149301,,19.087299,18.1908
1508915933,265.4195526,-75.24185794,0.0828574,,20.132601,19.305401
1508994654,265.4450535,-74.54891816,0.26041201,,20.4354,19.5453
1509000259,265.3890874,-74.00964156,-0.430493,,20.173401,19.349199
343290510,265.4907115,-75.11187705,1.18768,,14.698,13.9357
343290543,265.3786116,-75.0775181,0.32592699,,16.068899,15.2681
343290545,265.539187,-75.07583124,0.48473901,,15.6416,14.7554
343291145,265.5303952,-74.35808389,0.53901899,,16.372999,15.494
343290511,265.5303087,-75.11157037,0.725178,,13.213,12.4978
343290141,265.4560371,-75.59418355,0.85168201,,16.636499,15.6925
343290508,265.4505925,-75.11279036,0.46274,,16.8461,15.9575
343290762,265.2751883,-74.79233707,0.53186798,,16.4268,15.5695
343290130,265.2215043,-75.61195141,0.068340503,,18.230301,17.3234
343290142,265.5466356,-75.59151126,0.25880399,,17.803301,17.063801
343290145,265.3899739,-75.58530917,0.0803767,,18.1612,17.2199
343290539,265.3767581,-75.08273957,0.329548,,17.365,16.6332
343290544,265.4688326,-75.07706084,0.343402,,16.8592,16.006001
343291032,265.6257262,-74.49102529,0.20305599,,17.369699,16.478001
343291037,265.4318146,-74.48190938,0.40724301,,17.5396,16.683701
343291142,265.3205839,-74.36295183,0.18071701,,17.447599,16.597799
343291308,265.2661107,-74.17090512,0.497664,,17.2939,16.426201
255991546,264.5138092,-74.9408527,0.793742,,13.2648,12.5351
255992135,264.5244763,-75.61696333,4.4445,,10.4781,9.8180599
255990930,264.5070969,-74.3198346,1.36164,,13.34,12.5599
255991446,264.7858704,-74.84946789,1.4134001,,12.7139,11.8377
255992289,264.5848805,-75.7668414,1.88484,,13.2774,12.3579
255992434,264.611684,-75.93327655,1.2991199,,13.8242,12.8429
255992424,264.7995145,-75.92539282,2.22155,,13.165,12.184
255990674,264.5235297,-74.06876158,0.88624901,,13.646,12.9274
255992177,264.6159746,-75.65448882,0.88281,,13.3619,12.5745
255990615,264.5228326,-74.02083655,0.20189901,,16.580999,15.8604
255990970,264.5575318,-74.36465351,0.18415301,,16.384199,15.6075
255992148,264.7388446,-75.63184523,0.19556899,,16.7822,16.156799
255992149,264.5418053,-75.63196412,0.39690399,,16.657801,15.8352
255992324,264.5598893,-75.80574675,0.199936,,17.054701,16.064301
255990746,264.5654201,-74.1351905,0.199285,,17.0618,16.231001
255990778,264.7646165,-74.17488401,0.38775301,,16.777901,15.9624
255990897,264.57605,-74.28666215,0.157298,,17.400101,16.524099
255991069,264.6171892,-74.45092453,0.15450101,,16.3626,15.8091
255991580,264.6998754,-74.98193987,1.02297,,13.7869,13.0973
255991934,264.7233099,-75.39187673,0.24500801,,15.7483,14.8316
255990954,264.5659474,-74.34945664,0.56811601,,16.2209,15.3642
255992001,264.8108456,-75.48757521,0.73955798,,15.7683,14.9014
255990933,264.7056104,-74.32116398,0.73670501,,13.9859,13.2608
255991161,264.7347355,-74.55130826,0.81471097,,14.388,13.5782
255991294,264.6067251,-74.67620287,0.816661,,14.9893,14.1715
255991891,264.4929333,-75.34252058,0.80923998,,14.2813,13.3563
255992145,264.6867341,-75.63027125,0.66795897,,14.645,13.7359
255992427,264.7695429,-75.92955738,0.75977701,,14.4183,13.5215
255990622,264.5460832,-74.02904006,0.732297,,14.3329,13.4814
255990691,264.6220991,-74.08856126,0.984501,,13.8289,13.071
255990710,264.558775,-74.10238918,0.85007,,14.5137,13.7709
255991625,264.8341071,-75.03182263,0.77395201,,15.4956,14.5895
255991874,264.6812427,-75.32273431,0.738662,,14.3246,13.5958
255990724,264.6993832,-74.11208497,0.66479099,,15.5429,14.75
255990816,264.6082545,-74.21126424,0.92722398,,14.2012,13.409
255991064,264.5192363,-74.44761031,0.50751603,,15.5775,14.8586
255991565,264.7510628,-74.96457709,0.33265099,,15.2096,14.4787
255991569,264.8284205,-74.96994678,0.71654397,,15.3748,14.4889
255991837,264.741068,-75.28339393,0.70368898,,15.6727,14.759
255991976,264.803422,-75.44761687,0.84690303,,15.7775,14.8736
255992095,264.6164016,-75.57545109,0.43961701,,16.3465,15.4412
255992320,264.4944605,-75.80402091,0.57429999,,15.5664,14.6525
255992298,264.7944893,-75.77693384,0.35600501,,15.8376,14.9501
255992299,264.8599256,-75.77738294,0.72307098,,14.8693,13.8764
255992300,264.615621,-75.77789422,0.58514899,,15.7267,14.7557
255992294,264.7750595,-75.77378548,0.56894499,,15.7582,14.7568
255990625,264.8685979,-74.03082308,0.767883,,14.4699,13.6814
255990794,264.7278831,-74.19161095,0.54887497,,14.8687,14.0157
255991307,264.514556,-74.68637749,0.67302698,,15.8268,14.9411
255991503,264.6606138,-74.90724777,0.85060501,,14.3142,13.5398
255991801,264.4928763,-75.24234285,0.541457,,16.199301,15.2922
255991876,264.4815844,-75.32327118,0.424761,,16.3253,15.4031
255991906,264.8045327,-75.35624015,0.79624403,,15.5459,14.6542
343289940,265.3214001,-75.87141874,0.52268201,,15.9911,14.9863
255990848,264.8028662,-74.2428263,0.54102498,,15.4364,14.6824
255991774,264.584978,-75.21593686,0.68363303,,15.0376,14.1401
255992147,264.702065,-75.63106705,0.58509898,,16.1094,15.2153
255992167,264.7698305,-75.64676068,0.36119401,,16.444201,15.4689
255991448,264.6338153,-74.85406626,0.35632899,,17.440001,16.6672
255991892,264.7882142,-75.34279085,0.25827199,,16.9384,16.0077
255991946,264.8338292,-75.41006868,0.31857401,,17.237499,16.370399
255990626,264.7206317,-74.03440889,0.338985,,16.829599,16.0651
255991684,264.6453969,-75.10814414,0.52915698,,16.7435,15.8374
255992037,264.5610765,-75.51963911,0.19652399,,16.157301,15.4466
255992118,264.5973079,-75.59294163,0.538333,,16.728901,15.7879
255991775,264.5695199,-75.2161789,0.50418001,,15.4252,14.7032
255992423,264.7997538,-75.9234649,0.187958,,16.4153,15.8805
255991189,264.5677462,-74.57820941,0.82555097,,14.4189,13.5807
255991256,264.6952371,-74.64365111,0.44498101,,16.341299,15.4649
255991323,264.5552912,-74.70481672,0.48259601,,15.9046,15.0279
255990957,264.7981215,-74.35060574,0.49792999,,16.654499,15.8001
255991914,264.7405324,-75.36519544,0.220854,,16.949499,16.200701
255991898,264.8237728,-75.34925575,0.224097,,17.6978,16.781401
255992292,264.8239907,-75.77135102,0.231416,,17.7689,16.799101
255990613,264.6517908,-74.01920617,0.35326999,,17.386499,16.496201
255991422,264.5807506,-74.82377512,0.37799999,,17.164301,16.2763
255991497,264.8088301,-74.90224876,0.267407,,17.2111,16.3321
255992180,264.7529161,-75.65918232,0.290528,,17.5126,16.692699
255991451,264.6408908,-74.85674623,0.31523699,,17.142,16.2666
255991681,264.7116916,-75.10509666,0.067662098,,17.1182,16.369301
255992121,264.4510615,-75.59593339,0.206278,,18.337099,17.5096
255991902,264.5513999,-75.35405375,0.324604,,18.4657,17.577801
255991487,264.4848404,-74.88424932,0.32043001,,16.768101,15.9109
255992326,264.4767936,-75.80699199,0.32466501,,17.247101,16.2542
255990760,264.6225452,-74.15130574,0.39442,,17.124001,16.2286
255991727,264.5945855,-75.16133384,0.272075,,16.766399,15.8577
255991180,264.4888631,-74.57288405,0.15459999,,18.1168,17.229401
255991329,264.6954689,-74.71158869,0.223821,,17.6917,16.801901
255991492,264.794813,-74.89011786,0.27609,,17.6054,16.706499
255991744,264.8979217,-75.1820771,0.15278,,18.2726,17.3948
255991895,264.6610714,-75.34758785,0.224104,,17.700399,16.7827
255992096,264.538113,-75.57584079,0.210655,,17.9415,17.0483
255990740,264.7438018,-74.13085651,0.19587,,17.5242,16.6467
255991046,264.5840673,-74.4342902,0.235392,,17.127899,16.427999
255991264,264.4224413,-74.64940736,0.259298,,18.410101,17.533701
255991665,264.4312636,-75.07859075,0.25437501,,17.8132,16.927601
255992164,264.5016694,-75.64476507,0.59248602,,17.2507,16.290899
255990636,264.8520097,-74.04470187,0.0106992,,17.8295,16.976101
255990812,264.494098,-74.20789435,0.28444499,,17.964199,17.1199
255990939,264.8088697,-74.33267144,0.155736,,18.2066,17.3783
255991036,264.6952,-74.42746173,0.404311,,17.9119,17.036301
255991351,264.7970399,-74.7370719,0.187057,,17.7652,17.024099
255991494,264.8714436,-74.89706619,0.36787999,,17.5816,16.696899
255991529,264.701861,-74.92689977,0.244333,,17.7229,16.881001
255991836,264.8039902,-75.28291964,0.0304095,,18.150801,17.263599
255991980,264.6543721,-75.45560848,0.130263,,17.962,17.037001
255991948,264.5821531,-75.41460667,0.43979001,,17.8027,16.866899
255992091,264.8395293,-75.57097018,0.14422201,,17.6415,16.792299
255992219,264.5456501,-75.69990508,0.19686501,,18.0973,17.139
255990666,264.6926373,-74.06247557,-0.0012817,,17.994801,17.191299
255991266,264.7655779,-74.64994141,0.430915,,17.6334,16.7992
255991305,264.6970722,-74.68625695,0.312976,,17.728399,16.8575
255991434,264.9176642,-74.83802784,0.099692702,,17.911501,17.0641
255991916,264.5880549,-75.366047,0.119364,,17.6336,16.7321
255992114,264.5047479,-75.58981595,0.23586001,,17.842899,16.910601
255990931,264.4980528,-74.3208941,0.37482399,,17.4569,16.6264
255990929,264.7551793,-74.3186552,0.30241701,,17.793301,16.919001
255992325,264.584181,-75.80681296,0.298098,,16.978201,16.175501
255990741,264.7365177,-74.13099875,0.262528,,17.9146,17.046301
255991291,264.786067,-74.67058707,0.21948799,,17.3083,16.4291
255990641,264.7904482,-74.0461738,0.287045,,17.9879,17.2216
255991564,264.7605715,-74.96361926,0.35967401,,18.1703,17.27
255991743,264.7005185,-75.18178516,0.31560799,,17.827299,16.941999
255991091,264.621909,-74.47682334,0.1804,,17.572201,16.697001
255992071,264.4795412,-75.55349969,0.295858,,17.575701,16.665701
255992245,264.7531685,-75.72829455,0.226662,,18.059601,17.1068
255992321,264.7181121,-75.80515335,0.0607628,,18.2139,17.221701
255991908,264.6898576,-75.35726004,0.24970201,,18.259399,17.3545
1508875239,265.9528049,-75.8898843,0.0240198,,19.275499,18.266399
1508875233,266.0205581,-75.9100548,0.30638501,,18.831699,17.8102
1508875307,266.0037239,-75.83477696,0.182991,,19.0319,17.998199
1508877900,265.9785507,-75.73481107,0.0276467,,18.7987,17.955999
1508878941,266.0338165,-75.62474864,0.13833,,18.598101,17.722601
1508878971,266.0435465,-75.58818918,0.27026501,,18.357901,17.4025
1508879013,266.0879326,-75.57975252,-0.0256807,,18.3433,17.536501
1508879032,266.1173036,-75.54556591,0.112352,,19.0109,18.0919
1508879214,266.1195279,-75.52190523,0.217195,,18.2778,17.365999
1508879241,266.0877197,-75.50680792,0.0644098,,18.262199,17.4333
1508890645,265.9312195,-75.3999834,0.19882201,,18.1003,17.2108
255992085,264.860516,-75.56659734,0.56637597,,18.0928,17.1549
1508877835,265.9608319,-75.79382524,-0.47007501,,20.134701,19.34
1508877839,266.0766489,-75.77987919,0.286055,,19.129801,18.267599
1508877902,265.9627717,-75.72859944,-0.15265,,20.0439,19.114599
1508878160,265.975599,-75.6614927,0.105122,,19.933201,19.063299
1508878164,266.0303396,-75.65003775,0.33557999,,19.038,18.089199
1508878944,265.995789,-75.60396063,-0.40721399,,20.3008,19.378201
1508878965,266.0611321,-75.59171268,0.69327903,,19.8295,18.8619
1508878966,266.0230773,-75.58394798,0.336597,,19.434099,18.5804
1508879031,266.1341993,-75.55166974,0.247694,,19.865101,19.047501
1508879236,266.037446,-75.49757475,0.23157001,,20.3064,19.474199
1508879580,265.9737928,-75.50767763,-0.28972399,,20.1966,19.2577
1508879581,265.9905759,-75.5110786,0.48224899,,20.199301,19.252899
1508879654,265.9673335,-75.45249995,0.185054,,19.4,18.614201
343290819,265.6443129,-74.74548227,0.98856997,,14.5058,13.6383
343290194,265.5391753,-75.52633353,0.76087397,,15.1263,14.194
343290290,265.528286,-75.38262475,0.61223,,16.063299,15.1658
343290439,265.5049404,-75.19466125,1.00755,,15.4585,14.5766
343291181,265.3467162,-74.31401184,0.95808202,,14.1331,13.3901
343290469,265.3578067,-75.16536017,0.51068002,,16.623199,15.703
343290921,265.3387706,-74.63821633,0.45339301,,15.7025,14.9066
343290311,265.4430862,-75.36195333,0.17870399,,17.7686,16.881001
343290557,265.3152876,-75.06559338,0.53214401,,17.6175,16.7115
343290817,265.4413889,-74.74680336,0.055989102,,17.5972,16.6992
343290881,265.3305859,-74.67589103,0.51687002,,17.2026,16.438101
343291180,265.5779611,-74.31452715,0.215409,,17.466101,16.625401
343290438,265.5543398,-75.19493168,0.27498001,,17.828699,16.931499
1508903047,264.9094253,-75.38461219,-0.054826699,,18.9914,18.224199
1508916483,264.7624106,-75.18866296,0.0056894198,,19.088301,18.168699
1508916644,264.7013016,-75.13456992,0.18972,,18.649799,17.767099
1508875438,265.5569453,-75.92716293,0.105063,,18.3689,17.4123
1508878687,265.6804241,-75.57109676,0.16294201,,18.7707,17.9179
1508892269,265.7052993,-75.04190459,0.0202551,,18.8888,17.973
1508895390,265.6798415,-74.92018373,0.227294,,18.567301,17.691
1508996073,265.681152,-74.26182138,0.078245699,,18.4942,17.684401
343289907,265.5174126,-75.91791822,-0.090222597,,17.889099,16.882799
1508903094,264.7374138,-75.33037595,-0.062215801,,19.5056,18.722
1508903364,264.7417752,-75.22117785,0.33496499,,19.7885,18.8878
1508916576,264.6898139,-75.18641359,0.39686799,,19.798201,18.990801
1508916490,264.804639,-75.1849748,0.44054201,,19.476801,18.585501
1508875440,265.5879572,-75.91604539,0.110823,,19.462601,18.4326
1508878347,265.6324346,-75.70780237,0.039586298,,19.8964,18.92
1508878348,265.6555281,-75.7068503,-0.098652802,,19.9685,19.0264
1508878595,265.5722033,-75.63223611,0.49898601,,18.9958,18.075199
1508895687,265.6964274,-74.79715476,0.177435,,18.1861,17.571899
1508994502,265.7019928,-74.5537526,-1.83468,,21.0383,20.1574
1508995753,265.7171722,-74.38340535,-0.12679701,,20.2759,19.4769
312028981,265.1447615,-74.34135184,0.148434,,16.4191,16.001801
255990659,264.6398456,-74.05889098,0.290131,,16.6495,15.7547
255990944,264.6973926,-74.33836868,0.32049599,,16.897301,16.026501
255991464,264.867481,-74.87059942,0.34897399,,16.8606,16.009501
255991992,264.7660125,-75.47201959,0.50961399,,17.139099,16.206499
255992410,264.6193129,-75.90779465,0.371874,,17.4594,16.4571
255992312,264.6222902,-75.79518162,0.74462497,,14.8245,13.8742
255990768,264.7633145,-74.16144438,0.42148,,16.5091,15.6397
255990647,264.6152985,-74.05134527,0.28485999,,16.463699,15.5722
255990658,264.72669,-74.05812801,0.59423298,,16.201401,15.3174
255990965,264.5164679,-74.35906669,0.51311898,,16.224001,15.3311
255991309,264.6351497,-74.68699652,0.46543801,,16.756701,15.8884
255991511,264.8186245,-74.91454955,0.46220499,,16.1322,15.2703
255991532,264.6284415,-74.93007297,0.45740899,,16.489201,15.5924
312029023,265.2577918,-74.30756129,0.284767,,16.419201,15.534
255990943,264.7411693,-74.3377611,0.67347699,,14.7103,13.9282
255990996,264.6460963,-74.38855758,0.51325101,,15.9731,15.1059
255991645,264.7865708,-75.05238152,0.978423,,14.466,13.6086
312028654,265.213455,-74.66060462,0.99927801,,13.9859,13.1639
312028813,265.0248377,-74.49893315,1.37019,,14.0655,13.2422
312028838,265.0600685,-74.48258197,1.07792,,14.629,13.7784
255990997,264.8095533,-74.38890793,0.624731,,15.654,14.7686
255991141,264.566013,-74.52283108,0.410622,,15.2601,14.4997
255991194,264.5593672,-74.5807502,0.57677698,,15.3295,14.4739
255991340,264.5267363,-74.72631407,0.76691699,,15.4369,14.6882
255991691,264.7017364,-75.12064272,0.47944701,,16.119101,15.2215
255991751,264.7329757,-75.18992055,0.53655303,,15.7107,14.8201
255991957,264.8410992,-75.42444778,0.71050203,,15.5579,14.6574
255992006,264.5993938,-75.49144089,0.64803201,,14.9767,14.1345
255992100,264.6935271,-75.57909954,1.31352,,13.9678,13.0976
255992313,264.7127432,-75.79543627,0.60875303,,15.5826,14.5823
312028834,264.8779893,-74.48418828,0.77580798,,15.2893,14.4374
312029231,265.0310362,-74.10812939,0.64301199,,15.4079,14.5459
312029294,265.2282963,-74.05689514,0.73644,,15.5846,14.6962
255991099,264.8170934,-74.48079015,0.94518602,,13.1969,12.3467
255991170,264.7261834,-74.55874303,1.2776,,13.2831,12.4951
255991736,264.8079382,-75.17290764,1.97561,,12.8291,12.071
255991390,264.7723106,-74.77902157,0.78487498,,16.180401,15.3126
255991643,264.6607466,-75.05132109,0.32520899,,16.630501,15.7923
255991735,264.672887,-75.1727781,0.305731,,16.971001,16.0982
312029230,264.9837562,-74.10889157,0.220337,,16.483,15.636
255991989,264.7510727,-75.46610678,0.34962699,,17.0361,16.166
255992376,264.5650089,-75.87111935,0.17848399,,16.733299,15.8616
255991092,264.4815074,-74.47760741,0.249715,,16.688601,15.8366
255990880,264.8137404,-74.26649273,0.70716399,,14.779,14.0853
255990883,264.813069,-74.27024423,0.50250399,,16.0865,15.212
312028978,264.9082657,-74.34603106,0.58920503,,15.3655,14.5293
255991288,264.8208187,-74.66905522,0.56769103,,16.548,15.6942
255991394,264.6647834,-74.78300174,0.398671,,16.1085,15.2447
255991765,264.7459761,-75.20714463,0.56941199,,16.354,15.4562
255992110,264.8046397,-75.58900807,0.40235001,,16.4678,15.5598
255992446,264.7843609,-75.94767425,0.551835,,16.5275,15.5204
312028977,264.8911195,-74.34667987,0.46733701,,17.331499,16.454
312029075,264.9088017,-74.25398472,0.210454,,17.139099,16.3225
255990949,264.6654397,-74.34440554,0.26628599,,17.239799,16.372
312028749,265.0887017,-74.56735527,0.36272699,,17.328199,16.510201
312028832,264.9701269,-74.48489434,0.37033701,,17.6737,16.7768
312029289,265.0958523,-74.06124398,0.151797,,17.134001,16.249399
255991096,264.7003856,-74.47877666,0.35635999,,17.1975,16.3015
255990808,264.8360884,-74.2046326,0.338855,,17.9168,17.081699
255990911,264.87787,-74.29778596,-0.093005799,,18.174999,17.314199
255990912,264.5450178,-74.29891896,0.39948499,,17.437401,16.543301
255991101,264.790895,-74.48432718,0.35455999,,17.596701,16.764299
255991213,264.7982656,-74.60016001,0.255436,,17.9499,17.056299
255991276,264.4989827,-74.65837467,0.177909,,18.2442,17.3542
255991278,264.746342,-74.66281113,0.35887501,,17.83,16.9545
255991282,264.842424,-74.66461055,0.30315301,,17.705601,16.823799
255991534,264.7562526,-74.93134126,0.414038,,18.084801,17.196501
255991712,264.83595,-75.14534869,0.310949,,18.132999,17.2255
255991732,264.6876506,-75.16809458,0.14350601,,18.011,17.102699
255991740,264.5407933,-75.17922859,0.130303,,17.4715,16.6369
255991939,264.5245464,-75.39863213,0.22079,,17.797701,16.859699
255991955,264.7565793,-75.42171089,0.25435501,,17.3328,16.4102
255991985,264.736613,-75.46309504,0.289114,,17.507401,16.5748
255992010,264.7485928,-75.49368476,0.36333901,,17.4541,16.518
255992011,264.8245102,-75.49452324,0.26258999,,17.7082,16.885799
255992044,264.8407143,-75.52993731,0.25632101,,17.933201,17.009899
255992045,264.863094,-75.53052982,0.31769401,,17.772301,16.930201
255992106,264.6306254,-75.58695389,-0.060381301,,18.1262,17.238701
255992275,264.7297591,-75.75581314,0.110952,,17.928699,16.9529
255992310,264.7477557,-75.79474987,0.39287701,,18.221399,17.2423
255992336,264.5593845,-75.82997427,0.49265501,,17.379,16.3773
255992381,264.4981116,-75.87663403,0.289242,,17.9485,16.948601
312028574,264.912886,-74.74180137,0.17454299,,17.5156,16.664801
312028602,265.1726874,-74.70879068,0.35533801,,18.0137,17.181
312028655,264.9817103,-74.66049147,0.156238,,17.872999,16.9825
312028795,265.0098069,-74.51761876,0.105315,,17.616301,16.8274
312028942,265.0000904,-74.37336039,0.34389201,,17.8314,16.982401
312029220,265.0579981,-74.11399785,0.32961699,,17.8332,17.034401
312029256,264.8777292,-74.09047387,0.380339,,18.245501,17.380301
255991284,264.8374541,-74.66571211,0.24170201,,17.7073,16.8384
255991356,264.7469556,-74.74064388,0.065452598,,17.2197,16.382299
255991738,264.8015046,-75.17634682,0.409067,,17.202,16.2789
255992411,264.608609,-75.90798783,0.28425199,,18.016001,17.007099
255992448,264.7596685,-75.94910422,0.21719,,17.7743,16.7691
312028924,265.2373004,-74.38783699,0.416729,,17.375299,16.532
255990633,264.7052868,-74.04117611,0.022769,,17.735701,16.896099
255992030,264.7287027,-75.5138511,0.145524,,17.594999,16.818501
312029027,265.0710176,-74.30475874,0.343934,,17.8647,16.995899
255991533,264.7362202,-74.93075276,0.18992101,,18.107401,17.215599
255992409,264.6436032,-75.9063999,0.293062,,18.227301,17.274799
312029166,264.8995032,-74.17212571,0.018707899,,17.7563,16.9058
255992445,264.5123576,-75.94718994,0.40194401,,18.128099,17.1488
1508922363,265.4865804,-74.56646638,0.18921299,,18.517799,17.6511
1508994636,265.4924012,-74.48335166,0.25993401,,18.448299,17.613899
1508994645,265.5250046,-74.47352647,0.065297298,,18.329,17.4498
1508994940,265.5872884,-74.405145,0.161679,,18.083799,17.270399
1508995957,265.5239456,-74.30961578,0.199039,,18.1812,17.371599
1508995959,265.5228967,-74.30786679,-0.124018,,18.634701,17.805
1508996209,265.5054923,-74.26649759,0.0863984,,18.3953,17.517
1508996239,265.4499376,-74.22054417,-0.038666099,,19.0697,18.204
1508999846,265.4559674,-74.15730078,-0.035718199,,18.0156,17.185301
1508999835,265.5635739,-74.1826758,0.158407,,18.0784,17.226
1508999841,265.53998,-74.16284388,0.52253699,,16.5937,15.7789
1509000145,265.5012626,-74.0790533,0.106566,,18.1782,17.305799
1509000170,265.5859014,-74.05563414,0.215149,,18.434,17.622
1509000187,265.3969398,-74.04943614,0.207155,,17.9459,17.085501
1508922361,265.5177487,-74.58030941,0.39797699,,18.3305,17.480499
1508922365,265.394265,-74.64181609,-0.734465,,20.6406,19.785
1508994850,265.4970976,-74.46160644,0.045176301,,19.1252,18.3806
1508994866,265.5874495,-74.44547648,0.55336303,,19.709801,18.824499
1508994943,265.5551891,-74.3997676,-0.23009001,,20.558599,19.7078
1508995806,265.7300052,-74.35291654,-0.38295901,,20.5564,19.7383
1508995956,265.5256065,-74.312234,0.25023299,,19.038799,18.2316
1508996094,265.6693421,-74.27736967,-0.59346002,,20.7024,19.8265
1508996186,265.6474912,-74.21740549,0.226842,,19.834801,18.990299
1508996210,265.4896927,-74.26218632,-0.56441098,,18.989,18.4797
1508996211,265.5402616,-74.26602265,0.31768399,,19.3741,18.5245
1508996218,265.4388588,-74.25427329,-0.051385,,19.7481,18.880199
1508996222,265.4685514,-74.2553012,-0.61506498,,19.823299,19.1054
1508996321,265.4867685,-74.18184699,-0.42961401,,20.435101,19.5944
1508999843,265.4609013,-74.16081579,0.409688,,19.2124,18.370701
1508999864,265.5054201,-74.15167881,0.486747,,18.747,17.9431
1509000225,265.5345044,-74.01430605,0.28550601,,18.8246,17.9394
1509000237,265.5947274,-74.00632887,-1.66383,,20.605499,19.794901
1508898300,264.8544541,-75.68313872,0.154535,,19.528099,18.5676
1508898739,264.7297158,-75.61445016,-0.353585,,20.723301,19.761801
1508898741,264.7296255,-75.61084841,0.54561901,,19.5721,18.699699
1508901857,264.7796321,-75.56689897,-0.23215801,,19.905399,19.048599
1508901941,264.746743,-75.51252169,0.114185,,19.017401,18.250401
1508902133,264.7924087,-75.50907257,0.10399,,18.9967,18.1763
1508902994,264.8771517,-75.39927021,0.0093073696,,19.649,18.782499
1508902998,264.891686,-75.39263119,-0.056177001,,19.686701,18.947399
1508903058,264.8041913,-75.35852666,0.097644702,,19.371799,18.478399
1508903062,264.801201,-75.34640944,-0.34779701,,20.197599,19.445801
1508903278,264.7856567,-75.29064587,0.138758,,20.091299,19.2964
1508903284,264.6872772,-75.28965161,0.42725,,19.6766,18.8283
1508903341,264.8222983,-75.26561267,0.321823,,19.878201,18.946199
1508916544,264.8090266,-75.14967389,-0.43774,,19.669901,18.8001
1508916547,264.8386463,-75.16053314,-0.15144201,,20.1591,19.295401
1508916758,264.8348294,-75.09764404,0.42409801,,18.390499,17.4806
1508916770,264.8030712,-75.09448955,0.35716,,18.618401,17.726601
1508916813,264.865494,-75.06218886,-0.17538799,,19.889099,19.0944
1508916814,264.8380038,-75.05722119,-0.049561098,,20.205299,19.3888
1508917762,264.7328401,-75.00632431,0.58075303,,19.4596,18.5793
1508918064,264.728838,-74.90300778,0.158878,,20.084101,19.187901
1508918035,264.9504296,-74.87152272,-0.20475,,20.0494,19.17
1508918161,264.8272497,-74.85290306,0.0306211,,19.722099,19.036301
1508921325,264.8786497,-74.80595935,0.60176003,,19.0338,18.1702
1508921393,264.9139929,-74.78166857,-0.119892,,19.9725,19.1418
1508921433,264.7540172,-74.81134711,-0.354592,,19.698999,18.9545
1508921813,264.7011898,-74.69365468,-0.032161001,,19.723499,18.946199
1508921862,264.7881479,-74.65236969,0.062808096,,19.1525,18.4662
1508922726,264.7430359,-74.61437194,0.173158,,19.8696,19.1873
1508922706,264.9028576,-74.6241917,0.224655,,19.535801,18.7222
1508922801,264.7838081,-74.57688688,0.409758,,18.487801,17.6329
1508922804,264.7657521,-74.56512638,0.220255,,20.026899,19.2283
1508922781,264.823553,-74.57133925,-0.365352,,20.400101,19.617001
1508922799,264.8131039,-74.54642317,0.242209,,19.8092,19.0987
1508923029,264.8269103,-74.52357467,0.24045999,,19.170601,18.544001
1508995317,264.721568,-74.41192767,0.21268301,,19.1984,18.316401
1508995387,264.8231729,-74.38004237,0.61709601,,20.0916,19.2017
1508995712,264.8245435,-74.25510135,0.135645,,19.0399,18.2495
1508996664,264.9048262,-74.1843449,0.046887599,,20.026899,19.205099
1508996985,264.894591,-74.06930691,-0.044850599,,19.7621,18.909
1508998646,264.7490202,-74.1028372,0.28658199,,19.653,18.883801
1509002303,264.7875475,-74.00645628,0.127279,,18.377199,17.808599
1509002312,264.7540656,-74.0070356,0.49629399,,18.9678,18.1094
1508898732,264.7197885,-75.62402214,-0.130981,,19.162901,18.2738
1508901834,264.8292462,-75.6020765,0.0126959,,18.8197,17.920799
1508902157,264.7158704,-75.49035626,0.0397035,,18.568899,17.634899
1508902210,264.7963307,-75.43391786,0.209877,,18.154699,17.2132
1508916471,264.8282313,-75.21982107,0.39910901,,18.4231,17.4967
1508916496,264.7297769,-75.1778546,0.106657,,19.1178,18.193001
1508916566,264.7600907,-75.12649928,0.099347003,,18.361799,17.547899
1508916553,264.8294549,-75.14291487,-0.067647897,,18.601999,17.674299
1508916555,264.8078158,-75.14675726,0.0235784,,18.998199,18.095301
1508917742,264.8691543,-74.96157883,0.0059431898,,18.4918,17.7138
1508917963,264.8906756,-74.90677776,0.36225301,,18.2717,17.383301
1508921392,264.8897537,-74.79423557,0.80559599,,15.6003,14.7044
1508921442,264.7879484,-74.79266101,0.111608,,18.4627,17.577801
1508921452,264.7399349,-74.78532261,0.049506601,,18.958401,18.112301
1508921542,264.7313317,-74.73878652,-0.0139065,,18.9771,18.160801
1508921853,264.8422265,-74.66113176,0.018350599,,18.978001,18.111601
1508922780,264.8393046,-74.57719643,-0.230436,,19.192101,18.4405
1508923101,264.8446246,-74.4722839,0.0194824,,18.3304,17.5623
1508995423,265.1778595,-74.39405902,0.055421401,,18.7279,17.847799
1508996550,264.8850886,-74.24718603,0.082657598,,18.6987,17.876101
1508996660,264.8100226,-74.17311144,0.185917,,18.577101,17.733101
1508998723,264.7300251,-74.07160124,0.064144798,,18.650801,17.785101
1509002279,264.7898023,-74.04119775,0.0051561501,,18.680401,17.8652
311961716,264.4261353,-75.64031144,0.28395501,,16.675501,15.9298
311962307,264.2830195,-74.80961909,0.32677099,,16.782,15.9144
311961666,264.3738224,-75.6998238,0.62411499,,15.1866,14.3904
311962306,264.2321896,-74.81027694,0.56457198,,15.0942,14.1999
343291232,265.3010101,-74.25911399,0.82375503,,14.3892,13.5986
311961926,264.4074003,-75.32994809,0.529643,,16.1388,15.2732
311962337,264.3482724,-74.7821535,0.450183,,16.386,15.5759
311961690,264.3150228,-75.66296296,0.930246,,16.047001,15.1769
311961479,264.2356601,-75.93182324,0.23533399,,16.4051,15.4592
311961585,264.2182113,-75.78286028,0.66642499,,15.4122,14.4861
311961752,264.3744139,-75.57726959,0.29049,,15.9442,15.0247
311961836,264.4155598,-75.45137146,0.685166,,14.2493,13.4573
311962370,264.244264,-74.73567318,0.55149299,,15.6552,14.8103
311962723,264.3756391,-74.28842781,0.516846,,16.458799,15.6331
343290572,265.3023556,-75.05565766,0.461669,,15.2614,14.382
255991830,264.518866,-75.27711635,3.3311999,,11.9865,11.1166
255990922,264.6839697,-74.312932,1.27048,,13.1426,12.5162
255991226,264.6062587,-74.61020254,1.03073,,13.2306,12.45
255991408,264.5815025,-74.80459896,0.70421302,,13.5607,12.8097
255992464,264.5232061,-75.97524027,1.93953,,13.0207,12.1991
255991319,264.8058101,-74.70073681,0.19637901,,17.3361,16.5222
255991811,264.6496985,-75.25226851,0.204017,,16.499901,15.7806
255992078,264.8392655,-75.55973948,0.33846101,,16.7672,15.8245
255992226,264.7682258,-75.71214704,0.351942,,17.2444,16.319201
255992444,264.7283495,-75.94630185,0.95125997,,14.2916,13.3639
255991174,264.6846975,-74.56196088,0.960877,,14.7302,13.8651
255990682,264.7049792,-74.07521224,0.66877598,,16.036501,15.1671
255990684,264.728765,-74.0768901,0.83132201,,14.1909,13.394
255990719,264.7404661,-74.10885613,0.33595899,,15.7445,14.9432
255991129,264.4806457,-74.51518494,0.60186303,,14.6052,13.8342
255991179,264.8477612,-74.57245732,0.453233,,15.7173,14.9054
255991372,264.6575023,-74.75512926,0.79208797,,14.1244,13.3484
311961867,264.383507,-75.39171175,1.63536,,11.56,10.7912
311961865,264.3442179,-75.39425479,1.65004,,12.4247,11.7649
255991431,264.533544,-74.83485489,0.51918,,14.1816,13.4596
255991851,264.8178162,-75.3006925,0.81999898,,15.081,14.1827
255992206,264.8255783,-75.68216155,1.3609101,,13.9296,13.0134
255992227,264.5525348,-75.71249276,0.77901798,,15.655,14.7526
255992317,264.5859761,-75.7964022,1.40058,,14.1936,13.3054
255991827,264.5372642,-75.27495772,2.1568501,,11.8159,11.0993
311962656,264.3301688,-74.38723419,1.0657901,,13.2239,12.4517
255992319,264.5851346,-75.80170419,0.32241699,,16.162001,15.1931
255990776,264.7670294,-74.16841625,0.40248299,,16.6591,15.8269
255991776,264.5729739,-75.21688445,0.43291599,,15.5246,14.6446
255990715,264.698269,-74.10734426,0.22541,,16.809799,15.9978
255991225,264.5802835,-74.60954174,0.194775,,16.807699,15.9269
255991558,264.8100199,-74.95999162,0.67380702,,16.551701,15.6459
255992020,264.5284131,-75.50111083,0.276061,,17.7362,16.9093
255992443,264.7264792,-75.94516105,1.0245301,,15.6199,14.5894
255992230,264.7033397,-75.71376202,0.48731101,,16.6747,15.7982
255991853,264.8514526,-75.30214232,-0.0088653201,,17.485201,16.8064
255991373,264.6174262,-74.75911421,0.0477283,,18.073799,17.197001
255990600,264.7431578,-74.01053439,0.33436999,,16.938801,16.0488
255990833,264.6732705,-74.23307971,0.366099,,16.962099,16.0797
255990919,264.8075886,-74.30839696,0.350831,,18.1189,17.2251
255991376,264.4982009,-74.76292347,0.118908,,17.6847,16.8589
255991401,264.5807277,-74.79651901,0.0307694,,17.715799,17.2122
255991429,264.6534475,-74.83073373,0.155183,,18.1483,17.289499
311962126,264.4350132,-75.03504763,0.69556397,,15.1737,14.3561
311962039,264.2998957,-75.1645645,0.424431,,16.499201,15.6922
255991596,264.5579203,-75.00408487,0.109312,,17.6411,16.881599
255991808,264.6610767,-75.25107293,0.172649,,17.9949,17.0646
255991829,264.8470929,-75.27628851,0.33083799,,17.4347,16.5833
255992231,264.570405,-75.71369986,0.36664799,,17.620399,16.722799
343290634,265.402805,-74.97863715,0.25977999,,17.0508,16.1688
343291365,265.4278618,-74.10351246,0.38998401,,16.698999,15.8264
343290655,265.6025893,-74.9558629,0.28678101,,17.3585,16.491501
343291371,265.5246921,-74.09736482,0.27108899,,17.108101,16.239799
255990605,264.8694642,-74.01263158,0.119747,,17.468,16.652
255990839,264.8021902,-74.23868486,0.31424099,,17.115801,16.2992
311962119,264.2988355,-75.04175442,0.648525,,15.3286,14.4579
311962128,264.4316492,-75.03119277,0.74946201,,14.6006,13.8739
255992439,264.8294721,-75.93903889,0.39516601,,17.659,16.670799
255990602,264.7356936,-74.0114852,0.0088825803,,17.1626,16.694
255991855,264.8283321,-75.3033641,0.33002901,,17.766001,16.8305
311962262,264.4536724,-74.87911639,0.40284899,,16.316999,15.4559
311962721,264.2856599,-74.29411666,0.12226,,15.8558,15.1649
255991296,264.6142707,-74.67659749,0.153393,,17.873301,16.9965
311961580,264.4464474,-75.79231512,0.38809201,,17.378201,16.396
311961718,264.3185864,-75.63362467,0.34461701,,17.313801,16.3827
311962221,264.3756937,-74.92397806,0.040746301,,18.415501,17.621
343290639,265.5379451,-74.9762221,0.36080301,,17.514099,16.5951
343290772,265.4633901,-74.78225503,0.24322701,,17.3412,16.5648
311961478,264.2632428,-75.93437708,0.31431299,,16.810101,15.8367
255992053,264.8800937,-75.53571537,0.40853101,,18.566099,17.633301
311962545,264.393356,-74.52029969,0.35952401,,16.7929,15.9472
311962519,264.4522006,-74.55231688,0.52144599,,16.7241,15.8475
311961584,264.2791492,-75.78760815,0.231876,,18.055201,17.084
311961626,264.0247411,-75.74082198,0.501459,,18.084801,17.137199
311961636,264.3292923,-75.72986657,0.090391301,,17.557699,16.8755
311961654,264.2402621,-75.71713086,0.26355001,,17.689301,16.8311
311961664,264.4825482,-75.70103576,0.14152101,,18.2563,17.3617
311961668,264.3200135,-75.69467007,0.326473,,17.483999,16.5809
311961670,264.4506708,-75.69403056,0.33183199,,17.593599,16.6633
311961715,264.1963224,-75.64057364,0.25016299,,18.332199,17.386999
311961813,264.2339757,-75.48645974,0.26548299,,17.6187,16.8696
311961888,264.1024533,-75.36847946,0.043234799,,18.133301,17.2883
311961889,264.4473774,-75.36708693,0.32404801,,17.651899,16.741199
311962258,264.312702,-74.88100718,0.0799881,,18.0653,17.177401
311962248,264.2897857,-74.88881836,0.28256899,,17.650499,16.7939
311962360,264.4554295,-74.75214853,0.213764,,18.090799,17.262199
311962457,264.3258485,-74.63970291,0.160079,,17.8148,16.940201
311962543,264.1131422,-74.52281742,0.14278699,,17.931801,17.0735
311962675,264.2471093,-74.35984154,0.222432,,18.135201,17.247999
343290408,265.6328385,-75.24370501,0.184765,,17.573,16.671499
343290410,265.5174116,-75.23846079,0.340276,,17.4869,16.631399
343291187,265.5460269,-74.3062837,0.32083899,,17.558701,16.7593
311961496,264.3234303,-75.90433487,0.35234201,,17.582899,16.6026
311961545,264.2940485,-75.84825865,0.558447,,17.679001,16.7057
311961628,264.4325438,-75.73935829,0.41747999,,17.8246,16.9627
311961776,264.2208593,-75.54453747,0.49832299,,17.759199,16.807199
311961831,264.1833834,-75.45471999,0.091369003,,17.7472,16.9671
311961840,264.3384705,-75.44497965,0.136747,,17.406799,16.504999
311962375,264.2075005,-74.72968932,0.277641,,17.496599,16.606501
311962455,264.4205724,-74.64165518,0.26013801,,17.2785,16.4039
311962546,264.3808709,-74.51980668,0.31811699,,17.613899,16.824499
311962615,264.3607216,-74.43029428,0.143448,,17.7733,16.895399
311962640,264.4084005,-74.40573833,0.18728,,17.593901,16.714199
311962728,264.1729122,-74.28340932,0.293984,,17.828199,17.0151
311962777,264.2720322,-74.21929084,0.227355,,17.928101,17.0982
343290002,265.3567241,-75.76829947,0.097395398,,17.389099,16.436399
343297756,265.8455577,-75.9175162,0.083464198,,17.902201,16.9881
311961773,264.449314,-75.54588173,0.248411,,17.879499,16.983299
311962164,264.4172882,-74.98831097,0.156735,,17.6322,16.768
343290122,265.3729392,-75.6165701,0.0215344,,17.6637,16.757999
311961864,264.2484172,-75.39632375,0.13179,,18.26,17.3517
311962259,264.1693016,-74.88084009,0.0585985,,17.6392,16.799999
311962333,264.2403383,-74.78547563,0.33982199,,17.7264,16.9247
311962634,264.334738,-74.409346,0.34839699,,18.323999,17.443501
343291229,265.331056,-74.26166357,0.175716,,18.266001,17.493
1508922509,265.2352836,-74.54586581,0.083981,,18.584,17.7612
1508995114,265.1508896,-74.47966032,0.130353,,19.120199,18.2237
1508995206,265.2022681,-74.42962929,-0.162966,,19.0734,18.2416
1508995429,265.1469268,-74.39547101,0.17727,,18.4737,17.6567
1508996033,265.7303715,-74.31438944,0.35235301,,18.326599,17.4648
1508996391,265.1985377,-74.28667855,0.063101098,,18.489901,17.6301
1508996817,265.1287385,-74.15450446,0.0658089,,17.826401,16.9783
311961455,264.4816918,-75.98453577,0.35605499,,18.832199,17.8557
311961590,264.0318502,-75.78092095,0.35858601,,17.8713,17.121401
311962383,264.3019475,-74.72308231,0.46301901,,17.9928,17.135599
1508922517,265.2785587,-74.53959402,0.101212,,20.0345,19.2712
1508922522,265.3207683,-74.53861964,-0.54956597,,20.3354,19.480801
1508995080,265.298711,-74.36999156,-0.17178699,,20.247,19.3927
1508995198,265.1812904,-74.4221385,0.077072203,,20.198999,19.3839
1508995215,265.132869,-74.41282645,-0.274634,,20.343,19.493401
1508995426,265.1274351,-74.39552544,0.094716303,,18.8911,18.122101
1508995427,265.1731911,-74.39682668,-0.40474099,,20.660801,19.801701
1508996376,265.1977353,-74.30031916,-0.57409698,,20.7321,19.8501
1508996381,265.2726737,-74.29212386,0.28137901,,18.9125,18.074499
1508996032,265.7755482,-74.31581049,-0.55425602,,19.553499,18.738001
1508996428,265.2197122,-74.26037758,-0.253833,,19.7293,18.881901
1508996724,265.1781399,-74.18571536,0.30993399,,19.509501,18.6513
1508996714,265.2867398,-74.19797824,-0.138823,,19.9702,19.2265
1509000341,265.187454,-74.10868781,0.20956101,,19.2766,18.41
1509000334,265.2324958,-74.08289476,0.236515,,19.352699,18.6054
1509000384,265.3288046,-74.09209785,-0.70793498,,20.392401,19.564501
1509000385,265.3304183,-74.08980622,0.36529899,,19.284,18.632099
1509000388,265.2782274,-74.0788319,-0.0333721,,20.088699,19.274799
1509000427,265.1534786,-74.05180198,-0.42012,,19.782301,18.8901
1509000449,265.2035174,-74.03408204,0.277325,,19.968599,19.1187
1509000454,265.1489469,-74.03005111,-0.84447098,,20.3494,19.536501
1509000659,265.183351,-74.0091981,-0.0021826399,,19.8148,18.981001
255990755,264.5725019,-74.14486764,2.7853601,,11.6368,10.9066
255992249,264.7957869,-75.73156698,0.46009001,,16.8353,15.8435
255990652,264.7903223,-74.05552846,0.78999197,,15.6871,14.8282
255992385,264.8508935,-75.88345768,1.14877,,15.0046,14.0141
255991704,264.7898223,-75.13789662,0.53406298,,16.563101,15.7292
255992252,264.5798245,-75.73399045,0.193584,,18.256001,17.2621
255990655,264.7596143,-74.05660669,0.28136501,,17.5639,16.7568
255991367,264.8552996,-74.74895423,0.364454,,17.654301,16.7701
255991700,264.4872135,-75.13431455,0.27371299,,17.2209,16.3297
255991857,264.6638571,-75.30439229,0.20453,,18.1507,17.256901
255991860,264.6726164,-75.30740031,0.38246199,,16.8318,15.9213
1508897501,264.2112049,-75.89785069,0.177323,,18.8302,17.8554
1508897582,264.2234874,-75.82033254,0.071582504,,18.708799,17.8104
1508897762,264.2940128,-75.8057195,0.0473193,,18.451401,17.4907
1508897782,264.2887189,-75.76997655,0.344273,,18.1437,17.223801
1508898639,264.2908251,-75.62221345,0.33522201,,18.1134,17.277901
1508903549,264.2637902,-75.47452017,-0.212568,,18.390499,17.4981
1508903550,264.2542077,-75.47426754,-0.135222,,18.946301,18.0301
1508903602,264.2533428,-75.45985292,0.23481899,,18.3076,17.394899
1508903846,264.3238218,-75.39849272,0.0132152,,18.3997,17.549
1508904726,264.256048,-75.31395876,-0.190384,,18.7201,17.9161
1508904728,264.2944043,-75.30710241,0.182615,,18.8043,17.899099
1508904791,264.3215714,-75.27990485,0.089110099,,18.5445,17.7964
1508905024,264.3263744,-75.18765096,0.0573055,,18.703699,17.813601
1508905097,264.29464,-75.16708994,0.20897099,,18.4289,17.588301
1508918282,264.4506691,-75.1032034,0.138292,,18.393999,17.506399
1508918355,264.2927457,-75.04229799,0.237422,,18.6318,17.744301
1508918548,264.3282479,-75.0089056,0.23955999,,18.3818,17.517401
1508918570,264.4881225,-74.99605049,0.15879001,,18.5446,17.7159
1508918571,264.4530844,-74.98865485,0.091190003,,18.5742,17.6791
1508918609,264.2436805,-74.9668864,-0.169717,,18.9083,18.1392
1508918623,264.3534414,-74.96210599,0.44216999,,16.753099,15.8858
1508919527,264.2758555,-74.87284388,0.00191886,,18.515699,17.6682
1508919859,264.2565189,-74.79862141,0.223186,,18.072701,17.233601
1508923301,264.2958828,-74.72861503,0.057124101,,18.094999,17.211
1508923306,264.2132252,-74.71498212,0.067999303,,18.774599,17.9231
1508923382,264.2267406,-74.67365549,0.0273208,,19.118401,18.277201
1508923515,264.3806912,-74.63706799,0.240633,,18.3279,17.592899
1508923516,264.4386444,-74.6371743,-0.060639001,,18.858601,17.986401
1508923710,264.2928809,-74.57825328,0.101312,,18.670099,17.780899
1508924494,264.367482,-74.52889883,-0.45159501,,19.1042,18.2167
1508924623,264.2754736,-74.48553636,0.077009499,,19.0917,18.2138
1508924619,264.3194477,-74.45759601,0.26519999,,18.6406,17.7521
1508924955,264.335282,-74.35450912,0.056699701,,18.792299,17.9512
1508924984,264.2907215,-74.34602136,0.217648,,18.300301,17.4597
1508997531,264.2965237,-74.23706872,0.0740209,,18.419001,17.593399
1508997548,264.3106278,-74.21611041,-0.0117666,,19.139,18.279699
1508997551,264.3058917,-74.20467825,0.0124597,,18.8727,18.0166
1508997614,264.2782458,-74.18482111,0.18780001,,18.564199,17.76
1508997618,264.3079343,-74.1748893,0.071081601,,19.0814,18.196199
1508998548,264.328982,-74.11382504,0.305482,,18.552401,17.6751
1508998863,264.3311934,-74.03030242,0.22122499,,18.360901,17.527901
1508998864,264.3530623,-74.03897361,0.121169,,18.4536,17.572201
1508998889,264.519694,-74.02756333,0.391379,,18.3603,17.4716
1508853367,264.2530617,-75.93889732,-0.124817,,19.4832,18.532101
1508897498,264.2812814,-75.89342792,0.36241001,,19.419399,18.5308
1508897480,264.4281728,-75.9058581,-0.56674701,,19.938499,18.998899
1508897563,264.2978029,-75.86327234,-0.117707,,19.563,18.6583
1508897564,264.2466836,-75.8507914,-0.39043,,20.021,19.108999
1508897546,264.3967385,-75.85644826,0.420984,,19.4564,18.5231
1508897547,264.3927246,-75.85428161,-0.491741,,19.7829,18.8873
1508897768,264.2028508,-75.78838661,0.128132,,20.4245,19.4701
1508897755,264.3965311,-75.7953937,0.089901596,,20.3193,19.4009
1508897788,264.2104415,-75.77699288,0.161119,,19.0396,18.123899
1508898563,264.4635948,-75.69826986,-0.069424398,,20.3141,19.3564
1508898618,264.2889247,-75.66467673,0.391121,,19.2605,18.299601
1508898620,264.2666443,-75.65314326,0.073018603,,19.8853,18.967501
1508898835,264.3183364,-75.60176955,-0.98722398,,20.641001,19.6915
1508898853,264.3019316,-75.57393403,-0.85697299,,20.0588,19.1042
1508898906,264.3808394,-75.55348299,0.60124201,,19.5096,18.5707
1508902024,264.3924269,-75.49454741,0.054210499,,19.630501,18.937799
1508902038,264.3279829,-75.49162701,-0.181716,,19.514999,18.673401
1508902100,264.372965,-75.46376187,0.60031098,,18.720501,17.8034
1508902366,264.3791089,-75.37522006,-0.115299,,20.135799,19.238701
1508902373,264.4655247,-75.37132876,0.29829001,,18.934601,18.0807
1508903624,264.2656076,-75.43749405,-0.23393101,,19.6999,18.873199
1508904720,264.3639129,-75.32402677,0.290131,,18.6026,17.832001
1508905033,264.2727054,-75.20109702,0.29513299,,19.049,18.159201
1508905018,264.2945468,-75.19824113,-0.27204201,,19.097,18.4767
1508905078,264.4050632,-75.16250639,0.349511,,18.908701,18.041901
1508918250,264.2565922,-75.11209939,0.142432,,19.247499,18.406401
1508918251,264.280888,-75.10372013,0.68918198,,18.962099,18.088499
1508918233,264.4374319,-75.12792374,-0.726529,,20.712299,19.8556
1508918265,264.3084367,-75.09959621,-0.088362798,,19.3255,18.613501
1508918285,264.4359092,-75.08333056,0.232061,,19.620001,18.7321
1508918324,264.274949,-75.06728259,0.026109699,,19.699301,18.8633
1508918604,264.3681619,-74.97212493,0.0149449,,20.1847,19.3832
1508919452,264.3244662,-74.92418183,-0.46203199,,19.7628,18.946199
1508919467,264.3037962,-74.89923176,0.362656,,19.420601,18.6584
1508919461,264.3445272,-74.89678108,-0.33649999,,19.5889,18.8804
1508919479,264.4809672,-74.91349085,0.143181,,19.880301,19.0172
1508919551,264.3310573,-74.84216498,-0.28856,,19.6036,18.822201
1508919836,264.2891136,-74.83324071,0.38009301,,20.0035,19.2031
1508919763,264.5352274,-74.82863524,0.304279,,19.674299,18.7953
1508919764,264.5596971,-74.82371502,-0.0176725,,19.0872,18.3207
1508923304,264.3098025,-74.71767984,-0.0449659,,19.320299,18.531401
1508923217,264.5713483,-74.73257116,0.36274299,,18.869101,17.9972
1508923290,264.4830813,-74.67438532,-0.036496598,,20.3818,19.5473
1508923322,264.288028,-74.68666217,-0.912736,,20.176001,19.415701
1508923404,264.2774829,-74.65071471,0.079694897,,19.035601,18.261101
1508923629,264.2861803,-74.61805181,0.40100399,,19.3778,18.582701
1508923646,264.2952093,-74.60002616,0.21233,,19.278601,18.4937
1508923652,264.234316,-74.61697369,0.33241501,,20.097099,19.221701
1508923721,264.3464492,-74.55493535,-0.41926101,,20.355801,19.5746
1508924529,264.3284995,-74.50680237,-0.035640001,,19.299101,18.489799
1508924891,264.2780282,-74.42997055,-0.28762901,,20.021,19.229401
1508924889,264.3007041,-74.44100398,0.17248701,,19.001101,18.152399
1508924964,264.2806552,-74.36622349,0.245418,,20.2712,19.4468
1508997233,264.312336,-74.31135137,0.026370101,,20.187799,19.3176
1508997234,264.3253772,-74.31391419,0.0122535,,20.0611,19.1959
1508997224,264.3060064,-74.3211884,0.39430699,,18.5951,17.7024
1508997213,264.387302,-74.31358789,0.61953002,,19.576799,18.680901
1508997216,264.3230465,-74.34358029,0.38618699,,18.622801,17.7321
1508997254,264.4748824,-74.32306752,-0.277174,,19.942499,19.1518
1508997308,264.2780318,-74.2561779,-0.0082774404,,19.7173,18.8568
1508997533,264.3031745,-74.22428972,-0.088587299,,19.7728,19.121901
1508997534,264.3089953,-74.22373806,-1.33667,,20.468901,19.579399
1508997627,264.3362357,-74.17106406,-0.52610701,,20.269501,19.505199
1508998557,264.5059347,-74.11358804,0.105093,,19.3379,18.522699
1508998621,264.3373386,-74.07582845,-1.63061,,20.820101,19.972799
1508998850,264.3686905,-74.05380405,0.078479797,,19.8897,18.997601
1508998852,264.316469,-74.04869112,0.165774,,20.038099,19.192101
1508998853,264.3443641,-74.04814357,0.0515415,,19.5516,18.672199
312027958,265.1189175,-75.36374175,0.32487699,,16.774099,15.9126
1508998865,264.4264935,-74.04247517,0.25936601,,18.660601,17.845699
312027694,265.0172753,-75.6516733,0.70617199,,15.2414,14.4535
312027986,265.0537508,-75.33402708,0.42126101,,16.5861,15.775
312028436,265.0680012,-74.89000861,0.24357601,,17.073099,16.318001
312028480,265.1160678,-74.84080779,0.41442701,,16.3374,15.5075
1508999333,264.3114891,-74.02887261,0.51306403,,18.584801,17.749399
1508999351,264.2682974,-74.00294862,0.338052,,19.2974,18.494499
312028711,265.0673367,-74.60912763,0.46325701,,17.3873,16.4995
312029012,264.966366,-74.31510242,0.41516399,,16.2745,15.396
312027765,265.2115063,-75.57886796,0.51286,,15.9428,15.0481
255992458,264.628308,-75.96606889,0.377545,,16.7911,15.7978
312027904,265.0498975,-75.43072188,0.38962099,,16.7596,15.8467
312027435,264.9252986,-75.94236439,0.42524901,,16.034,14.9919
312027500,265.2406639,-75.86571137,0.77854902,,16.1742,15.1469
312027665,264.8761993,-75.67806502,0.60190099,,16.307199,15.3599
312027733,265.1324778,-75.61425863,0.58272201,,16.113701,15.1863
312029284,265.2186397,-74.06368377,0.58625799,,16.0795,15.2647
312028502,264.943009,-74.81911181,0.988325,,15.0879,14.2034
312028785,265.1343117,-74.52893023,0.70049798,,14.465,13.6471
312028898,265.0012306,-74.42035663,1.14519,,13.9152,13.1203
255992263,264.5877095,-75.74406923,0.35519201,,15.5039,14.5524
255992265,264.5527994,-75.74600806,0.83368301,,15.413,14.4488
312027837,265.0421941,-75.50415267,0.49044499,,16.0453,15.1811
312028157,265.1404592,-75.17804862,0.814197,,14.8215,14.0412
312028347,265.0211242,-74.98506106,0.82323802,,14.9151,14.191
312028479,265.2064351,-74.8427139,0.50229102,,15.6621,14.8729
312028499,264.8982103,-74.82250464,0.77792901,,14.3778,13.6285
312028709,264.9977582,-74.61074124,0.94829297,,14.1767,13.4315
312028936,264.9681628,-74.37777494,0.59025002,,15.1411,14.343
312029082,265.0841427,-74.24982884,0.84283102,,14.7038,13.9044
312029106,264.8736479,-74.22488994,0.53896499,,14.9445,14.0843
312029252,265.0269668,-74.09344776,0.80810398,,14.9831,14.1774
312028539,265.2049488,-74.78259023,2.5804901,,12.0253,11.2858
255992373,264.7499418,-75.86513672,1.75073,,12.7195,11.8406
312028091,264.913012,-75.23716266,1.69043,,13.0359,12.2832
312028352,264.9924752,-74.98219324,1.0956399,,13.6101,12.7581
312029094,265.0239151,-74.23803257,1.62492,,13.4966,12.6453
312029283,264.9357401,-74.06372587,0.94513798,,13.2153,12.4861
312029332,265.0900674,-74.00982723,1.18379,,13.5932,12.7222
312028128,265.2046636,-75.20930267,0.93949699,,14.7701,13.9169
312027832,264.9116218,-75.50836474,0.35431099,,17.3892,16.466499
312028349,264.9300245,-74.98390597,0.37094399,,16.8978,16.0028
312028366,265.0384699,-74.96403564,0.28312501,,17.1141,16.245899
312028431,264.91009,-74.8913943,0.378699,,17.1189,16.254
312028610,265.2579219,-74.70143122,0.43099201,,16.812901,15.9562
312028738,265.0792418,-74.57361174,0.23001599,,16.958799,16.1957
312028780,265.0792743,-74.53261215,0.23858599,,16.953699,16.075701
312028542,265.20407,-74.78017209,0.30025101,,16.893299,15.9976
312028969,265.1515654,-74.35471084,0.36425301,,16.6679,15.7998
312027633,264.8930262,-75.70784431,0.53797603,,15.3358,14.3932
312028617,265.0447274,-74.69179682,0.62622499,,15.3064,14.4386
312028734,265.0664913,-74.57909902,1.26266,,14.1992,13.3922
312029101,265.0488953,-74.23052437,-0.13685,,18.0098,17.4086
312027870,264.8875447,-75.46781887,0.228102,,17.0259,16.0888
312027599,265.2255636,-75.75125385,0.27894199,,17.1901,16.1966
312027732,265.1235252,-75.61613085,0.38563001,,17.117201,16.2621
312027985,265.1777193,-75.33621831,0.37733001,,16.9529,16.0499
312028351,265.2320024,-74.98373437,0.12099,,17.2988,16.6462
312028787,265.1411782,-74.52247972,0.35224,,17.2157,16.3433
312029303,265.2136353,-74.04852858,0.338478,,17.1738,16.3393
312027873,265.0134358,-75.46611674,0.075697802,,18.210199,17.3578
312028017,264.9102099,-75.30865535,0.35650399,,17.346399,16.445999
312028021,265.0763717,-75.30603825,0.27345699,,17.146,16.3036
312028782,265.026473,-74.53214926,0.17049301,,17.4494,16.553801
312029132,265.105514,-74.19914274,0.34050599,,17.1182,16.241699
255992485,264.8268774,-75.99740789,0.077822201,,17.6465,16.6546
312027871,265.0617741,-75.46670537,0.41112101,,17.5881,16.6591
312027922,264.964067,-75.40090278,0.194786,,17.5294,16.6523
312028900,265.2466784,-74.41593202,0.27103499,,17.9116,17.045401
312029173,265.2203993,-74.16786961,0.16568001,,17.267599,16.395
312029255,265.1675495,-74.09232907,0.244642,,17.6429,16.7705
255992264,264.5039354,-75.74493441,0.317202,,17.904699,16.9114
255992370,264.5828288,-75.863831,0.141133,,17.784401,16.9188
255992404,264.8322322,-75.90098923,0.26087001,,17.618401,16.862801
312027438,264.911903,-75.9410516,-0.0316443,,18.251101,17.2332
312027595,264.9497105,-75.75517765,0.283999,,18.244801,17.3344
312027729,264.9496369,-75.62125396,0.43588299,,18.1479,17.224899
312027761,265.1182875,-75.58440966,0.059727501,,17.5476,16.845501
312027766,264.9662699,-75.57817158,0.21172599,,17.312799,16.4014
312027879,265.0449192,-75.45996452,0.26358601,,18.2663,17.3897
312028478,265.1169101,-74.8427586,0.24529301,,17.5928,16.701599
312028616,264.9554788,-74.6923121,-0.0023107601,,18.0581,17.1658
312028789,265.2487052,-74.52195072,0.00583938,,17.981899,17.122601
312028843,264.9465798,-74.47828343,0.265522,,18.3295,17.4317
312029013,265.2497032,-74.31493466,0.27651799,,18.0301,17.180201
312029035,265.0466609,-74.29793912,0.202664,,17.774799,16.9291
312029248,264.9294522,-74.09589596,0.22851799,,18.2292,17.3545
255992282,264.7175635,-75.75945888,-0.081817202,,18.100201,17.190599
312027436,265.2608406,-75.94112011,0.263271,,17.598,16.591801
312028614,265.1616967,-74.69407668,0.323553,,17.1831,16.3055
312028663,264.986348,-74.6497847,0.290768,,17.243999,16.423599
312029130,264.9018432,-74.20154245,0.29763901,,16.9828,16.1024
255992349,264.5090495,-75.84208685,0.099212497,,18.0422,17.085501
312027696,264.9971971,-75.64930149,0.205281,,17.7677,16.8419
312028289,264.8973757,-75.034606,0.33633301,,17.750099,16.8493
312028850,265.0718015,-74.46925016,0.38828701,,17.648899,16.761101
312029188,265.1092574,-74.14123424,0.192569,,17.2479,16.435499
312027983,264.9589168,-75.33681982,0.21590699,,18.1842,17.3085
312028038,265.212756,-75.28829052,0.134799,,17.834801,16.9702
312028225,264.9168386,-75.09692241,0.28998399,,17.875401,16.9512
1508897051,264.8867694,-75.91828316,-0.17119101,,18.898899,18.063801
1508897066,264.75084,-75.91834318,0.226138,,18.097401,17.0959
1508897235,264.8373715,-75.86883832,0.026709,,19.0641,18.043301
1508897304,264.8504913,-75.82798652,0.13529401,,18.750999,17.785801
1508897314,264.8354184,-75.82754101,0.103223,,18.9461,17.917801
1508898123,264.8089378,-75.71622004,0.0083723804,,18.5476,17.697399
1508898126,265.3313212,-75.79288253,-0.205525,,18.6138,17.8186
1508897010,264.8165355,-75.96518451,0.091201,,19.608,18.5728
1508897068,264.7418156,-75.89483841,0.42085001,,19.9575,18.9249
1508897229,264.7593265,-75.8736474,0.035169501,,19.341801,18.3545
1508897234,264.8519612,-75.87046105,-0.075208597,,19.636801,18.6658
1508897236,264.8238599,-75.86818657,-0.201112,,19.351999,18.4695
1508897294,264.7619567,-75.8453537,0.32210299,,19.0525,18.221701
1508898035,264.7849336,-75.79383102,-0.53817201,,19.4806,18.701599
1508898368,264.7452905,-75.78982118,-0.59236699,,19.4419,18.5825
1508898052,264.8025416,-75.77219123,0.17588399,,19.342699,18.338301
1508898120,264.8299334,-75.7208628,-0.74124801,,19.962999,19.062201
1508898127,265.3107797,-75.79093199,-0.10592,,20.175501,19.3253
1508898132,265.3265893,-75.78343062,-1.2841901,,20.127701,19.4055
312029236,264.8931608,-74.10395033,2.87345,,11.7674,10.9786
312027609,265.0590734,-75.73870528,0.37803701,,17.216,16.239901
312027810,265.2389755,-75.53086787,0.43538001,,16.9032,15.9912
312029086,265.0308595,-74.2466924,0.36464101,,16.841,16.147699
312029189,264.9386811,-74.13964979,0.130032,,17.603001,16.7185
312028006,265.1106242,-75.31848939,0.43634701,,15.8202,14.9321
312028046,265.2330125,-75.2843611,0.45445701,,15.9506,15.0348
312029084,264.8977512,-74.24789628,0.48901901,,15.5977,14.7776
312028117,264.8843908,-75.21583711,0.52601397,,14.8555,13.9619
312028387,264.9477836,-74.94045384,1.27004,,13.8099,12.9997
312028388,265.1354748,-74.93982195,0.833597,,13.9819,13.1584
312028447,264.9890825,-74.87655128,0.60945398,,15.7566,14.9577
312028498,265.1152525,-74.82283796,0.48147401,,16.3158,15.4184
312028643,265.148067,-74.66702925,0.68862998,,15.3224,14.4483
312029122,265.0601936,-74.20710596,0.93461102,,14.0943,13.222
312028086,265.1334241,-75.23922087,0.420863,,16.6434,15.737
312027966,265.1631327,-75.35808983,0.380613,,16.2451,15.34
312028011,265.0286702,-75.31560513,0.42067301,,16.1147,15.1904
312028044,265.0457216,-75.28655994,1.12939,,14.8542,13.986
312028416,265.0874023,-74.90511327,0.65930903,,14.9005,14.1268
312028695,264.8985437,-74.62676102,0.68638098,,15.7619,14.8665
312028683,264.8905514,-74.63704077,0.25864899,,15.7182,14.9882
312028691,264.9280295,-74.63040817,0.71866202,,15.4398,14.5863
312028829,265.0316089,-74.4887358,0.69122899,,15.6544,14.8197
312028952,265.2256118,-74.36692617,0.626701,,15.6173,14.7666
312029054,264.8856614,-74.27845573,0.89789301,,14.6183,13.8604
312029083,264.953197,-74.24855966,0.70690602,,14.9955,14.1329
312029241,265.254594,-74.10093108,0.438014,,16.650101,15.7726
312028730,265.0745203,-74.58292319,0.94390702,,13.3917,12.8817
312028009,265.0965661,-75.31751658,0.039363299,,16.967501,16.259001
312028678,265.2255306,-74.6402275,0.364333,,17.1003,16.2708
312028827,265.1156932,-74.48911946,0.222186,,16.677601,15.782
312029055,265.1997674,-74.2773703,0.421,,16.8881,16.009399
312029043,265.0965666,-74.28798783,0.28628999,,16.8986,16.035299
312029202,265.1107941,-74.12701689,0.141458,,16.476101,16.0401
312027777,264.9616671,-75.56469467,0.48143399,,16.8615,15.9656
312028891,264.9048771,-74.42814636,0.46356699,,16.6649,15.7757
312027890,265.188169,-75.44779896,0.44302601,,16.0721,15.1411
312028826,265.0429699,-74.49105644,0.229369,,17.7029,16.8423
312028876,265.2328253,-74.44226623,0.032069299,,16.7875,16.085899
312028045,265.2527238,-75.28517099,0.559681,,17.9405,17.032801
311962005,264.3069687,-75.20691768,0.57359302,,16.945801,16.107
312027719,265.0215165,-75.63150457,0.28204599,,17.3365,16.4478
312028081,265.0282534,-75.25116189,0.269007,,16.957199,16.080999
312028358,265.2037837,-74.97418046,0.38129699,,16.8592,15.9714
312028639,264.8721179,-74.66921874,0.29407799,,16.9662,16.118799
312027779,265.0858236,-75.56359643,0.063633502,,18.437,17.5436
312027804,265.1638075,-75.53811855,0.18425199,,17.480301,16.5567
312028384,264.8749446,-74.94565618,0.407469,,17.309299,16.4734
312028492,265.2685221,-74.82803845,0.0916958,,18.2796,17.395201
312028597,265.2740911,-74.71266254,0.095936999,,18.5121,17.6145
311962006,264.460799,-75.20597868,0.111259,,17.5254,16.6178
312028261,265.2551028,-75.0672279,0.29252201,,17.575899,16.6639
312028638,265.0441726,-74.66982358,0.35995999,,17.699699,16.8263
312029199,264.9902733,-74.12929483,0.28917,,17.6089,16.791599
312027679,265.3209932,-75.66493799,0.0170314,,18.1376,17.212299
312027707,265.1386198,-75.6404197,0.23569,,17.8349,16.876301
312027713,264.9676272,-75.63639116,0.35925099,,18.168301,17.2066
312027802,264.9443577,-75.53969259,0.219963,,18.075399,17.210199
312027932,265.114223,-75.38991465,0.220824,,17.9529,17.0292
312028267,264.9082208,-75.05982608,0.328179,,17.6521,16.8764
312028283,265.062715,-75.04129227,0.26479301,,17.9354,17.098499
312028733,265.1995241,-74.57970675,0.232301,,17.658701,16.8235
312028885,264.93469,-74.4306667,0.166382,,18.0802,17.3025
312029148,265.1639256,-74.18470944,0.221242,,17.650499,16.8605
312029193,265.0231814,-74.13401213,0.174652,,17.9592,17.070999
312029196,265.0997441,-74.13050127,0.485028,,17.826,16.9501
312027783,265.1336632,-75.55690355,0.37551501,,17.4496,16.6387
312028630,265.010502,-74.67495926,0.23390301,,17.780701,16.9037
312028677,264.9964305,-74.64044938,0.206154,,17.696199,16.8239
312028265,264.9360583,-75.06098171,0.224097,,17.641399,16.804399
312028430,265.2619353,-74.89176934,0.194498,,17.4044,16.9189
312028823,265.2066472,-74.49308782,0.169741,,17.868401,17.025101
312028519,264.9001397,-74.79898322,0.019238099,,18.1238,17.284401
1508925656,263.3033197,-74.91769122,0.098124802,,18.419201,17.707001
1508925713,263.3836064,-74.892147,0.032659099,,18.8661,18.015699
1508926912,263.4531955,-74.7268363,0.0682742,,18.530399,17.6392
1508926979,263.3049148,-74.6774386,0.083373398,,18.4895,17.6479
1508927165,263.3962708,-74.67026477,0.089855298,,18.5511,17.694099
1508927168,263.358244,-74.66047675,0.0052845199,,18.7304,17.880699
1508930766,263.541748,-74.57023973,0.19633199,,18.125601,17.2493
1508930865,263.4424586,-74.52739225,0.137412,,18.054701,17.409201
1508930876,263.4299877,-74.4939822,0.12590601,,17.816799,17.066601
1508931097,263.4927615,-74.46962557,0.329162,,17.842501,16.9636
1508931100,263.4173641,-74.46887845,0.308359,,18.285999,17.4251
1508931184,263.4218396,-74.39527398,0.182925,,18.5688,17.691999
1508932265,263.3305103,-74.26258664,0.033650801,,18.666901,17.7819
1508932385,263.5601993,-74.26035966,0.192715,,18.3384,17.494301
1508932463,263.5372994,-74.22223567,0.188758,,18.475401,17.587099
1508932581,263.3915673,-74.21605158,0.067628697,,18.9685,18.083799
1509005034,263.4132093,-74.16795158,0.096901998,,18.3836,17.507099
1509005029,263.4498725,-74.15821467,0.049160399,,18.030001,17.2959
1509005063,263.4025158,-74.13120017,-0.122871,,19.352699,18.5016
1509005120,263.3971088,-74.11747971,0.247834,,18.561701,17.693399
1509005416,263.3608943,-74.06505886,0.16982301,,18.526199,17.730499
1509005386,263.4286564,-74.05706144,0.103113,,18.49,17.6418
1509005509,263.4008234,-74.01120013,0.0035652299,,18.2509,17.3556
1509005510,263.4189702,-74.010806,0.20720699,,18.7341,17.8403
1508920595,263.7063419,-74.62995037,0.100736,,17.909401,17.4258
1508923924,263.7441259,-74.6207913,0.163326,,18.379801,17.606199
1508923940,263.7229367,-74.58945148,0.25780499,,18.2873,17.489799
1508925205,263.6688236,-74.42049174,0.26919201,,17.931,17.137501
1508925501,263.7230497,-74.32985881,0.23812699,,18.289301,17.41
1509004875,263.7153097,-74.2167989,0.25296101,,18.0707,17.200001
1509004868,263.6939509,-74.22440253,0.252772,,18.6119,17.739
1509004889,263.7196383,-74.20782452,-0.040689301,,18.5443,17.6782
1509004891,263.7248547,-74.20304945,0.058860201,,18.6506,17.8346
1509004959,263.6367675,-74.16440037,0.0065240902,,19.240299,18.362
1509005317,263.7482222,-74.04377937,-0.0437022,,18.308399,17.414101
1509006216,263.7766777,-74.03035132,0.31919399,,18.3731,17.508101
1509006235,263.6986798,-74.00678516,0.047775,,19.1646,18.2841
1508921497,264.6620491,-74.75787411,0.15684199,,18.7299,17.851299
1508921827,264.7261649,-74.67409466,0.308965,,18.6579,17.7768
1508921815,264.6908405,-74.69336142,-0.0284534,,18.275999,17.442301
1508922762,264.9072012,-74.5957911,0.183824,,18.898399,18.0667
1508923060,264.7294876,-74.50665879,0.031895999,,18.5287,17.7735
1508923067,264.7766502,-74.48269357,0.223487,,18.309401,17.4695
1508923157,264.7272794,-74.42573049,0.248054,,18.407801,17.587299
1508924786,264.6525878,-74.41298576,0.241706,,18.332899,17.486099
1508997039,264.6739365,-74.37393746,0.16712999,,18.329,17.454901
1508997130,264.6662013,-74.3353473,-0.0140313,,18.464199,17.6185
1508997131,264.6600371,-74.32843514,-0.073239997,,18.8025,18.0676
1508997347,264.6469458,-74.27034557,-0.157988,,18.9189,18.1019
1508998427,264.747979,-74.14291295,0.0145059,,18.328199,17.432899
1508998645,264.7699417,-74.10664677,0.114152,,18.039499,17.2698
1509002322,264.6675463,-74.01844709,0.196816,,18.6369,17.7693
1508925735,263.3741899,-74.89012888,-0.168901,,19.203899,18.4282
1508925736,263.3807385,-74.88959886,-0.23098201,,19.9475,19.2824
1508927147,263.5047006,-74.64855492,-0.44684801,,20.6661,19.850201
1508927188,263.3898081,-74.62196491,-0.134905,,19.469601,18.733299
1508927235,263.388817,-74.61148085,0.20466299,,19.5336,18.7216
1508927216,263.5034938,-74.61084881,0.0362105,,18.820601,18.130501
1508930864,263.4623773,-74.52833853,-0.39370099,,19.7773,19.0224
1508931101,263.4040916,-74.46654612,0.52590299,,19.162001,18.3354
1508931117,263.4317674,-74.44121586,0.54528803,,19.299,18.4188
1508931172,263.4059227,-74.39920421,0.26381499,,18.726,17.8992
1508932130,263.4903141,-74.31294851,-0.44721901,,19.981701,19.1999
1508932164,263.3920294,-74.32747062,0.327546,,20.2055,19.330299
1508932238,263.4131989,-74.306824,0.47239199,,20.010599,19.154699
1508932484,263.3812787,-74.265358,0.215014,,18.9244,18.075001
1508932485,263.4142987,-74.26930618,-1.32675,,20.955799,20.0735
1508932491,263.3226759,-74.25567112,-0.294635,,19.980101,19.138399
1508932386,263.5008884,-74.263913,0.26761299,,18.8813,18.0324
1508932575,263.3623411,-74.20623257,0.410052,,18.919201,18.044901
1509005038,263.3736884,-74.15661127,-0.55147398,,19.714199,19.1789
1509005425,263.3781255,-74.04768594,0.38469201,,18.8629,18.0305
1509005466,263.5163681,-74.04104587,0.317763,,19.8209,18.9802
1509005468,263.4952134,-74.03277134,0.38123,,18.972401,18.222099
1508920552,263.7466194,-74.682551,0.14091501,,19.9443,19.139999
1508920598,263.6681735,-74.66869994,-0.54885101,,19.972099,19.1721
1508924037,263.6987997,-74.53484647,0.16357601,,20.2946,19.423
1508924230,263.7282054,-74.52828383,-0.41742,,20.4683,19.6665
1508924264,263.6719788,-74.48910895,0.037040401,,19.4202,18.5674
1508924268,263.8337113,-74.49398662,0.17206,,19.4118,18.551201
1508924309,263.7346704,-74.47302015,-0.0400852,,19.4527,18.660999
1508924314,263.6837632,-74.47404131,0.20823701,,19.6721,18.844101
1508925199,263.7646241,-74.42112753,0.35264501,,19.311199,18.430401
1508925230,263.6836235,-74.38736881,0.150877,,20.358601,19.4811
1508925514,263.7819697,-74.31661357,-0.0427421,,19.413,18.779499
1508925520,263.8168535,-74.31039198,0.43892801,,19.1038,18.329
1508932427,263.7171386,-74.23681734,0.412168,,19.365601,18.563999
1508997883,263.7688675,-74.21794755,0.612423,,18.735201,17.878099
1509004892,263.7097245,-74.19624653,0.45950699,,19.662001,18.841801
1509004893,263.6728625,-74.19291467,0.234503,,19.2726,18.3937
1509005210,263.6427247,-74.10833974,0.378501,,18.6203,17.809601
1509005223,263.7117598,-74.09486859,0.43587101,,19.496201,18.6852
1509005325,263.6894125,-74.03911965,0.197533,,19.0588,18.181101
1509006225,263.7059777,-74.01780483,0.164573,,20.1422,19.3696
1508921495,264.6750894,-74.77774686,0.22074801,,20.215,19.3272
1508921514,264.7966979,-74.76899023,0.101326,,19.607201,18.7843
1508921549,264.7012095,-74.75821384,-0.121051,,19.822901,18.928301
1508921789,264.8572797,-74.71174364,-0.369589,,19.4503,18.6229
1508921868,264.7932639,-74.63582502,-0.104718,,19.994699,19.181101
1508921870,264.7044039,-74.66283055,-0.63007098,,20.121,19.301201
1508922745,264.6523133,-74.58303128,0.217971,,20.1992,19.350201
1508922750,264.7250111,-74.58728881,0.151894,,20.377199,19.511999
1508922828,264.7660282,-74.52908506,0.070231199,,20.0509,19.156099
1508924785,264.7017045,-74.42208883,0.109191,,20.274599,19.3897
1508997002,264.6805815,-74.41007542,0.064643897,,20.436399,19.612101
1508995327,264.8203433,-74.40960222,-0.222526,,18.9261,18.5418
1508995337,264.7460596,-74.4009321,-0.34453699,,20.161501,19.3827
1508995697,264.8104159,-74.27118306,0.30713701,,18.8508,17.9814
1508995702,264.8805844,-74.27016918,-0.51330501,,20.309601,19.462299
1508997041,264.6192253,-74.36735598,0.13619401,,19.525499,18.730301
1508997409,264.7128815,-74.24737101,0.21481501,,19.3494,18.4806
1508998364,264.6819173,-74.18731445,-0.19292501,,19.7031,18.811899
1508998415,264.7058267,-74.16127196,0.104701,,20.2792,19.384899
1508998668,264.7144311,-74.08437013,-0.035772,,19.1322,18.4263
1508998746,264.7178333,-74.04332671,0.34653401,,19.860701,19.1119
1509002298,264.835522,-74.01899641,0.27636799,,19.9592,19.065399
407578975,264.0373158,-75.03999448,1.87538,,12.1262,11.3668
311962910,264.2676545,-74.06119443,1.72036,,13.5326,12.7293
311962769,264.2831559,-74.22826981,0.397403,,16.3162,15.5039
311962816,264.2778648,-74.17052007,0.23696101,,17.7684,16.881701
311962768,264.2482743,-74.23016627,0.248584,,16.7103,15.8801
311962790,264.2651531,-74.20151315,0.52424699,,16.4249,15.5483
311962864,264.3260023,-74.10770585,0.543966,,16.0546,15.2205
311962937,264.3771677,-74.03903649,0.78809702,,15.9425,15.0555
311962938,264.2595887,-74.03779454,0.267939,,15.4018,14.8272
407578972,264.1359385,-75.05173449,0.47855499,,15.6574,14.8242
407578977,263.995143,-75.03899058,0.324323,,16.8076,15.9148
311962909,264.4394551,-74.06240149,0.26611301,,17.3993,16.5457
311962913,264.3200265,-74.05636693,0.29065901,,17.2414,16.3568
311962792,264.47175,-74.20033545,0.18619999,,17.339199,16.466499
311962901,264.2681745,-74.07083162,0.087303497,,17.795,16.9382
311962885,264.2411105,-74.08595228,0.0150093,,17.7495,17.102699
311962887,264.175654,-74.08595943,0.087738402,,18.226601,17.356701
1508860131,262.937153,-75.98726519,0.072778098,,18.001699,17.276899
1508860312,262.8387112,-75.96040587,-0.0858659,,19.156401,18.275
1508860398,262.8845467,-75.89211916,0.293174,,18.1828,17.3179
1508861282,262.8870786,-75.81499477,0.202811,,18.963699,18.051701
1508861572,262.8620646,-75.73195138,0.187103,,18.243401,17.413601
1508907542,262.841494,-75.33109582,-0.087218098,,19.0005,18.107
1508907612,262.8526979,-75.30409105,-0.18358,,18.3941,17.5674
1508911003,262.8755883,-75.22138975,-0.189428,,19.128099,18.23
1508897324,264.6600491,-75.97290747,0.0096061397,,18.686899,17.6439
1508897399,264.6006393,-75.90247673,-0.105824,,19.126101,18.1716
1508897689,264.6607082,-75.80416209,0.039468002,,19.005899,18.0236
1508898438,264.6695012,-75.70877906,-0.0066130501,,18.405199,17.567101
1508898661,264.6762724,-75.67630471,-0.0223362,,18.4083,17.601801
1508898656,264.6836897,-75.67828121,-0.36187601,,19.494499,18.567301
1508901851,264.7793998,-75.58071761,0.096979402,,18.5345,17.580299
1508902152,264.7960416,-75.46497304,0.084693097,,18.919399,18.0254
1508902235,264.6510011,-75.40005441,0.27993399,,18.4739,17.593599
1508854404,263.2143211,-75.9804284,0.236579,,19.8311,18.926399
1508854406,263.2335345,-75.97643191,0.387566,,19.413799,18.505301
1508860130,262.8863881,-75.98698087,-0.035310101,,19.1959,18.3526
1508860314,262.8446268,-75.95972786,0.249126,,19.7115,18.9016
1508860377,262.9016903,-75.91620212,0.0555862,,19.126101,18.2848
1508860392,262.9265485,-75.89150996,0.112683,,19.272699,18.4433
1508860397,262.9030531,-75.89286722,0.068452097,,19.1133,18.351101
1508861224,262.8920879,-75.84918423,0.322023,,20.433001,19.5431
1508861218,262.9828058,-75.84692024,-0.15901899,,19.647301,18.8941
1508861221,262.9470621,-75.84023372,0.169507,,19.842199,18.8993
1508861301,262.9245928,-75.80073191,0.24744301,,19.0334,18.1651
1508861556,262.893674,-75.76600118,0.23049,,19.600901,18.722099
1508861537,263.035202,-75.76755086,-0.72105902,,19.9165,19.0982
1508861616,262.9981796,-75.70044077,0.28164399,,19.5709,18.729099
1508906017,262.8905624,-75.58604415,-0.98641098,,19.622101,18.7684
1508906243,263.1410973,-75.56925323,-0.251169,,19.726601,18.9104
1508906333,262.867778,-75.54864473,0.0643121,,19.064699,18.2131
1508906320,262.9360596,-75.4987499,0.090499997,,19.0278,18.2309
1508907140,262.9481778,-75.46905071,0.086013801,,20.486601,19.5825
1508907273,262.8332434,-75.4352436,0.158994,,19.1127,18.379101
1508907320,262.8439141,-75.41317764,0.264195,,19.256599,18.3535
1508907543,262.8547638,-75.33048754,-0.073006101,,19.6436,18.807199
1508910908,262.9043639,-75.27343894,0.324224,,19.3993,18.5133
1508910911,262.9747774,-75.26516333,-0.393482,,20.4813,19.588301
1508910983,262.9807459,-75.2362898,0.0177045,,19.3867,18.5075
1508897330,264.6275641,-75.9680344,0.36091101,,19.9317,18.9319
1508897224,264.7674354,-75.89219014,-0.66868502,,19.6842,18.752501
1508897251,264.8023068,-75.8598349,0.36296999,,18.6737,17.6828
1508897395,264.5991723,-75.91034707,0.64114898,,18.961,18.058901
1508898378,264.7460283,-75.76839831,0.362133,,18.9093,17.953699
1508898424,264.7515366,-75.73501887,0.2561,,19.165501,18.1696
1508898426,264.7496479,-75.73550003,0.208904,,19.977699,19.009501
1508898428,264.6832543,-75.73093105,-0.099724203,,19.954901,19.0299
1508898757,264.6592843,-75.6224244,0.370489,,19.0516,18.1222
1508901846,264.8468729,-75.58582311,0.54003203,,19.643499,18.7969
1508901849,264.8116004,-75.57326783,-0.098626196,,20.1175,19.3351
1508902172,264.6495191,-75.46553313,0.47521701,,19.4335,18.6196
1508902179,264.6943436,-75.45284686,0.396961,,18.6667,17.7572
1508902147,264.7606916,-75.47171079,0.059484299,,19.1299,18.2773
1508902193,264.8263845,-75.46065302,0.27641901,,20.783899,19.839001
1508902196,264.7825827,-75.45207867,0.27617899,,18.979,18.1373
1508902197,264.7592106,-75.44817962,-0.288744,,20.205999,19.434601
1508902231,264.6748857,-75.41600586,0.40587199,,19.466299,18.6001
255992255,264.6658724,-75.73755417,2.0188799,,13.781,12.8477
255992257,264.8111969,-75.73942015,0.306362,,16.474199,15.4835
255990906,264.9027695,-74.29363626,0.15447301,,18.126499,17.2673
255990907,264.5908102,-74.29408217,0.198074,,17.205299,16.318501
255991055,264.9065543,-74.44279291,0.32334501,,18.014,17.2479
1508900435,264.1752347,-75.53647381,0.060115598,,18.649401,17.7321
1508903611,264.2207922,-75.4400575,0.040439401,,18.3242,17.445999
1508903854,264.299474,-75.38564898,0.26372099,,18.362101,17.491501
1508904759,264.1577583,-75.29373543,0.214966,,18.5448,17.674
1508904762,264.2233109,-75.28769389,0.143012,,18.306101,17.4422
1508904802,264.2866299,-75.25480756,0.211908,,17.6122,16.7076
1508917631,265.0095669,-75.02550258,-0.115766,,19.0882,18.1968
1508917675,264.9013326,-74.99926525,0.30410099,,18.179701,17.2666
1508917707,265.0467499,-74.97740489,0.173677,,18.2572,17.359699
1508917747,264.896333,-74.9528099,0.195391,,18.7104,17.8666
1508921385,264.971728,-74.79184282,0.053801399,,18.289499,17.503799
1508921661,264.9258045,-74.71698957,0.35496399,,18.462,17.578699
1508921726,264.9175067,-74.69600858,0.26943699,,18.311701,17.559401
1508921756,264.9840079,-74.67090604,0.0281759,,18.592199,17.7554
1508922586,264.9375887,-74.63376512,0.060209699,,18.381701,17.5424
1508922661,264.9743802,-74.59346325,0.182161,,18.3137,17.500299
1508923018,264.880554,-74.52483473,0.100974,,18.724501,17.873899
1508995285,264.8905984,-74.43824435,0.148036,,18.823299,18.0326
1508995347,264.9121168,-74.40171282,0.27247301,,18.694,17.818501
1508995595,264.9673543,-74.34016391,-0.0175438,,18.703501,17.851299
1508995584,264.8647199,-74.34332223,-0.0320343,,18.528,17.632799
1508995657,264.9523598,-74.30141928,0.27385399,,18.462799,17.586599
1508996635,264.96491,-74.18708841,0.26072499,,17.792999,16.940701
1508996887,264.8737335,-74.15007228,0.28633201,,18.133499,17.292801
1508875518,265.5836145,-75.86894927,-0.431187,,19.517599,18.552099
1508878472,265.891389,-75.68836463,0.114836,,18.1113,17.1602
1508879824,265.7340032,-75.41227538,-0.334126,,19.285299,18.455601
1508902489,265.3478099,-75.45093099,0.076179303,,19.1486,18.2498
1508915896,265.4883582,-75.27914487,0.204458,,18.6373,17.748899
1508917403,265.3860472,-74.96753382,0.28971499,,18.118799,17.2295
1508922168,265.3521638,-74.65411959,-0.0764779,,18.7549,17.9114
1508994742,265.4632093,-74.48455853,-0.00079942599,,18.6241,17.8839
1508995997,265.3982692,-74.29719589,0.359889,,18.2609,17.380699
1508999906,265.3846822,-74.12126965,0.285036,,18.4109,17.5289
1508878244,265.6840612,-75.72320707,0.034831502,,18.6612,17.707899
1508890885,265.5939356,-75.28990677,-0.134158,,19.2568,18.3885
1508995853,265.5666994,-74.32657002,0.0985604,,17.8545,16.981501
1508900434,264.2123187,-75.53761522,-0.131685,,19.565001,18.627399
1508900463,264.1282439,-75.5370356,-0.504287,,19.9935,19.166901
1508903534,264.2353749,-75.50288047,-0.77442801,,19.9769,19.239401
1508903625,264.2239595,-75.43514324,0.198505,,19.7206,18.8001
1508903869,264.2077521,-75.39634838,-0.21848001,,19.5534,18.8874
1508903855,264.3170405,-75.38094267,-0.081659697,,19.788,18.968399
1508903859,264.2792162,-75.39492263,0.493294,,20.151199,19.230499
1508903860,264.234716,-75.37818193,0.50346398,,18.814699,17.9147
1508903865,264.2314565,-75.36652231,0.321989,,19.800699,19.0114
1508903943,264.1713481,-75.32600703,-0.161108,,20.240801,19.4541
1508903945,264.1798572,-75.32055068,-0.27957901,,19.9147,19.1264
1508903950,264.2089229,-75.32360515,0.21608201,,19.159401,18.315001
1508904753,264.1919937,-75.28870525,0.327696,,19.134399,18.2607
1508904763,264.2164392,-75.2864941,0.448605,,18.336599,17.4382
1508904765,264.2004997,-75.27340354,0.35714701,,19.5604,18.698
1508904814,264.3330756,-75.23671577,-0.0968628,,19.5546,18.665001
1508904843,264.1857759,-75.21440419,0.10944,,19.6933,18.8848
1508904831,264.2234073,-75.23814477,0.24070001,,19.280399,18.3748
1508905053,264.188741,-75.1814982,-0.216784,,19.814899,18.925501
1508905126,264.1989266,-75.12675977,0.32228401,,19.0145,18.110399
1508905135,264.1263347,-75.19671034,0.107883,,19.186001,18.3239
1508918362,264.1765324,-75.09772677,0.43903801,,19.2789,18.4832
1508918341,264.3361768,-75.06269616,-0.028283801,,19.7983,18.9589
1508918351,264.3331777,-75.04608655,0.383203,,19.923201,19.0938
1508917627,264.9466876,-75.03263294,0.46116599,,19.2118,18.2918
1508917952,264.8206079,-74.9263896,-0.090666004,,19.974501,19.146999
1508917944,264.8770617,-74.93944005,0.50570703,,19.888,19.061501
1508917945,264.870297,-74.93092568,-0.30684099,,20.599899,19.7068
1508917942,264.923106,-74.94187089,0.051373299,,19.207001,18.341999
1508917972,264.8317793,-74.90354493,-0.16596,,19.430901,18.5702
1508917975,264.8791394,-74.90096317,-0.588723,,20.127501,19.242901
1508917976,264.856711,-74.89304762,0.37165299,,19.167999,18.4016
1508917979,265.0333944,-74.91669038,0.12882,,18.7407,17.9706
1508918031,264.8698479,-74.86920505,0.036009502,,19.120701,18.303101
1508918044,264.8304242,-74.85553941,0.171133,,19.137501,18.2897
1508921337,265.1065137,-74.82590208,-0.0149988,,19.3965,18.6668
1508921402,264.9523902,-74.77549583,-0.0882883,,19.3813,18.496799
1508921641,264.9128217,-74.74410721,-0.44753799,,19.8466,19.062901
1508921670,265.1278923,-74.72931778,-0.63217998,,20.108299,19.3598
1508922665,264.9568454,-74.59426947,-0.185775,,20.4503,19.6189
1508922686,264.9647752,-74.5829374,-0.28005099,,20.7169,19.822399
1508922690,264.9432677,-74.56090656,-0.14212,,19.8351,19.0555
1508922838,265.1530758,-74.59593734,0.100985,,19.266199,18.3939
1508922849,265.1144865,-74.58936371,0.402812,,19.5881,18.7974
1508995286,264.8497248,-74.43121059,-0.72286898,,20.327499,19.437401
1508995346,264.9350927,-74.40904872,0.34470701,,19.460699,18.582199
1508995600,264.9336715,-74.31471446,0.064228401,,19.4361,18.586
1508995604,264.844413,-74.34510309,0.052754,,19.487101,18.747299
1508996641,264.8615497,-74.20039258,-0.56206501,,20.002701,19.117599
1508996611,264.9561288,-74.21913389,-0.53959697,,20.518101,19.679899
1508996695,265.2886046,-74.22048952,-0.21949001,,20.6716,19.829
1508996873,265.0567025,-74.14479827,-0.0043699201,,19.3104,18.4641
1508996926,265.0278368,-74.11976405,0.12557501,,20.139299,19.255301
1509000503,264.9229708,-74.04840761,0.54090899,,19.067699,18.312799
1509000504,264.9528413,-74.05371685,-0.509835,,20.409901,19.5189
1509000509,264.8645439,-74.0498816,0.26530999,,20.1495,19.3321
1509000523,264.8530658,-74.03143877,-0.51658797,,19.6915,18.8997
1508875572,265.3720372,-75.81129582,0.0251163,,19.6402,18.6905
1508878464,265.4238394,-75.62708249,-0.25704399,,19.8764,19.2012
1508901546,265.364785,-75.57789394,-0.28214401,,20.0501,19.333
1508901548,265.4050251,-75.57429924,0.195436,,19.055,18.1563
1508915935,265.3366179,-75.26122773,0.46682301,,18.734699,17.922001
1508916162,265.3549768,-75.20664554,0.44890901,,19.0109,18.094101
1508916219,265.5136119,-75.18507189,0.374015,,19.239201,18.378
1508917061,265.3946214,-75.08155383,0.18417799,,19.224501,18.413099
1508917405,265.4676715,-74.96390513,-0.127628,,19.4802,18.7125
1508917406,265.4389388,-74.96191867,-0.54383099,,19.686899,18.854799
1508922067,265.3641023,-74.72909028,0.024876099,,19.3454,18.468201
1508922164,265.3725318,-74.65124822,0.41911501,,19.865999,19.0772
1508922377,265.3751152,-74.62060956,0.42188501,,19.07,18.3102
1508994671,265.3573803,-74.5250052,-0.030353701,,20.2057,19.3815
1508996241,265.3863812,-74.24745795,-0.254356,,19.7486,18.9324
1508996259,265.413102,-74.2298037,0.184516,,20.4097,19.589899
1508996262,265.3949368,-74.22238128,0.13960101,,18.8235,18.1479
1508999874,265.3960752,-74.14580745,0.114078,,19.816299,18.947701
1508999880,265.40654,-74.14552584,-0.43302301,,20.504,19.660101
1508879830,265.6869652,-75.40425754,0.094520003,,19.2978,18.4526
1508879833,265.6480432,-75.39529062,0.30429399,,20.100901,19.237101
1508892046,265.7033277,-75.08638605,0.41536999,,18.786301,18.002199
1508921054,265.6183761,-74.78707471,0.36755201,,18.2181,17.383699
1508996098,265.6716246,-74.25910519,0.353165,,19.0959,18.2484
1508996104,265.6377612,-74.25810133,0.093446098,,18.6616,17.934999
1508999742,265.576253,-74.15020945,-0.370588,,18.9104,18.5196
1509000068,265.6162496,-74.05917778,0.53454298,,18.8736,18.0846
1509000074,265.7500313,-74.07229935,0.223529,,19.522499,18.784201
1508916824,264.8196645,-75.0595768,0.197868,,19.602699,18.8337
1508916872,264.6573492,-75.04849604,0.505229,,19.525299,18.6467
1508916945,264.6936454,-75.02514525,0.0726142,,19.9398,19.1563
1508916947,264.6883778,-75.01877884,-0.91443098,,20.2418,19.507
1508916948,264.6598661,-75.01827791,0.040431902,,19.1842,18.3981
1508916940,264.7276759,-75.01346829,0.29083401,,19.0082,18.156099
1508916943,264.7470995,-75.01642172,0.28388199,,20.2003,19.331301
1508917780,264.7016034,-74.99056378,-0.415564,,19.792299,18.9653
1508917765,264.756109,-75.01073127,-0.047792301,,18.987301,18.262699
1508917791,264.6931522,-74.97893852,-0.29717499,,19.550699,18.7341
1508918084,264.7278302,-74.8806205,0.071655802,,19.806801,19.046101
1508918177,264.766588,-74.82503123,0.33163199,,18.6663,17.7787
1508921439,264.7562159,-74.8020229,-0.0045779902,,19.1376,18.3076
1508916868,264.6590878,-75.06057394,0.108393,,18.6493,17.7799
1508916938,264.7418851,-75.01842567,-0.0090839099,,18.862,17.983299
1508917767,264.7669475,-74.99576134,0.15525199,,18.7843,17.882799
1508917868,264.7353061,-74.9184083,0.184714,,18.522301,17.732201
311800413,262.2234619,-74.70270632,1.30199,,12.5238,11.7051
311800536,262.3242516,-74.81720952,0.96268702,,13.4663,12.7998
311800717,262.3588945,-74.98276415,1.30143,,13.2085,12.5618
311801119,262.1688596,-75.37553543,1.9535,,13.3811,12.5519
311801273,262.2440028,-75.53925572,2.55056,,11.5376,10.881
311801274,262.391539,-75.54009351,1.87709,,12.9406,12.178
311801459,262.4556951,-75.72136779,1.0578001,,11.7651,11.1596
311800534,262.2268271,-74.81649067,0.27153301,,16.6915,16.0658
311801023,262.2973652,-75.26749788,0.393388,,16.0355,15.2318
311801454,262.2705967,-75.71690766,0.66052902,,15.4811,14.5893
311801455,262.5008793,-75.71696649,1.20762,,14.7965,13.9059
311801539,262.2610019,-75.82568418,1.10773,,14.0894,13.2421
311801700,262.4666331,-75.99129667,0.99278098,,15.0754,14.1425
311800207,262.3593987,-74.50540631,0.76791197,,14.5647,13.8183
311800336,262.3380773,-74.63367348,0.350674,,16.413601,15.5388
311800630,262.1996082,-74.89600693,0.29647499,,16.493799,15.5929
311800801,262.4330085,-75.05457412,0.4623,,15.7051,14.815
311800806,262.4702392,-75.05908478,0.25150201,,15.3391,14.4579
311801159,262.3600421,-75.41996332,0.421855,,15.7172,14.9234
311800236,262.4518772,-74.53149845,1.50352,,13.8717,13.0256
311800339,262.466152,-74.63591941,0.236104,,16.891399,16.132799
311800488,262.4674274,-74.77098228,0.30808401,,16.8323,15.9386
311800506,262.1614136,-74.79085852,0.50119698,,16.6504,15.7515
311800955,262.2525749,-75.18777898,0.259085,,16.771999,15.8878
311801162,262.3708587,-75.42272989,0.37134701,,16.322399,15.458
311801370,262.2830764,-75.63415319,0.41415799,,16.568501,15.6414
311800546,262.4961219,-74.82388401,0.34894699,,16.713499,15.8995
311800711,262.4738197,-74.97731256,0.38933101,,17.451401,16.580299
311800604,262.4068261,-74.87584314,0.10537,,17.2393,16.5093
311800911,262.1327285,-75.15556484,0.263594,,17.520399,16.659901
311800960,262.3899438,-75.1895602,0.19754,,18.402599,17.513
311801628,262.2184674,-75.91974629,0.180814,,17.098801,16.2798
311801630,262.4660969,-75.92108772,0.39917001,,17.0235,16.0851
311801694,262.1662794,-75.98407191,0.26541999,,18.250299,17.321199
311858837,262.6729653,-75.88706406,0.387173,,17.6394,16.716101
311801158,262.2377229,-75.41904829,0.19775499,,17.385401,16.4879
311800420,262.3404126,-74.70814051,0.41428599,,16.761101,15.8827
311800642,262.4095278,-74.91094657,0.34602401,,16.732,15.9138
311800259,262.4006017,-74.55460695,0.15587801,,17.897301,17.0284
311800421,262.4182253,-74.7088677,0.213981,,17.783001,16.907801
311800601,262.261302,-74.87259679,0.350651,,17.9526,17.059601
311800571,262.4343261,-74.84981563,0.193266,,17.9142,17.217199
311800602,262.1445011,-74.87243221,0.114926,,17.174601,16.5882
311800797,262.1930742,-75.05147038,0.111477,,17.9505,17.171101
311801042,262.452267,-75.29489882,0.169441,,17.683901,16.784901
311858836,262.4887223,-75.88747578,0.236448,,18.3118,17.413
311800191,262.2285631,-74.49227877,0.57191497,,18.138201,17.247601
311860138,262.4693614,-74.60944594,0.419361,,18.240299,17.3846
311800568,262.2030169,-74.84812844,0.27699301,,17.500401,16.6271
311800673,262.4534401,-74.93727271,0.158035,,17.593399,16.7134
311800945,262.3700763,-75.1813628,0.29966,,17.9119,17.0457
311801383,262.2919333,-75.64636092,0.30177501,,17.086599,16.168699
311801530,262.3504967,-75.8098441,0.37219301,,17.6873,16.868799
311801077,262.2715151,-75.32668696,0.081261002,,17.257299,16.880501
311801309,262.3586048,-75.58100667,0.275159,,17.923901,17.059401
311800713,262.3469059,-74.98137995,0.179502,,18.176001,17.3116
311800947,262.4682802,-75.18243954,0.114379,,18.013399,17.1506
311800495,262.4983406,-74.77837421,0.45615801,,18.3561,17.485701
1508907866,262.2509387,-75.32019007,0.177672,,18.2066,17.3183
1508909900,262.1305776,-75.15217289,0.105847,,18.8559,18.0355
1508909904,262.0647122,-75.16716142,0.17180599,,18.7705,17.884399
1508913255,262.1165455,-75.10608886,0.256026,,18.521799,17.6486
1508914672,262.203441,-74.86116838,-0.16054501,,18.853201,18.055
1508900836,263.3429009,-75.5308975,-0.32038301,,19.115601,18.1994
1508920200,263.5099306,-74.78361201,0.068720803,,18.345699,17.4769
1508920542,263.6115155,-74.66947877,0.085967302,,18.189501,17.319
1508924043,263.6585692,-74.53054135,-0.072435297,,19.081499,18.261101
1508931134,263.5237917,-74.43572425,0.067124099,,18.2302,17.3535
1508932327,263.597185,-74.28665865,0.350568,,18.446899,17.557501
1508899269,264.023846,-75.75943186,0.038437601,,17.128,16.298599
1508899258,264.099851,-75.74732016,-0.070375897,,18.761299,17.833799
1508899251,264.1838517,-75.75587009,0.038272198,,18.7061,17.8034
1508900105,264.1271799,-75.66589063,0.210655,,17.6866,16.8808
1508900150,264.246121,-75.64610509,-0.183704,,18.179001,17.2787
1508900180,264.086313,-75.63433226,0.121194,,18.103399,17.176701
1508900204,264.055305,-75.60029093,0.268291,,18.3202,17.459299
1508900414,264.0185019,-75.54213231,-0.158419,,18.916901,18.056
1508900420,264.2427296,-75.5524558,0.032611798,,18.805799,17.912701
1508903588,264.0822124,-75.46005565,-0.10513,,18.780399,17.951401
1508903585,264.1489436,-75.45464227,0.020008899,,18.1938,17.3055
1508903652,264.1821678,-75.41671152,-0.25803801,,19.1008,18.2775
1508903640,264.1787671,-75.43232421,0.57774502,,16.8069,15.9133
1508903900,264.3460851,-75.36725798,0.15786099,,18.2882,17.399401
1508903893,264.153795,-75.35527735,-0.089692399,,18.967699,18.0784
1508906747,262.0819098,-75.46266973,0.43427801,,19.122999,18.258699
1508907861,262.2080819,-75.32490857,-0.12943999,,19.482599,18.6252
1508908664,262.0406468,-75.3491512,0.23327,,18.6766,17.878799
1508908667,262.0060449,-75.33681529,0.0457482,,19.6112,18.718599
1508909489,262.0490589,-75.30440273,-0.364436,,19.695801,18.856501
1508909578,262.076764,-75.25286731,-0.37308499,,20.0436,19.190599
1508909809,262.1411881,-75.21680713,0.61973202,,20.1514,19.2549
1508909815,262.1538254,-75.19616309,0.212484,,19.1618,18.354401
1508913241,262.1911263,-75.1136879,0.191423,,20.211399,19.332399
1508913296,262.0115595,-75.08411868,0.380312,,19.336599,18.502199
1508913359,262.0229845,-75.06403954,0.35381401,,19.437,18.581499
1508913360,262.0329274,-75.06267304,0.38645801,,19.520901,18.747299
1508913589,262.0885531,-75.02146289,-0.019142499,,19.8559,19.110901
1508913600,262.0670181,-75.02320838,-0.062533498,,19.1318,18.406401
1508913612,262.1532349,-74.99415971,0.16842701,,19.054199,18.222799
1508913633,262.2869587,-75.00497194,0.344989,,19.283501,18.504999
1508913640,262.2942628,-75.00211535,-0.155715,,20.6439,19.7722
1508913674,262.1671116,-74.97601771,-0.099356703,,19.835501,19.033001
1508913701,262.1887356,-74.95008469,0.234138,,18.9195,18.035999
1508913702,262.181805,-74.95091884,0.208271,,19.264799,18.429001
1508913704,262.1794266,-74.9483647,-0.00300753,,19.400101,18.506399
1508914579,262.1407748,-74.91720379,-0.0201972,,20.033001,19.260599
1508914582,262.1153086,-74.9244331,-0.65335602,,19.6234,18.7694
1508914650,262.2098589,-74.88045804,0.308698,,20.180099,19.3351
1508914677,262.128532,-74.85434904,-0.31658301,,20.307301,19.5075
1508855371,263.3544516,-75.81803894,-0.181786,,19.497801,18.7393
1508855442,263.3629559,-75.76973231,0.185167,,19.714701,18.835501
1508899571,263.352587,-75.74688988,0.38491699,,18.6031,17.8202
1508899581,263.4389789,-75.7258663,0.044485901,,19.409901,18.5431
1508899584,263.4134894,-75.73138739,-0.478248,,19.9298,19.038601
1508899933,263.5167783,-75.58649196,0.244488,,18.5021,17.6812
1508900811,263.4201732,-75.56596995,0.239218,,19.4046,18.5481
1508900804,263.3966764,-75.56285751,0.182019,,18.4203,17.6639
1508900781,263.4777515,-75.51592306,0.46834701,,19.692801,18.8153
1508900823,263.4333633,-75.54356497,-0.71922898,,19.571699,18.792801
1508900837,263.3772538,-75.52510692,0.212549,,19.655701,18.858
1508905828,263.5608051,-75.00816561,-0.20310999,,19.7215,18.8428
1508905830,263.5710572,-75.00433966,-0.037270602,,19.435699,18.612301
1508919066,263.6229682,-74.91910713,0.20815399,,19.1038,18.5068
1508919276,263.5893312,-74.89094106,-0.0986185,,19.9697,19.193899
1508919288,263.6131297,-74.8804707,-0.0713844,,18.618799,18.115801
1508919371,263.5471024,-74.84471833,-0.65487498,,20.346901,19.6047
1508919345,263.6661863,-74.84458749,-0.497385,,20.284401,19.4478
1508919368,263.6601287,-74.81828668,0.21894699,,18.994301,18.118
1508920193,263.6057502,-74.7921826,-0.53312898,,19.958599,19.0707
1508920210,263.5788393,-74.76884417,0.19599199,,19.9795,19.243999
1508920307,263.9831575,-74.76078967,0.225113,,19.0516,18.2251
1508920640,263.6274865,-74.61943961,0.303855,,19.204399,18.3626
1508923961,263.6348025,-74.59850202,-0.34203699,,19.944201,19.141899
1508923962,263.6705757,-74.5962358,0.58615798,,19.651501,18.7672
1508924028,263.7076753,-74.55355429,0.37872201,,20.101999,19.2682
1508924030,263.695322,-74.54512604,0.32339299,,18.6264,17.7915
1508924251,263.7067407,-74.49633681,0.34249699,,19.039301,18.2766
1508924321,263.6463651,-74.45111598,-0.120545,,19.548901,18.7549
1508925216,263.783538,-74.39804371,0.24239901,,18.8521,18.004601
1508925279,263.7234851,-74.36860556,0.0600021,,19.3974,18.6255
1508931078,263.5754733,-74.46431706,0.382752,,18.680099,17.863501
1508932036,263.554528,-74.37283688,-0.237222,,19.422501,18.6616
1508932089,263.569145,-74.33015885,0.0192877,,19.2778,18.504499
1508932093,263.6255144,-74.33782967,0.076440603,,19.5369,18.7579
1508853384,264.2667232,-75.93374331,-0.26299301,,19.707001,18.8727
1508854775,264.024363,-75.9245999,0.310146,,19.0378,18.070601
1508854815,264.0548005,-75.91904128,0.394903,,19.459801,18.702801
1508854831,264.0883352,-75.89288733,-0.30361801,,19.5165,18.580099
1508897528,264.3982465,-75.87692807,0.498135,,19.754601,18.814699
1508898954,264.0600235,-75.84235535,0.44860801,,18.694201,17.7365
1508898949,264.0393729,-75.83852677,-0.667979,,20.382799,19.556999
1508899315,264.1040982,-75.71375774,-0.44757801,,19.417,18.6385
1508900178,264.147227,-75.59910603,0.321931,,19.822901,18.8981
1508900422,264.2391139,-75.55039633,0.136767,,19.759399,18.9093
1508900466,264.0955326,-75.51680568,0.498739,,19.5319,18.5847
1508903573,264.0477991,-75.46405253,-0.492704,,19.3363,18.5641
1508903665,264.1116551,-75.39805781,-0.54237801,,20.315001,19.4904
1508903960,264.1316237,-75.30411163,0.150682,,19.867399,19.059401
1508904853,264.0757451,-75.27078382,0.56119698,,18.693399,17.821501
311889364,263.1632578,-75.04029446,0.62768298,,15.9706,15.1119
311888627,263.122753,-74.38256301,0.39348501,,16.448999,15.6106
311890108,263.195585,-75.84015171,0.157315,,16.4867,16.044701
311888417,262.964743,-74.19416828,0.48712,,15.8302,14.9677
311888462,262.9892223,-74.23207116,0.738985,,14.6435,13.9094
311888977,263.0871292,-74.703067,0.484321,,15.6733,14.8186
311889403,263.2360436,-75.07138988,1.10403,,14.2375,13.3617
311889550,263.0207302,-75.22867923,0.45859101,,15.6056,14.8143
311889670,262.9439288,-75.34537047,0.64233601,,14.5147,13.7305
311890048,263.1122415,-75.76820816,0.90945101,,14.9731,14.1656
311890087,263.0090822,-75.81140146,1.42457,,14.0375,13.1365
311890110,263.191853,-75.84696863,0.59140003,,14.8939,14.0103
311890121,263.2453314,-75.86274151,0.58951497,,14.8858,14.0212
311890165,263.2982347,-75.91034843,0.62576699,,15.3168,14.4088
373013616,263.8321677,-75.85848795,1.15714,,14.6387,13.7318
373014257,263.7159062,-74.99905092,1.26925,,14.0179,13.2341
373014600,263.983251,-74.5973715,0.48413,,15.8021,14.9399
373015083,263.9841954,-74.04568578,0.62965697,,14.4723,13.6326
373013864,263.7111116,-75.51527033,0.485625,,16.273899,15.3506
311888219,263.1820103,-74.00098623,0.354543,,15.5622,14.8093
311888287,263.0092101,-74.07272885,0.40426701,,15.9327,15.0695
311888416,263.2729642,-74.19263934,1.2634,,15.2247,14.3814
311888463,262.9452111,-74.23271788,0.67036498,,14.1681,13.4287
311888675,263.1181559,-74.42345114,0.33224899,,16.2799,15.4209
311888788,263.2576072,-74.51789519,0.699435,,15.1611,14.2826
311888970,263.1046493,-74.69850591,0.349673,,16.2831,15.4965
311889282,263.2931301,-74.96508108,0.37431899,,15.718,14.8175
311889545,263.1533942,-75.22216307,0.566719,,16.031799,15.1279
311889684,263.1982076,-75.3601138,0.87975299,,14.7461,13.8974
373013683,263.9002362,-75.77779037,0.27814901,,16.630301,15.713
373013802,263.9159395,-75.60807628,0.597691,,15.2478,14.4993
373014050,263.7478322,-75.27326858,0.58783698,,16.113001,15.2797
373014295,263.9304557,-74.95353314,0.81105697,,14.9909,14.1074
373014380,263.8553335,-74.85653687,0.608715,,15.4417,14.6583
373014583,263.7104345,-74.62104363,0.49752,,16.464399,15.6041
373014967,263.8208971,-74.17375224,0.42093599,,16.397699,15.5003
311889476,263.0601044,-75.15652634,1.49754,,13.4868,12.7245
311888365,263.1542447,-74.15666213,0.74623001,,13.751,12.9099
311888549,262.933231,-74.3085631,1.45241,,12.4179,11.6611
311888932,263.2875675,-74.6568112,1.06477,,13.3844,12.7104
373013642,263.9119183,-75.83097964,1.6900899,,13.5915,12.7516
373013842,263.9042835,-75.54244774,1.61366,,13.6999,12.9242
373014425,263.7903376,-74.81102743,1.24448,,13.6358,12.876
373014933,263.7290538,-74.21166049,1.53774,,12.4812,11.7871
311889047,263.2392159,-74.75793748,5.1399698,,9.6052399,8.9925604
311889672,262.9502973,-75.35186075,0.77956498,,14.9626,14.0444
311889307,263.1485527,-74.98922679,0.600622,,16.8396,15.9912
311889669,263.2328923,-75.34502088,0.173076,,16.268,15.6159
311890123,263.0820848,-75.86627403,0.38415,,17.424999,16.633101
373013660,263.7048267,-75.80758128,0.38971201,,16.8962,15.9913
373013862,263.9869407,-75.51806121,0.40789801,,16.6709,15.839
373013898,263.8252642,-75.47295891,0.37430799,,16.6329,15.7445
373013948,263.845507,-75.41535373,0.30630699,,16.854401,15.9302
373014090,263.7519875,-75.23432502,0.338424,,16.6189,15.7187
373015081,263.771476,-74.04573267,0.42820299,,16.994301,16.1532
373015082,263.8340516,-74.04574566,0.159612,,16.429199,15.7766
311888364,263.1016567,-74.15661805,0.31101799,,16.621901,15.8324
311888848,263.2236363,-74.57547119,0.36671999,,16.2855,15.4086
311888944,263.1158753,-74.67071057,0.493352,,16.0839,15.2739
311888968,263.2328202,-74.69621903,0.416044,,16.246799,15.3658
311889023,263.0785285,-74.73857221,0.38655999,,16.118,15.2681
311889126,263.1598012,-74.81797543,0.54307199,,15.9892,15.097
311889581,263.2936032,-75.25220985,0.488139,,15.9824,15.1186
311890163,263.0166681,-75.90821037,0.63476199,,16.135401,15.2586
373013575,263.92201,-75.92725465,0.45356199,,15.9261,15.0794
373013615,263.8622567,-75.86004306,0.378176,,16.1252,15.3476
373013659,263.9625521,-75.81047493,0.52740598,,16.632799,15.6776
373013742,263.7497382,-75.70540338,0.55474102,,16.259199,15.5227
373014061,263.8734876,-75.26771261,0.598068,,15.4537,14.6067
373014281,263.9477797,-74.96501688,0.47626299,,15.9479,15.0468
373014965,263.9083147,-74.17521486,0.62594199,,16.413,15.6417
311890150,263.1214378,-75.89185384,0.32051301,,16.985701,16.2306
311889049,263.2533264,-74.76064793,0.88900399,,14.3737,13.5166
373013522,263.8290065,-75.98945244,0.232302,,18.064699,17.1423
373014170,264.0911067,-75.11679119,0.420385,,18.0765,17.1887
311888336,263.1499585,-74.11372569,0.20789801,,17.700899,16.8132
311888518,263.2314181,-74.28711054,0.35076499,,17.3249,16.618401
311888828,263.2619088,-74.55697511,0.075815499,,17.4702,16.6073
311888849,263.2083925,-74.57840161,0.24791899,,17.191799,16.3253
311889122,263.0776284,-74.81465962,0.064914398,,17.923901,17.1199
311889583,263.1380963,-75.25349287,0.47562999,,16.6059,15.7035
311889686,263.185748,-75.36235368,0.327021,,17.481701,16.5793
311890112,263.0056243,-75.84817781,0.33043599,,17.1947,16.2668
311890113,263.0703241,-75.85193549,0.23222201,,17.182199,16.2873
311890175,263.307095,-75.92118075,0.298922,,18.2012,17.316799
373013619,263.8761375,-75.85235717,0.064894699,,17.8458,16.946501
373013624,263.7183151,-75.84516455,0.364631,,17.0963,16.152201
373013657,263.9254622,-75.81195566,0.32191101,,17.0639,16.1957
373013686,263.9444082,-75.77209243,0.211707,,17.443199,16.5016
373013743,263.9238021,-75.70304538,0.26670599,,17.4897,16.613899
373014121,263.9803867,-75.1749681,0.40618601,,17.040701,16.1353
373014436,263.7857921,-74.79608679,0.29126,,17.0296,16.136801
373014437,263.7775051,-74.79389733,0.214572,,17.325199,16.499201
373014360,263.6374728,-74.87403627,0.24934401,,17.9748,17.1444
373014460,263.9488887,-74.77334945,0.235522,,16.886,16.0214
373014511,263.7110932,-74.72080247,0.235587,,17.571301,16.7125
373014590,263.8034528,-74.61183173,0.28442401,,17.635201,16.746099
373014592,263.8674549,-74.60839995,0.279796,,17.259399,16.4219
373014809,264.0023553,-74.35382392,0.309021,,17.66,16.7848
373015036,263.8689472,-74.09143245,0.176011,,18.034599,17.150101
311888250,263.1670132,-74.02604002,0.207002,,18.108101,17.268
311888292,263.2470989,-74.07777533,0.019889999,,18.122499,17.3081
311888421,263.2692204,-74.19833433,0.36636701,,17.1999,16.3302
311888516,263.0609688,-74.28578769,0.138869,,17.563299,16.725201
311888608,263.0347965,-74.35147797,0.123719,,17.7523,16.887501
311888950,263.3458652,-74.6745138,0.077890404,,17.936899,17.0956
311888967,263.2235835,-74.69371412,0.29051501,,17.101,16.2218
311889214,263.0913276,-74.90562255,0.359905,,17.680799,16.7833
311889267,263.1087571,-74.95021728,0.326424,,17.860001,17.0762
311889269,263.2501294,-74.95209616,0.058086202,,18.000799,17.131001
311889489,262.9017052,-75.1707801,0.140587,,18.3447,17.508699
311889490,263.1627899,-75.17107117,0.31323999,,17.9142,17.052401
311889585,263.174623,-75.25569976,0.131974,,17.7041,16.800501
311890016,263.2854939,-75.73531562,0.220782,,18.0811,17.1423
311890019,263.1422988,-75.74434839,0.33609799,,17.466499,16.5748
311890143,262.9551548,-75.88651792,0.19178399,,17.4317,16.537201
311890146,263.2095328,-75.88909634,0.29054499,,17.8368,16.945299
373013523,263.9866955,-75.98865688,0.10203,,18.0448,17.129
373013568,263.7775964,-75.93797922,0.23005199,,17.621099,16.6493
373013643,263.7187158,-75.82955732,0.251131,,17.875299,16.961599
373013747,263.7383735,-75.69317376,0.34730199,,18.182301,17.2813
373013806,263.6991486,-75.60126959,0.32002401,,17.981001,17.1539
373013797,263.7295194,-75.62384377,0.186012,,17.839899,17.0702
373013823,263.756124,-75.56676596,0.184333,,17.6835,16.747101
373013891,263.7259414,-75.47878552,0.209056,,17.8909,16.9858
373013949,263.6789346,-75.41510252,0.138613,,18.109699,17.1917
373014169,263.9169931,-75.11786075,0.27090201,,17.196301,16.291201
373014294,263.7939582,-74.95455159,0.016795101,,17.951599,17.1523
373014362,263.7554706,-74.87346535,0.14153001,,17.836901,16.9403
373014349,263.9267764,-74.88645834,0.42424801,,17.7269,16.842199
373014382,263.8718698,-74.85500131,0.32354,,17.777201,16.9055
373014469,263.8249441,-74.76169294,0.162504,,17.886299,17.0021
373014461,263.7301637,-74.77233905,0.244937,,17.5306,16.6457
373014740,263.8151647,-74.42577788,0.31170899,,18.4333,17.5466
373014834,263.697838,-74.32225641,0.205117,,17.561501,16.7971
373014939,263.9097985,-74.20416386,0.23928501,,17.6537,16.7729
373015002,263.8442472,-74.12621891,0.044732299,,17.7367,16.8428
311889050,263.1035203,-74.76170291,0.258347,,17.1241,16.2908
373014200,263.8489149,-75.07820667,0.27326801,,18.038,17.1425
373014868,263.733228,-74.28704546,0.102289,,17.2668,16.4081
311888420,262.9557343,-74.19722412,0.36326799,,17.8267,16.941799
311889216,263.2136801,-74.90667091,0.205349,,17.9828,17.0842
311889222,263.0318442,-74.90927465,0.30860299,,18.059401,17.1726
373014807,263.8019157,-74.35590637,0.32338101,,18.335501,17.4566
311889656,262.9998228,-75.33242658,0.051750999,,18.3932,17.496
311889870,263.3167556,-75.57770733,-0.028501,,18.132299,17.2248
373014283,263.8673111,-74.96331843,0.094222598,,18.281,17.429501
311888746,263.2479151,-74.48489518,0.504071,,18.050501,17.1814
373013981,263.930253,-75.37100315,0.51829898,,18.369699,17.4564
1508853308,264.2570978,-75.97425513,-0.086928301,,19.7302,18.8211
1508853314,264.268948,-75.96336574,-0.096551903,,20.2082,19.289301
1508853301,264.1658888,-75.98733563,-0.34648401,,20.2059,19.4457
1508853317,264.1949126,-75.96530093,0.0149141,,19.746401,18.8776
1508853318,264.159263,-75.95836147,-0.136024,,19.264601,18.4725
1508853325,264.1629395,-75.94996396,0.083637998,,19.7125,18.7314
1508853370,264.2031637,-75.94962213,-0.201812,,19.250601,18.386801
1508853390,264.2054702,-75.92416619,-0.22453,,20.3575,19.458
1508897573,264.2144405,-75.83521876,-0.112185,,19.4834,18.597
1508897594,264.6854179,-75.86857871,0.34281799,,20.107599,19.110001
1508897790,264.2525036,-75.77794276,0.45855701,,19.7894,18.844999
1508897870,265.30803,-75.88704354,0.32520801,,20.0107,19.0977
1508898542,264.2437437,-75.70303008,0.73223698,,19.07,18.109501
1508898627,264.3924238,-75.66216113,-0.130686,,19.617399,18.7209
1508899330,264.1961224,-75.70786873,-0.0121991,,19.7073,18.828199
1508853375,264.2091394,-75.93150756,0.22493801,,18.4601,17.490101
1508897589,264.6876921,-75.875515,0.049976401,,18.9111,17.971399
1508898855,264.5467727,-75.60498726,-0.065622501,,18.796101,17.8773
1508899247,264.1635603,-75.75337026,-0.135686,,18.7393,17.919399
1508900094,264.1454066,-75.68317938,0.23511,,17.870399,16.965099
1508900095,264.1676437,-75.68481973,0.067687303,,18.435101,17.7202
1508926232,262.8885745,-74.83982727,0.57359803,,19.024799,18.2253
1508926573,262.793951,-74.75031814,0.101275,,18.997,18.1786
1508926574,262.798635,-74.74544359,-0.65083998,,19.956499,19.220699
1508926617,262.9658768,-74.71646593,-0.43246999,,20.038401,19.1675
1508926658,262.7979087,-74.68808074,0.0927132,,19.202,18.340401
1508926649,262.8094718,-74.70762957,-0.133809,,19.621799,18.782301
1508926650,262.8163433,-74.70338801,0.35994899,,19.495199,18.650299
1508926684,262.8181734,-74.66825429,-0.52189898,,19.9163,19.056299
1508927589,262.7927715,-74.6014577,0.256089,,18.957199,18.0783
1508927587,262.808557,-74.60854005,0.29126701,,19.803801,19.048599
1508927613,262.7999758,-74.57939769,0.40933999,,18.6922,17.8498
1508927846,262.8189688,-74.54745967,0.216988,,19.986099,19.198
1508931439,262.8688988,-74.45211914,-0.23621801,,20.2558,19.4268
1508931627,262.7626577,-74.395933,-0.056970201,,19.498699,18.766399
1508931628,262.7392536,-74.39112855,0.26942301,,18.828199,17.977501
1508931870,262.7954602,-74.33761847,0.39830199,,19.266899,18.458599
1508931877,262.8279497,-74.33446214,0.21165,,19.041599,18.251499
1508931860,262.8639569,-74.34993528,0.199113,,19.7178,18.9279
1508931948,262.858686,-74.28321922,-0.38495401,,20.187,19.4196
1508932813,262.9019365,-74.23810773,0.20704199,,19.5518,18.673901
1508932853,262.8008094,-74.21435878,0.33839899,,20.443199,19.583
1508932864,262.7500101,-74.20223197,-0.2068,,20.293301,19.4708
1508932911,262.835462,-74.17555432,-0.070491701,,20.5916,19.772301
1508932951,262.7364177,-74.1539038,0.539101,,19.248699,18.406401
1508933177,262.9288775,-74.14612293,-0.0233784,,19.3951,18.6124
1508933216,262.8125545,-74.13085515,0.42428401,,20.090799,19.2927
1508933244,262.9674158,-74.11923146,0.36479101,,19.0275,18.2892
1508854613,263.7568131,-75.97801069,0.456485,,19.8762,18.995199
1508854682,263.7556554,-75.95951248,-0.41764,,19.4858,18.665701
1508854954,263.793357,-75.87552246,0.0028013401,,19.622999,18.702499
1508854977,263.7596375,-75.85039773,-0.0070244898,,19.7407,18.7967
1508854970,263.8167792,-75.84403863,-0.22816101,,19.5742,18.8307
1508899080,263.7928274,-75.82661697,-0.61174202,,19.718599,18.859501
1508899087,263.8078581,-75.81090134,0.192148,,18.9373,18.1929
1508899149,263.8227241,-75.78112732,0.115545,,19.144899,18.3211
1508899176,263.7904709,-75.74315016,-0.29698801,,19.044001,18.310801
1508899474,263.9350802,-75.67341629,0.0120073,,19.6124,18.7728
1508899478,263.9135481,-75.66572696,0.56563997,,18.4876,17.6082
1508900312,263.8905814,-75.5530118,0.0024651201,,19.1521,18.3284
1508900345,263.7674542,-75.55227167,-0.056502499,,19.577101,18.6691
1508900360,264.2437926,-75.59768701,-0.0246001,,20.712299,19.809601
1508900568,263.8445879,-75.50311449,-0.42229399,,19.7092,18.802299
1508900639,263.7647318,-75.46323485,-0.148681,,19.7458,18.9568
1508903735,263.918304,-75.42136409,-0.20470101,,19.800699,18.9272
1508854789,263.8782939,-75.9231627,-1.26735,,20.167299,19.2768
1508854799,263.8690667,-75.90534526,0.39339101,,19.1509,18.208099
1508854868,263.9092526,-75.8747528,0.39774099,,19.564899,18.600901
1508899054,263.9503604,-75.80628883,0.147644,,20.129499,19.2283
1508899063,263.9869486,-75.78718873,0.51681697,,18.183001,17.3328
407579324,264.1033578,-74.23035682,0.490125,,17.2544,16.395599
407576620,264.0258278,-75.19454427,0.245897,,17.4718,16.697001
407576514,264.0963882,-75.39109003,0.403319,,17.4118,16.492001
407576577,264.1239087,-75.28427299,0.27112001,,17.1866,16.3372
407576613,264.0196907,-75.207025,0.396992,,17.570499,16.681601
407576621,264.190632,-75.19366449,0.197697,,17.206699,16.328199
407579060,264.142329,-74.8374282,0.34761301,,17.142099,16.2952
407579183,264.0014113,-74.56196459,0.27064499,,17.0012,16.141399
407579042,264.0617751,-74.87713176,0.574292,,16.6791,15.7891
407579234,264.0326753,-74.44556785,0.18108,,17.399401,16.5683
407576545,264.1480393,-75.33585003,0.115706,,17.7031,16.805401
407576546,264.1941845,-75.33392085,0.42286101,,17.816401,16.9027
407576569,264.1363541,-75.29565406,0.28268501,,17.842699,16.9958
407576615,264.1077105,-75.20393907,0.1961,,17.414101,16.5473
407576639,264.0496142,-75.16221395,0.214802,,17.6453,16.952499
407579170,264.2018938,-74.59423802,0.090003803,,17.8603,16.9834
407579370,264.028319,-74.1487565,0.236316,,17.7738,16.968
407576506,264.068745,-75.41179473,0.28156799,,17.6481,16.760099
407579142,264.1201141,-74.63675412,0.43143499,,16.6217,15.7698
407579371,264.0919955,-74.14822163,0.26024199,,17.711599,16.8379
407576667,264.0242801,-75.09114635,0.31267601,,17.5937,16.6875
407579298,263.9780331,-74.29586058,0.15783,,17.3533,16.4958
1508926579,262.7645328,-74.74464919,0.221854,,18.036501,17.182501
1508926588,262.7248843,-74.72922083,-0.086348802,,18.6122,17.771
1508926647,262.8213058,-74.71324307,0.033315599,,18.745701,17.9046
1508926670,262.7534417,-74.68259293,0.189484,,18.1401,17.4146
1508927518,262.8088246,-74.6499457,0.195365,,18.247499,17.3792
1508927531,262.8123942,-74.62641047,0.136613,,18.122499,17.364201
1508931445,262.9478596,-74.45073651,0.114923,,18.7843,17.919001
1508931446,262.9447211,-74.45116212,0.200385,,18.656401,17.7894
1508931467,263.0624353,-74.45424388,0.0149476,,18.1073,17.252199
1508931857,262.8471527,-74.35797447,-0.111658,,18.781,17.9377
1508932831,262.770708,-74.24953981,0.0630408,,18.8685,18.0378
1508932921,262.8238152,-74.19162281,0.0929441,,18.638901,17.781799
1508933171,262.8497449,-74.14650242,0.23515999,,18.2311,17.3606
1508933213,262.7550699,-74.12629297,0.217774,,18.899599,18.0285
1508933221,262.8229055,-74.11619872,0.041845702,,19.0336,18.158001
1508933223,262.8156905,-74.11316806,0.24197,,18.186399,17.320299
1508933265,262.9387375,-74.0997383,0.113972,,18.523399,17.67
1508933323,262.7824669,-74.06079308,-0.300531,,18.9872,18.2719
1508854806,264.1211704,-75.92874226,0.260288,,18.431499,17.497101
1508854952,263.7332655,-75.85927419,0.17087901,,18.398899,17.568199
1508899231,264.1185915,-75.78779114,0.31321901,,17.8293,16.8713
1508899462,263.8475403,-75.68686491,0.099292897,,18.4629,17.560801
1508899476,263.927833,-75.67351877,0.039905801,,18.242201,17.3347
1508900311,263.910147,-75.55947713,0.34134701,,18.6402,17.6961
1508900364,264.1932908,-75.60346462,0.14870501,,18.255199,17.3825
1508854563,263.9617416,-75.98505276,0.32220599,,18.2505,17.3027
1508854566,263.9021486,-75.97527842,0.077219702,,18.742901,17.834499
1508854800,263.859529,-75.90410049,0.110845,,18.4977,17.576401
1508898971,263.9483491,-75.85311216,0.28438601,,18.5611,17.646099
407576571,264.1244581,-75.29254691,0.31215999,,16.303301,15.3988
407576602,263.9995339,-75.22824689,0.54658997,,15.9526,15.0465
407579116,264.0487561,-74.68903851,0.28425401,,15.8587,15.219
407579239,264.0711861,-74.43393361,0.421911,,16.797501,15.9295
407579323,264.0683675,-74.23227951,0.33403999,,16.940701,16.066999
407576540,264.1558224,-75.34534556,4.6649299,,9.5870104,8.98174
407576504,264.099716,-75.42050933,3.0856299,,11.3183,10.6173
407576596,264.1996128,-75.24424639,1.65186,,12.7873,12.0589
407578988,264.1578267,-75.00582265,1.67145,,12.3588,11.6157
407579345,264.0438045,-74.19129003,2.15658,,12.1765,11.5363
407576641,264.1925128,-75.15711571,0.79988199,,13.4862,12.7477
407576505,264.1834969,-75.41230586,0.43172699,,16.4823,15.5781
407576508,264.1962888,-75.40753008,0.53903401,,16.202299,15.3687
407576614,264.188297,-75.20692687,0.173389,,16.5126,15.7646
407579349,264.1576928,-74.18743316,1.05573,,14.9024,14.0959
407576579,264.0550071,-75.27849173,0.30542201,,15.2559,14.4396
407579117,264.1924367,-74.68877609,1.24745,,15.0605,14.2144
407579306,264.191003,-74.27283734,0.86959702,,14.7419,13.8811
407576541,264.0219897,-75.34214908,0.46282801,,16.4673,15.5558
407576513,264.1945575,-75.39578538,0.94477999,,14.8038,13.9303
407576636,264.0484031,-75.16985092,0.75457901,,14.2896,13.5835
407578986,264.1288419,-75.01043046,0.70624,,14.9628,14.1624
407578987,264.116763,-75.00598897,0.96028602,,14.9209,14.0369
407579149,264.19632,-74.62590722,1.0892299,,14.4591,13.5911
407579163,264.0072505,-74.60185968,0.58975399,,15.529,14.7511
407579182,264.0345271,-74.56480126,0.41072699,,16.090099,15.2447
407579340,264.1999693,-74.20480053,0.63935202,,15.8019,14.915
407576643,264.0793956,-75.15416545,0.98080897,,14.8351,13.9777
311889727,263.2322207,-75.41305425,0.611947,,16.0044,15.1104
311889805,263.2825125,-75.49537648,0.69414097,,14.4558,13.7073
311889951,263.0338787,-75.66997642,0.68781501,,15.4472,14.6109
311890068,263.213118,-75.79184191,0.46581,,16.078899,15.1559
311889860,263.0611311,-75.56508645,0.239664,,17.1469,16.2414
311889783,263.0577088,-75.47066987,0.127307,,17.935699,17.0233
311889829,263.1309102,-75.52799737,0.35349101,,17.1182,16.2316
311889864,263.2309021,-75.56825832,0.045935001,,17.7575,16.865801
311889780,263.1187179,-75.46859118,0.126972,,16.854,15.927
311889785,263.1154744,-75.47367705,0.22230799,,17.4277,16.604799
311889824,262.9159953,-75.52456908,0.32052699,,17.266701,16.403
311889945,262.9899695,-75.66283356,0.405007,,17.525101,16.693899
311890027,263.0975703,-75.75189936,0.189779,,16.6311,15.9297
311890041,263.2968274,-75.76054388,0.17837401,,17.588499,16.673599
311889695,263.1911092,-75.37613272,0.078551099,,17.8682,17.005199
311889797,263.0733139,-75.48721431,0.00333558,,18.102699,17.2178
311889802,263.2478209,-75.4918958,0.45945001,,17.528,16.756901
311889803,263.0975875,-75.49367951,0.21462201,,18.0355,17.126499
311889857,263.0931057,-75.56288665,0.505081,,17.5406,16.6565
311889949,263.1830121,-75.66825393,0.111498,,18.181801,17.373699
311889950,263.1411524,-75.66871446,0.47387201,,17.549601,16.66
311889826,263.1397067,-75.52656873,0.60629898,,17.619801,16.693701
311890046,263.2292537,-75.76401846,0.207458,,17.600401,16.6835
311890023,263.0756509,-75.74972648,0.17156,,17.7502,16.8123
311890067,262.9476099,-75.79148368,0.14165901,,17.657101,16.7817
1508906394,262.632216,-75.48951828,-0.400455,,18.691401,17.7945
1508907592,262.7315593,-75.3192162,0.18033101,,18.352301,17.595301
1508907641,262.7678178,-75.29906961,0.10678,,18.3241,17.427099
1508907642,262.7227145,-75.28643842,0.24016701,,17.511499,16.6705
1508911026,262.7671899,-75.1905807,0.159371,,18.6353,17.754601
1508911701,262.6966775,-75.10950051,0.39171401,,17.4678,16.612499
1508911703,262.6817161,-75.09061072,0.242855,,18.1835,17.3867
1508911755,262.6975968,-75.08668176,-0.093020096,,18.394199,17.5249
1508911779,262.7531667,-75.05817447,0.247785,,18.0478,17.181299
1508912619,262.5945594,-75.02211483,-0.13686199,,19.1031,18.215099
1508912615,262.6619947,-75.02900282,0.217389,,18.1693,17.323601
1508912666,262.7397766,-74.99868381,0.212238,,18.096901,17.368601
1508926263,262.7167678,-74.83547891,0.13733999,,18.134899,17.243999
1508926268,262.7044814,-74.8223719,0.138651,,18.5277,17.674
1508926286,262.897943,-74.82434769,0.108169,,18.8885,18.049999
1508926343,262.71254,-74.78991147,0.100555,,19.0079,18.1315
1508927617,262.7928345,-74.56675268,0.076748401,,19.037399,18.1551
1508927622,262.8334987,-74.57081185,0.074419603,,18.1518,17.510799
1508931583,262.6654614,-74.41656707,0.163857,,18.7428,17.9254
1508931641,262.8410459,-74.37857787,0.26072499,,18.653099,17.7931
1508860334,262.7689225,-75.94724261,0.315781,,18.704201,17.7747
1508860342,262.7242571,-75.93954057,0.293778,,18.4547,17.571699
1508860357,262.7485317,-75.9217394,0.147825,,18.874399,17.9853
1508860414,262.8116588,-75.89530628,0.079865403,,18.7062,17.9373
1508860406,262.793723,-75.90408317,0.0401299,,18.615,17.7663
1508860431,262.7265952,-75.86485602,-0.181568,,18.9009,17.9659
1508861237,262.8363187,-75.86629044,0.065711997,,18.2523,17.317101
1508861310,262.8737374,-75.82368441,0.36760399,,18.023899,17.100401
1508861653,262.838387,-75.67790919,0.064551197,,18.5294,17.6273
1508905999,262.853302,-75.61705865,0.37545601,,18.2726,17.3517
1508906008,262.9434669,-75.58958965,0.22433899,,18.4764,17.6208
1508906009,262.9417554,-75.5939314,0.0283195,,18.5867,17.764601
1508906139,262.6767688,-75.57434084,0.427421,,20.0987,19.195601
1508906365,262.6543448,-75.52525273,0.16085599,,19.219299,18.2999
1508906383,262.6471999,-75.5027197,0.428155,,19.1022,18.195101
1508906384,262.6608504,-75.51138235,-0.49215901,,19.503201,18.6399
1508906396,262.8430315,-75.51638446,0.191155,,19.362801,18.450899
1508906452,262.7278496,-75.47982324,0.53451502,,18.5462,17.6541
1508906433,262.765602,-75.47805482,-0.90531099,,19.9571,19.180099
1508906434,262.7830167,-75.47622337,0.051122501,,19.1628,18.259501
1508906469,262.6713097,-75.44642338,0.315759,,19.554501,18.681299
1508907289,262.6703219,-75.43104991,-0.080088302,,19.195,18.4568
1508907286,262.7463065,-75.43452682,0.222782,,18.754801,17.8878
1508907352,262.7281335,-75.38114159,-0.316035,,19.4638,18.7314
1508907357,262.7505514,-75.37610048,0.54747301,,19.5259,18.639999
1508907369,262.6890611,-75.35161415,-0.240914,,20.3298,19.4291
1508907558,262.7246265,-75.34394081,0.131457,,19.384899,18.6052
1508907578,262.8327712,-75.31657041,0.117894,,19.473801,18.644199
1508908043,262.6924932,-75.24918365,-0.196228,,19.6108,18.716999
1508911348,262.6981261,-75.23733883,-0.102988,,19.2061,18.356501
1508911032,262.8966103,-75.19399751,0.317269,,19.788099,18.920401
1508911372,262.7385653,-75.20482603,0.077760398,,19.504101,18.6199
1508912600,262.8015197,-75.02531557,0.166067,,19.594801,18.789101
1508912638,262.6632126,-74.99071669,-0.042310499,,20.1311,19.238501
1508912655,262.8389076,-75.01512949,0.15556,,19.3622,18.5082
1508912701,262.717899,-74.9783516,0.0149989,,19.972401,19.1444
1508912721,262.6700408,-74.95346653,0.33030301,,18.4806,17.617901
1508913038,262.7074438,-74.8618142,-0.112649,,19.5714,18.6891
1508926267,262.705907,-74.82354221,0.45418301,,19.699699,18.8388
1508926372,262.6201473,-74.81026773,0.112143,,19.8104,19.058901
1508926585,262.7415349,-74.73478402,-0.064898901,,19.3312,18.522301
1508926689,262.7967072,-74.68040008,-0.240521,,19.5979,18.754601
1508926801,262.702856,-74.66252249,-0.180663,,19.334999,18.460899
1508927628,262.698091,-74.6257347,0.54867899,,19.243999,18.3689
1508927616,262.7932371,-74.56979696,-0.37033901,,19.6556,18.926399
1508927657,262.6516319,-74.59845206,0.25119099,,18.7901,18.0221
1508927653,262.6748661,-74.60432944,-0.176365,,19.7577,18.877399
1508927726,262.6629395,-74.55876307,0.15917,,18.8102,17.991899
1508927736,262.7277084,-74.54740678,-0.38094199,,19.7272,18.923201
1508927979,262.7669736,-74.51897099,0.25168201,,19.4072,18.5432
1508927981,262.7658307,-74.50953696,0.23952401,,19.478701,18.5951
1508931556,262.7332506,-74.44259579,0.399048,,19.128599,18.243601
1508931572,262.7849214,-74.41170264,-0.48271599,,20.553101,19.673599
1508931605,262.6467577,-74.39482837,-0.0054627499,,19.097,18.236401
1508860356,262.7385355,-75.92487787,-0.0308834,,19.794901,18.955601
1508860360,262.7337571,-75.91438791,0.250076,,19.2848,18.3459
1508860435,262.7228974,-75.85899103,0.198956,,18.8918,18.118299
1508861256,262.8644477,-75.84369886,-0.091094397,,19.204399,18.4198
1508861344,262.7885239,-75.75989674,-0.135524,,19.9879,19.101601
1508861591,263.0193527,-75.74419249,0.33540499,,19.0361,18.1647
1508861598,263.0603888,-75.73154092,-0.29534501,,19.7973,18.9228
1508861583,262.8059785,-75.73092974,0.19179,,20.120899,19.242599
1508861636,262.8284541,-75.70331756,-0.119099,,20.2927,19.488199
1508861637,262.821231,-75.69135232,0.0042100502,,19.687099,18.8545
1508906042,262.7920016,-75.61962799,-0.179562,,19.7199,18.7934
1508906104,262.8329671,-75.61563362,-0.123745,,20.3032,19.395201
1508906341,262.7433627,-75.53355574,0.19104099,,19.2036,18.3633
1508906342,262.8441113,-75.53471377,-0.100535,,19.9785,19.0919
1508906343,262.8731265,-75.52452811,0.26982999,,18.107599,17.452999
311860535,262.6094052,-74.22418905,1.32604,,13.6634,12.8598
311792446,262.1068757,-75.82994461,0.860645,,13.6478,12.8047
311792816,261.8678933,-75.39173331,1.42193,,12.8788,12.0188
311793399,261.8095223,-74.81063798,1.70834,,13.6091,12.8378
311793512,261.8866575,-74.70353584,2.11077,,11.1839,10.5267
311793533,261.7800739,-74.67667304,1.12582,,12.7444,12.1309
311859678,262.8930684,-75.07143168,1.77244,,13.5205,12.6468
311859760,262.5956374,-74.99266478,2.9739499,,11.3384,10.5846
311860205,262.8141538,-74.54085213,1.11887,,13.1014,12.3811
373013550,263.9133717,-75.95785036,1.79434,,13.0494,12.2532
373013581,263.7281283,-75.92319688,2.2638199,,11.6509,10.9712
373013792,263.8036637,-75.63008236,3.5791099,,11.6559,10.8549
311701537,262.0039006,-75.99833441,0.91869301,,15.3758,14.4735
311792423,261.7836248,-75.85926823,0.74390799,,15.1438,14.2153
311793618,262.1110317,-74.59282249,0.342675,,16.789,15.9322
311793873,261.9375358,-74.35420866,0.36108899,,16.746401,15.9043
311794035,262.0229857,-74.21398932,0.39883199,,16.9258,16.0851
311794052,261.9196907,-74.19577699,0.388771,,16.375799,15.6385
311794074,262.0270664,-74.17676616,0.422396,,16.749901,15.9194
311860046,262.6450409,-74.69967252,0.911726,,14.1236,13.3035
311860252,262.5662292,-74.48625511,0.40951601,,16.4953,15.6304
373013871,263.9741225,-75.50440146,0.68467897,,15.6421,14.7237
311792646,261.9370723,-75.59840925,1.05328,,14.0401,13.1304
311793370,261.9315869,-74.84655409,1.52312,,13.8779,12.9944
311793469,261.9255512,-74.74077352,0.74054098,,13.9073,13.1056
311793574,261.9509518,-74.63071588,0.852826,,15.063,14.1653
311794070,261.8354255,-74.18099862,1.18413,,14.3974,13.5929
311794145,262.0371943,-74.10782567,0.77290797,,14.6822,13.823
311859411,262.8282844,-75.341251,0.87992102,,14.8585,14.0011
311860499,262.6159309,-74.25809038,0.38201401,,15.4416,14.6444
311889986,262.9936211,-75.70280777,1.24598,,14.2265,13.317
373013669,263.9167974,-75.79316434,0.76285499,,15.5299,14.6052
311792408,261.8922601,-75.87510615,0.458565,,16.3839,15.4844
311793077,261.9077911,-75.11993366,0.290353,,16.197399,15.3797
311793080,261.8659322,-75.11718512,0.446843,,16.2523,15.3567
311793387,262.0114192,-74.82377693,0.53108102,,16.1194,15.2549
311793779,262.0458873,-74.45372932,0.27034801,,15.3965,14.6542
311793960,261.7323378,-74.27073483,0.58706897,,15.9337,15.1023
311794143,261.9237253,-74.1114953,0.42754799,,16.402399,15.5493
311859618,262.6271709,-75.13195737,0.26394701,,16.428499,15.5595
311860617,262.9068777,-74.14959665,0.35669199,,16.514799,15.6396
311860663,262.559518,-74.11026873,0.355499,,16.342501,15.5282
373013650,263.8856991,-75.81970608,0.44116601,,16.624001,15.7097
311792424,262.0508982,-75.85846234,0.57753098,,15.449,14.5695
311792745,262.0156312,-75.47614761,0.65854001,,15.7443,14.8966
311792848,261.8598844,-75.36028284,0.772973,,15.2253,14.345
311792916,261.8520163,-75.29308151,0.67900503,,15.1613,14.402
311792979,261.8436543,-75.22463564,0.464082,,15.241,14.4725
311793268,261.8159378,-74.94328021,0.73312598,,14.9243,14.1441
311793373,261.8231146,-74.84545056,0.73074502,,13.9626,13.2893
311793874,261.8803172,-74.35415832,0.56054902,,15.6414,14.839
311793958,262.0700721,-74.27178136,0.82794601,,15.6461,14.8003
311794038,261.7599416,-74.2055142,0.43362999,,15.3734,14.5612
311859463,262.7864403,-75.29831146,0.915061,,14.565,13.6792
311859495,262.6626042,-75.26988985,0.48554501,,14.6895,13.9111
311859665,262.7253605,-75.08191698,0.430527,,15.8287,14.9691
311859809,262.7243309,-74.94318485,0.44167599,,16.0208,15.142
311859966,262.9043624,-74.77996759,0.57811201,,15.1767,14.451
311860402,262.834598,-74.36408817,0.68338901,,15.2783,14.4195
311860553,262.6322096,-74.21112132,0.87376702,,14.9618,14.1257
311860570,262.8582066,-74.19557597,0.77491099,,15.6544,14.7913
311889985,263.2059402,-75.70066981,0.66692299,,14.9066,13.9907
373013560,263.8775185,-75.94849353,0.59727103,,15.3581,14.4762
373013759,263.9603144,-75.67633039,0.80686402,,15.562,14.6523
373013867,263.95773,-75.50953402,0.68822998,,15.6021,14.765
373013930,263.9741159,-75.43535672,0.92062002,,14.684,13.8361
373013973,263.9438739,-75.37677463,0.97293198,,14.9524,14.0782
311860448,262.8911824,-74.31394891,0.090894997,,15.834,14.9617
311860694,262.7826579,-74.07902684,1.3369401,,12.7599,12.1844
311860028,262.7094726,-74.71172113,0.71673,,14.1709,13.5278
311792568,261.7315816,-75.69415941,0.63539201,,15.7086,14.7727
311792738,261.9877045,-75.48672239,0.42477,,16.099701,15.2261
311792843,261.9081929,-75.36149431,0.21520001,,17.267599,16.6369
311859659,262.7783284,-75.08605182,0.41528499,,16.8234,15.94
311859874,262.6376529,-74.8803148,0.27375799,,17.228001,16.365
311860099,262.7695266,-74.64874013,0.227631,,16.928699,16.156401
311860251,262.6388317,-74.48995342,0.18782701,,17.194201,16.305901
311860600,262.635816,-74.16289173,0.319718,,16.927999,16.069401
373013519,263.9288364,-75.99199186,0.223831,,17.3246,16.353701
373013534,263.9165898,-75.97706832,0.16157401,,16.754,16.244301
311859825,262.7384313,-74.92300228,0.362537,,16.5879,15.7318
311792420,262.0168514,-75.86276631,0.593615,,16.334299,15.3926
311792674,261.9630897,-75.56017185,0.51477498,,16.027,15.215
311792764,261.8939525,-75.45056614,0.85981297,,15.5089,14.6483
311792951,261.8850919,-75.25659744,0.38930401,,16.5732,15.756
311793238,262.0419586,-74.98009696,0.45565999,,16.4228,15.5332
311793263,261.7441892,-74.94814287,0.378757,,16.506399,15.669
311793764,261.7932387,-74.46783814,0.47666699,,15.6614,14.8534
311793936,261.8099541,-74.29600754,0.393843,,16.375799,15.547
311793938,261.9878337,-74.29287457,0.473867,,16.302,15.4227
311793999,261.9982514,-74.24381513,0.63214701,,16.0921,15.2323
311859616,262.7101261,-75.13337606,0.46952999,,15.7733,14.9796
311859680,262.8555522,-75.07113112,0.28744701,,16.185101,15.3001
311859703,262.9085489,-75.04876142,0.237544,,16.511,15.6326
311859770,262.6971315,-74.98454053,0.54683602,,16.408001,15.5407
311859873,262.6261857,-74.88034679,0.435451,,16.115999,15.2341
373013529,263.8621564,-75.98326943,0.60228801,,15.8266,14.8862
373013865,263.7883521,-75.51196528,0.84679198,,16.0749,15.1972
311859613,262.8308493,-75.137469,0.62361503,,15.5582,14.706
311793959,261.9675412,-74.27174881,0.66533297,,16.1563,15.3259
311859818,262.6298544,-74.9302088,0.303141,,17.0334,16.1555
311792450,261.9274681,-75.828014,0.29139301,,17.4443,16.514099
311792802,261.8741158,-75.40648606,0.27452701,,17.3848,16.4909
311792803,262.054438,-75.40625247,0.31254801,,16.750601,15.9577
311792840,261.9795601,-75.36693941,0.327178,,17.0949,16.212601
311792948,261.9514842,-75.25815985,0.332057,,17.0774,16.1931
311793221,262.0871736,-74.99505116,0.28021601,,17.1572,16.2904
311860096,262.554467,-74.65024974,0.43143299,,17.235901,16.3501
311890106,263.102068,-75.83780948,0.317532,,17.16,16.2243
373013815,263.7450517,-75.58093224,0.39576101,,17.317801,16.418699
311792744,261.9168982,-75.47994171,0.27052599,,16.908899,16.031401
311859412,262.6171755,-75.33970347,0.141221,,16.989201,16.1401
311860023,262.8293579,-74.71602065,0.32230201,,16.7873,15.9168
373013546,263.8896995,-75.96327734,0.38024801,,16.967899,16.0166
311890060,263.0575768,-75.78787383,0.297135,,17.5879,16.6607
373013923,264.0112408,-75.44199042,0.290012,,17.989599,17.069
311701538,262.1069051,-75.9961184,0.352972,,17.5222,16.580299
311793008,261.9450028,-75.18542848,0.262119,,17.615601,16.8134
311793313,262.0303826,-74.8936843,0.39032799,,17.6446,16.753
311794235,261.863796,-74.02918179,0.34110701,,17.454901,16.5986
311859514,262.5397518,-75.24282497,0.0094275903,,17.4352,16.5868
311859872,262.763708,-74.88059072,0.48682699,,17.5513,16.689899
311859922,262.7949306,-74.82655373,0.38778299,,17.324301,16.5539
311860026,262.7624405,-74.71252292,0.35781601,,17.2096,16.3221
311860049,262.7424735,-74.6967621,0.298089,,17.3246,16.492201
311890209,263.2883759,-75.96402394,0.359934,,17.5158,16.554501
311889990,262.9612554,-75.70633214,0.116631,,17.594801,16.7236
373013557,263.7645091,-75.95043325,0.48152801,,17.7365,16.8029
373013651,263.9805604,-75.81639589,0.217289,,17.898199,16.962799
373013699,263.8472841,-75.75764514,0.355856,,17.349199,16.4217
373013918,263.9413824,-75.45102321,0.15216,,17.561501,16.779699
373014014,263.7890774,-75.32253165,0.33176401,,17.352699,16.5835
311792370,261.9310878,-75.91586371,0.243844,,17.9715,17.0359
311792449,261.9860393,-75.82895128,0.322056,,17.438999,16.5916
311792468,262.0442225,-75.81110284,-0.0102496,,17.758699,16.938101
311792474,262.0237599,-75.80354826,0.072625503,,17.806299,16.928699
311792914,261.8375484,-75.29583558,0.072603099,,17.570999,16.999599
311793155,261.9466879,-75.04825737,0.13794801,,17.927299,17.057301
311793237,261.8909564,-74.98077973,0.225584,,18.0762,17.178801
311793615,261.9655973,-74.59586721,0.18013901,,18.209299,17.4006
311794037,261.9239452,-74.2108453,0.15988301,,17.8188,17.1751
311794112,261.9729789,-74.13773115,0.080253102,,17.9013,17.073099
311794147,261.965276,-74.1059355,0.201225,,17.9123,17.0431
311859512,262.8471538,-75.2458308,0.062791601,,17.4858,16.699301
311859929,262.5784725,-74.81811664,0.34830901,,17.619499,16.819401
311860048,262.5638419,-74.69689243,0.29691499,,18.346399,17.480801
311860449,262.8123754,-74.31300995,-0.050133899,,18.1362,17.2752
311860609,262.6088755,-74.15460019,0.327292,,17.879,17.047701
311890058,263.1481567,-75.78437284,0.22092,,17.784599,16.8932
373013833,263.7848128,-75.55294579,-0.058954101,,18.198601,17.2819
373013965,263.8610242,-75.39013169,0.276122,,18.0333,17.122101
373014453,264.1143613,-74.77966751,0.31677499,,18.167101,17.306299
311860102,262.8936494,-74.64704567,0.34871399,,17.7215,16.9436
311793577,261.8344168,-74.62761666,0.50372499,,17.990499,17.0861
311794039,261.7380596,-74.20538028,0.28957099,,17.5693,16.7176
311859781,262.7937782,-74.97633387,0.12989999,,17.6863,16.9708
311860097,262.7100363,-74.64936323,0.284942,,17.388599,16.633101
311860597,262.5339592,-74.1671856,0.25785801,,17.3256,16.5196
311889991,263.1667916,-75.70797318,0.276057,,17.3295,16.393299
373013582,263.8253955,-75.92082127,0.28443801,,17.663401,16.7167
311860027,262.7382357,-74.711861,0.334656,,17.7372,16.9112
311792367,261.8204255,-75.9190381,0.33142999,,18.196199,17.3248
311792372,261.700033,-75.91343406,0.21243501,,17.929701,17.044701
311792421,261.7819476,-75.86082609,0.30997801,,17.5114,16.6469
311792570,261.9360715,-75.68925202,0.264222,,17.7792,16.8627
311793206,261.8894294,-75.00989416,0.285979,,18.068001,17.1682
311793576,261.8612962,-74.62928572,0.29375201,,18.1744,17.356501
311859821,262.7705038,-74.92826545,0.148876,,18.365601,17.469999
311860385,262.8627846,-74.37689563,0.30223,,17.8493,17.0082
311860538,262.6607198,-74.22344516,0.246984,,18.0137,17.129999
373013542,263.870845,-75.96546857,0.066361196,,18.0408,17.0774
373013972,263.8297387,-75.37793459,0.153381,,17.4072,16.633801
311792478,262.0595051,-75.79650661,0.23464,,18.0487,17.142
311792672,261.9677026,-75.56560966,0.121456,,17.135201,16.6698
311859676,262.517245,-75.07390436,0.133959,,18.188801,17.3304
311859904,262.6046683,-74.84604642,-0.161438,,18.067301,17.2775
373013868,263.8650273,-75.50860587,0.31539601,,17.9107,16.9688
1508903801,263.8694495,-75.38953136,0.20251,,18.703899,17.8846
1508903824,263.815414,-75.36087455,0.112387,,18.5026,17.789801
1508904491,263.7553262,-75.25678638,0.224987,,18.1182,17.2122
1508905394,263.7269778,-75.17422944,0.084305197,,18.7495,17.893101
1508905588,263.8004955,-75.13795146,0.103918,,18.707399,17.8904
1508905690,263.8189652,-75.04984748,0.231977,,18.27,17.374599
1508919157,263.7125291,-74.92085882,0.0073196501,,18.5609,17.694099
1508919232,263.7609424,-74.87135314,0.22653399,,18.365499,17.519699
1508920037,263.8720721,-74.84312976,0.29093501,,18.211901,17.317699
1508920071,263.7819483,-74.80142279,0.058793101,,18.7183,17.8419
1508920125,263.7938042,-74.78351891,0.24699,,18.470699,17.6091
1508920141,263.7795026,-74.75860922,-0.062890202,,18.422199,17.533199
1508920143,263.814914,-74.76506795,-0.075408302,,18.9821,18.098801
1508920144,263.7886609,-74.7560497,-0.29193601,,19.2934,18.4062
1508920379,263.8225024,-74.70038898,0.0086086402,,18.245501,17.5275
1508920449,263.8524164,-74.68902222,-0.16657101,,18.5501,17.9212
1508924222,263.8702733,-74.51658877,0.246766,,18.2616,17.4526
1508925181,263.8808131,-74.42220746,0.128535,,18.2988,17.429199
1508925495,263.7809025,-74.33278655,0.15826701,,18.4585,17.726
1508925471,263.8513015,-74.35454167,-0.096182197,,18.6831,17.992201
1508925474,263.816329,-74.34408795,0.12039,,19.0655,18.187599
1508925577,263.822019,-74.28794634,0.0373854,,18.426901,17.558001
1508997955,263.7605963,-74.17358338,0.12609801,,18.9331,18.033001
1508997956,263.7778222,-74.17156765,0.13196699,,18.3158,17.4354
1508997978,263.7982775,-74.15286049,0.354902,,18.122601,17.223801
1508998223,263.8522802,-74.14559091,-0.64359498,,19.3183,18.4669
1508904022,263.9258325,-75.32589119,0.24787299,,18.7686,17.957701
1508904027,263.9136052,-75.31023935,0.17855699,,19.194401,18.2836
1508904411,263.732793,-75.32344047,-0.196436,,20.795401,19.874201
1508904431,263.7294306,-75.28279735,0.44218001,,18.811899,17.8958
1508904432,263.7490464,-75.2808821,0.0190708,,20.2731,19.443199
1508904488,263.7167199,-75.25669938,-0.047482699,,19.642,18.766399
1508905284,263.8326298,-75.22673964,-0.078833997,,19.962601,19.286301
1508905306,263.7878901,-75.20773794,0.484525,,19.258801,18.3808
1508905307,263.7729053,-75.20078475,-0.058724299,,19.3486,18.475201
1508905369,263.7909813,-75.18520352,0.23996399,,19.4865,18.677999
1508905601,263.8902829,-75.11741916,-0.42618701,,20.2449,19.5453
1508905602,263.8685149,-75.11528311,0.045376401,,19.270599,18.4037
1508905603,263.8912352,-75.1142945,-0.151503,,19.734699,18.862
1508905589,263.7653513,-75.13126032,0.36927599,,19.146299,18.358999
